review_id,text,sentiment,rating
1,"Great product, love it! Great product, love it! Great product, love it! ",positive,5
2,"It is okay, nothing special. It is okay, nothing special. ",neutral,3
3,"Terrible quality, waste of money. Terrible quality, waste of money. Terrible quality, waste of money. ",negative,1
4,"Terrible quality, waste of money. Terrible quality, waste of money. Terrible quality, waste of money. ",negative,1
5,"Great product, love it! Great product, love it! ",positive,5
6,"Great product, love it! Great product, love it! Great product, love it! Great product, love it! ",positive,5
7,"Great product, love it! Great product, love it! Great product, love it! ",positive,5
8,"It is okay, nothing special. ",neutral,3
9,"Terrible quality, waste of money. Terrible quality, waste of money. Terrible quality, waste of money. ",negative,1
10,"Terrible quality, waste of money. ",negative,1
11,"Great product, love it! Great product, love it! Great product, love it! Great product, love it! ",positive,5
12,"It is okay, nothing special. ",neutral,3
13,"It is okay, nothing special. ",neutral,3
14,"Great product, love it! ",positive,5
15,"Great product, love it! Great product, love it! Great product, love it! ",positive,5
16,"Great product, love it! Great product, love it! Great product, love it! ",positive,5
17,"Great product, love it! Great product, love it! Great product, love it! Great product, love it! ",positive,5
18,"Terrible quality, waste of money. Terrible quality, waste of money. Terrible quality, waste of money. ",negative,1
19,"Great product, love it! Great product, love it! ",positive,5
20,"Great product, love it! ",positive,5
21,"Terrible quality, waste of money. Terrible quality, waste of money. Terrible quality, waste of money. ",negative,1
22,"Great product, love it! ",positive,5
23,"Great product, love it! ",positive,5
24,"Great product, love it! ",positive,5
25,"Terrible quality, waste of money. Terrible quality, waste of money. Terrible quality, waste of money. ",negative,1
26,"It is okay, nothing special. ",neutral,3
27,"Great product, love it! ",positive,5
28,"Terrible quality, waste of money. Terrible quality, waste of money. ",negative,1
29,"Terrible quality, waste of money. ",negative,1
30,"Great product, love it! Great product, love it! ",positive,5
31,"Terrible quality, waste of money. ",negative,1
32,"Great product, love it! Great product, love it! Great product, love it! Great product, love it! ",positive,5
33,"Great product, love it! ",positive,5
34,"It is okay, nothing special. ",neutral,3
35,"It is okay, nothing special. ",neutral,3
36,"It is okay, nothing special. It is okay, nothing special. ",neutral,3
37,"Great product, love it! Great product, love it! Great product, love it! Great product, love it! ",positive,5
38,"Great product, love it! Great product, love it! ",positive,5
39,"Terrible quality, waste of money. ",negative,1
40,"Great product, love it! Great product, love it! Great product, love it! ",positive,5
41,"Great product, love it! Great product, love it! Great product, love it! ",positive,5
42,"Terrible quality, waste of money. Terrible quality, waste of money. ",negative,1
43,"Great product, love it! Great product, love it! Great product, love it! ",positive,5
44,"It is okay, nothing special. It is okay, nothing special. ",neutral,3
45,"Great product, love it! Great product, love it! ",positive,5
46,"Terrible quality, waste of money. Terrible quality, waste of money. ",negative,1
47,"Great product, love it! Great product, love it! Great product, love it! Great product, love it! ",positive,5
48,"Terrible quality, waste of money. Terrible quality, waste of money. Terrible quality, waste of money. ",negative,1
49,"Terrible quality, waste of money. Terrible quality, waste of money. ",negative,1
50,"Great product, love it! Great product, love it! ",positive,5
51,"It is okay, nothing special. ",neutral,3
52,"It is okay, nothing special. It is okay, nothing special. ",neutral,3
53,"It is okay, nothing special. It is okay, nothing special. ",neutral,3
54,"It is okay, nothing special. ",neutral,3
55,"Terrible quality, waste of money. ",negative,1
56,"It is okay, nothing special. ",neutral,3
57,"Great product, love it! Great product, love it! ",positive,5
58,"Great product, love it! Great product, love it! Great product, love it! ",positive,5
59,"Great product, love it! Great product, love it! Great product, love it! ",positive,5
60,"Great product, love it! ",positive,5
61,"Great product, love it! Great product, love it! Great product, love it! Great product, love it! ",positive,5
62,"Great product, love it! Great product, love it! Great product, love it! ",positive,5
63,"It is okay, nothing special. It is okay, nothing special. ",neutral,3
64,"Great product, love it! Great product, love it! ",positive,5
65,"Great product, love it! ",positive,5
66,"Terrible quality, waste of money. Terrible quality, waste of money. ",negative,1
67,"Great product, love it! Great product, love it! ",positive,5
68,"It is okay, nothing special. ",neutral,3
69,"Great product, love it! Great product, love it! ",positive,5
70,"It is okay, nothing special. ",neutral,3
71,"It is okay, nothing special. It is okay, nothing special. ",neutral,3
72,"Great product, love it! Great product, love it! ",positive,5
73,"Great product, love it! ",positive,5
74,"It is okay, nothing special. ",neutral,3
75,"Terrible quality, waste of money. Terrible quality, waste of money. ",negative,1
76,"Terrible quality, waste of money. ",negative,1
77,"It is okay, nothing special. It is okay, nothing special. ",neutral,3
78,"Great product, love it! Great product, love it! ",positive,5
79,"Great product, love it! Great product, love it! ",positive,5
80,"Great product, love it! Great product, love it! Great product, love it! Great product, love it! ",positive,5
81,"It is okay, nothing special. ",neutral,3
82,"Terrible quality, waste of money. Terrible quality, waste of money. Terrible quality, waste of money. ",negative,1
83,"Great product, love it! Great product, love it! Great product, love it! ",positive,5
84,"Great product, love it! Great product, love it! Great product, love it! ",positive,5
85,"Great product, love it! ",positive,5
86,"Great product, love it! Great product, love it! Great product, love it! ",positive,5
87,"Terrible quality, waste of money. ",negative,1
88,"Terrible quality, waste of money. Terrible quality, waste of money. ",negative,1
89,"It is okay, nothing special. It is okay, nothing special. ",neutral,3
90,"Terrible quality, waste of money. Terrible quality, waste of money. ",negative,1
91,"Great product, love it! Great product, love it! Great product, love it! ",positive,5
92,"Terrible quality, waste of money. ",negative,1
93,"It is okay, nothing special. It is okay, nothing special. ",neutral,3
94,"Terrible quality, waste of money. Terrible quality, waste of money. ",negative,1
95,"It is okay, nothing special. ",neutral,3
96,"Terrible quality, waste of money. ",negative,1
97,"Terrible quality, waste of money. Terrible quality, waste of money. ",negative,1
98,"Great product, love it! Great product, love it! Great product, love it! Great product, love it! ",positive,5
99,"Great product, love it! ",positive,5
100,"Great product, love it! Great product, love it! ",positive,5
101,"Great product, love it! Great product, love it! Great product, love it! Great product, love it! ",positive,5
102,"Terrible quality, waste of money. Terrible quality, waste of money. ",negative,1
103,"Great product, love it! Great product, love it! ",positive,5
104,"Terrible quality, waste of money. ",negative,1
105,"It is okay, nothing special. It is okay, nothing special. ",neutral,3
106,"Great product, love it! ",positive,5
107,"Great product, love it! Great product, love it! Great product, love it! Great product, love it! ",positive,5
108,"It is okay, nothing special. It is okay, nothing special. ",neutral,3
109,"Great product, love it! Great product, love it! ",positive,5
110,"Great product, love it! Great product, love it! Great product, love it! ",positive,5
111,"Great product, love it! Great product, love it! Great product, love it! Great product, love it! ",positive,5
112,"Great product, love it! Great product, love it! Great product, love it! Great product, love it! ",positive,5
113,"It is okay, nothing special. ",neutral,3
114,"It is okay, nothing special. ",neutral,3
115,"Terrible quality, waste of money. ",negative,1
116,"It is okay, nothing special. ",neutral,3
117,"It is okay, nothing special. It is okay, nothing special. ",neutral,3
118,"Great product, love it! Great product, love it! ",positive,5
119,"It is okay, nothing special. It is okay, nothing special. ",neutral,3
120,"Terrible quality, waste of money. Terrible quality, waste of money. ",negative,1
121,"It is okay, nothing special. ",neutral,3
122,"It is okay, nothing special. It is okay, nothing special. ",neutral,3
123,"Great product, love it! Great product, love it! ",positive,5
124,"Great product, love it! Great product, love it! Great product, love it! Great product, love it! ",positive,5
125,"Great product, love it! Great product, love it! ",positive,5
126,"Great product, love it! Great product, love it! Great product, love it! ",positive,5
127,"It is okay, nothing special. It is okay, nothing special. ",neutral,3
128,"It is okay, nothing special. It is okay, nothing special. ",neutral,3
129,"Great product, love it! Great product, love it! ",positive,5
130,"Terrible quality, waste of money. ",negative,1
131,"Great product, love it! Great product, love it! Great product, love it! ",positive,5
132,"Great product, love it! Great product, love it! ",positive,5
133,"Great product, love it! Great product, love it! ",positive,5
134,"Great product, love it! Great product, love it! Great product, love it! Great product, love it! ",positive,5
135,"It is okay, nothing special. ",neutral,3
136,"Great product, love it! Great product, love it! ",positive,5
137,"Terrible quality, waste of money. ",negative,1
138,"Terrible quality, waste of money. Terrible quality, waste of money. ",negative,1
139,"Great product, love it! ",positive,5
140,"It is okay, nothing special. ",neutral,3
141,"It is okay, nothing special. It is okay, nothing special. ",neutral,3
142,"Great product, love it! Great product, love it! Great product, love it! ",positive,5
143,"Terrible quality, waste of money. ",negative,1
144,"Great product, love it! Great product, love it! Great product, love it! ",positive,5
145,"Great product, love it! Great product, love it! ",positive,5
146,"Great product, love it! Great product, love it! Great product, love it! Great product, love it! ",positive,5
147,"Terrible quality, waste of money. ",negative,1
148,"Terrible quality, waste of money. Terrible quality, waste of money. ",negative,1
149,"Great product, love it! Great product, love it! Great product, love it! ",positive,5
150,"Great product, love it! Great product, love it! ",positive,5
151,"It is okay, nothing special. It is okay, nothing special. ",neutral,3
152,"Great product, love it! ",positive,5
153,"Great product, love it! Great product, love it! Great product, love it! Great product, love it! ",positive,5
154,"Terrible quality, waste of money. Terrible quality, waste of money. ",negative,1
155,"It is okay, nothing special. It is okay, nothing special. ",neutral,3
156,"Great product, love it! Great product, love it! ",positive,5
157,"Terrible quality, waste of money. Terrible quality, waste of money. ",negative,1
158,"It is okay, nothing special. ",neutral,3
159,"Great product, love it! Great product, love it! Great product, love it! ",positive,5
160,"Terrible quality, waste of money. Terrible quality, waste of money. Terrible quality, waste of money. ",negative,1
161,"Great product, love it! Great product, love it! ",positive,5
162,"Terrible quality, waste of money. ",negative,1
163,"Terrible quality, waste of money. Terrible quality, waste of money. ",negative,1
164,"Terrible quality, waste of money. Terrible quality, waste of money. Terrible quality, waste of money. ",negative,1
165,"Great product, love it! ",positive,5
166,"It is okay, nothing special. ",neutral,3
167,"Great product, love it! Great product, love it! Great product, love it! Great product, love it! ",positive,5
168,"Great product, love it! Great product, love it! Great product, love it! ",positive,5
169,"Great product, love it! Great product, love it! Great product, love it! Great product, love it! ",positive,5
170,"Terrible quality, waste of money. ",negative,1
171,"Terrible quality, waste of money. ",negative,1
172,"Great product, love it! Great product, love it! ",positive,5
173,"Terrible quality, waste of money. Terrible quality, waste of money. ",negative,1
174,"Great product, love it! Great product, love it! Great product, love it! ",positive,5
175,"Terrible quality, waste of money. ",negative,1
176,"Great product, love it! ",positive,5
177,"Terrible quality, waste of money. Terrible quality, waste of money. ",negative,1
178,"Great product, love it! Great product, love it! Great product, love it! Great product, love it! ",positive,5
179,"It is okay, nothing special. ",neutral,3
180,"Great product, love it! Great product, love it! Great product, love it! ",positive,5
181,"Great product, love it! Great product, love it! ",positive,5
182,"Great product, love it! ",positive,5
183,"It is okay, nothing special. It is okay, nothing special. ",neutral,3
184,"It is okay, nothing special. It is okay, nothing special. ",neutral,3
185,"Great product, love it! Great product, love it! ",positive,5
186,"Terrible quality, waste of money. Terrible quality, waste of money. ",negative,1
187,"It is okay, nothing special. It is okay, nothing special. ",neutral,3
188,"Terrible quality, waste of money. ",negative,1
189,"Terrible quality, waste of money. Terrible quality, waste of money. ",negative,1
190,"Great product, love it! Great product, love it! Great product, love it! Great product, love it! ",positive,5
191,"Great product, love it! ",positive,5
192,"It is okay, nothing special. It is okay, nothing special. ",neutral,3
193,"It is okay, nothing special. ",neutral,3
194,"Terrible quality, waste of money. ",negative,1
195,"Great product, love it! Great product, love it! Great product, love it! ",positive,5
196,"Great product, love it! Great product, love it! ",positive,5
197,"Terrible quality, waste of money. Terrible quality, waste of money. ",negative,1
198,"It is okay, nothing special. It is okay, nothing special. ",neutral,3
199,"It is okay, nothing special. It is okay, nothing special. ",neutral,3
200,"It is okay, nothing special. ",neutral,3
201,"Terrible quality, waste of money. Terrible quality, waste of money. Terrible quality, waste of money. ",negative,1
202,"Great product, love it! ",positive,5
203,"Great product, love it! Great product, love it! Great product, love it! Great product, love it! ",positive,5
204,"It is okay, nothing special. ",neutral,3
205,"Terrible quality, waste of money. Terrible quality, waste of money. ",negative,1
206,"Great product, love it! Great product, love it! Great product, love it! ",positive,5
207,"Great product, love it! Great product, love it! ",positive,5
208,"Terrible quality, waste of money. ",negative,1
209,"Great product, love it! Great product, love it! ",positive,5
210,"Great product, love it! Great product, love it! Great product, love it! ",positive,5
211,"Terrible quality, waste of money. Terrible quality, waste of money. ",negative,1
212,"Terrible quality, waste of money. Terrible quality, waste of money. Terrible quality, waste of money. ",negative,1
213,"Terrible quality, waste of money. Terrible quality, waste of money. Terrible quality, waste of money. ",negative,1
214,"Great product, love it! Great product, love it! ",positive,5
215,"Terrible quality, waste of money. ",negative,1
216,"Great product, love it! Great product, love it! Great product, love it! Great product, love it! ",positive,5
217,"Great product, love it! Great product, love it! Great product, love it! Great product, love it! ",positive,5
218,"Terrible quality, waste of money. Terrible quality, waste of money. ",negative,1
219,"Terrible quality, waste of money. ",negative,1
220,"It is okay, nothing special. ",neutral,3
221,"Terrible quality, waste of money. Terrible quality, waste of money. ",negative,1
222,"Terrible quality, waste of money. ",negative,1
223,"Great product, love it! Great product, love it! Great product, love it! Great product, love it! ",positive,5
224,"Great product, love it! ",positive,5
225,"Great product, love it! Great product, love it! ",positive,5
226,"Great product, love it! Great product, love it! ",positive,5
227,"It is okay, nothing special. It is okay, nothing special. ",neutral,3
228,"Great product, love it! ",positive,5
229,"It is okay, nothing special. ",neutral,3
230,"Terrible quality, waste of money. ",negative,1
231,"It is okay, nothing special. ",neutral,3
232,"Terrible quality, waste of money. Terrible quality, waste of money. ",negative,1
233,"Terrible quality, waste of money. Terrible quality, waste of money. Terrible quality, waste of money. ",negative,1
234,"Terrible quality, waste of money. Terrible quality, waste of money. ",negative,1
235,"Great product, love it! Great product, love it! ",positive,5
236,"Terrible quality, waste of money. Terrible quality, waste of money. Terrible quality, waste of money. ",negative,1
237,"Great product, love it! Great product, love it! Great product, love it! Great product, love it! ",positive,5
238,"Great product, love it! Great product, love it! ",positive,5
239,"Terrible quality, waste of money. Terrible quality, waste of money. Terrible quality, waste of money. ",negative,1
240,"Great product, love it! Great product, love it! Great product, love it! Great product, love it! ",positive,5
241,"It is okay, nothing special. It is okay, nothing special. ",neutral,3
242,"It is okay, nothing special. It is okay, nothing special. ",neutral,3
243,"It is okay, nothing special. ",neutral,3
244,"Great product, love it! ",positive,5
245,"Great product, love it! Great product, love it! ",positive,5
246,"It is okay, nothing special. It is okay, nothing special. ",neutral,3
247,"Great product, love it! Great product, love it! ",positive,5
248,"It is okay, nothing special. ",neutral,3
249,"It is okay, nothing special. ",neutral,3
250,"It is okay, nothing special. ",neutral,3
251,"Great product, love it! Great product, love it! ",positive,5
252,"Great product, love it! Great product, love it! ",positive,5
253,"It is okay, nothing special. It is okay, nothing special. ",neutral,3
254,"Great product, love it! Great product, love it! Great product, love it! Great product, love it! ",positive,5
255,"Great product, love it! Great product, love it! Great product, love it! Great product, love it! ",positive,5
256,"Terrible quality, waste of money. Terrible quality, waste of money. Terrible quality, waste of money. ",negative,1
257,"It is okay, nothing special. It is okay, nothing special. ",neutral,3
258,"Terrible quality, waste of money. Terrible quality, waste of money. ",negative,1
259,"Terrible quality, waste of money. ",negative,1
260,"Great product, love it! Great product, love it! Great product, love it! Great product, love it! ",positive,5
261,"Terrible quality, waste of money. Terrible quality, waste of money. Terrible quality, waste of money. ",negative,1
262,"It is okay, nothing special. ",neutral,3
263,"Great product, love it! ",positive,5
264,"Terrible quality, waste of money. ",negative,1
265,"It is okay, nothing special. ",neutral,3
266,"Terrible quality, waste of money. Terrible quality, waste of money. ",negative,1
267,"Terrible quality, waste of money. ",negative,1
268,"Terrible quality, waste of money. ",negative,1
269,"Great product, love it! ",positive,5
270,"Great product, love it! Great product, love it! ",positive,5
271,"It is okay, nothing special. It is okay, nothing special. ",neutral,3
272,"It is okay, nothing special. ",neutral,3
273,"It is okay, nothing special. It is okay, nothing special. ",neutral,3
274,"It is okay, nothing special. It is okay, nothing special. ",neutral,3
275,"Terrible quality, waste of money. Terrible quality, waste of money. Terrible quality, waste of money. ",negative,1
276,"Terrible quality, waste of money. Terrible quality, waste of money. Terrible quality, waste of money. ",negative,1
277,"It is okay, nothing special. It is okay, nothing special. ",neutral,3
278,"Terrible quality, waste of money. Terrible quality, waste of money. Terrible quality, waste of money. ",negative,1
279,"Terrible quality, waste of money. Terrible quality, waste of money. Terrible quality, waste of money. ",negative,1
280,"It is okay, nothing special. ",neutral,3
281,"It is okay, nothing special. It is okay, nothing special. ",neutral,3
282,"Great product, love it! Great product, love it! Great product, love it! Great product, love it! ",positive,5
283,"Great product, love it! ",positive,5
284,"Great product, love it! Great product, love it! ",positive,5
285,"Terrible quality, waste of money. ",negative,1
286,"Great product, love it! Great product, love it! Great product, love it! Great product, love it! ",positive,5
287,"Terrible quality, waste of money. Terrible quality, waste of money. Terrible quality, waste of money. ",negative,1
288,"Terrible quality, waste of money. Terrible quality, waste of money. ",negative,1
289,"Great product, love it! ",positive,5
290,"Terrible quality, waste of money. ",negative,1
291,"Great product, love it! Great product, love it! Great product, love it! ",positive,5
292,"Great product, love it! ",positive,5
293,"It is okay, nothing special. ",neutral,3
294,"Great product, love it! Great product, love it! Great product, love it! Great product, love it! ",positive,5
295,"Great product, love it! ",positive,5
296,"Terrible quality, waste of money. ",negative,1
297,"It is okay, nothing special. ",neutral,3
298,"Great product, love it! Great product, love it! Great product, love it! ",positive,5
299,"Terrible quality, waste of money. Terrible quality, waste of money. Terrible quality, waste of money. ",negative,1
300,"Great product, love it! Great product, love it! Great product, love it! Great product, love it! ",positive,5
301,"Great product, love it! ",positive,5
302,"Terrible quality, waste of money. Terrible quality, waste of money. Terrible quality, waste of money. ",negative,1
303,"Terrible quality, waste of money. Terrible quality, waste of money. Terrible quality, waste of money. ",negative,1
304,"Terrible quality, waste of money. Terrible quality, waste of money. ",negative,1
305,"Terrible quality, waste of money. ",negative,1
306,"It is okay, nothing special. ",neutral,3
307,"Terrible quality, waste of money. Terrible quality, waste of money. Terrible quality, waste of money. ",negative,1
308,"Great product, love it! ",positive,5
309,"It is okay, nothing special. It is okay, nothing special. ",neutral,3
310,"Great product, love it! ",positive,5
311,"Great product, love it! Great product, love it! Great product, love it! Great product, love it! ",positive,5
312,"Great product, love it! Great product, love it! Great product, love it! Great product, love it! ",positive,5
313,"Great product, love it! Great product, love it! ",positive,5
314,"It is okay, nothing special. ",neutral,3
315,"It is okay, nothing special. It is okay, nothing special. ",neutral,3
316,"Terrible quality, waste of money. ",negative,1
317,"Great product, love it! Great product, love it! Great product, love it! Great product, love it! ",positive,5
318,"Great product, love it! ",positive,5
319,"Great product, love it! Great product, love it! Great product, love it! Great product, love it! ",positive,5
320,"Great product, love it! ",positive,5
321,"Terrible quality, waste of money. Terrible quality, waste of money. ",negative,1
322,"Terrible quality, waste of money. Terrible quality, waste of money. ",negative,1
323,"Terrible quality, waste of money. Terrible quality, waste of money. Terrible quality, waste of money. ",negative,1
324,"Great product, love it! ",positive,5
325,"It is okay, nothing special. It is okay, nothing special. ",neutral,3
326,"Terrible quality, waste of money. Terrible quality, waste of money. ",negative,1
327,"Terrible quality, waste of money. Terrible quality, waste of money. ",negative,1
328,"Terrible quality, waste of money. ",negative,1
329,"Great product, love it! Great product, love it! Great product, love it! ",positive,5
330,"Great product, love it! Great product, love it! ",positive,5
331,"Great product, love it! ",positive,5
332,"It is okay, nothing special. It is okay, nothing special. ",neutral,3
333,"Great product, love it! Great product, love it! ",positive,5
334,"Great product, love it! Great product, love it! ",positive,5
335,"Great product, love it! Great product, love it! Great product, love it! ",positive,5
336,"Great product, love it! Great product, love it! ",positive,5
337,"It is okay, nothing special. It is okay, nothing special. ",neutral,3
338,"Terrible quality, waste of money. ",negative,1
339,"Terrible quality, waste of money. ",negative,1
340,"Great product, love it! Great product, love it! Great product, love it! ",positive,5
341,"Terrible quality, waste of money. ",negative,1
342,"Terrible quality, waste of money. ",negative,1
343,"Great product, love it! Great product, love it! Great product, love it! Great product, love it! ",positive,5
344,"Great product, love it! Great product, love it! Great product, love it! ",positive,5
345,"Great product, love it! Great product, love it! ",positive,5
346,"Terrible quality, waste of money. Terrible quality, waste of money. Terrible quality, waste of money. ",negative,1
347,"Terrible quality, waste of money. ",negative,1
348,"Great product, love it! Great product, love it! Great product, love it! ",positive,5
349,"Great product, love it! Great product, love it! ",positive,5
350,"Terrible quality, waste of money. Terrible quality, waste of money. Terrible quality, waste of money. ",negative,1
351,"Terrible quality, waste of money. ",negative,1
352,"It is okay, nothing special. ",neutral,3
353,"Terrible quality, waste of money. Terrible quality, waste of money. Terrible quality, waste of money. ",negative,1
354,"Great product, love it! Great product, love it! ",positive,5
355,"Great product, love it! Great product, love it! Great product, love it! ",positive,5
356,"Terrible quality, waste of money. Terrible quality, waste of money. ",negative,1
357,"Great product, love it! Great product, love it! Great product, love it! Great product, love it! ",positive,5
358,"Terrible quality, waste of money. Terrible quality, waste of money. ",negative,1
359,"It is okay, nothing special. It is okay, nothing special. ",neutral,3
360,"Terrible quality, waste of money. Terrible quality, waste of money. Terrible quality, waste of money. ",negative,1
361,"Great product, love it! Great product, love it! ",positive,5
362,"Terrible quality, waste of money. ",negative,1
363,"Terrible quality, waste of money. Terrible quality, waste of money. Terrible quality, waste of money. ",negative,1
364,"Terrible quality, waste of money. Terrible quality, waste of money. ",negative,1
365,"It is okay, nothing special. It is okay, nothing special. ",neutral,3
366,"Great product, love it! ",positive,5
367,"It is okay, nothing special. ",neutral,3
368,"It is okay, nothing special. ",neutral,3
369,"Great product, love it! ",positive,5
370,"Great product, love it! ",positive,5
371,"Great product, love it! Great product, love it! ",positive,5
372,"Great product, love it! Great product, love it! Great product, love it! ",positive,5
373,"Great product, love it! Great product, love it! Great product, love it! ",positive,5
374,"Terrible quality, waste of money. Terrible quality, waste of money. ",negative,1
375,"Great product, love it! Great product, love it! Great product, love it! ",positive,5
376,"Great product, love it! ",positive,5
377,"It is okay, nothing special. ",neutral,3
378,"Great product, love it! Great product, love it! ",positive,5
379,"It is okay, nothing special. ",neutral,3
380,"Great product, love it! Great product, love it! ",positive,5
381,"Great product, love it! Great product, love it! Great product, love it! Great product, love it! ",positive,5
382,"Terrible quality, waste of money. ",negative,1
383,"Terrible quality, waste of money. ",negative,1
384,"It is okay, nothing special. ",neutral,3
385,"Terrible quality, waste of money. ",negative,1
386,"It is okay, nothing special. It is okay, nothing special. ",neutral,3
387,"Great product, love it! Great product, love it! Great product, love it! ",positive,5
388,"Great product, love it! Great product, love it! Great product, love it! Great product, love it! ",positive,5
389,"It is okay, nothing special. It is okay, nothing special. ",neutral,3
390,"It is okay, nothing special. It is okay, nothing special. ",neutral,3
391,"It is okay, nothing special. It is okay, nothing special. ",neutral,3
392,"Great product, love it! Great product, love it! Great product, love it! Great product, love it! ",positive,5
393,"Great product, love it! ",positive,5
394,"It is okay, nothing special. It is okay, nothing special. ",neutral,3
395,"Great product, love it! Great product, love it! ",positive,5
396,"It is okay, nothing special. ",neutral,3
397,"It is okay, nothing special. ",neutral,3
398,"Great product, love it! Great product, love it! Great product, love it! Great product, love it! ",positive,5
399,"It is okay, nothing special. It is okay, nothing special. ",neutral,3
400,"It is okay, nothing special. ",neutral,3
401,"Great product, love it! Great product, love it! Great product, love it! Great product, love it! ",positive,5
402,"It is okay, nothing special. ",neutral,3
403,"Terrible quality, waste of money. Terrible quality, waste of money. Terrible quality, waste of money. ",negative,1
404,"It is okay, nothing special. It is okay, nothing special. ",neutral,3
405,"Great product, love it! Great product, love it! Great product, love it! ",positive,5
406,"It is okay, nothing special. It is okay, nothing special. ",neutral,3
407,"Great product, love it! Great product, love it! ",positive,5
408,"Great product, love it! Great product, love it! ",positive,5
409,"It is okay, nothing special. ",neutral,3
410,"Great product, love it! Great product, love it! ",positive,5
411,"Great product, love it! ",positive,5
412,"It is okay, nothing special. It is okay, nothing special. ",neutral,3
413,"It is okay, nothing special. It is okay, nothing special. ",neutral,3
414,"Terrible quality, waste of money. Terrible quality, waste of money. Terrible quality, waste of money. ",negative,1
415,"Terrible quality, waste of money. Terrible quality, waste of money. ",negative,1
416,"Great product, love it! Great product, love it! Great product, love it! Great product, love it! ",positive,5
417,"Great product, love it! ",positive,5
418,"Great product, love it! Great product, love it! Great product, love it! ",positive,5
419,"Terrible quality, waste of money. ",negative,1
420,"It is okay, nothing special. It is okay, nothing special. ",neutral,3
421,"It is okay, nothing special. ",neutral,3
422,"It is okay, nothing special. ",neutral,3
423,"Great product, love it! Great product, love it! ",positive,5
424,"Terrible quality, waste of money. ",negative,1
425,"Great product, love it! Great product, love it! Great product, love it! Great product, love it! ",positive,5
426,"Terrible quality, waste of money. Terrible quality, waste of money. Terrible quality, waste of money. ",negative,1
427,"Great product, love it! Great product, love it! ",positive,5
428,"It is okay, nothing special. ",neutral,3
429,"Great product, love it! Great product, love it! Great product, love it! ",positive,5
430,"Great product, love it! Great product, love it! Great product, love it! ",positive,5
431,"Great product, love it! Great product, love it! Great product, love it! ",positive,5
432,"It is okay, nothing special. It is okay, nothing special. ",neutral,3
433,"Terrible quality, waste of money. Terrible quality, waste of money. Terrible quality, waste of money. ",negative,1
434,"Great product, love it! Great product, love it! Great product, love it! ",positive,5
435,"Great product, love it! Great product, love it! ",positive,5
436,"Terrible quality, waste of money. Terrible quality, waste of money. Terrible quality, waste of money. ",negative,1
437,"Great product, love it! Great product, love it! Great product, love it! Great product, love it! ",positive,5
438,"It is okay, nothing special. ",neutral,3
439,"Terrible quality, waste of money. Terrible quality, waste of money. ",negative,1
440,"Great product, love it! Great product, love it! Great product, love it! Great product, love it! ",positive,5
441,"Great product, love it! ",positive,5
442,"It is okay, nothing special. ",neutral,3
443,"Great product, love it! ",positive,5
444,"Great product, love it! Great product, love it! Great product, love it! ",positive,5
445,"It is okay, nothing special. ",neutral,3
446,"It is okay, nothing special. It is okay, nothing special. ",neutral,3
447,"It is okay, nothing special. It is okay, nothing special. ",neutral,3
448,"It is okay, nothing special. It is okay, nothing special. ",neutral,3
449,"Great product, love it! Great product, love it! ",positive,5
450,"Great product, love it! Great product, love it! Great product, love it! Great product, love it! ",positive,5
451,"It is okay, nothing special. It is okay, nothing special. ",neutral,3
452,"Terrible quality, waste of money. Terrible quality, waste of money. Terrible quality, waste of money. ",negative,1
453,"Great product, love it! Great product, love it! ",positive,5
454,"It is okay, nothing special. ",neutral,3
455,"Great product, love it! Great product, love it! ",positive,5
456,"Terrible quality, waste of money. Terrible quality, waste of money. ",negative,1
457,"Great product, love it! ",positive,5
458,"Terrible quality, waste of money. Terrible quality, waste of money. ",negative,1
459,"Great product, love it! Great product, love it! Great product, love it! ",positive,5
460,"Great product, love it! Great product, love it! Great product, love it! Great product, love it! ",positive,5
461,"Great product, love it! ",positive,5
462,"Terrible quality, waste of money. Terrible quality, waste of money. Terrible quality, waste of money. ",negative,1
463,"Terrible quality, waste of money. ",negative,1
464,"Terrible quality, waste of money. Terrible quality, waste of money. Terrible quality, waste of money. ",negative,1
465,"It is okay, nothing special. It is okay, nothing special. ",neutral,3
466,"Great product, love it! Great product, love it! Great product, love it! ",positive,5
467,"Great product, love it! Great product, love it! ",positive,5
468,"It is okay, nothing special. ",neutral,3
469,"Great product, love it! Great product, love it! ",positive,5
470,"It is okay, nothing special. ",neutral,3
471,"Great product, love it! Great product, love it! Great product, love it! Great product, love it! ",positive,5
472,"It is okay, nothing special. ",neutral,3
473,"Great product, love it! Great product, love it! Great product, love it! ",positive,5
474,"It is okay, nothing special. It is okay, nothing special. ",neutral,3
475,"Terrible quality, waste of money. ",negative,1
476,"It is okay, nothing special. ",neutral,3
477,"Great product, love it! Great product, love it! Great product, love it! ",positive,5
478,"Terrible quality, waste of money. ",negative,1
479,"It is okay, nothing special. It is okay, nothing special. ",neutral,3
480,"Terrible quality, waste of money. ",negative,1
481,"Terrible quality, waste of money. ",negative,1
482,"Terrible quality, waste of money. Terrible quality, waste of money. Terrible quality, waste of money. ",negative,1
483,"Terrible quality, waste of money. Terrible quality, waste of money. ",negative,1
484,"Terrible quality, waste of money. ",negative,1
485,"Terrible quality, waste of money. Terrible quality, waste of money. ",negative,1
486,"It is okay, nothing special. It is okay, nothing special. ",neutral,3
487,"Great product, love it! Great product, love it! ",positive,5
488,"Great product, love it! Great product, love it! Great product, love it! Great product, love it! ",positive,5
489,"It is okay, nothing special. It is okay, nothing special. ",neutral,3
490,"It is okay, nothing special. It is okay, nothing special. ",neutral,3
491,"Terrible quality, waste of money. Terrible quality, waste of money. Terrible quality, waste of money. ",negative,1
492,"Terrible quality, waste of money. ",negative,1
493,"Great product, love it! Great product, love it! Great product, love it! Great product, love it! ",positive,5
494,"Great product, love it! Great product, love it! Great product, love it! ",positive,5
495,"Terrible quality, waste of money. ",negative,1
496,"Great product, love it! Great product, love it! Great product, love it! Great product, love it! ",positive,5
497,"Terrible quality, waste of money. ",negative,1
498,"Great product, love it! Great product, love it! Great product, love it! Great product, love it! ",positive,5
499,"It is okay, nothing special. ",neutral,3
500,"It is okay, nothing special. It is okay, nothing special. ",neutral,3
501,"Terrible quality, waste of money. Terrible quality, waste of money. ",negative,1
502,"Terrible quality, waste of money. ",negative,1
503,"Great product, love it! Great product, love it! Great product, love it! ",positive,5
504,"It is okay, nothing special. It is okay, nothing special. ",neutral,3
505,"Terrible quality, waste of money. Terrible quality, waste of money. ",negative,1
506,"Great product, love it! ",positive,5
507,"It is okay, nothing special. ",neutral,3
508,"It is okay, nothing special. ",neutral,3
509,"It is okay, nothing special. ",neutral,3
510,"Terrible quality, waste of money. Terrible quality, waste of money. ",negative,1
511,"Terrible quality, waste of money. Terrible quality, waste of money. ",negative,1
512,"Great product, love it! Great product, love it! ",positive,5
513,"It is okay, nothing special. It is okay, nothing special. ",neutral,3
514,"It is okay, nothing special. ",neutral,3
515,"Great product, love it! Great product, love it! Great product, love it! Great product, love it! ",positive,5
516,"Great product, love it! Great product, love it! Great product, love it! Great product, love it! ",positive,5
517,"Great product, love it! Great product, love it! Great product, love it! ",positive,5
518,"It is okay, nothing special. ",neutral,3
519,"It is okay, nothing special. It is okay, nothing special. ",neutral,3
520,"Great product, love it! ",positive,5
521,"Terrible quality, waste of money. ",negative,1
522,"Great product, love it! Great product, love it! Great product, love it! ",positive,5
523,"It is okay, nothing special. It is okay, nothing special. ",neutral,3
524,"It is okay, nothing special. ",neutral,3
525,"It is okay, nothing special. It is okay, nothing special. ",neutral,3
526,"Terrible quality, waste of money. ",negative,1
527,"Great product, love it! ",positive,5
528,"Great product, love it! ",positive,5
529,"Great product, love it! ",positive,5
530,"It is okay, nothing special. ",neutral,3
531,"It is okay, nothing special. It is okay, nothing special. ",neutral,3
532,"It is okay, nothing special. ",neutral,3
533,"It is okay, nothing special. It is okay, nothing special. ",neutral,3
534,"Terrible quality, waste of money. Terrible quality, waste of money. Terrible quality, waste of money. ",negative,1
535,"It is okay, nothing special. It is okay, nothing special. ",neutral,3
536,"It is okay, nothing special. ",neutral,3
537,"It is okay, nothing special. It is okay, nothing special. ",neutral,3
538,"Great product, love it! Great product, love it! ",positive,5
539,"Terrible quality, waste of money. Terrible quality, waste of money. Terrible quality, waste of money. ",negative,1
540,"Great product, love it! Great product, love it! Great product, love it! ",positive,5
541,"It is okay, nothing special. ",neutral,3
542,"Terrible quality, waste of money. Terrible quality, waste of money. ",negative,1
543,"Great product, love it! ",positive,5
544,"Terrible quality, waste of money. ",negative,1
545,"Terrible quality, waste of money. Terrible quality, waste of money. ",negative,1
546,"Great product, love it! Great product, love it! Great product, love it! Great product, love it! ",positive,5
547,"Great product, love it! ",positive,5
548,"Terrible quality, waste of money. Terrible quality, waste of money. ",negative,1
549,"Terrible quality, waste of money. ",negative,1
550,"It is okay, nothing special. ",neutral,3
551,"Terrible quality, waste of money. ",negative,1
552,"It is okay, nothing special. It is okay, nothing special. ",neutral,3
553,"Terrible quality, waste of money. Terrible quality, waste of money. ",negative,1
554,"Terrible quality, waste of money. Terrible quality, waste of money. ",negative,1
555,"It is okay, nothing special. ",neutral,3
556,"Great product, love it! Great product, love it! ",positive,5
557,"Great product, love it! ",positive,5
558,"Great product, love it! ",positive,5
559,"It is okay, nothing special. ",neutral,3
560,"Terrible quality, waste of money. Terrible quality, waste of money. ",negative,1
561,"Terrible quality, waste of money. Terrible quality, waste of money. Terrible quality, waste of money. ",negative,1
562,"Great product, love it! ",positive,5
563,"Great product, love it! Great product, love it! Great product, love it! Great product, love it! ",positive,5
564,"Great product, love it! Great product, love it! Great product, love it! ",positive,5
565,"Great product, love it! Great product, love it! Great product, love it! Great product, love it! ",positive,5
566,"Terrible quality, waste of money. Terrible quality, waste of money. ",negative,1
567,"Great product, love it! Great product, love it! Great product, love it! ",positive,5
568,"Great product, love it! Great product, love it! Great product, love it! Great product, love it! ",positive,5
569,"It is okay, nothing special. It is okay, nothing special. ",neutral,3
570,"Great product, love it! Great product, love it! ",positive,5
571,"Terrible quality, waste of money. Terrible quality, waste of money. ",negative,1
572,"It is okay, nothing special. ",neutral,3
573,"Great product, love it! Great product, love it! Great product, love it! Great product, love it! ",positive,5
574,"Terrible quality, waste of money. ",negative,1
575,"It is okay, nothing special. It is okay, nothing special. ",neutral,3
576,"It is okay, nothing special. ",neutral,3
577,"Great product, love it! Great product, love it! ",positive,5
578,"It is okay, nothing special. ",neutral,3
579,"Terrible quality, waste of money. Terrible quality, waste of money. ",negative,1
580,"Great product, love it! ",positive,5
581,"Terrible quality, waste of money. ",negative,1
582,"It is okay, nothing special. ",neutral,3
583,"Terrible quality, waste of money. ",negative,1
584,"Great product, love it! ",positive,5
585,"Terrible quality, waste of money. ",negative,1
586,"Great product, love it! Great product, love it! Great product, love it! ",positive,5
587,"Great product, love it! Great product, love it! ",positive,5
588,"Great product, love it! ",positive,5
589,"Great product, love it! Great product, love it! Great product, love it! ",positive,5
590,"Great product, love it! ",positive,5
591,"Great product, love it! Great product, love it! Great product, love it! Great product, love it! ",positive,5
592,"Terrible quality, waste of money. Terrible quality, waste of money. Terrible quality, waste of money. ",negative,1
593,"Great product, love it! ",positive,5
594,"Great product, love it! Great product, love it! Great product, love it! ",positive,5
595,"It is okay, nothing special. ",neutral,3
596,"Terrible quality, waste of money. Terrible quality, waste of money. ",negative,1
597,"Terrible quality, waste of money. ",negative,1
598,"Great product, love it! Great product, love it! Great product, love it! ",positive,5
599,"Great product, love it! Great product, love it! Great product, love it! Great product, love it! ",positive,5
600,"Great product, love it! Great product, love it! Great product, love it! Great product, love it! ",positive,5
601,"Great product, love it! Great product, love it! Great product, love it! Great product, love it! ",positive,5
602,"Great product, love it! ",positive,5
603,"Great product, love it! Great product, love it! ",positive,5
604,"Great product, love it! ",positive,5
605,"Great product, love it! Great product, love it! Great product, love it! Great product, love it! ",positive,5
606,"Terrible quality, waste of money. Terrible quality, waste of money. Terrible quality, waste of money. ",negative,1
607,"Great product, love it! Great product, love it! Great product, love it! Great product, love it! ",positive,5
608,"Great product, love it! Great product, love it! Great product, love it! ",positive,5
609,"Terrible quality, waste of money. Terrible quality, waste of money. ",negative,1
610,"Terrible quality, waste of money. Terrible quality, waste of money. Terrible quality, waste of money. ",negative,1
611,"Great product, love it! ",positive,5
612,"It is okay, nothing special. ",neutral,3
613,"Terrible quality, waste of money. ",negative,1
614,"Great product, love it! Great product, love it! Great product, love it! ",positive,5
615,"It is okay, nothing special. ",neutral,3
616,"It is okay, nothing special. ",neutral,3
617,"Great product, love it! ",positive,5
618,"Great product, love it! Great product, love it! ",positive,5
619,"It is okay, nothing special. ",neutral,3
620,"Terrible quality, waste of money. Terrible quality, waste of money. Terrible quality, waste of money. ",negative,1
621,"Great product, love it! Great product, love it! Great product, love it! Great product, love it! ",positive,5
622,"Great product, love it! Great product, love it! Great product, love it! ",positive,5
623,"Great product, love it! Great product, love it! ",positive,5
624,"Terrible quality, waste of money. Terrible quality, waste of money. Terrible quality, waste of money. ",negative,1
625,"Terrible quality, waste of money. Terrible quality, waste of money. ",negative,1
626,"Great product, love it! Great product, love it! ",positive,5
627,"Terrible quality, waste of money. Terrible quality, waste of money. Terrible quality, waste of money. ",negative,1
628,"Terrible quality, waste of money. ",negative,1
629,"Great product, love it! ",positive,5
630,"Great product, love it! Great product, love it! Great product, love it! ",positive,5
631,"Terrible quality, waste of money. Terrible quality, waste of money. Terrible quality, waste of money. ",negative,1
632,"It is okay, nothing special. It is okay, nothing special. ",neutral,3
633,"Terrible quality, waste of money. Terrible quality, waste of money. Terrible quality, waste of money. ",negative,1
634,"Terrible quality, waste of money. Terrible quality, waste of money. ",negative,1
635,"Great product, love it! Great product, love it! Great product, love it! Great product, love it! ",positive,5
636,"Great product, love it! Great product, love it! Great product, love it! ",positive,5
637,"Terrible quality, waste of money. ",negative,1
638,"Great product, love it! ",positive,5
639,"Great product, love it! Great product, love it! Great product, love it! ",positive,5
640,"Great product, love it! Great product, love it! ",positive,5
641,"Great product, love it! ",positive,5
642,"Great product, love it! Great product, love it! ",positive,5
643,"Great product, love it! Great product, love it! Great product, love it! ",positive,5
644,"Great product, love it! Great product, love it! Great product, love it! ",positive,5
645,"Great product, love it! ",positive,5
646,"It is okay, nothing special. ",neutral,3
647,"Terrible quality, waste of money. ",negative,1
648,"Terrible quality, waste of money. Terrible quality, waste of money. ",negative,1
649,"It is okay, nothing special. ",neutral,3
650,"Terrible quality, waste of money. ",negative,1
651,"Great product, love it! Great product, love it! ",positive,5
652,"Terrible quality, waste of money. ",negative,1
653,"Terrible quality, waste of money. ",negative,1
654,"Terrible quality, waste of money. Terrible quality, waste of money. Terrible quality, waste of money. ",negative,1
655,"Great product, love it! Great product, love it! Great product, love it! Great product, love it! ",positive,5
656,"Great product, love it! Great product, love it! ",positive,5
657,"Great product, love it! ",positive,5
658,"Great product, love it! Great product, love it! ",positive,5
659,"Terrible quality, waste of money. Terrible quality, waste of money. ",negative,1
660,"Terrible quality, waste of money. ",negative,1
661,"Great product, love it! Great product, love it! Great product, love it! ",positive,5
662,"It is okay, nothing special. It is okay, nothing special. ",neutral,3
663,"Terrible quality, waste of money. Terrible quality, waste of money. ",negative,1
664,"Great product, love it! ",positive,5
665,"Great product, love it! Great product, love it! ",positive,5
666,"Great product, love it! Great product, love it! Great product, love it! Great product, love it! ",positive,5
667,"Great product, love it! Great product, love it! Great product, love it! ",positive,5
668,"Great product, love it! Great product, love it! Great product, love it! ",positive,5
669,"Great product, love it! Great product, love it! Great product, love it! ",positive,5
670,"Great product, love it! ",positive,5
671,"Great product, love it! ",positive,5
672,"It is okay, nothing special. ",neutral,3
673,"Great product, love it! Great product, love it! Great product, love it! Great product, love it! ",positive,5
674,"Terrible quality, waste of money. ",negative,1
675,"Great product, love it! Great product, love it! Great product, love it! ",positive,5
676,"It is okay, nothing special. It is okay, nothing special. ",neutral,3
677,"Great product, love it! Great product, love it! Great product, love it! Great product, love it! ",positive,5
678,"Great product, love it! Great product, love it! Great product, love it! Great product, love it! ",positive,5
679,"It is okay, nothing special. ",neutral,3
680,"It is okay, nothing special. ",neutral,3
681,"It is okay, nothing special. It is okay, nothing special. ",neutral,3
682,"Great product, love it! Great product, love it! Great product, love it! ",positive,5
683,"Great product, love it! Great product, love it! Great product, love it! ",positive,5
684,"Terrible quality, waste of money. ",negative,1
685,"It is okay, nothing special. It is okay, nothing special. ",neutral,3
686,"Terrible quality, waste of money. ",negative,1
687,"Terrible quality, waste of money. ",negative,1
688,"Great product, love it! ",positive,5
689,"It is okay, nothing special. ",neutral,3
690,"Great product, love it! ",positive,5
691,"Great product, love it! Great product, love it! ",positive,5
692,"Great product, love it! Great product, love it! Great product, love it! ",positive,5
693,"Terrible quality, waste of money. Terrible quality, waste of money. Terrible quality, waste of money. ",negative,1
694,"Great product, love it! Great product, love it! Great product, love it! ",positive,5
695,"Great product, love it! Great product, love it! Great product, love it! Great product, love it! ",positive,5
696,"Terrible quality, waste of money. Terrible quality, waste of money. ",negative,1
697,"Great product, love it! Great product, love it! Great product, love it! ",positive,5
698,"Terrible quality, waste of money. Terrible quality, waste of money. ",negative,1
699,"Great product, love it! Great product, love it! ",positive,5
700,"Terrible quality, waste of money. Terrible quality, waste of money. ",negative,1
701,"Terrible quality, waste of money. Terrible quality, waste of money. Terrible quality, waste of money. ",negative,1
702,"Great product, love it! Great product, love it! Great product, love it! Great product, love it! ",positive,5
703,"Great product, love it! Great product, love it! ",positive,5
704,"Great product, love it! Great product, love it! Great product, love it! ",positive,5
705,"Great product, love it! Great product, love it! Great product, love it! ",positive,5
706,"It is okay, nothing special. ",neutral,3
707,"Great product, love it! ",positive,5
708,"It is okay, nothing special. It is okay, nothing special. ",neutral,3
709,"Great product, love it! Great product, love it! Great product, love it! Great product, love it! ",positive,5
710,"Terrible quality, waste of money. Terrible quality, waste of money. ",negative,1
711,"It is okay, nothing special. ",neutral,3
712,"Terrible quality, waste of money. Terrible quality, waste of money. ",negative,1
713,"Terrible quality, waste of money. Terrible quality, waste of money. ",negative,1
714,"Great product, love it! Great product, love it! Great product, love it! ",positive,5
715,"Great product, love it! Great product, love it! Great product, love it! Great product, love it! ",positive,5
716,"It is okay, nothing special. It is okay, nothing special. ",neutral,3
717,"It is okay, nothing special. It is okay, nothing special. ",neutral,3
718,"It is okay, nothing special. It is okay, nothing special. ",neutral,3
719,"Great product, love it! Great product, love it! Great product, love it! ",positive,5
720,"Terrible quality, waste of money. Terrible quality, waste of money. Terrible quality, waste of money. ",negative,1
721,"It is okay, nothing special. ",neutral,3
722,"Great product, love it! Great product, love it! Great product, love it! ",positive,5
723,"Great product, love it! ",positive,5
724,"Terrible quality, waste of money. Terrible quality, waste of money. ",negative,1
725,"Terrible quality, waste of money. Terrible quality, waste of money. Terrible quality, waste of money. ",negative,1
726,"It is okay, nothing special. ",neutral,3
727,"Great product, love it! Great product, love it! Great product, love it! ",positive,5
728,"It is okay, nothing special. It is okay, nothing special. ",neutral,3
729,"Great product, love it! ",positive,5
730,"Great product, love it! Great product, love it! ",positive,5
731,"Great product, love it! Great product, love it! Great product, love it! Great product, love it! ",positive,5
732,"It is okay, nothing special. It is okay, nothing special. ",neutral,3
733,"Terrible quality, waste of money. Terrible quality, waste of money. Terrible quality, waste of money. ",negative,1
734,"Terrible quality, waste of money. ",negative,1
735,"Great product, love it! Great product, love it! Great product, love it! Great product, love it! ",positive,5
736,"It is okay, nothing special. It is okay, nothing special. ",neutral,3
737,"Great product, love it! Great product, love it! ",positive,5
738,"It is okay, nothing special. ",neutral,3
739,"Great product, love it! Great product, love it! ",positive,5
740,"Great product, love it! Great product, love it! ",positive,5
741,"Terrible quality, waste of money. Terrible quality, waste of money. Terrible quality, waste of money. ",negative,1
742,"Great product, love it! Great product, love it! Great product, love it! ",positive,5
743,"Terrible quality, waste of money. ",negative,1
744,"Terrible quality, waste of money. Terrible quality, waste of money. ",negative,1
745,"Great product, love it! Great product, love it! Great product, love it! ",positive,5
746,"It is okay, nothing special. It is okay, nothing special. ",neutral,3
747,"Great product, love it! Great product, love it! Great product, love it! ",positive,5
748,"Terrible quality, waste of money. ",negative,1
749,"It is okay, nothing special. ",neutral,3
750,"Terrible quality, waste of money. Terrible quality, waste of money. Terrible quality, waste of money. ",negative,1
751,"Great product, love it! ",positive,5
752,"It is okay, nothing special. ",neutral,3
753,"Terrible quality, waste of money. Terrible quality, waste of money. ",negative,1
754,"Great product, love it! ",positive,5
755,"Great product, love it! Great product, love it! Great product, love it! Great product, love it! ",positive,5
756,"It is okay, nothing special. It is okay, nothing special. ",neutral,3
757,"Terrible quality, waste of money. Terrible quality, waste of money. ",negative,1
758,"Terrible quality, waste of money. Terrible quality, waste of money. ",negative,1
759,"It is okay, nothing special. It is okay, nothing special. ",neutral,3
760,"It is okay, nothing special. It is okay, nothing special. ",neutral,3
761,"Great product, love it! Great product, love it! Great product, love it! ",positive,5
762,"Great product, love it! Great product, love it! ",positive,5
763,"Great product, love it! Great product, love it! ",positive,5
764,"Terrible quality, waste of money. Terrible quality, waste of money. ",negative,1
765,"Great product, love it! Great product, love it! Great product, love it! ",positive,5
766,"Terrible quality, waste of money. Terrible quality, waste of money. ",negative,1
767,"It is okay, nothing special. It is okay, nothing special. ",neutral,3
768,"It is okay, nothing special. It is okay, nothing special. ",neutral,3
769,"Great product, love it! ",positive,5
770,"It is okay, nothing special. It is okay, nothing special. ",neutral,3
771,"Great product, love it! Great product, love it! Great product, love it! ",positive,5
772,"It is okay, nothing special. It is okay, nothing special. ",neutral,3
773,"Great product, love it! ",positive,5
774,"Great product, love it! Great product, love it! Great product, love it! ",positive,5
775,"It is okay, nothing special. ",neutral,3
776,"Great product, love it! Great product, love it! Great product, love it! Great product, love it! ",positive,5
777,"Great product, love it! Great product, love it! Great product, love it! ",positive,5
778,"Terrible quality, waste of money. Terrible quality, waste of money. Terrible quality, waste of money. ",negative,1
779,"Terrible quality, waste of money. Terrible quality, waste of money. Terrible quality, waste of money. ",negative,1
780,"Terrible quality, waste of money. Terrible quality, waste of money. Terrible quality, waste of money. ",negative,1
781,"Terrible quality, waste of money. Terrible quality, waste of money. ",negative,1
782,"Terrible quality, waste of money. Terrible quality, waste of money. ",negative,1
783,"Great product, love it! Great product, love it! ",positive,5
784,"Great product, love it! Great product, love it! ",positive,5
785,"Great product, love it! ",positive,5
786,"It is okay, nothing special. It is okay, nothing special. ",neutral,3
787,"Terrible quality, waste of money. Terrible quality, waste of money. Terrible quality, waste of money. ",negative,1
788,"Great product, love it! Great product, love it! ",positive,5
789,"Terrible quality, waste of money. Terrible quality, waste of money. ",negative,1
790,"It is okay, nothing special. It is okay, nothing special. ",neutral,3
791,"Great product, love it! Great product, love it! Great product, love it! ",positive,5
792,"Terrible quality, waste of money. Terrible quality, waste of money. ",negative,1
793,"Terrible quality, waste of money. Terrible quality, waste of money. ",negative,1
794,"Terrible quality, waste of money. Terrible quality, waste of money. ",negative,1
795,"Great product, love it! ",positive,5
796,"It is okay, nothing special. It is okay, nothing special. ",neutral,3
797,"It is okay, nothing special. It is okay, nothing special. ",neutral,3
798,"Terrible quality, waste of money. Terrible quality, waste of money. Terrible quality, waste of money. ",negative,1
799,"Terrible quality, waste of money. Terrible quality, waste of money. Terrible quality, waste of money. ",negative,1
800,"It is okay, nothing special. It is okay, nothing special. ",neutral,3
801,"Terrible quality, waste of money. Terrible quality, waste of money. ",negative,1
802,"Great product, love it! Great product, love it! ",positive,5
803,"Terrible quality, waste of money. Terrible quality, waste of money. Terrible quality, waste of money. ",negative,1
804,"Terrible quality, waste of money. Terrible quality, waste of money. Terrible quality, waste of money. ",negative,1
805,"Great product, love it! ",positive,5
806,"Terrible quality, waste of money. ",negative,1
807,"It is okay, nothing special. It is okay, nothing special. ",neutral,3
808,"It is okay, nothing special. ",neutral,3
809,"Terrible quality, waste of money. Terrible quality, waste of money. Terrible quality, waste of money. ",negative,1
810,"Great product, love it! ",positive,5
811,"It is okay, nothing special. It is okay, nothing special. ",neutral,3
812,"It is okay, nothing special. It is okay, nothing special. ",neutral,3
813,"Great product, love it! Great product, love it! Great product, love it! Great product, love it! ",positive,5
814,"It is okay, nothing special. It is okay, nothing special. ",neutral,3
815,"It is okay, nothing special. ",neutral,3
816,"Terrible quality, waste of money. ",negative,1
817,"Terrible quality, waste of money. Terrible quality, waste of money. ",negative,1
818,"Great product, love it! Great product, love it! Great product, love it! ",positive,5
819,"Great product, love it! ",positive,5
820,"Great product, love it! Great product, love it! Great product, love it! Great product, love it! ",positive,5
821,"It is okay, nothing special. It is okay, nothing special. ",neutral,3
822,"Great product, love it! ",positive,5
823,"Great product, love it! Great product, love it! Great product, love it! ",positive,5
824,"Great product, love it! ",positive,5
825,"Terrible quality, waste of money. Terrible quality, waste of money. Terrible quality, waste of money. ",negative,1
826,"It is okay, nothing special. ",neutral,3
827,"Great product, love it! Great product, love it! Great product, love it! Great product, love it! ",positive,5
828,"Great product, love it! Great product, love it! ",positive,5
829,"Terrible quality, waste of money. Terrible quality, waste of money. Terrible quality, waste of money. ",negative,1
830,"Terrible quality, waste of money. Terrible quality, waste of money. Terrible quality, waste of money. ",negative,1
831,"Great product, love it! Great product, love it! Great product, love it! ",positive,5
832,"Terrible quality, waste of money. ",negative,1
833,"Great product, love it! ",positive,5
834,"Great product, love it! Great product, love it! Great product, love it! Great product, love it! ",positive,5
835,"Terrible quality, waste of money. Terrible quality, waste of money. ",negative,1
836,"Great product, love it! Great product, love it! Great product, love it! ",positive,5
837,"It is okay, nothing special. ",neutral,3
838,"Great product, love it! Great product, love it! Great product, love it! Great product, love it! ",positive,5
839,"Terrible quality, waste of money. ",negative,1
840,"Terrible quality, waste of money. ",negative,1
841,"Great product, love it! Great product, love it! Great product, love it! Great product, love it! ",positive,5
842,"Terrible quality, waste of money. Terrible quality, waste of money. ",negative,1
843,"Great product, love it! Great product, love it! ",positive,5
844,"It is okay, nothing special. ",neutral,3
845,"Great product, love it! Great product, love it! Great product, love it! ",positive,5
846,"Great product, love it! Great product, love it! ",positive,5
847,"Great product, love it! ",positive,5
848,"It is okay, nothing special. It is okay, nothing special. ",neutral,3
849,"Terrible quality, waste of money. ",negative,1
850,"Terrible quality, waste of money. Terrible quality, waste of money. Terrible quality, waste of money. ",negative,1
851,"Great product, love it! ",positive,5
852,"Terrible quality, waste of money. ",negative,1
853,"Great product, love it! Great product, love it! ",positive,5
854,"It is okay, nothing special. ",neutral,3
855,"Great product, love it! ",positive,5
856,"Great product, love it! Great product, love it! Great product, love it! Great product, love it! ",positive,5
857,"Great product, love it! Great product, love it! ",positive,5
858,"Terrible quality, waste of money. Terrible quality, waste of money. Terrible quality, waste of money. ",negative,1
859,"Terrible quality, waste of money. Terrible quality, waste of money. Terrible quality, waste of money. ",negative,1
860,"Great product, love it! Great product, love it! ",positive,5
861,"It is okay, nothing special. It is okay, nothing special. ",neutral,3
862,"Terrible quality, waste of money. Terrible quality, waste of money. Terrible quality, waste of money. ",negative,1
863,"Terrible quality, waste of money. Terrible quality, waste of money. Terrible quality, waste of money. ",negative,1
864,"Great product, love it! Great product, love it! Great product, love it! ",positive,5
865,"Great product, love it! Great product, love it! Great product, love it! ",positive,5
866,"Terrible quality, waste of money. Terrible quality, waste of money. Terrible quality, waste of money. ",negative,1
867,"Great product, love it! Great product, love it! Great product, love it! Great product, love it! ",positive,5
868,"Great product, love it! Great product, love it! ",positive,5
869,"It is okay, nothing special. It is okay, nothing special. ",neutral,3
870,"It is okay, nothing special. It is okay, nothing special. ",neutral,3
871,"Great product, love it! ",positive,5
872,"Great product, love it! Great product, love it! Great product, love it! Great product, love it! ",positive,5
873,"Terrible quality, waste of money. Terrible quality, waste of money. Terrible quality, waste of money. ",negative,1
874,"Great product, love it! Great product, love it! Great product, love it! ",positive,5
875,"Great product, love it! ",positive,5
876,"Great product, love it! ",positive,5
877,"Terrible quality, waste of money. ",negative,1
878,"Terrible quality, waste of money. ",negative,1
879,"Great product, love it! ",positive,5
880,"Great product, love it! Great product, love it! Great product, love it! Great product, love it! ",positive,5
881,"Great product, love it! ",positive,5
882,"Terrible quality, waste of money. Terrible quality, waste of money. ",negative,1
883,"Great product, love it! ",positive,5
884,"Great product, love it! ",positive,5
885,"It is okay, nothing special. It is okay, nothing special. ",neutral,3
886,"Great product, love it! Great product, love it! ",positive,5
887,"Terrible quality, waste of money. ",negative,1
888,"Great product, love it! Great product, love it! Great product, love it! ",positive,5
889,"Great product, love it! Great product, love it! Great product, love it! ",positive,5
890,"Great product, love it! Great product, love it! Great product, love it! Great product, love it! ",positive,5
891,"Terrible quality, waste of money. ",negative,1
892,"It is okay, nothing special. It is okay, nothing special. ",neutral,3
893,"It is okay, nothing special. ",neutral,3
894,"Great product, love it! Great product, love it! ",positive,5
895,"Terrible quality, waste of money. Terrible quality, waste of money. Terrible quality, waste of money. ",negative,1
896,"Great product, love it! ",positive,5
897,"Great product, love it! Great product, love it! Great product, love it! Great product, love it! ",positive,5
898,"It is okay, nothing special. It is okay, nothing special. ",neutral,3
899,"Great product, love it! Great product, love it! ",positive,5
900,"Great product, love it! Great product, love it! Great product, love it! Great product, love it! ",positive,5
901,"Great product, love it! Great product, love it! ",positive,5
902,"Great product, love it! Great product, love it! Great product, love it! ",positive,5
903,"Great product, love it! Great product, love it! Great product, love it! Great product, love it! ",positive,5
904,"Terrible quality, waste of money. Terrible quality, waste of money. Terrible quality, waste of money. ",negative,1
905,"Great product, love it! Great product, love it! Great product, love it! ",positive,5
906,"It is okay, nothing special. ",neutral,3
907,"It is okay, nothing special. ",neutral,3
908,"Great product, love it! ",positive,5
909,"Great product, love it! Great product, love it! ",positive,5
910,"Great product, love it! Great product, love it! ",positive,5
911,"Terrible quality, waste of money. ",negative,1
912,"Great product, love it! Great product, love it! Great product, love it! ",positive,5
913,"Terrible quality, waste of money. ",negative,1
914,"Great product, love it! Great product, love it! ",positive,5
915,"Terrible quality, waste of money. Terrible quality, waste of money. ",negative,1
916,"Great product, love it! Great product, love it! Great product, love it! Great product, love it! ",positive,5
917,"Great product, love it! ",positive,5
918,"It is okay, nothing special. It is okay, nothing special. ",neutral,3
919,"It is okay, nothing special. ",neutral,3
920,"Great product, love it! Great product, love it! Great product, love it! ",positive,5
921,"It is okay, nothing special. ",neutral,3
922,"Terrible quality, waste of money. ",negative,1
923,"It is okay, nothing special. ",neutral,3
924,"It is okay, nothing special. It is okay, nothing special. ",neutral,3
925,"Great product, love it! ",positive,5
926,"Great product, love it! Great product, love it! Great product, love it! ",positive,5
927,"Great product, love it! Great product, love it! Great product, love it! ",positive,5
928,"Terrible quality, waste of money. Terrible quality, waste of money. ",negative,1
929,"Terrible quality, waste of money. Terrible quality, waste of money. ",negative,1
930,"Great product, love it! Great product, love it! ",positive,5
931,"Great product, love it! Great product, love it! ",positive,5
932,"It is okay, nothing special. It is okay, nothing special. ",neutral,3
933,"It is okay, nothing special. It is okay, nothing special. ",neutral,3
934,"Terrible quality, waste of money. ",negative,1
935,"Great product, love it! Great product, love it! Great product, love it! ",positive,5
936,"Great product, love it! Great product, love it! Great product, love it! Great product, love it! ",positive,5
937,"Great product, love it! ",positive,5
938,"It is okay, nothing special. ",neutral,3
939,"Great product, love it! Great product, love it! Great product, love it! Great product, love it! ",positive,5
940,"Terrible quality, waste of money. ",negative,1
941,"Great product, love it! ",positive,5
942,"Terrible quality, waste of money. ",negative,1
943,"Terrible quality, waste of money. Terrible quality, waste of money. ",negative,1
944,"It is okay, nothing special. It is okay, nothing special. ",neutral,3
945,"Great product, love it! Great product, love it! Great product, love it! ",positive,5
946,"Great product, love it! ",positive,5
947,"Great product, love it! Great product, love it! Great product, love it! ",positive,5
948,"It is okay, nothing special. It is okay, nothing special. ",neutral,3
949,"It is okay, nothing special. It is okay, nothing special. ",neutral,3
950,"Terrible quality, waste of money. Terrible quality, waste of money. ",negative,1
951,"Terrible quality, waste of money. ",negative,1
952,"Terrible quality, waste of money. ",negative,1
953,"Great product, love it! Great product, love it! ",positive,5
954,"It is okay, nothing special. ",neutral,3
955,"Great product, love it! Great product, love it! Great product, love it! ",positive,5
956,"Great product, love it! Great product, love it! Great product, love it! Great product, love it! ",positive,5
957,"Terrible quality, waste of money. Terrible quality, waste of money. ",negative,1
958,"Great product, love it! Great product, love it! Great product, love it! ",positive,5
959,"Great product, love it! Great product, love it! ",positive,5
960,"Terrible quality, waste of money. Terrible quality, waste of money. Terrible quality, waste of money. ",negative,1
961,"Great product, love it! Great product, love it! Great product, love it! Great product, love it! ",positive,5
962,"Terrible quality, waste of money. Terrible quality, waste of money. ",negative,1
963,"Great product, love it! Great product, love it! Great product, love it! ",positive,5
964,"Great product, love it! ",positive,5
965,"Great product, love it! Great product, love it! Great product, love it! Great product, love it! ",positive,5
966,"Great product, love it! Great product, love it! ",positive,5
967,"Terrible quality, waste of money. Terrible quality, waste of money. ",negative,1
968,"Great product, love it! Great product, love it! Great product, love it! ",positive,5
969,"Terrible quality, waste of money. Terrible quality, waste of money. ",negative,1
970,"Terrible quality, waste of money. Terrible quality, waste of money. ",negative,1
971,"Terrible quality, waste of money. Terrible quality, waste of money. ",negative,1
972,"It is okay, nothing special. ",neutral,3
973,"Terrible quality, waste of money. ",negative,1
974,"Great product, love it! Great product, love it! Great product, love it! Great product, love it! ",positive,5
975,"Great product, love it! Great product, love it! Great product, love it! ",positive,5
976,"Great product, love it! ",positive,5
977,"Terrible quality, waste of money. Terrible quality, waste of money. Terrible quality, waste of money. ",negative,1
978,"Great product, love it! Great product, love it! Great product, love it! Great product, love it! ",positive,5
979,"Terrible quality, waste of money. ",negative,1
980,"Terrible quality, waste of money. Terrible quality, waste of money. Terrible quality, waste of money. ",negative,1
981,"Great product, love it! ",positive,5
982,"It is okay, nothing special. It is okay, nothing special. ",neutral,3
983,"Great product, love it! Great product, love it! Great product, love it! Great product, love it! ",positive,5
984,"Great product, love it! ",positive,5
985,"Terrible quality, waste of money. Terrible quality, waste of money. Terrible quality, waste of money. ",negative,1
986,"Terrible quality, waste of money. Terrible quality, waste of money. ",negative,1
987,"Terrible quality, waste of money. Terrible quality, waste of money. ",negative,1
988,"Great product, love it! ",positive,5
989,"Great product, love it! Great product, love it! Great product, love it! ",positive,5
990,"It is okay, nothing special. It is okay, nothing special. ",neutral,3
991,"It is okay, nothing special. It is okay, nothing special. ",neutral,3
992,"Terrible quality, waste of money. Terrible quality, waste of money. Terrible quality, waste of money. ",negative,1
993,"Great product, love it! Great product, love it! ",positive,5
994,"Terrible quality, waste of money. Terrible quality, waste of money. Terrible quality, waste of money. ",negative,1
995,"Great product, love it! ",positive,5
996,"Great product, love it! Great product, love it! Great product, love it! ",positive,5
997,"It is okay, nothing special. It is okay, nothing special. ",neutral,3
998,"Great product, love it! ",positive,5
999,"It is okay, nothing special. ",neutral,3
1000,"Great product, love it! Great product, love it! Great product, love it! Great product, love it! ",positive,5
1001,"Great product, love it! Great product, love it! ",positive,5
1002,"Terrible quality, waste of money. ",negative,1
1003,"It is okay, nothing special. ",neutral,3
1004,"Terrible quality, waste of money. Terrible quality, waste of money. ",negative,1
1005,"It is okay, nothing special. It is okay, nothing special. ",neutral,3
1006,"Terrible quality, waste of money. Terrible quality, waste of money. Terrible quality, waste of money. ",negative,1
1007,"Terrible quality, waste of money. Terrible quality, waste of money. Terrible quality, waste of money. ",negative,1
1008,"It is okay, nothing special. ",neutral,3
1009,"Great product, love it! Great product, love it! Great product, love it! Great product, love it! ",positive,5
1010,"Terrible quality, waste of money. ",negative,1
1011,"Great product, love it! Great product, love it! ",positive,5
1012,"It is okay, nothing special. ",neutral,3
1013,"It is okay, nothing special. It is okay, nothing special. ",neutral,3
1014,"Great product, love it! Great product, love it! Great product, love it! ",positive,5
1015,"Terrible quality, waste of money. Terrible quality, waste of money. Terrible quality, waste of money. ",negative,1
1016,"It is okay, nothing special. It is okay, nothing special. ",neutral,3
1017,"Great product, love it! Great product, love it! ",positive,5
1018,"Terrible quality, waste of money. Terrible quality, waste of money. Terrible quality, waste of money. ",negative,1
1019,"It is okay, nothing special. It is okay, nothing special. ",neutral,3
1020,"Great product, love it! Great product, love it! Great product, love it! Great product, love it! ",positive,5
1021,"Terrible quality, waste of money. ",negative,1
1022,"Great product, love it! Great product, love it! Great product, love it! Great product, love it! ",positive,5
1023,"It is okay, nothing special. ",neutral,3
1024,"It is okay, nothing special. ",neutral,3
1025,"It is okay, nothing special. It is okay, nothing special. ",neutral,3
1026,"Terrible quality, waste of money. Terrible quality, waste of money. ",negative,1
1027,"It is okay, nothing special. ",neutral,3
1028,"It is okay, nothing special. ",neutral,3
1029,"Great product, love it! ",positive,5
1030,"It is okay, nothing special. ",neutral,3
1031,"Great product, love it! Great product, love it! Great product, love it! ",positive,5
1032,"Terrible quality, waste of money. Terrible quality, waste of money. Terrible quality, waste of money. ",negative,1
1033,"Great product, love it! Great product, love it! ",positive,5
1034,"Great product, love it! Great product, love it! ",positive,5
1035,"Great product, love it! Great product, love it! ",positive,5
1036,"Terrible quality, waste of money. Terrible quality, waste of money. Terrible quality, waste of money. ",negative,1
1037,"Great product, love it! Great product, love it! Great product, love it! Great product, love it! ",positive,5
1038,"Terrible quality, waste of money. Terrible quality, waste of money. Terrible quality, waste of money. ",negative,1
1039,"Great product, love it! Great product, love it! Great product, love it! ",positive,5
1040,"Great product, love it! Great product, love it! ",positive,5
1041,"Terrible quality, waste of money. Terrible quality, waste of money. Terrible quality, waste of money. ",negative,1
1042,"It is okay, nothing special. ",neutral,3
1043,"Great product, love it! Great product, love it! Great product, love it! ",positive,5
1044,"Terrible quality, waste of money. Terrible quality, waste of money. Terrible quality, waste of money. ",negative,1
1045,"It is okay, nothing special. ",neutral,3
1046,"Terrible quality, waste of money. Terrible quality, waste of money. Terrible quality, waste of money. ",negative,1
1047,"Great product, love it! Great product, love it! Great product, love it! Great product, love it! ",positive,5
1048,"Great product, love it! Great product, love it! Great product, love it! ",positive,5
1049,"It is okay, nothing special. ",neutral,3
1050,"Great product, love it! ",positive,5
1051,"It is okay, nothing special. ",neutral,3
1052,"Terrible quality, waste of money. Terrible quality, waste of money. ",negative,1
1053,"It is okay, nothing special. It is okay, nothing special. ",neutral,3
1054,"It is okay, nothing special. ",neutral,3
1055,"It is okay, nothing special. ",neutral,3
1056,"Great product, love it! Great product, love it! Great product, love it! ",positive,5
1057,"It is okay, nothing special. It is okay, nothing special. ",neutral,3
1058,"Great product, love it! Great product, love it! ",positive,5
1059,"Terrible quality, waste of money. Terrible quality, waste of money. ",negative,1
1060,"Terrible quality, waste of money. ",negative,1
1061,"It is okay, nothing special. It is okay, nothing special. ",neutral,3
1062,"It is okay, nothing special. It is okay, nothing special. ",neutral,3
1063,"It is okay, nothing special. ",neutral,3
1064,"Great product, love it! ",positive,5
1065,"Great product, love it! Great product, love it! ",positive,5
1066,"Terrible quality, waste of money. Terrible quality, waste of money. ",negative,1
1067,"Great product, love it! Great product, love it! Great product, love it! Great product, love it! ",positive,5
1068,"Great product, love it! Great product, love it! ",positive,5
1069,"Great product, love it! ",positive,5
1070,"Great product, love it! Great product, love it! Great product, love it! ",positive,5
1071,"Great product, love it! Great product, love it! ",positive,5
1072,"Great product, love it! Great product, love it! ",positive,5
1073,"Great product, love it! Great product, love it! Great product, love it! Great product, love it! ",positive,5
1074,"Great product, love it! Great product, love it! Great product, love it! Great product, love it! ",positive,5
1075,"It is okay, nothing special. It is okay, nothing special. ",neutral,3
1076,"Great product, love it! ",positive,5
1077,"Great product, love it! ",positive,5
1078,"Terrible quality, waste of money. Terrible quality, waste of money. Terrible quality, waste of money. ",negative,1
1079,"Great product, love it! Great product, love it! ",positive,5
1080,"It is okay, nothing special. It is okay, nothing special. ",neutral,3
1081,"It is okay, nothing special. ",neutral,3
1082,"Great product, love it! Great product, love it! Great product, love it! ",positive,5
1083,"Great product, love it! Great product, love it! ",positive,5
1084,"It is okay, nothing special. ",neutral,3
1085,"It is okay, nothing special. It is okay, nothing special. ",neutral,3
1086,"Terrible quality, waste of money. Terrible quality, waste of money. ",negative,1
1087,"Terrible quality, waste of money. ",negative,1
1088,"Great product, love it! ",positive,5
1089,"It is okay, nothing special. ",neutral,3
1090,"Great product, love it! Great product, love it! ",positive,5
1091,"It is okay, nothing special. It is okay, nothing special. ",neutral,3
1092,"Terrible quality, waste of money. Terrible quality, waste of money. Terrible quality, waste of money. ",negative,1
1093,"Terrible quality, waste of money. Terrible quality, waste of money. ",negative,1
1094,"Terrible quality, waste of money. ",negative,1
1095,"Great product, love it! Great product, love it! ",positive,5
1096,"Great product, love it! Great product, love it! Great product, love it! ",positive,5
1097,"Great product, love it! Great product, love it! Great product, love it! ",positive,5
1098,"Great product, love it! Great product, love it! Great product, love it! Great product, love it! ",positive,5
1099,"It is okay, nothing special. ",neutral,3
1100,"Great product, love it! Great product, love it! Great product, love it! Great product, love it! ",positive,5
1101,"Great product, love it! ",positive,5
1102,"It is okay, nothing special. ",neutral,3
1103,"It is okay, nothing special. It is okay, nothing special. ",neutral,3
1104,"It is okay, nothing special. ",neutral,3
1105,"It is okay, nothing special. ",neutral,3
1106,"Great product, love it! ",positive,5
1107,"Great product, love it! Great product, love it! Great product, love it! Great product, love it! ",positive,5
1108,"It is okay, nothing special. It is okay, nothing special. ",neutral,3
1109,"Terrible quality, waste of money. Terrible quality, waste of money. Terrible quality, waste of money. ",negative,1
1110,"Great product, love it! Great product, love it! Great product, love it! ",positive,5
1111,"It is okay, nothing special. ",neutral,3
1112,"Great product, love it! Great product, love it! ",positive,5
1113,"Great product, love it! Great product, love it! ",positive,5
1114,"Terrible quality, waste of money. Terrible quality, waste of money. Terrible quality, waste of money. ",negative,1
1115,"Terrible quality, waste of money. Terrible quality, waste of money. ",negative,1
1116,"Terrible quality, waste of money. Terrible quality, waste of money. ",negative,1
1117,"Great product, love it! Great product, love it! ",positive,5
1118,"It is okay, nothing special. It is okay, nothing special. ",neutral,3
1119,"Great product, love it! Great product, love it! Great product, love it! ",positive,5
1120,"Great product, love it! Great product, love it! ",positive,5
1121,"It is okay, nothing special. It is okay, nothing special. ",neutral,3
1122,"It is okay, nothing special. ",neutral,3
1123,"It is okay, nothing special. ",neutral,3
1124,"It is okay, nothing special. It is okay, nothing special. ",neutral,3
1125,"Terrible quality, waste of money. ",negative,1
1126,"Terrible quality, waste of money. ",negative,1
1127,"Great product, love it! Great product, love it! Great product, love it! ",positive,5
1128,"Great product, love it! Great product, love it! Great product, love it! Great product, love it! ",positive,5
1129,"Great product, love it! Great product, love it! ",positive,5
1130,"Great product, love it! ",positive,5
1131,"Terrible quality, waste of money. Terrible quality, waste of money. Terrible quality, waste of money. ",negative,1
1132,"Terrible quality, waste of money. Terrible quality, waste of money. ",negative,1
1133,"Great product, love it! Great product, love it! Great product, love it! ",positive,5
1134,"Great product, love it! ",positive,5
1135,"Terrible quality, waste of money. Terrible quality, waste of money. ",negative,1
1136,"Great product, love it! Great product, love it! ",positive,5
1137,"It is okay, nothing special. ",neutral,3
1138,"Terrible quality, waste of money. Terrible quality, waste of money. ",negative,1
1139,"Terrible quality, waste of money. ",negative,1
1140,"Terrible quality, waste of money. ",negative,1
1141,"It is okay, nothing special. It is okay, nothing special. ",neutral,3
1142,"Great product, love it! ",positive,5
1143,"Terrible quality, waste of money. Terrible quality, waste of money. Terrible quality, waste of money. ",negative,1
1144,"Terrible quality, waste of money. Terrible quality, waste of money. ",negative,1
1145,"Great product, love it! Great product, love it! ",positive,5
1146,"It is okay, nothing special. It is okay, nothing special. ",neutral,3
1147,"It is okay, nothing special. ",neutral,3
1148,"Terrible quality, waste of money. Terrible quality, waste of money. ",negative,1
1149,"It is okay, nothing special. It is okay, nothing special. ",neutral,3
1150,"It is okay, nothing special. It is okay, nothing special. ",neutral,3
1151,"Terrible quality, waste of money. ",negative,1
1152,"It is okay, nothing special. It is okay, nothing special. ",neutral,3
1153,"Terrible quality, waste of money. ",negative,1
1154,"Terrible quality, waste of money. Terrible quality, waste of money. ",negative,1
1155,"Terrible quality, waste of money. Terrible quality, waste of money. Terrible quality, waste of money. ",negative,1
1156,"It is okay, nothing special. ",neutral,3
1157,"Great product, love it! ",positive,5
1158,"It is okay, nothing special. It is okay, nothing special. ",neutral,3
1159,"It is okay, nothing special. ",neutral,3
1160,"Great product, love it! Great product, love it! Great product, love it! Great product, love it! ",positive,5
1161,"It is okay, nothing special. It is okay, nothing special. ",neutral,3
1162,"Great product, love it! Great product, love it! Great product, love it! Great product, love it! ",positive,5
1163,"Great product, love it! Great product, love it! Great product, love it! Great product, love it! ",positive,5
1164,"Terrible quality, waste of money. Terrible quality, waste of money. ",negative,1
1165,"Great product, love it! Great product, love it! Great product, love it! ",positive,5
1166,"It is okay, nothing special. It is okay, nothing special. ",neutral,3
1167,"It is okay, nothing special. ",neutral,3
1168,"Terrible quality, waste of money. ",negative,1
1169,"Great product, love it! ",positive,5
1170,"Great product, love it! ",positive,5
1171,"Terrible quality, waste of money. ",negative,1
1172,"It is okay, nothing special. ",neutral,3
1173,"Terrible quality, waste of money. Terrible quality, waste of money. Terrible quality, waste of money. ",negative,1
1174,"Great product, love it! Great product, love it! Great product, love it! Great product, love it! ",positive,5
1175,"Terrible quality, waste of money. ",negative,1
1176,"Terrible quality, waste of money. Terrible quality, waste of money. ",negative,1
1177,"It is okay, nothing special. ",neutral,3
1178,"Great product, love it! Great product, love it! Great product, love it! ",positive,5
1179,"It is okay, nothing special. ",neutral,3
1180,"Terrible quality, waste of money. Terrible quality, waste of money. Terrible quality, waste of money. ",negative,1
1181,"It is okay, nothing special. It is okay, nothing special. ",neutral,3
1182,"Great product, love it! Great product, love it! Great product, love it! Great product, love it! ",positive,5
1183,"Terrible quality, waste of money. Terrible quality, waste of money. Terrible quality, waste of money. ",negative,1
1184,"It is okay, nothing special. ",neutral,3
1185,"Great product, love it! ",positive,5
1186,"It is okay, nothing special. It is okay, nothing special. ",neutral,3
1187,"Terrible quality, waste of money. Terrible quality, waste of money. Terrible quality, waste of money. ",negative,1
1188,"Great product, love it! Great product, love it! ",positive,5
1189,"Great product, love it! Great product, love it! Great product, love it! Great product, love it! ",positive,5
1190,"Terrible quality, waste of money. ",negative,1
1191,"Great product, love it! Great product, love it! Great product, love it! ",positive,5
1192,"Terrible quality, waste of money. Terrible quality, waste of money. ",negative,1
1193,"Great product, love it! Great product, love it! ",positive,5
1194,"Terrible quality, waste of money. Terrible quality, waste of money. ",negative,1
1195,"Great product, love it! ",positive,5
1196,"It is okay, nothing special. ",neutral,3
1197,"It is okay, nothing special. ",neutral,3
1198,"It is okay, nothing special. ",neutral,3
1199,"Terrible quality, waste of money. ",negative,1
1200,"Great product, love it! Great product, love it! Great product, love it! ",positive,5
1201,"It is okay, nothing special. It is okay, nothing special. ",neutral,3
1202,"Great product, love it! Great product, love it! ",positive,5
1203,"Great product, love it! Great product, love it! Great product, love it! Great product, love it! ",positive,5
1204,"Great product, love it! ",positive,5
1205,"Terrible quality, waste of money. Terrible quality, waste of money. ",negative,1
1206,"It is okay, nothing special. ",neutral,3
1207,"Terrible quality, waste of money. Terrible quality, waste of money. Terrible quality, waste of money. ",negative,1
1208,"Great product, love it! Great product, love it! ",positive,5
1209,"Great product, love it! ",positive,5
1210,"It is okay, nothing special. It is okay, nothing special. ",neutral,3
1211,"Great product, love it! Great product, love it! ",positive,5
1212,"Terrible quality, waste of money. ",negative,1
1213,"Great product, love it! Great product, love it! ",positive,5
1214,"It is okay, nothing special. It is okay, nothing special. ",neutral,3
1215,"Terrible quality, waste of money. Terrible quality, waste of money. ",negative,1
1216,"Great product, love it! Great product, love it! ",positive,5
1217,"Great product, love it! Great product, love it! Great product, love it! ",positive,5
1218,"Terrible quality, waste of money. Terrible quality, waste of money. ",negative,1
1219,"Terrible quality, waste of money. Terrible quality, waste of money. ",negative,1
1220,"Great product, love it! ",positive,5
1221,"It is okay, nothing special. It is okay, nothing special. ",neutral,3
1222,"Great product, love it! Great product, love it! Great product, love it! ",positive,5
1223,"Great product, love it! Great product, love it! Great product, love it! Great product, love it! ",positive,5
1224,"It is okay, nothing special. It is okay, nothing special. ",neutral,3
1225,"Great product, love it! Great product, love it! Great product, love it! Great product, love it! ",positive,5
1226,"Terrible quality, waste of money. ",negative,1
1227,"Great product, love it! ",positive,5
1228,"Great product, love it! ",positive,5
1229,"It is okay, nothing special. ",neutral,3
1230,"Great product, love it! ",positive,5
1231,"It is okay, nothing special. ",neutral,3
1232,"Great product, love it! Great product, love it! Great product, love it! Great product, love it! ",positive,5
1233,"Great product, love it! ",positive,5
1234,"Great product, love it! Great product, love it! ",positive,5
1235,"Terrible quality, waste of money. ",negative,1
1236,"Great product, love it! Great product, love it! Great product, love it! ",positive,5
1237,"It is okay, nothing special. ",neutral,3
1238,"Terrible quality, waste of money. Terrible quality, waste of money. ",negative,1
1239,"It is okay, nothing special. ",neutral,3
1240,"Great product, love it! Great product, love it! Great product, love it! ",positive,5
1241,"It is okay, nothing special. It is okay, nothing special. ",neutral,3
1242,"It is okay, nothing special. It is okay, nothing special. ",neutral,3
1243,"It is okay, nothing special. It is okay, nothing special. ",neutral,3
1244,"It is okay, nothing special. It is okay, nothing special. ",neutral,3
1245,"It is okay, nothing special. ",neutral,3
1246,"Terrible quality, waste of money. Terrible quality, waste of money. ",negative,1
1247,"Great product, love it! ",positive,5
1248,"Great product, love it! ",positive,5
1249,"It is okay, nothing special. It is okay, nothing special. ",neutral,3
1250,"Terrible quality, waste of money. Terrible quality, waste of money. Terrible quality, waste of money. ",negative,1
1251,"It is okay, nothing special. It is okay, nothing special. ",neutral,3
1252,"Terrible quality, waste of money. Terrible quality, waste of money. Terrible quality, waste of money. ",negative,1
1253,"Great product, love it! Great product, love it! Great product, love it! Great product, love it! ",positive,5
1254,"Great product, love it! Great product, love it! Great product, love it! Great product, love it! ",positive,5
1255,"Terrible quality, waste of money. Terrible quality, waste of money. Terrible quality, waste of money. ",negative,1
1256,"Great product, love it! ",positive,5
1257,"Great product, love it! Great product, love it! Great product, love it! ",positive,5
1258,"Terrible quality, waste of money. Terrible quality, waste of money. ",negative,1
1259,"Great product, love it! Great product, love it! Great product, love it! ",positive,5
1260,"Terrible quality, waste of money. Terrible quality, waste of money. Terrible quality, waste of money. ",negative,1
1261,"Great product, love it! ",positive,5
1262,"It is okay, nothing special. It is okay, nothing special. ",neutral,3
1263,"Great product, love it! Great product, love it! Great product, love it! ",positive,5
1264,"Terrible quality, waste of money. ",negative,1
1265,"Great product, love it! Great product, love it! Great product, love it! ",positive,5
1266,"Great product, love it! Great product, love it! ",positive,5
1267,"Great product, love it! Great product, love it! Great product, love it! ",positive,5
1268,"Terrible quality, waste of money. Terrible quality, waste of money. Terrible quality, waste of money. ",negative,1
1269,"Terrible quality, waste of money. ",negative,1
1270,"Great product, love it! Great product, love it! Great product, love it! ",positive,5
1271,"Terrible quality, waste of money. ",negative,1
1272,"It is okay, nothing special. It is okay, nothing special. ",neutral,3
1273,"It is okay, nothing special. ",neutral,3
1274,"Great product, love it! Great product, love it! ",positive,5
1275,"Terrible quality, waste of money. Terrible quality, waste of money. ",negative,1
1276,"Great product, love it! Great product, love it! Great product, love it! ",positive,5
1277,"Great product, love it! ",positive,5
1278,"It is okay, nothing special. It is okay, nothing special. ",neutral,3
1279,"Great product, love it! Great product, love it! ",positive,5
1280,"Terrible quality, waste of money. Terrible quality, waste of money. Terrible quality, waste of money. ",negative,1
1281,"Terrible quality, waste of money. Terrible quality, waste of money. Terrible quality, waste of money. ",negative,1
1282,"Terrible quality, waste of money. Terrible quality, waste of money. Terrible quality, waste of money. ",negative,1
1283,"Terrible quality, waste of money. Terrible quality, waste of money. Terrible quality, waste of money. ",negative,1
1284,"Great product, love it! Great product, love it! Great product, love it! ",positive,5
1285,"Great product, love it! Great product, love it! Great product, love it! Great product, love it! ",positive,5
1286,"Terrible quality, waste of money. Terrible quality, waste of money. Terrible quality, waste of money. ",negative,1
1287,"Great product, love it! ",positive,5
1288,"Great product, love it! Great product, love it! ",positive,5
1289,"Great product, love it! ",positive,5
1290,"Great product, love it! ",positive,5
1291,"Great product, love it! Great product, love it! Great product, love it! Great product, love it! ",positive,5
1292,"Great product, love it! Great product, love it! Great product, love it! ",positive,5
1293,"Terrible quality, waste of money. Terrible quality, waste of money. ",negative,1
1294,"Terrible quality, waste of money. ",negative,1
1295,"It is okay, nothing special. ",neutral,3
1296,"Great product, love it! Great product, love it! Great product, love it! ",positive,5
1297,"Great product, love it! Great product, love it! Great product, love it! Great product, love it! ",positive,5
1298,"Great product, love it! Great product, love it! Great product, love it! Great product, love it! ",positive,5
1299,"Terrible quality, waste of money. Terrible quality, waste of money. ",negative,1
1300,"Terrible quality, waste of money. ",negative,1
1301,"Great product, love it! Great product, love it! Great product, love it! Great product, love it! ",positive,5
1302,"It is okay, nothing special. It is okay, nothing special. ",neutral,3
1303,"Great product, love it! Great product, love it! Great product, love it! Great product, love it! ",positive,5
1304,"Terrible quality, waste of money. ",negative,1
1305,"Terrible quality, waste of money. ",negative,1
1306,"It is okay, nothing special. It is okay, nothing special. ",neutral,3
1307,"Terrible quality, waste of money. Terrible quality, waste of money. Terrible quality, waste of money. ",negative,1
1308,"It is okay, nothing special. It is okay, nothing special. ",neutral,3
1309,"Great product, love it! Great product, love it! ",positive,5
1310,"It is okay, nothing special. It is okay, nothing special. ",neutral,3
1311,"Great product, love it! Great product, love it! Great product, love it! Great product, love it! ",positive,5
1312,"It is okay, nothing special. ",neutral,3
1313,"Terrible quality, waste of money. Terrible quality, waste of money. Terrible quality, waste of money. ",negative,1
1314,"It is okay, nothing special. ",neutral,3
1315,"Terrible quality, waste of money. Terrible quality, waste of money. ",negative,1
1316,"Terrible quality, waste of money. Terrible quality, waste of money. Terrible quality, waste of money. ",negative,1
1317,"Terrible quality, waste of money. ",negative,1
1318,"Terrible quality, waste of money. ",negative,1
1319,"Great product, love it! Great product, love it! Great product, love it! Great product, love it! ",positive,5
1320,"Great product, love it! Great product, love it! Great product, love it! ",positive,5
1321,"Great product, love it! Great product, love it! ",positive,5
1322,"Great product, love it! Great product, love it! Great product, love it! Great product, love it! ",positive,5
1323,"It is okay, nothing special. ",neutral,3
1324,"Great product, love it! ",positive,5
1325,"It is okay, nothing special. It is okay, nothing special. ",neutral,3
1326,"Great product, love it! ",positive,5
1327,"Great product, love it! ",positive,5
1328,"It is okay, nothing special. It is okay, nothing special. ",neutral,3
1329,"Terrible quality, waste of money. ",negative,1
1330,"Terrible quality, waste of money. Terrible quality, waste of money. ",negative,1
1331,"Terrible quality, waste of money. Terrible quality, waste of money. ",negative,1
1332,"Terrible quality, waste of money. ",negative,1
1333,"Great product, love it! Great product, love it! ",positive,5
1334,"It is okay, nothing special. It is okay, nothing special. ",neutral,3
1335,"It is okay, nothing special. It is okay, nothing special. ",neutral,3
1336,"Terrible quality, waste of money. ",negative,1
1337,"Great product, love it! Great product, love it! Great product, love it! Great product, love it! ",positive,5
1338,"Terrible quality, waste of money. Terrible quality, waste of money. Terrible quality, waste of money. ",negative,1
1339,"Great product, love it! Great product, love it! Great product, love it! ",positive,5
1340,"Great product, love it! Great product, love it! Great product, love it! ",positive,5
1341,"Great product, love it! ",positive,5
1342,"Terrible quality, waste of money. Terrible quality, waste of money. ",negative,1
1343,"It is okay, nothing special. It is okay, nothing special. ",neutral,3
1344,"Terrible quality, waste of money. ",negative,1
1345,"Terrible quality, waste of money. ",negative,1
1346,"Great product, love it! Great product, love it! Great product, love it! Great product, love it! ",positive,5
1347,"Great product, love it! Great product, love it! Great product, love it! Great product, love it! ",positive,5
1348,"Great product, love it! Great product, love it! Great product, love it! ",positive,5
1349,"It is okay, nothing special. ",neutral,3
1350,"Great product, love it! ",positive,5
1351,"It is okay, nothing special. ",neutral,3
1352,"Terrible quality, waste of money. Terrible quality, waste of money. ",negative,1
1353,"Great product, love it! ",positive,5
1354,"Terrible quality, waste of money. ",negative,1
1355,"Terrible quality, waste of money. Terrible quality, waste of money. ",negative,1
1356,"It is okay, nothing special. It is okay, nothing special. ",neutral,3
1357,"It is okay, nothing special. It is okay, nothing special. ",neutral,3
1358,"Great product, love it! Great product, love it! ",positive,5
1359,"Great product, love it! Great product, love it! ",positive,5
1360,"Terrible quality, waste of money. Terrible quality, waste of money. Terrible quality, waste of money. ",negative,1
1361,"It is okay, nothing special. ",neutral,3
1362,"Great product, love it! Great product, love it! Great product, love it! ",positive,5
1363,"Terrible quality, waste of money. Terrible quality, waste of money. ",negative,1
1364,"Terrible quality, waste of money. Terrible quality, waste of money. Terrible quality, waste of money. ",negative,1
1365,"Terrible quality, waste of money. Terrible quality, waste of money. ",negative,1
1366,"Great product, love it! Great product, love it! Great product, love it! ",positive,5
1367,"Terrible quality, waste of money. Terrible quality, waste of money. Terrible quality, waste of money. ",negative,1
1368,"It is okay, nothing special. It is okay, nothing special. ",neutral,3
1369,"Great product, love it! Great product, love it! ",positive,5
1370,"Great product, love it! Great product, love it! Great product, love it! ",positive,5
1371,"It is okay, nothing special. ",neutral,3
1372,"Great product, love it! Great product, love it! Great product, love it! ",positive,5
1373,"It is okay, nothing special. ",neutral,3
1374,"Terrible quality, waste of money. ",negative,1
1375,"Great product, love it! Great product, love it! ",positive,5
1376,"It is okay, nothing special. It is okay, nothing special. ",neutral,3
1377,"Great product, love it! Great product, love it! Great product, love it! Great product, love it! ",positive,5
1378,"Terrible quality, waste of money. ",negative,1
1379,"Great product, love it! Great product, love it! Great product, love it! ",positive,5
1380,"Terrible quality, waste of money. Terrible quality, waste of money. ",negative,1
1381,"Great product, love it! Great product, love it! Great product, love it! ",positive,5
1382,"Great product, love it! Great product, love it! Great product, love it! Great product, love it! ",positive,5
1383,"It is okay, nothing special. ",neutral,3
1384,"Great product, love it! ",positive,5
1385,"Terrible quality, waste of money. ",negative,1
1386,"Great product, love it! Great product, love it! ",positive,5
1387,"It is okay, nothing special. It is okay, nothing special. ",neutral,3
1388,"Great product, love it! Great product, love it! Great product, love it! Great product, love it! ",positive,5
1389,"It is okay, nothing special. It is okay, nothing special. ",neutral,3
1390,"Terrible quality, waste of money. Terrible quality, waste of money. Terrible quality, waste of money. ",negative,1
1391,"Great product, love it! ",positive,5
1392,"Great product, love it! ",positive,5
1393,"Great product, love it! ",positive,5
1394,"Terrible quality, waste of money. Terrible quality, waste of money. ",negative,1
1395,"Great product, love it! ",positive,5
1396,"It is okay, nothing special. ",neutral,3
1397,"Great product, love it! ",positive,5
1398,"Great product, love it! Great product, love it! Great product, love it! Great product, love it! ",positive,5
1399,"Terrible quality, waste of money. Terrible quality, waste of money. ",negative,1
1400,"Terrible quality, waste of money. ",negative,1
1401,"Great product, love it! Great product, love it! ",positive,5
1402,"Great product, love it! ",positive,5
1403,"Great product, love it! ",positive,5
1404,"Terrible quality, waste of money. ",negative,1
1405,"Terrible quality, waste of money. Terrible quality, waste of money. ",negative,1
1406,"Terrible quality, waste of money. Terrible quality, waste of money. ",negative,1
1407,"It is okay, nothing special. ",neutral,3
1408,"It is okay, nothing special. ",neutral,3
1409,"Terrible quality, waste of money. Terrible quality, waste of money. ",negative,1
1410,"It is okay, nothing special. It is okay, nothing special. ",neutral,3
1411,"Great product, love it! Great product, love it! ",positive,5
1412,"Great product, love it! ",positive,5
1413,"Great product, love it! Great product, love it! Great product, love it! ",positive,5
1414,"Great product, love it! ",positive,5
1415,"Terrible quality, waste of money. Terrible quality, waste of money. ",negative,1
1416,"It is okay, nothing special. It is okay, nothing special. ",neutral,3
1417,"Great product, love it! ",positive,5
1418,"Great product, love it! ",positive,5
1419,"Terrible quality, waste of money. Terrible quality, waste of money. Terrible quality, waste of money. ",negative,1
1420,"It is okay, nothing special. It is okay, nothing special. ",neutral,3
1421,"Great product, love it! Great product, love it! Great product, love it! ",positive,5
1422,"Terrible quality, waste of money. Terrible quality, waste of money. ",negative,1
1423,"Great product, love it! Great product, love it! Great product, love it! ",positive,5
1424,"Great product, love it! Great product, love it! Great product, love it! ",positive,5
1425,"It is okay, nothing special. It is okay, nothing special. ",neutral,3
1426,"It is okay, nothing special. It is okay, nothing special. ",neutral,3
1427,"Great product, love it! Great product, love it! ",positive,5
1428,"It is okay, nothing special. It is okay, nothing special. ",neutral,3
1429,"Terrible quality, waste of money. Terrible quality, waste of money. ",negative,1
1430,"It is okay, nothing special. ",neutral,3
1431,"Terrible quality, waste of money. Terrible quality, waste of money. ",negative,1
1432,"Terrible quality, waste of money. Terrible quality, waste of money. ",negative,1
1433,"Terrible quality, waste of money. Terrible quality, waste of money. ",negative,1
1434,"Terrible quality, waste of money. Terrible quality, waste of money. Terrible quality, waste of money. ",negative,1
1435,"Great product, love it! Great product, love it! Great product, love it! Great product, love it! ",positive,5
1436,"Great product, love it! Great product, love it! ",positive,5
1437,"Great product, love it! Great product, love it! Great product, love it! Great product, love it! ",positive,5
1438,"Terrible quality, waste of money. ",negative,1
1439,"Great product, love it! ",positive,5
1440,"Terrible quality, waste of money. Terrible quality, waste of money. ",negative,1
1441,"It is okay, nothing special. ",neutral,3
1442,"Great product, love it! Great product, love it! Great product, love it! Great product, love it! ",positive,5
1443,"Terrible quality, waste of money. Terrible quality, waste of money. Terrible quality, waste of money. ",negative,1
1444,"Great product, love it! Great product, love it! ",positive,5
1445,"It is okay, nothing special. ",neutral,3
1446,"Great product, love it! Great product, love it! Great product, love it! Great product, love it! ",positive,5
1447,"Terrible quality, waste of money. ",negative,1
1448,"It is okay, nothing special. It is okay, nothing special. ",neutral,3
1449,"It is okay, nothing special. It is okay, nothing special. ",neutral,3
1450,"Terrible quality, waste of money. Terrible quality, waste of money. ",negative,1
1451,"Terrible quality, waste of money. ",negative,1
1452,"Terrible quality, waste of money. Terrible quality, waste of money. ",negative,1
1453,"It is okay, nothing special. ",neutral,3
1454,"Terrible quality, waste of money. Terrible quality, waste of money. Terrible quality, waste of money. ",negative,1
1455,"Great product, love it! ",positive,5
1456,"It is okay, nothing special. ",neutral,3
1457,"Terrible quality, waste of money. Terrible quality, waste of money. ",negative,1
1458,"Terrible quality, waste of money. ",negative,1
1459,"Great product, love it! Great product, love it! ",positive,5
1460,"Terrible quality, waste of money. Terrible quality, waste of money. Terrible quality, waste of money. ",negative,1
1461,"Great product, love it! Great product, love it! ",positive,5
1462,"Terrible quality, waste of money. Terrible quality, waste of money. ",negative,1
1463,"Great product, love it! Great product, love it! Great product, love it! Great product, love it! ",positive,5
1464,"Terrible quality, waste of money. ",negative,1
1465,"It is okay, nothing special. ",neutral,3
1466,"Great product, love it! Great product, love it! ",positive,5
1467,"It is okay, nothing special. ",neutral,3
1468,"Great product, love it! ",positive,5
1469,"It is okay, nothing special. It is okay, nothing special. ",neutral,3
1470,"It is okay, nothing special. ",neutral,3
1471,"Terrible quality, waste of money. Terrible quality, waste of money. ",negative,1
1472,"Terrible quality, waste of money. Terrible quality, waste of money. ",negative,1
1473,"It is okay, nothing special. It is okay, nothing special. ",neutral,3
1474,"Great product, love it! Great product, love it! Great product, love it! ",positive,5
1475,"Great product, love it! Great product, love it! ",positive,5
1476,"Terrible quality, waste of money. ",negative,1
1477,"It is okay, nothing special. ",neutral,3
1478,"It is okay, nothing special. ",neutral,3
1479,"It is okay, nothing special. ",neutral,3
1480,"Great product, love it! Great product, love it! Great product, love it! Great product, love it! ",positive,5
1481,"It is okay, nothing special. ",neutral,3
1482,"Great product, love it! Great product, love it! Great product, love it! ",positive,5
1483,"Terrible quality, waste of money. Terrible quality, waste of money. Terrible quality, waste of money. ",negative,1
1484,"Great product, love it! ",positive,5
1485,"Great product, love it! Great product, love it! ",positive,5
1486,"Great product, love it! ",positive,5
1487,"Great product, love it! Great product, love it! ",positive,5
1488,"Terrible quality, waste of money. ",negative,1
1489,"Great product, love it! Great product, love it! Great product, love it! Great product, love it! ",positive,5
1490,"Great product, love it! Great product, love it! Great product, love it! Great product, love it! ",positive,5
1491,"Great product, love it! Great product, love it! Great product, love it! ",positive,5
1492,"Great product, love it! Great product, love it! Great product, love it! Great product, love it! ",positive,5
1493,"Great product, love it! Great product, love it! Great product, love it! ",positive,5
1494,"Great product, love it! Great product, love it! ",positive,5
1495,"Terrible quality, waste of money. Terrible quality, waste of money. ",negative,1
1496,"Terrible quality, waste of money. ",negative,1
1497,"Terrible quality, waste of money. Terrible quality, waste of money. ",negative,1
1498,"Terrible quality, waste of money. ",negative,1
1499,"Great product, love it! Great product, love it! ",positive,5
1500,"It is okay, nothing special. It is okay, nothing special. ",neutral,3
1501,"Terrible quality, waste of money. Terrible quality, waste of money. ",negative,1
1502,"Terrible quality, waste of money. Terrible quality, waste of money. Terrible quality, waste of money. ",negative,1
1503,"Great product, love it! Great product, love it! Great product, love it! ",positive,5
1504,"Great product, love it! ",positive,5
1505,"Great product, love it! Great product, love it! ",positive,5
1506,"Great product, love it! ",positive,5
1507,"Terrible quality, waste of money. Terrible quality, waste of money. ",negative,1
1508,"Terrible quality, waste of money. Terrible quality, waste of money. Terrible quality, waste of money. ",negative,1
1509,"Terrible quality, waste of money. Terrible quality, waste of money. Terrible quality, waste of money. ",negative,1
1510,"It is okay, nothing special. It is okay, nothing special. ",neutral,3
1511,"It is okay, nothing special. It is okay, nothing special. ",neutral,3
1512,"Terrible quality, waste of money. Terrible quality, waste of money. Terrible quality, waste of money. ",negative,1
1513,"It is okay, nothing special. ",neutral,3
1514,"Great product, love it! ",positive,5
1515,"Great product, love it! Great product, love it! Great product, love it! ",positive,5
1516,"Great product, love it! Great product, love it! ",positive,5
1517,"Terrible quality, waste of money. ",negative,1
1518,"It is okay, nothing special. It is okay, nothing special. ",neutral,3
1519,"Great product, love it! Great product, love it! Great product, love it! Great product, love it! ",positive,5
1520,"It is okay, nothing special. ",neutral,3
1521,"Great product, love it! Great product, love it! ",positive,5
1522,"It is okay, nothing special. ",neutral,3
1523,"Great product, love it! Great product, love it! Great product, love it! Great product, love it! ",positive,5
1524,"Great product, love it! Great product, love it! ",positive,5
1525,"Terrible quality, waste of money. ",negative,1
1526,"Great product, love it! Great product, love it! ",positive,5
1527,"Great product, love it! Great product, love it! Great product, love it! Great product, love it! ",positive,5
1528,"Great product, love it! ",positive,5
1529,"It is okay, nothing special. It is okay, nothing special. ",neutral,3
1530,"Terrible quality, waste of money. Terrible quality, waste of money. ",negative,1
1531,"Great product, love it! Great product, love it! Great product, love it! ",positive,5
1532,"Terrible quality, waste of money. Terrible quality, waste of money. Terrible quality, waste of money. ",negative,1
1533,"Terrible quality, waste of money. Terrible quality, waste of money. ",negative,1
1534,"Great product, love it! Great product, love it! ",positive,5
1535,"Great product, love it! Great product, love it! ",positive,5
1536,"Great product, love it! ",positive,5
1537,"Great product, love it! Great product, love it! Great product, love it! Great product, love it! ",positive,5
1538,"Terrible quality, waste of money. Terrible quality, waste of money. ",negative,1
1539,"Great product, love it! Great product, love it! Great product, love it! Great product, love it! ",positive,5
1540,"Terrible quality, waste of money. Terrible quality, waste of money. ",negative,1
1541,"Terrible quality, waste of money. ",negative,1
1542,"Great product, love it! Great product, love it! Great product, love it! ",positive,5
1543,"Terrible quality, waste of money. Terrible quality, waste of money. ",negative,1
1544,"Great product, love it! Great product, love it! ",positive,5
1545,"It is okay, nothing special. ",neutral,3
1546,"Terrible quality, waste of money. Terrible quality, waste of money. Terrible quality, waste of money. ",negative,1
1547,"It is okay, nothing special. ",neutral,3
1548,"Terrible quality, waste of money. Terrible quality, waste of money. ",negative,1
1549,"Great product, love it! Great product, love it! Great product, love it! Great product, love it! ",positive,5
1550,"Terrible quality, waste of money. Terrible quality, waste of money. ",negative,1
1551,"It is okay, nothing special. ",neutral,3
1552,"Terrible quality, waste of money. Terrible quality, waste of money. Terrible quality, waste of money. ",negative,1
1553,"It is okay, nothing special. ",neutral,3
1554,"It is okay, nothing special. ",neutral,3
1555,"Great product, love it! Great product, love it! Great product, love it! Great product, love it! ",positive,5
1556,"Great product, love it! Great product, love it! Great product, love it! Great product, love it! ",positive,5
1557,"Terrible quality, waste of money. ",negative,1
1558,"Great product, love it! Great product, love it! Great product, love it! ",positive,5
1559,"It is okay, nothing special. ",neutral,3
1560,"It is okay, nothing special. ",neutral,3
1561,"Great product, love it! Great product, love it! Great product, love it! ",positive,5
1562,"Great product, love it! Great product, love it! Great product, love it! Great product, love it! ",positive,5
1563,"It is okay, nothing special. It is okay, nothing special. ",neutral,3
1564,"Great product, love it! Great product, love it! Great product, love it! ",positive,5
1565,"It is okay, nothing special. ",neutral,3
1566,"Great product, love it! Great product, love it! Great product, love it! ",positive,5
1567,"Terrible quality, waste of money. Terrible quality, waste of money. ",negative,1
1568,"Great product, love it! Great product, love it! Great product, love it! ",positive,5
1569,"Terrible quality, waste of money. Terrible quality, waste of money. ",negative,1
1570,"Terrible quality, waste of money. Terrible quality, waste of money. Terrible quality, waste of money. ",negative,1
1571,"Terrible quality, waste of money. Terrible quality, waste of money. ",negative,1
1572,"Great product, love it! Great product, love it! ",positive,5
1573,"Terrible quality, waste of money. ",negative,1
1574,"It is okay, nothing special. ",neutral,3
1575,"Great product, love it! Great product, love it! Great product, love it! Great product, love it! ",positive,5
1576,"Great product, love it! ",positive,5
1577,"Great product, love it! ",positive,5
1578,"Terrible quality, waste of money. Terrible quality, waste of money. Terrible quality, waste of money. ",negative,1
1579,"Terrible quality, waste of money. ",negative,1
1580,"Terrible quality, waste of money. Terrible quality, waste of money. Terrible quality, waste of money. ",negative,1
1581,"Great product, love it! ",positive,5
1582,"Great product, love it! Great product, love it! Great product, love it! ",positive,5
1583,"Terrible quality, waste of money. Terrible quality, waste of money. Terrible quality, waste of money. ",negative,1
1584,"Terrible quality, waste of money. Terrible quality, waste of money. Terrible quality, waste of money. ",negative,1
1585,"It is okay, nothing special. It is okay, nothing special. ",neutral,3
1586,"Great product, love it! Great product, love it! Great product, love it! Great product, love it! ",positive,5
1587,"Terrible quality, waste of money. ",negative,1
1588,"Great product, love it! Great product, love it! ",positive,5
1589,"Great product, love it! Great product, love it! Great product, love it! Great product, love it! ",positive,5
1590,"Terrible quality, waste of money. ",negative,1
1591,"Terrible quality, waste of money. ",negative,1
1592,"It is okay, nothing special. ",neutral,3
1593,"Great product, love it! Great product, love it! ",positive,5
1594,"Great product, love it! ",positive,5
1595,"Terrible quality, waste of money. Terrible quality, waste of money. ",negative,1
1596,"Terrible quality, waste of money. Terrible quality, waste of money. Terrible quality, waste of money. ",negative,1
1597,"Great product, love it! ",positive,5
1598,"Great product, love it! Great product, love it! Great product, love it! Great product, love it! ",positive,5
1599,"Great product, love it! ",positive,5
1600,"It is okay, nothing special. ",neutral,3
1601,"Great product, love it! Great product, love it! Great product, love it! ",positive,5
1602,"Great product, love it! ",positive,5
1603,"Great product, love it! Great product, love it! Great product, love it! ",positive,5
1604,"Great product, love it! Great product, love it! ",positive,5
1605,"Great product, love it! Great product, love it! ",positive,5
1606,"Terrible quality, waste of money. ",negative,1
1607,"Great product, love it! Great product, love it! ",positive,5
1608,"It is okay, nothing special. It is okay, nothing special. ",neutral,3
1609,"Great product, love it! Great product, love it! Great product, love it! Great product, love it! ",positive,5
1610,"Terrible quality, waste of money. ",negative,1
1611,"It is okay, nothing special. ",neutral,3
1612,"Terrible quality, waste of money. ",negative,1
1613,"Terrible quality, waste of money. Terrible quality, waste of money. ",negative,1
1614,"Great product, love it! Great product, love it! Great product, love it! Great product, love it! ",positive,5
1615,"Great product, love it! ",positive,5
1616,"Terrible quality, waste of money. ",negative,1
1617,"It is okay, nothing special. It is okay, nothing special. ",neutral,3
1618,"Terrible quality, waste of money. Terrible quality, waste of money. ",negative,1
1619,"Terrible quality, waste of money. ",negative,1
1620,"Terrible quality, waste of money. Terrible quality, waste of money. ",negative,1
1621,"Terrible quality, waste of money. Terrible quality, waste of money. ",negative,1
1622,"Great product, love it! Great product, love it! ",positive,5
1623,"Terrible quality, waste of money. Terrible quality, waste of money. ",negative,1
1624,"It is okay, nothing special. It is okay, nothing special. ",neutral,3
1625,"Great product, love it! Great product, love it! Great product, love it! Great product, love it! ",positive,5
1626,"Terrible quality, waste of money. Terrible quality, waste of money. ",negative,1
1627,"Great product, love it! Great product, love it! Great product, love it! ",positive,5
1628,"Terrible quality, waste of money. ",negative,1
1629,"Great product, love it! Great product, love it! Great product, love it! Great product, love it! ",positive,5
1630,"Terrible quality, waste of money. Terrible quality, waste of money. ",negative,1
1631,"It is okay, nothing special. ",neutral,3
1632,"Great product, love it! Great product, love it! Great product, love it! ",positive,5
1633,"Terrible quality, waste of money. Terrible quality, waste of money. ",negative,1
1634,"It is okay, nothing special. ",neutral,3
1635,"It is okay, nothing special. It is okay, nothing special. ",neutral,3
1636,"Great product, love it! Great product, love it! ",positive,5
1637,"Great product, love it! Great product, love it! ",positive,5
1638,"Great product, love it! Great product, love it! ",positive,5
1639,"It is okay, nothing special. It is okay, nothing special. ",neutral,3
1640,"It is okay, nothing special. It is okay, nothing special. ",neutral,3
1641,"Terrible quality, waste of money. Terrible quality, waste of money. ",negative,1
1642,"It is okay, nothing special. ",neutral,3
1643,"Terrible quality, waste of money. Terrible quality, waste of money. Terrible quality, waste of money. ",negative,1
1644,"Terrible quality, waste of money. Terrible quality, waste of money. ",negative,1
1645,"Great product, love it! Great product, love it! ",positive,5
1646,"It is okay, nothing special. ",neutral,3
1647,"Great product, love it! Great product, love it! Great product, love it! ",positive,5
1648,"It is okay, nothing special. It is okay, nothing special. ",neutral,3
1649,"It is okay, nothing special. ",neutral,3
1650,"Terrible quality, waste of money. Terrible quality, waste of money. ",negative,1
1651,"Great product, love it! ",positive,5
1652,"Great product, love it! ",positive,5
1653,"Great product, love it! ",positive,5
1654,"Great product, love it! ",positive,5
1655,"Great product, love it! Great product, love it! ",positive,5
1656,"It is okay, nothing special. ",neutral,3
1657,"Terrible quality, waste of money. Terrible quality, waste of money. Terrible quality, waste of money. ",negative,1
1658,"Great product, love it! Great product, love it! Great product, love it! ",positive,5
1659,"Great product, love it! ",positive,5
1660,"Great product, love it! Great product, love it! Great product, love it! ",positive,5
1661,"Terrible quality, waste of money. Terrible quality, waste of money. ",negative,1
1662,"Terrible quality, waste of money. ",negative,1
1663,"It is okay, nothing special. ",neutral,3
1664,"Terrible quality, waste of money. Terrible quality, waste of money. ",negative,1
1665,"It is okay, nothing special. ",neutral,3
1666,"It is okay, nothing special. It is okay, nothing special. ",neutral,3
1667,"Great product, love it! Great product, love it! ",positive,5
1668,"It is okay, nothing special. ",neutral,3
1669,"Great product, love it! Great product, love it! ",positive,5
1670,"It is okay, nothing special. ",neutral,3
1671,"Great product, love it! Great product, love it! Great product, love it! ",positive,5
1672,"It is okay, nothing special. It is okay, nothing special. ",neutral,3
1673,"It is okay, nothing special. It is okay, nothing special. ",neutral,3
1674,"It is okay, nothing special. ",neutral,3
1675,"It is okay, nothing special. It is okay, nothing special. ",neutral,3
1676,"Great product, love it! Great product, love it! Great product, love it! ",positive,5
1677,"Great product, love it! Great product, love it! Great product, love it! Great product, love it! ",positive,5
1678,"Great product, love it! Great product, love it! Great product, love it! Great product, love it! ",positive,5
1679,"Great product, love it! ",positive,5
1680,"Terrible quality, waste of money. Terrible quality, waste of money. Terrible quality, waste of money. ",negative,1
1681,"Great product, love it! Great product, love it! Great product, love it! ",positive,5
1682,"It is okay, nothing special. It is okay, nothing special. ",neutral,3
1683,"Terrible quality, waste of money. Terrible quality, waste of money. Terrible quality, waste of money. ",negative,1
1684,"It is okay, nothing special. ",neutral,3
1685,"Great product, love it! Great product, love it! Great product, love it! Great product, love it! ",positive,5
1686,"It is okay, nothing special. It is okay, nothing special. ",neutral,3
1687,"It is okay, nothing special. ",neutral,3
1688,"Terrible quality, waste of money. Terrible quality, waste of money. Terrible quality, waste of money. ",negative,1
1689,"Terrible quality, waste of money. Terrible quality, waste of money. Terrible quality, waste of money. ",negative,1
1690,"It is okay, nothing special. ",neutral,3
1691,"Great product, love it! Great product, love it! ",positive,5
1692,"Terrible quality, waste of money. ",negative,1
1693,"Great product, love it! ",positive,5
1694,"Great product, love it! Great product, love it! Great product, love it! ",positive,5
1695,"Great product, love it! Great product, love it! Great product, love it! Great product, love it! ",positive,5
1696,"Great product, love it! Great product, love it! Great product, love it! ",positive,5
1697,"Great product, love it! ",positive,5
1698,"Great product, love it! Great product, love it! ",positive,5
1699,"It is okay, nothing special. It is okay, nothing special. ",neutral,3
1700,"Terrible quality, waste of money. ",negative,1
1701,"It is okay, nothing special. ",neutral,3
1702,"Great product, love it! Great product, love it! ",positive,5
1703,"Great product, love it! ",positive,5
1704,"Terrible quality, waste of money. ",negative,1
1705,"Great product, love it! Great product, love it! Great product, love it! Great product, love it! ",positive,5
1706,"Great product, love it! Great product, love it! Great product, love it! Great product, love it! ",positive,5
1707,"Terrible quality, waste of money. Terrible quality, waste of money. Terrible quality, waste of money. ",negative,1
1708,"Great product, love it! Great product, love it! ",positive,5
1709,"Terrible quality, waste of money. Terrible quality, waste of money. Terrible quality, waste of money. ",negative,1
1710,"Terrible quality, waste of money. Terrible quality, waste of money. Terrible quality, waste of money. ",negative,1
1711,"Great product, love it! Great product, love it! ",positive,5
1712,"Great product, love it! Great product, love it! ",positive,5
1713,"It is okay, nothing special. ",neutral,3
1714,"Terrible quality, waste of money. Terrible quality, waste of money. Terrible quality, waste of money. ",negative,1
1715,"Great product, love it! Great product, love it! Great product, love it! Great product, love it! ",positive,5
1716,"It is okay, nothing special. It is okay, nothing special. ",neutral,3
1717,"Great product, love it! Great product, love it! Great product, love it! ",positive,5
1718,"Terrible quality, waste of money. Terrible quality, waste of money. Terrible quality, waste of money. ",negative,1
1719,"It is okay, nothing special. It is okay, nothing special. ",neutral,3
1720,"Great product, love it! ",positive,5
1721,"Great product, love it! Great product, love it! Great product, love it! ",positive,5
1722,"Great product, love it! Great product, love it! Great product, love it! Great product, love it! ",positive,5
1723,"Great product, love it! Great product, love it! ",positive,5
1724,"Great product, love it! ",positive,5
1725,"Terrible quality, waste of money. Terrible quality, waste of money. Terrible quality, waste of money. ",negative,1
1726,"Great product, love it! Great product, love it! ",positive,5
1727,"Terrible quality, waste of money. Terrible quality, waste of money. Terrible quality, waste of money. ",negative,1
1728,"It is okay, nothing special. It is okay, nothing special. ",neutral,3
1729,"It is okay, nothing special. It is okay, nothing special. ",neutral,3
1730,"Terrible quality, waste of money. Terrible quality, waste of money. Terrible quality, waste of money. ",negative,1
1731,"Great product, love it! Great product, love it! Great product, love it! ",positive,5
1732,"Terrible quality, waste of money. Terrible quality, waste of money. ",negative,1
1733,"Terrible quality, waste of money. ",negative,1
1734,"Great product, love it! Great product, love it! Great product, love it! ",positive,5
1735,"Great product, love it! Great product, love it! ",positive,5
1736,"It is okay, nothing special. It is okay, nothing special. ",neutral,3
1737,"Great product, love it! Great product, love it! Great product, love it! Great product, love it! ",positive,5
1738,"Great product, love it! ",positive,5
1739,"Great product, love it! Great product, love it! Great product, love it! Great product, love it! ",positive,5
1740,"Great product, love it! ",positive,5
1741,"It is okay, nothing special. ",neutral,3
1742,"Terrible quality, waste of money. Terrible quality, waste of money. Terrible quality, waste of money. ",negative,1
1743,"It is okay, nothing special. It is okay, nothing special. ",neutral,3
1744,"Great product, love it! Great product, love it! ",positive,5
1745,"Great product, love it! Great product, love it! ",positive,5
1746,"Terrible quality, waste of money. ",negative,1
1747,"Great product, love it! Great product, love it! ",positive,5
1748,"Great product, love it! Great product, love it! Great product, love it! ",positive,5
1749,"It is okay, nothing special. ",neutral,3
1750,"Great product, love it! ",positive,5
1751,"Terrible quality, waste of money. ",negative,1
1752,"Great product, love it! ",positive,5
1753,"Great product, love it! Great product, love it! Great product, love it! ",positive,5
1754,"Great product, love it! Great product, love it! ",positive,5
1755,"It is okay, nothing special. ",neutral,3
1756,"It is okay, nothing special. It is okay, nothing special. ",neutral,3
1757,"It is okay, nothing special. ",neutral,3
1758,"Terrible quality, waste of money. ",negative,1
1759,"Great product, love it! ",positive,5
1760,"Terrible quality, waste of money. Terrible quality, waste of money. Terrible quality, waste of money. ",negative,1
1761,"Terrible quality, waste of money. Terrible quality, waste of money. Terrible quality, waste of money. ",negative,1
1762,"It is okay, nothing special. It is okay, nothing special. ",neutral,3
1763,"Great product, love it! Great product, love it! ",positive,5
1764,"Terrible quality, waste of money. Terrible quality, waste of money. Terrible quality, waste of money. ",negative,1
1765,"Great product, love it! Great product, love it! Great product, love it! Great product, love it! ",positive,5
1766,"Great product, love it! Great product, love it! Great product, love it! ",positive,5
1767,"Terrible quality, waste of money. Terrible quality, waste of money. ",negative,1
1768,"Terrible quality, waste of money. Terrible quality, waste of money. ",negative,1
1769,"Great product, love it! Great product, love it! ",positive,5
1770,"Great product, love it! Great product, love it! Great product, love it! ",positive,5
1771,"Terrible quality, waste of money. Terrible quality, waste of money. ",negative,1
1772,"It is okay, nothing special. ",neutral,3
1773,"It is okay, nothing special. ",neutral,3
1774,"It is okay, nothing special. ",neutral,3
1775,"It is okay, nothing special. ",neutral,3
1776,"Great product, love it! ",positive,5
1777,"Terrible quality, waste of money. Terrible quality, waste of money. Terrible quality, waste of money. ",negative,1
1778,"Great product, love it! Great product, love it! Great product, love it! ",positive,5
1779,"Great product, love it! ",positive,5
1780,"It is okay, nothing special. It is okay, nothing special. ",neutral,3
1781,"Great product, love it! Great product, love it! Great product, love it! Great product, love it! ",positive,5
1782,"It is okay, nothing special. ",neutral,3
1783,"Terrible quality, waste of money. ",negative,1
1784,"Terrible quality, waste of money. Terrible quality, waste of money. Terrible quality, waste of money. ",negative,1
1785,"Terrible quality, waste of money. Terrible quality, waste of money. ",negative,1
1786,"It is okay, nothing special. It is okay, nothing special. ",neutral,3
1787,"Terrible quality, waste of money. ",negative,1
1788,"Terrible quality, waste of money. Terrible quality, waste of money. Terrible quality, waste of money. ",negative,1
1789,"Great product, love it! Great product, love it! Great product, love it! Great product, love it! ",positive,5
1790,"Terrible quality, waste of money. Terrible quality, waste of money. Terrible quality, waste of money. ",negative,1
1791,"Great product, love it! Great product, love it! Great product, love it! ",positive,5
1792,"Terrible quality, waste of money. Terrible quality, waste of money. Terrible quality, waste of money. ",negative,1
1793,"Terrible quality, waste of money. ",negative,1
1794,"Terrible quality, waste of money. Terrible quality, waste of money. ",negative,1
1795,"Great product, love it! Great product, love it! Great product, love it! Great product, love it! ",positive,5
1796,"Great product, love it! ",positive,5
1797,"Terrible quality, waste of money. Terrible quality, waste of money. Terrible quality, waste of money. ",negative,1
1798,"Great product, love it! Great product, love it! Great product, love it! ",positive,5
1799,"Great product, love it! Great product, love it! ",positive,5
1800,"Great product, love it! Great product, love it! Great product, love it! ",positive,5
1801,"It is okay, nothing special. ",neutral,3
1802,"Terrible quality, waste of money. ",negative,1
1803,"Great product, love it! Great product, love it! ",positive,5
1804,"Great product, love it! ",positive,5
1805,"Great product, love it! Great product, love it! Great product, love it! Great product, love it! ",positive,5
1806,"It is okay, nothing special. ",neutral,3
1807,"Terrible quality, waste of money. ",negative,1
1808,"Great product, love it! ",positive,5
1809,"Great product, love it! Great product, love it! Great product, love it! Great product, love it! ",positive,5
1810,"Great product, love it! Great product, love it! Great product, love it! ",positive,5
1811,"Terrible quality, waste of money. ",negative,1
1812,"It is okay, nothing special. It is okay, nothing special. ",neutral,3
1813,"Great product, love it! Great product, love it! Great product, love it! Great product, love it! ",positive,5
1814,"Great product, love it! Great product, love it! ",positive,5
1815,"Great product, love it! ",positive,5
1816,"It is okay, nothing special. It is okay, nothing special. ",neutral,3
1817,"Great product, love it! ",positive,5
1818,"It is okay, nothing special. It is okay, nothing special. ",neutral,3
1819,"Terrible quality, waste of money. Terrible quality, waste of money. ",negative,1
1820,"Great product, love it! Great product, love it! ",positive,5
1821,"Great product, love it! ",positive,5
1822,"Great product, love it! ",positive,5
1823,"Terrible quality, waste of money. Terrible quality, waste of money. Terrible quality, waste of money. ",negative,1
1824,"It is okay, nothing special. ",neutral,3
1825,"Terrible quality, waste of money. ",negative,1
1826,"Terrible quality, waste of money. Terrible quality, waste of money. Terrible quality, waste of money. ",negative,1
1827,"Great product, love it! ",positive,5
1828,"It is okay, nothing special. ",neutral,3
1829,"It is okay, nothing special. ",neutral,3
1830,"Great product, love it! Great product, love it! Great product, love it! Great product, love it! ",positive,5
1831,"It is okay, nothing special. It is okay, nothing special. ",neutral,3
1832,"Terrible quality, waste of money. ",negative,1
1833,"Terrible quality, waste of money. ",negative,1
1834,"Terrible quality, waste of money. Terrible quality, waste of money. Terrible quality, waste of money. ",negative,1
1835,"It is okay, nothing special. ",neutral,3
1836,"Terrible quality, waste of money. Terrible quality, waste of money. ",negative,1
1837,"Great product, love it! ",positive,5
1838,"Great product, love it! Great product, love it! ",positive,5
1839,"It is okay, nothing special. It is okay, nothing special. ",neutral,3
1840,"Great product, love it! Great product, love it! Great product, love it! ",positive,5
1841,"Great product, love it! ",positive,5
1842,"Great product, love it! ",positive,5
1843,"Great product, love it! Great product, love it! Great product, love it! ",positive,5
1844,"Terrible quality, waste of money. Terrible quality, waste of money. ",negative,1
1845,"It is okay, nothing special. ",neutral,3
1846,"Great product, love it! Great product, love it! Great product, love it! Great product, love it! ",positive,5
1847,"Great product, love it! ",positive,5
1848,"Great product, love it! Great product, love it! Great product, love it! Great product, love it! ",positive,5
1849,"It is okay, nothing special. ",neutral,3
1850,"Terrible quality, waste of money. ",negative,1
1851,"Great product, love it! Great product, love it! Great product, love it! Great product, love it! ",positive,5
1852,"It is okay, nothing special. It is okay, nothing special. ",neutral,3
1853,"It is okay, nothing special. It is okay, nothing special. ",neutral,3
1854,"It is okay, nothing special. ",neutral,3
1855,"It is okay, nothing special. It is okay, nothing special. ",neutral,3
1856,"Great product, love it! Great product, love it! Great product, love it! Great product, love it! ",positive,5
1857,"It is okay, nothing special. It is okay, nothing special. ",neutral,3
1858,"Terrible quality, waste of money. Terrible quality, waste of money. ",negative,1
1859,"It is okay, nothing special. It is okay, nothing special. ",neutral,3
1860,"Terrible quality, waste of money. ",negative,1
1861,"It is okay, nothing special. ",neutral,3
1862,"Terrible quality, waste of money. Terrible quality, waste of money. ",negative,1
1863,"Great product, love it! Great product, love it! Great product, love it! ",positive,5
1864,"Terrible quality, waste of money. ",negative,1
1865,"It is okay, nothing special. It is okay, nothing special. ",neutral,3
1866,"It is okay, nothing special. It is okay, nothing special. ",neutral,3
1867,"Great product, love it! Great product, love it! Great product, love it! Great product, love it! ",positive,5
1868,"Great product, love it! Great product, love it! ",positive,5
1869,"Great product, love it! Great product, love it! Great product, love it! Great product, love it! ",positive,5
1870,"Terrible quality, waste of money. Terrible quality, waste of money. Terrible quality, waste of money. ",negative,1
1871,"It is okay, nothing special. It is okay, nothing special. ",neutral,3
1872,"Great product, love it! ",positive,5
1873,"Terrible quality, waste of money. Terrible quality, waste of money. ",negative,1
1874,"It is okay, nothing special. ",neutral,3
1875,"Terrible quality, waste of money. Terrible quality, waste of money. ",negative,1
1876,"Terrible quality, waste of money. ",negative,1
1877,"Terrible quality, waste of money. Terrible quality, waste of money. Terrible quality, waste of money. ",negative,1
1878,"Terrible quality, waste of money. Terrible quality, waste of money. ",negative,1
1879,"Great product, love it! Great product, love it! Great product, love it! ",positive,5
1880,"Terrible quality, waste of money. ",negative,1
1881,"Terrible quality, waste of money. Terrible quality, waste of money. Terrible quality, waste of money. ",negative,1
1882,"It is okay, nothing special. ",neutral,3
1883,"Terrible quality, waste of money. Terrible quality, waste of money. ",negative,1
1884,"It is okay, nothing special. It is okay, nothing special. ",neutral,3
1885,"Great product, love it! ",positive,5
1886,"Terrible quality, waste of money. Terrible quality, waste of money. ",negative,1
1887,"Great product, love it! Great product, love it! Great product, love it! Great product, love it! ",positive,5
1888,"Great product, love it! Great product, love it! ",positive,5
1889,"Terrible quality, waste of money. ",negative,1
1890,"It is okay, nothing special. It is okay, nothing special. ",neutral,3
1891,"Great product, love it! Great product, love it! Great product, love it! ",positive,5
1892,"Great product, love it! Great product, love it! Great product, love it! Great product, love it! ",positive,5
1893,"It is okay, nothing special. It is okay, nothing special. ",neutral,3
1894,"Great product, love it! ",positive,5
1895,"Terrible quality, waste of money. Terrible quality, waste of money. Terrible quality, waste of money. ",negative,1
1896,"Terrible quality, waste of money. Terrible quality, waste of money. Terrible quality, waste of money. ",negative,1
1897,"Terrible quality, waste of money. Terrible quality, waste of money. ",negative,1
1898,"Great product, love it! Great product, love it! ",positive,5
1899,"Great product, love it! ",positive,5
1900,"It is okay, nothing special. ",neutral,3
1901,"Terrible quality, waste of money. ",negative,1
1902,"Great product, love it! Great product, love it! ",positive,5
1903,"It is okay, nothing special. ",neutral,3
1904,"Great product, love it! ",positive,5
1905,"Terrible quality, waste of money. ",negative,1
1906,"Great product, love it! ",positive,5
1907,"It is okay, nothing special. ",neutral,3
1908,"Great product, love it! ",positive,5
1909,"Great product, love it! Great product, love it! Great product, love it! ",positive,5
1910,"Great product, love it! ",positive,5
1911,"Great product, love it! Great product, love it! Great product, love it! ",positive,5
1912,"It is okay, nothing special. ",neutral,3
1913,"It is okay, nothing special. It is okay, nothing special. ",neutral,3
1914,"Great product, love it! Great product, love it! ",positive,5
1915,"Great product, love it! ",positive,5
1916,"Terrible quality, waste of money. Terrible quality, waste of money. ",negative,1
1917,"It is okay, nothing special. ",neutral,3
1918,"Terrible quality, waste of money. ",negative,1
1919,"Great product, love it! Great product, love it! Great product, love it! ",positive,5
1920,"Great product, love it! Great product, love it! Great product, love it! Great product, love it! ",positive,5
1921,"Terrible quality, waste of money. ",negative,1
1922,"Great product, love it! Great product, love it! ",positive,5
1923,"Terrible quality, waste of money. Terrible quality, waste of money. Terrible quality, waste of money. ",negative,1
1924,"Great product, love it! Great product, love it! ",positive,5
1925,"It is okay, nothing special. It is okay, nothing special. ",neutral,3
1926,"Great product, love it! ",positive,5
1927,"Terrible quality, waste of money. Terrible quality, waste of money. Terrible quality, waste of money. ",negative,1
1928,"Terrible quality, waste of money. Terrible quality, waste of money. ",negative,1
1929,"Terrible quality, waste of money. ",negative,1
1930,"Great product, love it! ",positive,5
1931,"Terrible quality, waste of money. ",negative,1
1932,"Terrible quality, waste of money. Terrible quality, waste of money. ",negative,1
1933,"Terrible quality, waste of money. ",negative,1
1934,"Terrible quality, waste of money. Terrible quality, waste of money. Terrible quality, waste of money. ",negative,1
1935,"Terrible quality, waste of money. Terrible quality, waste of money. Terrible quality, waste of money. ",negative,1
1936,"It is okay, nothing special. It is okay, nothing special. ",neutral,3
1937,"Great product, love it! Great product, love it! Great product, love it! ",positive,5
1938,"It is okay, nothing special. It is okay, nothing special. ",neutral,3
1939,"Terrible quality, waste of money. ",negative,1
1940,"Great product, love it! Great product, love it! ",positive,5
1941,"Great product, love it! Great product, love it! Great product, love it! Great product, love it! ",positive,5
1942,"Great product, love it! ",positive,5
1943,"It is okay, nothing special. It is okay, nothing special. ",neutral,3
1944,"Terrible quality, waste of money. Terrible quality, waste of money. ",negative,1
1945,"It is okay, nothing special. It is okay, nothing special. ",neutral,3
1946,"Terrible quality, waste of money. ",negative,1
1947,"Great product, love it! Great product, love it! Great product, love it! ",positive,5
1948,"Great product, love it! Great product, love it! Great product, love it! ",positive,5
1949,"Great product, love it! Great product, love it! Great product, love it! Great product, love it! ",positive,5
1950,"Great product, love it! Great product, love it! ",positive,5
1951,"Great product, love it! ",positive,5
1952,"Great product, love it! ",positive,5
1953,"Terrible quality, waste of money. Terrible quality, waste of money. ",negative,1
1954,"Terrible quality, waste of money. Terrible quality, waste of money. Terrible quality, waste of money. ",negative,1
1955,"It is okay, nothing special. ",neutral,3
1956,"It is okay, nothing special. It is okay, nothing special. ",neutral,3
1957,"Terrible quality, waste of money. Terrible quality, waste of money. Terrible quality, waste of money. ",negative,1
1958,"Great product, love it! Great product, love it! Great product, love it! Great product, love it! ",positive,5
1959,"Terrible quality, waste of money. Terrible quality, waste of money. Terrible quality, waste of money. ",negative,1
1960,"It is okay, nothing special. It is okay, nothing special. ",neutral,3
1961,"Great product, love it! Great product, love it! Great product, love it! Great product, love it! ",positive,5
1962,"Great product, love it! Great product, love it! Great product, love it! Great product, love it! ",positive,5
1963,"It is okay, nothing special. It is okay, nothing special. ",neutral,3
1964,"Great product, love it! Great product, love it! Great product, love it! Great product, love it! ",positive,5
1965,"Terrible quality, waste of money. Terrible quality, waste of money. Terrible quality, waste of money. ",negative,1
1966,"Terrible quality, waste of money. ",negative,1
1967,"Great product, love it! ",positive,5
1968,"Great product, love it! Great product, love it! ",positive,5
1969,"Great product, love it! Great product, love it! Great product, love it! ",positive,5
1970,"Great product, love it! Great product, love it! Great product, love it! Great product, love it! ",positive,5
1971,"Great product, love it! Great product, love it! Great product, love it! Great product, love it! ",positive,5
1972,"It is okay, nothing special. ",neutral,3
1973,"Great product, love it! Great product, love it! Great product, love it! Great product, love it! ",positive,5
1974,"Terrible quality, waste of money. ",negative,1
1975,"Great product, love it! Great product, love it! ",positive,5
1976,"It is okay, nothing special. It is okay, nothing special. ",neutral,3
1977,"Great product, love it! Great product, love it! Great product, love it! ",positive,5
1978,"Great product, love it! Great product, love it! Great product, love it! Great product, love it! ",positive,5
1979,"It is okay, nothing special. ",neutral,3
1980,"It is okay, nothing special. It is okay, nothing special. ",neutral,3
1981,"Great product, love it! ",positive,5
1982,"It is okay, nothing special. It is okay, nothing special. ",neutral,3
1983,"Terrible quality, waste of money. ",negative,1
1984,"Terrible quality, waste of money. ",negative,1
1985,"Great product, love it! Great product, love it! ",positive,5
1986,"Great product, love it! Great product, love it! Great product, love it! ",positive,5
1987,"Terrible quality, waste of money. Terrible quality, waste of money. ",negative,1
1988,"Terrible quality, waste of money. Terrible quality, waste of money. Terrible quality, waste of money. ",negative,1
1989,"Great product, love it! ",positive,5
1990,"Terrible quality, waste of money. Terrible quality, waste of money. Terrible quality, waste of money. ",negative,1
1991,"It is okay, nothing special. ",neutral,3
1992,"Great product, love it! ",positive,5
1993,"Terrible quality, waste of money. Terrible quality, waste of money. ",negative,1
1994,"Great product, love it! ",positive,5
1995,"It is okay, nothing special. It is okay, nothing special. ",neutral,3
1996,"Terrible quality, waste of money. Terrible quality, waste of money. Terrible quality, waste of money. ",negative,1
1997,"It is okay, nothing special. ",neutral,3
1998,"Great product, love it! ",positive,5
1999,"Great product, love it! Great product, love it! ",positive,5
2000,"Great product, love it! ",positive,5
2001,"Great product, love it! Great product, love it! ",positive,5
2002,"Great product, love it! Great product, love it! ",positive,5
2003,"It is okay, nothing special. It is okay, nothing special. ",neutral,3
2004,"Great product, love it! Great product, love it! Great product, love it! ",positive,5
2005,"Great product, love it! Great product, love it! ",positive,5
2006,"It is okay, nothing special. ",neutral,3
2007,"Great product, love it! Great product, love it! ",positive,5
2008,"It is okay, nothing special. ",neutral,3
2009,"Great product, love it! Great product, love it! Great product, love it! Great product, love it! ",positive,5
2010,"Terrible quality, waste of money. Terrible quality, waste of money. Terrible quality, waste of money. ",negative,1
2011,"Great product, love it! Great product, love it! Great product, love it! ",positive,5
2012,"Great product, love it! ",positive,5
2013,"It is okay, nothing special. It is okay, nothing special. ",neutral,3
2014,"Great product, love it! Great product, love it! Great product, love it! Great product, love it! ",positive,5
2015,"Terrible quality, waste of money. ",negative,1
2016,"Great product, love it! Great product, love it! ",positive,5
2017,"Great product, love it! Great product, love it! Great product, love it! Great product, love it! ",positive,5
2018,"It is okay, nothing special. It is okay, nothing special. ",neutral,3
2019,"Great product, love it! Great product, love it! Great product, love it! Great product, love it! ",positive,5
2020,"Terrible quality, waste of money. Terrible quality, waste of money. ",negative,1
2021,"It is okay, nothing special. It is okay, nothing special. ",neutral,3
2022,"Terrible quality, waste of money. ",negative,1
2023,"It is okay, nothing special. ",neutral,3
2024,"Great product, love it! Great product, love it! ",positive,5
2025,"Great product, love it! Great product, love it! Great product, love it! ",positive,5
2026,"Great product, love it! ",positive,5
2027,"Terrible quality, waste of money. Terrible quality, waste of money. Terrible quality, waste of money. ",negative,1
2028,"It is okay, nothing special. It is okay, nothing special. ",neutral,3
2029,"Great product, love it! Great product, love it! Great product, love it! Great product, love it! ",positive,5
2030,"Terrible quality, waste of money. Terrible quality, waste of money. ",negative,1
2031,"Great product, love it! Great product, love it! ",positive,5
2032,"Terrible quality, waste of money. Terrible quality, waste of money. ",negative,1
2033,"Terrible quality, waste of money. ",negative,1
2034,"It is okay, nothing special. It is okay, nothing special. ",neutral,3
2035,"Terrible quality, waste of money. ",negative,1
2036,"Great product, love it! Great product, love it! Great product, love it! Great product, love it! ",positive,5
2037,"Great product, love it! Great product, love it! Great product, love it! ",positive,5
2038,"Great product, love it! Great product, love it! Great product, love it! Great product, love it! ",positive,5
2039,"Great product, love it! Great product, love it! Great product, love it! Great product, love it! ",positive,5
2040,"Great product, love it! Great product, love it! Great product, love it! Great product, love it! ",positive,5
2041,"It is okay, nothing special. It is okay, nothing special. ",neutral,3
2042,"Terrible quality, waste of money. Terrible quality, waste of money. ",negative,1
2043,"Terrible quality, waste of money. Terrible quality, waste of money. ",negative,1
2044,"Great product, love it! Great product, love it! Great product, love it! ",positive,5
2045,"It is okay, nothing special. It is okay, nothing special. ",neutral,3
2046,"Terrible quality, waste of money. ",negative,1
2047,"Great product, love it! Great product, love it! Great product, love it! Great product, love it! ",positive,5
2048,"Terrible quality, waste of money. Terrible quality, waste of money. Terrible quality, waste of money. ",negative,1
2049,"Terrible quality, waste of money. Terrible quality, waste of money. Terrible quality, waste of money. ",negative,1
2050,"Great product, love it! Great product, love it! Great product, love it! ",positive,5
2051,"Terrible quality, waste of money. Terrible quality, waste of money. Terrible quality, waste of money. ",negative,1
2052,"Terrible quality, waste of money. Terrible quality, waste of money. Terrible quality, waste of money. ",negative,1
2053,"Great product, love it! ",positive,5
2054,"It is okay, nothing special. It is okay, nothing special. ",neutral,3
2055,"It is okay, nothing special. ",neutral,3
2056,"Terrible quality, waste of money. Terrible quality, waste of money. ",negative,1
2057,"Terrible quality, waste of money. Terrible quality, waste of money. Terrible quality, waste of money. ",negative,1
2058,"Great product, love it! Great product, love it! Great product, love it! ",positive,5
2059,"Terrible quality, waste of money. Terrible quality, waste of money. Terrible quality, waste of money. ",negative,1
2060,"Terrible quality, waste of money. Terrible quality, waste of money. Terrible quality, waste of money. ",negative,1
2061,"Great product, love it! Great product, love it! Great product, love it! ",positive,5
2062,"Terrible quality, waste of money. ",negative,1
2063,"It is okay, nothing special. ",neutral,3
2064,"Terrible quality, waste of money. Terrible quality, waste of money. Terrible quality, waste of money. ",negative,1
2065,"Great product, love it! ",positive,5
2066,"It is okay, nothing special. It is okay, nothing special. ",neutral,3
2067,"Great product, love it! Great product, love it! Great product, love it! ",positive,5
2068,"Great product, love it! Great product, love it! ",positive,5
2069,"Great product, love it! Great product, love it! Great product, love it! Great product, love it! ",positive,5
2070,"Great product, love it! Great product, love it! ",positive,5
2071,"It is okay, nothing special. It is okay, nothing special. ",neutral,3
2072,"Terrible quality, waste of money. Terrible quality, waste of money. Terrible quality, waste of money. ",negative,1
2073,"Great product, love it! Great product, love it! Great product, love it! Great product, love it! ",positive,5
2074,"It is okay, nothing special. It is okay, nothing special. ",neutral,3
2075,"It is okay, nothing special. It is okay, nothing special. ",neutral,3
2076,"It is okay, nothing special. It is okay, nothing special. ",neutral,3
2077,"Great product, love it! Great product, love it! ",positive,5
2078,"Terrible quality, waste of money. Terrible quality, waste of money. Terrible quality, waste of money. ",negative,1
2079,"It is okay, nothing special. ",neutral,3
2080,"It is okay, nothing special. It is okay, nothing special. ",neutral,3
2081,"Great product, love it! Great product, love it! Great product, love it! ",positive,5
2082,"Great product, love it! Great product, love it! Great product, love it! ",positive,5
2083,"Terrible quality, waste of money. Terrible quality, waste of money. ",negative,1
2084,"It is okay, nothing special. ",neutral,3
2085,"Terrible quality, waste of money. ",negative,1
2086,"Terrible quality, waste of money. Terrible quality, waste of money. Terrible quality, waste of money. ",negative,1
2087,"Great product, love it! ",positive,5
2088,"Terrible quality, waste of money. Terrible quality, waste of money. ",negative,1
2089,"It is okay, nothing special. ",neutral,3
2090,"Great product, love it! Great product, love it! ",positive,5
2091,"It is okay, nothing special. It is okay, nothing special. ",neutral,3
2092,"It is okay, nothing special. It is okay, nothing special. ",neutral,3
2093,"Great product, love it! Great product, love it! ",positive,5
2094,"Terrible quality, waste of money. Terrible quality, waste of money. ",negative,1
2095,"Great product, love it! Great product, love it! Great product, love it! ",positive,5
2096,"It is okay, nothing special. ",neutral,3
2097,"Terrible quality, waste of money. Terrible quality, waste of money. Terrible quality, waste of money. ",negative,1
2098,"Terrible quality, waste of money. Terrible quality, waste of money. Terrible quality, waste of money. ",negative,1
2099,"It is okay, nothing special. ",neutral,3
2100,"Great product, love it! Great product, love it! Great product, love it! Great product, love it! ",positive,5
2101,"It is okay, nothing special. It is okay, nothing special. ",neutral,3
2102,"Terrible quality, waste of money. Terrible quality, waste of money. Terrible quality, waste of money. ",negative,1
2103,"Great product, love it! ",positive,5
2104,"Terrible quality, waste of money. Terrible quality, waste of money. Terrible quality, waste of money. ",negative,1
2105,"It is okay, nothing special. It is okay, nothing special. ",neutral,3
2106,"Great product, love it! Great product, love it! Great product, love it! Great product, love it! ",positive,5
2107,"It is okay, nothing special. It is okay, nothing special. ",neutral,3
2108,"It is okay, nothing special. ",neutral,3
2109,"Great product, love it! Great product, love it! Great product, love it! ",positive,5
2110,"It is okay, nothing special. ",neutral,3
2111,"Great product, love it! ",positive,5
2112,"Great product, love it! Great product, love it! ",positive,5
2113,"Great product, love it! Great product, love it! Great product, love it! ",positive,5
2114,"It is okay, nothing special. ",neutral,3
2115,"Terrible quality, waste of money. Terrible quality, waste of money. Terrible quality, waste of money. ",negative,1
2116,"Great product, love it! Great product, love it! Great product, love it! Great product, love it! ",positive,5
2117,"Great product, love it! Great product, love it! ",positive,5
2118,"Terrible quality, waste of money. ",negative,1
2119,"Great product, love it! Great product, love it! Great product, love it! Great product, love it! ",positive,5
2120,"It is okay, nothing special. It is okay, nothing special. ",neutral,3
2121,"It is okay, nothing special. It is okay, nothing special. ",neutral,3
2122,"Terrible quality, waste of money. Terrible quality, waste of money. ",negative,1
2123,"It is okay, nothing special. ",neutral,3
2124,"Great product, love it! ",positive,5
2125,"It is okay, nothing special. ",neutral,3
2126,"Terrible quality, waste of money. Terrible quality, waste of money. ",negative,1
2127,"Terrible quality, waste of money. ",negative,1
2128,"Great product, love it! ",positive,5
2129,"It is okay, nothing special. ",neutral,3
2130,"Great product, love it! Great product, love it! Great product, love it! ",positive,5
2131,"Great product, love it! ",positive,5
2132,"Great product, love it! ",positive,5
2133,"Terrible quality, waste of money. Terrible quality, waste of money. ",negative,1
2134,"Terrible quality, waste of money. Terrible quality, waste of money. ",negative,1
2135,"Terrible quality, waste of money. ",negative,1
2136,"It is okay, nothing special. It is okay, nothing special. ",neutral,3
2137,"Great product, love it! Great product, love it! Great product, love it! ",positive,5
2138,"Terrible quality, waste of money. ",negative,1
2139,"Great product, love it! Great product, love it! Great product, love it! Great product, love it! ",positive,5
2140,"It is okay, nothing special. ",neutral,3
2141,"It is okay, nothing special. ",neutral,3
2142,"Terrible quality, waste of money. Terrible quality, waste of money. Terrible quality, waste of money. ",negative,1
2143,"Terrible quality, waste of money. Terrible quality, waste of money. ",negative,1
2144,"Great product, love it! Great product, love it! ",positive,5
2145,"Terrible quality, waste of money. Terrible quality, waste of money. ",negative,1
2146,"It is okay, nothing special. It is okay, nothing special. ",neutral,3
2147,"Terrible quality, waste of money. Terrible quality, waste of money. Terrible quality, waste of money. ",negative,1
2148,"Great product, love it! Great product, love it! Great product, love it! Great product, love it! ",positive,5
2149,"Terrible quality, waste of money. ",negative,1
2150,"It is okay, nothing special. It is okay, nothing special. ",neutral,3
2151,"Great product, love it! Great product, love it! ",positive,5
2152,"Great product, love it! Great product, love it! Great product, love it! ",positive,5
2153,"Terrible quality, waste of money. Terrible quality, waste of money. Terrible quality, waste of money. ",negative,1
2154,"It is okay, nothing special. ",neutral,3
2155,"Great product, love it! ",positive,5
2156,"Great product, love it! Great product, love it! Great product, love it! Great product, love it! ",positive,5
2157,"Great product, love it! Great product, love it! Great product, love it! ",positive,5
2158,"Great product, love it! Great product, love it! ",positive,5
2159,"Terrible quality, waste of money. Terrible quality, waste of money. ",negative,1
2160,"Terrible quality, waste of money. Terrible quality, waste of money. ",negative,1
2161,"Terrible quality, waste of money. ",negative,1
2162,"Terrible quality, waste of money. Terrible quality, waste of money. ",negative,1
2163,"Great product, love it! Great product, love it! ",positive,5
2164,"It is okay, nothing special. ",neutral,3
2165,"Terrible quality, waste of money. Terrible quality, waste of money. ",negative,1
2166,"It is okay, nothing special. ",neutral,3
2167,"Terrible quality, waste of money. Terrible quality, waste of money. ",negative,1
2168,"Great product, love it! Great product, love it! Great product, love it! Great product, love it! ",positive,5
2169,"Terrible quality, waste of money. ",negative,1
2170,"Great product, love it! Great product, love it! Great product, love it! Great product, love it! ",positive,5
2171,"Terrible quality, waste of money. Terrible quality, waste of money. ",negative,1
2172,"Great product, love it! Great product, love it! ",positive,5
2173,"Great product, love it! Great product, love it! Great product, love it! Great product, love it! ",positive,5
2174,"It is okay, nothing special. ",neutral,3
2175,"Great product, love it! Great product, love it! Great product, love it! ",positive,5
2176,"It is okay, nothing special. ",neutral,3
2177,"Great product, love it! Great product, love it! ",positive,5
2178,"Terrible quality, waste of money. Terrible quality, waste of money. ",negative,1
2179,"Terrible quality, waste of money. ",negative,1
2180,"Terrible quality, waste of money. Terrible quality, waste of money. ",negative,1
2181,"Great product, love it! Great product, love it! Great product, love it! Great product, love it! ",positive,5
2182,"Great product, love it! Great product, love it! Great product, love it! Great product, love it! ",positive,5
2183,"Great product, love it! ",positive,5
2184,"Great product, love it! Great product, love it! Great product, love it! ",positive,5
2185,"Terrible quality, waste of money. Terrible quality, waste of money. Terrible quality, waste of money. ",negative,1
2186,"It is okay, nothing special. ",neutral,3
2187,"It is okay, nothing special. ",neutral,3
2188,"It is okay, nothing special. It is okay, nothing special. ",neutral,3
2189,"It is okay, nothing special. ",neutral,3
2190,"Terrible quality, waste of money. Terrible quality, waste of money. ",negative,1
2191,"Great product, love it! Great product, love it! ",positive,5
2192,"It is okay, nothing special. ",neutral,3
2193,"Terrible quality, waste of money. ",negative,1
2194,"Terrible quality, waste of money. Terrible quality, waste of money. ",negative,1
2195,"Great product, love it! Great product, love it! Great product, love it! Great product, love it! ",positive,5
2196,"Great product, love it! Great product, love it! Great product, love it! ",positive,5
2197,"Terrible quality, waste of money. Terrible quality, waste of money. ",negative,1
2198,"It is okay, nothing special. It is okay, nothing special. ",neutral,3
2199,"Terrible quality, waste of money. Terrible quality, waste of money. ",negative,1
2200,"Great product, love it! Great product, love it! Great product, love it! Great product, love it! ",positive,5
2201,"It is okay, nothing special. It is okay, nothing special. ",neutral,3
2202,"Great product, love it! Great product, love it! Great product, love it! Great product, love it! ",positive,5
2203,"Great product, love it! Great product, love it! ",positive,5
2204,"Great product, love it! Great product, love it! ",positive,5
2205,"Terrible quality, waste of money. ",negative,1
2206,"It is okay, nothing special. ",neutral,3
2207,"Great product, love it! Great product, love it! Great product, love it! Great product, love it! ",positive,5
2208,"It is okay, nothing special. It is okay, nothing special. ",neutral,3
2209,"Great product, love it! Great product, love it! Great product, love it! ",positive,5
2210,"It is okay, nothing special. It is okay, nothing special. ",neutral,3
2211,"It is okay, nothing special. ",neutral,3
2212,"It is okay, nothing special. ",neutral,3
2213,"Great product, love it! ",positive,5
2214,"It is okay, nothing special. It is okay, nothing special. ",neutral,3
2215,"Terrible quality, waste of money. Terrible quality, waste of money. ",negative,1
2216,"Great product, love it! Great product, love it! Great product, love it! Great product, love it! ",positive,5
2217,"It is okay, nothing special. ",neutral,3
2218,"Great product, love it! Great product, love it! Great product, love it! ",positive,5
2219,"It is okay, nothing special. ",neutral,3
2220,"Great product, love it! Great product, love it! ",positive,5
2221,"Terrible quality, waste of money. ",negative,1
2222,"Terrible quality, waste of money. ",negative,1
2223,"Great product, love it! Great product, love it! ",positive,5
2224,"Great product, love it! Great product, love it! Great product, love it! ",positive,5
2225,"Great product, love it! Great product, love it! Great product, love it! ",positive,5
2226,"Terrible quality, waste of money. Terrible quality, waste of money. Terrible quality, waste of money. ",negative,1
2227,"Great product, love it! Great product, love it! ",positive,5
2228,"Terrible quality, waste of money. Terrible quality, waste of money. Terrible quality, waste of money. ",negative,1
2229,"Great product, love it! Great product, love it! Great product, love it! Great product, love it! ",positive,5
2230,"Great product, love it! Great product, love it! Great product, love it! ",positive,5
2231,"Terrible quality, waste of money. Terrible quality, waste of money. ",negative,1
2232,"Great product, love it! ",positive,5
2233,"It is okay, nothing special. It is okay, nothing special. ",neutral,3
2234,"It is okay, nothing special. It is okay, nothing special. ",neutral,3
2235,"Terrible quality, waste of money. Terrible quality, waste of money. ",negative,1
2236,"Terrible quality, waste of money. Terrible quality, waste of money. ",negative,1
2237,"It is okay, nothing special. It is okay, nothing special. ",neutral,3
2238,"Great product, love it! Great product, love it! Great product, love it! Great product, love it! ",positive,5
2239,"Great product, love it! ",positive,5
2240,"Great product, love it! Great product, love it! Great product, love it! ",positive,5
2241,"It is okay, nothing special. It is okay, nothing special. ",neutral,3
2242,"Great product, love it! Great product, love it! Great product, love it! Great product, love it! ",positive,5
2243,"Terrible quality, waste of money. ",negative,1
2244,"It is okay, nothing special. ",neutral,3
2245,"It is okay, nothing special. It is okay, nothing special. ",neutral,3
2246,"Terrible quality, waste of money. Terrible quality, waste of money. Terrible quality, waste of money. ",negative,1
2247,"Great product, love it! Great product, love it! Great product, love it! ",positive,5
2248,"It is okay, nothing special. It is okay, nothing special. ",neutral,3
2249,"Terrible quality, waste of money. Terrible quality, waste of money. ",negative,1
2250,"Great product, love it! Great product, love it! Great product, love it! Great product, love it! ",positive,5
2251,"Great product, love it! Great product, love it! Great product, love it! ",positive,5
2252,"It is okay, nothing special. It is okay, nothing special. ",neutral,3
2253,"Terrible quality, waste of money. Terrible quality, waste of money. Terrible quality, waste of money. ",negative,1
2254,"It is okay, nothing special. It is okay, nothing special. ",neutral,3
2255,"It is okay, nothing special. ",neutral,3
2256,"Terrible quality, waste of money. Terrible quality, waste of money. Terrible quality, waste of money. ",negative,1
2257,"Terrible quality, waste of money. Terrible quality, waste of money. Terrible quality, waste of money. ",negative,1
2258,"Great product, love it! Great product, love it! Great product, love it! ",positive,5
2259,"Great product, love it! ",positive,5
2260,"Great product, love it! Great product, love it! Great product, love it! ",positive,5
2261,"It is okay, nothing special. It is okay, nothing special. ",neutral,3
2262,"Terrible quality, waste of money. Terrible quality, waste of money. ",negative,1
2263,"It is okay, nothing special. It is okay, nothing special. ",neutral,3
2264,"Great product, love it! Great product, love it! Great product, love it! ",positive,5
2265,"Terrible quality, waste of money. Terrible quality, waste of money. ",negative,1
2266,"Terrible quality, waste of money. ",negative,1
2267,"Terrible quality, waste of money. Terrible quality, waste of money. Terrible quality, waste of money. ",negative,1
2268,"Terrible quality, waste of money. Terrible quality, waste of money. ",negative,1
2269,"Great product, love it! ",positive,5
2270,"Terrible quality, waste of money. ",negative,1
2271,"Great product, love it! Great product, love it! ",positive,5
2272,"Great product, love it! ",positive,5
2273,"Terrible quality, waste of money. Terrible quality, waste of money. ",negative,1
2274,"Terrible quality, waste of money. ",negative,1
2275,"It is okay, nothing special. ",neutral,3
2276,"Terrible quality, waste of money. Terrible quality, waste of money. Terrible quality, waste of money. ",negative,1
2277,"Terrible quality, waste of money. Terrible quality, waste of money. Terrible quality, waste of money. ",negative,1
2278,"Terrible quality, waste of money. Terrible quality, waste of money. Terrible quality, waste of money. ",negative,1
2279,"Terrible quality, waste of money. Terrible quality, waste of money. Terrible quality, waste of money. ",negative,1
2280,"Great product, love it! Great product, love it! Great product, love it! Great product, love it! ",positive,5
2281,"Great product, love it! Great product, love it! ",positive,5
2282,"Great product, love it! Great product, love it! Great product, love it! ",positive,5
2283,"Terrible quality, waste of money. Terrible quality, waste of money. Terrible quality, waste of money. ",negative,1
2284,"Great product, love it! Great product, love it! Great product, love it! ",positive,5
2285,"Great product, love it! Great product, love it! Great product, love it! ",positive,5
2286,"Great product, love it! Great product, love it! Great product, love it! Great product, love it! ",positive,5
2287,"It is okay, nothing special. ",neutral,3
2288,"Great product, love it! Great product, love it! Great product, love it! ",positive,5
2289,"Terrible quality, waste of money. Terrible quality, waste of money. Terrible quality, waste of money. ",negative,1
2290,"Great product, love it! Great product, love it! ",positive,5
2291,"Terrible quality, waste of money. ",negative,1
2292,"Great product, love it! Great product, love it! Great product, love it! Great product, love it! ",positive,5
2293,"Great product, love it! Great product, love it! ",positive,5
2294,"Terrible quality, waste of money. Terrible quality, waste of money. Terrible quality, waste of money. ",negative,1
2295,"Great product, love it! Great product, love it! ",positive,5
2296,"Great product, love it! Great product, love it! ",positive,5
2297,"Great product, love it! Great product, love it! Great product, love it! ",positive,5
2298,"Great product, love it! ",positive,5
2299,"Great product, love it! ",positive,5
2300,"Great product, love it! Great product, love it! ",positive,5
2301,"It is okay, nothing special. ",neutral,3
2302,"Terrible quality, waste of money. Terrible quality, waste of money. ",negative,1
2303,"Terrible quality, waste of money. Terrible quality, waste of money. ",negative,1
2304,"Great product, love it! Great product, love it! ",positive,5
2305,"It is okay, nothing special. ",neutral,3
2306,"Great product, love it! Great product, love it! Great product, love it! ",positive,5
2307,"Great product, love it! Great product, love it! Great product, love it! Great product, love it! ",positive,5
2308,"Terrible quality, waste of money. ",negative,1
2309,"Great product, love it! Great product, love it! Great product, love it! ",positive,5
2310,"Great product, love it! Great product, love it! ",positive,5
2311,"Terrible quality, waste of money. Terrible quality, waste of money. ",negative,1
2312,"It is okay, nothing special. ",neutral,3
2313,"Terrible quality, waste of money. Terrible quality, waste of money. Terrible quality, waste of money. ",negative,1
2314,"Terrible quality, waste of money. Terrible quality, waste of money. ",negative,1
2315,"It is okay, nothing special. ",neutral,3
2316,"Great product, love it! ",positive,5
2317,"Great product, love it! Great product, love it! ",positive,5
2318,"Great product, love it! Great product, love it! ",positive,5
2319,"Great product, love it! Great product, love it! Great product, love it! Great product, love it! ",positive,5
2320,"Great product, love it! Great product, love it! Great product, love it! ",positive,5
2321,"It is okay, nothing special. It is okay, nothing special. ",neutral,3
2322,"Terrible quality, waste of money. ",negative,1
2323,"Terrible quality, waste of money. Terrible quality, waste of money. ",negative,1
2324,"Great product, love it! Great product, love it! Great product, love it! Great product, love it! ",positive,5
2325,"It is okay, nothing special. ",neutral,3
2326,"It is okay, nothing special. ",neutral,3
2327,"It is okay, nothing special. It is okay, nothing special. ",neutral,3
2328,"Great product, love it! Great product, love it! Great product, love it! Great product, love it! ",positive,5
2329,"Terrible quality, waste of money. Terrible quality, waste of money. Terrible quality, waste of money. ",negative,1
2330,"Great product, love it! Great product, love it! Great product, love it! Great product, love it! ",positive,5
2331,"Great product, love it! ",positive,5
2332,"Great product, love it! Great product, love it! Great product, love it! ",positive,5
2333,"Terrible quality, waste of money. Terrible quality, waste of money. Terrible quality, waste of money. ",negative,1
2334,"Terrible quality, waste of money. ",negative,1
2335,"Great product, love it! Great product, love it! Great product, love it! ",positive,5
2336,"Great product, love it! Great product, love it! Great product, love it! Great product, love it! ",positive,5
2337,"Terrible quality, waste of money. ",negative,1
2338,"Great product, love it! Great product, love it! ",positive,5
2339,"Great product, love it! Great product, love it! Great product, love it! Great product, love it! ",positive,5
2340,"Great product, love it! Great product, love it! Great product, love it! Great product, love it! ",positive,5
2341,"It is okay, nothing special. ",neutral,3
2342,"Great product, love it! ",positive,5
2343,"Great product, love it! Great product, love it! ",positive,5
2344,"Great product, love it! Great product, love it! Great product, love it! Great product, love it! ",positive,5
2345,"It is okay, nothing special. ",neutral,3
2346,"Terrible quality, waste of money. Terrible quality, waste of money. ",negative,1
2347,"Terrible quality, waste of money. Terrible quality, waste of money. ",negative,1
2348,"Great product, love it! ",positive,5
2349,"Terrible quality, waste of money. Terrible quality, waste of money. Terrible quality, waste of money. ",negative,1
2350,"Great product, love it! Great product, love it! Great product, love it! ",positive,5
2351,"Terrible quality, waste of money. Terrible quality, waste of money. ",negative,1
2352,"It is okay, nothing special. ",neutral,3
2353,"Terrible quality, waste of money. Terrible quality, waste of money. Terrible quality, waste of money. ",negative,1
2354,"It is okay, nothing special. ",neutral,3
2355,"Terrible quality, waste of money. Terrible quality, waste of money. ",negative,1
2356,"Great product, love it! Great product, love it! Great product, love it! Great product, love it! ",positive,5
2357,"It is okay, nothing special. It is okay, nothing special. ",neutral,3
2358,"Great product, love it! ",positive,5
2359,"Terrible quality, waste of money. Terrible quality, waste of money. Terrible quality, waste of money. ",negative,1
2360,"Great product, love it! Great product, love it! Great product, love it! Great product, love it! ",positive,5
2361,"Great product, love it! Great product, love it! ",positive,5
2362,"Great product, love it! Great product, love it! Great product, love it! ",positive,5
2363,"Great product, love it! Great product, love it! ",positive,5
2364,"Terrible quality, waste of money. Terrible quality, waste of money. ",negative,1
2365,"Terrible quality, waste of money. Terrible quality, waste of money. ",negative,1
2366,"Great product, love it! Great product, love it! ",positive,5
2367,"Great product, love it! Great product, love it! Great product, love it! ",positive,5
2368,"Terrible quality, waste of money. Terrible quality, waste of money. Terrible quality, waste of money. ",negative,1
2369,"Great product, love it! Great product, love it! Great product, love it! ",positive,5
2370,"Terrible quality, waste of money. Terrible quality, waste of money. Terrible quality, waste of money. ",negative,1
2371,"Terrible quality, waste of money. ",negative,1
2372,"It is okay, nothing special. It is okay, nothing special. ",neutral,3
2373,"Terrible quality, waste of money. Terrible quality, waste of money. ",negative,1
2374,"Great product, love it! Great product, love it! Great product, love it! Great product, love it! ",positive,5
2375,"Terrible quality, waste of money. Terrible quality, waste of money. ",negative,1
2376,"Great product, love it! ",positive,5
2377,"Great product, love it! Great product, love it! Great product, love it! ",positive,5
2378,"It is okay, nothing special. It is okay, nothing special. ",neutral,3
2379,"Great product, love it! Great product, love it! Great product, love it! Great product, love it! ",positive,5
2380,"It is okay, nothing special. It is okay, nothing special. ",neutral,3
2381,"It is okay, nothing special. It is okay, nothing special. ",neutral,3
2382,"It is okay, nothing special. ",neutral,3
2383,"It is okay, nothing special. It is okay, nothing special. ",neutral,3
2384,"Great product, love it! Great product, love it! Great product, love it! ",positive,5
2385,"Great product, love it! ",positive,5
2386,"Terrible quality, waste of money. ",negative,1
2387,"Great product, love it! Great product, love it! Great product, love it! ",positive,5
2388,"Terrible quality, waste of money. Terrible quality, waste of money. ",negative,1
2389,"Terrible quality, waste of money. Terrible quality, waste of money. ",negative,1
2390,"Terrible quality, waste of money. ",negative,1
2391,"Great product, love it! ",positive,5
2392,"Great product, love it! ",positive,5
2393,"Great product, love it! Great product, love it! Great product, love it! Great product, love it! ",positive,5
2394,"Great product, love it! ",positive,5
2395,"It is okay, nothing special. ",neutral,3
2396,"Great product, love it! ",positive,5
2397,"Great product, love it! ",positive,5
2398,"Great product, love it! Great product, love it! ",positive,5
2399,"Terrible quality, waste of money. ",negative,1
2400,"Terrible quality, waste of money. ",negative,1
2401,"Great product, love it! Great product, love it! ",positive,5
2402,"Great product, love it! Great product, love it! ",positive,5
2403,"Great product, love it! Great product, love it! Great product, love it! Great product, love it! ",positive,5
2404,"Great product, love it! Great product, love it! Great product, love it! ",positive,5
2405,"Terrible quality, waste of money. ",negative,1
2406,"Terrible quality, waste of money. ",negative,1
2407,"Great product, love it! ",positive,5
2408,"Great product, love it! Great product, love it! Great product, love it! Great product, love it! ",positive,5
2409,"It is okay, nothing special. ",neutral,3
2410,"Terrible quality, waste of money. Terrible quality, waste of money. Terrible quality, waste of money. ",negative,1
2411,"Terrible quality, waste of money. Terrible quality, waste of money. ",negative,1
2412,"Great product, love it! Great product, love it! Great product, love it! Great product, love it! ",positive,5
2413,"Terrible quality, waste of money. Terrible quality, waste of money. ",negative,1
2414,"Great product, love it! ",positive,5
2415,"Terrible quality, waste of money. ",negative,1
2416,"It is okay, nothing special. ",neutral,3
2417,"Great product, love it! Great product, love it! Great product, love it! ",positive,5
2418,"Great product, love it! Great product, love it! Great product, love it! ",positive,5
2419,"Great product, love it! Great product, love it! Great product, love it! Great product, love it! ",positive,5
2420,"Great product, love it! Great product, love it! ",positive,5
2421,"Great product, love it! ",positive,5
2422,"Great product, love it! ",positive,5
2423,"It is okay, nothing special. ",neutral,3
2424,"Terrible quality, waste of money. ",negative,1
2425,"Great product, love it! Great product, love it! Great product, love it! ",positive,5
2426,"It is okay, nothing special. It is okay, nothing special. ",neutral,3
2427,"Great product, love it! Great product, love it! ",positive,5
2428,"It is okay, nothing special. It is okay, nothing special. ",neutral,3
2429,"Great product, love it! Great product, love it! Great product, love it! ",positive,5
2430,"It is okay, nothing special. ",neutral,3
2431,"Terrible quality, waste of money. Terrible quality, waste of money. ",negative,1
2432,"It is okay, nothing special. It is okay, nothing special. ",neutral,3
2433,"It is okay, nothing special. ",neutral,3
2434,"Great product, love it! Great product, love it! Great product, love it! Great product, love it! ",positive,5
2435,"It is okay, nothing special. It is okay, nothing special. ",neutral,3
2436,"Great product, love it! ",positive,5
2437,"Great product, love it! Great product, love it! Great product, love it! Great product, love it! ",positive,5
2438,"Great product, love it! Great product, love it! ",positive,5
2439,"Terrible quality, waste of money. ",negative,1
2440,"Great product, love it! Great product, love it! ",positive,5
2441,"Terrible quality, waste of money. Terrible quality, waste of money. Terrible quality, waste of money. ",negative,1
2442,"Terrible quality, waste of money. ",negative,1
2443,"It is okay, nothing special. It is okay, nothing special. ",neutral,3
2444,"It is okay, nothing special. ",neutral,3
2445,"Great product, love it! Great product, love it! ",positive,5
2446,"Great product, love it! Great product, love it! Great product, love it! ",positive,5
2447,"Great product, love it! Great product, love it! Great product, love it! ",positive,5
2448,"Great product, love it! Great product, love it! Great product, love it! Great product, love it! ",positive,5
2449,"Great product, love it! Great product, love it! Great product, love it! Great product, love it! ",positive,5
2450,"Great product, love it! Great product, love it! Great product, love it! Great product, love it! ",positive,5
2451,"Great product, love it! Great product, love it! Great product, love it! ",positive,5
2452,"It is okay, nothing special. It is okay, nothing special. ",neutral,3
2453,"Terrible quality, waste of money. ",negative,1
2454,"Great product, love it! Great product, love it! Great product, love it! ",positive,5
2455,"Terrible quality, waste of money. ",negative,1
2456,"Great product, love it! Great product, love it! ",positive,5
2457,"Great product, love it! ",positive,5
2458,"Terrible quality, waste of money. Terrible quality, waste of money. Terrible quality, waste of money. ",negative,1
2459,"Terrible quality, waste of money. Terrible quality, waste of money. Terrible quality, waste of money. ",negative,1
2460,"Great product, love it! Great product, love it! Great product, love it! Great product, love it! ",positive,5
2461,"It is okay, nothing special. ",neutral,3
2462,"It is okay, nothing special. It is okay, nothing special. ",neutral,3
2463,"Terrible quality, waste of money. Terrible quality, waste of money. Terrible quality, waste of money. ",negative,1
2464,"Terrible quality, waste of money. Terrible quality, waste of money. Terrible quality, waste of money. ",negative,1
2465,"Terrible quality, waste of money. Terrible quality, waste of money. Terrible quality, waste of money. ",negative,1
2466,"Great product, love it! Great product, love it! ",positive,5
2467,"Great product, love it! Great product, love it! ",positive,5
2468,"Great product, love it! Great product, love it! Great product, love it! Great product, love it! ",positive,5
2469,"Terrible quality, waste of money. Terrible quality, waste of money. ",negative,1
2470,"Terrible quality, waste of money. ",negative,1
2471,"Great product, love it! ",positive,5
2472,"It is okay, nothing special. It is okay, nothing special. ",neutral,3
2473,"It is okay, nothing special. ",neutral,3
2474,"Terrible quality, waste of money. ",negative,1
2475,"Terrible quality, waste of money. Terrible quality, waste of money. Terrible quality, waste of money. ",negative,1
2476,"It is okay, nothing special. ",neutral,3
2477,"Great product, love it! Great product, love it! Great product, love it! Great product, love it! ",positive,5
2478,"It is okay, nothing special. ",neutral,3
2479,"Great product, love it! Great product, love it! Great product, love it! Great product, love it! ",positive,5
2480,"It is okay, nothing special. It is okay, nothing special. ",neutral,3
2481,"Great product, love it! ",positive,5
2482,"It is okay, nothing special. It is okay, nothing special. ",neutral,3
2483,"It is okay, nothing special. ",neutral,3
2484,"Great product, love it! Great product, love it! Great product, love it! ",positive,5
2485,"Terrible quality, waste of money. ",negative,1
2486,"It is okay, nothing special. It is okay, nothing special. ",neutral,3
2487,"Terrible quality, waste of money. Terrible quality, waste of money. Terrible quality, waste of money. ",negative,1
2488,"It is okay, nothing special. ",neutral,3
2489,"Terrible quality, waste of money. Terrible quality, waste of money. Terrible quality, waste of money. ",negative,1
2490,"Great product, love it! Great product, love it! Great product, love it! Great product, love it! ",positive,5
2491,"Great product, love it! Great product, love it! Great product, love it! ",positive,5
2492,"Great product, love it! ",positive,5
2493,"It is okay, nothing special. It is okay, nothing special. ",neutral,3
2494,"Great product, love it! Great product, love it! ",positive,5
2495,"Terrible quality, waste of money. ",negative,1
2496,"Terrible quality, waste of money. ",negative,1
2497,"Terrible quality, waste of money. Terrible quality, waste of money. Terrible quality, waste of money. ",negative,1
2498,"It is okay, nothing special. It is okay, nothing special. ",neutral,3
2499,"It is okay, nothing special. It is okay, nothing special. ",neutral,3
2500,"Great product, love it! Great product, love it! Great product, love it! Great product, love it! ",positive,5
2501,"It is okay, nothing special. It is okay, nothing special. ",neutral,3
2502,"It is okay, nothing special. ",neutral,3
2503,"Terrible quality, waste of money. ",negative,1
2504,"It is okay, nothing special. ",neutral,3
2505,"Great product, love it! Great product, love it! Great product, love it! ",positive,5
2506,"Great product, love it! ",positive,5
2507,"It is okay, nothing special. ",neutral,3
2508,"Great product, love it! Great product, love it! Great product, love it! ",positive,5
2509,"It is okay, nothing special. ",neutral,3
2510,"It is okay, nothing special. It is okay, nothing special. ",neutral,3
2511,"Great product, love it! Great product, love it! ",positive,5
2512,"It is okay, nothing special. ",neutral,3
2513,"Great product, love it! Great product, love it! ",positive,5
2514,"Terrible quality, waste of money. ",negative,1
2515,"Terrible quality, waste of money. ",negative,1
2516,"It is okay, nothing special. It is okay, nothing special. ",neutral,3
2517,"Great product, love it! Great product, love it! Great product, love it! ",positive,5
2518,"Terrible quality, waste of money. ",negative,1
2519,"Terrible quality, waste of money. Terrible quality, waste of money. Terrible quality, waste of money. ",negative,1
2520,"Terrible quality, waste of money. Terrible quality, waste of money. Terrible quality, waste of money. ",negative,1
2521,"Terrible quality, waste of money. Terrible quality, waste of money. Terrible quality, waste of money. ",negative,1
2522,"Great product, love it! Great product, love it! Great product, love it! ",positive,5
2523,"Great product, love it! Great product, love it! Great product, love it! ",positive,5
2524,"Great product, love it! Great product, love it! ",positive,5
2525,"It is okay, nothing special. It is okay, nothing special. ",neutral,3
2526,"Great product, love it! Great product, love it! Great product, love it! ",positive,5
2527,"Great product, love it! Great product, love it! ",positive,5
2528,"It is okay, nothing special. ",neutral,3
2529,"Great product, love it! Great product, love it! Great product, love it! ",positive,5
2530,"It is okay, nothing special. ",neutral,3
2531,"Terrible quality, waste of money. Terrible quality, waste of money. Terrible quality, waste of money. ",negative,1
2532,"It is okay, nothing special. It is okay, nothing special. ",neutral,3
2533,"Great product, love it! Great product, love it! ",positive,5
2534,"Great product, love it! Great product, love it! ",positive,5
2535,"Terrible quality, waste of money. ",negative,1
2536,"It is okay, nothing special. It is okay, nothing special. ",neutral,3
2537,"Terrible quality, waste of money. Terrible quality, waste of money. Terrible quality, waste of money. ",negative,1
2538,"Great product, love it! ",positive,5
2539,"It is okay, nothing special. It is okay, nothing special. ",neutral,3
2540,"It is okay, nothing special. ",neutral,3
2541,"Terrible quality, waste of money. Terrible quality, waste of money. ",negative,1
2542,"It is okay, nothing special. It is okay, nothing special. ",neutral,3
2543,"It is okay, nothing special. It is okay, nothing special. ",neutral,3
2544,"Terrible quality, waste of money. Terrible quality, waste of money. ",negative,1
2545,"Great product, love it! Great product, love it! ",positive,5
2546,"Terrible quality, waste of money. Terrible quality, waste of money. Terrible quality, waste of money. ",negative,1
2547,"Great product, love it! Great product, love it! Great product, love it! Great product, love it! ",positive,5
2548,"Great product, love it! Great product, love it! Great product, love it! Great product, love it! ",positive,5
2549,"Great product, love it! Great product, love it! Great product, love it! ",positive,5
2550,"Great product, love it! Great product, love it! Great product, love it! Great product, love it! ",positive,5
2551,"Great product, love it! Great product, love it! ",positive,5
2552,"Great product, love it! ",positive,5
2553,"It is okay, nothing special. ",neutral,3
2554,"It is okay, nothing special. It is okay, nothing special. ",neutral,3
2555,"Great product, love it! Great product, love it! Great product, love it! ",positive,5
2556,"It is okay, nothing special. It is okay, nothing special. ",neutral,3
2557,"Terrible quality, waste of money. ",negative,1
2558,"Great product, love it! Great product, love it! ",positive,5
2559,"Great product, love it! Great product, love it! Great product, love it! Great product, love it! ",positive,5
2560,"Terrible quality, waste of money. ",negative,1
2561,"It is okay, nothing special. It is okay, nothing special. ",neutral,3
2562,"Terrible quality, waste of money. Terrible quality, waste of money. Terrible quality, waste of money. ",negative,1
2563,"Great product, love it! Great product, love it! Great product, love it! Great product, love it! ",positive,5
2564,"Great product, love it! Great product, love it! Great product, love it! Great product, love it! ",positive,5
2565,"Great product, love it! Great product, love it! Great product, love it! Great product, love it! ",positive,5
2566,"Great product, love it! Great product, love it! ",positive,5
2567,"Great product, love it! Great product, love it! ",positive,5
2568,"Great product, love it! ",positive,5
2569,"It is okay, nothing special. ",neutral,3
2570,"It is okay, nothing special. ",neutral,3
2571,"Great product, love it! Great product, love it! Great product, love it! Great product, love it! ",positive,5
2572,"It is okay, nothing special. It is okay, nothing special. ",neutral,3
2573,"Great product, love it! Great product, love it! Great product, love it! ",positive,5
2574,"Terrible quality, waste of money. Terrible quality, waste of money. Terrible quality, waste of money. ",negative,1
2575,"Great product, love it! ",positive,5
2576,"Terrible quality, waste of money. Terrible quality, waste of money. Terrible quality, waste of money. ",negative,1
2577,"It is okay, nothing special. ",neutral,3
2578,"Terrible quality, waste of money. Terrible quality, waste of money. Terrible quality, waste of money. ",negative,1
2579,"Great product, love it! Great product, love it! ",positive,5
2580,"Terrible quality, waste of money. ",negative,1
2581,"Great product, love it! Great product, love it! Great product, love it! ",positive,5
2582,"It is okay, nothing special. It is okay, nothing special. ",neutral,3
2583,"Terrible quality, waste of money. Terrible quality, waste of money. Terrible quality, waste of money. ",negative,1
2584,"Great product, love it! Great product, love it! Great product, love it! Great product, love it! ",positive,5
2585,"Terrible quality, waste of money. Terrible quality, waste of money. ",negative,1
2586,"Terrible quality, waste of money. Terrible quality, waste of money. ",negative,1
2587,"Great product, love it! Great product, love it! Great product, love it! Great product, love it! ",positive,5
2588,"Terrible quality, waste of money. Terrible quality, waste of money. Terrible quality, waste of money. ",negative,1
2589,"Great product, love it! Great product, love it! Great product, love it! Great product, love it! ",positive,5
2590,"Terrible quality, waste of money. Terrible quality, waste of money. Terrible quality, waste of money. ",negative,1
2591,"It is okay, nothing special. It is okay, nothing special. ",neutral,3
2592,"It is okay, nothing special. It is okay, nothing special. ",neutral,3
2593,"Terrible quality, waste of money. Terrible quality, waste of money. ",negative,1
2594,"Terrible quality, waste of money. ",negative,1
2595,"Great product, love it! Great product, love it! ",positive,5
2596,"It is okay, nothing special. ",neutral,3
2597,"Great product, love it! Great product, love it! ",positive,5
2598,"Terrible quality, waste of money. ",negative,1
2599,"Great product, love it! Great product, love it! Great product, love it! Great product, love it! ",positive,5
2600,"Great product, love it! Great product, love it! ",positive,5
2601,"Terrible quality, waste of money. Terrible quality, waste of money. ",negative,1
2602,"Great product, love it! Great product, love it! Great product, love it! Great product, love it! ",positive,5
2603,"Terrible quality, waste of money. Terrible quality, waste of money. ",negative,1
2604,"Great product, love it! Great product, love it! Great product, love it! ",positive,5
2605,"Great product, love it! Great product, love it! Great product, love it! ",positive,5
2606,"Terrible quality, waste of money. Terrible quality, waste of money. ",negative,1
2607,"Great product, love it! Great product, love it! Great product, love it! Great product, love it! ",positive,5
2608,"Great product, love it! ",positive,5
2609,"Terrible quality, waste of money. ",negative,1
2610,"Great product, love it! Great product, love it! Great product, love it! Great product, love it! ",positive,5
2611,"It is okay, nothing special. It is okay, nothing special. ",neutral,3
2612,"Great product, love it! Great product, love it! Great product, love it! ",positive,5
2613,"Great product, love it! Great product, love it! Great product, love it! Great product, love it! ",positive,5
2614,"Terrible quality, waste of money. ",negative,1
2615,"Great product, love it! Great product, love it! Great product, love it! ",positive,5
2616,"Great product, love it! ",positive,5
2617,"Great product, love it! Great product, love it! ",positive,5
2618,"Great product, love it! Great product, love it! Great product, love it! ",positive,5
2619,"It is okay, nothing special. ",neutral,3
2620,"Great product, love it! Great product, love it! Great product, love it! Great product, love it! ",positive,5
2621,"It is okay, nothing special. It is okay, nothing special. ",neutral,3
2622,"It is okay, nothing special. It is okay, nothing special. ",neutral,3
2623,"Great product, love it! Great product, love it! ",positive,5
2624,"It is okay, nothing special. It is okay, nothing special. ",neutral,3
2625,"Great product, love it! Great product, love it! Great product, love it! Great product, love it! ",positive,5
2626,"It is okay, nothing special. ",neutral,3
2627,"Great product, love it! Great product, love it! Great product, love it! Great product, love it! ",positive,5
2628,"Terrible quality, waste of money. Terrible quality, waste of money. Terrible quality, waste of money. ",negative,1
2629,"Terrible quality, waste of money. Terrible quality, waste of money. ",negative,1
2630,"Great product, love it! Great product, love it! Great product, love it! ",positive,5
2631,"Terrible quality, waste of money. ",negative,1
2632,"Terrible quality, waste of money. Terrible quality, waste of money. ",negative,1
2633,"Great product, love it! Great product, love it! ",positive,5
2634,"Great product, love it! Great product, love it! Great product, love it! ",positive,5
2635,"Terrible quality, waste of money. Terrible quality, waste of money. ",negative,1
2636,"Terrible quality, waste of money. ",negative,1
2637,"It is okay, nothing special. ",neutral,3
2638,"It is okay, nothing special. ",neutral,3
2639,"It is okay, nothing special. It is okay, nothing special. ",neutral,3
2640,"Terrible quality, waste of money. Terrible quality, waste of money. ",negative,1
2641,"Great product, love it! Great product, love it! ",positive,5
2642,"Great product, love it! Great product, love it! Great product, love it! ",positive,5
2643,"It is okay, nothing special. It is okay, nothing special. ",neutral,3
2644,"Terrible quality, waste of money. ",negative,1
2645,"Great product, love it! Great product, love it! ",positive,5
2646,"Great product, love it! Great product, love it! ",positive,5
2647,"It is okay, nothing special. ",neutral,3
2648,"Terrible quality, waste of money. Terrible quality, waste of money. ",negative,1
2649,"Great product, love it! Great product, love it! Great product, love it! Great product, love it! ",positive,5
2650,"Terrible quality, waste of money. Terrible quality, waste of money. Terrible quality, waste of money. ",negative,1
2651,"Great product, love it! Great product, love it! ",positive,5
2652,"Great product, love it! ",positive,5
2653,"Great product, love it! ",positive,5
2654,"Great product, love it! Great product, love it! Great product, love it! ",positive,5
2655,"It is okay, nothing special. ",neutral,3
2656,"Great product, love it! Great product, love it! ",positive,5
2657,"It is okay, nothing special. It is okay, nothing special. ",neutral,3
2658,"It is okay, nothing special. It is okay, nothing special. ",neutral,3
2659,"Great product, love it! ",positive,5
2660,"Terrible quality, waste of money. Terrible quality, waste of money. ",negative,1
2661,"Terrible quality, waste of money. ",negative,1
2662,"It is okay, nothing special. ",neutral,3
2663,"Great product, love it! Great product, love it! ",positive,5
2664,"Terrible quality, waste of money. Terrible quality, waste of money. Terrible quality, waste of money. ",negative,1
2665,"Terrible quality, waste of money. Terrible quality, waste of money. ",negative,1
2666,"Great product, love it! ",positive,5
2667,"Great product, love it! Great product, love it! Great product, love it! Great product, love it! ",positive,5
2668,"Terrible quality, waste of money. Terrible quality, waste of money. Terrible quality, waste of money. ",negative,1
2669,"Terrible quality, waste of money. Terrible quality, waste of money. Terrible quality, waste of money. ",negative,1
2670,"Great product, love it! Great product, love it! ",positive,5
2671,"Terrible quality, waste of money. Terrible quality, waste of money. Terrible quality, waste of money. ",negative,1
2672,"Great product, love it! ",positive,5
2673,"Terrible quality, waste of money. Terrible quality, waste of money. Terrible quality, waste of money. ",negative,1
2674,"Great product, love it! Great product, love it! Great product, love it! ",positive,5
2675,"It is okay, nothing special. It is okay, nothing special. ",neutral,3
2676,"Great product, love it! Great product, love it! ",positive,5
2677,"Great product, love it! Great product, love it! Great product, love it! ",positive,5
2678,"Great product, love it! Great product, love it! ",positive,5
2679,"Great product, love it! Great product, love it! ",positive,5
2680,"Terrible quality, waste of money. Terrible quality, waste of money. Terrible quality, waste of money. ",negative,1
2681,"Great product, love it! ",positive,5
2682,"It is okay, nothing special. It is okay, nothing special. ",neutral,3
2683,"Great product, love it! Great product, love it! Great product, love it! ",positive,5
2684,"Great product, love it! Great product, love it! ",positive,5
2685,"Great product, love it! Great product, love it! Great product, love it! Great product, love it! ",positive,5
2686,"Great product, love it! ",positive,5
2687,"Great product, love it! ",positive,5
2688,"Great product, love it! Great product, love it! Great product, love it! Great product, love it! ",positive,5
2689,"Terrible quality, waste of money. Terrible quality, waste of money. ",negative,1
2690,"Great product, love it! Great product, love it! Great product, love it! Great product, love it! ",positive,5
2691,"Terrible quality, waste of money. ",negative,1
2692,"Terrible quality, waste of money. Terrible quality, waste of money. Terrible quality, waste of money. ",negative,1
2693,"Great product, love it! Great product, love it! Great product, love it! ",positive,5
2694,"Terrible quality, waste of money. Terrible quality, waste of money. ",negative,1
2695,"It is okay, nothing special. ",neutral,3
2696,"Terrible quality, waste of money. Terrible quality, waste of money. Terrible quality, waste of money. ",negative,1
2697,"Terrible quality, waste of money. Terrible quality, waste of money. Terrible quality, waste of money. ",negative,1
2698,"Great product, love it! Great product, love it! Great product, love it! ",positive,5
2699,"It is okay, nothing special. It is okay, nothing special. ",neutral,3
2700,"It is okay, nothing special. It is okay, nothing special. ",neutral,3
2701,"Terrible quality, waste of money. Terrible quality, waste of money. ",negative,1
2702,"It is okay, nothing special. It is okay, nothing special. ",neutral,3
2703,"Great product, love it! Great product, love it! Great product, love it! Great product, love it! ",positive,5
2704,"Great product, love it! Great product, love it! Great product, love it! ",positive,5
2705,"It is okay, nothing special. ",neutral,3
2706,"It is okay, nothing special. It is okay, nothing special. ",neutral,3
2707,"Great product, love it! ",positive,5
2708,"Great product, love it! ",positive,5
2709,"Great product, love it! Great product, love it! Great product, love it! Great product, love it! ",positive,5
2710,"Great product, love it! ",positive,5
2711,"It is okay, nothing special. It is okay, nothing special. ",neutral,3
2712,"Terrible quality, waste of money. Terrible quality, waste of money. Terrible quality, waste of money. ",negative,1
2713,"Great product, love it! Great product, love it! ",positive,5
2714,"Great product, love it! Great product, love it! Great product, love it! ",positive,5
2715,"Great product, love it! ",positive,5
2716,"Great product, love it! ",positive,5
2717,"Terrible quality, waste of money. ",negative,1
2718,"It is okay, nothing special. ",neutral,3
2719,"It is okay, nothing special. It is okay, nothing special. ",neutral,3
2720,"Great product, love it! Great product, love it! Great product, love it! Great product, love it! ",positive,5
2721,"It is okay, nothing special. ",neutral,3
2722,"It is okay, nothing special. ",neutral,3
2723,"It is okay, nothing special. ",neutral,3
2724,"Terrible quality, waste of money. Terrible quality, waste of money. Terrible quality, waste of money. ",negative,1
2725,"Great product, love it! Great product, love it! ",positive,5
2726,"Great product, love it! ",positive,5
2727,"Great product, love it! ",positive,5
2728,"Great product, love it! Great product, love it! ",positive,5
2729,"Great product, love it! Great product, love it! Great product, love it! ",positive,5
2730,"Terrible quality, waste of money. ",negative,1
2731,"Terrible quality, waste of money. Terrible quality, waste of money. Terrible quality, waste of money. ",negative,1
2732,"Terrible quality, waste of money. Terrible quality, waste of money. ",negative,1
2733,"Great product, love it! Great product, love it! Great product, love it! Great product, love it! ",positive,5
2734,"It is okay, nothing special. ",neutral,3
2735,"It is okay, nothing special. ",neutral,3
2736,"It is okay, nothing special. It is okay, nothing special. ",neutral,3
2737,"It is okay, nothing special. ",neutral,3
2738,"Terrible quality, waste of money. Terrible quality, waste of money. Terrible quality, waste of money. ",negative,1
2739,"It is okay, nothing special. It is okay, nothing special. ",neutral,3
2740,"Great product, love it! Great product, love it! Great product, love it! Great product, love it! ",positive,5
2741,"Great product, love it! Great product, love it! Great product, love it! Great product, love it! ",positive,5
2742,"Great product, love it! ",positive,5
2743,"Great product, love it! ",positive,5
2744,"Great product, love it! Great product, love it! Great product, love it! ",positive,5
2745,"Terrible quality, waste of money. Terrible quality, waste of money. Terrible quality, waste of money. ",negative,1
2746,"It is okay, nothing special. It is okay, nothing special. ",neutral,3
2747,"Terrible quality, waste of money. ",negative,1
2748,"Great product, love it! Great product, love it! Great product, love it! ",positive,5
2749,"It is okay, nothing special. It is okay, nothing special. ",neutral,3
2750,"Terrible quality, waste of money. ",negative,1
2751,"Great product, love it! Great product, love it! Great product, love it! Great product, love it! ",positive,5
2752,"Terrible quality, waste of money. Terrible quality, waste of money. ",negative,1
2753,"Great product, love it! Great product, love it! Great product, love it! ",positive,5
2754,"Great product, love it! Great product, love it! Great product, love it! ",positive,5
2755,"It is okay, nothing special. ",neutral,3
2756,"Great product, love it! ",positive,5
2757,"Terrible quality, waste of money. Terrible quality, waste of money. ",negative,1
2758,"It is okay, nothing special. ",neutral,3
2759,"Terrible quality, waste of money. Terrible quality, waste of money. Terrible quality, waste of money. ",negative,1
2760,"Great product, love it! Great product, love it! ",positive,5
2761,"Great product, love it! Great product, love it! Great product, love it! ",positive,5
2762,"Great product, love it! Great product, love it! Great product, love it! ",positive,5
2763,"Terrible quality, waste of money. ",negative,1
2764,"Great product, love it! Great product, love it! Great product, love it! ",positive,5
2765,"Great product, love it! Great product, love it! ",positive,5
2766,"It is okay, nothing special. ",neutral,3
2767,"Terrible quality, waste of money. Terrible quality, waste of money. Terrible quality, waste of money. ",negative,1
2768,"Great product, love it! ",positive,5
2769,"Terrible quality, waste of money. Terrible quality, waste of money. ",negative,1
2770,"Terrible quality, waste of money. ",negative,1
2771,"Great product, love it! Great product, love it! Great product, love it! Great product, love it! ",positive,5
2772,"Great product, love it! Great product, love it! Great product, love it! ",positive,5
2773,"It is okay, nothing special. ",neutral,3
2774,"Terrible quality, waste of money. ",negative,1
2775,"Terrible quality, waste of money. ",negative,1
2776,"Great product, love it! ",positive,5
2777,"Great product, love it! Great product, love it! Great product, love it! Great product, love it! ",positive,5
2778,"Great product, love it! Great product, love it! Great product, love it! Great product, love it! ",positive,5
2779,"Great product, love it! Great product, love it! Great product, love it! ",positive,5
2780,"Great product, love it! Great product, love it! Great product, love it! ",positive,5
2781,"Great product, love it! Great product, love it! ",positive,5
2782,"It is okay, nothing special. It is okay, nothing special. ",neutral,3
2783,"It is okay, nothing special. ",neutral,3
2784,"It is okay, nothing special. ",neutral,3
2785,"It is okay, nothing special. It is okay, nothing special. ",neutral,3
2786,"Great product, love it! ",positive,5
2787,"It is okay, nothing special. It is okay, nothing special. ",neutral,3
2788,"Great product, love it! Great product, love it! Great product, love it! ",positive,5
2789,"It is okay, nothing special. It is okay, nothing special. ",neutral,3
2790,"It is okay, nothing special. It is okay, nothing special. ",neutral,3
2791,"Terrible quality, waste of money. ",negative,1
2792,"It is okay, nothing special. It is okay, nothing special. ",neutral,3
2793,"Terrible quality, waste of money. Terrible quality, waste of money. Terrible quality, waste of money. ",negative,1
2794,"Great product, love it! ",positive,5
2795,"Great product, love it! Great product, love it! Great product, love it! ",positive,5
2796,"Terrible quality, waste of money. Terrible quality, waste of money. Terrible quality, waste of money. ",negative,1
2797,"Great product, love it! Great product, love it! ",positive,5
2798,"Terrible quality, waste of money. Terrible quality, waste of money. Terrible quality, waste of money. ",negative,1
2799,"It is okay, nothing special. ",neutral,3
2800,"Great product, love it! Great product, love it! Great product, love it! ",positive,5
2801,"It is okay, nothing special. ",neutral,3
2802,"It is okay, nothing special. It is okay, nothing special. ",neutral,3
2803,"It is okay, nothing special. ",neutral,3
2804,"It is okay, nothing special. It is okay, nothing special. ",neutral,3
2805,"Terrible quality, waste of money. Terrible quality, waste of money. ",negative,1
2806,"It is okay, nothing special. It is okay, nothing special. ",neutral,3
2807,"It is okay, nothing special. ",neutral,3
2808,"Great product, love it! ",positive,5
2809,"Terrible quality, waste of money. ",negative,1
2810,"Terrible quality, waste of money. ",negative,1
2811,"Great product, love it! Great product, love it! Great product, love it! Great product, love it! ",positive,5
2812,"Terrible quality, waste of money. Terrible quality, waste of money. ",negative,1
2813,"Terrible quality, waste of money. Terrible quality, waste of money. Terrible quality, waste of money. ",negative,1
2814,"Great product, love it! ",positive,5
2815,"Terrible quality, waste of money. ",negative,1
2816,"It is okay, nothing special. ",neutral,3
2817,"Terrible quality, waste of money. Terrible quality, waste of money. Terrible quality, waste of money. ",negative,1
2818,"Great product, love it! ",positive,5
2819,"Great product, love it! Great product, love it! Great product, love it! ",positive,5
2820,"Great product, love it! Great product, love it! ",positive,5
2821,"It is okay, nothing special. It is okay, nothing special. ",neutral,3
2822,"Great product, love it! Great product, love it! ",positive,5
2823,"Terrible quality, waste of money. Terrible quality, waste of money. Terrible quality, waste of money. ",negative,1
2824,"Great product, love it! ",positive,5
2825,"Great product, love it! ",positive,5
2826,"It is okay, nothing special. ",neutral,3
2827,"Terrible quality, waste of money. ",negative,1
2828,"Great product, love it! Great product, love it! Great product, love it! Great product, love it! ",positive,5
2829,"Great product, love it! ",positive,5
2830,"Great product, love it! Great product, love it! Great product, love it! Great product, love it! ",positive,5
2831,"Terrible quality, waste of money. Terrible quality, waste of money. Terrible quality, waste of money. ",negative,1
2832,"Terrible quality, waste of money. Terrible quality, waste of money. ",negative,1
2833,"Great product, love it! ",positive,5
2834,"Great product, love it! Great product, love it! ",positive,5
2835,"Great product, love it! Great product, love it! Great product, love it! ",positive,5
2836,"It is okay, nothing special. ",neutral,3
2837,"It is okay, nothing special. ",neutral,3
2838,"Great product, love it! Great product, love it! Great product, love it! ",positive,5
2839,"It is okay, nothing special. It is okay, nothing special. ",neutral,3
2840,"Great product, love it! ",positive,5
2841,"Great product, love it! Great product, love it! Great product, love it! Great product, love it! ",positive,5
2842,"It is okay, nothing special. ",neutral,3
2843,"It is okay, nothing special. It is okay, nothing special. ",neutral,3
2844,"It is okay, nothing special. ",neutral,3
2845,"Terrible quality, waste of money. ",negative,1
2846,"Great product, love it! Great product, love it! ",positive,5
2847,"It is okay, nothing special. ",neutral,3
2848,"Great product, love it! ",positive,5
2849,"Terrible quality, waste of money. Terrible quality, waste of money. ",negative,1
2850,"Great product, love it! Great product, love it! Great product, love it! ",positive,5
2851,"Terrible quality, waste of money. Terrible quality, waste of money. ",negative,1
2852,"Great product, love it! ",positive,5
2853,"Great product, love it! Great product, love it! Great product, love it! Great product, love it! ",positive,5
2854,"It is okay, nothing special. It is okay, nothing special. ",neutral,3
2855,"Great product, love it! Great product, love it! ",positive,5
2856,"Terrible quality, waste of money. ",negative,1
2857,"Great product, love it! ",positive,5
2858,"Great product, love it! Great product, love it! ",positive,5
2859,"Great product, love it! ",positive,5
2860,"Great product, love it! Great product, love it! Great product, love it! ",positive,5
2861,"It is okay, nothing special. ",neutral,3
2862,"Great product, love it! Great product, love it! ",positive,5
2863,"It is okay, nothing special. ",neutral,3
2864,"Terrible quality, waste of money. Terrible quality, waste of money. Terrible quality, waste of money. ",negative,1
2865,"Great product, love it! Great product, love it! Great product, love it! Great product, love it! ",positive,5
2866,"Terrible quality, waste of money. ",negative,1
2867,"Terrible quality, waste of money. Terrible quality, waste of money. ",negative,1
2868,"It is okay, nothing special. It is okay, nothing special. ",neutral,3
2869,"Great product, love it! Great product, love it! Great product, love it! Great product, love it! ",positive,5
2870,"Great product, love it! ",positive,5
2871,"It is okay, nothing special. ",neutral,3
2872,"It is okay, nothing special. It is okay, nothing special. ",neutral,3
2873,"It is okay, nothing special. It is okay, nothing special. ",neutral,3
2874,"Great product, love it! Great product, love it! ",positive,5
2875,"It is okay, nothing special. It is okay, nothing special. ",neutral,3
2876,"Terrible quality, waste of money. ",negative,1
2877,"Terrible quality, waste of money. Terrible quality, waste of money. Terrible quality, waste of money. ",negative,1
2878,"Great product, love it! ",positive,5
2879,"Terrible quality, waste of money. Terrible quality, waste of money. Terrible quality, waste of money. ",negative,1
2880,"Great product, love it! ",positive,5
2881,"Great product, love it! Great product, love it! ",positive,5
2882,"It is okay, nothing special. ",neutral,3
2883,"Great product, love it! Great product, love it! ",positive,5
2884,"Great product, love it! Great product, love it! Great product, love it! Great product, love it! ",positive,5
2885,"Great product, love it! Great product, love it! ",positive,5
2886,"It is okay, nothing special. It is okay, nothing special. ",neutral,3
2887,"Terrible quality, waste of money. Terrible quality, waste of money. ",negative,1
2888,"Great product, love it! Great product, love it! ",positive,5
2889,"It is okay, nothing special. ",neutral,3
2890,"It is okay, nothing special. ",neutral,3
2891,"Great product, love it! ",positive,5
2892,"Terrible quality, waste of money. ",negative,1
2893,"It is okay, nothing special. ",neutral,3
2894,"Terrible quality, waste of money. Terrible quality, waste of money. ",negative,1
2895,"Great product, love it! ",positive,5
2896,"It is okay, nothing special. ",neutral,3
2897,"Terrible quality, waste of money. ",negative,1
2898,"Great product, love it! Great product, love it! Great product, love it! Great product, love it! ",positive,5
2899,"Great product, love it! Great product, love it! ",positive,5
2900,"Great product, love it! Great product, love it! Great product, love it! Great product, love it! ",positive,5
2901,"Great product, love it! Great product, love it! Great product, love it! ",positive,5
2902,"It is okay, nothing special. ",neutral,3
2903,"Great product, love it! Great product, love it! Great product, love it! ",positive,5
2904,"Great product, love it! Great product, love it! Great product, love it! ",positive,5
2905,"Terrible quality, waste of money. ",negative,1
2906,"Great product, love it! Great product, love it! ",positive,5
2907,"It is okay, nothing special. ",neutral,3
2908,"Great product, love it! Great product, love it! Great product, love it! Great product, love it! ",positive,5
2909,"Great product, love it! Great product, love it! Great product, love it! ",positive,5
2910,"Great product, love it! Great product, love it! ",positive,5
2911,"Great product, love it! Great product, love it! Great product, love it! Great product, love it! ",positive,5
2912,"Great product, love it! Great product, love it! Great product, love it! Great product, love it! ",positive,5
2913,"Terrible quality, waste of money. ",negative,1
2914,"It is okay, nothing special. ",neutral,3
2915,"Great product, love it! ",positive,5
2916,"Terrible quality, waste of money. ",negative,1
2917,"Terrible quality, waste of money. ",negative,1
2918,"It is okay, nothing special. ",neutral,3
2919,"Great product, love it! Great product, love it! Great product, love it! ",positive,5
2920,"Great product, love it! Great product, love it! Great product, love it! Great product, love it! ",positive,5
2921,"Great product, love it! Great product, love it! Great product, love it! Great product, love it! ",positive,5
2922,"Terrible quality, waste of money. Terrible quality, waste of money. Terrible quality, waste of money. ",negative,1
2923,"It is okay, nothing special. ",neutral,3
2924,"Great product, love it! ",positive,5
2925,"Great product, love it! Great product, love it! ",positive,5
2926,"It is okay, nothing special. It is okay, nothing special. ",neutral,3
2927,"It is okay, nothing special. It is okay, nothing special. ",neutral,3
2928,"It is okay, nothing special. ",neutral,3
2929,"It is okay, nothing special. It is okay, nothing special. ",neutral,3
2930,"Great product, love it! Great product, love it! ",positive,5
2931,"Terrible quality, waste of money. Terrible quality, waste of money. Terrible quality, waste of money. ",negative,1
2932,"Terrible quality, waste of money. Terrible quality, waste of money. Terrible quality, waste of money. ",negative,1
2933,"Great product, love it! Great product, love it! Great product, love it! ",positive,5
2934,"Terrible quality, waste of money. Terrible quality, waste of money. Terrible quality, waste of money. ",negative,1
2935,"Terrible quality, waste of money. Terrible quality, waste of money. ",negative,1
2936,"Great product, love it! ",positive,5
2937,"It is okay, nothing special. ",neutral,3
2938,"Terrible quality, waste of money. ",negative,1
2939,"It is okay, nothing special. It is okay, nothing special. ",neutral,3
2940,"Great product, love it! ",positive,5
2941,"Great product, love it! Great product, love it! ",positive,5
2942,"Terrible quality, waste of money. Terrible quality, waste of money. ",negative,1
2943,"Great product, love it! Great product, love it! ",positive,5
2944,"Terrible quality, waste of money. ",negative,1
2945,"It is okay, nothing special. It is okay, nothing special. ",neutral,3
2946,"Great product, love it! ",positive,5
2947,"Terrible quality, waste of money. ",negative,1
2948,"Terrible quality, waste of money. Terrible quality, waste of money. Terrible quality, waste of money. ",negative,1
2949,"Great product, love it! Great product, love it! ",positive,5
2950,"It is okay, nothing special. It is okay, nothing special. ",neutral,3
2951,"It is okay, nothing special. ",neutral,3
2952,"Terrible quality, waste of money. Terrible quality, waste of money. ",negative,1
2953,"Terrible quality, waste of money. ",negative,1
2954,"Terrible quality, waste of money. Terrible quality, waste of money. ",negative,1
2955,"It is okay, nothing special. It is okay, nothing special. ",neutral,3
2956,"Terrible quality, waste of money. Terrible quality, waste of money. Terrible quality, waste of money. ",negative,1
2957,"Terrible quality, waste of money. Terrible quality, waste of money. ",negative,1
2958,"It is okay, nothing special. ",neutral,3
2959,"Great product, love it! Great product, love it! Great product, love it! Great product, love it! ",positive,5
2960,"It is okay, nothing special. It is okay, nothing special. ",neutral,3
2961,"Great product, love it! Great product, love it! Great product, love it! Great product, love it! ",positive,5
2962,"Great product, love it! Great product, love it! ",positive,5
2963,"Great product, love it! Great product, love it! Great product, love it! Great product, love it! ",positive,5
2964,"It is okay, nothing special. It is okay, nothing special. ",neutral,3
2965,"It is okay, nothing special. ",neutral,3
2966,"Terrible quality, waste of money. Terrible quality, waste of money. ",negative,1
2967,"Terrible quality, waste of money. Terrible quality, waste of money. ",negative,1
2968,"Terrible quality, waste of money. Terrible quality, waste of money. Terrible quality, waste of money. ",negative,1
2969,"It is okay, nothing special. ",neutral,3
2970,"Terrible quality, waste of money. Terrible quality, waste of money. Terrible quality, waste of money. ",negative,1
2971,"Great product, love it! Great product, love it! Great product, love it! Great product, love it! ",positive,5
2972,"Great product, love it! Great product, love it! Great product, love it! Great product, love it! ",positive,5
2973,"It is okay, nothing special. ",neutral,3
2974,"Terrible quality, waste of money. ",negative,1
2975,"Great product, love it! ",positive,5
2976,"Great product, love it! Great product, love it! ",positive,5
2977,"It is okay, nothing special. ",neutral,3
2978,"Great product, love it! Great product, love it! ",positive,5
2979,"Terrible quality, waste of money. ",negative,1
2980,"It is okay, nothing special. It is okay, nothing special. ",neutral,3
2981,"Great product, love it! Great product, love it! Great product, love it! ",positive,5
2982,"Great product, love it! Great product, love it! Great product, love it! ",positive,5
2983,"Terrible quality, waste of money. ",negative,1
2984,"It is okay, nothing special. ",neutral,3
2985,"Terrible quality, waste of money. Terrible quality, waste of money. ",negative,1
2986,"It is okay, nothing special. It is okay, nothing special. ",neutral,3
2987,"Great product, love it! Great product, love it! ",positive,5
2988,"Terrible quality, waste of money. Terrible quality, waste of money. ",negative,1
2989,"Terrible quality, waste of money. Terrible quality, waste of money. Terrible quality, waste of money. ",negative,1
2990,"It is okay, nothing special. ",neutral,3
2991,"Great product, love it! Great product, love it! Great product, love it! ",positive,5
2992,"It is okay, nothing special. ",neutral,3
2993,"Terrible quality, waste of money. Terrible quality, waste of money. ",negative,1
2994,"Great product, love it! Great product, love it! Great product, love it! ",positive,5
2995,"Great product, love it! Great product, love it! Great product, love it! Great product, love it! ",positive,5
2996,"It is okay, nothing special. ",neutral,3
2997,"Great product, love it! Great product, love it! Great product, love it! ",positive,5
2998,"Great product, love it! Great product, love it! Great product, love it! ",positive,5
2999,"Great product, love it! ",positive,5
3000,"It is okay, nothing special. It is okay, nothing special. ",neutral,3
3001,"Terrible quality, waste of money. Terrible quality, waste of money. ",negative,1
3002,"It is okay, nothing special. It is okay, nothing special. ",neutral,3
3003,"Great product, love it! Great product, love it! Great product, love it! ",positive,5
3004,"Terrible quality, waste of money. ",negative,1
3005,"Terrible quality, waste of money. Terrible quality, waste of money. ",negative,1
3006,"It is okay, nothing special. It is okay, nothing special. ",neutral,3
3007,"It is okay, nothing special. ",neutral,3
3008,"Great product, love it! Great product, love it! Great product, love it! ",positive,5
3009,"Terrible quality, waste of money. Terrible quality, waste of money. ",negative,1
3010,"Great product, love it! Great product, love it! ",positive,5
3011,"Terrible quality, waste of money. ",negative,1
3012,"Great product, love it! Great product, love it! Great product, love it! Great product, love it! ",positive,5
3013,"Great product, love it! Great product, love it! ",positive,5
3014,"Great product, love it! Great product, love it! Great product, love it! Great product, love it! ",positive,5
3015,"Terrible quality, waste of money. Terrible quality, waste of money. ",negative,1
3016,"Great product, love it! Great product, love it! Great product, love it! ",positive,5
3017,"Terrible quality, waste of money. Terrible quality, waste of money. ",negative,1
3018,"Great product, love it! Great product, love it! Great product, love it! ",positive,5
3019,"Great product, love it! Great product, love it! ",positive,5
3020,"It is okay, nothing special. It is okay, nothing special. ",neutral,3
3021,"Great product, love it! Great product, love it! ",positive,5
3022,"Great product, love it! ",positive,5
3023,"Terrible quality, waste of money. Terrible quality, waste of money. Terrible quality, waste of money. ",negative,1
3024,"Great product, love it! ",positive,5
3025,"Great product, love it! Great product, love it! ",positive,5
3026,"Great product, love it! Great product, love it! Great product, love it! Great product, love it! ",positive,5
3027,"It is okay, nothing special. ",neutral,3
3028,"Terrible quality, waste of money. Terrible quality, waste of money. Terrible quality, waste of money. ",negative,1
3029,"Terrible quality, waste of money. Terrible quality, waste of money. ",negative,1
3030,"Terrible quality, waste of money. ",negative,1
3031,"Great product, love it! Great product, love it! Great product, love it! Great product, love it! ",positive,5
3032,"Great product, love it! ",positive,5
3033,"It is okay, nothing special. ",neutral,3
3034,"Great product, love it! ",positive,5
3035,"Great product, love it! Great product, love it! Great product, love it! Great product, love it! ",positive,5
3036,"Great product, love it! Great product, love it! Great product, love it! Great product, love it! ",positive,5
3037,"Great product, love it! Great product, love it! Great product, love it! ",positive,5
3038,"It is okay, nothing special. It is okay, nothing special. ",neutral,3
3039,"Great product, love it! Great product, love it! ",positive,5
3040,"Terrible quality, waste of money. Terrible quality, waste of money. ",negative,1
3041,"Great product, love it! ",positive,5
3042,"It is okay, nothing special. It is okay, nothing special. ",neutral,3
3043,"Great product, love it! Great product, love it! ",positive,5
3044,"Great product, love it! ",positive,5
3045,"Terrible quality, waste of money. Terrible quality, waste of money. ",negative,1
3046,"Terrible quality, waste of money. ",negative,1
3047,"Great product, love it! Great product, love it! Great product, love it! ",positive,5
3048,"Great product, love it! Great product, love it! Great product, love it! Great product, love it! ",positive,5
3049,"Great product, love it! Great product, love it! Great product, love it! Great product, love it! ",positive,5
3050,"Great product, love it! Great product, love it! Great product, love it! ",positive,5
3051,"Great product, love it! Great product, love it! Great product, love it! ",positive,5
3052,"Terrible quality, waste of money. ",negative,1
3053,"Great product, love it! Great product, love it! Great product, love it! Great product, love it! ",positive,5
3054,"Great product, love it! Great product, love it! Great product, love it! Great product, love it! ",positive,5
3055,"Terrible quality, waste of money. ",negative,1
3056,"It is okay, nothing special. It is okay, nothing special. ",neutral,3
3057,"Terrible quality, waste of money. Terrible quality, waste of money. ",negative,1
3058,"Great product, love it! Great product, love it! ",positive,5
3059,"Great product, love it! Great product, love it! ",positive,5
3060,"It is okay, nothing special. It is okay, nothing special. ",neutral,3
3061,"Great product, love it! Great product, love it! ",positive,5
3062,"Great product, love it! Great product, love it! ",positive,5
3063,"Terrible quality, waste of money. ",negative,1
3064,"Terrible quality, waste of money. ",negative,1
3065,"Terrible quality, waste of money. Terrible quality, waste of money. Terrible quality, waste of money. ",negative,1
3066,"Great product, love it! Great product, love it! Great product, love it! ",positive,5
3067,"Great product, love it! Great product, love it! Great product, love it! ",positive,5
3068,"It is okay, nothing special. ",neutral,3
3069,"Great product, love it! ",positive,5
3070,"Terrible quality, waste of money. ",negative,1
3071,"Terrible quality, waste of money. ",negative,1
3072,"Terrible quality, waste of money. Terrible quality, waste of money. ",negative,1
3073,"Great product, love it! Great product, love it! ",positive,5
3074,"Great product, love it! Great product, love it! Great product, love it! ",positive,5
3075,"Terrible quality, waste of money. Terrible quality, waste of money. ",negative,1
3076,"It is okay, nothing special. It is okay, nothing special. ",neutral,3
3077,"It is okay, nothing special. ",neutral,3
3078,"Great product, love it! Great product, love it! Great product, love it! ",positive,5
3079,"Great product, love it! Great product, love it! Great product, love it! ",positive,5
3080,"It is okay, nothing special. It is okay, nothing special. ",neutral,3
3081,"Terrible quality, waste of money. Terrible quality, waste of money. ",negative,1
3082,"It is okay, nothing special. ",neutral,3
3083,"Great product, love it! Great product, love it! ",positive,5
3084,"Terrible quality, waste of money. Terrible quality, waste of money. ",negative,1
3085,"Terrible quality, waste of money. Terrible quality, waste of money. Terrible quality, waste of money. ",negative,1
3086,"Terrible quality, waste of money. Terrible quality, waste of money. ",negative,1
3087,"Great product, love it! Great product, love it! ",positive,5
3088,"Great product, love it! Great product, love it! Great product, love it! Great product, love it! ",positive,5
3089,"Terrible quality, waste of money. Terrible quality, waste of money. ",negative,1
3090,"Great product, love it! Great product, love it! Great product, love it! Great product, love it! ",positive,5
3091,"Terrible quality, waste of money. Terrible quality, waste of money. ",negative,1
3092,"It is okay, nothing special. ",neutral,3
3093,"Great product, love it! ",positive,5
3094,"It is okay, nothing special. It is okay, nothing special. ",neutral,3
3095,"Great product, love it! ",positive,5
3096,"Terrible quality, waste of money. Terrible quality, waste of money. ",negative,1
3097,"It is okay, nothing special. It is okay, nothing special. ",neutral,3
3098,"Great product, love it! Great product, love it! ",positive,5
3099,"Great product, love it! ",positive,5
3100,"Great product, love it! Great product, love it! ",positive,5
3101,"Great product, love it! Great product, love it! Great product, love it! Great product, love it! ",positive,5
3102,"Terrible quality, waste of money. Terrible quality, waste of money. Terrible quality, waste of money. ",negative,1
3103,"It is okay, nothing special. ",neutral,3
3104,"Great product, love it! Great product, love it! Great product, love it! Great product, love it! ",positive,5
3105,"Great product, love it! Great product, love it! Great product, love it! ",positive,5
3106,"Great product, love it! ",positive,5
3107,"Terrible quality, waste of money. Terrible quality, waste of money. ",negative,1
3108,"Great product, love it! Great product, love it! ",positive,5
3109,"Terrible quality, waste of money. Terrible quality, waste of money. ",negative,1
3110,"Terrible quality, waste of money. ",negative,1
3111,"Terrible quality, waste of money. ",negative,1
3112,"Great product, love it! ",positive,5
3113,"Terrible quality, waste of money. ",negative,1
3114,"Great product, love it! Great product, love it! Great product, love it! ",positive,5
3115,"Great product, love it! Great product, love it! Great product, love it! Great product, love it! ",positive,5
3116,"It is okay, nothing special. It is okay, nothing special. ",neutral,3
3117,"Terrible quality, waste of money. ",negative,1
3118,"Great product, love it! Great product, love it! Great product, love it! Great product, love it! ",positive,5
3119,"Great product, love it! ",positive,5
3120,"Great product, love it! ",positive,5
3121,"Great product, love it! Great product, love it! Great product, love it! Great product, love it! ",positive,5
3122,"Great product, love it! Great product, love it! ",positive,5
3123,"Great product, love it! Great product, love it! ",positive,5
3124,"Terrible quality, waste of money. Terrible quality, waste of money. ",negative,1
3125,"Terrible quality, waste of money. Terrible quality, waste of money. Terrible quality, waste of money. ",negative,1
3126,"Terrible quality, waste of money. Terrible quality, waste of money. Terrible quality, waste of money. ",negative,1
3127,"Terrible quality, waste of money. ",negative,1
3128,"Great product, love it! Great product, love it! ",positive,5
3129,"It is okay, nothing special. ",neutral,3
3130,"It is okay, nothing special. It is okay, nothing special. ",neutral,3
3131,"It is okay, nothing special. It is okay, nothing special. ",neutral,3
3132,"It is okay, nothing special. ",neutral,3
3133,"It is okay, nothing special. ",neutral,3
3134,"Terrible quality, waste of money. ",negative,1
3135,"Great product, love it! Great product, love it! Great product, love it! Great product, love it! ",positive,5
3136,"Terrible quality, waste of money. ",negative,1
3137,"Terrible quality, waste of money. Terrible quality, waste of money. Terrible quality, waste of money. ",negative,1
3138,"Terrible quality, waste of money. ",negative,1
3139,"Terrible quality, waste of money. Terrible quality, waste of money. Terrible quality, waste of money. ",negative,1
3140,"Great product, love it! Great product, love it! Great product, love it! ",positive,5
3141,"Great product, love it! Great product, love it! ",positive,5
3142,"It is okay, nothing special. ",neutral,3
3143,"Terrible quality, waste of money. ",negative,1
3144,"Terrible quality, waste of money. ",negative,1
3145,"Great product, love it! Great product, love it! Great product, love it! Great product, love it! ",positive,5
3146,"Great product, love it! Great product, love it! ",positive,5
3147,"It is okay, nothing special. It is okay, nothing special. ",neutral,3
3148,"Terrible quality, waste of money. Terrible quality, waste of money. ",negative,1
3149,"It is okay, nothing special. It is okay, nothing special. ",neutral,3
3150,"Terrible quality, waste of money. ",negative,1
3151,"Terrible quality, waste of money. ",negative,1
3152,"Great product, love it! ",positive,5
3153,"Terrible quality, waste of money. Terrible quality, waste of money. ",negative,1
3154,"Great product, love it! Great product, love it! ",positive,5
3155,"Great product, love it! Great product, love it! Great product, love it! ",positive,5
3156,"Terrible quality, waste of money. Terrible quality, waste of money. ",negative,1
3157,"It is okay, nothing special. ",neutral,3
3158,"Great product, love it! ",positive,5
3159,"It is okay, nothing special. It is okay, nothing special. ",neutral,3
3160,"Great product, love it! Great product, love it! Great product, love it! Great product, love it! ",positive,5
3161,"Great product, love it! Great product, love it! Great product, love it! Great product, love it! ",positive,5
3162,"Great product, love it! Great product, love it! Great product, love it! Great product, love it! ",positive,5
3163,"Great product, love it! ",positive,5
3164,"Terrible quality, waste of money. ",negative,1
3165,"Great product, love it! ",positive,5
3166,"Terrible quality, waste of money. ",negative,1
3167,"It is okay, nothing special. It is okay, nothing special. ",neutral,3
3168,"Great product, love it! ",positive,5
3169,"It is okay, nothing special. ",neutral,3
3170,"Great product, love it! Great product, love it! Great product, love it! Great product, love it! ",positive,5
3171,"Terrible quality, waste of money. Terrible quality, waste of money. ",negative,1
3172,"Great product, love it! Great product, love it! Great product, love it! Great product, love it! ",positive,5
3173,"Great product, love it! ",positive,5
3174,"Great product, love it! Great product, love it! ",positive,5
3175,"Great product, love it! Great product, love it! Great product, love it! ",positive,5
3176,"Great product, love it! ",positive,5
3177,"Terrible quality, waste of money. Terrible quality, waste of money. Terrible quality, waste of money. ",negative,1
3178,"It is okay, nothing special. ",neutral,3
3179,"It is okay, nothing special. ",neutral,3
3180,"Terrible quality, waste of money. ",negative,1
3181,"Great product, love it! Great product, love it! ",positive,5
3182,"Great product, love it! ",positive,5
3183,"Great product, love it! Great product, love it! ",positive,5
3184,"Great product, love it! ",positive,5
3185,"Terrible quality, waste of money. ",negative,1
3186,"Terrible quality, waste of money. Terrible quality, waste of money. Terrible quality, waste of money. ",negative,1
3187,"Great product, love it! Great product, love it! Great product, love it! ",positive,5
3188,"Great product, love it! Great product, love it! Great product, love it! ",positive,5
3189,"It is okay, nothing special. ",neutral,3
3190,"It is okay, nothing special. ",neutral,3
3191,"Great product, love it! ",positive,5
3192,"It is okay, nothing special. It is okay, nothing special. ",neutral,3
3193,"It is okay, nothing special. It is okay, nothing special. ",neutral,3
3194,"Great product, love it! Great product, love it! Great product, love it! Great product, love it! ",positive,5
3195,"Great product, love it! ",positive,5
3196,"Terrible quality, waste of money. Terrible quality, waste of money. Terrible quality, waste of money. ",negative,1
3197,"It is okay, nothing special. ",neutral,3
3198,"It is okay, nothing special. It is okay, nothing special. ",neutral,3
3199,"Great product, love it! Great product, love it! Great product, love it! ",positive,5
3200,"Great product, love it! Great product, love it! Great product, love it! Great product, love it! ",positive,5
3201,"Terrible quality, waste of money. ",negative,1
3202,"Terrible quality, waste of money. Terrible quality, waste of money. Terrible quality, waste of money. ",negative,1
3203,"Great product, love it! ",positive,5
3204,"It is okay, nothing special. It is okay, nothing special. ",neutral,3
3205,"Terrible quality, waste of money. Terrible quality, waste of money. Terrible quality, waste of money. ",negative,1
3206,"It is okay, nothing special. It is okay, nothing special. ",neutral,3
3207,"It is okay, nothing special. ",neutral,3
3208,"Terrible quality, waste of money. ",negative,1
3209,"Great product, love it! Great product, love it! Great product, love it! Great product, love it! ",positive,5
3210,"Terrible quality, waste of money. ",negative,1
3211,"Great product, love it! ",positive,5
3212,"Terrible quality, waste of money. ",negative,1
3213,"Great product, love it! Great product, love it! Great product, love it! ",positive,5
3214,"Terrible quality, waste of money. Terrible quality, waste of money. ",negative,1
3215,"Great product, love it! ",positive,5
3216,"Great product, love it! Great product, love it! Great product, love it! ",positive,5
3217,"Great product, love it! Great product, love it! ",positive,5
3218,"Great product, love it! ",positive,5
3219,"Terrible quality, waste of money. Terrible quality, waste of money. ",negative,1
3220,"Terrible quality, waste of money. ",negative,1
3221,"Terrible quality, waste of money. Terrible quality, waste of money. ",negative,1
3222,"Great product, love it! Great product, love it! ",positive,5
3223,"Great product, love it! Great product, love it! Great product, love it! Great product, love it! ",positive,5
3224,"Great product, love it! Great product, love it! Great product, love it! Great product, love it! ",positive,5
3225,"Great product, love it! ",positive,5
3226,"It is okay, nothing special. ",neutral,3
3227,"Great product, love it! Great product, love it! Great product, love it! Great product, love it! ",positive,5
3228,"Great product, love it! Great product, love it! ",positive,5
3229,"Great product, love it! Great product, love it! Great product, love it! Great product, love it! ",positive,5
3230,"Great product, love it! Great product, love it! Great product, love it! Great product, love it! ",positive,5
3231,"Terrible quality, waste of money. ",negative,1
3232,"Terrible quality, waste of money. Terrible quality, waste of money. ",negative,1
3233,"Great product, love it! Great product, love it! Great product, love it! Great product, love it! ",positive,5
3234,"Great product, love it! Great product, love it! ",positive,5
3235,"Great product, love it! Great product, love it! Great product, love it! Great product, love it! ",positive,5
3236,"Great product, love it! Great product, love it! Great product, love it! Great product, love it! ",positive,5
3237,"Great product, love it! Great product, love it! Great product, love it! ",positive,5
3238,"It is okay, nothing special. It is okay, nothing special. ",neutral,3
3239,"Terrible quality, waste of money. Terrible quality, waste of money. ",negative,1
3240,"Terrible quality, waste of money. Terrible quality, waste of money. ",negative,1
3241,"Great product, love it! ",positive,5
3242,"Great product, love it! ",positive,5
3243,"Terrible quality, waste of money. Terrible quality, waste of money. Terrible quality, waste of money. ",negative,1
3244,"Terrible quality, waste of money. Terrible quality, waste of money. ",negative,1
3245,"Terrible quality, waste of money. Terrible quality, waste of money. ",negative,1
3246,"Great product, love it! Great product, love it! ",positive,5
3247,"Terrible quality, waste of money. Terrible quality, waste of money. Terrible quality, waste of money. ",negative,1
3248,"Great product, love it! Great product, love it! ",positive,5
3249,"It is okay, nothing special. ",neutral,3
3250,"Terrible quality, waste of money. Terrible quality, waste of money. Terrible quality, waste of money. ",negative,1
3251,"Terrible quality, waste of money. ",negative,1
3252,"Great product, love it! ",positive,5
3253,"Terrible quality, waste of money. Terrible quality, waste of money. Terrible quality, waste of money. ",negative,1
3254,"Great product, love it! Great product, love it! Great product, love it! Great product, love it! ",positive,5
3255,"Great product, love it! Great product, love it! Great product, love it! Great product, love it! ",positive,5
3256,"Great product, love it! ",positive,5
3257,"Terrible quality, waste of money. Terrible quality, waste of money. ",negative,1
3258,"Great product, love it! Great product, love it! Great product, love it! ",positive,5
3259,"Great product, love it! ",positive,5
3260,"It is okay, nothing special. It is okay, nothing special. ",neutral,3
3261,"Great product, love it! Great product, love it! Great product, love it! Great product, love it! ",positive,5
3262,"Terrible quality, waste of money. Terrible quality, waste of money. ",negative,1
3263,"Great product, love it! Great product, love it! Great product, love it! Great product, love it! ",positive,5
3264,"Great product, love it! ",positive,5
3265,"It is okay, nothing special. It is okay, nothing special. ",neutral,3
3266,"Great product, love it! Great product, love it! Great product, love it! ",positive,5
3267,"Terrible quality, waste of money. ",negative,1
3268,"Terrible quality, waste of money. Terrible quality, waste of money. ",negative,1
3269,"Terrible quality, waste of money. Terrible quality, waste of money. ",negative,1
3270,"Terrible quality, waste of money. ",negative,1
3271,"Great product, love it! ",positive,5
3272,"Great product, love it! ",positive,5
3273,"Terrible quality, waste of money. ",negative,1
3274,"Terrible quality, waste of money. Terrible quality, waste of money. Terrible quality, waste of money. ",negative,1
3275,"It is okay, nothing special. ",neutral,3
3276,"It is okay, nothing special. It is okay, nothing special. ",neutral,3
3277,"It is okay, nothing special. ",neutral,3
3278,"Terrible quality, waste of money. Terrible quality, waste of money. Terrible quality, waste of money. ",negative,1
3279,"Great product, love it! Great product, love it! Great product, love it! Great product, love it! ",positive,5
3280,"It is okay, nothing special. ",neutral,3
3281,"Terrible quality, waste of money. Terrible quality, waste of money. Terrible quality, waste of money. ",negative,1
3282,"Great product, love it! ",positive,5
3283,"It is okay, nothing special. ",neutral,3
3284,"It is okay, nothing special. It is okay, nothing special. ",neutral,3
3285,"Terrible quality, waste of money. ",negative,1
3286,"Great product, love it! Great product, love it! ",positive,5
3287,"Great product, love it! Great product, love it! Great product, love it! ",positive,5
3288,"It is okay, nothing special. It is okay, nothing special. ",neutral,3
3289,"It is okay, nothing special. It is okay, nothing special. ",neutral,3
3290,"Great product, love it! Great product, love it! Great product, love it! Great product, love it! ",positive,5
3291,"Great product, love it! Great product, love it! Great product, love it! ",positive,5
3292,"It is okay, nothing special. ",neutral,3
3293,"Great product, love it! Great product, love it! Great product, love it! ",positive,5
3294,"Terrible quality, waste of money. Terrible quality, waste of money. Terrible quality, waste of money. ",negative,1
3295,"It is okay, nothing special. ",neutral,3
3296,"Great product, love it! Great product, love it! Great product, love it! ",positive,5
3297,"Terrible quality, waste of money. ",negative,1
3298,"Great product, love it! Great product, love it! ",positive,5
3299,"Great product, love it! Great product, love it! Great product, love it! Great product, love it! ",positive,5
3300,"It is okay, nothing special. ",neutral,3
3301,"Great product, love it! ",positive,5
3302,"It is okay, nothing special. ",neutral,3
3303,"Terrible quality, waste of money. Terrible quality, waste of money. ",negative,1
3304,"Great product, love it! ",positive,5
3305,"Great product, love it! Great product, love it! ",positive,5
3306,"Great product, love it! Great product, love it! ",positive,5
3307,"Great product, love it! Great product, love it! Great product, love it! ",positive,5
3308,"Great product, love it! ",positive,5
3309,"Great product, love it! Great product, love it! Great product, love it! ",positive,5
3310,"Terrible quality, waste of money. ",negative,1
3311,"Terrible quality, waste of money. Terrible quality, waste of money. ",negative,1
3312,"Terrible quality, waste of money. ",negative,1
3313,"Terrible quality, waste of money. ",negative,1
3314,"Great product, love it! Great product, love it! Great product, love it! Great product, love it! ",positive,5
3315,"Great product, love it! Great product, love it! Great product, love it! Great product, love it! ",positive,5
3316,"Terrible quality, waste of money. Terrible quality, waste of money. ",negative,1
3317,"Terrible quality, waste of money. Terrible quality, waste of money. ",negative,1
3318,"Great product, love it! ",positive,5
3319,"It is okay, nothing special. ",neutral,3
3320,"It is okay, nothing special. ",neutral,3
3321,"Terrible quality, waste of money. Terrible quality, waste of money. ",negative,1
3322,"Great product, love it! Great product, love it! Great product, love it! ",positive,5
3323,"It is okay, nothing special. It is okay, nothing special. ",neutral,3
3324,"Terrible quality, waste of money. Terrible quality, waste of money. ",negative,1
3325,"It is okay, nothing special. It is okay, nothing special. ",neutral,3
3326,"It is okay, nothing special. ",neutral,3
3327,"It is okay, nothing special. It is okay, nothing special. ",neutral,3
3328,"Terrible quality, waste of money. Terrible quality, waste of money. ",negative,1
3329,"Great product, love it! Great product, love it! ",positive,5
3330,"Terrible quality, waste of money. Terrible quality, waste of money. ",negative,1
3331,"Terrible quality, waste of money. Terrible quality, waste of money. ",negative,1
3332,"Terrible quality, waste of money. Terrible quality, waste of money. ",negative,1
3333,"Great product, love it! Great product, love it! ",positive,5
3334,"Great product, love it! Great product, love it! ",positive,5
3335,"It is okay, nothing special. It is okay, nothing special. ",neutral,3
3336,"Terrible quality, waste of money. Terrible quality, waste of money. ",negative,1
3337,"It is okay, nothing special. It is okay, nothing special. ",neutral,3
3338,"It is okay, nothing special. It is okay, nothing special. ",neutral,3
3339,"Terrible quality, waste of money. ",negative,1
3340,"Terrible quality, waste of money. ",negative,1
3341,"It is okay, nothing special. It is okay, nothing special. ",neutral,3
3342,"Terrible quality, waste of money. Terrible quality, waste of money. ",negative,1
3343,"Terrible quality, waste of money. ",negative,1
3344,"Great product, love it! Great product, love it! Great product, love it! ",positive,5
3345,"Terrible quality, waste of money. ",negative,1
3346,"Terrible quality, waste of money. Terrible quality, waste of money. ",negative,1
3347,"Great product, love it! Great product, love it! ",positive,5
3348,"Great product, love it! ",positive,5
3349,"Great product, love it! Great product, love it! ",positive,5
3350,"Great product, love it! Great product, love it! Great product, love it! ",positive,5
3351,"Great product, love it! Great product, love it! Great product, love it! ",positive,5
3352,"Great product, love it! Great product, love it! ",positive,5
3353,"It is okay, nothing special. ",neutral,3
3354,"Terrible quality, waste of money. Terrible quality, waste of money. Terrible quality, waste of money. ",negative,1
3355,"Great product, love it! ",positive,5
3356,"Great product, love it! Great product, love it! Great product, love it! ",positive,5
3357,"Terrible quality, waste of money. ",negative,1
3358,"Great product, love it! Great product, love it! ",positive,5
3359,"It is okay, nothing special. ",neutral,3
3360,"Terrible quality, waste of money. Terrible quality, waste of money. ",negative,1
3361,"It is okay, nothing special. It is okay, nothing special. ",neutral,3
3362,"Great product, love it! Great product, love it! ",positive,5
3363,"Terrible quality, waste of money. Terrible quality, waste of money. ",negative,1
3364,"Great product, love it! Great product, love it! ",positive,5
3365,"It is okay, nothing special. ",neutral,3
3366,"Terrible quality, waste of money. Terrible quality, waste of money. ",negative,1
3367,"Great product, love it! Great product, love it! Great product, love it! ",positive,5
3368,"Great product, love it! Great product, love it! Great product, love it! ",positive,5
3369,"Great product, love it! Great product, love it! ",positive,5
3370,"Terrible quality, waste of money. Terrible quality, waste of money. Terrible quality, waste of money. ",negative,1
3371,"Great product, love it! Great product, love it! Great product, love it! Great product, love it! ",positive,5
3372,"Terrible quality, waste of money. ",negative,1
3373,"Great product, love it! ",positive,5
3374,"Terrible quality, waste of money. Terrible quality, waste of money. ",negative,1
3375,"It is okay, nothing special. It is okay, nothing special. ",neutral,3
3376,"It is okay, nothing special. It is okay, nothing special. ",neutral,3
3377,"It is okay, nothing special. It is okay, nothing special. ",neutral,3
3378,"Great product, love it! Great product, love it! Great product, love it! ",positive,5
3379,"Great product, love it! Great product, love it! Great product, love it! Great product, love it! ",positive,5
3380,"Terrible quality, waste of money. Terrible quality, waste of money. Terrible quality, waste of money. ",negative,1
3381,"Great product, love it! ",positive,5
3382,"Great product, love it! Great product, love it! Great product, love it! ",positive,5
3383,"Great product, love it! ",positive,5
3384,"Great product, love it! Great product, love it! Great product, love it! ",positive,5
3385,"Great product, love it! ",positive,5
3386,"It is okay, nothing special. It is okay, nothing special. ",neutral,3
3387,"Great product, love it! Great product, love it! Great product, love it! ",positive,5
3388,"Terrible quality, waste of money. ",negative,1
3389,"Great product, love it! Great product, love it! Great product, love it! ",positive,5
3390,"Terrible quality, waste of money. Terrible quality, waste of money. ",negative,1
3391,"Great product, love it! ",positive,5
3392,"It is okay, nothing special. It is okay, nothing special. ",neutral,3
3393,"It is okay, nothing special. ",neutral,3
3394,"Great product, love it! Great product, love it! Great product, love it! Great product, love it! ",positive,5
3395,"It is okay, nothing special. ",neutral,3
3396,"It is okay, nothing special. It is okay, nothing special. ",neutral,3
3397,"It is okay, nothing special. It is okay, nothing special. ",neutral,3
3398,"It is okay, nothing special. It is okay, nothing special. ",neutral,3
3399,"Great product, love it! ",positive,5
3400,"Terrible quality, waste of money. Terrible quality, waste of money. Terrible quality, waste of money. ",negative,1
3401,"Great product, love it! Great product, love it! Great product, love it! ",positive,5
3402,"Great product, love it! Great product, love it! ",positive,5
3403,"It is okay, nothing special. It is okay, nothing special. ",neutral,3
3404,"Great product, love it! ",positive,5
3405,"Terrible quality, waste of money. Terrible quality, waste of money. Terrible quality, waste of money. ",negative,1
3406,"It is okay, nothing special. ",neutral,3
3407,"It is okay, nothing special. ",neutral,3
3408,"It is okay, nothing special. ",neutral,3
3409,"Great product, love it! Great product, love it! ",positive,5
3410,"Great product, love it! Great product, love it! ",positive,5
3411,"Great product, love it! Great product, love it! Great product, love it! Great product, love it! ",positive,5
3412,"Great product, love it! ",positive,5
3413,"Great product, love it! Great product, love it! Great product, love it! Great product, love it! ",positive,5
3414,"Great product, love it! ",positive,5
3415,"It is okay, nothing special. ",neutral,3
3416,"Terrible quality, waste of money. ",negative,1
3417,"Great product, love it! ",positive,5
3418,"Terrible quality, waste of money. Terrible quality, waste of money. Terrible quality, waste of money. ",negative,1
3419,"Great product, love it! ",positive,5
3420,"Great product, love it! Great product, love it! Great product, love it! Great product, love it! ",positive,5
3421,"It is okay, nothing special. It is okay, nothing special. ",neutral,3
3422,"Terrible quality, waste of money. Terrible quality, waste of money. ",negative,1
3423,"It is okay, nothing special. It is okay, nothing special. ",neutral,3
3424,"Great product, love it! Great product, love it! Great product, love it! ",positive,5
3425,"It is okay, nothing special. ",neutral,3
3426,"Terrible quality, waste of money. Terrible quality, waste of money. ",negative,1
3427,"Terrible quality, waste of money. Terrible quality, waste of money. ",negative,1
3428,"Terrible quality, waste of money. Terrible quality, waste of money. ",negative,1
3429,"It is okay, nothing special. It is okay, nothing special. ",neutral,3
3430,"Terrible quality, waste of money. Terrible quality, waste of money. ",negative,1
3431,"Terrible quality, waste of money. ",negative,1
3432,"It is okay, nothing special. ",neutral,3
3433,"It is okay, nothing special. ",neutral,3
3434,"Great product, love it! ",positive,5
3435,"Terrible quality, waste of money. Terrible quality, waste of money. ",negative,1
3436,"Great product, love it! Great product, love it! Great product, love it! ",positive,5
3437,"Great product, love it! Great product, love it! Great product, love it! Great product, love it! ",positive,5
3438,"Terrible quality, waste of money. Terrible quality, waste of money. Terrible quality, waste of money. ",negative,1
3439,"It is okay, nothing special. It is okay, nothing special. ",neutral,3
3440,"It is okay, nothing special. It is okay, nothing special. ",neutral,3
3441,"Great product, love it! Great product, love it! Great product, love it! ",positive,5
3442,"Terrible quality, waste of money. Terrible quality, waste of money. Terrible quality, waste of money. ",negative,1
3443,"Great product, love it! Great product, love it! ",positive,5
3444,"It is okay, nothing special. It is okay, nothing special. ",neutral,3
3445,"It is okay, nothing special. It is okay, nothing special. ",neutral,3
3446,"Terrible quality, waste of money. ",negative,1
3447,"It is okay, nothing special. ",neutral,3
3448,"Terrible quality, waste of money. Terrible quality, waste of money. Terrible quality, waste of money. ",negative,1
3449,"Terrible quality, waste of money. Terrible quality, waste of money. ",negative,1
3450,"Great product, love it! Great product, love it! Great product, love it! ",positive,5
3451,"Terrible quality, waste of money. ",negative,1
3452,"Terrible quality, waste of money. ",negative,1
3453,"Terrible quality, waste of money. Terrible quality, waste of money. Terrible quality, waste of money. ",negative,1
3454,"Great product, love it! ",positive,5
3455,"It is okay, nothing special. It is okay, nothing special. ",neutral,3
3456,"Great product, love it! Great product, love it! Great product, love it! Great product, love it! ",positive,5
3457,"Terrible quality, waste of money. Terrible quality, waste of money. Terrible quality, waste of money. ",negative,1
3458,"Terrible quality, waste of money. Terrible quality, waste of money. ",negative,1
3459,"Terrible quality, waste of money. Terrible quality, waste of money. ",negative,1
3460,"Terrible quality, waste of money. ",negative,1
3461,"Great product, love it! Great product, love it! ",positive,5
3462,"Great product, love it! Great product, love it! Great product, love it! ",positive,5
3463,"Terrible quality, waste of money. Terrible quality, waste of money. ",negative,1
3464,"Terrible quality, waste of money. Terrible quality, waste of money. ",negative,1
3465,"Great product, love it! Great product, love it! ",positive,5
3466,"Terrible quality, waste of money. Terrible quality, waste of money. ",negative,1
3467,"Terrible quality, waste of money. Terrible quality, waste of money. ",negative,1
3468,"Terrible quality, waste of money. ",negative,1
3469,"It is okay, nothing special. ",neutral,3
3470,"Great product, love it! ",positive,5
3471,"Great product, love it! Great product, love it! Great product, love it! ",positive,5
3472,"It is okay, nothing special. It is okay, nothing special. ",neutral,3
3473,"Terrible quality, waste of money. Terrible quality, waste of money. Terrible quality, waste of money. ",negative,1
3474,"Terrible quality, waste of money. Terrible quality, waste of money. Terrible quality, waste of money. ",negative,1
3475,"It is okay, nothing special. ",neutral,3
3476,"It is okay, nothing special. It is okay, nothing special. ",neutral,3
3477,"It is okay, nothing special. ",neutral,3
3478,"Terrible quality, waste of money. Terrible quality, waste of money. ",negative,1
3479,"Terrible quality, waste of money. ",negative,1
3480,"Great product, love it! Great product, love it! Great product, love it! Great product, love it! ",positive,5
3481,"Great product, love it! ",positive,5
3482,"Terrible quality, waste of money. Terrible quality, waste of money. ",negative,1
3483,"Great product, love it! Great product, love it! Great product, love it! ",positive,5
3484,"It is okay, nothing special. ",neutral,3
3485,"Terrible quality, waste of money. Terrible quality, waste of money. ",negative,1
3486,"Terrible quality, waste of money. Terrible quality, waste of money. ",negative,1
3487,"Great product, love it! ",positive,5
3488,"Great product, love it! Great product, love it! Great product, love it! Great product, love it! ",positive,5
3489,"Great product, love it! ",positive,5
3490,"Great product, love it! Great product, love it! Great product, love it! Great product, love it! ",positive,5
3491,"Great product, love it! Great product, love it! Great product, love it! ",positive,5
3492,"Terrible quality, waste of money. Terrible quality, waste of money. Terrible quality, waste of money. ",negative,1
3493,"It is okay, nothing special. ",neutral,3
3494,"It is okay, nothing special. ",neutral,3
3495,"Terrible quality, waste of money. Terrible quality, waste of money. ",negative,1
3496,"Great product, love it! Great product, love it! Great product, love it! ",positive,5
3497,"It is okay, nothing special. It is okay, nothing special. ",neutral,3
3498,"It is okay, nothing special. It is okay, nothing special. ",neutral,3
3499,"Great product, love it! Great product, love it! Great product, love it! Great product, love it! ",positive,5
3500,"Terrible quality, waste of money. Terrible quality, waste of money. Terrible quality, waste of money. ",negative,1
3501,"Great product, love it! Great product, love it! Great product, love it! Great product, love it! ",positive,5
3502,"It is okay, nothing special. It is okay, nothing special. ",neutral,3
3503,"It is okay, nothing special. It is okay, nothing special. ",neutral,3
3504,"Great product, love it! Great product, love it! Great product, love it! ",positive,5
3505,"It is okay, nothing special. It is okay, nothing special. ",neutral,3
3506,"Terrible quality, waste of money. Terrible quality, waste of money. Terrible quality, waste of money. ",negative,1
3507,"It is okay, nothing special. ",neutral,3
3508,"Terrible quality, waste of money. Terrible quality, waste of money. Terrible quality, waste of money. ",negative,1
3509,"It is okay, nothing special. ",neutral,3
3510,"Great product, love it! ",positive,5
3511,"Great product, love it! ",positive,5
3512,"Great product, love it! Great product, love it! Great product, love it! Great product, love it! ",positive,5
3513,"It is okay, nothing special. It is okay, nothing special. ",neutral,3
3514,"It is okay, nothing special. ",neutral,3
3515,"It is okay, nothing special. ",neutral,3
3516,"It is okay, nothing special. It is okay, nothing special. ",neutral,3
3517,"Great product, love it! Great product, love it! Great product, love it! Great product, love it! ",positive,5
3518,"Great product, love it! Great product, love it! ",positive,5
3519,"Great product, love it! Great product, love it! ",positive,5
3520,"Great product, love it! Great product, love it! ",positive,5
3521,"Great product, love it! ",positive,5
3522,"Terrible quality, waste of money. Terrible quality, waste of money. Terrible quality, waste of money. ",negative,1
3523,"Great product, love it! Great product, love it! Great product, love it! Great product, love it! ",positive,5
3524,"Great product, love it! Great product, love it! ",positive,5
3525,"Great product, love it! Great product, love it! Great product, love it! ",positive,5
3526,"Great product, love it! Great product, love it! Great product, love it! Great product, love it! ",positive,5
3527,"It is okay, nothing special. ",neutral,3
3528,"It is okay, nothing special. ",neutral,3
3529,"It is okay, nothing special. ",neutral,3
3530,"Great product, love it! ",positive,5
3531,"Great product, love it! Great product, love it! ",positive,5
3532,"It is okay, nothing special. It is okay, nothing special. ",neutral,3
3533,"Great product, love it! ",positive,5
3534,"Great product, love it! Great product, love it! ",positive,5
3535,"Great product, love it! Great product, love it! ",positive,5
3536,"Great product, love it! Great product, love it! ",positive,5
3537,"Great product, love it! Great product, love it! ",positive,5
3538,"Great product, love it! ",positive,5
3539,"Terrible quality, waste of money. Terrible quality, waste of money. ",negative,1
3540,"Great product, love it! ",positive,5
3541,"Great product, love it! ",positive,5
3542,"It is okay, nothing special. It is okay, nothing special. ",neutral,3
3543,"Great product, love it! ",positive,5
3544,"Great product, love it! Great product, love it! Great product, love it! Great product, love it! ",positive,5
3545,"It is okay, nothing special. It is okay, nothing special. ",neutral,3
3546,"Great product, love it! Great product, love it! Great product, love it! ",positive,5
3547,"Great product, love it! Great product, love it! Great product, love it! Great product, love it! ",positive,5
3548,"Terrible quality, waste of money. ",negative,1
3549,"Great product, love it! ",positive,5
3550,"Terrible quality, waste of money. Terrible quality, waste of money. ",negative,1
3551,"It is okay, nothing special. It is okay, nothing special. ",neutral,3
3552,"Great product, love it! ",positive,5
3553,"Terrible quality, waste of money. Terrible quality, waste of money. ",negative,1
3554,"Terrible quality, waste of money. Terrible quality, waste of money. Terrible quality, waste of money. ",negative,1
3555,"Great product, love it! Great product, love it! Great product, love it! ",positive,5
3556,"Terrible quality, waste of money. Terrible quality, waste of money. ",negative,1
3557,"Great product, love it! ",positive,5
3558,"Terrible quality, waste of money. Terrible quality, waste of money. Terrible quality, waste of money. ",negative,1
3559,"Great product, love it! Great product, love it! Great product, love it! Great product, love it! ",positive,5
3560,"Terrible quality, waste of money. Terrible quality, waste of money. Terrible quality, waste of money. ",negative,1
3561,"Great product, love it! ",positive,5
3562,"It is okay, nothing special. It is okay, nothing special. ",neutral,3
3563,"Great product, love it! Great product, love it! Great product, love it! Great product, love it! ",positive,5
3564,"Great product, love it! Great product, love it! Great product, love it! Great product, love it! ",positive,5
3565,"Terrible quality, waste of money. Terrible quality, waste of money. ",negative,1
3566,"Terrible quality, waste of money. Terrible quality, waste of money. Terrible quality, waste of money. ",negative,1
3567,"Terrible quality, waste of money. ",negative,1
3568,"Terrible quality, waste of money. ",negative,1
3569,"It is okay, nothing special. ",neutral,3
3570,"It is okay, nothing special. It is okay, nothing special. ",neutral,3
3571,"Great product, love it! Great product, love it! Great product, love it! ",positive,5
3572,"Terrible quality, waste of money. ",negative,1
3573,"It is okay, nothing special. ",neutral,3
3574,"It is okay, nothing special. It is okay, nothing special. ",neutral,3
3575,"It is okay, nothing special. ",neutral,3
3576,"Great product, love it! Great product, love it! ",positive,5
3577,"Great product, love it! Great product, love it! Great product, love it! ",positive,5
3578,"Terrible quality, waste of money. Terrible quality, waste of money. Terrible quality, waste of money. ",negative,1
3579,"Terrible quality, waste of money. Terrible quality, waste of money. ",negative,1
3580,"Terrible quality, waste of money. Terrible quality, waste of money. Terrible quality, waste of money. ",negative,1
3581,"Terrible quality, waste of money. Terrible quality, waste of money. ",negative,1
3582,"It is okay, nothing special. ",neutral,3
3583,"Great product, love it! Great product, love it! ",positive,5
3584,"It is okay, nothing special. It is okay, nothing special. ",neutral,3
3585,"Great product, love it! ",positive,5
3586,"Great product, love it! ",positive,5
3587,"Terrible quality, waste of money. Terrible quality, waste of money. ",negative,1
3588,"It is okay, nothing special. ",neutral,3
3589,"Great product, love it! Great product, love it! Great product, love it! ",positive,5
3590,"Great product, love it! Great product, love it! Great product, love it! ",positive,5
3591,"It is okay, nothing special. It is okay, nothing special. ",neutral,3
3592,"Great product, love it! Great product, love it! ",positive,5
3593,"Terrible quality, waste of money. Terrible quality, waste of money. ",negative,1
3594,"Terrible quality, waste of money. Terrible quality, waste of money. ",negative,1
3595,"Terrible quality, waste of money. Terrible quality, waste of money. ",negative,1
3596,"Terrible quality, waste of money. ",negative,1
3597,"Great product, love it! Great product, love it! ",positive,5
3598,"Terrible quality, waste of money. Terrible quality, waste of money. Terrible quality, waste of money. ",negative,1
3599,"Great product, love it! ",positive,5
3600,"Terrible quality, waste of money. Terrible quality, waste of money. Terrible quality, waste of money. ",negative,1
3601,"Great product, love it! Great product, love it! ",positive,5
3602,"Terrible quality, waste of money. ",negative,1
3603,"Great product, love it! Great product, love it! Great product, love it! Great product, love it! ",positive,5
3604,"Great product, love it! Great product, love it! ",positive,5
3605,"Great product, love it! Great product, love it! Great product, love it! Great product, love it! ",positive,5
3606,"Great product, love it! ",positive,5
3607,"It is okay, nothing special. ",neutral,3
3608,"Great product, love it! Great product, love it! ",positive,5
3609,"It is okay, nothing special. It is okay, nothing special. ",neutral,3
3610,"It is okay, nothing special. It is okay, nothing special. ",neutral,3
3611,"Terrible quality, waste of money. ",negative,1
3612,"Great product, love it! Great product, love it! Great product, love it! Great product, love it! ",positive,5
3613,"Great product, love it! ",positive,5
3614,"It is okay, nothing special. It is okay, nothing special. ",neutral,3
3615,"Great product, love it! ",positive,5
3616,"Great product, love it! Great product, love it! ",positive,5
3617,"Terrible quality, waste of money. ",negative,1
3618,"It is okay, nothing special. ",neutral,3
3619,"It is okay, nothing special. ",neutral,3
3620,"Great product, love it! Great product, love it! Great product, love it! ",positive,5
3621,"Terrible quality, waste of money. ",negative,1
3622,"Great product, love it! ",positive,5
3623,"Great product, love it! Great product, love it! Great product, love it! Great product, love it! ",positive,5
3624,"It is okay, nothing special. It is okay, nothing special. ",neutral,3
3625,"Great product, love it! Great product, love it! ",positive,5
3626,"Great product, love it! Great product, love it! Great product, love it! Great product, love it! ",positive,5
3627,"Great product, love it! ",positive,5
3628,"It is okay, nothing special. It is okay, nothing special. ",neutral,3
3629,"It is okay, nothing special. ",neutral,3
3630,"Terrible quality, waste of money. Terrible quality, waste of money. Terrible quality, waste of money. ",negative,1
3631,"It is okay, nothing special. ",neutral,3
3632,"Great product, love it! Great product, love it! ",positive,5
3633,"Terrible quality, waste of money. Terrible quality, waste of money. Terrible quality, waste of money. ",negative,1
3634,"Great product, love it! Great product, love it! ",positive,5
3635,"Great product, love it! Great product, love it! ",positive,5
3636,"Terrible quality, waste of money. Terrible quality, waste of money. ",negative,1
3637,"It is okay, nothing special. It is okay, nothing special. ",neutral,3
3638,"Great product, love it! Great product, love it! ",positive,5
3639,"Great product, love it! Great product, love it! Great product, love it! ",positive,5
3640,"Great product, love it! ",positive,5
3641,"Great product, love it! Great product, love it! ",positive,5
3642,"It is okay, nothing special. ",neutral,3
3643,"Terrible quality, waste of money. Terrible quality, waste of money. ",negative,1
3644,"Terrible quality, waste of money. ",negative,1
3645,"It is okay, nothing special. ",neutral,3
3646,"Great product, love it! Great product, love it! Great product, love it! ",positive,5
3647,"Terrible quality, waste of money. ",negative,1
3648,"Great product, love it! Great product, love it! Great product, love it! ",positive,5
3649,"Terrible quality, waste of money. ",negative,1
3650,"It is okay, nothing special. ",neutral,3
3651,"It is okay, nothing special. ",neutral,3
3652,"Great product, love it! ",positive,5
3653,"It is okay, nothing special. ",neutral,3
3654,"Great product, love it! Great product, love it! Great product, love it! ",positive,5
3655,"Great product, love it! Great product, love it! Great product, love it! ",positive,5
3656,"Great product, love it! ",positive,5
3657,"Great product, love it! Great product, love it! Great product, love it! Great product, love it! ",positive,5
3658,"Terrible quality, waste of money. ",negative,1
3659,"Terrible quality, waste of money. Terrible quality, waste of money. Terrible quality, waste of money. ",negative,1
3660,"It is okay, nothing special. ",neutral,3
3661,"Terrible quality, waste of money. Terrible quality, waste of money. Terrible quality, waste of money. ",negative,1
3662,"Terrible quality, waste of money. ",negative,1
3663,"Great product, love it! Great product, love it! Great product, love it! ",positive,5
3664,"Great product, love it! Great product, love it! Great product, love it! Great product, love it! ",positive,5
3665,"Terrible quality, waste of money. Terrible quality, waste of money. ",negative,1
3666,"Great product, love it! Great product, love it! Great product, love it! Great product, love it! ",positive,5
3667,"It is okay, nothing special. ",neutral,3
3668,"Great product, love it! Great product, love it! Great product, love it! ",positive,5
3669,"Great product, love it! ",positive,5
3670,"Great product, love it! Great product, love it! ",positive,5
3671,"Great product, love it! ",positive,5
3672,"Great product, love it! Great product, love it! Great product, love it! ",positive,5
3673,"Terrible quality, waste of money. Terrible quality, waste of money. ",negative,1
3674,"Great product, love it! Great product, love it! ",positive,5
3675,"Terrible quality, waste of money. Terrible quality, waste of money. Terrible quality, waste of money. ",negative,1
3676,"Great product, love it! Great product, love it! Great product, love it! ",positive,5
3677,"Great product, love it! Great product, love it! Great product, love it! ",positive,5
3678,"Great product, love it! ",positive,5
3679,"It is okay, nothing special. It is okay, nothing special. ",neutral,3
3680,"Great product, love it! ",positive,5
3681,"It is okay, nothing special. ",neutral,3
3682,"Great product, love it! Great product, love it! Great product, love it! Great product, love it! ",positive,5
3683,"It is okay, nothing special. ",neutral,3
3684,"Great product, love it! Great product, love it! Great product, love it! ",positive,5
3685,"Terrible quality, waste of money. ",negative,1
3686,"Terrible quality, waste of money. Terrible quality, waste of money. ",negative,1
3687,"It is okay, nothing special. It is okay, nothing special. ",neutral,3
3688,"Great product, love it! ",positive,5
3689,"Great product, love it! Great product, love it! ",positive,5
3690,"Great product, love it! Great product, love it! Great product, love it! ",positive,5
3691,"It is okay, nothing special. ",neutral,3
3692,"Terrible quality, waste of money. ",negative,1
3693,"It is okay, nothing special. ",neutral,3
3694,"Great product, love it! Great product, love it! Great product, love it! Great product, love it! ",positive,5
3695,"Great product, love it! Great product, love it! Great product, love it! ",positive,5
3696,"Great product, love it! ",positive,5
3697,"It is okay, nothing special. ",neutral,3
3698,"Terrible quality, waste of money. Terrible quality, waste of money. Terrible quality, waste of money. ",negative,1
3699,"It is okay, nothing special. It is okay, nothing special. ",neutral,3
3700,"Great product, love it! Great product, love it! ",positive,5
3701,"Terrible quality, waste of money. ",negative,1
3702,"Terrible quality, waste of money. Terrible quality, waste of money. Terrible quality, waste of money. ",negative,1
3703,"Great product, love it! Great product, love it! Great product, love it! Great product, love it! ",positive,5
3704,"It is okay, nothing special. ",neutral,3
3705,"It is okay, nothing special. It is okay, nothing special. ",neutral,3
3706,"It is okay, nothing special. It is okay, nothing special. ",neutral,3
3707,"Terrible quality, waste of money. Terrible quality, waste of money. ",negative,1
3708,"Great product, love it! ",positive,5
3709,"Great product, love it! ",positive,5
3710,"It is okay, nothing special. It is okay, nothing special. ",neutral,3
3711,"Great product, love it! Great product, love it! Great product, love it! ",positive,5
3712,"Terrible quality, waste of money. Terrible quality, waste of money. ",negative,1
3713,"Terrible quality, waste of money. Terrible quality, waste of money. ",negative,1
3714,"Terrible quality, waste of money. Terrible quality, waste of money. ",negative,1
3715,"It is okay, nothing special. It is okay, nothing special. ",neutral,3
3716,"Great product, love it! Great product, love it! Great product, love it! Great product, love it! ",positive,5
3717,"Great product, love it! ",positive,5
3718,"Great product, love it! Great product, love it! Great product, love it! ",positive,5
3719,"Great product, love it! Great product, love it! Great product, love it! Great product, love it! ",positive,5
3720,"Great product, love it! ",positive,5
3721,"Great product, love it! Great product, love it! Great product, love it! Great product, love it! ",positive,5
3722,"It is okay, nothing special. ",neutral,3
3723,"It is okay, nothing special. ",neutral,3
3724,"Great product, love it! Great product, love it! Great product, love it! ",positive,5
3725,"Great product, love it! Great product, love it! Great product, love it! Great product, love it! ",positive,5
3726,"It is okay, nothing special. ",neutral,3
3727,"Great product, love it! Great product, love it! ",positive,5
3728,"Great product, love it! Great product, love it! ",positive,5
3729,"Great product, love it! Great product, love it! ",positive,5
3730,"Terrible quality, waste of money. Terrible quality, waste of money. Terrible quality, waste of money. ",negative,1
3731,"Great product, love it! ",positive,5
3732,"It is okay, nothing special. ",neutral,3
3733,"Great product, love it! Great product, love it! Great product, love it! Great product, love it! ",positive,5
3734,"Terrible quality, waste of money. ",negative,1
3735,"Great product, love it! Great product, love it! ",positive,5
3736,"Terrible quality, waste of money. ",negative,1
3737,"Terrible quality, waste of money. ",negative,1
3738,"It is okay, nothing special. ",neutral,3
3739,"It is okay, nothing special. ",neutral,3
3740,"Terrible quality, waste of money. ",negative,1
3741,"It is okay, nothing special. ",neutral,3
3742,"It is okay, nothing special. ",neutral,3
3743,"It is okay, nothing special. ",neutral,3
3744,"Great product, love it! Great product, love it! Great product, love it! ",positive,5
3745,"Great product, love it! Great product, love it! Great product, love it! ",positive,5
3746,"Great product, love it! ",positive,5
3747,"Terrible quality, waste of money. Terrible quality, waste of money. ",negative,1
3748,"Great product, love it! Great product, love it! ",positive,5
3749,"Great product, love it! Great product, love it! ",positive,5
3750,"It is okay, nothing special. It is okay, nothing special. ",neutral,3
3751,"It is okay, nothing special. ",neutral,3
3752,"It is okay, nothing special. It is okay, nothing special. ",neutral,3
3753,"Great product, love it! Great product, love it! ",positive,5
3754,"Terrible quality, waste of money. Terrible quality, waste of money. ",negative,1
3755,"Great product, love it! ",positive,5
3756,"Great product, love it! Great product, love it! ",positive,5
3757,"Great product, love it! Great product, love it! ",positive,5
3758,"Great product, love it! ",positive,5
3759,"Great product, love it! Great product, love it! Great product, love it! Great product, love it! ",positive,5
3760,"It is okay, nothing special. ",neutral,3
3761,"Great product, love it! Great product, love it! ",positive,5
3762,"Terrible quality, waste of money. Terrible quality, waste of money. Terrible quality, waste of money. ",negative,1
3763,"Terrible quality, waste of money. Terrible quality, waste of money. ",negative,1
3764,"Great product, love it! ",positive,5
3765,"Terrible quality, waste of money. Terrible quality, waste of money. Terrible quality, waste of money. ",negative,1
3766,"Great product, love it! Great product, love it! Great product, love it! ",positive,5
3767,"Terrible quality, waste of money. Terrible quality, waste of money. Terrible quality, waste of money. ",negative,1
3768,"Great product, love it! Great product, love it! Great product, love it! ",positive,5
3769,"Great product, love it! Great product, love it! Great product, love it! Great product, love it! ",positive,5
3770,"Great product, love it! Great product, love it! ",positive,5
3771,"Terrible quality, waste of money. Terrible quality, waste of money. ",negative,1
3772,"It is okay, nothing special. ",neutral,3
3773,"Great product, love it! Great product, love it! ",positive,5
3774,"Terrible quality, waste of money. Terrible quality, waste of money. Terrible quality, waste of money. ",negative,1
3775,"Terrible quality, waste of money. Terrible quality, waste of money. Terrible quality, waste of money. ",negative,1
3776,"It is okay, nothing special. ",neutral,3
3777,"It is okay, nothing special. It is okay, nothing special. ",neutral,3
3778,"Terrible quality, waste of money. Terrible quality, waste of money. Terrible quality, waste of money. ",negative,1
3779,"Terrible quality, waste of money. Terrible quality, waste of money. ",negative,1
3780,"It is okay, nothing special. ",neutral,3
3781,"Great product, love it! ",positive,5
3782,"Great product, love it! Great product, love it! ",positive,5
3783,"Great product, love it! ",positive,5
3784,"It is okay, nothing special. ",neutral,3
3785,"It is okay, nothing special. It is okay, nothing special. ",neutral,3
3786,"Great product, love it! Great product, love it! Great product, love it! Great product, love it! ",positive,5
3787,"Terrible quality, waste of money. Terrible quality, waste of money. Terrible quality, waste of money. ",negative,1
3788,"Terrible quality, waste of money. ",negative,1
3789,"Great product, love it! ",positive,5
3790,"It is okay, nothing special. It is okay, nothing special. ",neutral,3
3791,"Great product, love it! ",positive,5
3792,"Great product, love it! Great product, love it! Great product, love it! ",positive,5
3793,"Terrible quality, waste of money. Terrible quality, waste of money. Terrible quality, waste of money. ",negative,1
3794,"Terrible quality, waste of money. Terrible quality, waste of money. Terrible quality, waste of money. ",negative,1
3795,"Great product, love it! ",positive,5
3796,"Terrible quality, waste of money. Terrible quality, waste of money. ",negative,1
3797,"Terrible quality, waste of money. Terrible quality, waste of money. Terrible quality, waste of money. ",negative,1
3798,"Great product, love it! Great product, love it! Great product, love it! Great product, love it! ",positive,5
3799,"Great product, love it! ",positive,5
3800,"Terrible quality, waste of money. Terrible quality, waste of money. Terrible quality, waste of money. ",negative,1
3801,"Great product, love it! Great product, love it! Great product, love it! ",positive,5
3802,"It is okay, nothing special. It is okay, nothing special. ",neutral,3
3803,"It is okay, nothing special. ",neutral,3
3804,"It is okay, nothing special. It is okay, nothing special. ",neutral,3
3805,"Great product, love it! ",positive,5
3806,"It is okay, nothing special. ",neutral,3
3807,"Great product, love it! Great product, love it! Great product, love it! Great product, love it! ",positive,5
3808,"Great product, love it! ",positive,5
3809,"Great product, love it! Great product, love it! Great product, love it! Great product, love it! ",positive,5
3810,"Great product, love it! Great product, love it! Great product, love it! Great product, love it! ",positive,5
3811,"Terrible quality, waste of money. ",negative,1
3812,"Terrible quality, waste of money. ",negative,1
3813,"Great product, love it! Great product, love it! Great product, love it! ",positive,5
3814,"Terrible quality, waste of money. Terrible quality, waste of money. ",negative,1
3815,"Great product, love it! Great product, love it! Great product, love it! ",positive,5
3816,"Terrible quality, waste of money. ",negative,1
3817,"Great product, love it! Great product, love it! ",positive,5
3818,"It is okay, nothing special. ",neutral,3
3819,"It is okay, nothing special. It is okay, nothing special. ",neutral,3
3820,"Terrible quality, waste of money. Terrible quality, waste of money. Terrible quality, waste of money. ",negative,1
3821,"Great product, love it! Great product, love it! ",positive,5
3822,"Great product, love it! Great product, love it! Great product, love it! ",positive,5
3823,"It is okay, nothing special. ",neutral,3
3824,"Great product, love it! Great product, love it! ",positive,5
3825,"Great product, love it! Great product, love it! Great product, love it! Great product, love it! ",positive,5
3826,"Great product, love it! Great product, love it! Great product, love it! Great product, love it! ",positive,5
3827,"Terrible quality, waste of money. ",negative,1
3828,"Terrible quality, waste of money. Terrible quality, waste of money. ",negative,1
3829,"It is okay, nothing special. It is okay, nothing special. ",neutral,3
3830,"Great product, love it! Great product, love it! Great product, love it! ",positive,5
3831,"Great product, love it! Great product, love it! ",positive,5
3832,"It is okay, nothing special. It is okay, nothing special. ",neutral,3
3833,"It is okay, nothing special. It is okay, nothing special. ",neutral,3
3834,"Great product, love it! Great product, love it! Great product, love it! ",positive,5
3835,"Terrible quality, waste of money. Terrible quality, waste of money. Terrible quality, waste of money. ",negative,1
3836,"Great product, love it! Great product, love it! Great product, love it! ",positive,5
3837,"It is okay, nothing special. It is okay, nothing special. ",neutral,3
3838,"Great product, love it! ",positive,5
3839,"It is okay, nothing special. It is okay, nothing special. ",neutral,3
3840,"Terrible quality, waste of money. Terrible quality, waste of money. ",negative,1
3841,"Terrible quality, waste of money. ",negative,1
3842,"Great product, love it! Great product, love it! Great product, love it! ",positive,5
3843,"Terrible quality, waste of money. Terrible quality, waste of money. ",negative,1
3844,"Great product, love it! ",positive,5
3845,"Great product, love it! Great product, love it! Great product, love it! ",positive,5
3846,"Terrible quality, waste of money. Terrible quality, waste of money. Terrible quality, waste of money. ",negative,1
3847,"It is okay, nothing special. It is okay, nothing special. ",neutral,3
3848,"Terrible quality, waste of money. Terrible quality, waste of money. Terrible quality, waste of money. ",negative,1
3849,"Terrible quality, waste of money. Terrible quality, waste of money. Terrible quality, waste of money. ",negative,1
3850,"Great product, love it! ",positive,5
3851,"Great product, love it! Great product, love it! Great product, love it! Great product, love it! ",positive,5
3852,"Great product, love it! ",positive,5
3853,"Terrible quality, waste of money. Terrible quality, waste of money. Terrible quality, waste of money. ",negative,1
3854,"It is okay, nothing special. ",neutral,3
3855,"Terrible quality, waste of money. Terrible quality, waste of money. Terrible quality, waste of money. ",negative,1
3856,"Great product, love it! Great product, love it! ",positive,5
3857,"Great product, love it! ",positive,5
3858,"Terrible quality, waste of money. Terrible quality, waste of money. Terrible quality, waste of money. ",negative,1
3859,"Great product, love it! Great product, love it! Great product, love it! ",positive,5
3860,"It is okay, nothing special. ",neutral,3
3861,"It is okay, nothing special. ",neutral,3
3862,"Terrible quality, waste of money. Terrible quality, waste of money. ",negative,1
3863,"Great product, love it! Great product, love it! Great product, love it! Great product, love it! ",positive,5
3864,"Great product, love it! Great product, love it! Great product, love it! ",positive,5
3865,"Great product, love it! Great product, love it! ",positive,5
3866,"Great product, love it! Great product, love it! ",positive,5
3867,"Great product, love it! Great product, love it! ",positive,5
3868,"Terrible quality, waste of money. ",negative,1
3869,"Terrible quality, waste of money. Terrible quality, waste of money. ",negative,1
3870,"Great product, love it! ",positive,5
3871,"Great product, love it! ",positive,5
3872,"Great product, love it! Great product, love it! ",positive,5
3873,"Great product, love it! Great product, love it! ",positive,5
3874,"It is okay, nothing special. ",neutral,3
3875,"Great product, love it! Great product, love it! ",positive,5
3876,"Great product, love it! Great product, love it! Great product, love it! ",positive,5
3877,"Great product, love it! Great product, love it! ",positive,5
3878,"It is okay, nothing special. It is okay, nothing special. ",neutral,3
3879,"Terrible quality, waste of money. Terrible quality, waste of money. ",negative,1
3880,"Great product, love it! Great product, love it! ",positive,5
3881,"Terrible quality, waste of money. Terrible quality, waste of money. Terrible quality, waste of money. ",negative,1
3882,"Terrible quality, waste of money. Terrible quality, waste of money. Terrible quality, waste of money. ",negative,1
3883,"It is okay, nothing special. It is okay, nothing special. ",neutral,3
3884,"Great product, love it! Great product, love it! ",positive,5
3885,"It is okay, nothing special. It is okay, nothing special. ",neutral,3
3886,"It is okay, nothing special. ",neutral,3
3887,"It is okay, nothing special. ",neutral,3
3888,"Terrible quality, waste of money. ",negative,1
3889,"Terrible quality, waste of money. ",negative,1
3890,"Great product, love it! Great product, love it! Great product, love it! ",positive,5
3891,"It is okay, nothing special. ",neutral,3
3892,"Terrible quality, waste of money. ",negative,1
3893,"Terrible quality, waste of money. ",negative,1
3894,"Great product, love it! Great product, love it! ",positive,5
3895,"Terrible quality, waste of money. Terrible quality, waste of money. Terrible quality, waste of money. ",negative,1
3896,"It is okay, nothing special. ",neutral,3
3897,"Great product, love it! ",positive,5
3898,"It is okay, nothing special. ",neutral,3
3899,"Terrible quality, waste of money. Terrible quality, waste of money. Terrible quality, waste of money. ",negative,1
3900,"It is okay, nothing special. It is okay, nothing special. ",neutral,3
3901,"Great product, love it! Great product, love it! ",positive,5
3902,"Great product, love it! Great product, love it! Great product, love it! Great product, love it! ",positive,5
3903,"It is okay, nothing special. ",neutral,3
3904,"Great product, love it! Great product, love it! Great product, love it! ",positive,5
3905,"It is okay, nothing special. ",neutral,3
3906,"Terrible quality, waste of money. Terrible quality, waste of money. ",negative,1
3907,"Terrible quality, waste of money. Terrible quality, waste of money. ",negative,1
3908,"Great product, love it! ",positive,5
3909,"Terrible quality, waste of money. ",negative,1
3910,"Great product, love it! ",positive,5
3911,"Great product, love it! Great product, love it! Great product, love it! Great product, love it! ",positive,5
3912,"Great product, love it! Great product, love it! Great product, love it! Great product, love it! ",positive,5
3913,"Great product, love it! Great product, love it! Great product, love it! ",positive,5
3914,"It is okay, nothing special. ",neutral,3
3915,"It is okay, nothing special. It is okay, nothing special. ",neutral,3
3916,"Great product, love it! Great product, love it! Great product, love it! ",positive,5
3917,"Terrible quality, waste of money. ",negative,1
3918,"Great product, love it! Great product, love it! ",positive,5
3919,"Terrible quality, waste of money. Terrible quality, waste of money. ",negative,1
3920,"It is okay, nothing special. It is okay, nothing special. ",neutral,3
3921,"It is okay, nothing special. ",neutral,3
3922,"Great product, love it! Great product, love it! ",positive,5
3923,"It is okay, nothing special. ",neutral,3
3924,"Great product, love it! Great product, love it! Great product, love it! ",positive,5
3925,"It is okay, nothing special. It is okay, nothing special. ",neutral,3
3926,"Great product, love it! Great product, love it! Great product, love it! ",positive,5
3927,"Terrible quality, waste of money. Terrible quality, waste of money. ",negative,1
3928,"Terrible quality, waste of money. ",negative,1
3929,"Terrible quality, waste of money. ",negative,1
3930,"Great product, love it! Great product, love it! Great product, love it! Great product, love it! ",positive,5
3931,"It is okay, nothing special. It is okay, nothing special. ",neutral,3
3932,"Great product, love it! Great product, love it! ",positive,5
3933,"Terrible quality, waste of money. Terrible quality, waste of money. ",negative,1
3934,"Great product, love it! Great product, love it! ",positive,5
3935,"Great product, love it! Great product, love it! Great product, love it! Great product, love it! ",positive,5
3936,"Terrible quality, waste of money. ",negative,1
3937,"Great product, love it! Great product, love it! Great product, love it! ",positive,5
3938,"Great product, love it! Great product, love it! Great product, love it! ",positive,5
3939,"Great product, love it! ",positive,5
3940,"Great product, love it! Great product, love it! Great product, love it! Great product, love it! ",positive,5
3941,"It is okay, nothing special. ",neutral,3
3942,"It is okay, nothing special. ",neutral,3
3943,"Great product, love it! Great product, love it! Great product, love it! Great product, love it! ",positive,5
3944,"Great product, love it! Great product, love it! Great product, love it! ",positive,5
3945,"Great product, love it! Great product, love it! ",positive,5
3946,"Great product, love it! Great product, love it! ",positive,5
3947,"Terrible quality, waste of money. Terrible quality, waste of money. ",negative,1
3948,"Terrible quality, waste of money. ",negative,1
3949,"Great product, love it! ",positive,5
3950,"Great product, love it! Great product, love it! Great product, love it! ",positive,5
3951,"Great product, love it! Great product, love it! Great product, love it! Great product, love it! ",positive,5
3952,"It is okay, nothing special. ",neutral,3
3953,"It is okay, nothing special. ",neutral,3
3954,"Great product, love it! ",positive,5
3955,"Great product, love it! Great product, love it! Great product, love it! ",positive,5
3956,"It is okay, nothing special. It is okay, nothing special. ",neutral,3
3957,"It is okay, nothing special. ",neutral,3
3958,"Great product, love it! Great product, love it! Great product, love it! Great product, love it! ",positive,5
3959,"Great product, love it! Great product, love it! ",positive,5
3960,"Great product, love it! ",positive,5
3961,"Terrible quality, waste of money. Terrible quality, waste of money. ",negative,1
3962,"Great product, love it! Great product, love it! Great product, love it! Great product, love it! ",positive,5
3963,"Great product, love it! Great product, love it! ",positive,5
3964,"Terrible quality, waste of money. Terrible quality, waste of money. ",negative,1
3965,"Great product, love it! ",positive,5
3966,"It is okay, nothing special. ",neutral,3
3967,"Great product, love it! Great product, love it! Great product, love it! Great product, love it! ",positive,5
3968,"Great product, love it! Great product, love it! Great product, love it! Great product, love it! ",positive,5
3969,"Terrible quality, waste of money. ",negative,1
3970,"Great product, love it! ",positive,5
3971,"It is okay, nothing special. ",neutral,3
3972,"Terrible quality, waste of money. ",negative,1
3973,"Great product, love it! Great product, love it! Great product, love it! Great product, love it! ",positive,5
3974,"Terrible quality, waste of money. Terrible quality, waste of money. ",negative,1
3975,"Great product, love it! ",positive,5
3976,"It is okay, nothing special. ",neutral,3
3977,"Great product, love it! Great product, love it! Great product, love it! ",positive,5
3978,"Terrible quality, waste of money. Terrible quality, waste of money. Terrible quality, waste of money. ",negative,1
3979,"Great product, love it! Great product, love it! ",positive,5
3980,"Great product, love it! ",positive,5
3981,"It is okay, nothing special. ",neutral,3
3982,"It is okay, nothing special. ",neutral,3
3983,"Great product, love it! Great product, love it! ",positive,5
3984,"Great product, love it! Great product, love it! ",positive,5
3985,"It is okay, nothing special. It is okay, nothing special. ",neutral,3
3986,"It is okay, nothing special. ",neutral,3
3987,"Great product, love it! Great product, love it! Great product, love it! ",positive,5
3988,"Terrible quality, waste of money. ",negative,1
3989,"Great product, love it! Great product, love it! ",positive,5
3990,"It is okay, nothing special. It is okay, nothing special. ",neutral,3
3991,"Great product, love it! ",positive,5
3992,"Great product, love it! ",positive,5
3993,"It is okay, nothing special. It is okay, nothing special. ",neutral,3
3994,"Great product, love it! Great product, love it! Great product, love it! ",positive,5
3995,"Terrible quality, waste of money. Terrible quality, waste of money. Terrible quality, waste of money. ",negative,1
3996,"Great product, love it! Great product, love it! Great product, love it! ",positive,5
3997,"Great product, love it! Great product, love it! Great product, love it! Great product, love it! ",positive,5
3998,"Great product, love it! ",positive,5
3999,"Terrible quality, waste of money. ",negative,1
4000,"Great product, love it! Great product, love it! Great product, love it! ",positive,5
4001,"Terrible quality, waste of money. Terrible quality, waste of money. Terrible quality, waste of money. ",negative,1
4002,"It is okay, nothing special. It is okay, nothing special. ",neutral,3
4003,"It is okay, nothing special. It is okay, nothing special. ",neutral,3
4004,"Great product, love it! Great product, love it! ",positive,5
4005,"Great product, love it! Great product, love it! Great product, love it! ",positive,5
4006,"Great product, love it! Great product, love it! Great product, love it! Great product, love it! ",positive,5
4007,"Great product, love it! Great product, love it! Great product, love it! ",positive,5
4008,"Great product, love it! Great product, love it! ",positive,5
4009,"Terrible quality, waste of money. Terrible quality, waste of money. Terrible quality, waste of money. ",negative,1
4010,"Great product, love it! Great product, love it! ",positive,5
4011,"Great product, love it! Great product, love it! ",positive,5
4012,"Great product, love it! Great product, love it! ",positive,5
4013,"Terrible quality, waste of money. ",negative,1
4014,"Great product, love it! ",positive,5
4015,"Terrible quality, waste of money. Terrible quality, waste of money. Terrible quality, waste of money. ",negative,1
4016,"Great product, love it! Great product, love it! ",positive,5
4017,"It is okay, nothing special. ",neutral,3
4018,"It is okay, nothing special. ",neutral,3
4019,"Great product, love it! Great product, love it! Great product, love it! ",positive,5
4020,"Great product, love it! Great product, love it! Great product, love it! ",positive,5
4021,"Great product, love it! Great product, love it! Great product, love it! ",positive,5
4022,"Great product, love it! Great product, love it! Great product, love it! ",positive,5
4023,"Terrible quality, waste of money. Terrible quality, waste of money. ",negative,1
4024,"It is okay, nothing special. ",neutral,3
4025,"Terrible quality, waste of money. Terrible quality, waste of money. ",negative,1
4026,"It is okay, nothing special. ",neutral,3
4027,"Great product, love it! Great product, love it! Great product, love it! ",positive,5
4028,"Great product, love it! Great product, love it! Great product, love it! Great product, love it! ",positive,5
4029,"Terrible quality, waste of money. ",negative,1
4030,"Great product, love it! Great product, love it! Great product, love it! Great product, love it! ",positive,5
4031,"Terrible quality, waste of money. Terrible quality, waste of money. ",negative,1
4032,"Great product, love it! Great product, love it! ",positive,5
4033,"Great product, love it! ",positive,5
4034,"It is okay, nothing special. It is okay, nothing special. ",neutral,3
4035,"Great product, love it! Great product, love it! Great product, love it! ",positive,5
4036,"It is okay, nothing special. ",neutral,3
4037,"It is okay, nothing special. ",neutral,3
4038,"It is okay, nothing special. ",neutral,3
4039,"Terrible quality, waste of money. ",negative,1
4040,"Terrible quality, waste of money. Terrible quality, waste of money. Terrible quality, waste of money. ",negative,1
4041,"It is okay, nothing special. ",neutral,3
4042,"Great product, love it! Great product, love it! Great product, love it! ",positive,5
4043,"Terrible quality, waste of money. ",negative,1
4044,"Terrible quality, waste of money. Terrible quality, waste of money. Terrible quality, waste of money. ",negative,1
4045,"Great product, love it! Great product, love it! ",positive,5
4046,"Great product, love it! ",positive,5
4047,"Great product, love it! Great product, love it! Great product, love it! ",positive,5
4048,"Terrible quality, waste of money. ",negative,1
4049,"It is okay, nothing special. It is okay, nothing special. ",neutral,3
4050,"Great product, love it! Great product, love it! ",positive,5
4051,"It is okay, nothing special. It is okay, nothing special. ",neutral,3
4052,"Terrible quality, waste of money. ",negative,1
4053,"It is okay, nothing special. ",neutral,3
4054,"Terrible quality, waste of money. Terrible quality, waste of money. ",negative,1
4055,"It is okay, nothing special. It is okay, nothing special. ",neutral,3
4056,"Great product, love it! ",positive,5
4057,"It is okay, nothing special. It is okay, nothing special. ",neutral,3
4058,"Great product, love it! Great product, love it! Great product, love it! Great product, love it! ",positive,5
4059,"It is okay, nothing special. It is okay, nothing special. ",neutral,3
4060,"It is okay, nothing special. ",neutral,3
4061,"Great product, love it! Great product, love it! Great product, love it! Great product, love it! ",positive,5
4062,"Great product, love it! ",positive,5
4063,"It is okay, nothing special. ",neutral,3
4064,"Great product, love it! Great product, love it! Great product, love it! ",positive,5
4065,"It is okay, nothing special. It is okay, nothing special. ",neutral,3
4066,"Great product, love it! Great product, love it! ",positive,5
4067,"Great product, love it! ",positive,5
4068,"It is okay, nothing special. ",neutral,3
4069,"Terrible quality, waste of money. Terrible quality, waste of money. Terrible quality, waste of money. ",negative,1
4070,"It is okay, nothing special. It is okay, nothing special. ",neutral,3
4071,"Great product, love it! Great product, love it! Great product, love it! Great product, love it! ",positive,5
4072,"Terrible quality, waste of money. ",negative,1
4073,"Terrible quality, waste of money. Terrible quality, waste of money. Terrible quality, waste of money. ",negative,1
4074,"Terrible quality, waste of money. Terrible quality, waste of money. ",negative,1
4075,"Terrible quality, waste of money. Terrible quality, waste of money. Terrible quality, waste of money. ",negative,1
4076,"Terrible quality, waste of money. Terrible quality, waste of money. ",negative,1
4077,"Great product, love it! Great product, love it! ",positive,5
4078,"Great product, love it! ",positive,5
4079,"It is okay, nothing special. ",neutral,3
4080,"Great product, love it! Great product, love it! ",positive,5
4081,"Terrible quality, waste of money. Terrible quality, waste of money. ",negative,1
4082,"Great product, love it! Great product, love it! Great product, love it! Great product, love it! ",positive,5
4083,"Terrible quality, waste of money. Terrible quality, waste of money. Terrible quality, waste of money. ",negative,1
4084,"Terrible quality, waste of money. Terrible quality, waste of money. ",negative,1
4085,"Great product, love it! Great product, love it! Great product, love it! Great product, love it! ",positive,5
4086,"Great product, love it! Great product, love it! Great product, love it! ",positive,5
4087,"Great product, love it! ",positive,5
4088,"Terrible quality, waste of money. Terrible quality, waste of money. ",negative,1
4089,"It is okay, nothing special. It is okay, nothing special. ",neutral,3
4090,"Great product, love it! Great product, love it! Great product, love it! ",positive,5
4091,"Terrible quality, waste of money. Terrible quality, waste of money. Terrible quality, waste of money. ",negative,1
4092,"Great product, love it! Great product, love it! Great product, love it! ",positive,5
4093,"Terrible quality, waste of money. Terrible quality, waste of money. Terrible quality, waste of money. ",negative,1
4094,"It is okay, nothing special. It is okay, nothing special. ",neutral,3
4095,"Great product, love it! ",positive,5
4096,"Terrible quality, waste of money. ",negative,1
4097,"Great product, love it! ",positive,5
4098,"Great product, love it! ",positive,5
4099,"Great product, love it! Great product, love it! Great product, love it! ",positive,5
4100,"Great product, love it! Great product, love it! ",positive,5
4101,"Terrible quality, waste of money. Terrible quality, waste of money. ",negative,1
4102,"Great product, love it! Great product, love it! ",positive,5
4103,"Terrible quality, waste of money. Terrible quality, waste of money. Terrible quality, waste of money. ",negative,1
4104,"Great product, love it! Great product, love it! ",positive,5
4105,"Great product, love it! Great product, love it! Great product, love it! ",positive,5
4106,"Terrible quality, waste of money. Terrible quality, waste of money. ",negative,1
4107,"It is okay, nothing special. ",neutral,3
4108,"Great product, love it! Great product, love it! Great product, love it! Great product, love it! ",positive,5
4109,"It is okay, nothing special. It is okay, nothing special. ",neutral,3
4110,"Terrible quality, waste of money. Terrible quality, waste of money. Terrible quality, waste of money. ",negative,1
4111,"Terrible quality, waste of money. Terrible quality, waste of money. ",negative,1
4112,"Terrible quality, waste of money. ",negative,1
4113,"Great product, love it! ",positive,5
4114,"Great product, love it! ",positive,5
4115,"Terrible quality, waste of money. Terrible quality, waste of money. Terrible quality, waste of money. ",negative,1
4116,"Great product, love it! Great product, love it! Great product, love it! ",positive,5
4117,"It is okay, nothing special. It is okay, nothing special. ",neutral,3
4118,"Great product, love it! ",positive,5
4119,"Great product, love it! Great product, love it! ",positive,5
4120,"Terrible quality, waste of money. Terrible quality, waste of money. ",negative,1
4121,"Great product, love it! ",positive,5
4122,"Terrible quality, waste of money. Terrible quality, waste of money. ",negative,1
4123,"Terrible quality, waste of money. Terrible quality, waste of money. Terrible quality, waste of money. ",negative,1
4124,"It is okay, nothing special. It is okay, nothing special. ",neutral,3
4125,"It is okay, nothing special. ",neutral,3
4126,"Terrible quality, waste of money. Terrible quality, waste of money. Terrible quality, waste of money. ",negative,1
4127,"Terrible quality, waste of money. Terrible quality, waste of money. Terrible quality, waste of money. ",negative,1
4128,"It is okay, nothing special. It is okay, nothing special. ",neutral,3
4129,"Great product, love it! Great product, love it! Great product, love it! Great product, love it! ",positive,5
4130,"Great product, love it! Great product, love it! ",positive,5
4131,"Great product, love it! Great product, love it! Great product, love it! Great product, love it! ",positive,5
4132,"Great product, love it! Great product, love it! Great product, love it! ",positive,5
4133,"Terrible quality, waste of money. Terrible quality, waste of money. ",negative,1
4134,"Terrible quality, waste of money. ",negative,1
4135,"Terrible quality, waste of money. Terrible quality, waste of money. ",negative,1
4136,"Great product, love it! Great product, love it! Great product, love it! Great product, love it! ",positive,5
4137,"Terrible quality, waste of money. Terrible quality, waste of money. ",negative,1
4138,"Great product, love it! Great product, love it! Great product, love it! Great product, love it! ",positive,5
4139,"Terrible quality, waste of money. Terrible quality, waste of money. Terrible quality, waste of money. ",negative,1
4140,"Terrible quality, waste of money. Terrible quality, waste of money. ",negative,1
4141,"Great product, love it! Great product, love it! Great product, love it! Great product, love it! ",positive,5
4142,"Great product, love it! Great product, love it! ",positive,5
4143,"Great product, love it! Great product, love it! ",positive,5
4144,"It is okay, nothing special. ",neutral,3
4145,"It is okay, nothing special. It is okay, nothing special. ",neutral,3
4146,"Terrible quality, waste of money. ",negative,1
4147,"Great product, love it! Great product, love it! Great product, love it! Great product, love it! ",positive,5
4148,"Great product, love it! ",positive,5
4149,"Terrible quality, waste of money. ",negative,1
4150,"It is okay, nothing special. ",neutral,3
4151,"Great product, love it! Great product, love it! Great product, love it! ",positive,5
4152,"Great product, love it! ",positive,5
4153,"Terrible quality, waste of money. Terrible quality, waste of money. ",negative,1
4154,"Great product, love it! ",positive,5
4155,"Great product, love it! Great product, love it! ",positive,5
4156,"Great product, love it! ",positive,5
4157,"Terrible quality, waste of money. Terrible quality, waste of money. Terrible quality, waste of money. ",negative,1
4158,"It is okay, nothing special. It is okay, nothing special. ",neutral,3
4159,"It is okay, nothing special. ",neutral,3
4160,"Terrible quality, waste of money. ",negative,1
4161,"Terrible quality, waste of money. Terrible quality, waste of money. Terrible quality, waste of money. ",negative,1
4162,"Great product, love it! ",positive,5
4163,"Terrible quality, waste of money. Terrible quality, waste of money. ",negative,1
4164,"Great product, love it! ",positive,5
4165,"Terrible quality, waste of money. ",negative,1
4166,"Great product, love it! Great product, love it! Great product, love it! Great product, love it! ",positive,5
4167,"Great product, love it! Great product, love it! Great product, love it! Great product, love it! ",positive,5
4168,"Great product, love it! ",positive,5
4169,"Great product, love it! Great product, love it! Great product, love it! ",positive,5
4170,"Great product, love it! Great product, love it! Great product, love it! Great product, love it! ",positive,5
4171,"Great product, love it! ",positive,5
4172,"It is okay, nothing special. It is okay, nothing special. ",neutral,3
4173,"Great product, love it! ",positive,5
4174,"Terrible quality, waste of money. Terrible quality, waste of money. ",negative,1
4175,"It is okay, nothing special. ",neutral,3
4176,"It is okay, nothing special. ",neutral,3
4177,"Terrible quality, waste of money. ",negative,1
4178,"It is okay, nothing special. ",neutral,3
4179,"Great product, love it! Great product, love it! Great product, love it! Great product, love it! ",positive,5
4180,"Great product, love it! Great product, love it! ",positive,5
4181,"Great product, love it! Great product, love it! ",positive,5
4182,"Terrible quality, waste of money. Terrible quality, waste of money. Terrible quality, waste of money. ",negative,1
4183,"Terrible quality, waste of money. ",negative,1
4184,"Great product, love it! Great product, love it! Great product, love it! ",positive,5
4185,"Great product, love it! Great product, love it! Great product, love it! Great product, love it! ",positive,5
4186,"Terrible quality, waste of money. Terrible quality, waste of money. Terrible quality, waste of money. ",negative,1
4187,"Great product, love it! ",positive,5
4188,"Terrible quality, waste of money. Terrible quality, waste of money. ",negative,1
4189,"Terrible quality, waste of money. Terrible quality, waste of money. ",negative,1
4190,"Terrible quality, waste of money. ",negative,1
4191,"It is okay, nothing special. It is okay, nothing special. ",neutral,3
4192,"It is okay, nothing special. ",neutral,3
4193,"Terrible quality, waste of money. Terrible quality, waste of money. ",negative,1
4194,"Terrible quality, waste of money. ",negative,1
4195,"Terrible quality, waste of money. ",negative,1
4196,"Great product, love it! ",positive,5
4197,"Great product, love it! Great product, love it! Great product, love it! Great product, love it! ",positive,5
4198,"Great product, love it! Great product, love it! Great product, love it! Great product, love it! ",positive,5
4199,"Great product, love it! Great product, love it! Great product, love it! Great product, love it! ",positive,5
4200,"Terrible quality, waste of money. Terrible quality, waste of money. ",negative,1
4201,"It is okay, nothing special. ",neutral,3
4202,"Great product, love it! Great product, love it! Great product, love it! ",positive,5
4203,"Great product, love it! ",positive,5
4204,"It is okay, nothing special. It is okay, nothing special. ",neutral,3
4205,"Great product, love it! Great product, love it! Great product, love it! Great product, love it! ",positive,5
4206,"Terrible quality, waste of money. ",negative,1
4207,"Terrible quality, waste of money. Terrible quality, waste of money. ",negative,1
4208,"Terrible quality, waste of money. ",negative,1
4209,"Great product, love it! Great product, love it! ",positive,5
4210,"Great product, love it! Great product, love it! ",positive,5
4211,"Great product, love it! Great product, love it! Great product, love it! ",positive,5
4212,"Terrible quality, waste of money. ",negative,1
4213,"Terrible quality, waste of money. Terrible quality, waste of money. Terrible quality, waste of money. ",negative,1
4214,"Great product, love it! Great product, love it! Great product, love it! ",positive,5
4215,"Terrible quality, waste of money. Terrible quality, waste of money. ",negative,1
4216,"It is okay, nothing special. It is okay, nothing special. ",neutral,3
4217,"Great product, love it! ",positive,5
4218,"Terrible quality, waste of money. Terrible quality, waste of money. ",negative,1
4219,"Terrible quality, waste of money. Terrible quality, waste of money. ",negative,1
4220,"Great product, love it! Great product, love it! ",positive,5
4221,"Great product, love it! ",positive,5
4222,"Terrible quality, waste of money. ",negative,1
4223,"It is okay, nothing special. It is okay, nothing special. ",neutral,3
4224,"It is okay, nothing special. It is okay, nothing special. ",neutral,3
4225,"Terrible quality, waste of money. ",negative,1
4226,"Terrible quality, waste of money. Terrible quality, waste of money. ",negative,1
4227,"Great product, love it! ",positive,5
4228,"Terrible quality, waste of money. ",negative,1
4229,"Terrible quality, waste of money. Terrible quality, waste of money. Terrible quality, waste of money. ",negative,1
4230,"Great product, love it! Great product, love it! ",positive,5
4231,"Terrible quality, waste of money. Terrible quality, waste of money. Terrible quality, waste of money. ",negative,1
4232,"Terrible quality, waste of money. Terrible quality, waste of money. Terrible quality, waste of money. ",negative,1
4233,"Great product, love it! Great product, love it! ",positive,5
4234,"It is okay, nothing special. It is okay, nothing special. ",neutral,3
4235,"Great product, love it! ",positive,5
4236,"Great product, love it! Great product, love it! ",positive,5
4237,"Great product, love it! Great product, love it! Great product, love it! ",positive,5
4238,"It is okay, nothing special. ",neutral,3
4239,"Terrible quality, waste of money. Terrible quality, waste of money. ",negative,1
4240,"Great product, love it! Great product, love it! Great product, love it! ",positive,5
4241,"Terrible quality, waste of money. ",negative,1
4242,"Great product, love it! Great product, love it! Great product, love it! ",positive,5
4243,"It is okay, nothing special. ",neutral,3
4244,"Terrible quality, waste of money. Terrible quality, waste of money. Terrible quality, waste of money. ",negative,1
4245,"Great product, love it! ",positive,5
4246,"It is okay, nothing special. ",neutral,3
4247,"Great product, love it! Great product, love it! ",positive,5
4248,"Great product, love it! ",positive,5
4249,"Terrible quality, waste of money. Terrible quality, waste of money. ",negative,1
4250,"It is okay, nothing special. It is okay, nothing special. ",neutral,3
4251,"Great product, love it! Great product, love it! Great product, love it! ",positive,5
4252,"Great product, love it! Great product, love it! Great product, love it! Great product, love it! ",positive,5
4253,"Great product, love it! Great product, love it! Great product, love it! ",positive,5
4254,"Terrible quality, waste of money. Terrible quality, waste of money. Terrible quality, waste of money. ",negative,1
4255,"Great product, love it! ",positive,5
4256,"Terrible quality, waste of money. Terrible quality, waste of money. Terrible quality, waste of money. ",negative,1
4257,"It is okay, nothing special. ",neutral,3
4258,"Terrible quality, waste of money. Terrible quality, waste of money. ",negative,1
4259,"Great product, love it! Great product, love it! ",positive,5
4260,"Great product, love it! Great product, love it! Great product, love it! ",positive,5
4261,"Great product, love it! Great product, love it! Great product, love it! ",positive,5
4262,"It is okay, nothing special. ",neutral,3
4263,"Great product, love it! ",positive,5
4264,"Great product, love it! Great product, love it! Great product, love it! ",positive,5
4265,"Terrible quality, waste of money. Terrible quality, waste of money. ",negative,1
4266,"Great product, love it! Great product, love it! Great product, love it! ",positive,5
4267,"Terrible quality, waste of money. ",negative,1
4268,"Great product, love it! Great product, love it! ",positive,5
4269,"It is okay, nothing special. It is okay, nothing special. ",neutral,3
4270,"It is okay, nothing special. ",neutral,3
4271,"Terrible quality, waste of money. Terrible quality, waste of money. Terrible quality, waste of money. ",negative,1
4272,"It is okay, nothing special. It is okay, nothing special. ",neutral,3
4273,"Great product, love it! Great product, love it! Great product, love it! ",positive,5
4274,"Terrible quality, waste of money. Terrible quality, waste of money. Terrible quality, waste of money. ",negative,1
4275,"Terrible quality, waste of money. ",negative,1
4276,"Terrible quality, waste of money. Terrible quality, waste of money. ",negative,1
4277,"Great product, love it! ",positive,5
4278,"Great product, love it! Great product, love it! Great product, love it! ",positive,5
4279,"Great product, love it! Great product, love it! Great product, love it! Great product, love it! ",positive,5
4280,"Great product, love it! Great product, love it! Great product, love it! Great product, love it! ",positive,5
4281,"Great product, love it! Great product, love it! Great product, love it! Great product, love it! ",positive,5
4282,"Terrible quality, waste of money. ",negative,1
4283,"Great product, love it! Great product, love it! ",positive,5
4284,"Great product, love it! ",positive,5
4285,"Terrible quality, waste of money. Terrible quality, waste of money. Terrible quality, waste of money. ",negative,1
4286,"Terrible quality, waste of money. Terrible quality, waste of money. ",negative,1
4287,"It is okay, nothing special. ",neutral,3
4288,"Terrible quality, waste of money. ",negative,1
4289,"Great product, love it! Great product, love it! ",positive,5
4290,"It is okay, nothing special. It is okay, nothing special. ",neutral,3
4291,"Terrible quality, waste of money. Terrible quality, waste of money. Terrible quality, waste of money. ",negative,1
4292,"Great product, love it! Great product, love it! ",positive,5
4293,"Terrible quality, waste of money. Terrible quality, waste of money. Terrible quality, waste of money. ",negative,1
4294,"It is okay, nothing special. It is okay, nothing special. ",neutral,3
4295,"Great product, love it! Great product, love it! Great product, love it! Great product, love it! ",positive,5
4296,"Great product, love it! ",positive,5
4297,"Great product, love it! Great product, love it! Great product, love it! Great product, love it! ",positive,5
4298,"Great product, love it! Great product, love it! Great product, love it! Great product, love it! ",positive,5
4299,"Great product, love it! Great product, love it! Great product, love it! ",positive,5
4300,"Terrible quality, waste of money. ",negative,1
4301,"Great product, love it! Great product, love it! ",positive,5
4302,"It is okay, nothing special. ",neutral,3
4303,"It is okay, nothing special. It is okay, nothing special. ",neutral,3
4304,"Terrible quality, waste of money. Terrible quality, waste of money. ",negative,1
4305,"It is okay, nothing special. ",neutral,3
4306,"Great product, love it! ",positive,5
4307,"Terrible quality, waste of money. ",negative,1
4308,"Terrible quality, waste of money. ",negative,1
4309,"It is okay, nothing special. ",neutral,3
4310,"It is okay, nothing special. ",neutral,3
4311,"Great product, love it! Great product, love it! Great product, love it! Great product, love it! ",positive,5
4312,"It is okay, nothing special. It is okay, nothing special. ",neutral,3
4313,"Great product, love it! Great product, love it! Great product, love it! ",positive,5
4314,"It is okay, nothing special. It is okay, nothing special. ",neutral,3
4315,"It is okay, nothing special. It is okay, nothing special. ",neutral,3
4316,"Great product, love it! Great product, love it! Great product, love it! Great product, love it! ",positive,5
4317,"Terrible quality, waste of money. Terrible quality, waste of money. Terrible quality, waste of money. ",negative,1
4318,"Great product, love it! Great product, love it! ",positive,5
4319,"Great product, love it! Great product, love it! ",positive,5
4320,"Terrible quality, waste of money. ",negative,1
4321,"Terrible quality, waste of money. ",negative,1
4322,"It is okay, nothing special. ",neutral,3
4323,"Terrible quality, waste of money. Terrible quality, waste of money. Terrible quality, waste of money. ",negative,1
4324,"Terrible quality, waste of money. Terrible quality, waste of money. Terrible quality, waste of money. ",negative,1
4325,"It is okay, nothing special. It is okay, nothing special. ",neutral,3
4326,"It is okay, nothing special. It is okay, nothing special. ",neutral,3
4327,"Great product, love it! ",positive,5
4328,"It is okay, nothing special. ",neutral,3
4329,"Great product, love it! Great product, love it! Great product, love it! ",positive,5
4330,"It is okay, nothing special. ",neutral,3
4331,"Great product, love it! Great product, love it! Great product, love it! ",positive,5
4332,"Great product, love it! ",positive,5
4333,"Great product, love it! Great product, love it! ",positive,5
4334,"Terrible quality, waste of money. Terrible quality, waste of money. ",negative,1
4335,"Great product, love it! Great product, love it! ",positive,5
4336,"Great product, love it! ",positive,5
4337,"Terrible quality, waste of money. Terrible quality, waste of money. Terrible quality, waste of money. ",negative,1
4338,"It is okay, nothing special. It is okay, nothing special. ",neutral,3
4339,"Great product, love it! Great product, love it! ",positive,5
4340,"Great product, love it! Great product, love it! ",positive,5
4341,"Great product, love it! Great product, love it! Great product, love it! ",positive,5
4342,"Great product, love it! Great product, love it! Great product, love it! ",positive,5
4343,"It is okay, nothing special. ",neutral,3
4344,"It is okay, nothing special. It is okay, nothing special. ",neutral,3
4345,"Terrible quality, waste of money. Terrible quality, waste of money. Terrible quality, waste of money. ",negative,1
4346,"Great product, love it! ",positive,5
4347,"It is okay, nothing special. It is okay, nothing special. ",neutral,3
4348,"Terrible quality, waste of money. Terrible quality, waste of money. Terrible quality, waste of money. ",negative,1
4349,"It is okay, nothing special. It is okay, nothing special. ",neutral,3
4350,"Terrible quality, waste of money. Terrible quality, waste of money. Terrible quality, waste of money. ",negative,1
4351,"It is okay, nothing special. ",neutral,3
4352,"Terrible quality, waste of money. Terrible quality, waste of money. ",negative,1
4353,"Great product, love it! Great product, love it! ",positive,5
4354,"It is okay, nothing special. ",neutral,3
4355,"Terrible quality, waste of money. Terrible quality, waste of money. ",negative,1
4356,"Terrible quality, waste of money. ",negative,1
4357,"Great product, love it! Great product, love it! Great product, love it! ",positive,5
4358,"Terrible quality, waste of money. Terrible quality, waste of money. Terrible quality, waste of money. ",negative,1
4359,"Terrible quality, waste of money. ",negative,1
4360,"Great product, love it! Great product, love it! Great product, love it! ",positive,5
4361,"Great product, love it! Great product, love it! ",positive,5
4362,"Terrible quality, waste of money. Terrible quality, waste of money. ",negative,1
4363,"It is okay, nothing special. ",neutral,3
4364,"Terrible quality, waste of money. ",negative,1
4365,"Great product, love it! ",positive,5
4366,"Terrible quality, waste of money. Terrible quality, waste of money. ",negative,1
4367,"Great product, love it! ",positive,5
4368,"Great product, love it! Great product, love it! Great product, love it! ",positive,5
4369,"Great product, love it! Great product, love it! Great product, love it! Great product, love it! ",positive,5
4370,"Great product, love it! Great product, love it! Great product, love it! ",positive,5
4371,"Great product, love it! Great product, love it! ",positive,5
4372,"Great product, love it! Great product, love it! ",positive,5
4373,"Great product, love it! Great product, love it! ",positive,5
4374,"Great product, love it! ",positive,5
4375,"Terrible quality, waste of money. Terrible quality, waste of money. Terrible quality, waste of money. ",negative,1
4376,"Terrible quality, waste of money. Terrible quality, waste of money. Terrible quality, waste of money. ",negative,1
4377,"Great product, love it! Great product, love it! Great product, love it! Great product, love it! ",positive,5
4378,"It is okay, nothing special. ",neutral,3
4379,"Great product, love it! Great product, love it! ",positive,5
4380,"Terrible quality, waste of money. Terrible quality, waste of money. Terrible quality, waste of money. ",negative,1
4381,"Great product, love it! ",positive,5
4382,"Great product, love it! ",positive,5
4383,"Terrible quality, waste of money. Terrible quality, waste of money. Terrible quality, waste of money. ",negative,1
4384,"Terrible quality, waste of money. Terrible quality, waste of money. ",negative,1
4385,"It is okay, nothing special. It is okay, nothing special. ",neutral,3
4386,"Terrible quality, waste of money. Terrible quality, waste of money. Terrible quality, waste of money. ",negative,1
4387,"It is okay, nothing special. ",neutral,3
4388,"Great product, love it! Great product, love it! Great product, love it! Great product, love it! ",positive,5
4389,"Great product, love it! ",positive,5
4390,"Great product, love it! ",positive,5
4391,"Great product, love it! Great product, love it! Great product, love it! ",positive,5
4392,"Terrible quality, waste of money. ",negative,1
4393,"Terrible quality, waste of money. Terrible quality, waste of money. ",negative,1
4394,"Great product, love it! Great product, love it! Great product, love it! ",positive,5
4395,"It is okay, nothing special. It is okay, nothing special. ",neutral,3
4396,"It is okay, nothing special. ",neutral,3
4397,"Great product, love it! ",positive,5
4398,"Great product, love it! ",positive,5
4399,"Great product, love it! Great product, love it! Great product, love it! Great product, love it! ",positive,5
4400,"Great product, love it! Great product, love it! Great product, love it! Great product, love it! ",positive,5
4401,"Great product, love it! Great product, love it! ",positive,5
4402,"Terrible quality, waste of money. Terrible quality, waste of money. Terrible quality, waste of money. ",negative,1
4403,"Great product, love it! ",positive,5
4404,"Great product, love it! Great product, love it! Great product, love it! Great product, love it! ",positive,5
4405,"It is okay, nothing special. It is okay, nothing special. ",neutral,3
4406,"Terrible quality, waste of money. ",negative,1
4407,"It is okay, nothing special. It is okay, nothing special. ",neutral,3
4408,"Great product, love it! Great product, love it! Great product, love it! ",positive,5
4409,"Great product, love it! ",positive,5
4410,"Terrible quality, waste of money. Terrible quality, waste of money. Terrible quality, waste of money. ",negative,1
4411,"Great product, love it! ",positive,5
4412,"Great product, love it! Great product, love it! Great product, love it! Great product, love it! ",positive,5
4413,"Terrible quality, waste of money. Terrible quality, waste of money. Terrible quality, waste of money. ",negative,1
4414,"Terrible quality, waste of money. Terrible quality, waste of money. ",negative,1
4415,"Great product, love it! Great product, love it! Great product, love it! ",positive,5
4416,"Terrible quality, waste of money. Terrible quality, waste of money. ",negative,1
4417,"Great product, love it! Great product, love it! Great product, love it! Great product, love it! ",positive,5
4418,"Great product, love it! Great product, love it! Great product, love it! ",positive,5
4419,"Great product, love it! Great product, love it! ",positive,5
4420,"Great product, love it! ",positive,5
4421,"Great product, love it! Great product, love it! Great product, love it! ",positive,5
4422,"It is okay, nothing special. It is okay, nothing special. ",neutral,3
4423,"Terrible quality, waste of money. ",negative,1
4424,"Terrible quality, waste of money. Terrible quality, waste of money. ",negative,1
4425,"Great product, love it! Great product, love it! Great product, love it! ",positive,5
4426,"Great product, love it! Great product, love it! Great product, love it! ",positive,5
4427,"Great product, love it! Great product, love it! Great product, love it! Great product, love it! ",positive,5
4428,"Great product, love it! ",positive,5
4429,"Great product, love it! Great product, love it! Great product, love it! ",positive,5
4430,"It is okay, nothing special. ",neutral,3
4431,"Terrible quality, waste of money. ",negative,1
4432,"Terrible quality, waste of money. Terrible quality, waste of money. Terrible quality, waste of money. ",negative,1
4433,"Terrible quality, waste of money. ",negative,1
4434,"It is okay, nothing special. ",neutral,3
4435,"Great product, love it! ",positive,5
4436,"Great product, love it! Great product, love it! Great product, love it! Great product, love it! ",positive,5
4437,"Great product, love it! ",positive,5
4438,"It is okay, nothing special. ",neutral,3
4439,"It is okay, nothing special. It is okay, nothing special. ",neutral,3
4440,"Great product, love it! Great product, love it! ",positive,5
4441,"It is okay, nothing special. It is okay, nothing special. ",neutral,3
4442,"It is okay, nothing special. ",neutral,3
4443,"Great product, love it! Great product, love it! ",positive,5
4444,"Great product, love it! Great product, love it! ",positive,5
4445,"Great product, love it! Great product, love it! Great product, love it! ",positive,5
4446,"It is okay, nothing special. ",neutral,3
4447,"Great product, love it! Great product, love it! ",positive,5
4448,"It is okay, nothing special. It is okay, nothing special. ",neutral,3
4449,"Great product, love it! Great product, love it! Great product, love it! ",positive,5
4450,"Terrible quality, waste of money. Terrible quality, waste of money. Terrible quality, waste of money. ",negative,1
4451,"Great product, love it! ",positive,5
4452,"Terrible quality, waste of money. ",negative,1
4453,"It is okay, nothing special. ",neutral,3
4454,"It is okay, nothing special. It is okay, nothing special. ",neutral,3
4455,"It is okay, nothing special. ",neutral,3
4456,"Great product, love it! ",positive,5
4457,"Terrible quality, waste of money. Terrible quality, waste of money. Terrible quality, waste of money. ",negative,1
4458,"Great product, love it! Great product, love it! Great product, love it! ",positive,5
4459,"Great product, love it! ",positive,5
4460,"Terrible quality, waste of money. Terrible quality, waste of money. ",negative,1
4461,"Great product, love it! ",positive,5
4462,"Terrible quality, waste of money. Terrible quality, waste of money. ",negative,1
4463,"It is okay, nothing special. ",neutral,3
4464,"Great product, love it! Great product, love it! ",positive,5
4465,"Terrible quality, waste of money. Terrible quality, waste of money. Terrible quality, waste of money. ",negative,1
4466,"Great product, love it! ",positive,5
4467,"Great product, love it! ",positive,5
4468,"Great product, love it! Great product, love it! Great product, love it! ",positive,5
4469,"It is okay, nothing special. ",neutral,3
4470,"It is okay, nothing special. It is okay, nothing special. ",neutral,3
4471,"It is okay, nothing special. ",neutral,3
4472,"It is okay, nothing special. ",neutral,3
4473,"Great product, love it! Great product, love it! Great product, love it! Great product, love it! ",positive,5
4474,"Great product, love it! ",positive,5
4475,"Terrible quality, waste of money. Terrible quality, waste of money. ",negative,1
4476,"Terrible quality, waste of money. Terrible quality, waste of money. Terrible quality, waste of money. ",negative,1
4477,"Great product, love it! Great product, love it! ",positive,5
4478,"Great product, love it! ",positive,5
4479,"Terrible quality, waste of money. Terrible quality, waste of money. ",negative,1
4480,"Terrible quality, waste of money. Terrible quality, waste of money. ",negative,1
4481,"Great product, love it! ",positive,5
4482,"Terrible quality, waste of money. ",negative,1
4483,"Terrible quality, waste of money. Terrible quality, waste of money. Terrible quality, waste of money. ",negative,1
4484,"Terrible quality, waste of money. Terrible quality, waste of money. ",negative,1
4485,"Great product, love it! Great product, love it! Great product, love it! Great product, love it! ",positive,5
4486,"Terrible quality, waste of money. ",negative,1
4487,"Great product, love it! ",positive,5
4488,"Great product, love it! Great product, love it! ",positive,5
4489,"It is okay, nothing special. ",neutral,3
4490,"Terrible quality, waste of money. Terrible quality, waste of money. Terrible quality, waste of money. ",negative,1
4491,"Great product, love it! Great product, love it! Great product, love it! ",positive,5
4492,"Terrible quality, waste of money. Terrible quality, waste of money. ",negative,1
4493,"Terrible quality, waste of money. Terrible quality, waste of money. Terrible quality, waste of money. ",negative,1
4494,"It is okay, nothing special. ",neutral,3
4495,"Terrible quality, waste of money. ",negative,1
4496,"Terrible quality, waste of money. ",negative,1
4497,"Terrible quality, waste of money. ",negative,1
4498,"Great product, love it! Great product, love it! ",positive,5
4499,"Great product, love it! Great product, love it! Great product, love it! ",positive,5
4500,"Great product, love it! Great product, love it! Great product, love it! Great product, love it! ",positive,5
4501,"Terrible quality, waste of money. Terrible quality, waste of money. Terrible quality, waste of money. ",negative,1
4502,"Terrible quality, waste of money. ",negative,1
4503,"Great product, love it! Great product, love it! Great product, love it! Great product, love it! ",positive,5
4504,"Great product, love it! Great product, love it! ",positive,5
4505,"Terrible quality, waste of money. ",negative,1
4506,"Great product, love it! ",positive,5
4507,"Terrible quality, waste of money. Terrible quality, waste of money. ",negative,1
4508,"Great product, love it! Great product, love it! Great product, love it! Great product, love it! ",positive,5
4509,"Terrible quality, waste of money. Terrible quality, waste of money. ",negative,1
4510,"It is okay, nothing special. ",neutral,3
4511,"Great product, love it! Great product, love it! Great product, love it! ",positive,5
4512,"Terrible quality, waste of money. ",negative,1
4513,"Great product, love it! Great product, love it! Great product, love it! ",positive,5
4514,"Terrible quality, waste of money. Terrible quality, waste of money. Terrible quality, waste of money. ",negative,1
4515,"Terrible quality, waste of money. Terrible quality, waste of money. ",negative,1
4516,"Great product, love it! Great product, love it! Great product, love it! Great product, love it! ",positive,5
4517,"Terrible quality, waste of money. Terrible quality, waste of money. ",negative,1
4518,"It is okay, nothing special. ",neutral,3
4519,"Great product, love it! Great product, love it! Great product, love it! Great product, love it! ",positive,5
4520,"Great product, love it! Great product, love it! Great product, love it! ",positive,5
4521,"It is okay, nothing special. ",neutral,3
4522,"Terrible quality, waste of money. ",negative,1
4523,"It is okay, nothing special. It is okay, nothing special. ",neutral,3
4524,"Terrible quality, waste of money. ",negative,1
4525,"It is okay, nothing special. ",neutral,3
4526,"Great product, love it! Great product, love it! ",positive,5
4527,"Terrible quality, waste of money. ",negative,1
4528,"It is okay, nothing special. It is okay, nothing special. ",neutral,3
4529,"Terrible quality, waste of money. ",negative,1
4530,"Great product, love it! Great product, love it! Great product, love it! Great product, love it! ",positive,5
4531,"Great product, love it! Great product, love it! Great product, love it! ",positive,5
4532,"Great product, love it! ",positive,5
4533,"Great product, love it! Great product, love it! Great product, love it! Great product, love it! ",positive,5
4534,"Great product, love it! Great product, love it! Great product, love it! ",positive,5
4535,"Terrible quality, waste of money. Terrible quality, waste of money. Terrible quality, waste of money. ",negative,1
4536,"Terrible quality, waste of money. Terrible quality, waste of money. ",negative,1
4537,"Great product, love it! ",positive,5
4538,"Terrible quality, waste of money. ",negative,1
4539,"Great product, love it! Great product, love it! Great product, love it! ",positive,5
4540,"Great product, love it! Great product, love it! ",positive,5
4541,"Great product, love it! Great product, love it! Great product, love it! Great product, love it! ",positive,5
4542,"Terrible quality, waste of money. Terrible quality, waste of money. ",negative,1
4543,"Great product, love it! Great product, love it! Great product, love it! Great product, love it! ",positive,5
4544,"Great product, love it! Great product, love it! Great product, love it! Great product, love it! ",positive,5
4545,"Great product, love it! ",positive,5
4546,"It is okay, nothing special. ",neutral,3
4547,"Great product, love it! ",positive,5
4548,"Terrible quality, waste of money. ",negative,1
4549,"Terrible quality, waste of money. ",negative,1
4550,"It is okay, nothing special. It is okay, nothing special. ",neutral,3
4551,"It is okay, nothing special. ",neutral,3
4552,"Great product, love it! Great product, love it! Great product, love it! Great product, love it! ",positive,5
4553,"Great product, love it! Great product, love it! Great product, love it! ",positive,5
4554,"It is okay, nothing special. It is okay, nothing special. ",neutral,3
4555,"Terrible quality, waste of money. Terrible quality, waste of money. ",negative,1
4556,"Terrible quality, waste of money. ",negative,1
4557,"Terrible quality, waste of money. ",negative,1
4558,"Terrible quality, waste of money. ",negative,1
4559,"It is okay, nothing special. ",neutral,3
4560,"It is okay, nothing special. It is okay, nothing special. ",neutral,3
4561,"Terrible quality, waste of money. Terrible quality, waste of money. ",negative,1
4562,"Great product, love it! Great product, love it! ",positive,5
4563,"It is okay, nothing special. It is okay, nothing special. ",neutral,3
4564,"Great product, love it! ",positive,5
4565,"Great product, love it! Great product, love it! Great product, love it! Great product, love it! ",positive,5
4566,"It is okay, nothing special. ",neutral,3
4567,"Great product, love it! Great product, love it! ",positive,5
4568,"Great product, love it! Great product, love it! Great product, love it! Great product, love it! ",positive,5
4569,"Great product, love it! Great product, love it! ",positive,5
4570,"It is okay, nothing special. ",neutral,3
4571,"Terrible quality, waste of money. ",negative,1
4572,"Terrible quality, waste of money. ",negative,1
4573,"Great product, love it! ",positive,5
4574,"It is okay, nothing special. ",neutral,3
4575,"It is okay, nothing special. It is okay, nothing special. ",neutral,3
4576,"Great product, love it! Great product, love it! Great product, love it! ",positive,5
4577,"Great product, love it! Great product, love it! ",positive,5
4578,"Great product, love it! Great product, love it! Great product, love it! ",positive,5
4579,"It is okay, nothing special. It is okay, nothing special. ",neutral,3
4580,"Terrible quality, waste of money. Terrible quality, waste of money. ",negative,1
4581,"It is okay, nothing special. ",neutral,3
4582,"Great product, love it! Great product, love it! Great product, love it! Great product, love it! ",positive,5
4583,"It is okay, nothing special. It is okay, nothing special. ",neutral,3
4584,"It is okay, nothing special. It is okay, nothing special. ",neutral,3
4585,"Terrible quality, waste of money. ",negative,1
4586,"It is okay, nothing special. It is okay, nothing special. ",neutral,3
4587,"Great product, love it! ",positive,5
4588,"Great product, love it! Great product, love it! Great product, love it! ",positive,5
4589,"Terrible quality, waste of money. Terrible quality, waste of money. Terrible quality, waste of money. ",negative,1
4590,"Terrible quality, waste of money. Terrible quality, waste of money. ",negative,1
4591,"Terrible quality, waste of money. ",negative,1
4592,"Great product, love it! Great product, love it! ",positive,5
4593,"Terrible quality, waste of money. Terrible quality, waste of money. Terrible quality, waste of money. ",negative,1
4594,"Great product, love it! Great product, love it! Great product, love it! Great product, love it! ",positive,5
4595,"Great product, love it! Great product, love it! Great product, love it! Great product, love it! ",positive,5
4596,"Terrible quality, waste of money. Terrible quality, waste of money. ",negative,1
4597,"Terrible quality, waste of money. Terrible quality, waste of money. ",negative,1
4598,"Great product, love it! ",positive,5
4599,"Great product, love it! Great product, love it! Great product, love it! ",positive,5
4600,"Great product, love it! Great product, love it! ",positive,5
4601,"Great product, love it! ",positive,5
4602,"It is okay, nothing special. It is okay, nothing special. ",neutral,3
4603,"It is okay, nothing special. It is okay, nothing special. ",neutral,3
4604,"Great product, love it! ",positive,5
4605,"It is okay, nothing special. ",neutral,3
4606,"It is okay, nothing special. It is okay, nothing special. ",neutral,3
4607,"It is okay, nothing special. ",neutral,3
4608,"Great product, love it! Great product, love it! Great product, love it! Great product, love it! ",positive,5
4609,"It is okay, nothing special. ",neutral,3
4610,"Great product, love it! ",positive,5
4611,"Great product, love it! Great product, love it! Great product, love it! ",positive,5
4612,"Great product, love it! ",positive,5
4613,"Terrible quality, waste of money. Terrible quality, waste of money. Terrible quality, waste of money. ",negative,1
4614,"Great product, love it! Great product, love it! ",positive,5
4615,"Great product, love it! Great product, love it! Great product, love it! ",positive,5
4616,"Great product, love it! ",positive,5
4617,"It is okay, nothing special. It is okay, nothing special. ",neutral,3
4618,"It is okay, nothing special. It is okay, nothing special. ",neutral,3
4619,"Great product, love it! Great product, love it! Great product, love it! Great product, love it! ",positive,5
4620,"It is okay, nothing special. ",neutral,3
4621,"It is okay, nothing special. ",neutral,3
4622,"It is okay, nothing special. It is okay, nothing special. ",neutral,3
4623,"Great product, love it! Great product, love it! Great product, love it! Great product, love it! ",positive,5
4624,"Terrible quality, waste of money. Terrible quality, waste of money. ",negative,1
4625,"It is okay, nothing special. ",neutral,3
4626,"Terrible quality, waste of money. ",negative,1
4627,"Great product, love it! ",positive,5
4628,"Terrible quality, waste of money. ",negative,1
4629,"Terrible quality, waste of money. ",negative,1
4630,"Terrible quality, waste of money. Terrible quality, waste of money. ",negative,1
4631,"Great product, love it! Great product, love it! Great product, love it! ",positive,5
4632,"Great product, love it! Great product, love it! ",positive,5
4633,"It is okay, nothing special. It is okay, nothing special. ",neutral,3
4634,"It is okay, nothing special. It is okay, nothing special. ",neutral,3
4635,"Great product, love it! ",positive,5
4636,"It is okay, nothing special. It is okay, nothing special. ",neutral,3
4637,"Great product, love it! ",positive,5
4638,"Terrible quality, waste of money. Terrible quality, waste of money. ",negative,1
4639,"It is okay, nothing special. ",neutral,3
4640,"It is okay, nothing special. It is okay, nothing special. ",neutral,3
4641,"It is okay, nothing special. ",neutral,3
4642,"Great product, love it! Great product, love it! ",positive,5
4643,"It is okay, nothing special. It is okay, nothing special. ",neutral,3
4644,"Great product, love it! Great product, love it! ",positive,5
4645,"Terrible quality, waste of money. Terrible quality, waste of money. Terrible quality, waste of money. ",negative,1
4646,"Terrible quality, waste of money. Terrible quality, waste of money. Terrible quality, waste of money. ",negative,1
4647,"Terrible quality, waste of money. Terrible quality, waste of money. Terrible quality, waste of money. ",negative,1
4648,"Great product, love it! Great product, love it! ",positive,5
4649,"It is okay, nothing special. It is okay, nothing special. ",neutral,3
4650,"Great product, love it! Great product, love it! Great product, love it! Great product, love it! ",positive,5
4651,"Great product, love it! Great product, love it! Great product, love it! Great product, love it! ",positive,5
4652,"Terrible quality, waste of money. ",negative,1
4653,"Terrible quality, waste of money. Terrible quality, waste of money. Terrible quality, waste of money. ",negative,1
4654,"It is okay, nothing special. ",neutral,3
4655,"Great product, love it! ",positive,5
4656,"Great product, love it! ",positive,5
4657,"It is okay, nothing special. ",neutral,3
4658,"Terrible quality, waste of money. Terrible quality, waste of money. Terrible quality, waste of money. ",negative,1
4659,"Great product, love it! ",positive,5
4660,"Terrible quality, waste of money. Terrible quality, waste of money. ",negative,1
4661,"Terrible quality, waste of money. Terrible quality, waste of money. ",negative,1
4662,"Terrible quality, waste of money. Terrible quality, waste of money. ",negative,1
4663,"Terrible quality, waste of money. Terrible quality, waste of money. Terrible quality, waste of money. ",negative,1
4664,"It is okay, nothing special. ",neutral,3
4665,"It is okay, nothing special. It is okay, nothing special. ",neutral,3
4666,"Terrible quality, waste of money. Terrible quality, waste of money. Terrible quality, waste of money. ",negative,1
4667,"Great product, love it! ",positive,5
4668,"It is okay, nothing special. ",neutral,3
4669,"Terrible quality, waste of money. Terrible quality, waste of money. Terrible quality, waste of money. ",negative,1
4670,"Terrible quality, waste of money. ",negative,1
4671,"Great product, love it! Great product, love it! Great product, love it! Great product, love it! ",positive,5
4672,"It is okay, nothing special. ",neutral,3
4673,"Terrible quality, waste of money. ",negative,1
4674,"Great product, love it! Great product, love it! ",positive,5
4675,"Great product, love it! Great product, love it! Great product, love it! Great product, love it! ",positive,5
4676,"It is okay, nothing special. It is okay, nothing special. ",neutral,3
4677,"Great product, love it! Great product, love it! ",positive,5
4678,"It is okay, nothing special. ",neutral,3
4679,"Terrible quality, waste of money. Terrible quality, waste of money. ",negative,1
4680,"Terrible quality, waste of money. ",negative,1
4681,"Great product, love it! Great product, love it! ",positive,5
4682,"Great product, love it! Great product, love it! Great product, love it! Great product, love it! ",positive,5
4683,"It is okay, nothing special. It is okay, nothing special. ",neutral,3
4684,"Great product, love it! Great product, love it! Great product, love it! Great product, love it! ",positive,5
4685,"It is okay, nothing special. It is okay, nothing special. ",neutral,3
4686,"Great product, love it! Great product, love it! Great product, love it! Great product, love it! ",positive,5
4687,"Great product, love it! Great product, love it! Great product, love it! ",positive,5
4688,"Great product, love it! Great product, love it! Great product, love it! Great product, love it! ",positive,5
4689,"Terrible quality, waste of money. ",negative,1
4690,"It is okay, nothing special. ",neutral,3
4691,"Great product, love it! Great product, love it! Great product, love it! Great product, love it! ",positive,5
4692,"Great product, love it! Great product, love it! Great product, love it! ",positive,5
4693,"Great product, love it! Great product, love it! Great product, love it! Great product, love it! ",positive,5
4694,"Terrible quality, waste of money. ",negative,1
4695,"Great product, love it! Great product, love it! Great product, love it! Great product, love it! ",positive,5
4696,"It is okay, nothing special. ",neutral,3
4697,"Terrible quality, waste of money. ",negative,1
4698,"Terrible quality, waste of money. Terrible quality, waste of money. ",negative,1
4699,"Great product, love it! ",positive,5
4700,"It is okay, nothing special. ",neutral,3
4701,"Great product, love it! ",positive,5
4702,"Great product, love it! Great product, love it! Great product, love it! ",positive,5
4703,"Terrible quality, waste of money. ",negative,1
4704,"Terrible quality, waste of money. ",negative,1
4705,"Great product, love it! ",positive,5
4706,"Great product, love it! Great product, love it! Great product, love it! Great product, love it! ",positive,5
4707,"It is okay, nothing special. It is okay, nothing special. ",neutral,3
4708,"Great product, love it! Great product, love it! ",positive,5
4709,"It is okay, nothing special. ",neutral,3
4710,"Terrible quality, waste of money. Terrible quality, waste of money. Terrible quality, waste of money. ",negative,1
4711,"Great product, love it! ",positive,5
4712,"Terrible quality, waste of money. ",negative,1
4713,"Great product, love it! Great product, love it! Great product, love it! Great product, love it! ",positive,5
4714,"It is okay, nothing special. It is okay, nothing special. ",neutral,3
4715,"Terrible quality, waste of money. ",negative,1
4716,"Great product, love it! Great product, love it! Great product, love it! ",positive,5
4717,"Terrible quality, waste of money. ",negative,1
4718,"It is okay, nothing special. ",neutral,3
4719,"Great product, love it! Great product, love it! Great product, love it! Great product, love it! ",positive,5
4720,"It is okay, nothing special. It is okay, nothing special. ",neutral,3
4721,"Great product, love it! ",positive,5
4722,"Great product, love it! Great product, love it! ",positive,5
4723,"Great product, love it! ",positive,5
4724,"Great product, love it! Great product, love it! Great product, love it! ",positive,5
4725,"Great product, love it! Great product, love it! ",positive,5
4726,"Great product, love it! ",positive,5
4727,"It is okay, nothing special. It is okay, nothing special. ",neutral,3
4728,"It is okay, nothing special. ",neutral,3
4729,"Terrible quality, waste of money. Terrible quality, waste of money. ",negative,1
4730,"Great product, love it! ",positive,5
4731,"Great product, love it! Great product, love it! ",positive,5
4732,"Great product, love it! ",positive,5
4733,"Terrible quality, waste of money. Terrible quality, waste of money. Terrible quality, waste of money. ",negative,1
4734,"It is okay, nothing special. It is okay, nothing special. ",neutral,3
4735,"Great product, love it! Great product, love it! Great product, love it! ",positive,5
4736,"Great product, love it! Great product, love it! ",positive,5
4737,"Terrible quality, waste of money. Terrible quality, waste of money. ",negative,1
4738,"Great product, love it! ",positive,5
4739,"Great product, love it! Great product, love it! Great product, love it! ",positive,5
4740,"Terrible quality, waste of money. ",negative,1
4741,"Terrible quality, waste of money. Terrible quality, waste of money. Terrible quality, waste of money. ",negative,1
4742,"Great product, love it! Great product, love it! ",positive,5
4743,"Great product, love it! ",positive,5
4744,"It is okay, nothing special. ",neutral,3
4745,"Great product, love it! Great product, love it! Great product, love it! ",positive,5
4746,"Great product, love it! Great product, love it! Great product, love it! Great product, love it! ",positive,5
4747,"Great product, love it! Great product, love it! Great product, love it! ",positive,5
4748,"Great product, love it! Great product, love it! Great product, love it! Great product, love it! ",positive,5
4749,"Great product, love it! Great product, love it! Great product, love it! ",positive,5
4750,"It is okay, nothing special. It is okay, nothing special. ",neutral,3
4751,"Great product, love it! ",positive,5
4752,"Great product, love it! Great product, love it! Great product, love it! ",positive,5
4753,"Terrible quality, waste of money. Terrible quality, waste of money. ",negative,1
4754,"Terrible quality, waste of money. Terrible quality, waste of money. Terrible quality, waste of money. ",negative,1
4755,"It is okay, nothing special. ",neutral,3
4756,"It is okay, nothing special. ",neutral,3
4757,"Great product, love it! Great product, love it! Great product, love it! Great product, love it! ",positive,5
4758,"It is okay, nothing special. ",neutral,3
4759,"Terrible quality, waste of money. Terrible quality, waste of money. ",negative,1
4760,"It is okay, nothing special. It is okay, nothing special. ",neutral,3
4761,"Terrible quality, waste of money. Terrible quality, waste of money. Terrible quality, waste of money. ",negative,1
4762,"It is okay, nothing special. It is okay, nothing special. ",neutral,3
4763,"It is okay, nothing special. It is okay, nothing special. ",neutral,3
4764,"Great product, love it! ",positive,5
4765,"Terrible quality, waste of money. ",negative,1
4766,"It is okay, nothing special. ",neutral,3
4767,"It is okay, nothing special. It is okay, nothing special. ",neutral,3
4768,"Great product, love it! Great product, love it! Great product, love it! ",positive,5
4769,"Terrible quality, waste of money. ",negative,1
4770,"Great product, love it! ",positive,5
4771,"Great product, love it! Great product, love it! Great product, love it! Great product, love it! ",positive,5
4772,"Great product, love it! Great product, love it! Great product, love it! Great product, love it! ",positive,5
4773,"Great product, love it! ",positive,5
4774,"It is okay, nothing special. It is okay, nothing special. ",neutral,3
4775,"Great product, love it! ",positive,5
4776,"It is okay, nothing special. ",neutral,3
4777,"Great product, love it! Great product, love it! Great product, love it! ",positive,5
4778,"Great product, love it! ",positive,5
4779,"Great product, love it! ",positive,5
4780,"Great product, love it! Great product, love it! ",positive,5
4781,"Great product, love it! Great product, love it! ",positive,5
4782,"Great product, love it! Great product, love it! Great product, love it! Great product, love it! ",positive,5
4783,"Terrible quality, waste of money. ",negative,1
4784,"Great product, love it! ",positive,5
4785,"Great product, love it! Great product, love it! ",positive,5
4786,"Great product, love it! Great product, love it! ",positive,5
4787,"It is okay, nothing special. ",neutral,3
4788,"It is okay, nothing special. ",neutral,3
4789,"Terrible quality, waste of money. Terrible quality, waste of money. Terrible quality, waste of money. ",negative,1
4790,"Great product, love it! Great product, love it! Great product, love it! Great product, love it! ",positive,5
4791,"Great product, love it! ",positive,5
4792,"It is okay, nothing special. ",neutral,3
4793,"Great product, love it! Great product, love it! Great product, love it! Great product, love it! ",positive,5
4794,"Great product, love it! Great product, love it! ",positive,5
4795,"Great product, love it! Great product, love it! ",positive,5
4796,"Great product, love it! Great product, love it! Great product, love it! ",positive,5
4797,"Great product, love it! ",positive,5
4798,"It is okay, nothing special. It is okay, nothing special. ",neutral,3
4799,"Great product, love it! Great product, love it! Great product, love it! ",positive,5
4800,"Terrible quality, waste of money. Terrible quality, waste of money. Terrible quality, waste of money. ",negative,1
4801,"Great product, love it! Great product, love it! Great product, love it! ",positive,5
4802,"Great product, love it! Great product, love it! ",positive,5
4803,"It is okay, nothing special. It is okay, nothing special. ",neutral,3
4804,"Great product, love it! ",positive,5
4805,"It is okay, nothing special. ",neutral,3
4806,"Terrible quality, waste of money. Terrible quality, waste of money. Terrible quality, waste of money. ",negative,1
4807,"Great product, love it! Great product, love it! Great product, love it! ",positive,5
4808,"It is okay, nothing special. It is okay, nothing special. ",neutral,3
4809,"Great product, love it! Great product, love it! ",positive,5
4810,"It is okay, nothing special. ",neutral,3
4811,"Great product, love it! ",positive,5
4812,"It is okay, nothing special. It is okay, nothing special. ",neutral,3
4813,"Great product, love it! ",positive,5
4814,"Terrible quality, waste of money. Terrible quality, waste of money. ",negative,1
4815,"It is okay, nothing special. ",neutral,3
4816,"It is okay, nothing special. It is okay, nothing special. ",neutral,3
4817,"It is okay, nothing special. ",neutral,3
4818,"It is okay, nothing special. ",neutral,3
4819,"It is okay, nothing special. It is okay, nothing special. ",neutral,3
4820,"Great product, love it! Great product, love it! Great product, love it! Great product, love it! ",positive,5
4821,"Great product, love it! ",positive,5
4822,"Great product, love it! Great product, love it! Great product, love it! ",positive,5
4823,"Great product, love it! Great product, love it! ",positive,5
4824,"Great product, love it! Great product, love it! Great product, love it! Great product, love it! ",positive,5
4825,"Terrible quality, waste of money. ",negative,1
4826,"Great product, love it! ",positive,5
4827,"Terrible quality, waste of money. Terrible quality, waste of money. ",negative,1
4828,"Great product, love it! Great product, love it! Great product, love it! Great product, love it! ",positive,5
4829,"Great product, love it! Great product, love it! Great product, love it! Great product, love it! ",positive,5
4830,"Terrible quality, waste of money. Terrible quality, waste of money. ",negative,1
4831,"It is okay, nothing special. ",neutral,3
4832,"Terrible quality, waste of money. Terrible quality, waste of money. Terrible quality, waste of money. ",negative,1
4833,"Terrible quality, waste of money. Terrible quality, waste of money. ",negative,1
4834,"Great product, love it! Great product, love it! Great product, love it! ",positive,5
4835,"Terrible quality, waste of money. ",negative,1
4836,"Great product, love it! Great product, love it! Great product, love it! Great product, love it! ",positive,5
4837,"Great product, love it! Great product, love it! Great product, love it! ",positive,5
4838,"Great product, love it! ",positive,5
4839,"Great product, love it! ",positive,5
4840,"Great product, love it! Great product, love it! Great product, love it! Great product, love it! ",positive,5
4841,"It is okay, nothing special. It is okay, nothing special. ",neutral,3
4842,"It is okay, nothing special. ",neutral,3
4843,"Great product, love it! ",positive,5
4844,"Great product, love it! Great product, love it! Great product, love it! ",positive,5
4845,"Great product, love it! ",positive,5
4846,"Great product, love it! ",positive,5
4847,"It is okay, nothing special. ",neutral,3
4848,"Great product, love it! Great product, love it! ",positive,5
4849,"It is okay, nothing special. ",neutral,3
4850,"Great product, love it! Great product, love it! Great product, love it! ",positive,5
4851,"It is okay, nothing special. It is okay, nothing special. ",neutral,3
4852,"Great product, love it! Great product, love it! Great product, love it! ",positive,5
4853,"It is okay, nothing special. ",neutral,3
4854,"Great product, love it! ",positive,5
4855,"Terrible quality, waste of money. ",negative,1
4856,"Great product, love it! Great product, love it! ",positive,5
4857,"Great product, love it! ",positive,5
4858,"It is okay, nothing special. It is okay, nothing special. ",neutral,3
4859,"It is okay, nothing special. ",neutral,3
4860,"It is okay, nothing special. ",neutral,3
4861,"Terrible quality, waste of money. ",negative,1
4862,"It is okay, nothing special. It is okay, nothing special. ",neutral,3
4863,"Great product, love it! Great product, love it! ",positive,5
4864,"Great product, love it! Great product, love it! Great product, love it! Great product, love it! ",positive,5
4865,"Great product, love it! ",positive,5
4866,"Terrible quality, waste of money. Terrible quality, waste of money. Terrible quality, waste of money. ",negative,1
4867,"Great product, love it! ",positive,5
4868,"Great product, love it! ",positive,5
4869,"Terrible quality, waste of money. ",negative,1
4870,"It is okay, nothing special. ",neutral,3
4871,"Great product, love it! Great product, love it! ",positive,5
4872,"Great product, love it! Great product, love it! Great product, love it! Great product, love it! ",positive,5
4873,"Great product, love it! Great product, love it! Great product, love it! ",positive,5
4874,"Great product, love it! Great product, love it! ",positive,5
4875,"Great product, love it! Great product, love it! Great product, love it! Great product, love it! ",positive,5
4876,"Terrible quality, waste of money. Terrible quality, waste of money. ",negative,1
4877,"Terrible quality, waste of money. Terrible quality, waste of money. ",negative,1
4878,"Terrible quality, waste of money. Terrible quality, waste of money. Terrible quality, waste of money. ",negative,1
4879,"Great product, love it! ",positive,5
4880,"It is okay, nothing special. ",neutral,3
4881,"Great product, love it! ",positive,5
4882,"Terrible quality, waste of money. ",negative,1
4883,"It is okay, nothing special. ",neutral,3
4884,"Great product, love it! Great product, love it! Great product, love it! ",positive,5
4885,"Great product, love it! Great product, love it! Great product, love it! Great product, love it! ",positive,5
4886,"It is okay, nothing special. ",neutral,3
4887,"Great product, love it! Great product, love it! Great product, love it! ",positive,5
4888,"Terrible quality, waste of money. Terrible quality, waste of money. Terrible quality, waste of money. ",negative,1
4889,"Great product, love it! Great product, love it! Great product, love it! Great product, love it! ",positive,5
4890,"Terrible quality, waste of money. Terrible quality, waste of money. Terrible quality, waste of money. ",negative,1
4891,"Great product, love it! Great product, love it! Great product, love it! ",positive,5
4892,"Great product, love it! Great product, love it! Great product, love it! Great product, love it! ",positive,5
4893,"Terrible quality, waste of money. Terrible quality, waste of money. Terrible quality, waste of money. ",negative,1
4894,"Great product, love it! ",positive,5
4895,"Great product, love it! Great product, love it! ",positive,5
4896,"Great product, love it! Great product, love it! Great product, love it! ",positive,5
4897,"Great product, love it! Great product, love it! ",positive,5
4898,"Great product, love it! Great product, love it! Great product, love it! ",positive,5
4899,"Great product, love it! Great product, love it! Great product, love it! ",positive,5
4900,"It is okay, nothing special. ",neutral,3
4901,"Great product, love it! Great product, love it! Great product, love it! Great product, love it! ",positive,5
4902,"Terrible quality, waste of money. Terrible quality, waste of money. ",negative,1
4903,"Great product, love it! Great product, love it! Great product, love it! Great product, love it! ",positive,5
4904,"Great product, love it! ",positive,5
4905,"It is okay, nothing special. ",neutral,3
4906,"Great product, love it! Great product, love it! ",positive,5
4907,"It is okay, nothing special. It is okay, nothing special. ",neutral,3
4908,"Great product, love it! ",positive,5
4909,"Terrible quality, waste of money. Terrible quality, waste of money. Terrible quality, waste of money. ",negative,1
4910,"Terrible quality, waste of money. Terrible quality, waste of money. Terrible quality, waste of money. ",negative,1
4911,"It is okay, nothing special. ",neutral,3
4912,"Terrible quality, waste of money. Terrible quality, waste of money. Terrible quality, waste of money. ",negative,1
4913,"Terrible quality, waste of money. Terrible quality, waste of money. Terrible quality, waste of money. ",negative,1
4914,"Great product, love it! ",positive,5
4915,"Great product, love it! ",positive,5
4916,"It is okay, nothing special. ",neutral,3
4917,"Great product, love it! Great product, love it! Great product, love it! ",positive,5
4918,"Great product, love it! ",positive,5
4919,"It is okay, nothing special. It is okay, nothing special. ",neutral,3
4920,"Great product, love it! Great product, love it! Great product, love it! Great product, love it! ",positive,5
4921,"It is okay, nothing special. It is okay, nothing special. ",neutral,3
4922,"Terrible quality, waste of money. ",negative,1
4923,"Terrible quality, waste of money. ",negative,1
4924,"It is okay, nothing special. ",neutral,3
4925,"Great product, love it! ",positive,5
4926,"Great product, love it! ",positive,5
4927,"Terrible quality, waste of money. Terrible quality, waste of money. ",negative,1
4928,"Great product, love it! Great product, love it! Great product, love it! ",positive,5
4929,"Terrible quality, waste of money. Terrible quality, waste of money. Terrible quality, waste of money. ",negative,1
4930,"It is okay, nothing special. It is okay, nothing special. ",neutral,3
4931,"Great product, love it! Great product, love it! Great product, love it! Great product, love it! ",positive,5
4932,"Great product, love it! Great product, love it! Great product, love it! Great product, love it! ",positive,5
4933,"It is okay, nothing special. ",neutral,3
4934,"Great product, love it! Great product, love it! Great product, love it! Great product, love it! ",positive,5
4935,"Terrible quality, waste of money. Terrible quality, waste of money. Terrible quality, waste of money. ",negative,1
4936,"Great product, love it! Great product, love it! Great product, love it! ",positive,5
4937,"It is okay, nothing special. It is okay, nothing special. ",neutral,3
4938,"Terrible quality, waste of money. Terrible quality, waste of money. ",negative,1
4939,"It is okay, nothing special. ",neutral,3
4940,"It is okay, nothing special. ",neutral,3
4941,"Great product, love it! Great product, love it! Great product, love it! ",positive,5
4942,"Great product, love it! ",positive,5
4943,"It is okay, nothing special. ",neutral,3
4944,"Great product, love it! ",positive,5
4945,"It is okay, nothing special. It is okay, nothing special. ",neutral,3
4946,"It is okay, nothing special. ",neutral,3
4947,"Terrible quality, waste of money. Terrible quality, waste of money. ",negative,1
4948,"Terrible quality, waste of money. Terrible quality, waste of money. ",negative,1
4949,"It is okay, nothing special. It is okay, nothing special. ",neutral,3
4950,"It is okay, nothing special. It is okay, nothing special. ",neutral,3
4951,"Great product, love it! Great product, love it! Great product, love it! ",positive,5
4952,"Great product, love it! ",positive,5
4953,"Great product, love it! Great product, love it! Great product, love it! ",positive,5
4954,"Terrible quality, waste of money. Terrible quality, waste of money. Terrible quality, waste of money. ",negative,1
4955,"Terrible quality, waste of money. Terrible quality, waste of money. ",negative,1
4956,"Terrible quality, waste of money. Terrible quality, waste of money. ",negative,1
4957,"Great product, love it! Great product, love it! ",positive,5
4958,"Terrible quality, waste of money. ",negative,1
4959,"Great product, love it! ",positive,5
4960,"Terrible quality, waste of money. ",negative,1
4961,"Terrible quality, waste of money. Terrible quality, waste of money. Terrible quality, waste of money. ",negative,1
4962,"Great product, love it! Great product, love it! ",positive,5
4963,"Great product, love it! Great product, love it! Great product, love it! Great product, love it! ",positive,5
4964,"Terrible quality, waste of money. Terrible quality, waste of money. Terrible quality, waste of money. ",negative,1
4965,"Terrible quality, waste of money. ",negative,1
4966,"Great product, love it! Great product, love it! Great product, love it! Great product, love it! ",positive,5
4967,"It is okay, nothing special. It is okay, nothing special. ",neutral,3
4968,"Terrible quality, waste of money. Terrible quality, waste of money. ",negative,1
4969,"It is okay, nothing special. It is okay, nothing special. ",neutral,3
4970,"Great product, love it! ",positive,5
4971,"Terrible quality, waste of money. Terrible quality, waste of money. ",negative,1
4972,"It is okay, nothing special. It is okay, nothing special. ",neutral,3
4973,"Terrible quality, waste of money. Terrible quality, waste of money. ",negative,1
4974,"Terrible quality, waste of money. Terrible quality, waste of money. Terrible quality, waste of money. ",negative,1
4975,"Great product, love it! Great product, love it! Great product, love it! ",positive,5
4976,"Great product, love it! ",positive,5
4977,"Great product, love it! Great product, love it! Great product, love it! ",positive,5
4978,"Great product, love it! Great product, love it! Great product, love it! ",positive,5
4979,"Great product, love it! Great product, love it! Great product, love it! ",positive,5
4980,"Great product, love it! Great product, love it! Great product, love it! Great product, love it! ",positive,5
4981,"It is okay, nothing special. It is okay, nothing special. ",neutral,3
4982,"Great product, love it! Great product, love it! ",positive,5
4983,"Terrible quality, waste of money. Terrible quality, waste of money. Terrible quality, waste of money. ",negative,1
4984,"It is okay, nothing special. It is okay, nothing special. ",neutral,3
4985,"Terrible quality, waste of money. ",negative,1
4986,"Great product, love it! Great product, love it! ",positive,5
4987,"Terrible quality, waste of money. Terrible quality, waste of money. ",negative,1
4988,"Terrible quality, waste of money. Terrible quality, waste of money. Terrible quality, waste of money. ",negative,1
4989,"Terrible quality, waste of money. Terrible quality, waste of money. ",negative,1
4990,"It is okay, nothing special. ",neutral,3
4991,"It is okay, nothing special. ",neutral,3
4992,"Terrible quality, waste of money. Terrible quality, waste of money. ",negative,1
4993,"Great product, love it! Great product, love it! Great product, love it! ",positive,5
4994,"Terrible quality, waste of money. Terrible quality, waste of money. Terrible quality, waste of money. ",negative,1
4995,"Great product, love it! Great product, love it! Great product, love it! Great product, love it! ",positive,5
4996,"It is okay, nothing special. It is okay, nothing special. ",neutral,3
4997,"Great product, love it! Great product, love it! ",positive,5
4998,"Great product, love it! Great product, love it! Great product, love it! Great product, love it! ",positive,5
4999,"It is okay, nothing special. It is okay, nothing special. ",neutral,3
5000,"Terrible quality, waste of money. ",negative,1
