feature_0,feature_1,feature_2,feature_3,feature_4,feature_5,feature_6,feature_7,feature_8,feature_9,target
0.7465816202933544,-0.3521011635883966,0.7712519487101926,0.7953458614089384,0.9031025132994137,-0.026760351780248492,2.4329595621299775,0.6343826162634776,-0.9944076945632956,0.29678835574747264,0
-0.4853265306250557,-0.5240193952916877,1.1727434154676746,-2.341144415878782,-2.0273039100713657,-0.20578552395146305,-1.806163261047714,0.2939946014208708,-0.8371638588589475,-1.1956288312895853,0
1.6400854486481469,0.7680923792188414,-0.37485305916593936,-1.7469245863267546,-0.23965755914339648,0.2241144723342779,-0.9753795415945394,-0.3268779480813859,0.48990061164512166,-0.06593070565327203,1
-1.3927532070260662,2.157930857053495,-0.565176339719412,-0.593145536529341,0.16474779143394347,-0.7178172655616414,-0.4015263700082642,-2.44683287817003,-1.2593483167319128,-0.10896751846791136,1
0.4612528768128094,-0.5935450311053994,-0.2805268682578798,0.1408198817397972,-0.539336469393118,-0.30606455409341193,-0.11824095243061472,0.21286998802828294,0.3292423320910046,-2.088848472953391,1
-0.43126437626670655,-1.021136028242545,-0.34293182064719663,0.33300575810698735,0.2934829393962487,0.613130163729366,-0.6944844020724404,-0.6463379953254295,-0.273783222924344,0.5154425563518594,1
-0.03694409895100603,-1.2245865409388557,-1.2403487288400772,-1.2537816905655421,0.4345825197478391,0.8771707641597559,0.41970440852027624,1.4935387052680689,0.4142956261097933,-0.9168050737942879,1
0.41770665978150057,1.7402283976449526,-0.0917608156103685,1.7803203243038008,-2.796557336991238,-0.7537503270737017,-0.009662863346290532,0.04346053369379138,0.10709021849470354,-1.815734559589493,1
-0.35533735850513554,0.2606196832363381,1.5633139118628885,0.4535081350584773,-0.38735260119935594,-0.1467696090570203,1.0178050236276495,-0.33710889489781537,0.0830620742078565,0.9668952140029995,0
0.2800401716947337,0.9467216419503522,-0.42909509981609095,-0.4432132870653758,-0.028135405406027547,-1.882465578569605,-0.6589058236559395,-0.33953213612499566,0.07562448949263614,-0.38545658621662016,1
-1.4892415011273452,-1.0686861535171837,-0.19174650852795652,-1.3205786700104771,0.08700229878010649,-0.3033297044763696,1.466817930083612,-0.3120050259424403,0.5444489932052652,-0.30538843998327125,0
-1.7064242534772143,0.5436978506081542,0.9502374149274035,2.578821616055152,-0.743333731938434,0.9271616639317415,0.7209659495503178,-1.198599493503611,1.8021416277555107,0.9185822765831149,0
-0.03855945583450571,-1.2248883200143048,1.1502116330356906,-1.5836923328260029,0.12012840695416405,1.7081113500494638,-0.3175693371138172,-1.4346386168952443,-0.26236241532254306,-0.19295114172200695,0
-1.829404856201696,0.2687322545692934,-1.2629962105830776,0.6923101441482964,-1.4384012671901574,0.6206672667732379,-0.983799392586898,-1.2161497689180156,0.7800836156694324,-1.7992155228888889,0
-0.3348899904790362,2.043158382186315,-1.4706241472123622,-0.5834761284671666,0.2357291340500208,0.7103470143085234,-2.2711847032020183,-1.146630732235523,0.998352624685828,0.08556094773985606,1
0.10446141445482754,0.06784722379055924,-0.4872976605070788,0.10752237451768873,0.18825984998789017,-1.1190606917986448,2.8864417059250718,0.3440272584094196,-0.8410107386272334,0.7892862461105055,1
-2.2544995952691314,0.6017347020661727,0.5821079975587475,-0.3323147834100315,0.330185926395534,0.6601910097841347,1.320306322422579,2.0369966414402256,-0.2434996491489775,-0.9516913377169764,0
-0.9512652392688699,-1.485859578575571,0.011836537755442508,0.8668958962027804,-0.15950404164643145,0.8363755798846905,-0.03872948295039651,1.6098562624360495,-0.5328723544568945,1.9658960024906238,0
0.06554899297223138,-2.016350949573657,-0.6828632910438988,0.6813010909476709,-0.23073078957617382,0.3654683587699779,0.3922039109591324,-0.08708037161428946,-1.1074276655112532,-1.7564444577487572,1
0.20822976100377422,0.23099041276633447,0.710527519840794,-2.053302685451379,0.9770695338038085,-0.8094824238526137,-0.651163048459736,-0.17562320557633215,-0.025302369009519016,-1.2105775092883322,0
0.6605963151503194,-0.4200021710844015,1.0676546282323665,1.1464083211016864,-1.7083207098646653,-0.9933531599003972,0.18297152205842915,0.7911723781619053,0.6970239431778696,3.961222979341522,0
0.9020844060615685,1.759159505169341,0.4582476822306438,1.7624574851273254,-0.11870733583568863,0.508396437310376,0.3769769838957493,-0.4443456275938754,-1.0909077805815584,-0.17303779868208702,0
2.035732662475934,-1.3247966333516166,0.6298659469790295,-1.5626718882401558,-0.440138865264541,1.6720151901681302,-0.09700594625611406,-1.1802574929381286,-1.0596436742316655,0.46924581560950696,1
-0.4677878823364714,0.5807867646273686,0.8954873421579339,-0.7036307132880364,2.0120600229643113,0.8325003205547233,-2.259572061682337,-0.13391008067157467,-0.4999902692676407,0.656521658660848,0
-0.9372830099655762,0.18810816910829983,0.6600449780690294,1.8660202435090958,-0.7393869702576716,-0.7181727556991627,-0.6748259148629971,-1.3397432025818896,1.2789590464842995,1.036093260442975,0
-1.399765069302963,0.22480878279527916,1.1485518796946725,0.2966208541652665,-1.920636490071366,-0.48237483789196456,1.0686396282562973,-0.358428453709382,-0.024095714587077155,1.3878608155825742,0
-0.9951027978522656,0.16962450520947592,-3.5013635892532826,-0.5159192730668684,-0.9161831782300851,-1.8647582770617106,1.1476527151990485,-0.8421740122917449,-0.5585844958180641,-0.34345459476487494,1
1.343070671211983,-1.3498623717643008,0.6246386733824845,0.09001553703222401,-1.0495578740961538,0.2091749568122782,-0.43410964853946565,-0.15594466232207005,-0.16459696074076113,-1.8526635513061578,0
0.2915274767031612,0.8525917649120156,2.0524800518334727,-1.0311993834646012,2.2022423189488243,-2.195524193632373,-0.3937775498394121,0.9262430314851895,0.2026027102679786,-1.3413392636054235,0
-0.3802191051720596,-0.5201244516643759,-1.5846900070745997,1.2229896911677869,0.357336583442031,-1.374307677371482,0.7508797089565713,0.2561595612852989,1.2858342611341314,1.0882096590645491,0
-0.28995324329631367,-0.3722372813009638,0.420559040196407,0.15676150499971314,-0.371256009623226,0.0843935230449589,1.265094242017836,-0.07708846502903277,0.4199236532883297,-1.2140673082209616,0
-0.8140057886025415,0.6108894404886647,0.337063208976238,-0.5893584939244222,2.0902091470414135,-1.07027201697564,0.3950810391680983,0.018931362821372255,0.6190031699431048,-0.8649848708681271,0
0.7003659470445022,1.1257060008383126,-0.9089289618544737,2.1060130006185274,-1.4628755185076658,-1.0879798513941754,1.2711938259317557,0.5483036930233622,0.9468921571813457,0.794101366840571,1
1.5944069259698594,-1.3480845843689697,0.7422568297008081,-1.1033196665229483,1.2388433184195158,-1.4467715419717044,-1.0816740011402521,-0.08535226599190573,0.5328870094055742,-1.566291615871981,0
-1.0281648199703337,0.9820460692947357,0.7594388429270083,-0.026712243780690814,0.7050634062756524,-0.6404016701378767,-1.6452914271586787,-1.3919272534372904,-1.0840373577366884,-0.1510134527370689,0
0.9613976357872085,1.5305181419270433,-0.24432721686698888,0.17851550327367843,-0.026512568165861335,-2.0921644009398106,-0.32626425788037294,-1.1565085861918418,0.178805013950322,-1.0791971994971787,1
-0.24322677729520858,1.6582569814118433,-0.6501033460509109,1.0637289927295148,0.7742417116071674,-0.531628803939715,0.8511271775398238,0.14271354187676635,0.2709778035192867,-0.8055171200857529,1
-0.13232830753675348,0.700089189629453,2.213154049681548,-0.7505269670743057,3.087323359502593,-1.271373141605718,0.9685314020573944,-0.6751729047790056,2.9355217317542297,-1.4996805839455818,0
-0.27855674396480445,-0.7199818313005587,-2.2052514361560487,-1.1553551335759091,-0.1495488181854766,0.0766594833892881,0.7005921979600289,0.843031480432215,0.5048031608364478,-0.4515507882878013,1
-1.6873506608215894,0.6725475913024854,-1.6511654992593503,1.442608118497367,1.435812112521775,-0.3837919143903932,-2.275137826272865,1.9154432303194737,0.1381926684316503,0.2305708120017318,1
-1.7460165702074741,-0.41275086524846805,-0.050340110489789903,-1.6147452047736326,-0.41830974535343995,1.0016252869982338,-1.1083323717900424,-0.11463971097747507,0.6302473637832323,-0.2776798883232783,0
1.0798235650394747,-0.954845190189344,-2.3459403450160083,1.6265414138386318,1.2354128129453006,-0.5815746959683775,1.8283869789801055,-0.41701731982002105,0.8699981266892114,-0.4414333923173063,1
2.2586609365603505,1.4963548566709857,-0.5388109071413103,1.3234438720865138,1.4802405991739662,1.3248035728735263,-1.7523862540689965,0.706135261100793,1.1542049386232458,-1.343034895128525,1
-1.3450166509287238,-1.5987280145723906,0.09441299399437664,0.5685021256039622,1.912509846189105,0.5391851728934536,1.083054719475157,-0.8999239872566718,-1.7633706317664672,-0.179274947588489,0
0.33009113664089285,0.5879090908646974,-1.4482166504472995,0.14904411665889464,-1.169674738376924,0.6175233936721859,1.7158301986595592,-1.2822731934976688,-0.7374580108544277,-0.9079937534049792,1
-0.5160211880633414,1.4795198331395378,-1.7213996499049913,0.14711368373171346,-0.7311290108445002,-1.295207744129694,0.41345752157704413,-1.6927370201551615,-1.0352417351113956,-1.5363198188449854,1
2.386222735176605,0.7614988751083723,-0.4385290932761141,-0.44286675484495225,-0.4224224613766731,0.5650711334339698,0.6285978110873606,0.03460509109448284,0.566515988076459,-0.8607114924938506,1
-0.3108176549867525,-2.644292994712929,-1.9929770739410542,2.014865355862068,1.7430815159624249,-0.0913821752741549,-0.0632034469668663,0.16161236246679261,2.767867537941115,0.7067477071025494,0
0.10573865059427959,-1.124472431165922,-1.2601294411520418,0.5638321065015638,-0.9738571788903502,-1.1952746180324159,-0.8776715957219193,-1.4755030556293012,1.15700922583911,0.924625965421529,1
-0.3789687247887611,2.1690169467085143,0.890360644829323,-0.6238223526914966,1.644879728221326,0.5481980619978988,0.14961916022525434,0.7908760289678013,-0.9779104045782776,-1.4822475518101657,1
1.0896435143198635,1.3196182524162086,-2.298515869447751,-0.10600993786237123,-0.801492100188474,-0.959606730859031,0.1350345144089401,-1.5986188756769333,-0.6192107127769961,-1.7481620832102536,1
-0.05219823214135033,-0.24939942223202638,-0.27872810333105275,-0.9249629953967199,-0.8876660072432948,0.22916280928119814,0.7103455655090006,-1.4274059892922253,0.48991570500737247,0.010182770026787802,1
-2.0434869095316808,1.5644796428604915,0.4266752029732671,-0.10993261342398308,-0.1595328396030682,-0.9981107878261637,-1.0959837019727736,0.014673556257668655,-0.7052450660038625,-0.861963149990711,0
0.8443425361800511,-1.5423122801019689,0.1723983313162487,-1.617065909880747,-0.8937459105050225,-1.1496535588456491,-0.41530261743111335,-0.8333878580589807,0.8817485592357792,-0.4503088949921359,0
0.5554051000978373,-1.665964915636255,0.6577293231727829,0.5498356034059572,-2.0882194377195704,-0.46667402624208787,0.3022112629950529,-0.4500592223586657,-0.12273519512450348,-0.7950819681458252,0
-0.0138258271774781,-0.31491193422533875,1.8921148015687326,-0.620107138189512,-0.1164085127388913,-0.04616528462763286,0.5398458277018855,-0.8645656092738039,0.900517266968176,-0.9960450517296279,0
0.09510207227866374,2.080481892707006,0.525866821858864,-0.5356411526569621,0.5194149231916442,-0.07092826881783176,-2.487147865592941,-1.3400100648648348,-2.2617638469274,-0.7158996258841475,1
0.0906812428317019,1.7078072597078306,1.5862284018764283,-0.3416410883530664,0.779192858834164,-1.5426380171840401,0.3480569106535875,0.7215035781649907,-1.5453655435883398,1.2407459841510544,1
0.8258837207043324,0.25738570145829537,1.1485504504565331,2.5041327195565257,0.28724679680878845,1.2672999380345618,-0.6965933560329436,-0.5007270886474818,1.4174424235903609,-0.3339304787085512,0
-0.3096304723679619,0.92990469095995,1.3142499992731675,0.8636530552956749,0.5343248433654687,-0.02013088219223247,-1.425590568386188,-1.0948695252323986,-0.39095895569150535,0.15269828068563798,0
1.5486400337203317,-0.8702877026665704,0.388996330910176,1.732203103943574,0.6126432531591771,1.0001869856937287,-0.10481155828620081,-1.1940103143192253,-1.2860922935162922,1.7013073034308372,0
0.48593560254061374,0.15653896017802416,0.22959020446911915,-0.9800917115299648,2.746381902042779,0.20267736147996196,0.3419498986636747,0.5397254398110227,0.19529225548610912,0.6113021753379516,1
-0.06538160579016428,0.2127185833398409,2.0396079832728535,0.6408828441810577,2.49554452422198,0.061796929548731616,-1.2815071866186298,-0.30223638897880567,0.6603563896940906,1.182153191825114,0
-1.3760687902932127,1.0364476129150708,0.13044814896689624,-0.5011739662544396,-0.8626798588712019,-1.8536124935196083,0.717683517277458,0.12525662682702018,-1.5825276140164222,-0.16092681169339085,0
-0.863176380204524,1.9189486521372747,-0.10822483555797344,-1.1226834164587434,-1.4960212117072078,-1.116193428099456,-2.9711116337270695,0.4058274732624473,-0.3629514723085313,0.543803856159744,1
1.8568498014252819,0.7060613761297571,-0.03385905806028475,-1.0105297138531184,2.8245622951995197,0.8173077701439683,-0.10115976317503078,0.030962616575722,-0.29463489223660033,-0.770697442793315,1
-0.5773698201554325,-0.49539884124931266,0.3119473042806103,-0.25574861126137277,-0.5856684824447852,0.9488670580622748,-0.4110178622426095,1.4091745648981544,-2.5093452911249554,0.49955470752596864,0
1.5900593742909546,-2.0376676831143974,-0.2975765305913512,-0.10004111674054728,-1.2195581231241677,-0.5722968281323674,-1.3054163815922044,2.5370075682801243,0.20460085575139886,0.9287649040047022,1
0.44542136762577733,-1.4893899213574453,-1.3978200458100118,1.3114022225220794,-0.9008768423584932,0.3973240712548206,0.10826236918138848,-0.45508338782282454,0.5654607170490132,-0.03577956106094837,1
-0.35234578129766186,0.8431764012671834,-1.5671557414391317,1.0937325520294638,0.18196533367808565,0.3927230588861118,-0.031192972181250445,-2.0025945238852385,1.1865544852577428,-0.40828983735673163,1
-1.3131322525696205,1.1763648494132144,-1.3572983378136985,-2.403053929177568,-1.2181109478112302,1.3505074302038196,-1.4777811408877264,2.3606134361915316,-1.6809080718543195,2.0300748809188183,1
0.12616545148518088,-0.39477954407878235,-0.37285809110675394,0.7231436217761413,-0.6679480174883246,0.9411562092374723,0.019560625986952546,0.00920527082419545,-0.7011655280251615,-0.7232608335628484,1
0.15567088394404513,-1.8490294012741733,-1.5845658235810949,1.0679302460594293,-0.5134447620348855,-0.04378673120129395,-0.8784312046827227,0.3144585939518829,-1.6675603441499396,-1.2232334977661279,1
0.18487124259274762,-1.69087866484089,-0.30101527146591367,-1.2116363740866443,0.2313674210337574,0.4131800493544805,0.9940502618815097,1.0539019590440153,1.6799461622232352,0.6575967899572831,0
-2.1959382649094903,-1.363464332822929,-1.62309472268671,0.5324521838510687,0.6214441427720184,-1.599638272952279,0.6997789102113942,-0.41576117789580797,-0.39197335612750117,-0.2885295875586309,0
-0.8750651332683956,-0.5866039976766091,-0.9631175509649096,1.279854844645349,-1.2260702004915622,1.6897208360959008,-0.41997443792646794,0.14261257919524806,-0.9769860932930164,0.11032478322533701,0
-0.7142209927592448,0.3470776317287726,3.2055441013605206,-0.4421309097408136,1.345731692930142,0.16643804454454492,0.34001292178242476,1.3860681510030417,-0.576268163156226,1.9048352285727164,0
1.0264822462125556,-0.5429355598341421,0.8742229435486335,1.4823975213239127,0.09589953549591912,-2.230527074744288,-0.4227239267209392,-0.32415683866695794,0.35712205423106064,1.1645091831295078,0
-0.7474988377398992,-1.7538619599383813,0.31762630965494054,0.09873064627900319,0.3233080883174311,0.441441442552328,0.6146249248561504,-0.023835749187427924,0.10214626531620266,-1.2097508503291705,0
0.6339909147239311,1.5065603282143347,0.7410107375856771,-0.8260736836851884,-1.1221078354201184,0.8997240717755179,0.5969986286587854,0.5549857191938987,0.045778995764550835,-0.05633574397879262,1
1.2082627982573766,-0.07028074032316678,0.6282845527656034,-0.6141514243866908,-0.34341629879764396,-0.1434891677689833,0.954235078464778,-1.3718241285108963,1.261478852017513,-1.2161416317141458,1
-0.45313591471868253,-0.8649759246194819,1.716538526590181,-1.028813687291396,0.9626167647153515,-2.3963320269487483,-0.07920302201251828,0.782759162275545,-0.12053688179985209,1.4060544058977902,0
0.10754410167820039,2.3884271853838253,2.2951407164249895,0.21770376177209466,0.2864709193698071,1.2152520938744926,2.1961188270865257,-1.6107030050637503,-0.2713339681956196,0.5209461088116407,0
-1.2947923109205393,-1.0138466874394232,-1.1018536517159547,-0.03356545079193318,-0.8305244991647974,0.03871317926555723,1.971659013352927,-0.8394084928676155,1.5777573672606353,0.1271420605152967,0
-0.2854020892638581,0.9655518266145329,-1.7825144316674386,-0.6261853384189808,-0.13930239383294604,0.5323987871142555,-0.11664565206917238,2.542490339202166,-0.6084762782754122,-1.4610520652804446,1
-0.8929801183745478,-0.08495820797118664,-0.39412991930450125,0.840789458361541,1.7299554143475775,0.30684082108797717,-1.0445841501748876,0.8421332721882241,-0.2604213831507061,0.39423963962085096,1
-0.363475879778233,-0.6904108502904701,2.091817522838663,1.6568564796700311,-0.006017860425246657,-0.110272321025921,0.8889717868818539,-0.5617971699530767,0.4543985011110845,2.7969238297825556,0
1.1490426274553742,-0.993184208425514,-1.5829110779911049,-0.38939904681853044,0.13900325002790612,2.061198656371281,-1.5987535269438744,0.10441748924624926,0.38625166095014085,0.011204852301379908,1
1.7182299600525113,-1.4178200975813366,-0.16407721663686214,0.5793540440981224,0.08141128856104374,1.874198062145768,-0.036357780895278524,-0.13349360744237315,1.7976182959735278,0.9243542440716449,1
-0.1510312283221671,0.28082620686598136,1.3116555396755232,1.3643060770771365,1.801378064261039,0.35181262227962967,-0.3071351160475272,-1.0792591737746906,1.5135346240419856,-1.4720204230744036,1
0.4687028731693338,-0.8289586767909056,-0.014688796662049152,1.757665545771107,-0.02749305704467714,-0.3233925839423678,-1.3585661191738923,0.4250109311462584,0.17457617507617823,3.0965493958393218,0
-1.2352007498060038,0.546079392963743,0.1815837492265686,1.1645359553779064,0.07840491062333757,0.29622397024392655,1.2681615493627345,-0.3806419645883462,-0.7045032398367477,0.6998912000851913,0
0.9711508391533349,-0.7531387602909447,0.7403711460999168,-0.41902493363992,0.8894805998506441,-1.6986826939180737,0.05272041611896805,0.4548179157490538,1.4636618421043452,0.12605472837794962,1
-1.1973135643431756,1.7627806486853637,-1.487281748908186,-2.246247446627693,0.24288069032331736,-0.656454383429317,-1.0782167732478283,1.4384953234567481,-0.8577470195156929,-0.214592202005838,1
-1.3236870332187989,0.8415565918575377,0.44710364951219117,0.15172804317482025,2.321740511444881,-2.018183239351821,-0.4785554402632053,-0.619847220176777,0.009257008945269096,-0.45376850679674174,0
-0.5267375702898396,1.0315888717267778,-1.2172011283072164,1.6516435953134547,-0.3127469930986329,2.102679484127631,0.2660948722413977,1.0220086533856434,0.4941319405736342,0.6214767595727178,1
0.8188225685584083,1.7914364212618419,0.5659066931761382,0.4719692292013882,0.48978358337977446,0.9450479632501416,-1.2681649277547926,1.6552314233956331,0.1565426507314918,-1.9419042181222126,1
0.08918942795943825,-1.3734338866378324,0.7058627662504021,-0.16670558267143887,-0.8679804611006079,-2.500373807162573,-0.2629938988479141,-2.817674967091666,-0.3724766135251971,0.8564082689557111,0
1.2981137595996515,-0.2318797518136032,-0.7382918097207635,-0.5507586007052272,-0.0931566346292904,-1.5345000578337284,2.0232508441075066,1.037938097387482,-0.1622590553538947,0.707416774343581,1
0.21631551845663055,-1.5265414647992932,0.6531207569091187,-0.6119098585372574,-0.8718525783400709,0.196173012595857,2.5160643696187988,0.7049451235805366,-0.889896099916749,1.0058667453520735,0
1.6851924155239142,1.353110779878861,0.40900112339459044,-0.5435535278834333,0.8305194013114581,0.7446079192834042,0.17042952387231292,1.3000120242129172,1.2745421399287047,-0.9583029033902792,1
1.4099510547592173,0.8568946502910897,2.220399273425264,-1.0552160541196216,1.0987176141240445,1.430357384636313,-1.520875966995435,-0.3154291041541841,-0.6136117793971891,0.9453859973647687,0
-0.08531836064829168,0.23048529351010716,-0.08688547716063302,2.0321985109599243,1.5709108421913263,0.14002686350894045,-0.1463470608398331,0.4792083156273351,-0.2473467049226553,-1.3972837537025322,1
0.4901931329975785,-1.7137996802722129,0.11300708378820545,0.009803171719332537,-1.0683027678399524,2.065088838908929,-1.637074282551937,-1.0621080017620543,-0.26580549537014614,0.9842252730227545,0
1.6493837492343704,-0.8357121242805173,1.1171593229477064,-1.0964585849226458,-0.21688345360995553,1.1062427457099808,0.23485154451322932,-1.469891395936827,1.5532790877642888,1.4769157939359752,1
-1.2979715619468062,0.4433890313775034,-0.36710927048654046,-0.05404691222998814,-0.5522351014808855,-0.5674516259823384,-0.6302057848991227,1.030643906851097,0.9408735749020019,-0.8604588412980618,0
-0.30511964244425427,-2.5837588100107225,0.6776618674932681,-2.059261026293818,-0.29713996151589983,-1.081040585614587,-0.7839114779596387,1.039905077477612,-0.4335485111614211,-0.4999504558314227,0
0.26718672693687595,0.13134887822217006,1.6923555141662636,-1.3897946669754913,1.2084643614155404,-0.1749027568802759,-1.6009186820194012,-0.20973507420493184,2.628483699818989,0.4733453214307484,1
-1.4702864488634784,-1.0007051608821707,0.17699569555688877,1.8372191757748886,1.5478912951451984,0.7935982727164644,0.7037706395920442,-0.15046940294304087,-0.4821758565406675,-1.2285900798591696,0
0.06727088137104845,0.30953934661640903,0.2439648277347859,-0.723842730213548,0.2773622941893866,0.41789706093429835,0.4802457239553467,-1.890532116577861,1.7372626345855473,-0.4980554561497702,0
0.8938209840727533,-2.616147274695492,2.48325924793557,0.2622878273523098,1.4701416385771449,-0.38015957155502866,0.9933581156892205,-1.6306228067544892,-0.851187460909246,1.066406193302573,0
0.30747488710444143,0.8147246972074724,0.25988250982437977,0.3056969083655808,-0.7272936461939816,0.30445348696095986,1.9899174987583275,-0.6414734732013623,0.1887161221716239,1.991578675955003,0
1.503083882820608,1.061162758976748,0.6144442886464933,-0.20384285607702013,2.262751120898158,-1.3016770560301507,0.5532239683764351,-1.2535716253799207,-0.05175916087997016,0.7108691857960345,1
0.8315326497363222,0.1018536942355523,2.1145895729053263,0.5277546167055093,-0.3884213278462805,1.9187275100908874,1.009301448655458,-1.7815901568064691,0.26118334587493414,1.064003820370709,0
-0.7909163351596145,1.790388638968184,-0.5767972798347202,0.0880400267487681,0.9320016784842582,-0.4256710691516013,-2.1063032617836335,-0.7563063862539177,0.8943473733400801,-1.2531650437901605,1
-0.6270259599491619,-1.809049613016072,-1.8259460878358986,-1.4946355631853518,2.068111696494215,2.0240747943706063,-1.3075689155804266,2.786505069116613,0.6507691166135767,0.1959812403666486,0
-3.0195772802414953,2.175925007194241,-1.1958692218535163,-1.1682766606375383,1.3077245669215125,2.2251373505166794,1.133140556276286,1.4533999303460068,0.7333530251657898,0.6156783485838405,1
1.0279556068563898,0.592606594457643,-0.5725085168129685,0.18054400203401222,-1.5071708543880222,-0.6031016161166096,-2.1860980237418564,-0.1629272363783264,-1.207141097167073,-1.2036675230614027,1
-0.7675169664274901,1.3539411635250187,0.36767273596336736,-0.42874421829625553,-1.1894480853415765,0.8118655044674503,-0.6349639790076986,0.4366136886693676,-0.0387566221857335,-0.6818211921458375,0
0.5885105216780744,-1.2416951984928983,-0.5190549934657395,0.06381081413503403,-1.7540833404547238,0.38658839558063085,-0.23259735791620723,0.9965276199875633,-0.21200957057706266,1.7918784205768141,1
0.7891243538112548,-0.24449125354765688,-0.7724459745812816,0.8493965364788444,-0.2729979301291543,-0.22323770077513005,-0.5210115012501346,-0.11019763175007191,-2.233293296463337,1.7783630536248167,0
-0.24798995917535915,-1.242395671311936,-0.8186113972979548,0.5869284861172902,0.05671280169677556,0.622503356754503,-1.4587319354907762,0.695012413530743,-0.716017906223158,1.5520517230400062,0
-1.221834613998024,-0.33109569627795565,1.0949187740165296,0.552942495118327,-0.5426183204967618,-0.4198978157067428,-0.18578540529139095,-0.6845066833814929,1.6338715295149533,2.7920944972398596,0
-0.7581232867272231,-1.5270573406864083,-0.6497470361907083,2.4994004101787213,-0.5590516887903239,2.22971333489354,1.2296356445234515,-1.3959586531710184,0.06540911647423886,1.9065039668812376,0
-0.4008823123338168,0.29261115678731786,-0.5608866675513507,-0.20690369572365286,-1.4421069142127814,-2.469131296348067,0.7106947150410493,-1.1678666388676464,0.3025813143745959,-1.4887006099038351,1
0.4942889580773971,0.5966670711228081,-2.46966886791604,-0.1418792305638406,1.5295008841376434,-0.8238916886435814,1.547527468645837,0.12061936459742234,-0.42067639025506004,-0.7965802949951878,1
1.5331759659598074,0.3021932693561612,0.4590184640376905,-0.5057229042643743,0.4846926644211258,-1.2961872769456333,-1.0563537599393837,-0.6984325934018107,-0.007587043579644792,0.9584837805661317,1
1.5706346233416266,1.0336558369668836,-0.9452756965996577,-0.23132602777651,1.4930204448651057,0.3496328795664567,3.2647597390350085,0.8766954505099174,0.5456053108771892,0.21948025417269823,1
0.48743982837512045,-1.1928782898472974,0.6497317340907103,0.6469176420705007,-0.6220047052710493,-1.609588447460269,-1.5406462739746645,0.2974322157175958,-0.2545249878745254,-1.3278555530261063,0
-0.3347899242888997,2.654435260315079,-0.23701065178879763,0.9644978166733906,0.3751740836225532,-0.7382655199152177,0.4322737819400855,-0.7148574047577185,-0.008316674173280247,0.06057038492873901,1
-0.2697077742892337,1.1032880601598296,-0.6105373985296987,-0.9155581933493978,-0.6483259840505767,0.1113893431248767,0.037215683608879994,0.48718258009997345,1.4824811325847704,0.4566643564364915,0
-1.2159822582306723,0.5388013049342084,1.567014876828089,0.5880649361956976,0.5305399757418997,-1.3128169019628158,-0.14408099615086578,-0.8350470052796045,-0.35067218420958823,-0.7014382396256684,0
0.5136912528231132,0.15314178210970292,-0.9487877110528092,-0.25665629380611016,-0.1715589564591818,-1.1961482363210727,-0.5686398233815824,0.07935503608950248,-1.242227569883668,0.0367708752358723,1
1.0643480547928597,0.9428861337655297,-0.5346227174464961,1.1623412756826237,-0.3270393157962025,-0.3340453550923912,-0.9890307355760932,0.26334801617106884,0.17260997288068347,0.47092632119120736,1
0.40336456867528964,-0.77305465732098,1.5823508783802587,1.0498497447484367,1.3464109375573479,-1.068412983395929,-3.0745246539234796,0.620396010612672,-1.1679236519011802,-0.9978022467347292,0
-1.2148005653431095,-2.9995317225250564,0.5465299067217029,1.4467559852203444,-0.5777130284001083,-3.322669450676242,-0.8226763740387463,0.6993621755330623,-1.395514753181356,0.4093262316281672,0
-0.101440032926232,0.19641210342458404,0.18229115098777185,-0.9390976254349745,1.7101579324541427,-0.3934655998595341,-0.0029334029765790623,-1.0058771438069833,0.6936996561533154,-1.2613011795957214,1
-0.3652586011348945,1.232992400169603,-0.7199836475272388,-0.9245839150908142,1.3627212825984056,0.38347323178737,-0.5050219399940497,1.3909150233988714,-1.1030423158965403,1.906698557461382,1
1.614111231874967,0.2508148865242289,2.5599581078229665,-0.13018329522692612,1.9585995989275902,0.6921757048828374,0.9708996951352442,2.1680166896121227,-0.005149276702725851,-0.5090299909389757,0
0.5192191043511617,-1.0321083637647965,2.1676376134613555,0.6199726082834032,0.004056266958567756,0.42464553130687244,-1.447448078607273,-1.801097659017513,1.1767164737920477,-0.3797498964680836,0
-2.126317199804774,0.503150629931931,1.1382951832283514,0.2616199351582673,1.3762560456379662,-0.28469917413645957,-0.5147410551239044,1.4872346070208,0.3230760831060084,-0.6604601811955256,0
1.1425989545140767,0.8959705846233457,0.12787048266981432,2.0839142176972927,-0.22374021545760742,0.9248164587036871,-0.4028059307028747,-0.026183858893286116,1.3917700753837892,0.8016100149985159,1
0.37583448497034133,-0.15200623914442057,0.02818438949287222,-0.5164876543485399,-1.577580207964218,-2.53300853056031,2.7317537005714763,-1.2235067098426795,0.15553423366688574,-0.6237989151901366,1
0.6350444942934586,0.35431072805548575,1.0716160039192284,-0.4046297499235312,-1.1994186055184675,0.34456863385617303,-0.6079983476668132,2.15384817756272,0.6085728412548316,0.6112276728924388,1
1.4223079914007468,0.2218654183352725,1.1446677599118478,-0.35910664374451273,0.20484333537072633,-0.2071581023238826,-0.2859344938417341,-0.6562306917525643,1.1825217671443358,-0.6112521134219304,1
-0.3692796759883671,1.558979799253892,0.1148603364178592,3.209591458090709,0.1892625110859032,-1.9581709289418863,1.437008764183585,0.28930751431002244,1.0331810974816475,1.1016093410853092,1
0.1268601253982957,-1.1743337160882796,0.25300264538144646,-1.4743563867021003,-0.8714651624108056,1.587746894085795,0.15267596273993345,0.058262038790863335,-1.7876015222381834,0.4801118253577711,0
1.4991009816041199,-0.05630193158305563,-0.33920910858090675,-0.44670488028816485,-1.510533190580884,0.6722429112277473,0.9427011849523294,0.12568395707326196,-0.9233824472760972,-0.3693623572931387,1
0.5109578361669497,0.3387903274985384,2.3316249392149695,0.009497384071375126,0.7049517307585883,0.5899735205954213,-1.9923155795946133,-2.0994779698566077,-1.3854496695645286,1.1002970926451832,0
-0.26731242232389435,2.612308972739414,-1.233907717424393,0.8049401130862849,1.2864486307048664,2.3992439376789743,1.6377003784506576,0.7678438024456642,0.5595602873117045,-0.12339533300653327,1
0.0744271313801732,-0.360876441868699,-1.281952668109756,0.16958993849964146,-0.11930361638955447,-0.013198281447315552,0.1871475338721702,1.4857273150149828,-0.364519068971235,0.1063202004842616,1
-1.0465614136355674,-0.6312501353349441,0.03308664500755565,-1.71604214968609,-0.12527437030190752,-0.02096295105840215,1.2647642343651668,1.472951382372774,-1.2982473929920955,2.0857446230378174,0
0.811552087134728,0.5829271174601467,-0.8449937033534781,-0.8451370695336274,-0.33979802002146825,1.3631715432671037,2.1186518140172947,1.5578002309969234,0.5308962059311747,-1.1287615328404053,1
0.16047067294614503,-1.8110525581197212,0.4244687138687048,-0.2906389939491473,-0.6501695404400383,-1.2186722498700342,0.4894008261713581,-0.005698706587136226,-2.1168595527760745,-2.1108531494034892,0
0.4201097143693346,1.7465325916075474,1.6224918820314964,-0.13675500462208612,-1.1153914860031702,0.4879757464146208,-0.9208048704520182,-0.7202091561113306,0.9400646340800302,0.5508095899446405,0
0.44132902160358645,0.46535605147429593,-0.12270630476722033,-0.98809783635719,-0.3946921074519092,-0.6207753260936725,1.253683092882363,-1.5575071724456462,0.7681208286276138,-0.42299248312405824,1
-0.5742317320894864,-1.228084087845077,-2.400692626303037,1.3247806116894154,1.0065928809267881,-0.18660577612820134,0.6404461940565431,0.5797496287537935,-1.8258785978497931,-0.91408770726074,1
1.0704386764061813,-1.8048110442603886,0.4679638181090306,-1.5707646960116997,0.04743989009555527,-0.46326613811239803,-1.132459770528909,0.7359579583130507,-0.8742008505595467,-1.0445843235551948,0
0.7301455281109894,1.9177896135962702,-0.5613979883865052,-0.1261432749148319,0.5999462503475419,0.23825874169001587,0.2816530549877686,-1.2455726289489173,-0.7099475762552296,0.05855287001036599,1
-0.8517629406744044,-2.9275104186419045,0.8540880587111477,0.5221876844384234,-1.9846961280501516,-0.773572566674606,1.1639003996110393,2.6358429137109316,-0.45516082779207373,-0.46948660230090866,0
-0.7657384866497083,1.9547102377758785,-1.0725264226313724,-0.989203703833756,-0.37396647610772504,-0.5840892175731823,0.3083216625077424,2.007496218773426,0.3293195587861415,-0.13030426678795798,1
-1.1752193148884236,-1.050145720493719,0.7375242631998924,-0.2930558061178452,0.7879241612492082,1.8386919857686432,0.346397575197837,-1.8717249100234101,-0.2566066685854289,0.7988851148786306,0
-1.3538746286455947,-0.8937130502899314,0.2743429299530886,-0.19377487424462753,1.3859647205111008,0.8479079355449739,-1.5891184271680086,1.4933367927105545,-0.21911154708709818,0.6694939452899356,0
0.43721963773122713,-1.6703636054276934,-0.2979987342431788,0.7482107252531591,0.8128230858229554,-0.6434470374811858,-1.1499088686179724,-0.2546927791084368,1.2557200359014467,-0.6286894692052912,1
0.5547914591767371,1.1295206550014054,-0.01897935081506036,1.0733047333353787,-0.9176607406862742,0.6707151927489804,-0.14351097865536977,0.6594725780461308,1.380112401143394,3.5219382845251666,1
0.3194229860823247,0.7595292612672055,0.285067927436146,-0.6480605585029799,0.7861240165210013,0.09409574227425954,0.4586579773176993,2.191905349346098,-0.08876897099098124,1.166862106600232,1
1.2640588004420004,-0.8317565838613622,-1.35525327974664,-0.6443384902504111,0.9925768888842339,-0.48957876089917785,-1.4695734959753253,0.37458445057226164,1.2897592091200454,-0.19726108203672554,1
-0.9627097558345443,-0.30589182630674694,-0.8999889325297901,-1.048439198634529,2.3918866481321093,0.21238817929034243,0.3614687292992489,1.0157573763815209,1.1211585890070401,0.13326303084329078,1
-0.007202224331009643,0.16006737297185558,-1.1311607040646743,1.2003911140673111,-0.8678322815450725,1.0910483165452018,-1.2119506155642106,-0.32956754724309095,-0.9793251515688413,-0.12278138536600339,1
0.9197113445080982,-0.11667561222533157,0.5643011915496049,-0.705942103424641,0.9181594510297937,1.606246729305213,-0.4095753808364815,-0.6078155961198014,0.250526552568231,0.7951798817630475,1
-0.252628271242275,-0.2532837926010643,0.43661883199468693,0.9954324118059313,-0.41183316277931087,0.004074446465275577,0.282317382843092,1.2452071706058412,0.19220210918975042,-1.1892341250876763,1
1.6358650181335492,0.1092389850244404,-2.2716455581758703,1.3964087517018966,-0.32514324710590187,-0.10039659180720448,0.5878372630085809,0.4626286946156958,0.16225612343083318,0.7436079037160388,1
0.5469273578897041,-0.2157245000485014,-0.13974868950796304,0.6796352720864096,-0.8495334513853074,0.5110813692396309,-1.0557448476422575,0.358410213131568,0.2197395188375322,1.9448332660123695,0
-0.3349572581733039,-0.19794026676765877,0.31821799419547236,-0.031735762168359716,0.9819926213478436,-1.4734671466528106,-0.9090871070716968,-1.141184715765014,0.6203915530103061,1.66403019395795,0
0.22212721708385122,0.15492044073396052,0.3239870248930431,0.9242781182220172,-1.0355840282815456,0.1320469706326703,0.6716668477719475,0.9480677691070996,-0.7307149561057109,2.0120499795951767,1
-1.6662903171952004,0.702878957379494,-0.4514749769890614,-1.4060515085144085,0.13223401186395956,1.657459867582524,0.5220811447445763,0.051515688892226685,0.8919424491009573,1.690013404409295,0
1.5049238800099771,0.5488167210025713,-0.08815134252299683,-2.1654516356071922,-0.4511615508835897,-1.5034239760321824,2.8253038935920713,-0.10925420157533344,0.17648118543229668,0.8848068669469575,1
1.4387089221877587,1.1688053030826748,-1.5437598375853177,0.1792641623970643,-1.65583470564787,-1.4893536658178494,-0.17452494005906677,0.7269594806992102,-1.2121840143783804,-1.164057404491107,1
-1.224587798105024,0.29387524537443277,-1.099317776631458,1.4976140141111365,0.44673905515163187,-1.5174882450988083,0.2217825474284587,-0.7172526452730353,0.4565335495507039,1.0933387880970675,1
-1.7967948229145976,-0.6997881529882192,0.357231820806197,0.1667782356068288,-0.23083356784278258,-1.9152392154872233,-0.7303048360584825,-1.2752332947467138,1.1846481241681925,-0.6259563272092168,0
1.6791609054082792,-0.4007045409796431,-1.5884724496172296,-1.394657024671719,-1.9127596039435057,-1.5641676277932093,0.6822229773712807,0.5124920464826187,-1.7476730178658133,1.3563459671127482,1
-0.6459053314281662,-0.10550456634058766,1.9470014925754102,0.5068278853194695,0.31508620378454927,-0.8109925975557422,-1.3673210687755097,-0.7491042070364919,0.26300022107133175,-1.8067581182763988,0
0.5097899739620863,0.42149711964248276,-0.5475880690039918,-0.21753800701003928,-0.46492977210435693,0.19327493395766748,-1.5159436576445926,1.8709305236132692,0.5255763488950718,-0.20562562546675234,0
0.07250479558439549,-0.25522106217593526,0.9991729456686737,0.30176493572717006,-0.7824824480892715,-0.0533478783587108,-0.3295137335051225,-0.20144073521664152,-0.4496551500523941,0.3655468244301665,1
-0.26978122737181,-1.6258900382315458,-0.9863080601264167,0.3458864843968868,0.5274533628591072,-1.5858228421758167,0.9986709471472917,-1.3185921545974175,0.7054442506514158,1.2277339594348406,0
-0.5177803955029423,2.749325886640685,-0.4522492611804412,1.4845992416486782,1.727772565050528,-0.0906551877446925,2.2447248330203524,0.022283738814748544,0.6318548446359349,0.5892864063546447,1
-0.354040941394225,1.2338977883501119,1.4223905399299897,-2.048738108282975,0.8757198141476548,-1.938000144399918,1.7109156316816367,1.0081454444004199,-1.643033522989886,-0.9300817305137314,0
-1.5576191408901736,-0.5713571739412432,-1.0075094090115453,1.0824674846219622,1.2156411909087612,1.662909530493995,-1.710879014770359,0.32699045509931474,-1.7244950827708163,-0.5558628930018139,0
1.7255144791018626,1.799507357265699,-0.17854735168142377,-1.5323263885487548,-0.18518741926905616,-0.6215724301489788,-0.6524038512551691,0.4623120901265435,-1.0199300877015778,1.0723022107695448,1
0.3665686946888361,-1.0966702752218822,-0.09629335084969287,0.23822877676605306,-0.3281095280161803,0.02417085881376768,-0.7339184160442964,1.3900745275459363,0.7577720649360509,0.1666877418343381,1
0.5848486216188352,-0.5750254304545386,1.1525164331741786,-0.6535525807042029,-0.2470824409571504,-0.5425661991779331,-1.9916849437837063,-1.8379651527251726,-0.929796634940451,-0.22252067338824416,0
2.3514662184171446,1.307684057476434,0.5163007045163233,0.5431186022444732,-1.5560214919005249,0.5341218403678313,-1.771146339089743,-0.9996344344055558,0.8303494560406193,-0.9326298492442893,1
-1.7584219831722494,0.2780276628761525,-1.7697330458932485,-0.1685215621643696,3.062894600476633,-1.50266165562482,-2.6793953504248287,-0.41332126188712215,1.5591306151789275,2.522790771316768,0
-1.1756728287658247,-1.0981656847796901,-0.9099263647547848,-0.7049580152404323,3.223684309757498,-1.9634977905956612,1.095485894235727,0.6717876547165502,1.6531852371287594,1.2258687125744772,0
-0.16386296519288257,-1.2016208738306955,0.3626264457404048,0.13384590615548425,0.2891302257953265,-0.35141715543328716,0.9856194979787687,0.5297671355585537,0.8351631599382463,0.08427784006481862,0
-2.2408906806603683,0.5369406903442137,-0.22662051145488205,-1.7203684002503987,-0.50016513937549,1.1892909174937765,-1.8612941500329803,2.795250027856026,1.62686515090023,0.1121271869840276,0
0.6708276976196267,0.3949821348462666,-0.003786358691834746,0.9164978499024556,0.7644005296724494,0.03607537051281432,-0.5715177463352447,0.279045034540066,-0.6775190726200214,0.7037618333758857,1
0.8572930701464188,-3.0457982131280286,-0.3264832128414573,-0.28620781742132423,0.1842150233058445,-0.5233936278553738,1.0735636060449838,1.0785486196902099,-0.5447273823677969,0.4651076444890144,0
-2.635654414619404,-1.4072296008549519,-0.8848874152709679,0.8777091766070033,1.4869715472250395,-0.023145432959507994,0.7602277235348913,0.7547000698807231,-0.7962464045102162,-0.2226148176547722,0
0.19846141133651218,0.7370168660184545,0.8787346529244804,-0.2556062431779905,-0.047612926633318564,0.41986454339483625,0.3476768785068533,-1.6240109188521394,0.5471328484978765,0.33495583910331583,1
-1.0454715991530303,-0.4514050681867786,-0.3205390441612315,0.23404276841538724,-2.139825360174379,-0.006579233862362699,-0.2145927141786312,-1.2429338157267869,1.1149949762957045,1.0152823820572534,1
-1.9702305470293469,-0.7304174982218543,-0.958303894398886,0.3118422645736051,0.7050742148454282,0.1762718189995729,-0.04716330760340545,-2.079185819789744,0.8555487167897505,-1.1340132630296225,0
1.3033187998977294,0.2288312396809737,0.05725860975149,-0.21430000282990358,-3.274332776050387,0.22708257421000164,1.5286227965380523,0.9394882583842414,-0.3496715211294283,-1.4928793686730226,0
0.4483773931401874,-0.7164220225191276,-0.34685086148100047,0.7581419134176363,2.2200835783274844,2.9030578916702203,-0.3023216133779646,-0.30770705625971095,0.4532314011056624,-1.1169609926731408,0
-0.6008635250659256,-0.1070628607151819,-0.09898383362875618,0.45348858347421594,-0.6632451447844496,0.8016051080699288,0.47741780678180995,-0.27721240797121993,0.9733455810339116,-0.1647205626816046,0
1.2263890196011025,-1.5058858365575296,-0.8964834239202909,-0.5983355758900069,-2.029503583181338,-1.1064623608099406,-0.2960329617710823,0.7506864471676833,0.8590450139992635,-0.272116711937469,1
1.1995597415914439,-0.4336592333235588,0.9550534348654809,0.2884626169763796,0.7718642195447069,-0.6634425322123048,-1.7741386859020845,-0.9642626905896321,1.6458912304756939,0.9953276835466225,1
1.3823910684959324,1.1982622388811923,-0.40336735101431,-0.34860763157885855,-0.6235566799481651,-0.44613106715066714,1.0442335109004768,1.6808055719552797,-0.11553273649296592,-0.4373554998381349,1
0.5328341461003304,0.4787367500849259,-1.545930537407411,-2.957551464704995,-0.11125350826141256,-1.2656190993823218,0.06028695332188072,-0.7512869234383007,-0.6989553179979111,1.9255050876334834,1
0.4898398437539987,-0.2910905170852609,1.0834867469137868,-1.791230341491013,1.4530919427987359,-0.565589516123554,1.276218378717258,-1.015412020304294,-1.3817331804686037,0.7773683837259618,0
0.42024729327282967,-0.8605712869110465,-0.516832519590419,1.0939506472396978,-0.4582576837056431,1.274603914819617,-0.4702911302891214,0.9204795782078902,0.2880817284045373,0.6636482130556713,1
-0.3794018956522781,-0.003745286036606982,-0.5670416346933271,-0.8052740459667338,2.375777714113597,0.2913718903432929,-0.6185418176593833,-1.8946095156406637,-2.5362415831176275,0.3506361589744668,0
2.393291417881321,1.7292025784529594,-0.40938450211184324,-0.15040451557804385,-0.031846500696328425,0.9128261144741066,-0.7808529029595173,1.7086391358984727,0.6534142353855845,1.3470818694795321,1
0.6109668792246616,0.6994765284074778,1.4226841829183856,0.6009672051483472,-0.6909913782792498,-0.4717610084275134,0.5971782889597939,0.7964980064308526,-1.4865243858398265,-1.1262274158633856,0
-1.1291903657184728,-0.4661932056017561,-0.13317180077203716,0.2022092227555315,-0.38410731282938027,1.3384147262289063,-2.266453777528202,0.056385295674261204,-0.4071917713343526,-2.594700917526703,1
0.39177177516350287,1.2739268506929986,-0.5851610134740911,0.5697045331708579,-1.5195911016905854,-0.5321181602123761,-0.6919750413417467,-0.549181430529363,0.7853561481947121,-0.04931705318273838,1
0.6243167814657065,-0.16748852056890887,-0.2331895293412931,1.7053784542818402,1.7137990098454763,-1.0063879150129025,-1.0548150760964377,-1.460839932385388,-0.38271140267228343,1.03462663464641,0
0.8631521439863541,0.49603507667405905,-0.3466804814804306,0.049185294049668746,-1.3458120891051573,3.1619019765761864,-1.6001720192882616,0.18412955925715224,2.953040611405984,0.2150529067661967,1
0.07357198878629792,-0.32758017121904165,-0.5674407799416112,1.9812283583434365,-2.9200386794769866,1.0450634297077572,-1.8124805648932392,-0.14102305823210326,-0.43716319435620404,-0.3427918253225698,0
-0.43942510120717193,0.8420896045527507,1.7788200029433106,-1.146506719917371,0.41319992304609343,-0.8270513882192241,0.622818164445935,0.22195058120022879,-0.09577713580760727,0.522402662054196,0
1.9651663438883946,-0.2953373391661896,0.5030475199401223,-1.6780286824550652,-1.3584575920333761,0.23998309780589772,1.366183868166206,0.858559310149053,-0.5027027610338659,-0.16701398885603624,1
-1.3965952544741194,0.5805644393382234,1.7314236968939412,-0.6416621576127051,-0.18948635665004993,0.4407285709499281,-0.40568268664281193,-0.5451884441367296,2.3615544283792183,-1.209844212536274,0
-0.8686173772887416,-0.9183422937389758,0.6319272484393916,-0.1391886070976854,0.04624102571483546,1.6363883918137299,1.5040377033337122,-0.7683859153269648,-2.029228399511209,0.44026138705504003,0
-1.7383717494680675,0.15298582987308995,-1.3846818399545007,0.5367406590598676,-1.4735214369698206,1.24128785057929,-1.3066866363802456,-1.246945372971259,-0.9559977178479262,0.8331075979991118,1
0.3843443419679716,0.8709930919667463,2.7305497152055733,-1.287243897850555,1.741682463436761,1.3210494423378702,-1.9627575553937908,-0.2299592089564999,0.6818469386698344,0.8474269203693194,0
-0.4810703425686548,1.1820081444145316,-1.5954405411267054,0.5860893111284919,-2.4857808248311386,1.3684995574674064,0.8864212408016535,0.16763550343137645,-3.219014347527123,0.5607689839504875,1
0.6301062022046396,0.6863036563626099,0.8898817687018079,-1.2623818857082767,0.06268509252095866,1.5745540751073877,-1.107312143713994,0.46080870814934727,-1.8438584452332392,0.5968333717097306,0
0.4072432629685723,-1.8144257179298662,-1.5273451118858405,-0.4926809956653399,-1.087450663555553,-1.5965750141265724,0.23439869104733102,-0.6918297245000362,1.26000492299426,0.9373327137252017,1
-2.543806174205411,-0.20606398883506316,0.9546588706505653,0.00011097592590081362,-0.3342657385360376,1.070258093418757,1.0614640328171285,-0.03512053369736268,-0.7815560209853512,2.0260993415571233,0
2.2043971824073982,0.813323347074013,-0.13486046955598063,-1.164489921130548,-0.4216684429143131,0.6406865464112745,0.5622295561895372,1.2213484618588684,1.3793483685231656,-2.2475338242590626,1
1.443016503234818,-0.507098266039248,-0.5426842729451143,-0.47472714424229756,2.186923927105725,3.70816330141891,1.4927115153741215,0.1453579997906417,0.22764087762704743,1.2343081543434575,1
-0.07040246794448246,1.9561393069823887,-0.21224729306432227,0.7969761795432706,0.9008761293004949,1.6354187227150352,0.8826921581018059,0.2304321368986647,0.13735128666757335,-1.0751832047655974,1
1.0580990028441821,0.38724328981137257,0.3616857512172835,1.4066029911801958,-0.08436268719499895,-0.3334019696122493,-0.19201122141006155,-0.539352925935845,1.0890127672943462,0.9717655343430394,1
-0.42978065661532516,-0.7101716554638079,-1.9749018678506167,-0.47486480174584655,0.6530625211409768,0.08831258250650176,0.157119351474104,0.28035272509880044,0.44550719651750637,-1.2435574718757771,1
0.25878159834162107,0.5284846748253736,0.41028967526837257,-0.70915848883434,-1.692143545325446,1.1895592990243744,-1.2904144467408778,-1.2625216473708232,-0.1370628406241856,-0.4816053057013626,1
0.39587804616977895,-0.263547252985186,-0.3440536198287034,-0.37375456617843505,0.5292607262649105,0.10342172928690649,-0.3395375974712184,0.2029105267146264,-1.4657891503997014,0.38314887793307345,1
-1.2561714040378251,-1.2427987549639974,-1.417643801954877,1.1380427394627108,-0.308817928534694,1.2208591281714027,-0.6361998353072063,-2.3702675266561233,-1.238991182533155,0.9167372174837427,0
0.37178133500341726,-1.279515495720001,-0.07759513936125081,0.23969624005764067,1.452802278991061,0.810310474967233,-0.3579081547053209,-1.2867209921444394,0.04837412012065545,-0.16716661759373425,0
-1.61745986434096,-0.7196267416345851,-0.35361958594393866,-0.31002189269409813,-0.08651263287295989,-0.4506231555205033,-1.0012790730785166,-1.0722893605130148,0.9032198158243504,0.6047335107519151,0
-2.0249971393995287,-0.48498635939094115,-1.7500670199323423,-0.8319986872002967,0.3593666632288719,-1.55870059159951,-0.25268954916194786,-1.8231509648700737,0.07057439710603924,0.4574897980286939,0
-1.0814082057565597,0.05963209956182425,0.0849741537910852,-0.6589985999825148,1.9147506918887685,1.7137871785510828,-1.2612633639645305,0.8497387598860616,0.298938645196956,-0.7827446052544913,0
0.1916102061237318,1.733551127462015,-1.3817455762461837,-1.1148744580161094,0.9170265950110045,0.521243826540894,1.3324474914537,0.39625650374696986,0.030681111790882065,-2.046249254127617,1
1.6272904816646057,1.257276904166749,-0.3451974914675144,-0.014219269846823545,-1.1477758066745722,0.3092190341925931,0.23905096948623872,-0.7171589969780299,0.5847434935519898,-0.5064559195263121,1
1.1019432405226341,-1.2739060603736179,0.10674349103717598,0.3879052046806857,0.41618976057806034,0.6173251537260882,-0.09759733129581642,0.7475567028064718,-0.6276069815559264,-0.6104145330937711,1
2.359308656680702,0.6517696199977592,-0.23721850908198183,0.9386980295081451,-0.4384519440051634,0.5226251134635914,-0.18516979488669177,-0.13596069385531512,-0.9381146986453142,-0.8707129107732945,1
-0.4367587742151461,-0.9640563801984814,-0.017358346415024435,-0.5518902037152426,1.1538553643672975,2.1212585346126893,-0.5726416600354268,0.050267339011970974,1.4515828276355989,-0.8181582394924514,0
0.5096498104668317,0.6706559886181269,0.7675015082992596,-1.2172455536844333,1.509898127828552,1.096852960686506,-1.4737603480509884,-0.695045515224547,0.5758062072302884,0.09450198939544224,1
1.7265820101311857,2.0291674058665845,-1.8916777072628124,-1.1655041107649382,0.3249997846589689,0.7931772198439307,-0.781470105994061,2.0496573542469796,-1.74676196209575,0.8469453367667976,1
-0.46801462933998605,1.994319258322483,1.620212655731156,-1.2283384398297637,-0.12302766616118882,1.135905288856947,-0.21959682566127844,0.5174670907659504,0.19623713916429197,-2.1046940935798726,0
0.245156948600574,-0.4644931891930045,-0.25534531158294704,1.0020999505608468,-1.7460401851435763,1.253285051432962,-0.35316330822520425,-1.2513589523387623,0.1046922268592696,-0.31921155106518256,1
1.1042753717612264,0.9439961308908656,-0.31363073523357404,-0.7888615889705991,-1.6145359417096365,-0.44551175977985885,3.275258126453458,0.8924259739595297,-0.6500461042806309,-0.9499934612861674,1
0.05494856328736453,0.4036104812121467,0.364903870049058,-0.09875910055086948,-0.8397710673838581,-0.024643468752369058,0.4830917585737461,-3.012730089313573,-0.32867282253581853,-1.4645407281859288,0
0.6318129399949092,3.1569127431542463,-0.36636960622712944,-0.8347407442623076,0.9287588128134233,-0.670821048929944,-0.12997134742957445,0.1948644996193299,2.6989627545487362,-1.4192226630780818,1
0.8033215836220837,-1.162850554420553,0.9277837464252283,-1.694792764596031,-0.7790034214095101,-0.3497487872801225,1.0647352104856687,1.0803478393836015,-1.1493644133700616,0.3079105158676686,0
-0.715379781700577,-1.1714817701433997,-0.7236185835368494,-1.1175144567490318,1.8677874127422638,-0.41054399019132287,-1.265398620798892,-0.09522788350765055,0.547450925270748,2.5926957981733145,0
-1.3600870199266941,-2.156798772550732,1.6962705136750327,0.9473543927644202,-2.030158987696168,1.090338848429249,-2.1877374604902498,-0.2912379223256049,0.281393836794574,1.7376610836254465,0
-1.6688381024611538,-0.005333069824470529,-0.6018079451048772,0.3602369135301711,-0.8693185577935687,0.5002832619445705,-1.5499064764698605,0.11945785775588547,-0.3980675539011995,-0.773953160500164,0
-0.2943019489994386,-1.288660628526423,0.18019894533423675,-0.532165393104921,2.5494561003320007,-0.4140039296344855,1.370428945343499,1.2562092706217511,0.841073634937318,1.293677612030851,0
-0.19456592470459488,1.1996760653685696,0.2364860674383539,0.5600817412323145,0.5681388688758818,-0.725862678243609,-0.6224237854607372,0.28788608128017196,-0.2665063210056202,-0.2817370721580612,1
1.2336084094663757,-0.8564769903606219,-0.2506516144760692,-0.5033821558257678,0.4124779146084017,-2.6099650047227847,-0.6792503988683868,0.4216329836022191,2.0332228991057466,-0.6746530190851961,1
-1.5825860769149207,0.5301014800589325,-0.1539248831949826,-1.817319313805514,-0.8921318940549163,0.1468979889420272,-0.31395900251710784,-1.9055926542394466,1.6016872491312066,0.4080163837176579,0
0.024299457668619295,-0.857057986971701,0.20521455355354765,0.32102511792803406,1.9531409792063643,0.21040349444831918,-0.5495702095666221,0.04655057218187091,0.7679711763864276,1.6437341402722965,0
0.4457051860330445,0.9829574929576483,0.1255611167374388,1.4745569633339057,0.9766535001627973,0.3792529365458672,0.44647488449662665,1.3423239723116747,-0.12180702606366406,-0.8503300375348245,1
0.11528570861232262,0.9042162133370616,0.22256010540618903,0.2868105006502883,1.3566300531314117,0.6919960550739723,-0.29221220378681295,0.6863538592761123,-1.0967822976241295,0.5751557016970719,1
1.3977863607918901,0.1597126624831317,-1.3015928636854226,-0.26764130443414685,-1.5226383342563032,0.2237805092996571,-0.046347992230337365,-0.9850536200132883,-0.0703826503557602,1.2058344201791344,1
-1.5338352954631498,1.0312573984258355,0.3571170631513395,1.7895279191851652,-0.1545491936126704,-0.26374427217256113,-1.5849666944552254,0.8468523361908433,0.8000040691554497,0.6753457336466847,0
-2.44428520275147,-1.4813971412340745,0.9572626796436432,-0.8462993391480526,0.5306662168576723,-0.8111498012584459,0.6750889713460917,-0.8831226269512794,1.3732222167958086,0.7378506602489767,0
-1.1439606375736855,0.36877263685835454,-0.19117520950194633,-1.659348918420127,-1.403829101597239,-1.644873919314752,0.35434858251429496,-0.8853667074327937,0.16730602669277062,0.17835899980717002,0
-0.2006917091328314,-0.5213596563807537,-0.46392387490371206,0.3191478229788883,1.0979317475558212,-0.6488096827044769,0.41232751559868797,-0.9693167859742702,1.1384675572909781,0.4225638010489342,1
-1.4666929871548309,0.301420060505725,-0.29985861506895123,-0.5497557347101368,0.8339004933379633,1.5850560124546902,0.9057562815075665,-1.1496106414110923,0.8446362057658982,1.3020598257229987,0
0.4636715418209414,0.009641648658777813,1.9594701878924923,0.703908752363744,-0.15036032576971936,0.7027493260964501,-0.10343190725029575,-0.1246685057729602,-0.26837990212246876,1.1966484072010968,0
-0.55938555444533,1.900300159414443,0.8626676921106322,-0.931739092806225,0.08347097559650318,-2.235375799747661,0.7488079746000762,0.6727573740126935,-1.171603440401778,-0.12763220901175576,0
2.7715028920683453,-0.8773277949708114,-1.4557802893773133,1.2082029757227464,2.2410465341556383,0.1777023772862354,1.3645822028782126,2.607741800672531,-0.3319580192754872,-0.03555464697028127,1
2.660700961161478,1.9297945322269288,0.36693637669730483,-1.031247864395504,2.5154598426200474,-1.1568626302382836,-1.308434064823321,-0.06819476161357602,1.9640894647225513,1.150339101155504,1
0.33486920608591986,0.997882823827212,0.34766252357438737,0.73012702754449,-2.5381953191866993,0.15156847747112767,0.6189766081410379,-1.2875420729709446,0.7930289451564769,-0.5313312756193793,1
1.8729151892098168,1.7732218940363502,-0.6333160310518703,-0.08378467895486742,0.23007278418698857,-0.9928760725414738,0.2870240525527947,0.34909376743133813,-1.5437826553439706,1.137696048788802,1
0.581705884956973,-0.21281998670214286,0.5336345883625486,-0.6285442935070102,1.358605084046058,0.733742293722935,0.28309733380328456,0.7520033897891352,-1.530699076622369,0.02664759692514304,0
-0.8246245830503338,-0.43012716667529965,-0.1179169505797606,-2.10618700873579,-1.0863801929213237,-0.32125415402857393,0.9843340706468569,0.5701622895735036,0.11800743295701782,0.7371005717130161,0
1.1753283343915077,-0.9169903648292604,-1.5495113613832308,-0.6165097578587548,-0.7880520718451045,0.36835482307176165,-1.4466369876962712,-1.746907481017594,0.2517111043243118,0.03800038228785935,1
0.533730299455167,-0.2347071422694798,0.16638830743139843,-0.6218090510906152,0.11219265749656879,-0.4480929623621144,0.7777004967975366,-1.243308947054325,1.06882197103281,0.5537750825367129,1
-0.24608751859981287,3.212406783413159,0.27667978627322043,-0.8354822131610671,0.08786903906966148,-2.0670592066682762,-0.26600306378315935,-1.9872341868558938,0.8646751828442483,-0.26914006405918056,1
-0.1094486847807459,-0.8655698010447149,1.927404348562398,-0.792497674440914,1.3035755532284625,1.0770703040766982,0.7725143886430805,0.6242592848920552,0.24353297031948778,-1.3808760225446242,0
-0.8407601589426303,0.6966554442598547,0.32500757069408004,-0.9753938708594458,-0.4385963793634074,2.7754035900687843,1.1816357458908853,-0.01809387596542439,1.4405098087556203,0.40946085521924547,0
-1.6731041534663909,-0.3378331203237904,1.3348072798728694,0.5602227552801371,-0.22408485219735183,-0.14262231453763707,1.730749336083595,1.7339526669586893,1.8536053910251304,-0.19027058894447302,0
0.304187393739808,-2.0446053845018577,1.1913453028051937,-2.217637739246059,-0.4035585644406393,-1.1043323393010362,-0.10912236747428483,-1.015762367334275,-0.623158282009999,0.04172409621621398,0
-0.13165582719279384,1.2427063071976268,-1.0452539478441663,-0.024521011505661938,1.415839954869694,0.12806351050189102,0.18580546096210604,0.9724680777346157,1.9445742483305275,0.21595364825666644,1
-1.1324271984941603,0.7848713167951629,-0.553998661122267,-0.5953010457649424,-0.33094574957178396,-0.5362227910031142,-1.2230337769291582,-1.6912094225769934,0.7248414300067562,1.849575233875397,1
-0.7315111331923965,-0.3716578170920868,-1.9838843817353506,-1.1396017388997675,-0.535369131687727,-0.4298146374458505,-0.33639727913348405,-0.8124258442939586,0.6577467537329809,-0.72445777724282,1
-1.973688835569303,-2.312637278563913,-1.2696502606846651,0.0041166952379820265,-2.54247666219762,-1.2400313604770279,-0.6670841632912086,1.9225383063058938,-0.6314346790220392,-0.3876428001921379,0
0.002758000978220182,-1.7917400983677956,0.11937052791862213,0.8089280563835809,0.8899347339952827,4.101296122920197,-1.7954461206985426,1.7882817597703349,-0.12031107736614197,0.32305870727715325,0
0.3959489812040539,0.22220263370139975,-0.9802475126805008,-0.02140734497210184,-1.7128115413731009,0.4461900058675942,0.15071388887686443,-1.8798762238843643,-0.17866029387557403,1.9504993044128414,1
-0.8247039938997553,1.0944850215238906,-0.15228919027924137,0.5833028437430762,1.094904603283116,1.4353002117312141,-0.7264319000900521,0.4367605174879343,0.7732224925927347,1.0667186995850915,1
-0.6979945722324961,0.24281728656748014,0.23862881678615994,0.3515417925275921,-0.26039725220357796,-0.9062855806629427,-0.29709292925576847,0.43597920564538484,1.5715204640810325,1.0256900400488784,0
1.0439184574783176,-0.711017522556473,-1.5169027209158144,1.3248030309333005,0.433597194992541,0.8718618835112983,-0.35394826405039487,-0.7824557069057472,-2.048577691764585,0.3978179256035074,1
1.7908521841672618,0.1291377454609831,1.0201629106358678,0.3876958875173449,1.3053592075342013,-0.6006255517740338,0.2108486469694603,-2.5546614748774745,-0.4193668957605129,-1.5573129133298746,1
1.301391691570205,0.7083657770469397,0.3092491561846892,2.164937095377486,-1.4254052741664864,1.8212499994501608,0.2875270915947351,-1.2404130690007449,1.7332124213956863,-0.4633587317055531,1
-1.0672176534226956,-0.5832735233736206,-0.6736244945602878,-1.2006799280144629,0.9790679017905871,-0.028816022082424647,0.16192475565026831,-0.3628449468496877,-0.9867486881274857,0.46483574276175593,0
-1.8498552156328623,-0.3543757111032698,-1.3755089716295386,1.152049845121267,1.6811992654321055,-0.3732740100257468,0.3044047902806435,-0.8985907528258439,0.7205896750995331,0.8620632642098061,0
0.38641517228191896,1.7350977714779128,1.1974082696161172,0.7047133496953193,-2.2217070077987056,-0.7045768196298423,-0.8152281478731157,1.090569400211832,-0.78137908299927,2.0992792363724826,1
1.7043213145404712,0.09683660031701591,-0.7053062028992125,0.22618146199071348,-1.4423454125356026,-0.013026716873436914,0.36052797207923043,-1.3329706391098164,-0.17984141144057808,-0.12490705375942049,1
-1.8337950642803131,-0.42473049861045853,0.8088393051054568,0.8995278737582157,0.15729255212610366,-1.224010571325709,0.9914208079234519,-1.3741360132007014,1.6441873809682959,-1.211034465391551,0
-0.2524688041218583,2.056598356824836,-1.7172883973177364,-2.846635931737436,-0.9919850019216807,1.257039760169514,-1.5547487691629993,-3.474592537854437,-0.811922641851053,-0.11354978728121967,1
0.5937555477010449,-0.902658735131397,-0.35868532173182655,-0.04011171391376922,-1.1868720142104565,-0.44027678329652975,-0.36290553770648726,-0.03754919728779499,-0.8271747797717982,0.037564239562177935,1
-2.412656514244335,-0.7551662778405077,0.07580169889248012,-0.9877754052219573,-0.9780099581754712,-0.16080605056236663,-0.6806546112006739,-0.5006502492667111,-1.0720901703814758,-0.8756418236792437,0
1.4667325633297545,-0.5718355669395716,0.1690882801675907,-0.7783987172611757,1.7171642964274334,-1.757942399396493,1.554869029430895,-1.018911342578569,0.2641540754081768,1.0685252972745518,1
-1.4220568878500288,-0.07313961400477609,0.057110335042515226,-0.8666142139008619,2.2344868354866243,-0.26520045667713,-0.8395202310345047,-0.09423374365353077,-0.12130189994687224,-0.5156045951183459,0
-0.004032166381516766,-0.4101142371247875,0.4438442153110969,-0.1701416910293463,-1.5772615840399278,0.6273876114980825,1.8800752410666157,-0.05270645278102173,0.0752497598747903,0.766743170660254,1
-1.4774076609310467,1.7378334358239258,0.17756123251462552,0.906551122833766,-0.997676244194412,1.6888622654309458,1.7050129540325036,0.47302909660577747,0.370644732493587,0.8271327045534508,0
0.41091661478218844,-0.6268411639568086,-2.3562324925689655,-1.2837211797334511,-0.3019024179944609,0.05456216519492002,-0.6734219917040796,1.7059648912241405,-2.1781142022262916,0.7357555005074911,1
-2.326496986733326,1.739557217220947,-0.9273448558955875,0.4123641785261635,-1.3630693720944187,1.2972466448882025,0.5519687064560193,-0.4891304665652003,-0.519862471392039,1.3779108347115723,0
-1.2069039510218351,1.1097781142749539,1.652328751199445,0.8432722050223818,0.29207598768963106,0.2041550718734705,-1.2084227614721654,0.6152217179201388,1.2381042352669354,-2.619111818291635,0
-0.03969836831228024,0.47658479987128066,-0.10202643050206345,-0.900398368160571,0.2749451162163884,0.32651637443401765,0.015726677005184153,-1.2100955605883637,1.8084075712022898,1.767467728739988,0
-0.4127576928524662,-1.0455132721975002,1.0760788970735662,-0.381000652015903,-0.4019839505450634,0.19664145831366886,-1.9901205076355084,0.733447723240064,0.24559621810155857,-0.024305308221182986,0
-0.2857474433816878,0.08048273810463172,-1.121136440434268,1.408520000798471,-0.011382760680790693,0.4457586909926317,0.7312558356324255,-1.196989117875819,0.08909495941626588,-0.05290002270930294,1
0.8109900384630803,-1.8278125964146834,0.4117867106146603,-1.1281542348394455,0.013891263076019178,0.8159853343318411,-0.8348103393310773,-0.6718170567078274,-0.06887888671877437,-1.3706513419144633,0
1.0950072496077623,-0.24474712094003245,-3.411226048081245,-0.45741068704944793,-1.0930560802208746,-1.2574967205149805,-0.6508639995056976,0.10522658309430125,0.48828979575567366,0.6762423765994492,1
0.4925329475481216,0.8148565322939139,-0.5954951242242325,-0.4940819166380119,-0.7542361186081135,-1.6953265928130872,0.2675437210688373,-0.4081136194976624,-0.29863862140511976,-0.18640719345798282,1
-0.5965862130952144,0.3346779577396362,-1.5434805155112505,0.4427395192161983,-1.3745229478514192,-0.4929310169349062,-1.4855370372504535,0.14722944247485026,0.42849684810748245,0.43702955158753587,1
1.3463379847084034,0.6942752447226588,-1.6527746860087518,0.24528124305056193,-0.7322607479190613,2.2890989523327128,-1.2628402871047455,1.4727013145082055,0.7137679094662941,1.7115702678849114,1
-0.16267290290938385,-0.13878901653968945,1.2721259253062807,-0.9561419163031617,-2.1848198401168175,-3.0078145627622357,1.0839745659567477,-2.2787018533257477,-0.5441588042450021,0.5069067689947602,0
0.43743588353937984,0.5668949820497072,0.3233334761150174,1.513599974311048,-1.202177701917186,-1.0333429874589446,-1.9311597692323639,1.1493464323520348,0.557614477688064,1.442979885751916,0
1.5524220314759656,-0.702997951097627,2.020094175491454,1.788583064565949,0.9736160462041121,2.0663357301959686,-1.5691400436027203,-0.8326712127655543,-1.3246458425227052,0.9328966858568988,0
-0.4043758519585595,0.694791070187819,1.4462446450280118,0.03642480049937802,0.05676238818121632,-1.6022989109771806,-1.4265493258442878,1.29898619676465,0.7505562514425542,0.3548088683664544,0
-0.03480801440413245,-2.4627939966627714,-2.0386466633164364,1.4371855528036044,-1.6357466845829665,0.4655018669627188,1.3136532702823254,-1.2782067889988082,0.5547838229321282,2.2190501870640045,0
-0.04673337662429705,2.7518316582930535,-2.0889186261228736,1.2181254832694106,0.3958964797119921,0.5225976967399121,0.2457452906347245,-0.9939419880767368,-0.3464015852002942,-1.7907982134863767,1
0.6882234875967974,0.2774852210424715,1.5581804360564213,1.2582008447471926,-0.190580692242098,0.4642484017605415,-1.0507984614167176,-0.8766627478465423,1.09999199074987,1.2936883537540498,0
-0.10314429213319273,1.1037083672812196,-1.088791200266026,1.217283176208193,0.782573564563993,1.6848849529435195,-1.0790441051894035,0.1187441497377576,-0.02369666952483576,0.2024666184562261,1
0.6757957428489852,-1.475577646067169,1.3230940225011514,0.6204295081743193,-1.523898211544561,1.167053780100291,1.0573788026201516,-0.6807678514245187,0.2935228371061816,0.7176330212649772,0
-1.035871700995761,0.2667444689647033,-2.0503338052762885,1.5232921183824382,-2.100475570489167,1.3571181529893708,0.1704358166321816,0.05899838985685146,-1.77852638496109,-1.1226532778921312,1
1.418912307991742,-1.6678998856155967,1.0610984034621946,0.6624922378751461,-1.165720824145136,-0.7858650311967054,2.2117608724104074,-0.4734089289406982,-0.6988401314598428,0.8298435524090227,0
0.2629395682641434,-0.6786707062804873,0.457845521165272,-0.7283948761471137,0.21644954241779013,1.6599029210742704,-0.3196490230160829,-0.013786370591333807,1.858846374982776,-0.015019350671324195,0
-0.472513329297795,-0.13591882441288283,1.9040003777168704,-1.9994017389597243,-0.295662576932346,0.31240277110411674,-0.6739037608592873,-0.32771231130766165,1.6618544751034077,2.35608386367868,0
0.7653771289390972,-0.9502853063521985,-1.192086134626714,0.6895258555003985,0.5695758606710911,0.6913983501432849,0.08179071199415995,-1.1013199168421843,-1.7308959773874748,1.083700681453784,1
0.7728145365100572,-2.2781775627435326,1.8795792237908424,1.041489185674123,0.8140640928099043,-1.3428999156627104,-0.6066115315879874,-0.6046698501299281,1.356372109236257,1.6344548241348653,0
0.6709905858646658,-0.9400129372220621,-1.70544912940728,0.9020193958030909,-0.5218738592849823,2.798761247751798,1.0185756272851711,1.5289576263367444,0.5007169347576579,-0.6291185380519475,1
0.03795071783976545,-0.7039324179253816,0.30971933771484117,0.3256351333274226,-0.36814232624843946,-0.4708846879203158,0.031008461145764707,-2.420649957664283,0.04192895818996195,-1.492326473640623,0
-1.8891218160122034,-1.506386464637632,-1.9142199410270666,-1.9232120452113128,-1.3229645014272267,1.3314873436860855,-0.8319554874118338,0.7405859381369153,0.05984023709795272,0.40988364895953205,0
0.7028286457550028,-1.1110560543042605,1.068504256283409,1.7624503954708197,-1.7043304414498317,-0.16021391825839426,-1.1460060150360611,-0.40672986054276006,-0.36555603849641216,-0.3224403041685667,0
1.9603982418335302,2.103480297738544,0.5494238077334386,1.31373047342964,0.6350012425471068,0.338696754211368,0.5913168332968649,1.083867776431711,0.36008458158453094,0.044123224669139,1
-2.1712735116715,-1.1075847477618315,0.06778714634814965,0.28915324926161773,2.239082776825187,-2.246384681985881,0.4874117075175271,1.747899215401099,2.7457779504969,-0.19031355942823072,0
0.7357583508872645,0.45069487870996006,0.3314158292738094,1.1934572660914444,1.0394397202751304,-2.349875919125159,1.0464305352511283,0.16410835257710626,-0.1869802063272126,2.522079137336993,1
-0.9744084135192491,-0.46780669433048666,1.3065021403587664,-0.44393079633053284,-0.015313593843015894,0.15451497010190887,0.723591598906039,0.1857224734315372,-1.2191725568572358,0.01528026163586671,0
-0.08913119521056845,-0.7945769332733406,-0.013271681201044438,0.6354310151340561,-2.445257400407589,1.523259349828745,0.11488839826253533,1.7381241294047431,0.4613032168358562,1.0519481844114886,0
-0.07698138215425993,1.0725013036511084,0.46460281959168254,-0.1721499877974286,2.634553289813245,0.5676715571638496,0.5589398411651746,-0.5240697379276662,-0.8775299728487891,0.34514241858693495,1
-0.5835068836992557,-1.3009684308918072,0.4596747765922158,1.9585289525525325,-0.27711669119648086,-0.791114692214036,-0.3925664400324478,-1.0076491457671939,0.05675135373555973,-0.04743396071756778,0
-0.5270031280324988,-0.9110278765513138,-0.30941171396369993,-0.9555169872632274,-2.2994753495533047,2.715856996504939,0.7669897055416637,-0.6431846707671307,0.4644804094147886,-1.5183901292611457,0
2.096129167597971,1.385064569140901,0.013373435176921439,1.512823866100283,-0.309244508597152,-1.630688011133517,-0.22369765588790577,-0.7671665355761806,-0.41811862293129165,0.3619656651493293,1
0.34100018764826334,-0.10569328434323645,0.06257229568774804,-0.3146998497943222,-0.031726042634083185,-1.331879300343413,0.6629985309214403,-1.676999957231928,1.7188713596260428,2.075716352708344,0
-0.010377275812461284,-2.7811958622900974,-1.1962724725153577,0.9049503299314321,-0.20918157618535538,-0.8987135969029749,1.62553993638972,0.5545375073336283,-0.8914529908852975,-1.7977862991321474,0
0.01874456134870761,-0.7804876235198657,0.29926967825775175,-0.09855844740689279,-0.47526174532180876,2.0894197831426706,0.5416067884914478,0.7595896921538544,-0.018601521502055463,-0.7501917095412571,0
1.9066586900166902,-0.6164246230526474,0.11085133439918299,0.49484218906951954,-0.8046718828012251,-0.6488223504770353,0.6115070823301094,-0.3816360053362273,0.2840198084267871,-1.1617936836551075,1
1.3746834136212494,-0.9656623667809473,1.8683922123177497,-2.598489500865618,0.17281473467730118,-0.015625095229949315,-0.5490633270262402,0.12348906941754562,1.5146877890638004,-2.4833555669130316,0
1.3157915865053074,-2.467471462019626,-0.507741870199412,1.5724841106845497,-0.12035277242041242,-1.560379856051958,-0.2189255516476466,1.835385254971341,-0.8973700370879533,-1.645614331471171,1
2.532557980439141,1.1705552840316866,0.2645682555968374,-1.5499756225849486,2.223275919525767,1.509016226954243,0.26371334083335696,-0.7718742482507469,-0.25758201160421357,0.12532928445964966,1
-0.17189034203988185,1.687238237563621,1.3114749023957373,-1.1314975719456455,0.7150882485480087,1.1792864676098949,0.920560134675695,1.1060052963055282,-0.8646528150554965,-0.8736581625304817,1
0.05672924882311425,-0.5056160741066389,0.758754628686344,2.0100249575227647,-2.834615233596617,0.6497294085978605,0.5668066933425759,-0.07263668884567386,0.46936400211869755,-1.5944051288004772,0
0.6139464856407872,-0.7449027018595885,-2.0664428066980967,2.0092254120975817,0.7139272069383548,-0.2384944006477165,0.12795682890673687,0.47287465241633087,0.6925518319510655,1.3057872660289505,1
-0.30216072742147904,0.8499291168490885,-1.051807785017681,-0.2227882613530548,-1.3856234215579883,-0.6626143277210954,0.41529519311857443,-0.4305240465447778,-0.5431655477661492,-1.1412346848472823,0
2.493539835040026,1.18089968472403,1.8393823022446325,-0.5204022729672989,0.6202524609056376,-1.298981291213192,0.315542128365056,-0.9591391332414326,0.9866908634321674,-0.3327509738901709,1
1.218819358606579,0.007917761272223656,2.5473800583904547,-0.42210491700220465,1.7342665761843428,1.4784754074777207,-0.733177587123579,0.5082095221715243,-0.1620841543942353,-0.14591992556408645,0
-1.038034426257997,-1.4424354921492721,1.8745153190497992,0.22602377585515088,1.072281111008056,-1.2072801151304582,-0.8028107539795151,1.289368619308313,-1.9837074275439792,-0.8014311311868513,0
0.027432311502972706,-0.3432333121970513,-0.343062000219263,1.6437114866554263,-0.060756612013517786,1.4469663870775678,-0.8149711193296202,-0.896164334656385,1.534057795559452,0.9160971687326139,1
-0.7701908172860505,0.6817267249392251,-1.8800633322111464,-0.10628668144234696,2.482225801256046,-1.143912627788582,-1.5344147938705701,-0.1839065301837115,-2.160801298582161,-0.23127250818747497,1
0.4148296527403925,-1.0202894798222806,-0.4527548525993822,1.1589074683079401,0.7382060614016145,0.3478205314519468,-0.6390200154352428,0.17478475697449455,-0.18989770478808393,0.010484789651456938,1
-0.5521907638009811,-0.6559585350247059,-0.8070545525359958,0.20407696601491196,-0.25239541354584893,-0.9838078347431038,0.3730422928439646,-0.20512288520336677,0.7591161169623242,-0.9423878586626434,1
-0.4440904516668327,0.41821932429386877,0.19289160322736354,-0.5199400288237599,-0.3314935791675523,1.7708825093827743,-0.232786024377946,-2.1216384822073073,-0.12293764686779776,2.60144248626744,1
-0.4669352609201144,-1.2177133935011415,-0.5433912300164647,0.5993374003490017,1.5176401062612777,-1.0865074002096355,0.6237584993316453,0.4308154768043665,0.24661004137590622,0.28816169560789356,0
1.5917222176285373,0.8227917515284459,-1.2106827511270066,1.0055855679660861,0.6311818835275314,0.6612449003628127,0.049078593401105645,-0.33710875440857485,0.5875482474067707,0.26232037849516776,1
-2.0114468441103406,0.4590796524650845,0.6002608901753168,0.8562342933029411,1.2185408071568806,-0.5764446071430391,2.719035441939252,0.13131247748607328,1.551718588427868,-0.8601029804854707,0
0.5647858738913063,0.49953061126004267,1.0741672721143576,0.7129107931079244,0.5533465641749771,0.32913621514684294,-1.2881803749425895,0.536938777083005,0.3677835116154544,0.43803121140523466,1
1.2790723296980164,0.7502718092522828,-0.7489872096439169,-1.1848528622700347,-0.026936264436647303,-0.35659998734772924,0.09091327754845169,0.35349791268772734,0.020279714935254156,-0.5015421569811862,1
-1.246282668071381,-1.5620730006526813,0.1888094341203537,-2.453361505905237,0.3284153809931616,-0.27242486700594504,2.591645024034512,1.3918975420286526,0.13151083513776096,-0.7258700515370886,0
1.7241376595552118,2.412005017235347,-1.1951831838628062,-2.3542690551241225,0.4387682731792264,-0.5934842018639304,0.055373384249467306,1.48638101818274,-0.8223499612223469,-2.6787143079715676,1
0.46518854962116674,-0.9358914258988131,-2.06197699218868,-0.08965754363340062,1.622173488895187,-0.46387270983426393,0.27538523658751346,0.043603354783154274,0.13901194573658832,-2.095502997055921,1
-0.20068509049252037,1.0175814180577658,-0.011337361476265628,0.5920287439457546,-1.7351046765021456,-0.418817288162363,-1.5935148497326819,0.08749002822420557,1.2967421389949423,-0.771852851026537,0
-1.5626716685511512,0.24028386252562922,1.219825198771535,-0.8465952697248889,-0.005176243796787605,-2.423956664064066,-0.34532596207060395,0.805951504124321,0.8327331951343235,-0.18693932140416955,0
0.15830194911291148,-0.1177009381205049,-0.21638517596368156,1.6297108952584984,-0.6404681822183156,-0.21384728375319684,-1.5429480370464888,1.1916760693462032,0.619173282047064,-1.412264345057451,1
1.18615733257778,-0.7221628404696333,-0.3917593876844269,-0.7445541081847288,-2.629174799922291,0.7788608670545686,-2.501176079402768,-1.8441874576890753,-2.233979826978092,-0.22861984459855939,1
-1.0270550069272384,-0.40059569511401916,-1.0870757098129475,-1.2362930656121947,-0.37961410342585056,-0.47859805853915793,0.6261213256257292,-1.558546620960473,-0.3567146677227432,1.696948468027072,1
1.3761539330049715,-0.49559907215822163,0.03241247249187565,-0.14155443860631914,0.6860510736015053,-0.7506277948187138,-0.40634826533209434,-0.04304393390963365,-1.7017097043654195,-0.5894849929889507,1
-1.2579737903554706,-2.6089085883132683,-1.2229581969139425,0.9905893798076231,-0.7550825406890278,1.3156094661948958,-0.2453558343125297,-1.4854114292487983,1.312438299036891,0.7744336449847781,0
-1.1994318587916641,0.9701817597268797,-0.5864625759177706,0.5746723375683069,-1.0579488924313962,-1.832934149527036,-0.4271885148008369,-0.30112244445045694,-0.1975439751047473,-1.272693196627238,0
-0.27321604750610573,-0.12705509743397514,-0.47071153419218964,0.4745756363872564,-0.4758784354298194,0.9567414543449582,-0.48772638480064523,0.07702219595481885,1.400559050954984,0.709763429399318,1
-0.17578202096683548,0.10479542108345519,1.8497204984216244,-1.998368457141797,-2.107672922973749,-0.6421499254973517,0.746186062212391,0.16121816247480084,-0.05828365418458936,1.037985930370092,0
-1.088411003682245,-0.5976592527583594,1.0797424592702642,-1.1988650903923608,0.9235408493502081,1.4461264909538993,1.5418349317793845,-0.7029583631232086,0.46543982761506497,-2.15409601782237,0
-1.3712966487974798,0.6260777660268299,1.5116862493070227,-1.1890676626648335,0.18816956173748517,-0.4800442223875686,-0.793598411108878,0.9853972609480068,0.20743291868576108,-1.0818479015590423,0
-0.6951201848607529,-1.242438802739612,0.38143262490623814,0.5709069069708907,-0.557875318330913,-0.4287633163717728,1.0413341670875909,1.8167349636422323,0.4906159893308081,0.004492794747779971,0
-0.6072989802737181,0.008378249508823182,0.23750761781911445,-1.9023438211387271,-0.50208616175314,1.604673485980914,-0.3007509416930765,1.1317053482386548,-1.1611507427383319,-0.9435034514273941,1
0.4865732761141802,0.3575147998037932,-1.9109736819397047,-1.1883445688464351,-0.09808864505081755,0.9669566683545932,-1.7856886642222123,-0.15788036225125573,0.25737442568675595,0.7860929316024647,1
0.2063697493598725,0.553928140110364,-1.1672306563703576,-2.4057693364461032,-1.602573282400746,0.7972140738122512,1.786190762026214,1.3221080789134352,0.6524306724636454,-0.26811574864129045,1
-0.6334752965214058,-0.7075031256592363,2.623775645489287,-1.1361878516236472,1.3676361993760628,0.13939320720592013,1.305884590557841,-0.8709944844341763,0.024340416110366414,-0.6922598626013567,0
-1.1616286265163054,-1.0904132789875938,0.6681447058687995,-1.151855645553824,-1.4713985422603035,-0.24691421687582915,0.06059277546859257,0.4310806410990501,1.5233001311115368,0.9959405030850326,0
1.1052235614857586,0.23658084019845824,0.19674398908726887,-1.9630295006600122,-0.12273778480341363,-0.5262987926903194,0.45859106386859116,-0.045898217384743756,-2.414839567081944,0.25525293628852924,1
0.787441043824897,1.052112761733211,0.7475913794697789,0.039724113567180974,0.3263520996178751,0.18801644629937997,1.6347999475700936,-1.4938378443164742,-0.8432892519437087,-1.0405284323953785,1
1.1332037059607134,2.278258589909097,-1.350487550794337,-1.9374449680240056,-0.9663545047604422,0.533531875531139,0.6421200542043473,0.6728557194567346,-0.6440942279857149,-0.9739564705144854,1
1.107405856719677,-0.47004364156093065,1.7009841081818318,0.3481589761701641,-0.1430255594825911,0.1643098555898851,-0.7284172883481487,-0.08812097681712439,1.483983168903408,-0.5118359314805759,0
-0.22219101105296835,2.9478685446160133,0.38122228500621413,1.0516846184753508,-0.9838452413760774,0.11794234479041646,-0.012507963641968156,-2.331859443825578,1.8942034873950093,1.4452425179760318,0
-0.8259932089058699,-1.2759703833254856,0.5070319090135267,-0.9716844288670797,0.8303055289650803,0.29809847810021406,0.6195935483952307,2.0254834424154384,1.037175601705637,-0.7460138995050736,0
1.502382927916353,1.6357294722095435,2.861608115781998,-1.6038764802303316,0.4365420794952518,-1.8850474857694772,0.6237210896285106,-1.220201185666943,0.5958405123339556,-0.7468164725530664,0
-2.6061339462598774,-0.3123085064157977,-1.0011668099583695,0.9167118737562701,-2.2833473421121955,-0.49445992254766935,-2.3661524804678424,-0.33874886904276913,2.179836271020738,0.4307720501776581,1
-1.009352481991638,0.3053283944422466,0.756040697749294,0.6293994958357826,-1.2712439366607071,-0.23740932866040843,-3.385285952662421,-1.374793034811158,-0.5839149204286751,0.21643313299929834,0
-0.22539234255586216,-1.8287998120922457,-1.3640808900252392,-0.7283849286474167,0.030929202760135055,-0.22904707956925918,-0.4459764591398702,0.8786081890849053,-0.28515283141439995,0.1245026925705115,1
2.5931919940841337,-0.8283280847572859,-1.0626749667663895,-0.17929015269500703,-0.4450574107678882,-0.9232727843265305,-0.07807893298328761,-0.22677112971760727,1.736704080202968,0.8607378967063332,1
0.9674117863942898,-0.592549541673676,-0.53133347787504,-2.0368449988901594,-0.9067288795936087,-0.10566205307941001,0.8905939502957074,-0.7797517835564168,-0.20332434450559933,-0.7199494561735841,1
0.20577224303003308,1.0877650821137281,-2.0775860014941294,0.6129119422016265,0.8372988786296934,0.8859659092402342,-0.09438389916201329,2.8784005829238524,0.20308241150821998,0.18770415720129863,1
-1.024963987681521,0.8435262915498539,0.8807540851155473,-0.20454918408849362,-1.761156240091621,0.5005791974487982,1.6235842809603263,0.7341036749933822,0.8963854121353121,0.19237454512844712,0
1.5500860464622823,1.0444955619106064,-1.3603694754131472,1.5683217819994053,-0.6626070111944165,-1.3461296836897294,0.40798967612077697,0.41199822211442044,-1.2475262732937955,0.9523057519360377,1
0.923109327848342,-0.3516665469913657,-1.8309225600021288,-0.41282684523468205,-0.7334450467704183,0.025749220032380463,0.08010628760916333,-1.4061851264325658,-0.49549153816357533,0.24384523368814215,1
0.8545079770560046,-0.6316774477773067,2.612440467403922,-1.7470829366527187,1.2434710003156515,0.1935315034647991,0.24415849232470288,-0.029872734145511254,1.270438415781847,-0.02767628081750312,0
-0.9780892610787536,0.7759780892373199,-0.5559575706299755,0.006055053743654226,1.355538893554395,-1.68041746942533,1.3000376432339253,-0.43344073426338603,0.010692380806736318,-0.014302353743146229,0
-2.2218832117175125,-0.7334313861888664,1.7251899042173846,0.8095583755977152,0.4719394906136723,0.21196097099027977,0.05377055302928685,1.3012197765160962,-0.010678968388638022,0.6659049611555705,0
0.6058228964648219,-0.45371300125079983,2.0859443340979444,-0.43526752835615223,1.6652180370406142,-1.4222787115418172,-1.1331170971258189,-2.333588321278217,0.1864163323483316,0.058570029041111304,0
-0.8108729547593553,-0.11068509565389308,-0.3328298703496725,0.5332872048103315,0.3748839453199607,-1.2205348314336155,-1.3625385146123399,1.6225226480075912,-1.4078185064322297,1.2258286346336589,0
-0.8783735092846615,-0.506180779021587,0.4927924798106976,1.5604254938687028,-0.6857265517877222,-0.41439480404039697,-0.6018981491700758,-0.1884118455860722,0.34524704416264385,0.4930366567843541,0
0.5276142676983764,1.2647743448756315,-0.12074845911560428,-0.3605137534789866,-1.878090813028177,-3.3490130830567915,0.1710648549815695,-0.44873420510436457,-0.904394825833118,0.862643416444857,1
-0.18241701577243244,1.0367382849608153,0.7271010989895559,-1.4262934535883076,0.7466477308334998,-0.9917473466812745,0.561673601969638,-0.1738387772800682,-1.862277246597046,0.5141639078219075,1
0.1683478829739078,0.4980695178052038,-0.8895689082134399,-1.4503880177788826,0.4086721348284523,0.5900740696696566,-0.45610219018411025,-0.23501014000311887,0.7866479662116336,-0.801055377652889,1
-1.0285552280086274,-0.1937872646387932,-0.3391493712989589,0.05034663860218247,0.5567749930359993,-0.03183493352474703,0.8628690633637176,0.9954302041928282,2.5606011996258213,-0.6556270914235932,0
0.384125855105484,-0.7050242993903291,-0.7858442047733427,0.29098104075173437,-0.4087294644440924,-0.5004861887050045,2.1625210039581866,-1.0433091457854777,0.47828348386329134,-0.46968014273274533,1
0.19220645986105853,0.07725813580933452,2.083899052697504,-1.9462025806627294,-2.10294124759454,-0.37943075503878076,1.2048407156918441,-1.5275738720673724,-1.9799835109454593,-0.062354006587619915,0
-1.139066971073625,-0.8686979069787619,-0.2841765814751943,-0.8769671004937116,-0.8795068604005645,-0.25340607935844517,-0.03837853129045049,-3.4964401195876724,-1.345738832995742,-1.9303814849618144,1
-0.15467174974148157,-0.8619670361975973,0.13259664152291795,-0.6693974696472063,-0.22020006266343012,0.5841964916574013,2.6336624217221454,-0.14301952673129165,1.278686494931664,-2.1519194667093964,0
-1.8682420559483166,1.0900435387261955,0.4919583239106934,1.6006992822759696,-1.759384872965963,1.9316155909836539,0.7384866946434174,-0.012412464733094708,0.6171467543931425,0.1538799364039719,0
-1.5039253937831991,1.713353456276434,-1.0322453991537213,0.9244402280449756,-1.6276305484608165,-0.47898002564322995,1.2827767367592366,-0.11339927464979965,1.7720078312884506,0.37435916622496,1
-1.8232115458034874,0.7488084446704717,-0.9773971085385191,0.9417714323193008,-0.9234476390069009,-1.3886629722376258,0.35594203194406304,3.133231364361719,0.16265803506134507,0.03634135079654407,0
1.1548748029428832,-0.34235731792764457,0.20678059523902617,-1.7624031413536168,0.715330343706134,1.3308085020229181,-0.6202774209068591,1.1060154128188913,0.6176763346045664,-1.4301702671833625,1
1.022641854891136,-0.8713903703127266,0.6679105244232514,0.34376894756898024,0.1763777947857794,0.033048238029887766,0.02986060126918999,-2.1852705488762414,-1.53839359949691,1.0657043881770636,0
0.9597740253226107,-0.8034460970909696,-0.3936658615812718,-1.081544383931762,-1.8607141479701126,0.029151157633748176,-1.4466138794675492,-0.7392416254577946,-1.2841425758411769,0.46858171643108837,1
2.174591654183239,-2.279340871944031,1.1917664987420282,0.8266604640964299,-0.8559363329789261,0.1314502798749324,-0.7521622865690913,0.22353836679075145,1.941962566190269,0.4861295902474163,1
0.48348245382922017,-0.1057292995199669,-0.3492602089013548,-0.30487090898282665,0.3554713900689561,-1.9755116243478836,-0.7538675365098566,0.8825798727554689,-1.4575074393481338,-0.8142333584889861,1
-0.41395553692881754,-1.750027949922188,-0.20650517594675633,1.2854657278914328,-1.1352931124459231,-1.8078243685862274,-0.15191139261929448,0.9889235000771919,-0.4154425319595177,0.021153047758514787,0
0.22897522135053622,-2.5760534535566766,-0.001407489765076042,-0.28125976940462355,0.10629178009567186,0.6548502420486911,-0.8139101402120992,2.2138453988858213,0.5515610109255863,-0.5460371451192174,0
-0.3917117792779933,-0.2604385001487345,0.706402052147507,-1.6489201354925604,-1.1650015801573064,1.302407792421911,-0.855963952888757,0.7878911335679974,1.93402923895197,-0.038176309523950014,0
-0.28329293462313343,-2.0153586455673125,0.5617173168127378,-0.3579837587857416,0.9003061964290551,-0.8774964798896381,-0.7622772740335677,0.2592933747857942,-1.9090918016251741,-0.6508805985424364,0
1.1849803680740245,0.4466980932333693,2.3922177588518445,0.9579687671000927,-0.01872490022159501,0.17712888844001504,-0.3689466295532439,-1.9001804594456413,-0.575987635068282,0.07136903494324798,0
-2.5972517363428165,0.42298396147436196,-0.992249841877862,-1.9816355369234344,0.6490797192681845,0.29211639622421515,0.9599114776475015,-0.019778209035359706,0.0006806160944549111,1.0079531744424246,0
-0.35278063856891495,-0.8227624249375924,0.7152606152637015,1.5501299014637313,-0.6398047953603333,1.9257944319641744,-1.1045310177093846,0.12370363828212821,-0.27024154410747214,1.2556340082658801,0
-1.9702880107120855,-0.1227096175634696,-0.7098831639851626,-0.10290731069671946,1.3549303905697365,0.23782909234639393,-2.243148866992109,1.9364229052716497,0.5170548251415021,-0.5149149887328511,0
-0.10723314840540307,0.17135316167853204,-0.7311651451550318,-0.34681386117147506,-0.7923626344525806,-0.6938864300338503,-1.2498320546489659,-1.8345832026945492,0.01670803913822816,0.612811490890718,1
-0.10695413830441425,1.4200749096600422,0.6310140931008175,-0.5753255768650272,0.23020169232137566,-1.46379166579124,-1.037300431462957,-1.5044390967183263,0.4991782051198127,1.3260174765125199,1
0.3253057075023649,1.5147147804862122,-0.8858676653669907,0.7244349085565194,0.23398896593736485,1.080211667008648,0.47608713234264655,-0.33477867660102134,-0.2064591951366408,0.20856160321996897,1
-0.9947447992024321,0.3098982091418302,-1.2584683326074877,-2.3954070305807154,0.4682981103172068,0.6911067868928353,-0.8834971114226946,-2.5430182295977755,0.5321081634141362,-2.055317736104382,1
0.01986767438795467,-1.051193984078307,2.156721429339937,1.0827677902969617,-0.8783922995891191,-2.0469659972068444,0.2149293192439588,-1.6659349954519032,-0.5087435489247886,-1.2084157432225344,0
-0.9114384025575926,-1.8664495977910658,0.9271756287515602,-1.2232920497262456,-0.4577071686334613,0.1918170214782099,0.7228824830987362,-0.03782312354647524,-0.2511970802042788,0.6432580527915255,0
-1.984998106557072,0.28694891726447647,0.7257390510287992,0.34263027420199177,-2.072720549390395,-1.5840023206131228,-1.9561211849236089,1.1040468931291356,0.583162700409701,1.3172518100129182,0
-0.09584803791102714,-0.932627678035958,1.2047494720306973,0.8497023225170421,0.7166187464760014,0.042727144475477236,-1.847498077615069,-0.9155178819732375,-1.4488244707395843,1.2478963706837871,0
1.6100086976156538,1.7186534508537645,1.0484953917430484,1.3735732718585207,-0.21328806620635982,-0.4232078832755276,0.30483968731385025,-0.5204789727902108,-0.41816814085795834,0.6237622948124242,1
0.5300648176045096,0.999410513673122,1.1590995221414038,0.1270718638589658,0.7922557503659693,0.16719880435956969,0.35723463059598154,1.4179838587805107,-1.0326006988975667,1.0695163721903822,0
-0.6249235686813176,0.3351726382187775,-0.7645658916090537,-0.31060052872555144,0.09641337055112557,-2.2403436638770184,0.21928498415079747,-0.4934380177168862,0.4318004353890455,0.24068308463280622,1
0.9212862607023624,-1.3994744639448213,-0.5306364223471205,-1.0818696237820873,0.2732406012424581,1.8323945530290102,-0.44845346938998953,0.322230293398842,-1.1453485154700191,-1.4426276976618275,1
-0.8550775523174718,-1.6195673589809214,-1.7257856323132885,1.1721722037401061,0.5386679493627514,-0.44581514026311875,0.4086405143981153,1.7409373117987659,0.4412538801184663,0.14180835749395204,0
-0.6188001247546275,1.4844396635097017,-1.9978900183560566,-0.7686142922331932,0.6967362111855826,-0.8981120959834255,-0.938020701117456,-0.16700292467281364,0.24880726654945268,-0.5602195184232766,0
0.9571128102086028,0.9294386925642675,0.7773840792199636,1.3027741247491744,0.3376506708687753,0.8958380334664426,-1.1651495130779608,0.7206974413988141,-0.026476653193661256,-0.6882274450394933,0
0.15414465657172963,0.798293146834992,-0.17398924267058724,-1.624226309180619,1.422159630302057,-1.04919852337658,0.0964103022620205,0.29162479476876246,-0.353677591223114,1.2049847396368913,1
-1.4842103938803628,2.7228885204306668,-1.7075776651781196,-0.6110892926655921,0.2878043080530585,0.9668355707004701,0.0176390884708377,-1.6560673405671409,0.18653091024974305,-0.07008026152051677,1
0.9090776129733611,0.5874271216031739,0.6788198467099802,-0.16866832554861289,0.21951707791286706,-0.1359439162362655,-1.588494592428578,0.017819028505119128,-0.11251513628125859,0.9854568072322504,1
-1.7804522377349141,2.4187440100113786,-1.3266539383736693,0.39845637796678834,2.1586121673839913,-0.7798293977515727,0.9362354161828009,-1.5085787671226292,1.5397446474049945,0.7267123942693087,1
-0.6936830575542989,-0.44633532436797785,1.3606943418599904,-1.2160706714087564,-0.7077986761306233,-0.5853835684550879,-1.2959512143611378,1.3768707423902187,-1.2808007795707503,-0.27263324555662605,0
-0.01689153866186524,-0.8705600179506481,0.4006650753102493,0.11626800457110886,-0.11210958677424077,1.4727403709627742,1.2016145446835425,1.0477902420306213,-1.5408213400634385,-1.1396395246121362,0
-0.6547268889321337,0.4689320513709899,1.2395335646275314,-2.301137169757325,-0.18059027014796553,0.22335443730346993,-0.266653436765662,1.507506266293467,0.6863205560379315,1.2221341112299533,0
0.033659471101174815,0.8280910083679489,0.9098418356777874,0.7335837765001443,-2.2596310578407133,0.5776780585136345,0.29746267569849943,1.0066062467648509,0.578160079369727,-0.35055413480869185,0
0.5167317884291931,-2.7470140542175607,1.0488283737660775,-0.2436319407223006,-0.18868168038725325,-0.6632694217425515,1.5578359810641642,-3.2516618991287394,1.2241908219685629,0.6913174320594445,0
-0.560366724080765,2.351029793364346,-0.7940624285555838,0.5638800273322144,1.3452867927609446,1.4567543614156666,-1.114437945646225,-0.5029392712005875,1.9347968352188425,0.42649752196289054,1
-1.4401525403124662,-0.689170319515864,0.5623698892443193,0.34886910116206654,-1.0769919673465207,-3.0854290409581155,0.6070649867890653,-0.6641037338872372,-2.0909213313298713,-2.4186026445664526,0
0.5938395560097299,0.4229672519670433,0.3738351955725118,1.3314498963366947,0.8129583173319839,1.3231308705574287,-1.09951508758921,-1.4352713765570821,-2.429687516622953,0.05701748275863913,1
-1.0665930800845904,0.38214375031712056,0.747253334130834,1.055363010205372,1.90089312136383,2.192622923036749,-0.35666435993967216,-0.9359504025843403,-0.21633657005062573,-0.9088670974254214,0
0.851697302045445,0.3033265320709372,-0.19635226669685207,-1.0515551146366535,0.38589868791096466,0.03754009027710195,-0.506109301208981,1.1405996044094018,-0.8231161040744571,0.32122205139205406,1
0.9523171955751427,-0.7890071087127261,0.6052915280445904,-1.675535446454629,0.2905152899707081,-0.3345606813061871,1.498238629219121,1.0883981974106869,1.0526257840636712,0.29784466449589325,0
-0.38035115298942385,-1.3219479346568823,1.7096713364325211,0.19148003592920726,-0.9519579838293069,0.5143930147555067,-1.0119754431053878,-0.7016031922400152,-0.8680514107657037,-0.21657301081321811,0
-1.0175484933157306,1.114279035489366,1.3679387195050976,0.43684412341041245,-0.4560298502725,-0.4215671982040433,0.9414805316770634,0.2848354177062923,0.3831678101914957,-0.32885755310169984,0
-0.8595720456200293,-2.026598890218577,-0.18576034034434796,1.700171981099806,0.6438302022435688,0.8393185235979654,1.8586068754341234,-0.4279114197692807,1.0712185073751932,0.5014244236292399,0
-0.011954705959583145,0.830526388764927,0.956022134385476,0.9271402979945818,0.2461025403848137,-0.33979055454799395,2.636934557198215,0.8101105991030906,0.5326272336500357,0.310572852407978,0
0.9675446637948276,1.175760501205239,-0.30400550043331087,-1.3676313936326991,0.5741004121357586,-3.146667821911832,0.25813284301741846,-0.8826832272536138,0.6508525424499514,-0.3900734727408491,1
-0.903959555144842,-0.1504590292074381,-1.212400399012997,-0.376248409216326,1.1965882200594709,0.9281917832064099,0.3800790824457756,0.21739517240781134,-0.5894844335278119,0.34259962883296974,0
-0.23831701499220925,0.4025564229307894,0.2816242120937658,0.7490783244842956,1.801601423412207,0.860791600838377,0.33456054614979247,-1.2411675855858801,-0.9850348388434076,-0.30484831991900957,1
1.2505205801001082,0.28450182790056283,0.468574287201596,-0.5552982480748131,-0.5611848318815668,-0.025824856705209343,-1.0130989621462947,0.6636498018930248,-1.0264217343885282,-1.3569634532614243,1
-1.8596167942837991,0.3733086070121303,0.4165575173231984,-0.263238660617395,-1.5593549916510479,0.8803330928643657,-1.5730194999748013,-1.1573961565973834,0.5079909130202674,0.2819238795558806,0
-0.019991192720394887,-0.794998399405546,-0.031202925540014914,0.16953237070363697,-1.6204460253495356,1.2906426022550366,0.2653785736690624,1.4063124863801244,-1.2537089291904506,-2.4672661799538798,0
0.49370369414553517,-0.11062568078598839,-1.7660550250804314,-1.3163495279556698,2.685783990027141,0.3021230138246567,0.6428174913210749,-1.0479577007575749,-1.5699629446925725,0.46800584492974007,1
-0.6582821362280002,0.3400931215062225,0.366611767723246,-0.011689402458901543,0.4593299706425504,-1.8799540719511567,0.24533084720782997,-2.4968432538369667,-2.5386744909308963,1.1647254373983351,0
0.49969689007013085,-0.6129336308655339,-1.6902508060077093,-1.0402294565115664,-0.1373206411896325,-0.45933471611831767,-0.6361595357780043,0.7882963139054112,2.1978844389172387,-0.6908610762065869,1
1.4229279310292635,-2.1263110424296405,0.4793501779975568,-0.9687965576239382,0.253837866756957,-0.3352195107279609,1.499541795656839,-1.0865783584965367,0.6778335857178969,-1.0853337768644866,0
0.23290270775715566,0.3821590055163129,-0.7348885343710981,0.3598287200813643,-0.48136432107006233,1.0000315194796021,0.1796025398094237,-0.00457072551719695,1.5312026952613442,-0.6917563693320401,1
1.804588470987691,-0.3544001502145485,1.2587637984362403,0.8567286716096041,-1.5548030245667408,-0.44634082029550987,-0.6069974646297671,0.7333517145447315,0.48701810612816265,-0.4985584147513436,0
-0.8260996684590253,0.5023676505227261,0.7848979647224442,0.46563683040020554,1.1739435867578623,0.9181082589426064,-1.9953695426668834,-0.6752736384920204,-0.7788589939321957,1.118291452441989,0
-2.3123436952814154,3.0471108286713235,1.158423549421391,-0.11001662197830742,1.0461544107215903,2.173252103750185,1.3863111175384715,0.9942500429851521,0.22232021993423262,-0.6688984862432885,0
-0.06377732961566296,-0.39753850754910963,-0.40650901090875163,-1.2691496733106293,0.44575152216268277,-1.7091720185959385,0.9007120160289908,0.321109609246972,-0.48417637167544775,-0.588906870267446,0
3.2393269395443824,1.0117981183688753,-0.7047623552277907,-0.7551715882194187,-0.20610978382815076,-0.6693047016950178,-2.3338193329310126,0.4839689773818676,-0.89886696727749,1.676590928877912,1
0.5750358635103412,1.7735013784092875,-0.35322647009571945,0.279068934238255,1.2813247870073683,-0.6819397398945084,-0.10550184513319028,2.911700880533776,0.6926158850918279,0.9420526768494988,1
-1.0586330047961061,-0.2907577314224945,-0.12533191357414375,-0.3542384586289776,-0.3146624589186674,0.045097616944924576,-1.3500819704589375,-1.3252490042341654,0.20161782477472107,0.16049260874020044,0
-0.5825691970764078,-0.7611749442005513,-1.1764487781238864,-0.768915521810488,0.1689626849726989,1.561486372511965,-0.5577815009934504,-2.1323164909905703,0.26397149086952554,-1.0312286644703033,1
-0.41602046291295114,1.041663819382338,1.470553341855907,0.08127856874247548,-1.3771183335387958,0.05337439441214395,1.2995016667623926,-0.17816729063841188,1.1556927653833533,1.3046730231933938,0
1.5372259275463889,0.730097179554587,-0.05700226588505253,1.2438837090296704,0.34961965675385437,0.1961070241990459,0.13912915248017205,0.4346318955740308,-1.7877682905278807,-0.11463815043375807,1
2.036370755675688,-2.2656011627487547,1.5987911961448031,1.2155795911660834,-0.8846501320272786,0.1389031638554017,-0.40185357681458067,1.0808540843414576,1.2037842773170977,-1.3151027274972866,0
0.8409518037901005,0.8745775268996561,1.3802616759595059,-0.6812523065167482,2.2097315525707497,1.3696142850177233,-0.2013008077788362,-0.8137644064160336,-0.6497785012799067,1.4251651694044067,1
1.0057549626787297,1.7364210342994615,1.132752665977449,1.1687690736834548,0.4294716807874829,-0.9954730867143184,-0.06882175390393594,1.2490775819749096,-0.039725123606602616,0.4363387111640875,1
0.6391195165754461,-0.9244819235273152,-0.26568277232201715,0.4544703143473041,-1.1970622018422774,0.2975008842806284,-0.8704814314666893,1.0183877431982347,-0.44653592225176264,0.7263277405843107,0
2.5043750676471883,0.08130611174116144,-0.039938075899861314,-2.1484391650486128,-1.17720486995009,-0.9392708512550214,1.6905004426917645,-0.0428452856084396,-0.42888711796956286,-1.024981813544003,1
-1.4965252154147501,2.2223564904924933,0.0516781351008955,0.6087605984144887,0.9239952153863071,2.017823196950368,-0.4685893641539473,-0.06733073335811655,0.06299376303240184,2.5294940685963976,0
-2.1417239630442464,0.47986472493822807,-0.5225655256104935,0.2082777014544835,-0.39050121866089094,-0.3998932606255157,0.16188843599863478,3.183415269322196,-0.2829502306191133,-0.851264391010855,0
-0.3843408021886355,-0.17196536679132485,-1.6250921959883287,-0.969047290797896,0.6397189308077814,-0.9478423445346731,1.2575028122695573,0.09683961081072578,-0.5262815848388175,0.3159149885643725,1
1.1101722895358082,-0.24656905580041855,0.8958153481017405,-0.08001585992211258,-0.1520368439939377,-0.7575412054226147,-2.0313542369571285,2.5626871157955105,-0.5995690692363416,0.1976749852106651,1
0.7690759601003782,-0.3228073228145376,0.18372937932860883,-1.3955465065048642,2.4323271363195564,-1.4685995503332685,-1.3110745426291923,-0.037192980606217674,1.0182719429087395,0.15642529016008513,0
-1.1602680503679315,2.3502821519994384,0.650789478617137,1.1226666133424537,1.069386794002798,2.3357404568762847,1.5631012271558324,-0.713197122058119,2.073503206184752,-0.22924060035568183,0
0.9169505669053998,-1.0208273964327415,-0.12238223043224647,-0.35597523962481276,0.898186056356274,1.3567712208660685,-1.3276962081387267,-0.7990228391265508,0.7392520583923439,0.4386617566482319,0
1.4466239406543107,-0.35279750105714963,1.1228120308563172,-1.5573846861883303,-0.9037860447881703,-1.0121330047575257,0.3427961933421423,-0.31631480630148817,-0.4558540985285148,-0.5259662526741944,1
0.6878288418150628,1.458463613225077,0.3819579831665911,-1.5021032907439333,0.8587812375687547,-0.7406739824231368,-0.1078264948465746,1.3313285178672436,0.22375905473359634,-0.06424352176752068,1
-1.5973559572820533,-0.02149399272838562,0.5827675617726906,-1.905640763126288,-0.22247697244486575,-0.24964381510918515,0.4485947190367875,1.2459229698395433,-0.04315004773969333,1.1203764878874631,0
-1.567256166612554,-0.060704565603845434,0.14594391276444302,-1.5087251642616268,2.049951782134758,2.636564523376317,-0.03309384608483408,0.5475574007652464,-0.6111838129597006,-1.3130985490928437,0
-1.1593142205920992,0.11177593156671384,-2.4996540958617794,1.939294159105697,0.5757095574330541,-0.516790379076223,1.6488255901372173,-0.7380773180757214,-0.5414089382687408,-0.05425674610311554,0
1.074823952764563,0.2779780466657624,0.39655372410391454,0.2045197021253954,0.18309203447436037,-0.7718642769059672,-1.1274663229570983,-0.46285740662651154,-1.634124792959088,-0.2639165283959216,1
-0.06720675253482339,1.9838160052810327,-0.4836004918189136,-1.0508526669607239,-0.5170035557530528,-0.04424125660059153,2.0777821609293383,-0.6541851605170823,-1.549758010166733,0.7049031159454,1
-1.1689444005768503,-0.09341896076546419,-0.31911377271753144,-0.818706659670891,0.8379051468411708,-0.853637405738128,0.1549131363524685,-0.46207578851225467,-0.007599370151624152,-0.643106250683649,0
0.8275835454266678,1.456514405688429,0.1486352377586438,0.3565446166907759,-1.9870627393632148,-0.3063994491717087,0.8262879015677973,0.47686537796933937,-0.4547758053004105,-0.6666542950609574,1
-0.19881951568740386,0.3402147175587102,1.5765358455154581,0.5302652311113876,0.05778740294991824,0.07739514400915935,-0.17067684571393515,-0.5692407033161171,0.950365241675668,0.8858764324965626,0
1.288815793523568,-1.877066760516516,1.346815981569521,-0.6490025535857903,-0.8245584132924911,-0.5451025147019124,0.15951835959767652,3.602611274830305,0.06406635984102046,-1.033806546648786,1
-0.6119882539858543,-1.7032938153131019,-0.08716334021598299,-0.2879729928006818,1.115854635956442,0.5496943159890586,-0.2231829814022857,0.4578289222861955,-0.689013601576589,-1.3400598520153184,0
0.02381904365314602,-1.0822428767277197,-0.6306411801931823,0.18807099152105577,-0.15787494802803037,1.7365490324740378,-1.165302293084012,-1.77625982533911,-0.4052635818481938,0.6318290672313513,0
0.5520857570788017,-0.07642705872583538,-0.5346021670145418,0.16614169278575155,1.2845556524143333,-2.505301473722356,-0.03615643816316677,0.1633335463689585,-0.3856782978513492,1.5173598496032952,1
0.2716788149348949,0.1639588395769795,0.8162380917805385,-0.9375704434478481,-1.7199028930419045,-0.7032710929404401,0.2592655400175241,-0.43472216600100344,-0.2650256414027009,0.8936120601942162,0
-0.4778472945912695,-0.6638694672332699,1.2702475636052426,1.074961297703659,1.5867105608576917,0.5556632988617531,0.9594313454879994,-0.8665697327518771,-0.993689781249526,-0.22461574799546768,0
-0.14920687372269562,-1.001753379551734,-0.9456556237570602,-0.676217972940653,0.9818043438842692,0.9229022038558794,0.4754108742681642,-0.35467448194468065,-0.6085269106768415,0.309031712130341,0
1.8812522736987967,1.3174985885670611,0.8065506049000383,-0.697966811422637,2.830663464749533,-1.065322310103562,-0.6292614797746106,0.6463377975350093,0.937110373025579,0.3458375497529129,1
3.114841665851747,0.11566639290440739,-2.3991908431586646,-0.29784401366213836,-0.2663879834117556,2.041511995608442,-1.3623429102338778,1.4252172459844696,0.6828418424546364,0.3340931696189242,1
-0.2836626816692186,-0.5031592616780631,0.42216615296817434,-0.284266953626395,1.2817537703857522,-0.29593129558634673,-0.9157282497126555,-1.4987540209173789,0.8214424099862548,0.9224992895688684,0
-1.5903102032996013,0.5925030459987921,-1.173829299535417,-1.676859004534976,-1.2519442428492182,-1.1060602350646107,-0.4030919492536129,-0.6555139509499779,-1.496339878371467,2.675788701098385,0
1.3308615353541713,-0.0848392758946448,-0.602777180010979,-0.6747047118022311,1.2546036123807045,-0.6551069678651285,0.8251775179608608,-0.5529740405344885,-0.7981978485560712,1.0593098479677427,1
1.125776203019645,2.6868437633936906,-0.8202833175190469,0.08414578754989555,-0.8122931818955013,1.2450358520127107,-2.3353222189915934,-1.8079433743934121,-1.3825580481126676,0.5378829423982467,1
-1.1834991843867564,1.0550007599966722,0.850235155025116,1.488930283242372,1.6829507833049056,0.949297485013001,-0.9867171963984644,1.1379606655068353,-0.611428732307658,0.9146076664399625,0
1.342809254214913,0.9006419252379714,-0.24085553234768886,-0.8602856097324024,1.6810500686138736,0.09527905972289966,-1.2254536471590893,1.0046082469231907,0.9170838997678012,-0.34549320110335724,1
-1.1029230003212285,-0.09909409753964393,1.6805419969519164,0.36890376648129647,-0.4231326102439348,2.236267100210127,0.31896032511897243,-1.4587951680003968,-1.1154728669675769,0.11089821891021434,0
-0.6039259661711086,0.9671072885527121,-0.4697768383297941,0.056715700423045856,-0.4349765181683698,-0.11637076088440965,-1.5826118750506826,0.3841355698076864,-0.8313448131258316,0.5990364695970783,1
-0.06683709585061923,-0.37740524229730343,0.996971100797585,1.1716028846449766,-0.012481798164430985,0.045389455180263875,0.026294954177944585,-0.2599808083357294,1.2301379349304462,-1.7338371885890835,0
-0.33298042345175904,0.018063288587161996,0.21814315615871777,0.7884119482186843,-0.7246250409066218,-1.503613451894462,-1.1678741827494148,-0.8715789443847961,0.426489557239957,1.529340198729013,0
-0.5641023783010024,-0.34171464292186615,-1.551520819881097,-0.9916406352422411,-0.36309434866073004,2.1521113170900077,0.05413882217735572,-1.5596533795345857,-2.7034999720886534,-0.47738331737729,1
1.366988232793836,1.1363485059099192,0.15947851020904044,1.150575796101058,0.046814000994055194,1.1609762630077916,-1.328846846192585,-1.3673554743417977,-1.2323608791723641,-0.37467568354323155,1
-0.7424388997147624,-0.2765709401145673,-0.23665681627827273,-0.18854576008737378,-0.5385568160069434,-1.3051019600545746,0.30810197915605597,0.1647760462748073,-0.8846789562698911,1.784351140218688,1
-1.0470306383766466,-0.809093149207148,-0.9300671801371387,0.8893933108018912,0.5360000597876988,1.8639403895867814,2.890861723651976,-2.1120758534373,1.0544907321726122,-0.45876940064924615,0
-0.361835799712544,-0.4461254968689483,-0.7850129582036838,2.7437853339473612,1.9784838455723959,0.18671190851159908,1.980745236321503,-0.9120544593480031,-0.7843286631564926,-1.9054419698846543,1
-0.3677149866684835,0.44730404759191156,-0.25641809357826184,0.11668523565073194,-2.009455416241881,1.0913758945225491,0.45521373207249305,1.0827154346199324,-2.280157060493465,0.7937349748084138,0
-0.9521083589290261,0.7191553358261005,0.9373898413148609,-0.20779176993918336,-1.5266689774696467,0.11535172593524096,-2.04614626234876,0.78300942327848,-0.688261930238291,0.827986304297375,0
0.20157045434497134,-1.0072470453875202,-0.9765302103617599,0.16089406896619984,-1.5626344117175344,0.5048856756732831,-0.2787102022080497,-2.5511404818853314,-1.3300313936784058,-2.114774417932399,1
0.10662201769021065,-0.7229378229501688,0.2118289884892406,-0.41495355052392496,0.3635409286982918,0.5491173738591408,0.9137136400424924,0.17005396425170013,-0.992784340379115,-2.162821307794709,0
-0.5323803690024143,-1.3078396014227591,-0.6990498514398341,-0.6911685650744201,1.0439613741313694,-0.031750430899647464,-0.29449450916476466,1.5991329788179753,1.0326770120029427,-0.04116110123795444,0
-0.28373227657011185,0.3000494312150077,-1.2030078061487204,-0.6618204841617676,1.5559210088438897,-0.6920022355276252,-1.2720130998513737,1.4540272154309162,1.0018178519421939,-1.999342631492842,0
-0.47542086589365085,-0.4125945416127234,0.9713132355508746,-2.0571640411841994,0.8937063895325045,1.641311936336781,-0.6194940555990931,-0.16020946417661397,-1.2535107416233982,0.28872817893093194,0
0.3273094669894521,0.7224131822942759,1.1929012811189386,-0.9809846418289523,-0.9946115135570475,0.382859949499977,0.24213296756558955,0.16310482588540892,-0.521525437413536,-0.02458324762015307,0
1.6386443729192184,-0.4716013139523178,-0.497922084548842,-0.5657454041822428,-0.17400803880425755,1.7240460805977453,-0.16736015729287423,0.18275544431375548,-0.54979734867378,1.5929850580057354,1
2.2887528323665705,1.573582053890697,0.4336429244181956,-0.3357997664077259,-2.462698991978085,0.49149714827473057,0.13814909047926682,0.9772736335684992,-0.8733876630178757,-0.6687139378328807,1
-0.15288126528678814,0.613992348348497,-0.8159228902470541,2.2736475974927495,-0.4649132225293525,-1.5170436186852516,0.29937211776150285,-1.568475553113057,-3.074811175484258,0.8824775475145529,0
-0.6624431744490056,1.4815402999731992,0.2256457920562497,-1.717245355192608,-1.1286945688100825,1.9423878083180008,-0.7237105566592448,-2.5959625836876694,0.3826535786084172,0.05262245878421651,1
-0.11542637335429912,0.4253124728680429,0.34240624783991,-0.24924167437464123,1.7513191090389801,-1.7779604333134196,1.1811741525677566,0.21219525156450314,-1.53907225431655,-1.7290778275733885,1
-1.19548032673824,-0.9547552417381133,1.0287073651449044,-0.013542310195190255,-0.7068156134322185,-1.2069749158538248,0.8188809243721549,-0.2762667427842471,0.6710018640403832,0.38277214982950203,0
1.8991657033822593,-1.103647325082723,0.6787818521224404,0.497184954288895,-0.39052558340953325,2.6466933970537028,-0.849405394726165,-0.5512419797694996,-0.7303758111636759,0.22226219090143307,0
1.7438871693941544,2.0091678577608416,2.0750819396215667,-0.1302132668451089,0.26347341117302614,-1.075289711920583,3.2042742944332785,0.630845424846366,0.5340828542990171,1.733089452114646,1
-1.7398333483842767,0.4209896725656749,-0.6309049141924583,1.4038054879448079,0.020715203228505702,-2.110705281543746,0.5169620260671107,1.7096389944538055,-0.23080323852606113,0.5515950783579765,0
-0.94469549844616,-0.9316005518529148,-0.26965066981778135,1.5926366712963724,-0.29385520949455535,1.6116032603925614,1.5851227646650452,0.6531071441601687,0.5905363209544503,-0.19936796418396985,1
0.06812296202070488,-0.3368047319738647,-0.6118024930016486,-0.43447236507435893,-0.6295255281816745,-2.047514140003198,-0.9198619296999577,0.7688727161260577,-1.1069253222522222,-0.2243743114628619,0
2.776669911858205,2.0798648731387,2.150841616761052,-0.2062004445895631,1.3710274288655522,-0.42965451077198524,-1.4368217478746117,-2.143105254125793,1.2907254353100315,2.101611215992528,1
-0.7059447699459829,-0.011841363409809236,-0.4879071768305697,0.4769474332574586,1.3706241944178563,-1.8113259354036284,-0.1820806826745061,-1.297515391017783,-0.1952801901829662,0.8544007932797628,1
-0.7076239839901987,0.42681574903694247,0.48171774553668856,1.2066753966048709,0.33578197996289627,0.7329376631807394,-0.6924426481544425,-0.4911332635740275,0.9410754949213589,-0.3690515022488765,0
0.8026317878933057,0.7330331311853666,0.8923379515855625,-0.33345470299349955,-0.5550307148627949,-2.9511520680323624,-1.1249239259423,-0.6529577518426481,0.1525298128673124,0.37870963037780525,1
-0.6409217037500536,-2.203161268599527,-1.5359139926053305,1.0479257314529393,1.6043993837094113,0.03863838351913078,-0.4440817906327894,0.07505705926668582,-1.2618317995948976,1.1784258706423802,0
-1.2861938783547746,0.5517659687577705,0.157859327066143,-0.014126948744923984,-0.5433666472563481,0.2914932851205487,1.53420705822781,0.3510014932063781,-0.8081392661083169,0.6291884738373983,0
0.31528742492219053,-1.3300198018689162,-2.878159770534022,0.6887371094511576,0.5639334338350012,-2.140870294251694,0.01835681844439163,0.7972130100125531,1.7857395396636537,1.0811930771782023,1
-0.29065457607247697,-0.29609033217561725,-0.0447873796550647,1.2408831430813863,-0.6789684772696408,-0.9403668285623877,0.4377631251563314,0.3948706558558232,1.3767460284908053,-0.9779531381403861,0
-0.5555775812814987,-0.4611792739723133,0.6995417522474631,-1.1908776164510795,-0.1664088955219324,-0.850061905379428,0.5129940864903971,1.7836398533757813,-2.2600474269040864,1.2122036335687227,0
2.1116363982107176,0.07780051246636527,0.2243419150830046,2.7051280194302536,-1.108176136674731,-1.4339649726383419,0.3934675548512815,1.844383221171804,0.4212096889204764,-1.0317836671627387,1
-1.5514168723408313,-0.6190908818731328,-1.6113467579624312,0.8358231954812402,-0.3304459203763086,-0.7716968085304554,1.11059521419765,-0.8799288379058587,-1.619601089667837,-0.39936099115781987,0
-0.17880195681910924,-1.135570846970472,0.7884708009838477,-0.9117187724241448,0.8811602187443012,0.6714882771713437,-0.5552982648834441,-0.04205021834625966,0.34274826530018215,0.6838721422358817,0
-1.0743413112235778,-0.2852065805698927,-0.2682820525972967,-0.40118844924787567,-0.9142670030506352,-1.954621199326744,-0.13535510851212673,-0.39401026517212373,-1.2133833263461984,1.6256435784601033,0
0.2814744097766746,-1.8636694770720812,0.5361495059143171,0.0901785352772278,0.7385794117769702,-0.5216180665513953,-0.033192515095050446,-0.8011732310054974,0.27955232544342595,-2.729152882550859,0
0.37906411444814486,1.7199758823381717,-1.2238414973788312,-1.1310707094229953,-1.0516203177902872,-1.0292170588148792,-3.0349693239290625,-0.31958172106691607,0.4226718176738473,-0.3454842008705755,1
-0.6508140955656794,0.46189005711863135,0.45687445512731006,-0.32929039571779817,-0.516472440643704,-0.5831903255150935,-0.01984563696270325,1.1327720333229991,-0.4579808800384131,-0.2653417258757783,0
0.5658385819602704,-1.1201920312191773,-0.2821121396470557,-1.8283837247903665,-1.653017430179763,0.9302197477834913,-0.3229523210376729,-0.2800978498870732,0.5286908938913546,-1.41901735706515,1
0.8192056675858476,-1.3135290384614369,0.9517635634377416,-1.0765937833297268,-0.3515024991959239,-0.8208448840803216,0.6164226928800066,-1.02101915833117,-0.5537035748087337,1.1039057558777303,0
0.08568736501151458,1.144564619130629,-0.8253868937913704,-1.525769839628077,0.21233506470290703,-0.5650671409728862,0.8066821511159012,0.09965120382326373,-0.41430545666078716,-1.2370842005485512,1
3.0051714658086532,0.1087575235298178,-0.3174339459836839,-1.0494840944645132,-0.3316938965241588,-1.4487433831801113,0.7950404588173405,-0.7151137950621311,0.9715422466639302,-0.742387718673624,1
-1.3565936129923661,-0.49485862475689807,-0.15239619522111958,1.5543054091272541,0.24006160393001505,1.555335407540023,0.9160447898746735,1.7689537615880344,-1.071555615961384,0.06023150936510115,0
-1.1671949801595654,-2.61189460226183,-0.26988020189690604,0.9404112065370884,0.6464208307228405,-0.3165891219486788,3.5666135391818123,-0.33067883490317945,1.6005792605948055,-1.3958195441613632,0
0.20608896185518227,-0.9618621747485601,-1.20386152857693,1.7609523005297527,0.9519701255062679,-0.3689088244213681,-1.885615666730664,0.28836520195055704,2.9594618558797037,-1.1690426584361076,1
1.2729658207287986,1.6068057157719562,-0.20215906836006708,-0.6688937160987162,-2.6887954593556302,0.27399464902931386,-1.4061152483260904,0.5933213343725547,-0.6031054584138595,-0.3358987701336309,1
0.5260783699679787,1.0318313116435616,-1.049168776017235,1.1582060291843939,-0.36208002533010175,-2.093344829207159,0.16441913780981893,0.10992306609526384,-0.4927586574053239,0.7146366947931859,1
-0.7291000150150586,0.1367037693120558,-1.2718574127917543,0.8080370910676945,0.8674686371807114,-0.1986199904282622,-2.225930298181159,0.950863946979496,-1.0751270877505816,-1.0768125507413353,1
0.9848584317276359,-1.073671216219856,-1.428923198833592,-2.6014288815377458,1.030682374306989,0.01903635426701311,2.859134586761033,-0.530241918896702,-1.1238688973860376,-0.5965329703193486,1
1.286151214129727,-0.6559434316415343,0.8821747060131568,-1.1731360176174404,-1.2413717829673305,-1.4501507961733389,-2.673988699348816,-0.8706623286300057,-0.01714690353969206,-0.5506229744269163,0
1.8296432391075916,1.362989802421244,0.5952816982080663,-1.4455119018001934,0.37262039308825534,0.2449392733057958,-0.9781363381070917,0.04247825098934632,-0.183328034991677,0.04861323284933927,1
-0.04303604197277355,0.05373253310906895,0.5245996626957578,-1.1209185915336106,2.4259878260797603,-1.3564869885157096,-2.2570200042864412,-0.027989655247245115,-0.8449079835962958,0.29038958884798927,0
-1.9585918776600126,1.407953252864387,0.42489629737394047,-1.2590079841997888,-0.8963601335818246,1.7758313032773154,-0.3030527633155482,-0.7924941435184066,-2.3959643869335663,-0.0016040008205610023,0
-0.11340397469279392,1.2177029872047926,-0.6279694635548777,-1.5769497863096018,0.7744137415228274,1.5407375947325628,-1.3660019962912988,1.3365816013248826,0.10923806587243823,1.2195169889608155,1
0.19071349632375495,-2.826170878217647,-1.001161699054053,1.0162871941008778,-0.9783234515003044,0.42208860628535055,-0.02804565830409328,-2.6185019723460066,1.4655677198505055,-1.199311986616482,0
0.0884152825759098,-0.7168066782954096,1.6208337840413318,0.5593715036260324,0.5037062815624914,-0.618656465574855,0.9192886144188444,-2.864127565277721,1.6000453289743928,-1.0794626643898133,0
0.21037735475294017,0.27419213538600373,0.23867350082298172,-0.3413105341224608,-1.619125507562314,-1.1544655059193019,1.1857337192701685,0.10892429134036738,1.38094075759214,0.6865689158450736,1
-0.8407845056498884,-0.6889025805723452,0.1737339044421064,-1.567292422216056,2.0953891614710196,0.09633735093584644,0.6712831915570961,-1.9776103222565171,1.458472440414575,1.6793053428288103,0
-1.6472767463019427,0.09989216040472626,0.46690115130141574,-1.2130178849035227,0.9322153557209447,0.596206253617381,-1.4805123933120403,0.7484894002297825,-2.3403911726723554,-2.173646966232054,0
0.7050680794817961,-0.09805237178808726,-0.5719007866133812,1.361181672380863,0.021127856313830073,1.165261420047842,-0.8494064969187454,0.7288256286001961,0.08816570913726196,1.484159216908,1
-0.3982687589994711,2.2177231711306025,-0.1922780836308944,-1.975748162839694,1.4889821806071808,0.3728214659203753,0.6924075620812014,0.7333554368884433,0.7191874817224648,3.270650859066304e-05,1
1.452537767085028,0.7952886512438643,0.36008125475040437,-2.8613303518052566,0.652285450494808,-0.8400651928905698,2.1471335410090413,0.1045982385448907,-0.24206319270084534,0.5203421024107894,1
-0.9109440952111802,1.9606604204259253,1.9421888908811882,-0.565660866523874,3.316332806119884,-0.5523863617226493,0.6471505033195569,-0.022047878550631506,-0.09148164390610358,-0.5526515723206502,0
1.0880221589942867,0.6160191909974471,-0.8445012144036531,0.4881325198283755,0.92819920595787,0.09698774355709679,1.751064410454204,-0.7594265487159275,-0.003240642211742084,-1.9089875364099393,1
-1.7271246626972276,-0.809068449225457,-0.8314857684937509,-0.5754337279788285,0.10093507165548984,0.829888625984412,0.4766949602461091,-1.3312278914921243,1.1490471144813392,-1.5924928067852286,0
0.11642509541363097,0.6961076071260976,-0.1572114187907642,0.5160639870929834,1.0263681547172447,-1.3455907758273489,2.2613462152752883,0.20929558926537992,0.07594687201677344,0.4833057355506169,1
0.18918439401512532,-0.0844887756630644,2.5292457798442003,-0.02308586161352122,0.12994653702093906,0.8639819084572439,0.9397269630683858,-1.6471586021540614,-1.3292379606043703,-0.2995641006353537,0
-1.0153670413160343,0.551427699422409,0.08069314212597067,-0.4861002690740477,-1.7264305601425527,0.8510724277983114,0.26865760529057203,-1.2361472808688259,0.543425553944077,1.0945181011767684,0
1.588142532271096,0.8964796362380194,1.4678362193890935,-0.4855846047409694,-0.08413573086974208,-1.0586692163752423,-1.0027705990882447,2.141204237484827,-0.5992063039361607,-1.1619971698864175,0
1.2308750311184542,1.4239236036699388,0.04861701235960031,1.743962679807687,0.6520251654256082,0.9875949270181718,0.4700480714345627,0.6767270109841843,2.609208076271158,1.1543660625539327,1
-0.40337132371652834,0.685844313492977,-0.9781686070322716,1.8936296302695355,-0.09336065022376189,0.5421746285330251,-0.819003778725192,2.41926172985236,1.3446371551981882,-0.006315631127143673,1
0.029492818943950505,-1.5853022582777694,-0.3865301950502429,0.29784552791395136,1.4788225906233028,-0.7917718572077926,-0.8655882119023215,-1.026390777992375,-0.9148015870220605,0.6037028964221378,0
1.7727712977172116,0.10235809099399132,1.3480372863895844,0.5654222001958599,-0.8158724090782734,0.4015075172372739,-0.4072153271686581,-0.6168377250217627,0.2997608830723942,0.6201100555822232,1
0.7752376505516753,0.22713779504458426,-0.10459208493284758,-0.9809565754829084,-0.05652014222336772,0.8510190493951837,-0.8691672246898527,0.2042575584847195,0.4926315718224329,-1.4771290101916899,1
-0.13586308232891198,-0.14067856298662498,-1.957129389372418,1.2736858681740162,-0.1902550779728006,1.057612038943422,2.872642713152892,-1.0263701423085974,0.29950521545749503,-1.023903726401569,1
0.7210837567932256,-1.3947979318233943,0.12361178108844989,-2.2972523976042964,-0.2986981494165373,-1.5156266013927757,0.9709855368013336,-0.9568924283106277,0.8693707399609165,-0.33757144858405697,0
-0.7476851875029157,-0.4853117817732433,-1.382322190047605,-0.22153711726687184,1.1789806650025076,-0.31842427132313034,1.264951621705749,0.5675799044061521,-1.2539377184497082,-1.4733761077615124,1
-0.2001767645442235,-0.5068946292440628,1.4490954744236275,-0.03227203167653267,-1.0867107544524508,-1.0910660253635882,1.8102934273178888,-0.12470589464776466,-0.49677446356401844,2.211420955186173,0
0.10613412895494934,-0.388883319306519,-0.44972455605113804,0.8535702578729382,0.9429519367492992,0.6634620570114289,0.31787632837527807,-0.7036533040163964,-1.731292132866771,0.5709075900031318,0
1.2219644944360795,-0.1363936915985492,-1.045344326145284,-0.3909704738309526,1.3243049205106456,1.9759400502112208,-0.31117816446223046,-1.056966747424124,-0.07243046740353415,-1.4777582317792464,1
-0.17885830217399096,1.477485337675579,-0.7471181528288867,-1.6610151009015095,1.2240975644236836,-0.8298537353272117,0.9013949419458708,0.09289741317920594,-0.065415220273233,0.8493626064101283,1
-0.14032362080818284,0.28182547664916907,-0.08496086137841519,-0.0923426839339152,0.6228203481759234,-0.5081446088661277,-0.19118692307377302,-2.0430741420321326,1.8641326189750362,0.6019593108887924,0
0.5187686802546914,-0.7379863909844461,-1.1574548842890109,1.8234951637506458,0.32106425549939277,-0.5559296319122426,0.516976806089087,0.9755014230513056,0.224819971396472,1.0656244861223574,1
1.1612292189531677,-0.5232604651095343,-0.015283195938961658,0.7395188266315698,-2.526520218335103,0.14268094645058407,-1.3121154303444316,-0.0947721614673771,0.08850652811786719,0.5605771391427884,1
0.5258748724490564,-1.1795578972241494,3.1220608777837286,2.087009372633683,-1.2508102395409737,1.8856616338175853,-0.5159670547431852,0.10784781407066064,-0.6115431894638372,-0.6195363296348803,0
1.4501911851187423,0.48616632168132756,-0.29470435092130204,-0.43621585949375363,0.17346024107153601,-1.3922449539358683,0.8110813295053736,-1.0220760506167972,-0.2215649453151723,1.8505258304651353,1
1.1640493420168303,-1.212099062096142,-0.2164552600149786,1.1270589847259687,0.32680778577019926,-0.6004028338788918,-1.6956253799415708,-0.13191998424916412,0.22989478082771297,-0.9551469683766387,1
0.10570476937756357,-0.5126256835307675,-0.054574204278882266,-2.1346368616153324,-0.726680054894577,0.5320396961071617,0.20096168109001356,0.43119711382106574,-1.1437566476175096,-0.26626946624818504,0
-0.46576695290209835,-1.0658232183980563,1.6734829124330854,-0.22205493016904876,-1.087219581667682,1.397766124984982,0.5455268776042738,0.6734722450851093,-1.9764706975851012,1.400945550936762,0
-1.4715690893554902,-0.5703140067615089,1.5972912352246045,0.2919676965621984,-0.6093504430892402,-3.0202318489580984,1.895035220553635,-1.000169588680452,-0.4885534919860476,-1.084684739658222,0
0.9145767053726108,1.3742798162051892,0.24741687924883404,1.010063878412682,-0.7203588931920212,0.08498151941454268,0.38139979925526135,0.2932073754208595,1.0650820419009945,1.761502248047643,1
-0.5412667021182751,-0.059895172016096954,0.11358068123036913,-1.5324943391938386,-0.456779604445481,0.6283113348016631,1.1892709635044993,-0.42778822028257596,-0.7899525977348374,-0.777223405613968,0
0.21200958062065153,-0.006161098234292117,-0.25997593716169476,0.41356701482494895,-0.6015180168513374,-0.24278948832823843,-1.0293130089597562,0.5507814537522916,1.8537120974428682,-0.17796016169259563,0
0.2572067420561698,1.7539976066899006,0.14954512355683958,0.7716897248185643,-0.7104431921812584,1.3788155531686215,-1.1927054252815292,-1.3155832498788078,0.09342411482913493,-0.16501548619070816,0
-0.47675939107749876,-1.7771958182156213,0.7423024476426595,1.167315020987282,-2.3912481583193164,1.1883235440714306,-1.6739303407366344,0.44113135700786343,0.023562950131136573,-0.4309061326724183,0
-0.39428297879960106,1.148479255793779,-0.1790685698265131,-0.045211192053183025,1.2191711437311499,0.20392291220515224,1.793530204212641,-0.9664660891254508,0.8790397342783246,0.6108101171041971,1
1.820824107121518,-0.23677877516808205,-0.521114481599313,1.6017395439204267,-0.46273336472435056,-1.7310498859803016,-0.1861387246175586,1.4295179891448857,1.9212522316031786,0.7894195663169585,1
1.2485083639896777,-1.8994923638134011,-1.443400536982217,-1.3245606052179357,-0.21623389387727565,0.3375075003652665,1.1124519978950818,-0.3232596754378632,-0.2217769782392237,0.28212693120004445,1
-1.5249665398060464,-0.6655399345316274,0.16280932884801827,-0.7816704541264098,-0.3508764992603045,-0.41316961871074853,-0.34772725572552515,1.5668174901705516,-0.8625027227832585,-1.0111269036751347,0
2.696041558946417,-0.6704565941290748,-1.6189422867901888,0.2780198028492926,-2.3979066161327114,-0.5392057726512282,2.161173616645128,-1.5583729422724215,-2.0656722675033103,-1.899229753650999,1
0.4322295008603821,1.4493739902896592,-0.34101393235310185,0.46580423715493996,1.3618135095367447,2.393414464812746,-0.2822965502803275,-2.304597938266642,-0.05718063398430384,0.10836800473893898,1
-0.5793530111847501,0.34733714314448866,1.0339268410414035,0.7491280610558995,0.48041005482918747,0.7437317986634612,0.10268125708697906,-0.12615792042047663,1.9250376624227283,-0.40372961979437005,0
1.7564934898330122,-1.6095599401328669,-0.25156517948871643,-0.16126679613085726,0.10579594549010024,1.5798568371323614,0.6538512447620864,-2.2338055941840382,0.5017477264258996,1.0109272583772881,1
-2.5582737257084434,-0.081250683020666,-0.954775454083304,-0.35332370741934943,-0.6423060312454691,1.1829344138791602,0.2792927773382625,-1.4542090054223658,1.3624993193934811,-1.671722029314354,1
0.24935697402788526,-1.6419600127425953,-0.6045592901429735,0.5435840306367069,0.5346574769277924,1.7988851209400503,-0.30119039887306587,0.10767217922904665,-0.7083193963249195,0.30267027173417616,1
1.2126377236070214,-1.2534984989988465,-2.0475866346693485,0.1559793504002303,-0.7012461154318113,-0.7422070624585574,-1.4610433303239918,1.2564461751156815,-0.060232576433102314,-0.27277079353297595,1
-1.7202562624608992,-1.2428418251170419,1.202869454697542,0.6484612586596251,-0.3454208217782737,0.8166205436960099,0.16640184255211699,1.7210868224386067,0.8293884002801835,-0.7479488690605312,0
-1.0572191602274783,-2.6859961752932238,-1.6872775989076512,-1.8107880212895804,0.5972031375865312,0.17154113430028328,-1.255625698423132,-0.7821381502373662,0.5661179924954047,0.22193649144381883,0
-1.2567781321130105,-0.7261012392074949,-1.054536902612302,1.2199745007700424,1.23236974555481,-0.7998797006637502,-0.93109664547653,0.7352897507988572,-2.691323424788599,0.695022098438252,0
-0.2636285025404216,1.141621999333652,-0.9296389434816775,-1.1603677861718937,-2.1776616765390475,-1.6428880979452885,-1.4049945645699804,1.1200830164032076,-1.0419411762907598,-0.5940171955210161,1
0.07851271422942369,-2.0387847215184736,0.07157994548390678,0.2234032966122888,-0.5989727816542159,0.5463103530780147,-1.7300044710974531,-0.5027684407334846,0.11049883252099013,-0.2580139850901095,0
0.20244358344892638,-0.6292324303317164,-0.3719796453056933,-2.9295237424941734,-2.122635861377157,1.2978322380023655,0.9653056678363904,-0.436971817178414,-0.9844661296280477,-0.6657706016010425,0
0.22050514347542682,-1.69913403364524,-1.0304763329163809,0.11226003063518442,1.335045278132311,2.01981750599362,0.18915917638756174,-0.7129587647600248,0.9190274316924771,0.5240247132170346,1
-0.8194522523876049,-1.1309616588263358,0.7526061467936704,1.0849778939702541,-1.5099018263945112,0.5892968107183771,0.45566441471175656,1.3544214081523145,-0.2949965483930844,-0.17882758974094592,0
1.0453607116885781,-2.3138671800184154,0.6930644198351206,-0.7850077448043933,0.6474571765291359,0.14671939045061722,0.9619037342061089,-0.18354009440339575,-1.5288746879101716,1.332721164855603,1
0.8910354724822857,1.5571026415339542,-1.527003554987979,-0.5767266417024917,-0.31570017298719544,-0.026810126925491784,0.9386599711642224,0.556915261648233,-2.604772346373996,-0.28451089752317155,1
-0.5239432537716626,-0.16621071958776712,-0.07614339286108501,0.4845648713577597,1.4354091633450137,0.30744046948041687,-0.11370499310034263,-0.4819481280989121,-0.10096312641186615,-0.747314705238739,0
0.6197520456716035,0.44026443007696403,2.586590862259966,1.5424970289320998,-0.3219494168919088,0.943746571950909,-0.6843225269450339,0.7952346947882593,0.3922731535222911,-1.0532930571925578,0
0.6957166084693507,-1.6319101369330693,-1.4244506350871304,-0.3197419394121914,-0.28456949879217497,-0.6170979373983454,-1.3835814115354172,0.0742352877049276,0.6930216558267543,0.3885057906239724,1
-0.16868571119786305,1.082110982546899,-0.27291784819856985,-0.9763175577385441,-0.5312790543507729,-0.013810040169945692,0.35529820227328723,0.5755572558400639,-0.09931281898149313,0.7490030462440832,0
0.4039286585270386,0.6715798685779047,0.6115636550747386,1.591451799151423,-0.14484626325856625,0.13491794483790642,2.107032547729546,0.0796809946992102,0.668440654506641,1.152603493103802,1
0.20031997196186715,-0.5800828765596638,2.4406421780307737,-0.9976171724591149,0.4187192706569349,1.5334042168935442,0.2299358673658105,-0.7153749173645263,0.8044951943295675,-1.4849287270816285,0
-0.9653913333104068,0.6597309660244578,-0.20996717309444826,-0.5449680079722273,0.8745420274229188,-0.46253495412761175,1.7938508938520177,0.4957687343681306,-0.9401446046355959,0.21168779617929062,0
-0.11221283148486902,-1.4198334595053028,1.9635529702493737,-0.8635777522549218,-1.4900997163889118,0.6665369141039622,0.35496882790244155,-1.668006160363018,-2.297015270527564,2.8676626151851243,0
-1.2389702727609087,-0.2714523275681684,0.2740677375125774,0.20368489465061587,0.08522780016765577,-1.4583158759658688,-0.648592868035157,-0.7053215930451122,-0.7177081407082142,0.3728498102884767,0
0.8560594916461461,0.977234613880238,-1.8406691673053932,1.7358769825351996,1.3740272054069147,-0.389559867195099,0.7285236670856672,2.217277949533221,-2.0470360335652753,0.09164042749668724,1
-3.012660085955453,0.734654333025038,-0.3070043109173603,-0.17895231364161068,-0.48264403514480536,-1.654230527978422,0.2610301033363075,1.1040677976871935,0.11850395538858971,0.5307937170883742,0
-1.653470480262126,-0.4521072193192613,-0.2975968771601561,-0.76490968581108,-1.4383043897359407,-0.7841755915836542,0.4291106898681545,-1.0784653361463432,-0.9063145748589705,-0.545889651755632,0
-1.0412120942527698,1.376056260029543,-0.9538385532456667,0.21822228295689383,-0.9996378704899921,2.309855061511289,-0.06984590518800082,-1.3205163035348109,0.7117015971284546,-0.3512696085275857,1
-0.6269534472915468,-0.24794371623542158,-0.555972374068559,-0.13507271069178028,-0.9176681271196521,1.8557402482891865,-1.2588871046547383,2.0527016352779186,0.45553511155303633,-0.03507073603543365,1
0.7993336418537774,-1.1306611755000135,1.615368501617777,-2.5743898371334297,-0.2231074610997526,-1.105695655703534,-0.7431267405877012,0.15722268290767907,1.0252012501924552,0.03075366929503731,0
0.27827650491552675,-0.11692311268066002,-0.09881831454031104,0.3852255556803612,1.221722489675205,1.1274604663270251,0.19734528496370563,-0.5884513557985436,-0.43657664234993643,0.04266700219702446,0
-0.6741161035120187,0.4382569134779388,1.324570803229482,-0.44298012409392734,-0.32943065901374585,0.405489849219981,0.17514118695620873,-0.9925208151462844,-1.7076702619992439,-0.5132238936536135,0
0.22975898192978225,0.3939570241508977,-0.7001212214905765,0.511453917114528,0.5737481836452276,-2.1737179036335386,0.5759003772139413,0.4512566325951586,-0.7697120249656835,-1.670437987166326,1
1.6620303039347661,-0.7367377899209238,-1.739018253358744,-2.0979092355828457,-0.037351706191381895,-0.6954727007120944,-0.12686838796377292,-0.578163147446094,2.027140171018542,-0.017560884584039815,1
-0.1063844721685352,1.4841069566117167,2.851165252428048,0.8429953990733179,-2.2127946862117556,0.7328413533781735,0.8519800202928343,0.4262194105293989,1.337482329169827,1.4641204015886151,1
1.0284742473687867,1.407690416994141,1.368781485111715,-1.9898881489549627,0.01165314281156088,1.7603689138240655,-0.45071595961520217,0.00862567789234328,-1.3834704195168415,1.4521555914365087,1
1.8975177058198212,-0.579267227122201,0.15621026349164654,-0.9212837234328077,0.5468907607554561,0.48326586013531114,0.9492354402877365,0.22084261264202193,3.518260527689977,-1.0832709395219804,1
-2.0322623301451923,-0.43348874516746483,-2.118682163409197,-0.4858008696008578,-0.6735569661261895,-0.9285012446393233,-0.24638928234966373,0.4156964761873612,-0.5229201477675136,-0.5315901027987012,0
0.42395872012055363,-0.6609098858877855,0.26746311393823635,-0.07337375695738346,-2.061204163608474,-2.4866856135890414,0.7318915514459836,0.276296731523509,2.4407823265830024,0.5158044717643089,1
0.4887578546577788,-0.34199237307873376,0.3374675047265432,1.4487568617608033,-2.571418213324101,1.154821350316226,1.2442637785709234,0.3984396789220896,2.3328395428926108,-1.0320648955545084,1
-0.018872018231856323,0.4849175710684029,-3.7388248561777577,-1.1933737072204662,-1.8830194757264578,1.3037365900580429,0.47593775584026954,1.2162616424158395,0.3466365173749842,0.060675902778296376,1
0.763738892296498,-0.10986033028549406,0.05573272314395524,-0.2526944607852252,1.511876057292937,0.2924704830552333,0.601741321880938,-1.110724476524443,-1.6807725228116817,-0.00824343701489727,1
-0.421999375042127,0.38777430799296864,0.04626118926621536,-0.3191091519821188,0.029966191901733885,1.0276227143366812,1.861635223233415,1.892612791107438,-0.3008613644308831,1.1555079769418015,0
-1.0717105188932212,-1.328867552503196,-2.267760266976847,1.4203119424250688,-0.7832175523365285,-0.4315616718949604,-1.2389633350167357,0.4227959082125193,0.25887369271676974,-1.9935113309161172,1
1.3279543521524007,-1.049689254510322,-1.618920781255218,-2.396038055877813,-2.235258232295426,0.5019566631313614,-1.3262134698440284,-1.3665494420914293,0.6071576749651278,-0.45177035273986366,1
2.477526150488247,1.9798846104481216,-0.8609007348455832,0.9439700938230103,0.6711220422668567,0.13099205859834817,-1.6532707105607152,0.27128215078856666,-0.5261788117120132,-1.2223640028068372,1
0.6212937983922254,-1.6527225132351457,-0.07741526069332938,-0.0679980835244573,0.34708580819052764,-1.3316620629787115,0.9984773972046974,-1.6003884045637045,-0.9980525813069847,-1.5350651877357728,1
-1.1866123674520679,-0.8076855602441606,2.0111858409370864,-0.759106067556676,2.8178344126902615,-0.3843333806882311,-0.35432344638981916,0.25576296876593063,3.291984687073949,0.3666633598063156,0
-1.7946424907707448,-0.20905457467367694,0.0755893946722078,-1.4476797308400846,-0.6398587470912943,2.371073267889834,-0.9591402973136319,-0.9500360043138532,-0.7530525320761666,0.6018926502023263,0
-0.8129193271714614,1.5040442715146844,1.7550395747045604,0.16454940034274418,-0.12318621814044739,1.1049509806583315,1.5428405837944197,-1.1827773752128559,0.14729268936397222,-1.2977580029732363,0
1.0395861704676164,0.4953739836533464,-1.7830452155280163,-0.4150833865545298,-0.06530293302968437,-1.5813794925884004,0.8896792916540996,-0.6447555248056303,-0.09882453512944611,-2.2301891787687698,1
0.41555720791424033,0.10344631893626047,-1.4707401275511431,-0.1233907678522031,0.05881256075957385,-0.9917911768702536,-1.4990787587681607,2.349411034159224,-0.4042009612978181,-0.6184570119538835,1
1.259393572268696,3.5069005992006237,-1.5526094253321956,-0.17001678650029484,-0.3040551908355836,-0.8240353981656217,-0.26617575060525034,-1.6639203579467743,0.9560947462780227,-0.15763777358375974,1
1.2179516821608563,0.70321709766895,0.1957353971489276,-0.7423372267730817,0.22982756973822377,0.36326538979006195,-1.850065219722441,-0.319346741143632,-1.4705497758490471,-0.9831470171604221,1
-1.5854254392500922,2.069033608606563,-0.5484011119933462,1.832392150686662,0.8388217168731176,-0.43565330164367266,-1.4498851606993095,2.1559032915080505,1.5204791796376893,-0.4052398478958892,0
0.5160831090159119,-0.004716661425190338,0.4401068932265023,-0.5615319212519965,-2.723571426327224,-1.2734243792292113,0.9064621921501259,-0.4247210704988065,-0.6146654475527873,-1.293733241064307,0
0.9209131197151161,1.062215521952601,1.0051340251492054,0.7872224247832452,0.3210956327834459,0.8425479033693849,1.540207075316821,0.41097506922720206,0.5514420153425674,-1.7169955638982162,0
1.2917790805471037,1.0492853200360912,1.6161354416242697,-0.36581801506494516,-1.2900372603578427,0.0060716064736463515,-1.9104820758001113,0.6216732712325195,-0.13472253856333308,0.7921962878395624,0
-1.0389784178846477,1.7941338811567213,-1.9669579900476004,-0.7706578320775013,-1.4208125107173086,-2.2146384611837595,1.0608724026922047,1.1716275741092081,2.255858688664068,1.1942865597625798,1
1.05326334004146,0.19987040483854582,0.6991443063524353,-0.9446163025345655,-0.26595787594917764,0.22916978695468537,-0.05734888208948097,0.2582889809946143,-0.3735533072558892,0.759648262212947,1
-0.6763128752693203,-1.2439699499297785,2.063129601326608,1.5430365618497617,0.8899621887960427,0.3494946588869186,0.32849799287654124,1.907584765360148,1.2987241541274153,-1.656156331132693,0
-2.050427772501103,1.347044106733093,0.13075891066273804,-0.9344231227776305,-0.6943637205660452,-0.09491933681664416,-1.3304580494627016,1.9554609488172887,-1.5644246552153684,-0.3822625993574999,0
1.1384805570581604,0.8256448343611246,1.1718295375500234,0.8416231118265821,-1.3442800071357073,0.07606907199644108,0.15486947580376687,-0.6585159261146876,0.17707295211936425,0.059639466448565326,0
1.5703668120950303,-0.7915272278474983,0.30996711616543693,-0.6188745215227187,0.48820714081679717,1.3534558689362868,1.8508818829719205,1.7289497483049465,2.004234585596234,0.990890686240955,0
0.5427489739308899,0.05784328722977207,1.0878648230875174,1.30665258378468,-0.38491920904794785,0.056449325483045876,-0.5606471973868763,0.02315950496431929,1.269448814396648,-0.6287255539950193,0
2.7402039119136727,-2.4804581322321244,-1.3317369873642515,-0.12535574649842357,0.8639610762628447,0.5554355960157082,-0.652709908244735,-0.9642270287993502,-0.5177372179078038,-0.1684520184241628,1
-1.553288766449659,-0.9326539357693273,0.6611087092840313,-1.5200562194883553,1.0049578531511911,1.1483832227511588,-1.40290411035039,-0.8571269360169348,-2.505575324804051,-0.44842665390883013,0
0.8815710867876496,-0.9984925928127406,-0.8771325490818351,-1.2615213361416435,0.6696871151601682,-1.1100833958224858,0.8248511427836154,0.7145607852306088,-0.6347686271744909,-1.039990772769801,1
-0.6143847461355777,0.9866255377893938,0.5897720384606582,0.04507889744119026,0.5926002452442672,-0.7101036387065682,0.5001732247226228,0.05894547169907571,2.3225841150898443,0.13409424518725754,1
0.7247647762368051,1.137524220656533,-0.5500086740144841,-0.6070339944421128,0.2122246117634468,-0.6306814998477765,0.06900506265879919,0.10831832747357856,1.4240293140071376,-2.5049065459269624,1
1.2643786878216736,-0.5357247954474496,-0.9194550581794452,1.970104625420277,0.7494002217766474,0.6993777695852952,1.3439510875943683,2.1013315863540303,-0.08262594126181022,0.1553818385534771,1
1.0488634042736291,1.4349827090706224,-0.06733772984758257,-0.8941466640950495,-0.6727301002903912,-1.677321084535533,-0.03829810559470678,-1.2835268292651236,0.13844238530910688,1.4746441460432427,1
-0.16124158025772223,1.2270885191528336,-2.456260192157848,1.5822298393625664,0.9577122726812429,-2.225015659211604,3.1100833413783673,0.6315600491401798,-1.231142822401221,-2.3738519938598417,1
0.2652923914381444,0.5088040631638852,-0.2642971278759364,0.08920594414964028,0.7990336761635698,-0.44239667383042414,-1.6446819045344048,-0.4003915450192598,-2.91814806208672,0.5566906619594985,0
-0.845237923652496,-1.1100724756889349,0.7234990740287532,-1.2848494738763612,1.3237177868452839,-1.1946892257339188,1.5933823121460928,0.603681291226165,-0.8070955013456359,0.7517836500491395,0
-0.4662928970907602,-0.3504223915226686,-0.45697240768788305,-0.1545565118357371,1.418275980805827,-1.2712116387091104,0.2241107974531174,0.6536425284271422,0.7822464753716524,1.0487777317369011,1
-1.6753744486265698,0.039318215698521064,0.8103705424077315,-0.21179834088095745,-0.5248880224105512,1.1451196686272964,-0.42556042864090976,0.12615514452312693,-0.3937146557704182,1.2762358822338091,0
-2.867118267188981,0.5796608369779819,0.25365259709357124,-1.7960163381760985,0.02373875589512353,0.2085769893709068,0.8496068605009774,-2.327085105188009,0.05207172538805427,-1.1041317629698357,0
-0.10871243259794483,0.4919217003516459,-1.178343573108342,0.7345221473382924,-0.29253154391252345,-1.0061879088196208,1.3541780674418038,-0.4557815133810516,-1.5654442802536925,-0.5704625374473367,1
-0.26942120546212556,0.24200798457121725,0.5741360978425822,-1.5102655972681789,-0.2641644033440065,-0.2506424164656502,2.564869928245445,0.546511407734379,0.767396179226377,0.5953001288647192,0
-0.42731481066448274,-0.44374926623431243,0.02898807781854415,-0.18988057905027045,1.1056559718922392,0.5685747543439363,1.0399154119755174,-0.4257217725542545,-0.6136642762672964,-0.6635657410048708,0
0.2542922758786817,-1.1229293472995237,0.9259629457944489,-0.7724212930708847,-0.9233271918896604,-0.5480252497414815,-2.2920503993502908,2.736929342348062,1.0760174189970342,-2.9354730452758053,0
0.9708942879912137,0.6142097339180845,-0.37356782446282283,1.9327840097441267,0.9807149724013675,0.18414151871756948,-0.4400683174906555,-0.05331632712248012,1.7961946807636306,-0.3597940402605433,1
-0.3332787891497361,-0.378022154208614,0.5579465707149991,0.4842465847381149,-2.3189220845386562,0.8108764539037168,-0.49766393593686137,1.7054252784289914,-1.221255077005184,0.8048278457285813,0
2.726337879209201,-0.7779807535457015,-2.098525892411644,-0.5627854297543076,-0.44464896004802795,0.693406947524076,-0.7344475516287878,2.337210780130928,-1.2741243836077136,-1.6013348507202732,1
0.525617357617006,-2.487934159621065,-0.659945254510138,3.7100724512687053,-0.3908293112199772,-1.445968029394366,0.09201931402092778,-0.40765483987522033,0.8654762462463846,1.6411324131292298,1
-1.4878306255323726,2.110363102680179,-0.1773852753652534,0.5485070428482328,-0.28306281589477733,1.3563000250816653,-0.17388086218549376,0.8267050214884828,-0.3874246376981725,-0.9713772531803301,0
0.37097744187224213,-0.44314567698611984,-1.3582016470854494,-0.2501607421876737,0.604828206424485,-1.1818129458724382,0.5528236243297079,0.00804975123861039,-2.2913610677664877,-0.8996412279124631,1
0.9650265686015058,-1.680518498551081,1.6104110110623595,1.045683493703166,1.204873550765698,1.7857964191420967,0.10652866961071644,0.49676059734887895,-0.08826048934321401,2.116688696418989,0
2.496735169255462,0.10121423362067457,0.7649441782948796,0.8546684090471522,0.06425051173280547,-0.3900207747751485,1.8011479278773712,0.4273109843933666,-0.11107366587638812,-1.1490269217952134,1
-1.3371164717788884,-0.03384300073165053,0.6452268883405821,-0.6553807521828612,1.5029819069511836,-0.5942884961112833,-1.217782408410871,0.7802702924847069,0.20295210749417258,1.6490981751274627,0
-0.7095304538129591,1.0016823687289498,1.4696269681934078,-0.10065868840915403,1.6263411289745024,-1.205065884427127,1.5036706161238973,1.7489365230637661,0.46009558066441414,-0.5653119776491554,0
-2.480164800888934,-0.5072383666311547,-0.46318395616435537,-0.6295734653224048,-0.6407266068438682,-0.198339029984395,-0.7343764147314605,-0.8278520487495937,-1.1929034466310349,1.1618284695782208,0
-0.9028432498078686,0.006919237596806793,-0.5000803488228214,0.03896887355398981,-0.03917031728297998,-2.6082321040427403,1.512233582977259,2.398070541584415,-1.2112176432842003,-1.4787725707459871,0
-0.51322645305094,-1.1048797723763613,-0.09062838581207844,-1.7093142360446532,-0.5719038098892222,1.745792272715021,-0.8716079161014932,1.6536898651613712,0.24160053040481222,-1.0843067209814001,0
2.1348785251155085,-0.4324785222173995,0.14915269318501267,0.8503584153105179,0.738208533964047,1.3507929268444312,1.3556570321993213,0.7325584776531691,-1.3346562146263694,-0.4034578087682892,1
3.26110157549904,0.935149440187622,1.8457976279443415,1.6499869287411784,0.11902886845073207,0.02340719894905441,0.44838732609171156,-2.204740003931652,-0.11750864718158313,0.6776459521113918,1
-0.8007112298059827,1.6083766658611196,0.4691744031809841,-0.9853429727638432,0.24471048216356872,-0.798656109977425,-0.8914484094549054,-1.6340571092166378,-0.5636663945290726,1.2575057403222782,0
0.17186584367134583,-0.014837481733203012,0.34212907632391754,1.617661323171091,1.7456631187032545,0.7849582478986346,0.07642149737128207,-0.36102065775795067,-0.6691487865945244,2.205606682076012,0
-1.6926553035807665,0.019387548018347855,0.9919774404685028,-0.28715440922720875,0.9234149470244442,0.5128457060646006,1.2358694880938232,-0.012839783837426066,-1.2361058932360312,0.3347388771044404,0
-0.4410001225870398,0.4038238345902037,-0.11959972634279908,-1.4856256112199406,0.8838164037078657,1.7188239236697471,0.3739283802663509,0.6923410323065854,0.07103329844329354,0.9128680792978969,1
-0.30558644973226945,-0.18575752164942883,-1.1517262436204116,-0.2461086666897322,-0.1411689776716163,0.047664527207545604,-0.26792695407963407,0.44646209226620703,-0.18065780597514036,0.9061558115613474,1
1.9771899657615228,0.8604837882062485,-0.8811222148431608,-0.21595587144437559,0.5063369032231628,-1.4829132074295441,0.8266871117532449,-0.3144509526922822,0.6986805213664387,1.0312726536601602,1
-1.1427586750240022,1.2187266513427564,-0.07850024043505616,-0.21655692392794568,-1.3736622350338412,1.4412579234007423,-0.5472139931530455,0.24690462844758343,-2.4827401012012613,2.0539428069262904,0
1.7569120911472063,0.04494737241310033,-0.8907455324483331,-0.46269334424465747,2.063006291834354,-2.8899917344249784,0.555630922207489,-1.9223241263444169,-0.06705028470635091,-0.14967368007937468,1
-0.5217411829501584,1.0754156043808798,-1.237319240758066,1.8943201551312134,-1.6460170298801093,1.5461394348689685,-1.204340285231952,-1.7121681520788328,0.0588968933004983,-0.7553764425915125,1
-0.07981430195226678,-1.7629685619873814,0.7646213109904292,-0.4714016200120879,-0.8345574759473894,-0.05037046655879501,0.0749250477468737,0.5664454437880182,-0.7556247502535759,1.1012097613236638,0
1.3381154194053166,2.7757255085777364,-0.4395605194205732,1.2761170957164487,-2.052368531076889,0.6468848918549718,0.8330656515081106,0.07867366412414223,0.5486403365290404,-0.3169932169809434,1
-0.7352901139135612,0.9708833564283353,-2.0868940211466906,1.5891155982889182,-1.4085381252431324,-1.1300500282054047,-0.48038800416027416,1.498948625130378,-0.5911136607616809,-1.710494640877494,1
-0.8714300961126562,0.5510036160391666,-1.623069824733947,-0.9872420172440162,2.1150155949998,-0.4809327295736453,-0.30597263118191864,-0.584178036242852,-0.6734023007804086,0.3599494607386688,1
0.25841062516675706,-0.05293044027538413,-1.1314989464061485,0.541378777875363,-0.2981536831422696,1.592571132855621,-2.5382940957147357,0.1354615708816036,1.8651394337185192,0.09391319834911921,1
-0.22783330761794066,0.5923284008029748,-1.2542335331413852,-0.8428429097053035,-1.0247073148923682,-0.8252873900283618,1.25665499578861,1.294934706008038,-0.16420510387900233,1.2332261601418666,0
-0.6805024291946259,-0.7622558421289037,-0.6787705045778757,-0.460127236314408,-1.482007819801093,0.2984853732103291,-0.7827206768398098,2.6238758060733014,-2.434476965015445,-0.4851515027883982,1
1.7239987746426264,0.1821966594770536,0.9968946424338673,-0.1026961489078918,-1.4207310160713515,-2.592136973378258,0.7882379479837258,-0.7913038717663626,-1.0107321360934818,-1.236536294449917,1
2.3633991084488915,2.3011984558261203,0.7609564286484278,-0.12356536879936147,-0.7795986134404627,1.2982656964668646,1.843358411923618,-0.3140829917270318,-1.5970527948052595,1.0870362496231984,1
0.6329935326654633,-1.0641651517113657,0.9339792496327679,-0.6987679778898643,-0.6953556573523734,-1.1958159439977938,1.3774683824442011,-0.008933512818134093,-1.2254168843542477,-1.6112769550217827,1
0.7067510631469928,0.013640978846296004,0.7145442775314521,-0.3883817447054636,0.07533811260336365,-1.4250297381237367,-0.9595169892922173,-2.755519791015647,-0.33555886509214855,0.2550630484491319,1
0.8807653368858428,-0.2816130325058454,1.1134922660571553,1.653985748710943,0.045552339940096775,0.29530643574300164,0.15158504175756685,-0.42676128820433745,0.6973780889375512,1.7542683708680242,0
0.3084225382816372,2.0499012262424086,-2.2099667797037674,-1.4568891344671842,-0.2605214275991604,0.04331300249729206,1.5616183866796545,-0.41148330976288294,-0.9937388307529447,-0.01824140073363731,1
-0.17141794131868981,-1.1694012004679974,1.3320480525371152,0.7793661579583326,0.540988074848272,-1.7352651220389812,-0.5694078428657716,-1.3262589732609216,1.8000890491831538,-0.43914903977464326,0
-1.6842370037042877,-0.18232289133008162,-1.0861059504825303,1.9474565948558924,-1.1145095841581922,-0.968314024400988,-1.664622861586813,0.04136970329898318,-0.28971574300164527,-1.679633838915449,0
1.6138027003430657,0.04736489158063406,-0.2595598769207148,1.2104983439322197,1.1557824495810913,0.029767490971901678,-1.266696706142175,0.7696126046669544,-0.19421660869784396,0.12818805130697133,1
-0.2957489899106972,-0.2899369327464699,-0.7462554383276572,0.257025263693352,1.4754654589806686,-0.7555104558258834,-1.1347436048698576,-1.4569220233264437,0.60458120118403,-0.6683848804137332,1
0.033794829093671735,-0.3985175624228367,0.19862763921937804,-1.295932449445716,0.28195614555623294,-0.683188619578226,-1.4964289683670056,-1.610481688222681,-1.2380975937236665,-0.775610971594871,0
-0.3673358073297214,-3.730369584496549,-0.7652062898289879,-0.47555978575750746,1.6844303694585983,-0.8796015321683609,0.3277643952632997,1.5395883073882146,-1.841158138417027,-0.2735527674791246,0
-1.0833034916681357,0.06307421081719022,0.36899500858565093,-0.4532469364506328,2.900874134659178,1.3779413688851503,1.858286178985381,0.03088442293716709,-0.1547399168107504,1.1889150360308052,0
0.38968763146802654,-1.3526410776593423,2.3737804104607196,1.2227508747621152,1.5534499596250306,-0.378186163133655,-0.7205596055750871,0.08272787377849394,2.1197032383849264,-1.7072844021709668,0
-1.9281525038296206,-0.09251330195960046,-0.9070687110051989,-0.47981674250222506,0.8734259401222483,-0.38047167943477905,-2.6006464431097207,3.0676426927636165,-1.3450493875969105,-1.4876641388863108,0
1.0895875682352079,-1.5694614554831088,0.11746976460045015,-0.012330992405390151,0.12257597120223107,-0.26173510010643086,1.5910375188185855,-1.1631710142030536,0.8496006607603381,-0.7534337748499171,1
1.3929235664594568,-1.147164035853066,-0.6344932301314934,0.6386134390700854,0.8208194092995693,0.22498150314269472,-0.7471720235877444,-0.9723328442191155,0.34862570309994656,0.15282833584606956,1
1.4509298648221627,-2.2469114501687377,1.0029222892723286,-0.1838256723116911,-0.876105971402754,-1.1690522839545006,-0.016742415874853395,-3.8391293578503833,-0.7152277207531158,-0.4871062669833206,0
0.5174172950287437,-0.6469104500679859,0.5417075442644274,1.8236884105795288,0.6547777262431405,0.699530184793796,-0.42951686115482085,1.6038126928152425,-0.9012443281619517,-0.101016883036634,1
1.091904360873731,-0.2896818761114832,1.426931217047022,-1.0199450188000114,1.3740821116105941,1.218996565628634,0.5551612810044246,-1.2834585733207422,1.1584668008193326,1.0531589807360027,0
0.7095576906771216,-0.9892943977144558,-0.5978052949912531,0.7604999181648069,-0.7281313899911446,-0.7118386914400499,1.0813811988382638,0.22847346865697848,-0.9240006033995055,-0.890459066717852,1
-0.053220317866736755,-1.6166315609873658,-0.4890639234619335,0.03958827599248488,1.0942204018597241,0.766266304088601,-0.019093209376158216,1.5588738866330192,-0.4668010521185639,-1.551991294869011,0
-1.0615450881998578,1.1015967993529594,-0.38396120543880435,0.03978015138591546,2.471498981512164,-1.6289492631346272,-2.011963498576999,-1.7138441297921525,0.15223878993641557,0.7970391330910679,1
0.6003369608823033,-0.25234331206537186,-0.02365946757643278,-0.7829844305074829,0.40460152920705045,-2.004437235030927,3.2234634633999812,0.4953901085515367,0.1301748998471299,0.9145662231197247,1
0.7189398626532757,-0.7586130951135623,-0.8916616793747865,-0.2141241161615528,-0.046457348783626395,-1.87929429143202,2.588143412601684,0.28019193639051615,0.9963491125585124,0.9742993260392299,1
0.28471422750906084,0.7038469226038611,1.278143808256747,-0.7661739375424236,0.5617688603874493,-0.17827791252296624,-0.7689834503916814,2.3417721581467754,-1.9948691720761582,-2.2130122917808484,0
1.1647355043833056,0.5656051094602169,-1.1607821046183684,1.132281371059303,2.1559468363652288,0.29834412060657434,2.8924452483419234,-1.7640217174789767,0.7821151799680026,1.3813155613274535,1
0.9613741425468969,0.09191875763129131,-0.2675424899809246,0.1965329016965188,0.9464920243110024,0.48447171174168757,1.766213992691414,-1.2325647695453514,1.2020836708457832,-0.12017736287091085,1
-0.952415107680386,1.6410513038815193,0.045242529891336675,2.8896318714778326,0.9817481644762501,-0.3278145426693492,-0.12551371580382648,-0.2610963941678054,-0.24122138403053361,0.0153641744320141,1
0.5958198677176726,-0.6087565570440858,-0.9367518689375385,-0.38763243433252986,1.1930198389284616,1.6999182855672084,-1.7709709894305385,-0.25829198067432707,0.7372931735702358,-1.2512616605236873,1
-1.584823385275468,-0.9305287835368644,-1.3629436459269852,0.5117219644339323,-0.6141139202901111,0.22205045187691308,1.0756173039931554,1.5996699772537755,1.0068509312012894,-2.3172652274540875,0
0.8026082403354341,0.24807015117710846,0.13592836727106974,-1.6822966643477049,0.4576112176883551,-0.8587998844871892,-1.6385097848064234,-0.397226145320482,-1.0416823328971694,0.35956380999231763,1
0.6449683872400175,0.450689046469824,-0.3911267150206484,0.008676941179914188,0.986284561414221,0.972495643127655,-0.30956081951312014,-0.5507533234063224,-0.25810079911504236,-0.7234522934464295,1
-0.4200664951332893,0.17879481182701618,0.43745740754122525,-0.534180591956011,0.020681774762910193,-0.4679374888937155,0.38960623896451585,-0.2676006575950206,0.045622762711280185,-0.13975854232953325,0
-0.40643758523227924,0.035136627319100555,1.1128514742924471,0.024300439187946832,1.7442457621016483,1.3783816536709381,-1.4286337897867756,-0.6220957333893461,-0.6930526357256191,-0.31954651153740027,0
1.871831228294785,-0.3630719905326112,1.0420327129757476,1.3550038465407068,-1.5536023906582943,-0.7108382530022793,-1.1800379385209865,-0.5484883225807115,-1.9832581577007211,1.6385823846817242,1
2.4140039546555716,0.16785613345023992,-1.5975508813872668,0.6006132957601049,-0.8425844950737174,-0.606230143400623,0.7280812565901961,0.14094485387390188,-0.2976946123179419,-0.1460479776413257,1
0.45243036924183655,2.2526160180037147,2.713051363576248,-0.6861955099134798,2.8206526663408615,-0.05389872414272445,-0.7403135821446017,0.7781905417404615,-0.11653866214232433,1.1735002893662658,0
-0.6880625760633384,-0.2919769808998087,1.6336623060841158,0.15162132909490156,0.35214307430434416,-0.18662558388297124,1.547271356417641,-1.3508550802784605,1.4946660520965824,0.3146523048812291,0
0.24142451937452802,1.0090744596351096,-1.6962246298275798,-0.10378758265232835,-2.4681380164047173,-1.4836550892288245,1.7803722609424024,-0.07710787534187646,-1.2079188782598798,-0.39239415946648726,1
-2.01688450961407,-0.9407598954640461,0.2274266773549886,-1.405258931519624,1.8241513269815917,0.3244253916285538,-1.0648669428375057,-0.17021913042235662,1.3058756859831204,0.1601841300348379,0
-0.09677957908369522,1.064921723844145,-0.4390829948440311,-0.4469073716471982,0.26199317070033185,-0.08492139156103397,-0.08779258897583755,-0.4818596246241778,-0.12862327387297556,-0.08179863048663777,1
1.642664122633799,1.830452381250827,-1.9312502293877314,0.9194317909740068,0.5041592858113273,1.1413144670102193,-1.3158734777402612,-0.4652704197995907,0.45506452970254485,-1.3197983383130072,1
0.578695784291878,2.5126079102368406,0.148727577926247,0.9399460973211504,0.3391316044997186,0.8786732807838916,-2.5569278657959766,2.8692970478509903,2.233253939029588,-0.17670083906842976,1
-2.460721758990098,0.34458630076435676,-1.9220137295264235,0.5581054551887439,0.7888057828884802,-1.9297141165640705,1.4787266126881788,0.6186940571416086,0.6946841630792642,-0.6548091480128263,0
-1.9522750436415337,1.8601966842719573,0.1543016649250541,-0.7424329993758384,0.9233737743842152,2.998736251118488,-0.07454863694781474,1.764707990343667,-0.4477078540069751,-0.9046330678578594,0
-1.0037799633030169,1.1901445571231997,-0.3280008710731794,2.035850189966517,-0.6826747891482363,-0.5741528032623838,0.10132582366515852,-0.8426677118378603,-1.2152259991555134,1.5395280930164656,1
2.5641072253589683,0.10417012028980588,-0.7562971637670034,-0.634841470793271,0.4216115014892069,0.3735852707999361,0.06936064578427603,0.34845605154543163,0.5352908750435864,-2.013321766719148,1
-1.7298621151593712,0.20918214117799172,0.8638607286992559,2.0942731444430236,-0.07688194405329352,-1.410030581081322,0.5009332002484536,-1.4154824560181152,0.7606261102281868,0.3716256239571774,0
0.9895362057308535,-0.5608345366156416,0.9203476991183357,0.8789504274276042,-0.609683469752245,2.1639917903329864,0.8743655009666884,-0.8051739944682521,2.0107017883654996,1.343431072405792,0
-0.25397320579774924,0.23810490636735548,0.31347445429775944,0.8815505227200652,1.0885625982709655,0.10237445429344294,-0.16309163504423463,1.8167532441069192,-1.3042438478259997,1.9284370767706291,0
0.33135381915614454,1.0389798807639574,0.19373566899286657,-0.0018722976747778883,-0.18849077447921722,1.1618284600595234,0.32596159802531466,-0.809480250689589,1.883162735131698,0.8451102512721499,1
-2.746725484436393,-0.1607391275584249,-2.071514591816923,-1.0136150463794475,-2.470343250099132,0.3984208643770303,-1.653853658273368,0.6502850030993655,-2.3333387810171193,-0.6676646364986951,0
-0.5782147429673642,1.6484185357753482,1.299045381067869,1.0048035300631695,-0.5149407982681096,0.9557188691115908,-1.6483548911444919,-2.1638551661083323,-0.08221038905265747,1.6275982490887888,0
0.05632083671051047,0.494092511332904,-2.306426219542223,-0.07500996927889947,0.8029822908225062,1.3537557838966738,-0.551223529150146,-0.9200435526340878,-1.8310106963297041,0.44561440401955066,1
-0.311721364975474,-2.112104538525871,-0.27678949364374317,0.7832938756286316,-0.8407917942954335,0.37107115913474487,0.061746931505089725,-0.49240305587153743,0.7315467677044067,-0.09075308059074871,0
-0.7470039068426623,-0.31658826783040633,-0.8799573229142554,1.2958511258833705,-0.6630759193391391,0.4385823637834881,1.2124763387399842,1.1662689423360897,-0.1283851936097537,-0.4765048552118272,1
0.8998938675657076,0.4710181522840428,-0.3839565180250961,-0.6460791912661931,-3.005438198279537,0.05239236316834597,-0.07234207815109628,1.9012634245645068,0.21569441567643688,1.3824528302079588,1
-0.7357462197665501,1.7992398472071183,-1.126335005620764,0.3851287771397032,-1.884709115275834,0.2421411628368176,-2.731595008043903,0.46543973304017394,0.648114847288903,-0.22827221873435383,1
0.0007138705510927323,0.6741143479062016,0.3245266277289812,-0.1984288563445441,0.8115976523593182,2.982290783535714,0.89891647052561,1.3745755029739908,0.11214600733007857,-0.06707177985795829,0
-2.4028878943461627,-0.7718677704070359,-0.927520683603487,-3.009615448548244,-1.0091914989041653,-1.797020983333028,0.1435302233927913,1.7717429758556347,0.33869652642340853,1.1913670050582637,0
0.28261129970209387,-1.0501747024212513,-1.9315405378443882,-1.0424742229017943,-1.2744693795740372,-0.4977555899710788,-0.1525086724529343,0.6885155032194603,0.14770635545129238,-0.5509535616991484,0
0.40360232362342985,-0.6528612011895966,0.6295412053680912,-0.16316965484115786,0.5347138685079051,1.1819054469869883,0.453973884250992,-1.9155298059881556,0.11696031495341697,0.046511290856232984,1
-0.34241839769115795,0.4741617461103225,0.9966213367695669,2.2539603704600344,-1.5784086847715197,-0.184028035471575,-0.7644622551127472,1.2631337220589676,-1.5756944850888688,0.05900882835619492,0
-1.2324862127098588,-0.7769815975860856,-2.045644765504203,-0.29435801201709894,1.3110086302189694,0.5701895868108142,0.5229572766702121,2.180810689419107,1.0695328499778824,-0.5219378892735697,1
1.584846327435819,0.17416718001629639,-0.7441236819933098,-0.047682920694582576,0.892404785032289,0.3137823634557143,0.4963564604509842,-0.8842635010912443,1.0903663881012688,-0.6865171514702941,1
-0.17991859279557632,0.8547245193333434,0.21884213970680577,0.5112891452805214,-2.098003463597432,3.0978786585565605,1.755933424184984,1.0263797621775894,-0.7597486870949327,-0.2477763569261951,0
-0.33608827793750795,1.428328301663575,-0.2683699891939018,-0.8391418451599502,0.16422725545058747,2.3498247956716507,0.7463270661499947,1.942196938478287,0.809923610277277,-0.5486138079116587,0
-3.4555064441825447,-0.17271309274721686,-0.6829548451965052,0.3326259964028716,0.94552943362157,-1.1499326717549851,0.6431944226749992,0.3204294474110616,0.21717326365732414,0.9574786118696832,0
0.0894074247453659,0.15151819030234281,-0.3596106665502086,-0.33060167204969826,1.2330381631721543,1.6476478245676494,0.046146019947134964,1.6362301122291047,2.1090219507814068,-0.0007986866293031442,1
-4.066049429167635,1.9052019999926855,-0.4351196479000886,-0.8199434184653127,-0.7024790185754974,-0.9724508678326514,0.30000511799329144,-1.9973419706670485,-1.7073920774789437,0.8821803648206864,0
1.0880155124664355,0.45422887851124416,-0.12818062902413851,-0.6831273520486848,-1.0468664649242818,-0.48909081586230296,1.638483970189041,-1.80942930531624,-0.8671001614070647,-1.5955022580526945,1
-1.2256715259616957,1.7523985393321695,0.5868293782146061,0.47756275137657206,0.6954857961568289,0.263895437873162,-0.1546967812152319,1.7651883465889027,0.14448663267726822,0.3846654466080161,0
-0.46951123981248893,-2.0718618827234936,-2.474890179954472,-1.031354132630169,0.3565344288384348,0.4389579745578284,0.6475644376742489,-1.662719789564439,1.8859472660966323,-1.848086403577609,1
0.022248229813786602,0.32025233895788546,0.3922053767090873,1.051216517700106,-0.19843808555587272,-1.5333375369167461,1.1475364359974478,-1.1297308165330822,2.8738923215311614,0.7570262340393051,1
-1.0400189181220267,-1.41013416349426,-1.6538372179534924,-0.929645049910147,0.09740920340196049,1.414993108587391,-0.1089305175769415,0.3033935066588604,-0.6411687772965496,0.08396020043468094,1
-1.3137249349396831,2.054957504090017,0.08671756088538429,-0.6687552483713312,-2.1261201317436402,0.6277823297542314,0.9065382850678875,-2.0748459808592483,-1.035958188557888,0.8561962541992916,1
-0.41859856050315347,0.453224903686433,-0.6058418811884285,-0.9222706842736803,-0.6842622319851865,0.19488948082526375,1.0940923070544823,0.5848679560120875,-0.9203334104348319,1.3296030724435677,0
-0.2258396323736704,1.7030992711586972,0.7449204552291504,-2.9008248912828614,-0.9979752919643351,0.7368155526332973,0.4357407586777623,-0.6004042869896914,-0.6554479429575546,-2.152073989907636,0
-0.6296325976513196,2.3881615704082306,0.3031740001663177,2.2701387574685508,0.9479601654068832,1.5610047719768005,2.6676764582500327,-1.141794323180283,-0.28797897738272116,-0.01780461161013691,1
2.0346236747449193,-0.49155864058165527,-0.145736364517014,0.2679363159867072,0.1563493175655125,0.31426347034920454,-1.4913102168319858,2.196376139762798,-0.6127755804482047,-0.17631234475596783,1
-1.081375783233452,3.2633140288073426,0.3151047489651151,-0.8267637332933329,1.011639090756494,0.5616344518576086,-0.3628259855666752,1.0812643278165164,-0.4371365433637006,-0.05251826728051717,1
-2.1078372545803274,-1.2623115503434508,1.5043838562350358,2.0347328888479885,-0.4066243886793719,1.7740005486415702,0.2794158872328385,-0.1805556670293813,0.20651198578717572,-0.261311487782521,0
-1.142153148108446,0.8065961833402535,0.17231354447091665,0.36795298065148796,1.273985841473397,-0.3438258642003589,-1.9390176042847318,-1.0053459195301895,-0.007039995661040049,0.001933505072815117,1
-0.1731255977125003,0.26631630327050265,3.262282733461152,-0.6160443732418875,-2.313926923669878,0.12141642325352162,-0.29135210043354454,1.2515261989065527,0.007469656823317905,0.7112200024985909,0
-1.0727528709497047,-0.8896014167780197,0.7583397344654563,0.47795689458985546,2.369590640062772,0.7007144440914441,-0.5591315972034139,-0.8172825705373747,-1.1705565066907693,-0.36455142273230745,0
0.5380953359088105,-0.4235121526414475,-1.1736818046169688,-0.29646408498509047,-0.2985448978219888,0.32620910833164196,0.5735927559782682,0.4292591186050155,0.7170481343814568,0.4128955605808362,1
-0.1295097049985655,-1.3847501267555935,-0.4499613041555731,-2.930401664039465,-0.11989881770156918,-0.8247474012997089,-2.0412770267579843,0.12146957675348391,0.8070024194538381,0.07511638550735694,0
-0.2334463202582907,0.09479646919893578,0.9935581348837899,1.650991788476965,1.3167945642749288,-1.2622431887706194,1.1520065193843305,0.5059245924013365,-0.3149430639671228,-0.9464453312139168,1
0.1748338047737606,0.7847659570336645,0.939361764918021,-0.17618176919674847,-0.9835782875941533,0.5073211033237197,1.0488346920026124,0.7969402359285455,0.878346583930344,0.09885907720267695,0
-0.7759458164883806,1.625592672063954,0.42229067467300974,0.09781345861535243,1.8124564352900332,-2.2684155733048894,1.05149081035842,-0.9976973516711382,0.27551272553285255,0.3656357806825156,1
-0.5097143457373466,1.621325120330836,-1.1988672254412873,0.2272806356707973,0.02054892973359479,0.6188886195614842,-1.2412445281431894,0.19686271078206202,0.04274709187183656,-1.1918580332607753,1
0.7760127279551619,0.10883670683416435,-0.7056760625834071,-0.5980518314197929,0.4869025985916463,0.5563135673666709,0.1231538980988851,-0.4981803882502338,-1.752986572375705,-0.9592820095900951,1
-0.5469742757423353,-0.11395533841357083,0.10293399990170993,1.0327208273815442,-0.08182494667718093,-0.18600256651494804,0.23091830712715078,-0.09262621576119179,-0.055276919401878344,1.1332760946573115,0
-0.938531547588574,0.6763390678547004,0.010727073079706773,-0.9181255879448981,0.9825559219535523,-0.4189938216972993,0.529497668942547,2.3400030205127704,-0.5919156052336476,0.5494649194108336,1
-2.992547353474931,0.16716444302274963,-0.6471907285713132,-0.07514736175971759,-1.4184206648339113,0.52467605005458,0.8880615821883271,-0.04406057204347788,-0.4372025523328862,1.2202916189117037,0
-0.3180085159187995,-1.4526400644924329,0.2615492390079788,-1.3197177452700841,1.0673800331889225,-0.6743813267190265,0.5597614026501643,0.6666710671798637,-0.7810057897537923,0.26557373095529124,0
-0.4122774966140259,0.7144385733117158,-0.1979411635285142,-0.8037508474690984,0.14422154271115895,-0.6382240055306533,-0.45789745741722954,-1.310535559285572,1.582026182764044,-1.939895377106403,1
-0.9206542550493879,0.04951801428976412,1.0058433382555467,-0.2807095595970761,1.7959401784174918,-0.3009246744148256,-0.11327331562709808,-0.6852412509738195,1.245313564184564,-0.6418924027783778,0
1.3094806504791203,-1.73614990977959,0.6312702529637371,-0.2773083877802018,-0.8269820837675329,0.749776694053756,0.8009734501637128,0.8089836603585698,-1.3102049149946295,1.4658656367560257,1
2.456376561894453,-0.587686606987827,0.8159303843515666,-1.1292648638060478,-1.0995265171983444,0.14673315854678953,1.5832290914833131,-1.511763974568507,0.5463870740110289,1.0936849635011732,1
-0.28366584751080587,0.6662846464719041,-0.6108602351734655,0.17117394274397485,-0.16316982834385518,0.2630758365129421,-0.05580124056931479,0.5487104140752779,-0.6928410185751384,0.560539590693056,0
0.533920224141827,0.33467739271823466,-0.4907428118630447,-1.0825643836100607,-2.1833022749081357,-0.4561006796688102,-0.23860606015389696,0.3342551389547147,1.301540066923637,-0.8766484632691353,0
0.1156828495811234,-0.6579585390479142,0.4620842777006666,1.23265102045763,1.5861511111176798,1.2700270514346954,1.5136809752572724,2.0200308777550617,0.40036519217478644,0.7146972003932215,0
-1.2611274709138929,-1.577191588638358,-0.5032380437875883,-1.1380244213567823,0.1507537001044943,1.5202729058758901,0.8697866278601426,1.0365027804161824,-0.5668916063193381,-0.38038278608808695,0
-1.3313328056761713,-0.34591270843011335,0.3548305354689961,0.019276067988509456,1.3423349975182373,0.18551901401003967,-0.024738313646703758,1.9255139980159597,0.08159965050309788,1.8174967743739299,0
-0.09998247118353154,-0.22590973465632358,1.2056981262694344,-0.36850224852205843,-2.8169720858218255,0.2641923053670515,0.7456780115926698,-0.02742193522455194,0.44409127175806906,-2.0289671845090105,0
-1.535334292769059,0.6890502554478942,0.9030932948890027,1.6670191460896473,-0.5940243766290618,0.611274619799367,-0.23066491169067485,-1.6206912190468112,-2.629455263269286,-0.978658815909586,0
-0.3547023237927233,-1.351528629003113,-1.5177192573012812,0.7754876786839697,-1.1107822728750536,0.970864547869335,1.5601678250765165,-2.6761305178982293,-1.5947624547004193,-0.6098093599372311,1
1.3852157403153322,-1.1385043782413042,1.8832142457432706,-0.021579301856248734,0.1942463609107331,-0.12801305946248415,-1.1887952773966632,0.8297545892615326,-1.3560243932640466,0.27044430874276876,0
-0.6218334655605204,-1.1653695707441167,3.3184136957477306,0.39644457314042614,0.8516951214815937,1.0791017376072174,-1.013741744920229,1.7068683958719564,-2.0227724814626846,-2.2039009524400424,0
-0.4091869488857378,0.7122695537799317,0.37103596131703354,-0.7087212392162638,-0.37333568239368387,-1.4996781714899723,-1.2536885978554113,1.1786478254809616,-0.12823036686230171,1.6870809365463362,0
-1.2223235803952723,1.566602415969042,-0.002398190093566288,1.0145017605731217,0.9545124598410354,0.8597376720752118,-0.31093303696625674,0.06662059945114585,1.405567106925354,-0.2780217885882552,0
-1.5964792094878004,0.011824180898978243,1.2086734476835115,0.8264869005724528,-1.1728998944322946,-0.8677560771077786,1.5099115508475933,-0.6664669684290582,0.7467035056086507,0.11059589760287769,0
2.479237699569561,-0.6193453563577824,0.9751638668011207,0.0951314443786371,-0.7105370675789229,-1.959989005725253,-2.5113803141867437,-0.5730309434781995,0.22796586262307128,-2.17467009726379,0
-1.178133713688907,0.6634898860424618,-0.2049120075008607,0.53944609477712,1.0016387971894656,-0.5288528128574467,-0.13883028322057284,1.8282993183995284,0.8293687083144129,0.7840400438073833,0
3.276758115510214,-1.4613635604281052,0.3991038336706318,1.0851314999658097,-0.8135476175872102,1.1988167269298229,0.38116090737092867,0.06756486437222453,0.2951548103833711,1.1817507916598806,1
0.844237241066826,1.3240290955463427,-0.5846595858751515,0.7096989537138878,-0.06460364470344931,1.6434317348491798,0.7280391815982875,1.174503443969116,0.8154099271205587,-1.6218669379709527,1
-1.3868862607692871,0.39096855988418466,-2.5270938367172535,0.5289526803581069,0.47774166602052986,0.9492124788961329,-1.8099257659644645,1.8449369872525043,2.230920199790679,0.34689750061675645,1
0.27676995170406493,-0.5298797293910688,0.7805055458302309,0.3233818753758745,0.2140113727906328,0.8337018110984169,1.776663686312327,-1.7116069718043423,0.12130838668016998,-1.5755086808238592,1
1.1110271337001725,-1.3110426584006785,-1.1755834243593681,0.8952880843473286,2.321388256647169,-0.40844752344920077,0.7907285137276858,0.9658790523730254,2.0191661272574493,-0.8143908863310881,1
-0.0009516760266046059,-0.34413513699038284,-1.6243672335131938,-0.7636334052273634,1.2205943072415424,0.4420478458096003,1.0023647733840795,-0.03178593106099742,-0.2110227163277658,-1.5115922827029293,1
-0.6901440775169517,0.5550688995621982,0.017884474988746124,0.4694241540123052,-0.9744729350055797,-0.29640387891867725,3.1766625748796185,1.5018889933412813,0.4902693613770367,0.14822504135499684,0
0.5216526458294428,-0.11085043210231313,1.0597282495618998,-1.8184545102742824,-1.8365241460892148,-0.6912071411591291,-0.046198310787433555,-0.47456316519217734,1.1913814525748256,-1.6340723178774499,0
-0.39597181181635505,0.6694568272625026,0.27468540243184164,0.9449558221269333,2.74345448182647,-0.8766394866841736,0.46653644893658147,-0.7023765410692173,-2.182091230407327,-0.10206855063084005,1
1.1849463313342814,0.408007007516457,0.7305043105145379,-0.4576833690707324,-0.2604074391981903,1.1959596132427406,-0.6087888711419495,0.7897201771712083,0.2684624135873821,1.795880738020682,1
2.2206961145551314,-2.2878576097747545,-1.7012858381511646,0.11501871994768742,-0.49112260088741055,0.2563949505684814,-0.3179400635010896,0.4282930448413558,-0.7139016799868848,0.7926148459580559,1
-0.24540965300255474,2.0216633598152165,-0.9208102944583465,0.5703758926943416,0.4090793038529361,-0.23722431096657748,-0.19012163290837272,1.3616007779882089,1.693762347956314,-0.20522123342902013,1
-0.522741223237624,1.3136094222064827,0.44617059086405375,-0.8993475463090894,-0.1663304657242879,1.0986734566206844,1.3953928385363594,0.6561955946667102,0.04949722816701074,-0.9725737971237622,0
-2.5704092833508794,1.323655534441873,0.18519353169382896,-0.9829702376579321,-1.7094371133781827,-1.762094424973056,-1.1955621549861453,1.8319971333222471,1.65145685020253,1.3442567564199734,0
-1.3427114209385358,-1.814233061950481,0.671218042679393,0.7038264266983907,-0.24150869976221184,-2.0409889645571395,-0.8925237816726586,0.3393441072420755,1.5404174939837971,-0.2724550667139908,0
0.5448409202017191,-0.017463147371592824,0.2956363630255448,0.7509740305127244,0.562932720546518,-0.5558106557752378,0.21644184290846175,0.10172031885417174,1.180457859514309,1.0636988638615676,1
0.4992450361884799,1.8376659958834969,0.7168521481154857,0.02035519210149106,1.5167663137860727,-1.9481909276518317,-0.9422960727409057,-0.35831850532386833,0.2554424210131573,-1.485719970090499,1
-0.0902656271578306,-0.721164830394815,-0.5664909831485297,1.4431730448894657,1.1462186891211972,0.11885878072278677,-0.17137734126265924,-1.0266791160522746,2.402611116694413,0.4877236363991341,0
-1.082649174313683,0.8215476113412025,-0.5454098557226843,-0.47108424665181614,0.6602726601672766,-0.9951760827799536,-0.4578047015799407,-0.015023278778492077,-0.7160918381668654,0.12084919745394218,0
2.375183493814016,-0.06925881350811214,-1.189318558003798,-1.5303731257393807,-0.358316785725038,-0.575555101484465,-0.1818261617376785,0.06519598935645227,-1.6261755583269606,-2.5074446954873206,1
0.36200698199858705,-0.12999183116400528,-0.29320345576419626,-1.774690181657135,0.6446000496215638,1.6207948230415183,-0.348706560853391,-1.007279471733519,-0.2794399109414847,-0.77695459163258,1
1.9068526670327408,0.10305496992903915,-1.5659071093988324,-1.037664526223406,0.6148483322070291,-0.462430100818968,0.40338119893781693,-1.338145574604946,0.15624315337948047,-1.3198706137516685,1
-2.065916845094382,-0.6429767395091913,1.5897963205904635,-0.07030801845113466,1.6874998774248606,0.7426032650906278,1.2103580277760186,-0.708352977062617,-0.3858306197951042,0.7074035498138003,0
-0.679485010289157,0.8620309067737002,-0.3423095049154766,-1.0837804866660068,-0.778469778402782,1.8986907553954775,1.4386752854339744,0.08355355794194408,-1.5348101032813963,1.067701028057032,1
0.238406374086927,0.28869718175460196,-0.9600956022558391,-0.08772912140748812,-0.791174989412629,-1.06847549036241,0.8904580817720779,-1.6410785692661483,-0.18073730683439237,0.4742323640376296,1
-0.9859904180604933,-0.5654306898632687,-0.0770223709317297,1.1597502445557513,-0.6426125093562812,0.7100868782093448,2.0803790840387815,-0.3680876589927722,-1.863737333293998,0.4841429445894096,0
1.6629181045009067,-0.501190504610878,-1.549703256824706,-0.6113074538351709,-0.8666717255639173,0.9555477208897969,-1.8874293550639458,-0.9539302280816957,-1.7359184944884012,0.6157070104460758,1
0.09118912561761172,0.5015113027510174,0.7739942836767804,-0.09771965981338182,0.13018192383762484,-0.24596940020460686,-0.5983901711479964,0.8605779190015757,0.35106748778434693,0.32807611124581815,0
1.2408937738452164,2.2076830589182026,-1.1455407261947135,0.4894162021918904,-1.2184463991919303,-0.2598302874796957,-0.6729962749370295,0.9844336655154621,0.36722832450775456,0.6326917661258158,1
1.2684384686517276,-1.673183499343745,-0.8685105283589524,-0.8870143852274117,-0.6470521805815194,1.2046794948306412,-1.3038668714587545,0.6316918970280812,1.844138555893696,-0.3811185221039983,1
-0.3100943352452831,-0.28512419445223675,0.7805429293406857,-0.6717292508534507,1.469387841750855,-1.254474073500794,-0.948739880708513,-0.03347924425019433,0.27428952064373024,1.0899407762852245,1
-0.9637548823003401,1.1919474090182138,-0.8493722188616424,1.9781933290325338,1.0368042563596886,-0.6643679384007695,0.4818385372958179,-0.44929127561017085,1.199139562174516,-0.4404519730730445,1
-0.4751678238368253,1.5586520454121142,1.151147540889964,0.5437356319624775,-1.0400945869454192,1.8113309791659415,-0.3364067305559234,-0.8313224125160852,1.2276425432443065,-1.0806138258604434,1
1.7695976331716874,1.8640068425382998,0.7015782325881414,-1.6628826879524083,-0.22741480351684235,0.29261702154877733,1.0047768149799838,1.2681357381396636,-0.6035576402230767,1.4401428280780628,1
0.6707488291088772,0.972872914633454,0.36631016077776557,-1.5461791342973588,0.2706555194619288,-1.6939028977599322,-0.2908986556394383,1.533133120422455,0.13783279467575602,1.844340239598342,1
0.6849945731305849,-0.4201330292851617,-2.6764705357601413,0.4996844233742328,0.1525125960067291,-0.4382178987820714,-1.5239337584719275,-0.17804169720076257,-0.5098815447947649,0.6379738596742657,1
-0.5553951182826031,1.4731942358616192,-1.4611282459754984,1.0465843777767572,0.5403305638833112,0.9769794215336575,-0.046403629957455894,1.1194527450366893,0.2248472549143067,-1.2659363077388635,1
-0.9743056980153944,-0.993524775682896,0.1576274182452831,-0.7235873971652185,-0.6437332177777498,-0.01553947219941948,-0.202189318647257,1.9910462459891962,0.7548915260704059,0.06001352534645164,0
0.4220390608773955,0.9931252566540076,0.44515860076922925,-2.708297372189189,-0.23806183361118458,-0.7641979158332386,1.5987957804971562,0.046664372286947906,-0.016470156703790817,-0.02178478603392031,0
-0.5659672129977245,-0.6815774073522636,0.5719323223350613,-0.6499136130090748,-1.6478869173393822,-0.379878846435239,0.646492563089111,-0.154921226903373,-1.1133444163600381,2.1482585933766014,1
-0.24232749677672777,0.069950190928107,-0.1521468805108943,-1.3157170069560848,0.8940793899247412,0.22986589293828535,-0.3147722385316869,0.05688025468052016,1.3888268333385783,0.9640673209326857,0
-0.21517678118192074,-0.29214077513921044,-0.6573854821695337,2.058483581038774,0.8493583503998803,1.7414789450609662,-0.22780417562258265,-1.018803791677951,-1.012116039036381,-1.846960900847403,1
-1.2700522033331214,1.7611387255728668,0.17202886389609662,0.024642567389267955,2.004884039390384,-1.2241884502021927,1.1728707519345234,2.0345880465479196,-0.47196494821576485,-0.09151365386639954,1
0.48345468231822536,0.331493878567248,-1.517568470757392,1.3530926344902345,0.22419755856825463,0.1288842618879787,-1.2265176210377926,-0.6247366917317311,-0.6483126536376924,-0.6413636397238859,1
0.38532354368283617,1.8146566525586652,0.315995777444766,1.0352977628511801,-1.8404579201142879,-1.40469315761999,0.564540263141778,0.12543912017022985,2.5631401250106505,0.5943913219328609,0
1.7437896847365475,0.8680175720476173,1.5763959053660395,0.28332271806119,0.1440774086151362,0.8991296663969892,1.6920727892090504,0.7000010068679151,-0.34778560422220667,1.898930281027544,1
-2.2884072065684076,-1.929405924323955,0.691920880230685,0.3724403336361445,-0.12245585574859252,-0.07002857130384053,0.16989021422732192,0.27694330467618844,0.6163661026478534,1.770511907982023,0
1.3426105141450486,2.180278884214746,0.21339050956901795,0.16240487530083758,-1.5601083485426572,-0.8601041583171225,-0.19861184717322886,0.23847369446135624,-0.5242783650738875,0.19392400908703522,1
0.045593797026301834,-0.016689023210830323,0.9574285581264572,-0.23277116104002374,-0.5622137243918791,-2.0192192585188558,0.11020674964646468,-0.5295288692147095,-0.89218338483671,0.4935659309909701,0
-0.26983959805994273,0.2721933123371787,0.6051998710955009,0.4123880541128617,0.7020407348166664,-0.705500746226811,0.7077403110120097,1.0983740755798377,1.8247247836615188,1.3767550183843487,0
-1.095286412507209,-0.4272802183101028,0.08813482640326087,0.8920198203201004,0.7688095627614534,-0.5207572650991938,-0.9803459976425354,-1.245649562600062,0.09125301827763846,-0.44220252301562574,0
-1.0640405925705072,-0.002541573487891989,0.331486158578939,-0.9606660730146834,1.1644306349493971,-0.08374395604005835,1.5739416656117053,-0.1759236948978527,-0.19227767356714598,-0.39383791662095186,0
-0.5681816653158779,-0.6034551581394217,-0.41762472262865213,-0.12594185786555623,-1.427852625159501,0.04949952298920947,-1.692393074305413,1.3486511252425606,0.8360021690011255,1.9502052620593928,0
-0.6582247772561367,-2.22311281385975,0.7123848962648296,0.28825983138136807,-0.9355456861076007,-1.914215101158259,1.7469543166587627,0.7294393376101554,-0.9697100531227019,0.26531054519383634,0
2.327804799781791,-1.1137502247765398,-1.3009669016750918,-0.1453737791964696,-1.2731222206701922,-0.7809127671238719,1.3664320500396694,-1.8635579593170846,0.9872130858734303,0.9776428262262583,1
-1.3367281067757362,-0.4032074846475576,0.874430323278159,1.0422388127644933,-0.3342717353451187,0.7418834463935622,2.185562771177336,0.04031797092701639,-1.7174010782702136,-0.8022423059953336,0
-0.2314780363616608,-0.09074807751314905,1.7502160642243896,-1.4054245024829275,-0.7013321784177853,0.7141765889343005,-1.824789229766964,-0.17731407882128536,-2.05854850504046,0.2758979721679478,0
-0.0816931644727289,2.046547716770073,0.28694035651027805,0.1592974808424843,1.716127658154011,-2.0570240009306655,1.0781180369855485,-1.7789494528361194,-1.1840870889843027,-0.8026416517462143,1
0.037780923483120565,0.40405922179799275,-0.09224586979160777,-1.156803315162307,-1.4217955167227967,-0.3132550775174706,0.507268258482736,-1.2246800015732977,0.8660752854319831,-1.2847898817305319,1
-0.632428443884872,1.6797922238262009,-0.9292654035311316,-1.1634853698108865,0.3406916126486639,0.1825528076016112,-1.4345944695460586,-1.4537868745876004,3.7401801901754395,-0.1557804097107417,1
-1.7992026812963622,1.9766891467497603,1.5172593561334913,-1.3473932063840057,0.15779796894101306,0.6516494657634282,-0.11499357947534758,-1.8959454159558715,2.5361469714462532,0.04523859290569088,0
1.4230922960304533,0.7149757758968813,-1.1224579055161366,0.3644863041381252,-0.2058853030606776,-2.2059219093938247,-0.47582352832844144,0.984219770704417,-0.05920388601427923,-0.11545096888933987,1
0.7457469682567737,0.3490930739089596,-1.2409561984813864,0.94920732270716,-0.455849980739751,-1.9180198014841638,0.5281278815111852,0.38544295877339046,0.21571397733741493,0.8339676870431659,1
-0.6383902360036967,0.9821490654448106,-1.0383935009175382,0.7635834587224424,2.0790529530416686,-1.153085477527756,-0.22335477337675302,-1.1652836203085957,1.0219904733955274,-0.7072402919853081,1
1.012164255920517,1.080751566734849,0.47317886567463807,-1.294239097789742,0.2914912576663743,0.6430543499672928,0.7346234103512423,-0.3176225216994946,0.538707083310454,1.665331382292014,1
1.069094101768753,-1.1607885909756757,0.9933342777076143,0.07525017616993582,0.2978054794565192,-1.6759593758042621,0.18563995243385856,-0.9530739199613428,-0.7652774217113684,-0.9828850031353342,1
-1.0805409734643079,-0.5333952567331597,0.009007916211305395,-1.917158542351367,-0.17921779904023905,1.0126893638963237,-0.6975342751046801,1.28835917422108,0.483737208784563,0.9190450701278841,0
2.19173316029065,0.15401440360684165,-1.5673358444194752,1.2884922970061155,0.0911610686385893,-0.4644379935240355,1.8821184499374364,-1.1438297176728545,0.8890601226207094,0.4298873991344892,1
-0.7677371782701307,0.4945127097729328,1.9710052287418258,0.5564128627500438,0.4180847557795985,-0.6517044049151547,0.7368331529073353,1.0536153516123465,1.328851595117614,-0.24479354508710194,0
0.47799427066803113,0.018279975274640592,-1.0074688508546683,0.4739181875330334,-1.8082601748263687,1.3391068865561468,0.8910857709268102,0.701165544163371,-0.11671377751183559,0.030335865153391428,1
2.0864835612227077,1.0670061580099028,-0.23175371149468726,-0.39842943514937695,1.1523392855979429,-1.178209527725719,0.5035615764839952,1.306876587305894,0.8629931184853066,-0.965015113311775,1
-1.3942654882040328,-0.036110405898702326,-0.5820162910835489,1.083942052757901,-0.53628167204741,-1.2337723219598677,-2.5177433386939763,0.6431434155708751,-0.6225560617739936,0.34415130905800817,0
-1.0570859962290697,-1.1349574815789594,-0.8581504778495493,-1.5229715606413357,-0.8122513007807686,-0.12918398799387731,-2.1498046815394165,1.346310401591635,0.495381962757787,1.1959112531538292,1
0.12060926173943037,0.9933794608075822,0.4283189240503368,0.3313409633551647,0.04175301557699343,0.8668508545603915,0.1642221246248115,-1.7061014403212977,-0.48755567547758705,-0.04215030719074553,1
0.6018192644061418,-0.18784692174442277,-2.5590159968860626,-0.10398973129924334,1.0367486721769963,0.7659366127326992,-0.8452390826645244,0.522919193230913,-0.5169421085371884,1.7260146329493529,1
-0.537281282706185,-0.44721034239316215,0.8137645024268997,-0.2957615896421086,-1.143957151241349,-0.6955489434584596,1.702041940903425,-0.10225584563206597,0.0338344043499237,-0.2737359018801471,0
-0.29480435372283775,0.22499425257732997,0.2612930896416452,-0.14546533337952236,1.0449436920850663,0.3178680546160132,-1.3097808182108501,-0.5378578356207826,-1.524422612297398,1.5216325831913047,1
0.03114475945555184,-1.3006451075590018,-0.018398715208111427,-0.865233071485387,0.9232763766525217,-0.785178134634176,-0.4756956608640264,-0.19381644952532467,1.1951254552667512,0.23105845667382702,1
-1.5495513752570738,-0.5850937972492323,-0.6932124488876938,0.08696328536095413,1.637456553797557,-1.0541047034536866,-1.397096491516846,-0.3600765637971465,-0.31056034322931936,1.2123023277826177,0
0.7156136299413174,1.2893825095843026,-0.20827037341038868,-0.06941875828553143,0.5666453856653072,-0.37160490447183164,0.13808200479931354,-0.06437335718912222,0.6763625464014649,-0.78979349651214,1
0.505145496476074,0.35418574925682544,0.2039374878752147,0.3180181241795609,0.3606753478751326,-1.511875014278308,1.8693577144435216,-2.1154134098281365,-0.9548613451014138,0.11131005500128265,1
-0.07818555325588,1.6187565624430795,-2.1228884905182284,-0.8434184970166458,-2.2518117154041297,0.408846870461218,0.3600616838805256,1.7373581128105042,0.5001069919387157,1.3558711553446168,1
0.49454313620707263,-0.15698752381135056,-1.4931805741468858,0.4941166843262097,-0.971292756577671,1.5555261565753002,-0.7852663057558859,0.9467855467914881,-0.15643120894781842,-0.8086898677550323,1
0.37114139292800913,0.08863325423224486,0.9310143309991372,0.6085958084621781,-0.9804089346738172,-0.627598523821041,1.0706271282402169,0.7483023796836015,0.11031634872336658,1.965252638430181,1
-0.7294083599727997,1.7394563217984569,-0.08729512906347975,0.004967649702869892,1.0914842981728283,0.6120311636188382,-1.1356656529270086,2.2095969244255182,-1.0171577666010803,1.2091743718306824,1
-2.027560793393672,-1.4728024103029198,1.3657770399466573,-0.7841504940438464,-0.199234277761174,-2.1277358638605697,2.1826963741110696,0.2111008641333898,-0.003956205199515395,-0.4664982379789704,0
1.9011170009991578,1.9987762876254953,1.3777440471870277,2.427470749525817,-0.9739485623706797,-0.2619258750893213,-0.9989915281964127,0.8911077082094083,-0.28828159136902837,0.11218778912744509,1
1.2101356563168,0.6878267147460029,-1.562600020787379,-1.4661417485581962,0.026643605145571514,-0.49767714948583003,0.1019109923093775,1.9573096893240574,-1.4419552001388634,-0.7773195677505804,1
0.7922145993457341,-1.575597755431791,0.581567852734115,-0.9429642206986169,1.3654604319933175,0.5619129588968119,-0.6228792405642991,0.9012019480547404,-0.45592202475818394,-2.0839806948891617,0
0.5064448739170199,0.3294199505566976,0.6349918815607355,-1.2440304410244034,-0.8750275800739676,2.8072701381186884,-2.0558693241037833,0.7742575601458784,-0.9352656829012699,-0.03837542672074329,1
-0.4184233524892978,-0.4760653521189163,0.7627426045156174,1.1957552081284042,-0.6445335532130503,-0.3298175212234312,-1.58958587276789,-0.09008975458604362,2.408112437343759,0.6316115515592609,0
-1.608572166461901,-1.3142177553386167,-0.37336836985390776,-2.8720064580194125,0.631694359200375,-0.8689446245773086,-0.9514908178578754,1.038357878879054,-0.6435390008421727,0.17030356571194688,0
0.8701347098381779,-1.115626542705309,-1.2111689410775017,0.0984616012761719,0.975453899134985,-1.7343750489503396,-0.03203034532174426,-0.10921196974653002,-0.9863508285928102,1.3385707341742696,1
0.8895866483644252,-1.0454962858781998,1.5252424536990534,0.9543807141547178,0.02480837579625976,0.6724820025358089,-0.02385985195025575,-1.2200896920493343,0.752416018303498,-0.24138970022493594,0
-2.0199238666115513,0.9898041029430578,0.1916705544415974,-0.9265701809964143,1.375909681212936,2.028110102018416,-1.9814206464084572,0.04739950024910755,-1.291806778480668,1.5208284751422056,0
-0.20973418083535691,0.1310259947446072,-0.34909741565109675,-1.2906815369772189,-0.7839228207377666,1.373273742014468,0.5575158774021857,-0.8427443628667168,0.6887298368822782,-0.8808338908679613,1
0.773764391465114,-0.6145031186832968,-0.577398283326509,0.49254981676723764,-0.8661672209812187,-0.481166022991061,0.5477460421026704,2.1002461928601854,-1.3931687542449325,1.6307315896023895,1
1.6292482027715924,-0.12072831358563094,-0.8901388538555252,-0.15935687784813235,0.18966980097217379,-1.8390357908827568,-0.17553274495154747,1.0535226988014355,-0.685740951233701,-0.6581363136578728,1
-0.6299726529388714,-0.4213261542680368,-0.3702965496074445,-0.05519414919914961,-0.16996018622511563,-0.24269017080148234,0.960787280193321,0.19243790883734382,-0.14588000370516802,0.7460444036298791,0
1.4375581585477915,1.37041707145598,0.21854300682383368,2.0634746912806046,-0.9410657612582063,1.0621327119839334,0.1506235514279165,-1.4909797849833761,0.9350467466491976,0.6229892901195364,1
0.34174017461201156,-0.02235018850989412,-0.22560477065981588,0.11980000885896702,-0.533696135318528,1.6490938702702254,-0.27656107455415174,-1.2106264258580397,-0.627124334897952,0.8050105982114408,1
-0.6627665929576032,0.37015274429472206,-1.4931164233615488,-1.0377123279687597,1.2168206674971618,1.0798008680103417,-1.684161774571567,1.711789589729836,-0.27065843097933573,0.42181721671952216,1
-0.4631363274313405,-0.5817672535503413,1.8127017644346748,0.00041744315011105204,-0.5783379054030007,0.5190474952277908,-2.6245451041284014,-1.2262911726230095,0.31654902044012684,0.4242968694211895,0
-0.1796983853542925,-0.7006202166046827,2.572030434376401,-0.5344585475248674,-0.6187266670373113,-1.280255612099361,0.05624914599348248,0.5112345735880506,0.7902553941762512,-1.484157935895137,0
-0.12127699389752239,0.6231794013693739,0.10834631066587475,-0.14701619654224612,0.5504452125113289,-0.7463752712958582,0.8904077310907511,0.8220225169895027,-1.0485677984272301,-1.3720375779304619,0
-0.869093604811625,0.6852745533055118,-1.5146797253486026,0.2998293274286719,0.3033663812151507,-0.1713651146568877,0.016500925678018946,-0.32556434436850523,1.2902219311686496,-0.03982566499187046,1
0.11011720435344524,-0.20436640852421223,-0.121823648722824,-0.36135689696591344,-0.23546258616487392,0.8682437744443803,0.34181413697347274,-0.5370805199592525,-0.23385059534971098,0.546066677906698,0
-1.5674894577503586,1.463095201943048,1.726101744465933,-0.7182923806856726,1.4093330631649124,-0.044629049356299536,0.38801430758885824,-0.7789560401513205,1.3636635519709364,-0.5415339948287299,0
-1.650343538332101,-1.4386864310049714,-2.0970996725835294,0.7309404246209573,0.35110954734324085,1.0894935625025473,0.534397395839794,-1.1263121671775933,-0.5185335035765559,1.7657113420134225,0
0.014993486781554377,-0.8920454969884092,-1.2817714200292933,0.5928856312247518,-0.3498438318953553,0.5504262543885885,-0.08021507911217363,-0.1900964079071601,-0.5483628320135753,-0.6182844327882229,1
-1.3470669720828974,-0.9388249856045061,-0.2676589104775823,0.28390105944275446,-0.12368114624930784,0.5261608888933877,1.0397490796474815,1.346761118544821,0.044048792523143976,-1.9242165771954165,0
-4.0745625828880625,-0.1046404635512928,-1.600386967534184,-0.45243602209355804,-0.7914493714517963,2.4847177237495544,0.35827679209332447,0.6293462951961021,1.3321089553299126,1.0825533079008678,0
-0.9488329293988562,1.7046646149493236,-1.1467648863642166,1.3410904017942982,-1.2851522239972288,-0.3724490106474772,0.8219154153463213,2.2560840273109704,-2.210854285578928,-0.22843814045941285,1
1.6244421416781853,0.5747494456248643,-0.3065975502832692,-0.4509874109938705,-0.2580720967345042,1.1296675007394033,-0.2816302140532435,0.7057648470741604,-0.5705377139680954,-1.0821682891791566,1
1.5331391848289309,1.2631605232250513,2.04297550679515,-1.8089486725234272,0.468952944209369,-0.9033478875758272,-0.21304824915834805,1.5178671444035454,-2.443594267451643,-0.4836074064176904,0
-0.649646414141731,-0.22966595812617369,-0.4065947120605866,1.2606769757869414,-0.002240731822426817,-0.29022198569959246,0.2923397830452801,-0.08815533800964835,-1.6549459776649291,1.0714763028742982,0
-0.2259349933257881,0.07463184308506121,-0.3665297733669446,-0.6152578548173595,0.25360124306636395,-1.6125908890438707,-2.1693514344889495,-0.36079530929251646,0.8026013892910249,-1.268354604843649,1
-0.45094032726894273,-0.05425593508438398,-0.14200460720360186,-0.31517163857891073,3.1713692038301895,1.3241481937209443,1.1233858636146277,2.0185294670893095,-0.19748649900687576,-1.941951946292517,0
-1.3589554963242434,1.627339281284691,0.06648304484604739,-1.8341199982649055,0.022935411500279668,-0.4408911756746868,0.6271461585219278,-0.03253399142212832,-1.99463029439563,-0.19992396673245227,0
-1.2022338066377243,-0.45205380534335365,0.6831822560381173,-0.9006164861175203,-0.5930378269305586,0.34347596417884885,-0.8600784681264102,0.08054260511234607,0.5482556637627662,2.324517994974754,0
0.9625859893706781,0.3937210528201318,-0.36462367411565266,-0.9468424113285816,-0.22145129492232102,0.4014381925456537,1.004414022490706,-0.012262511197844536,0.4616639422120653,0.022463974090765837,1
-0.347835826423004,-1.2232149249047823,-1.0936612409342719,1.9129919463769256,1.1618567626405703,0.029050063498595815,1.5202219139013282,-1.2300813218513102,-1.7469050471628425,1.494742343451883,0
-0.16313462522362826,-0.5034457612414388,-1.0896021855569498,0.6646649061509001,0.5515887802498377,-0.6440400325607094,0.05489740590179351,-0.5825449487694294,0.2019631190392312,-1.1596983261463483,1
1.0603243857692413,1.1706481770456816,-1.428898411426105,-0.2003639161535481,0.01823126858023577,-0.47878214417584364,0.11073816426225846,-0.3406088557767991,2.028751478022197,1.2518984417381167,1
1.0667762040519948,-0.32576596696581595,-0.5720905526055851,0.0066756711043584605,0.8444678792972653,-1.8367547684505796,-0.5855248516274009,3.27375022382293,1.2152444187688418,0.8605336228420947,1
-0.4119993121371589,0.8285994621394124,-0.3138363524137717,1.1114493420829683,0.995369158911005,-0.15378168358893596,1.226585955208328,-0.4752416594716365,-0.21541751557092237,0.36839201060364635,1
-0.24276148858337931,0.3321177693564943,-2.0113763817564814,0.32055335776875893,0.13456227834395154,-0.8507351070808395,-0.6200696446902102,-0.052258250802505984,1.4700189209272128,0.6546516931709272,1
-0.4777414659778616,-1.1736725334387064,-0.05918653956715536,-0.18511351224930805,0.6631685042859896,-0.041627330355980985,-0.6549066343926555,1.538703481763984,-0.6688622750169664,-1.9695361513691738,0
-0.033037659800425945,1.7810140489580948,2.1306964948722875,1.0181555165053142,0.4180325711279863,-2.658632349092935,-1.4823124314222302,0.29739755584487426,-1.4753467961953148,2.0791058156699687,0
0.7484244839424693,0.43852947946562126,-1.5951077305584662,-1.122072074783207,-0.33641837561835286,0.30241029183506285,1.0029981159819537,-0.5350229106726448,1.060907014059659,0.15635917753711803,1
-1.4158351186698142,-1.6090038212157696,1.0274962756051527,0.7338108965814715,2.3170385194981757,0.5164727240730371,-0.23996137116015578,0.1135089445650536,0.518111595812247,0.14265969545368617,0
-1.19738259410315,0.43518910075041134,0.7017060508472034,0.5873565568647514,1.8794814084360083,-0.5753773950914163,1.2475606553678384,-1.321028903249778,-1.600302041455226,-1.81347412192464,0
0.07110497849505892,-0.29355378203694205,0.8076299758628306,-0.29821349368943134,-1.7793707667515748,-0.3035393919641393,0.25170021632671624,-1.3535635410256126,-1.317729687518693,0.37479932543939776,0
0.41876412543083563,0.20595758416337168,0.7135318734318442,-1.6032045041936422,1.457046196513862,1.1999648337188396,-2.74603176874154,-0.7495919253690317,0.578060744352361,1.1001681062303241,1
