user_id,company_id,plan_tier,signup_date,industry,daily_logins,features_used,session_duration_min,actions_per_session,last_active_date,days_since_last_login,monthly_active_days,support_tickets,nps_score,is_churned
USR-00001,CMP-0103,Free,2024-02-14,E-commerce,4.9,4,1.1,10.3,2025-09-30,1,1,4,3,0
USR-00002,CMP-0436,Enterprise,2024-11-08,Marketing,14.7,18,35.5,18.0,2025-09-30,1,15,1,8,0
USR-00003,CMP-0271,Free,2025-03-07,E-commerce,4.1,1,4.9,1.0,2025-08-22,40,9,2,8,0
USR-00004,CMP-0107,Free,2024-04-09,Manufacturing,6.2,15,1.0,13.2,2025-09-22,9,10,3,8,0
USR-00005,CMP-0072,Free,2024-06-01,Manufacturing,0.7,9,4.8,7.9,2025-09-17,14,14,4,5,0
USR-00006,CMP-0021,Pro,2024-10-25,Media,16.5,9,30.7,10.1,2025-09-25,6,25,3,4,0
USR-00007,CMP-0122,Enterprise,2025-02-03,Consulting,20.1,17,42.6,17.1,2025-10-01,0,23,1,9,0
USR-00008,CMP-0467,Free,2024-12-01,E-commerce,14.9,5,5.0,12.7,2025-09-25,6,22,2,6,0
USR-00009,CMP-0215,Pro,2024-01-05,E-commerce,18.1,14,21.6,8.5,2025-09-23,8,23,3,7,0
USR-00010,CMP-0331,Pro,2025-01-24,Marketing,8.2,19,36.7,18.1,2025-09-06,25,17,2,8,0
USR-00011,CMP-0459,Enterprise,2023-12-26,Technology,16.5,15,18.2,14.1,2025-10-01,0,23,2,7,0
USR-00012,CMP-0088,Free,2024-08-05,Media,3.5,1,6.2,6.6,2025-09-24,7,12,2,1,0
USR-00013,CMP-0373,Pro,2023-12-02,Media,0.7,8,27.8,10.5,2025-10-01,0,0,1,5,0
USR-00014,CMP-0100,Free,2024-08-27,Media,0.3,1,1.1,5.6,2025-09-28,3,0,2,0,0
USR-00015,CMP-0131,Enterprise,2023-12-19,Consulting,20.2,10,36.9,12.0,2025-09-30,1,30,1,8,0
USR-00016,CMP-0309,Pro,2023-10-20,Logistics,18.3,10,17.6,8.2,2025-09-26,5,24,4,6,0
USR-00017,CMP-0344,Free,2023-11-28,Finance,1.6,2,16.5,8.2,2025-09-28,3,0,0,7,1
USR-00018,CMP-0492,Pro,2025-01-13,Technology,21.0,16,12.1,18.2,2025-09-30,1,25,2,8,0
USR-00019,CMP-0414,Pro,2023-10-31,Consulting,10.7,11,26.6,14.5,2025-09-21,10,14,1,6,0
USR-00020,CMP-0386,Free,2025-03-24,Manufacturing,3.0,3,1.0,9.2,2025-08-16,46,2,0,3,0
USR-00021,CMP-0192,Enterprise,2024-07-16,Marketing,20.8,21,31.5,21.1,2025-09-30,1,22,1,6,0
USR-00022,CMP-0277,Free,2024-01-12,Logistics,3.9,12,28.3,17.0,2025-09-15,16,7,3,10,0
USR-00023,CMP-0161,Pro,2024-09-25,Manufacturing,8.5,13,37.5,14.5,2025-09-29,2,7,1,6,1
USR-00024,CMP-0460,Pro,2024-12-12,Logistics,11.0,11,27.9,11.1,2025-09-13,18,15,1,6,0
USR-00025,CMP-0314,Pro,2025-03-10,Education,19.3,6,32.0,7.8,2025-09-24,7,22,4,7,0
USR-00026,CMP-0022,Free,2023-11-23,Media,3.6,1,1.8,3.7,2025-09-09,22,12,2,1,0
USR-00027,CMP-0253,Enterprise,2023-11-14,Logistics,9.8,12,29.2,11.0,2025-10-01,0,14,2,7,0
USR-00028,CMP-0561,Pro,2023-10-08,Healthcare,10.4,13,21.0,18.3,2025-09-25,6,16,2,5,0
USR-00029,CMP-0475,Pro,2025-02-02,Media,12.7,9,17.7,11.1,2025-09-26,5,7,0,4,1
USR-00030,CMP-0059,Enterprise,2024-08-19,Media,22.2,15,39.3,15.3,2025-09-30,1,28,2,7,0
USR-00031,CMP-0511,Pro,2025-03-01,Marketing,9.1,15,26.8,16.2,2025-09-29,2,12,2,7,0
USR-00032,CMP-0476,Free,2024-01-05,Technology,0.4,1,7.3,12.7,2025-09-19,12,7,1,2,1
USR-00033,CMP-0190,Free,2023-11-20,Manufacturing,9.7,15,8.5,11.6,2025-09-14,17,13,1,4,1
USR-00034,CMP-0563,Enterprise,2025-03-11,Logistics,24.4,12,41.2,10.1,2025-10-01,0,22,0,8,0
USR-00035,CMP-0567,Free,2025-03-04,Logistics,0.8,9,6.3,6.1,2025-09-20,11,4,1,6,1
USR-00036,CMP-0244,Pro,2025-03-24,Education,4.1,7,31.2,7.9,2025-09-30,1,12,1,6,0
USR-00037,CMP-0505,Enterprise,2024-05-21,Media,16.1,12,22.1,13.3,2025-10-01,0,21,1,8,0
USR-00038,CMP-0131,Free,2025-04-04,E-commerce,3.6,8,9.6,8.0,2025-09-18,13,10,1,4,0
USR-00039,CMP-0485,Pro,2024-01-26,Finance,8.2,13,33.7,11.8,2025-09-29,2,14,4,9,0
USR-00040,CMP-0021,Pro,2024-11-20,E-commerce,18.8,10,6.9,11.4,2025-09-27,4,21,0,8,0
USR-00041,CMP-0167,Pro,2024-09-21,Logistics,14.1,16,32.8,14.3,2025-09-28,3,18,1,5,0
USR-00042,CMP-0274,Free,2024-11-23,E-commerce,5.3,2,3.7,5.5,2025-09-17,14,7,7,4,1
USR-00043,CMP-0388,Free,2025-01-09,Marketing,4.7,9,5.2,13.5,2025-09-23,8,18,3,6,1
USR-00044,CMP-0316,Pro,2023-12-16,Healthcare,8.3,10,8.0,13.0,2025-09-08,23,14,0,5,0
USR-00045,CMP-0014,Enterprise,2024-05-16,Logistics,5.5,18,53.0,20.0,2025-09-30,1,5,1,5,0
USR-00046,CMP-0242,Enterprise,2024-10-07,Logistics,23.7,15,43.8,18.3,2025-09-27,4,22,1,8,0
USR-00047,CMP-0346,Pro,2023-11-06,Healthcare,10.6,11,15.6,12.6,2025-09-29,2,17,1,6,0
USR-00048,CMP-0565,Free,2024-10-12,Manufacturing,1.3,2,7.6,4.1,2025-09-22,9,12,3,7,0
USR-00049,CMP-0340,Pro,2025-03-15,Healthcare,13.1,9,20.5,7.9,2025-09-26,5,14,3,7,0
USR-00050,CMP-0092,Free,2024-12-21,E-commerce,9.8,8,21.6,8.2,2025-09-26,5,19,6,7,1
USR-00051,CMP-0367,Enterprise,2024-01-18,Marketing,17.2,13,28.9,11.8,2025-09-30,1,23,2,10,0
USR-00052,CMP-0455,Enterprise,2025-02-15,Education,30.3,14,27.1,16.4,2025-10-01,0,27,1,9,0
USR-00053,CMP-0428,Pro,2023-10-25,Manufacturing,11.5,14,31.1,15.2,2025-10-01,0,10,0,6,0
USR-00054,CMP-0509,Enterprise,2024-11-11,Consulting,22.8,18,34.7,19.5,2025-10-01,0,27,1,8,0
USR-00055,CMP-0035,Free,2024-04-30,Education,4.5,1,4.4,1.0,2025-09-15,16,13,1,5,0
USR-00056,CMP-0206,Pro,2024-04-16,Technology,7.1,10,20.5,15.3,2025-09-21,10,13,0,7,0
USR-00057,CMP-0081,Free,2025-01-20,Technology,2.0,5,7.7,5.7,2025-09-27,4,3,6,1,1
USR-00058,CMP-0562,Enterprise,2024-05-21,Technology,20.7,10,39.7,7.7,2025-09-30,1,22,3,9,0
USR-00059,CMP-0388,Free,2025-01-08,Technology,2.7,2,5.1,3.3,2025-10-01,0,1,4,0,1
USR-00060,CMP-0002,Pro,2025-02-22,Marketing,9.7,9,25.3,17.7,2025-09-30,1,13,2,6,0
USR-00061,CMP-0390,Enterprise,2025-01-02,Education,23.1,19,23.7,17.0,2025-09-27,4,23,1,5,0
USR-00062,CMP-0566,Free,2023-11-15,Media,10.0,1,1.0,2.8,2025-09-18,13,13,1,3,1
USR-00063,CMP-0106,Free,2023-10-24,Finance,2.3,2,10.3,4.0,2025-09-28,3,4,0,6,0
USR-00064,CMP-0477,Pro,2024-07-14,Manufacturing,13.1,12,20.2,12.2,2025-09-29,2,15,1,8,0
USR-00065,CMP-0402,Pro,2024-06-17,Consulting,15.2,11,22.8,9.5,2025-09-20,11,27,2,9,0
USR-00066,CMP-0556,Free,2023-12-28,E-commerce,2.8,8,7.7,9.8,2025-09-28,3,1,3,5,1
USR-00067,CMP-0162,Free,2024-12-29,Logistics,1.1,1,2.2,7.0,2025-09-26,5,7,1,7,0
USR-00068,CMP-0202,Free,2024-12-31,Technology,11.7,10,7.8,11.9,2025-09-16,15,16,4,5,0
USR-00069,CMP-0270,Enterprise,2024-05-14,Consulting,14.6,15,33.1,11.7,2025-09-29,2,22,1,6,0
USR-00070,CMP-0271,Pro,2025-01-21,Logistics,12.2,14,20.0,13.2,2025-09-27,4,25,0,7,0
USR-00071,CMP-0456,Free,2024-05-04,Finance,5.4,5,16.1,5.3,2025-08-30,32,16,1,3,0
USR-00072,CMP-0462,Free,2025-01-27,Consulting,1.9,1,6.2,4.0,2025-09-28,3,1,1,5,1
USR-00073,CMP-0252,Free,2025-01-18,Education,1.9,1,1.6,7.8,2025-09-13,18,5,1,4,1
USR-00074,CMP-0296,Free,2024-09-09,Consulting,2.1,2,12.9,4.2,2025-09-29,2,2,4,1,0
USR-00075,CMP-0338,Pro,2024-08-27,Technology,11.0,12,11.6,12.3,2025-09-25,6,18,2,7,0
USR-00076,CMP-0053,Free,2024-07-17,Finance,5.7,1,2.1,9.1,2025-09-03,28,18,1,5,0
USR-00077,CMP-0217,Free,2024-02-20,E-commerce,0.3,2,13.4,7.2,2025-09-23,8,1,2,8,1
USR-00078,CMP-0188,Pro,2024-05-09,Media,8.4,14,3.0,15.9,2025-09-22,9,25,0,3,1
USR-00079,CMP-0380,Free,2024-04-26,Healthcare,0.4,2,19.1,10.5,2025-09-07,24,14,4,3,1
USR-00080,CMP-0493,Pro,2025-01-21,Technology,15.5,11,12.1,13.3,2025-09-30,1,26,4,9,0
USR-00081,CMP-0041,Pro,2024-07-25,Logistics,20.1,10,27.7,5.0,2025-09-23,8,23,2,8,0
USR-00082,CMP-0157,Pro,2024-05-08,Finance,8.1,13,18.9,15.9,2025-09-14,17,17,1,8,0
USR-00083,CMP-0015,Pro,2024-03-03,Education,17.7,3,22.3,1.0,2025-09-25,6,22,0,9,0
USR-00084,CMP-0065,Pro,2024-04-25,Marketing,12.9,11,19.1,13.2,2025-09-30,1,16,2,5,0
USR-00085,CMP-0521,Enterprise,2024-01-06,Finance,19.3,11,42.7,6.7,2025-10-01,0,20,0,6,0
USR-00086,CMP-0344,Pro,2024-12-11,Logistics,2.1,7,33.5,7.2,2025-09-29,2,0,2,8,0
USR-00087,CMP-0129,Pro,2024-05-27,Healthcare,1.0,11,28.4,10.7,2025-10-01,0,3,0,8,1
USR-00088,CMP-0472,Enterprise,2024-08-20,Healthcare,16.9,23,44.2,19.1,2025-09-29,2,25,2,7,0
USR-00089,CMP-0063,Pro,2024-08-03,Manufacturing,13.2,13,29.4,12.4,2025-10-01,0,27,2,6,0
USR-00090,CMP-0139,Free,2023-10-27,Media,5.4,1,10.4,6.9,2025-09-28,3,10,3,3,1
USR-00091,CMP-0499,Free,2023-10-25,Logistics,1.1,2,5.1,2.5,2025-09-23,8,1,3,9,0
USR-00092,CMP-0593,Free,2024-02-03,Healthcare,2.5,5,6.4,8.6,2025-09-23,8,2,5,10,1
USR-00093,CMP-0392,Enterprise,2025-02-22,Manufacturing,12.4,18,40.5,14.5,2025-09-29,2,18,0,9,0
USR-00094,CMP-0419,Pro,2023-12-27,Manufacturing,18.0,13,27.2,12.8,2025-09-23,8,24,3,8,0
USR-00095,CMP-0289,Enterprise,2024-07-01,Manufacturing,22.2,13,38.7,14.4,2025-10-01,0,27,4,8,0
USR-00096,CMP-0379,Pro,2025-03-17,Finance,15.5,14,15.0,11.2,2025-10-01,0,24,1,7,0
USR-00097,CMP-0490,Pro,2025-01-29,Manufacturing,11.6,10,11.9,7.1,2025-10-01,0,12,0,3,0
USR-00098,CMP-0231,Free,2024-10-20,Technology,6.7,1,26.7,5.3,2025-09-24,7,16,1,4,1
USR-00099,CMP-0041,Pro,2024-02-27,Logistics,23.5,15,12.0,18.4,2025-10-01,0,26,2,8,0
USR-00100,CMP-0028,Pro,2024-02-21,Technology,5.0,5,24.4,6.8,2025-09-22,9,8,0,5,0
USR-00101,CMP-0135,Enterprise,2024-12-14,Marketing,22.0,15,40.5,13.6,2025-10-01,0,25,0,8,0
USR-00102,CMP-0201,Free,2024-07-05,Healthcare,10.5,2,2.3,5.1,2025-08-23,39,20,1,8,0
USR-00103,CMP-0033,Pro,2024-02-23,Media,20.3,8,27.8,9.6,2025-09-27,4,20,2,9,0
USR-00104,CMP-0048,Pro,2024-03-28,Manufacturing,5.2,13,22.6,14.1,2025-09-27,4,10,0,8,0
USR-00105,CMP-0503,Pro,2025-02-25,Education,7.1,3,30.5,1.0,2025-09-21,10,8,2,7,0
USR-00106,CMP-0407,Pro,2024-12-21,Education,17.7,17,19.4,13.4,2025-09-23,8,26,2,8,0
USR-00107,CMP-0574,Pro,2024-05-16,Healthcare,18.4,19,27.9,15.7,2025-09-25,6,22,1,6,0
USR-00108,CMP-0099,Free,2024-02-16,Marketing,4.8,4,1.0,6.7,2025-08-24,38,7,2,9,0
USR-00109,CMP-0547,Pro,2024-02-01,Education,11.7,9,8.0,10.8,2025-09-28,3,26,1,3,0
USR-00110,CMP-0462,Pro,2025-02-03,Technology,18.0,10,20.5,12.9,2025-09-20,11,28,2,7,0
USR-00111,CMP-0005,Enterprise,2024-06-02,Consulting,16.3,20,41.9,19.8,2025-09-30,1,15,0,7,0
USR-00112,CMP-0218,Enterprise,2024-04-16,Finance,22.5,19,38.4,14.3,2025-09-26,5,28,1,9,1
USR-00113,CMP-0503,Free,2024-03-08,E-commerce,13.1,1,6.0,8.1,2025-09-27,4,17,0,4,1
USR-00114,CMP-0398,Free,2024-09-13,Education,6.0,2,14.8,8.4,2025-09-27,4,7,2,10,0
USR-00115,CMP-0393,Enterprise,2024-07-21,Media,20.1,25,39.9,19.2,2025-09-28,3,21,0,9,0
USR-00116,CMP-0207,Pro,2023-12-06,Manufacturing,4.0,11,28.3,12.8,2025-09-30,1,6,0,5,0
USR-00117,CMP-0015,Enterprise,2023-11-05,Media,12.4,16,58.4,14.0,2025-10-01,0,14,1,4,0
USR-00118,CMP-0554,Free,2024-01-15,Logistics,4.5,5,12.1,7.4,2025-09-26,5,5,4,2,0
USR-00119,CMP-0461,Pro,2024-10-07,Finance,12.5,12,23.2,15.8,2025-09-24,7,11,2,8,0
USR-00120,CMP-0575,Enterprise,2024-04-28,Technology,16.4,17,42.6,23.0,2025-09-25,6,21,1,7,0
USR-00121,CMP-0241,Enterprise,2024-11-23,Marketing,17.3,15,29.0,17.3,2025-09-28,3,25,0,7,0
USR-00122,CMP-0564,Free,2024-01-18,Finance,14.8,7,30.0,9.5,2025-09-07,24,18,5,3,1
USR-00123,CMP-0096,Pro,2024-07-26,E-commerce,16.4,7,36.9,7.6,2025-09-26,5,26,2,8,0
USR-00124,CMP-0485,Pro,2024-07-14,Consulting,13.6,11,19.4,12.3,2025-10-01,0,17,2,6,0
USR-00125,CMP-0407,Free,2025-01-02,Education,5.6,15,13.4,19.1,2025-09-30,1,4,4,4,1
USR-00126,CMP-0231,Pro,2024-02-19,Marketing,13.0,13,26.6,13.3,2025-09-26,5,20,1,8,0
USR-00127,CMP-0171,Pro,2024-11-18,Marketing,0.9,13,38.0,10.7,2025-09-29,2,4,2,10,0
USR-00128,CMP-0541,Enterprise,2024-09-09,Education,19.1,13,33.6,8.5,2025-10-01,0,23,0,6,0
USR-00129,CMP-0036,Pro,2024-06-02,Education,12.4,10,30.1,12.5,2025-09-27,4,12,0,9,0
USR-00130,CMP-0525,Free,2024-07-13,Education,1.5,11,1.0,12.5,2025-09-16,15,1,1,5,0
USR-00131,CMP-0160,Free,2024-05-22,Education,10.4,3,18.6,3.5,2025-09-25,6,16,3,7,1
USR-00132,CMP-0243,Pro,2024-12-13,Education,13.1,10,29.1,14.1,2025-09-20,11,21,4,8,0
USR-00133,CMP-0086,Free,2024-03-23,Marketing,13.4,1,1.5,2.5,2025-09-13,18,18,4,5,0
USR-00134,CMP-0578,Pro,2024-01-07,Healthcare,14.8,15,25.6,14.6,2025-09-22,9,18,1,7,0
USR-00135,CMP-0557,Free,2024-09-26,Healthcare,2.5,15,1.0,15.0,2025-08-04,58,0,1,7,1
USR-00136,CMP-0574,Enterprise,2024-01-21,Media,18.4,13,39.8,12.3,2025-09-30,1,24,1,6,0
USR-00137,CMP-0028,Enterprise,2024-09-30,Healthcare,18.8,18,39.6,18.1,2025-09-28,3,22,1,6,0
USR-00138,CMP-0556,Pro,2024-04-03,E-commerce,0.0,11,16.3,15.3,2025-09-18,13,3,0,10,0
USR-00139,CMP-0340,Enterprise,2025-01-06,Healthcare,12.3,11,39.0,8.4,2025-09-29,2,12,0,9,0
USR-00140,CMP-0331,Pro,2024-09-30,Marketing,6.3,11,28.0,13.3,2025-09-21,10,5,4,8,0
USR-00141,CMP-0506,Pro,2024-11-24,Education,13.1,9,24.6,10.7,2025-09-28,3,9,0,6,0
USR-00142,CMP-0348,Free,2024-03-25,Manufacturing,3.2,2,5.5,5.1,2025-09-19,12,7,3,1,1
USR-00143,CMP-0473,Pro,2024-12-27,Manufacturing,20.0,9,10.9,12.8,2025-10-01,0,27,0,5,0
USR-00144,CMP-0231,Pro,2025-03-02,E-commerce,9.1,16,5.3,15.9,2025-09-02,29,15,1,7,0
USR-00145,CMP-0190,Enterprise,2024-10-16,Logistics,10.8,14,50.1,15.6,2025-09-27,4,16,1,9,0
USR-00146,CMP-0225,Pro,2024-04-04,Marketing,15.2,12,26.1,14.7,2025-09-17,14,19,2,7,0
USR-00147,CMP-0385,Enterprise,2025-02-05,Technology,26.7,18,41.1,15.9,2025-09-28,3,22,2,8,0
USR-00148,CMP-0377,Pro,2024-10-06,Finance,15.3,17,13.4,17.5,2025-09-30,1,23,2,6,0
USR-00149,CMP-0283,Free,2025-03-17,Media,12.9,2,10.5,3.8,2025-10-01,0,21,2,7,1
USR-00150,CMP-0259,Enterprise,2024-08-22,Technology,13.6,16,38.4,15.4,2025-09-26,5,9,1,6,0
USR-00151,CMP-0359,Pro,2023-12-19,Marketing,19.1,11,30.7,10.8,2025-09-28,3,23,1,7,0
USR-00152,CMP-0456,Free,2024-12-31,Healthcare,6.2,1,4.8,5.2,2025-09-27,4,14,3,4,0
USR-00153,CMP-0411,Pro,2024-06-12,Education,11.4,14,23.3,14.4,2025-09-26,5,15,0,9,0
USR-00154,CMP-0318,Free,2024-10-12,Technology,2.6,6,4.0,9.0,2025-09-24,7,4,1,0,0
USR-00155,CMP-0225,Pro,2024-08-26,Finance,9.7,13,18.8,13.3,2025-09-24,7,7,0,6,0
USR-00156,CMP-0234,Pro,2025-02-10,Logistics,13.9,12,37.7,7.8,2025-09-27,4,14,3,7,0
USR-00157,CMP-0374,Pro,2024-02-27,Manufacturing,7.6,21,19.2,19.9,2025-09-23,8,14,0,3,0
USR-00158,CMP-0472,Enterprise,2024-05-22,Logistics,23.4,14,13.3,14.4,2025-09-26,5,19,1,9,0
USR-00159,CMP-0233,Pro,2024-04-21,Finance,3.6,18,14.4,18.1,2025-09-30,1,15,3,6,0
USR-00160,CMP-0113,Free,2024-01-18,Education,13.8,7,2.7,6.8,2025-09-26,5,14,1,3,1
USR-00161,CMP-0497,Pro,2023-10-13,Healthcare,14.6,16,15.2,12.2,2025-09-27,4,20,3,9,0
USR-00162,CMP-0442,Enterprise,2024-06-27,Finance,14.0,22,32.2,22.5,2025-09-22,9,15,2,6,0
USR-00163,CMP-0564,Free,2024-04-10,Media,7.0,3,35.4,4.6,2025-09-25,6,3,3,7,0
USR-00164,CMP-0268,Free,2025-03-28,Finance,0.5,8,8.5,9.9,2025-09-25,6,8,1,5,0
USR-00165,CMP-0510,Free,2023-12-01,Marketing,9.9,1,1.4,3.0,2025-09-17,14,20,1,4,1
USR-00166,CMP-0386,Free,2024-04-29,Healthcare,8.4,1,4.4,3.8,2025-09-24,7,18,5,2,1
USR-00167,CMP-0387,Enterprise,2023-12-20,Education,17.3,17,51.9,15.3,2025-09-22,9,24,1,6,0
USR-00168,CMP-0113,Pro,2024-07-30,Manufacturing,10.1,18,41.3,14.5,2025-09-16,15,13,0,8,0
USR-00169,CMP-0081,Free,2024-08-13,Manufacturing,3.6,8,1.0,10.8,2025-09-21,10,17,0,8,1
USR-00170,CMP-0113,Pro,2025-01-12,Finance,3.4,7,13.5,6.8,2025-09-24,7,4,2,8,0
USR-00171,CMP-0002,Free,2025-01-02,Marketing,12.1,8,1.0,9.9,2025-10-01,0,20,1,5,0
USR-00172,CMP-0220,Enterprise,2024-03-07,Technology,19.2,12,37.4,13.8,2025-09-28,3,26,0,9,0
USR-00173,CMP-0566,Enterprise,2024-07-11,Logistics,15.7,23,49.8,19.6,2025-09-28,3,28,2,8,0
USR-00174,CMP-0225,Free,2024-02-13,Logistics,1.8,1,1.2,1.0,2025-09-25,6,11,1,3,0
USR-00175,CMP-0385,Enterprise,2023-10-24,Logistics,17.3,6,20.5,15.1,2025-10-01,0,29,1,6,0
USR-00176,CMP-0403,Pro,2024-07-26,Technology,0.0,15,15.9,13.4,2025-09-14,17,1,4,6,0
USR-00177,CMP-0130,Free,2024-12-04,Marketing,1.6,1,1.7,5.7,2025-09-24,7,7,2,3,0
USR-00178,CMP-0053,Free,2025-03-26,Logistics,0.7,8,7.1,15.2,2025-09-17,14,10,1,5,1
USR-00179,CMP-0416,Pro,2024-05-24,Media,16.1,6,8.1,10.2,2025-10-01,0,30,1,10,0
USR-00180,CMP-0247,Enterprise,2024-07-06,Technology,12.7,15,18.5,14.1,2025-09-30,1,17,0,8,0
USR-00181,CMP-0439,Enterprise,2024-06-03,Technology,10.3,20,36.3,18.8,2025-09-26,5,12,3,10,0
USR-00182,CMP-0203,Pro,2024-09-07,Education,19.4,15,20.7,12.5,2025-09-28,3,23,3,7,0
USR-00183,CMP-0184,Enterprise,2023-12-28,Education,22.0,24,26.3,24.8,2025-09-29,2,21,0,7,0
USR-00184,CMP-0123,Pro,2024-02-14,Healthcare,16.1,9,23.8,11.9,2025-09-30,1,26,3,3,0
USR-00185,CMP-0401,Enterprise,2024-09-01,Media,16.9,14,39.2,12.7,2025-09-30,1,28,0,8,0
USR-00186,CMP-0294,Enterprise,2025-01-15,Media,9.3,24,37.4,19.1,2025-09-24,7,17,0,7,0
USR-00187,CMP-0280,Free,2023-12-12,Healthcare,5.2,4,36.0,2.2,2025-09-20,11,3,2,3,0
USR-00188,CMP-0198,Pro,2023-10-06,Media,22.5,8,23.6,12.4,2025-09-15,16,28,1,4,0
USR-00189,CMP-0511,Enterprise,2025-03-18,E-commerce,17.5,24,40.7,22.6,2025-09-25,6,19,1,8,0
USR-00190,CMP-0144,Free,2024-10-22,Consulting,3.2,5,4.5,7.6,2025-08-22,40,3,3,4,1
USR-00191,CMP-0201,Enterprise,2023-10-28,Logistics,16.6,18,48.9,14.9,2025-09-25,6,24,4,10,0
USR-00192,CMP-0124,Free,2024-09-15,Education,1.9,3,2.0,1.0,2025-10-01,0,2,6,8,0
USR-00193,CMP-0187,Pro,2024-04-24,Healthcare,16.4,9,36.1,13.1,2025-09-12,19,25,2,5,0
USR-00194,CMP-0326,Enterprise,2024-04-04,Healthcare,20.7,22,32.4,20.7,2025-10-01,0,25,0,4,0
USR-00195,CMP-0464,Free,2024-01-13,Media,6.6,8,6.8,12.1,2025-10-01,0,6,2,5,0
USR-00196,CMP-0349,Free,2023-11-09,Technology,22.7,3,5.7,4.2,2025-10-01,0,27,2,4,0
USR-00197,CMP-0403,Pro,2024-05-21,Manufacturing,15.1,12,23.1,11.9,2025-09-28,3,28,3,8,0
USR-00198,CMP-0346,Enterprise,2024-08-31,Finance,16.1,23,8.8,23.5,2025-09-29,2,24,0,8,0
USR-00199,CMP-0511,Free,2025-03-02,Finance,7.3,1,4.6,6.0,2025-09-24,7,16,2,8,0
USR-00200,CMP-0147,Enterprise,2024-07-13,Healthcare,24.7,9,40.4,12.6,2025-10-01,0,24,1,8,0
USR-00201,CMP-0148,Free,2025-01-15,Logistics,0.5,4,21.4,5.3,2025-09-22,9,4,2,2,0
USR-00202,CMP-0489,Enterprise,2024-02-17,E-commerce,14.0,20,38.6,20.8,2025-09-30,1,11,0,6,0
USR-00203,CMP-0551,Enterprise,2024-07-27,Logistics,18.8,23,38.3,24.7,2025-09-27,4,22,0,7,0
USR-00204,CMP-0338,Pro,2025-03-24,Healthcare,19.3,11,20.2,11.5,2025-09-29,2,25,1,6,0
USR-00205,CMP-0473,Pro,2024-02-29,Logistics,16.9,16,11.7,14.3,2025-09-30,1,23,1,6,0
USR-00206,CMP-0151,Pro,2024-06-27,Education,5.5,16,13.4,19.8,2025-09-29,2,6,4,8,0
USR-00207,CMP-0415,Pro,2024-12-14,Logistics,6.1,13,14.5,11.4,2025-09-29,2,8,2,8,0
USR-00208,CMP-0298,Free,2024-03-23,Media,0.2,1,1.0,5.7,2025-09-19,12,0,2,4,0
USR-00209,CMP-0263,Free,2024-07-11,Media,2.8,3,4.7,5.2,2025-09-23,8,2,1,7,1
USR-00210,CMP-0144,Free,2024-06-11,E-commerce,4.2,1,12.8,1.0,2025-09-26,5,15,5,2,1
USR-00211,CMP-0346,Pro,2024-05-23,Education,14.9,14,30.7,17.6,2025-09-28,3,10,1,8,0
USR-00212,CMP-0572,Free,2023-11-13,Manufacturing,10.5,3,4.0,1.0,2025-09-25,6,29,5,7,1
USR-00213,CMP-0002,Pro,2023-10-07,Technology,12.3,12,33.7,6.6,2025-09-06,25,16,1,7,1
USR-00214,CMP-0304,Enterprise,2024-04-05,Education,21.9,13,46.8,15.0,2025-10-01,0,26,0,8,0
USR-00215,CMP-0254,Free,2023-10-06,Marketing,7.0,4,13.2,7.8,2025-09-08,23,6,2,7,0
USR-00216,CMP-0453,Pro,2024-07-08,Consulting,20.0,11,20.8,9.9,2025-09-23,8,25,0,9,0
USR-00217,CMP-0037,Pro,2023-12-18,Healthcare,10.0,2,29.3,5.0,2025-10-01,0,25,0,8,0
USR-00218,CMP-0160,Enterprise,2023-10-16,Marketing,15.3,15,30.0,7.4,2025-09-17,14,23,3,9,0
USR-00219,CMP-0009,Enterprise,2024-08-14,E-commerce,11.9,19,25.8,20.3,2025-09-27,4,20,3,5,1
USR-00220,CMP-0233,Enterprise,2025-02-05,Marketing,21.9,15,52.1,15.7,2025-09-28,3,20,1,8,0
USR-00221,CMP-0099,Enterprise,2024-07-28,Media,20.6,23,29.6,21.3,2025-09-30,1,30,1,7,0
USR-00222,CMP-0208,Free,2025-01-09,Logistics,2.5,8,1.0,9.5,2025-09-20,11,0,4,5,0
USR-00223,CMP-0131,Enterprise,2024-03-11,Technology,23.8,16,45.6,17.3,2025-10-01,0,25,0,9,0
USR-00224,CMP-0404,Pro,2024-10-07,Finance,11.1,12,16.4,12.5,2025-10-01,0,17,2,7,0
USR-00225,CMP-0152,Free,2024-11-07,Healthcare,7.5,5,11.1,1.4,2025-09-06,25,10,5,5,1
USR-00226,CMP-0054,Enterprise,2024-12-05,Finance,13.1,18,43.1,24.0,2025-09-25,6,16,1,8,0
USR-00227,CMP-0120,Free,2024-07-23,Logistics,5.7,1,15.3,7.4,2025-09-29,2,8,1,1,1
USR-00228,CMP-0587,Pro,2024-05-31,Media,6.1,10,26.8,7.1,2025-09-21,10,9,1,10,0
USR-00229,CMP-0420,Free,2025-02-05,Media,4.1,1,11.5,2.8,2025-09-13,18,15,3,5,1
USR-00230,CMP-0422,Pro,2025-01-26,Logistics,9.5,16,24.5,15.1,2025-09-30,1,20,0,9,0
USR-00231,CMP-0104,Pro,2024-01-15,Healthcare,7.6,10,21.7,14.2,2025-09-28,3,9,3,5,1
USR-00232,CMP-0254,Pro,2024-03-13,Finance,13.5,14,11.0,7.7,2025-09-28,3,12,1,5,0
USR-00233,CMP-0227,Pro,2025-01-09,Education,15.2,9,24.5,8.7,2025-09-22,9,23,2,6,0
USR-00234,CMP-0112,Free,2024-08-21,Media,21.3,4,3.5,1.0,2025-09-06,25,22,3,5,1
USR-00235,CMP-0510,Enterprise,2024-10-03,Finance,21.4,15,39.8,14.1,2025-10-01,0,22,0,7,0
USR-00236,CMP-0473,Free,2024-05-18,Manufacturing,0.1,1,2.0,2.4,2025-09-20,11,2,3,3,1
USR-00237,CMP-0099,Pro,2024-05-22,Finance,8.4,8,23.7,9.6,2025-09-21,10,18,1,7,0
USR-00238,CMP-0153,Enterprise,2024-03-02,Manufacturing,16.2,13,32.7,11.6,2025-09-27,4,19,0,10,0
USR-00239,CMP-0338,Enterprise,2024-06-16,Manufacturing,28.1,16,39.3,13.5,2025-10-01,0,28,1,10,0
USR-00240,CMP-0163,Pro,2024-06-16,Media,16.5,12,34.1,14.5,2025-09-26,5,27,2,6,0
USR-00241,CMP-0161,Pro,2023-12-07,Healthcare,10.1,10,12.7,12.4,2025-09-18,13,13,1,4,0
USR-00242,CMP-0580,Enterprise,2024-01-14,E-commerce,10.0,21,42.9,21.5,2025-09-30,1,21,0,7,0
USR-00243,CMP-0398,Enterprise,2024-02-18,Media,24.6,18,31.4,16.9,2025-09-30,1,25,0,10,0
USR-00244,CMP-0277,Pro,2023-11-14,Healthcare,18.0,24,16.6,20.5,2025-09-20,11,21,1,9,0
USR-00245,CMP-0504,Free,2024-08-04,Healthcare,1.9,2,1.2,4.2,2025-09-30,1,0,3,6,1
USR-00246,CMP-0392,Free,2024-02-10,Marketing,14.3,1,1.0,5.3,2025-09-04,27,18,2,4,1
USR-00247,CMP-0135,Free,2024-11-02,Logistics,1.0,1,14.1,1.0,2025-09-26,5,1,1,7,0
USR-00248,CMP-0195,Pro,2024-02-06,Logistics,10.5,13,14.7,14.6,2025-10-01,0,13,1,10,0
USR-00249,CMP-0401,Free,2024-07-06,Logistics,5.4,2,1.8,5.5,2025-09-28,3,6,3,5,0
USR-00250,CMP-0033,Pro,2023-11-02,Consulting,6.2,12,20.2,12.8,2025-10-01,0,14,1,3,0
USR-00251,CMP-0460,Free,2024-11-28,Media,2.0,1,11.1,3.4,2025-09-30,1,15,3,2,0
USR-00252,CMP-0470,Free,2024-03-28,Healthcare,9.0,3,2.6,1.0,2025-09-15,16,30,2,5,1
USR-00253,CMP-0375,Enterprise,2024-10-28,Marketing,22.1,15,42.1,13.7,2025-10-01,0,26,1,7,0
USR-00254,CMP-0022,Pro,2024-10-11,Manufacturing,8.3,16,25.5,21.2,2025-09-12,19,17,0,9,0
USR-00255,CMP-0038,Free,2024-09-06,E-commerce,3.8,1,8.2,3.8,2025-09-21,10,17,1,4,0
USR-00256,CMP-0230,Enterprise,2024-01-14,E-commerce,23.7,11,19.9,10.9,2025-09-30,1,18,0,7,0
USR-00257,CMP-0365,Free,2024-10-20,Manufacturing,0.3,1,14.6,3.9,2025-09-24,7,1,2,3,1
USR-00258,CMP-0563,Pro,2024-01-01,Finance,11.6,13,28.1,14.5,2025-09-23,8,16,2,8,0
USR-00259,CMP-0438,Pro,2024-04-13,Finance,4.7,11,31.2,13.8,2025-09-27,4,9,1,5,0
USR-00260,CMP-0283,Free,2024-06-05,Logistics,0.4,7,6.0,7.9,2025-09-30,1,0,4,4,1
USR-00261,CMP-0027,Enterprise,2024-08-15,Media,20.4,20,37.7,20.3,2025-09-25,6,26,2,5,0
USR-00262,CMP-0226,Pro,2024-05-13,Consulting,15.8,22,28.8,25.6,2025-09-28,3,25,1,5,0
USR-00263,CMP-0277,Pro,2024-10-05,Marketing,12.7,13,21.2,16.4,2025-10-01,0,16,2,10,0
USR-00264,CMP-0284,Free,2024-05-06,E-commerce,14.1,3,8.5,12.4,2025-09-21,10,25,3,9,0
USR-00265,CMP-0481,Free,2025-03-07,Logistics,4.0,1,12.8,1.8,2025-09-17,14,11,2,7,1
USR-00266,CMP-0453,Enterprise,2025-01-02,Technology,19.7,14,32.3,19.2,2025-10-01,0,26,2,8,0
USR-00267,CMP-0516,Free,2024-05-10,Logistics,4.6,1,8.0,1.4,2025-09-09,22,11,2,3,1
USR-00268,CMP-0547,Pro,2024-10-03,Technology,12.2,15,16.4,16.1,2025-09-24,7,11,3,7,0
USR-00269,CMP-0192,Pro,2024-12-31,Education,12.7,10,29.3,13.2,2025-09-24,7,19,0,7,0
USR-00270,CMP-0049,Pro,2024-04-17,Healthcare,20.8,17,36.2,15.1,2025-09-28,3,25,0,7,0
USR-00271,CMP-0512,Free,2024-07-14,Manufacturing,23.1,2,3.9,4.9,2025-08-17,45,21,2,7,0
USR-00272,CMP-0017,Free,2025-03-17,Healthcare,0.5,1,9.5,6.5,2025-09-27,4,1,1,3,1
USR-00273,CMP-0172,Pro,2023-11-23,Logistics,16.3,13,27.5,11.3,2025-09-25,6,24,1,10,0
USR-00274,CMP-0220,Free,2024-11-17,Healthcare,5.5,2,1.0,9.6,2025-09-26,5,21,3,9,0
USR-00275,CMP-0158,Free,2023-10-28,Marketing,1.7,2,1.0,1.0,2025-09-12,19,3,3,3,0
USR-00276,CMP-0477,Free,2024-07-24,Education,5.1,3,12.1,11.2,2025-10-01,0,6,6,5,1
USR-00277,CMP-0046,Pro,2025-01-10,Consulting,6.6,9,33.6,13.2,2025-10-01,0,12,1,5,0
USR-00278,CMP-0373,Enterprise,2024-01-03,Education,19.7,15,23.8,14.7,2025-09-27,4,26,0,8,0
USR-00279,CMP-0518,Free,2023-10-21,E-commerce,1.2,2,17.8,3.4,2025-09-24,7,15,1,5,0
USR-00280,CMP-0099,Free,2025-01-03,Marketing,4.9,3,19.1,3.9,2025-09-26,5,18,3,0,0
USR-00281,CMP-0037,Free,2025-01-26,Healthcare,0.7,2,1.9,4.2,2025-09-18,13,7,0,3,1
USR-00282,CMP-0280,Pro,2025-02-27,Consulting,15.7,12,35.9,12.5,2025-09-23,8,30,0,9,0
USR-00283,CMP-0349,Pro,2024-11-16,Healthcare,9.4,18,21.2,21.2,2025-09-30,1,11,2,6,0
USR-00284,CMP-0497,Pro,2024-10-09,Media,11.3,17,27.6,22.5,2025-09-30,1,16,2,6,0
USR-00285,CMP-0302,Pro,2024-11-19,Media,1.7,14,27.4,14.8,2025-09-09,22,5,2,8,1
USR-00286,CMP-0181,Pro,2024-09-27,Finance,19.5,12,16.7,10.1,2025-09-25,6,22,3,8,0
USR-00287,CMP-0099,Enterprise,2024-04-28,Education,10.2,16,29.1,14.2,2025-09-30,1,16,1,7,0
USR-00288,CMP-0116,Enterprise,2025-03-31,Consulting,19.9,20,50.3,18.5,2025-09-27,4,30,1,4,0
USR-00289,CMP-0191,Free,2024-07-22,Media,12.4,1,3.8,1.0,2025-09-21,10,20,4,3,0
USR-00290,CMP-0253,Free,2024-08-05,Finance,7.5,2,1.1,1.1,2025-09-28,3,7,3,0,0
USR-00291,CMP-0161,Free,2024-02-15,Marketing,1.3,15,12.6,21.3,2025-09-28,3,1,2,2,1
USR-00292,CMP-0256,Free,2024-04-27,Consulting,0.1,1,3.6,4.7,2025-09-24,7,6,4,5,1
USR-00293,CMP-0323,Enterprise,2024-03-22,Finance,19.2,17,40.7,14.1,2025-09-26,5,20,1,8,0
USR-00294,CMP-0128,Pro,2024-11-10,Manufacturing,6.9,11,20.0,14.2,2025-10-01,0,15,0,9,0
USR-00295,CMP-0018,Free,2024-05-17,Consulting,6.2,2,3.8,1.1,2025-09-28,3,5,3,5,1
USR-00296,CMP-0566,Pro,2024-12-04,Logistics,10.4,16,20.1,12.5,2025-09-16,15,30,1,5,0
USR-00297,CMP-0570,Pro,2024-07-27,Finance,10.3,14,8.1,11.8,2025-10-01,0,15,2,9,0
USR-00298,CMP-0323,Free,2024-05-29,Healthcare,9.1,1,1.0,8.8,2025-09-18,13,28,2,9,1
USR-00299,CMP-0288,Free,2023-12-17,Logistics,1.4,1,1.0,3.0,2025-09-28,3,4,2,7,1
USR-00300,CMP-0155,Pro,2023-11-30,Manufacturing,12.6,14,31.1,6.9,2025-09-25,6,22,2,6,0
USR-00301,CMP-0490,Pro,2024-04-23,Media,21.3,16,29.8,19.4,2025-09-28,3,23,1,6,0
USR-00302,CMP-0386,Free,2023-12-05,Technology,2.8,9,1.0,9.3,2025-09-30,1,4,0,2,0
USR-00303,CMP-0104,Free,2023-12-19,Finance,2.9,12,8.2,7.1,2025-09-19,12,1,5,3,0
USR-00304,CMP-0393,Pro,2024-03-19,Marketing,8.2,11,11.8,10.8,2025-09-23,8,17,0,6,0
USR-00305,CMP-0246,Free,2024-06-29,Finance,0.3,8,1.3,11.0,2025-09-16,15,0,4,2,0
USR-00306,CMP-0176,Pro,2025-01-23,Technology,19.1,6,17.6,9.0,2025-09-24,7,28,0,6,0
USR-00307,CMP-0039,Pro,2023-11-01,Manufacturing,9.4,20,18.1,24.4,2025-09-27,4,19,1,6,0
USR-00308,CMP-0477,Free,2024-04-04,Manufacturing,12.3,5,1.0,4.4,2025-09-21,10,15,3,8,0
USR-00309,CMP-0538,Enterprise,2025-01-01,Logistics,10.0,19,30.7,18.3,2025-09-28,3,19,0,5,0
USR-00310,CMP-0408,Pro,2024-03-28,Consulting,2.9,18,38.0,15.3,2025-09-23,8,4,3,7,1
USR-00311,CMP-0525,Free,2024-05-01,Marketing,6.1,1,17.8,1.0,2025-09-17,14,11,0,2,0
USR-00312,CMP-0506,Pro,2024-01-24,Logistics,19.0,11,30.4,14.5,2025-09-25,6,27,1,3,0
USR-00313,CMP-0036,Enterprise,2024-05-04,Marketing,16.6,21,27.4,21.2,2025-10-01,0,23,0,7,0
USR-00314,CMP-0020,Pro,2023-11-30,Marketing,7.6,17,15.7,17.5,2025-09-30,1,11,2,7,0
USR-00315,CMP-0321,Free,2025-02-24,Technology,4.9,4,3.6,7.5,2025-09-27,4,16,3,8,0
USR-00316,CMP-0512,Enterprise,2024-04-11,Logistics,19.2,12,18.4,10.5,2025-09-24,7,25,0,7,0
USR-00317,CMP-0400,Pro,2024-07-25,Marketing,12.2,14,33.6,11.2,2025-09-22,9,15,2,5,0
USR-00318,CMP-0471,Free,2024-03-03,E-commerce,3.8,1,10.7,3.9,2025-09-20,11,7,2,3,0
USR-00319,CMP-0143,Free,2024-10-17,Technology,10.4,1,7.2,7.3,2025-09-27,4,22,5,4,0
USR-00320,CMP-0092,Free,2023-11-11,Manufacturing,3.1,2,1.0,9.4,2025-09-30,1,9,3,0,1
USR-00321,CMP-0354,Enterprise,2024-07-19,Technology,11.2,16,37.4,18.2,2025-09-25,6,19,0,6,0
USR-00322,CMP-0051,Free,2024-01-02,Healthcare,1.6,5,10.3,7.1,2025-08-31,31,0,6,7,1
USR-00323,CMP-0575,Free,2023-10-24,Healthcare,1.3,13,1.7,14.2,2025-09-30,1,0,1,0,1
USR-00324,CMP-0190,Enterprise,2024-04-29,Marketing,17.6,10,53.0,11.0,2025-09-27,4,24,1,7,0
USR-00325,CMP-0125,Free,2025-02-07,Logistics,2.8,7,15.2,5.5,2025-09-23,8,6,4,4,0
USR-00326,CMP-0150,Free,2024-08-30,Manufacturing,1.0,4,11.6,6.3,2025-09-26,5,3,1,7,1
USR-00327,CMP-0314,Free,2023-12-28,Technology,7.4,14,11.1,10.2,2025-09-13,18,14,3,5,0
USR-00328,CMP-0570,Free,2024-08-01,Logistics,3.2,1,1.6,3.4,2025-09-18,13,15,2,6,1
USR-00329,CMP-0342,Free,2024-03-28,Technology,2.2,2,4.2,9.5,2025-09-10,21,2,2,3,1
USR-00330,CMP-0305,Pro,2024-02-13,Technology,12.4,13,12.4,15.9,2025-10-01,0,17,0,3,0
USR-00331,CMP-0054,Free,2025-03-05,E-commerce,2.2,2,1.0,1.8,2025-09-26,5,6,1,4,1
USR-00332,CMP-0444,Free,2024-04-02,Healthcare,9.6,1,12.7,3.6,2025-09-26,5,19,3,5,0
USR-00333,CMP-0264,Pro,2024-12-18,Technology,20.7,6,21.6,5.3,2025-09-29,2,22,2,9,0
USR-00334,CMP-0053,Pro,2024-02-12,E-commerce,14.1,20,15.0,18.8,2025-09-27,4,20,2,4,0
USR-00335,CMP-0572,Pro,2024-03-03,Healthcare,13.7,3,23.3,8.5,2025-09-29,2,19,0,10,1
USR-00336,CMP-0005,Pro,2024-07-07,E-commerce,11.4,8,31.1,11.4,2025-09-27,4,20,1,7,0
USR-00337,CMP-0103,Free,2024-12-10,Logistics,0.1,1,1.0,11.3,2025-09-25,6,2,5,3,1
USR-00338,CMP-0196,Pro,2024-07-23,Consulting,16.1,3,5.0,9.0,2025-09-22,9,20,1,5,0
USR-00339,CMP-0350,Pro,2025-01-14,Healthcare,10.7,13,15.5,14.0,2025-09-25,6,13,1,6,0
USR-00340,CMP-0047,Free,2024-11-28,Media,1.6,1,6.2,5.8,2025-09-17,14,0,2,5,1
USR-00341,CMP-0269,Enterprise,2024-08-13,Consulting,13.3,13,39.7,12.8,2025-10-01,0,16,1,8,0
USR-00342,CMP-0370,Free,2024-10-06,Logistics,4.7,1,1.0,1.0,2025-09-26,5,11,3,7,1
USR-00343,CMP-0106,Enterprise,2024-10-30,Technology,12.6,14,44.9,18.1,2025-10-01,0,21,4,7,0
USR-00344,CMP-0120,Free,2024-01-07,Manufacturing,2.9,1,31.6,6.8,2025-09-30,1,1,4,5,0
USR-00345,CMP-0058,Enterprise,2025-03-12,Logistics,20.7,25,39.5,22.3,2025-10-01,0,27,1,7,0
USR-00346,CMP-0346,Pro,2023-12-19,E-commerce,13.5,12,16.9,13.4,2025-10-01,0,19,2,10,0
USR-00347,CMP-0474,Enterprise,2024-03-01,E-commerce,12.7,22,23.6,24.3,2025-09-29,2,16,5,5,1
USR-00348,CMP-0117,Free,2024-11-22,E-commerce,13.5,2,1.9,7.1,2025-07-06,87,23,3,10,1
USR-00349,CMP-0127,Pro,2024-02-09,E-commerce,15.1,14,26.0,9.8,2025-10-01,0,23,3,5,0
USR-00350,CMP-0393,Pro,2024-09-04,Logistics,8.6,17,20.2,17.3,2025-09-19,12,25,2,4,0
USR-00351,CMP-0058,Pro,2023-12-10,Manufacturing,9.7,12,30.2,12.1,2025-10-01,0,18,3,6,0
USR-00352,CMP-0513,Pro,2024-04-22,Finance,12.7,18,22.5,20.7,2025-09-24,7,24,1,7,0
USR-00353,CMP-0096,Pro,2024-10-21,E-commerce,7.7,9,39.3,13.3,2025-09-24,7,9,1,6,1
USR-00354,CMP-0118,Pro,2024-04-22,Finance,6.7,4,20.7,10.2,2025-09-15,16,10,0,8,0
USR-00355,CMP-0560,Free,2024-03-03,Manufacturing,4.6,5,3.4,3.6,2025-09-30,1,14,2,4,0
USR-00356,CMP-0488,Pro,2024-01-26,Manufacturing,7.1,5,36.1,4.6,2025-09-29,2,18,3,5,0
USR-00357,CMP-0237,Free,2024-08-27,Consulting,8.5,1,4.5,7.1,2025-09-30,1,25,1,3,0
USR-00358,CMP-0272,Enterprise,2024-06-01,Healthcare,14.0,13,34.0,11.6,2025-09-30,1,22,1,9,0
USR-00359,CMP-0189,Pro,2023-12-26,Media,16.4,9,31.1,5.6,2025-09-15,16,26,1,7,0
USR-00360,CMP-0447,Enterprise,2024-12-27,Marketing,14.3,13,30.2,15.0,2025-09-27,4,15,0,6,0
USR-00361,CMP-0581,Free,2024-08-06,Media,6.1,3,11.8,3.8,2025-09-14,17,11,2,4,1
USR-00362,CMP-0247,Enterprise,2024-10-29,Logistics,8.2,15,28.8,20.4,2025-09-29,2,13,0,6,0
USR-00363,CMP-0076,Enterprise,2024-08-21,Marketing,9.4,20,27.9,19.9,2025-09-25,6,19,0,10,0
USR-00364,CMP-0154,Pro,2024-02-07,Manufacturing,16.1,14,28.1,14.7,2025-09-27,4,26,4,7,0
USR-00365,CMP-0435,Pro,2025-01-23,Media,20.4,5,15.1,5.9,2025-09-30,1,19,0,3,0
USR-00366,CMP-0086,Free,2024-08-05,Education,0.2,7,9.1,13.4,2025-09-06,25,2,3,2,0
USR-00367,CMP-0285,Enterprise,2023-10-23,Healthcare,20.0,24,24.2,23.3,2025-10-01,0,25,0,6,0
USR-00368,CMP-0220,Pro,2025-02-19,Media,11.9,15,30.6,13.8,2025-10-01,0,14,1,7,0
USR-00369,CMP-0069,Free,2023-12-20,Healthcare,0.7,1,7.0,1.4,2025-09-30,1,0,4,1,1
USR-00370,CMP-0047,Free,2024-03-30,Finance,5.5,2,4.5,4.4,2025-09-18,13,10,3,2,0
USR-00371,CMP-0094,Enterprise,2025-01-03,Logistics,16.6,21,41.9,16.9,2025-09-29,2,22,1,7,0
USR-00372,CMP-0453,Enterprise,2025-03-14,Healthcare,16.3,18,15.2,20.5,2025-10-01,0,28,1,7,0
USR-00373,CMP-0204,Enterprise,2024-10-15,Finance,10.9,22,22.9,15.2,2025-09-28,3,18,1,7,0
USR-00374,CMP-0218,Pro,2024-09-25,E-commerce,13.1,15,18.0,14.6,2025-09-21,10,19,1,6,0
USR-00375,CMP-0474,Free,2025-01-18,Finance,0.6,7,7.9,10.4,2025-08-27,35,2,0,1,1
USR-00376,CMP-0432,Free,2024-06-28,Logistics,0.1,1,9.5,4.8,2025-09-19,12,0,5,6,1
USR-00377,CMP-0341,Free,2024-04-06,Consulting,0.3,3,6.3,3.2,2025-09-10,21,12,1,0,1
USR-00378,CMP-0551,Free,2024-10-08,E-commerce,15.4,1,16.6,5.8,2025-09-12,19,25,1,5,0
USR-00379,CMP-0289,Free,2024-08-10,Manufacturing,0.8,4,14.6,3.5,2025-09-27,4,2,6,9,1
USR-00380,CMP-0254,Free,2024-11-21,Technology,6.2,5,7.0,6.9,2025-09-26,5,4,4,4,0
USR-00381,CMP-0357,Pro,2024-06-29,Finance,5.1,18,11.9,19.4,2025-09-27,4,17,1,4,1
USR-00382,CMP-0023,Enterprise,2025-03-17,Finance,2.3,18,39.3,18.8,2025-10-01,0,4,0,7,0
USR-00383,CMP-0522,Pro,2024-03-30,Healthcare,16.0,10,26.9,9.0,2025-09-29,2,21,1,6,0
USR-00384,CMP-0100,Enterprise,2024-12-14,Manufacturing,20.5,14,25.9,17.8,2025-09-30,1,24,1,8,0
USR-00385,CMP-0180,Pro,2024-08-27,Media,18.8,11,14.7,12.1,2025-10-01,0,21,3,7,0
USR-00386,CMP-0223,Free,2024-06-05,Education,3.0,2,22.0,6.8,2025-09-30,1,6,2,7,1
USR-00387,CMP-0442,Free,2024-05-15,Marketing,2.2,1,14.8,8.4,2025-09-23,8,2,1,4,1
USR-00388,CMP-0325,Free,2024-01-24,Finance,14.7,2,26.1,8.0,2025-09-13,18,15,1,3,0
USR-00389,CMP-0516,Free,2024-01-23,Media,4.6,1,1.0,7.2,2025-09-06,25,6,4,3,0
USR-00390,CMP-0016,Pro,2024-10-17,Education,4.7,15,14.0,15.6,2025-09-26,5,8,0,5,0
USR-00391,CMP-0336,Free,2024-03-26,Marketing,0.2,3,7.0,7.8,2025-09-22,9,1,2,6,1
USR-00392,CMP-0258,Free,2024-03-20,Technology,14.5,1,1.7,4.4,2025-09-25,6,16,3,2,0
USR-00393,CMP-0497,Free,2025-03-22,Healthcare,1.9,10,1.4,7.4,2025-09-28,3,3,4,3,1
USR-00394,CMP-0160,Enterprise,2023-11-22,Media,20.2,20,38.6,19.9,2025-10-01,0,25,0,8,0
USR-00395,CMP-0475,Enterprise,2024-03-10,Healthcare,13.1,15,27.1,15.8,2025-09-27,4,14,1,9,0
USR-00396,CMP-0380,Pro,2023-10-04,Marketing,11.3,14,19.7,16.0,2025-09-27,4,15,0,5,0
USR-00397,CMP-0545,Free,2023-10-23,Consulting,9.1,3,3.9,5.0,2025-09-10,21,21,3,6,1
USR-00398,CMP-0427,Enterprise,2023-11-30,Finance,14.2,8,23.5,7.1,2025-09-28,3,11,2,7,0
USR-00399,CMP-0268,Enterprise,2023-10-03,E-commerce,20.6,13,22.6,15.4,2025-10-01,0,25,1,8,0
USR-00400,CMP-0577,Pro,2024-03-16,Education,2.9,11,25.5,7.9,2025-09-27,4,7,0,7,0
USR-00401,CMP-0417,Enterprise,2024-09-21,Manufacturing,21.2,21,45.0,24.2,2025-09-30,1,27,0,8,0
USR-00402,CMP-0168,Free,2024-06-09,Logistics,1.0,1,12.4,3.1,2025-09-24,7,6,1,10,0
USR-00403,CMP-0043,Enterprise,2023-10-06,Finance,16.6,16,40.0,16.5,2025-09-29,2,27,1,10,0
USR-00404,CMP-0556,Enterprise,2024-06-01,E-commerce,23.3,25,36.5,24.7,2025-09-19,12,27,0,7,0
USR-00405,CMP-0285,Free,2024-07-27,Logistics,2.5,1,2.3,5.6,2025-09-08,23,1,3,3,0
USR-00406,CMP-0397,Pro,2025-03-28,Media,10.0,12,36.0,8.4,2025-09-15,16,13,0,7,0
USR-00407,CMP-0012,Enterprise,2024-09-09,Logistics,12.4,14,44.6,16.7,2025-10-01,0,14,2,8,0
USR-00408,CMP-0302,Free,2024-11-25,Technology,10.3,1,10.5,4.7,2025-09-29,2,19,6,8,1
USR-00409,CMP-0253,Pro,2025-03-10,Finance,14.3,11,22.3,9.9,2025-10-01,0,17,4,2,1
USR-00410,CMP-0499,Enterprise,2024-01-07,Healthcare,17.3,17,40.5,14.4,2025-10-01,0,21,2,7,0
USR-00411,CMP-0035,Pro,2024-10-01,Consulting,13.3,11,32.7,10.8,2025-09-27,4,22,1,5,0
USR-00412,CMP-0090,Free,2023-12-08,Manufacturing,2.5,1,7.4,1.0,2025-09-17,14,2,4,3,1
USR-00413,CMP-0418,Pro,2025-02-13,Healthcare,10.9,11,17.0,17.0,2025-09-27,4,14,3,4,0
USR-00414,CMP-0115,Free,2025-03-31,E-commerce,0.0,1,1.0,8.3,2025-08-30,32,2,4,4,0
USR-00415,CMP-0196,Pro,2024-10-27,Finance,15.3,15,29.2,16.4,2025-09-12,19,22,4,8,0
USR-00416,CMP-0501,Free,2024-09-09,Consulting,8.0,2,1.8,3.9,2025-09-29,2,15,8,2,0
USR-00417,CMP-0493,Pro,2024-07-22,Logistics,4.3,14,29.3,13.6,2025-09-18,13,15,1,7,0
USR-00418,CMP-0075,Pro,2024-09-12,Finance,12.7,9,14.0,12.5,2025-09-27,4,14,1,7,0
USR-00419,CMP-0413,Pro,2025-03-25,Logistics,13.1,12,21.1,17.9,2025-09-27,4,16,3,10,0
USR-00420,CMP-0376,Pro,2025-03-28,Media,19.1,11,8.9,10.1,2025-09-21,10,23,0,8,0
USR-00421,CMP-0420,Pro,2024-02-21,Technology,14.4,11,32.8,8.4,2025-10-01,0,11,2,6,0
USR-00422,CMP-0277,Pro,2025-03-04,Marketing,19.6,18,30.4,22.0,2025-09-17,14,22,2,7,0
USR-00423,CMP-0394,Free,2023-10-13,Finance,2.3,3,1.0,1.0,2025-09-16,15,4,1,7,1
USR-00424,CMP-0457,Pro,2024-03-14,E-commerce,9.9,13,18.2,10.4,2025-09-17,14,15,2,7,0
USR-00425,CMP-0192,Free,2024-08-20,Logistics,1.4,1,16.0,3.1,2025-07-21,72,3,1,7,1
USR-00426,CMP-0099,Enterprise,2023-12-17,Healthcare,15.2,19,37.6,13.5,2025-09-29,2,26,1,7,0
USR-00427,CMP-0548,Free,2024-09-10,Media,19.9,1,8.9,7.1,2025-09-30,1,25,2,8,0
USR-00428,CMP-0096,Pro,2024-05-22,E-commerce,20.0,10,22.3,13.6,2025-09-30,1,18,1,5,0
USR-00429,CMP-0190,Pro,2024-04-22,Manufacturing,15.1,12,31.5,10.9,2025-09-29,2,27,1,5,0
USR-00430,CMP-0037,Pro,2024-08-14,Marketing,10.9,18,9.6,21.2,2025-10-01,0,19,2,6,0
USR-00431,CMP-0369,Free,2025-02-20,Media,13.5,5,6.7,11.3,2025-09-08,23,11,2,3,1
USR-00432,CMP-0525,Pro,2024-11-14,Technology,15.7,16,21.4,15.5,2025-09-29,2,29,3,8,0
USR-00433,CMP-0279,Pro,2024-10-11,Marketing,8.8,24,22.9,20.8,2025-09-05,26,9,2,3,0
USR-00434,CMP-0217,Pro,2024-01-12,Logistics,16.0,12,26.2,19.4,2025-09-23,8,26,1,6,0
USR-00435,CMP-0273,Free,2025-01-13,E-commerce,3.0,2,32.9,6.8,2025-09-29,2,15,4,6,1
USR-00436,CMP-0062,Pro,2024-11-21,Manufacturing,11.4,11,28.7,12.6,2025-09-27,4,11,1,7,0
USR-00437,CMP-0596,Pro,2024-10-10,Education,10.9,11,15.5,15.9,2025-09-27,4,15,2,6,0
USR-00438,CMP-0342,Pro,2024-03-18,Technology,20.3,7,23.1,9.5,2025-09-27,4,20,1,6,0
USR-00439,CMP-0397,Pro,2024-08-05,Consulting,8.6,12,35.2,11.1,2025-09-26,5,21,5,7,0
USR-00440,CMP-0019,Pro,2024-11-15,Logistics,8.9,7,28.9,8.8,2025-10-01,0,3,1,4,0
USR-00441,CMP-0177,Free,2024-01-04,Education,2.8,3,2.5,8.5,2025-09-15,16,2,0,4,0
USR-00442,CMP-0396,Free,2024-01-21,Finance,7.0,1,5.0,1.0,2025-09-22,9,5,1,4,0
USR-00443,CMP-0445,Free,2025-02-08,Manufacturing,4.6,1,9.1,2.9,2025-09-10,21,7,5,6,1
USR-00444,CMP-0233,Free,2023-10-26,Healthcare,5.8,11,4.7,15.9,2025-09-08,23,12,3,7,0
USR-00445,CMP-0076,Pro,2024-02-11,Consulting,11.2,14,14.4,12.7,2025-09-30,1,18,1,6,0
USR-00446,CMP-0265,Pro,2025-01-07,E-commerce,2.9,13,19.4,18.0,2025-10-01,0,1,2,8,1
USR-00447,CMP-0455,Free,2025-03-28,Manufacturing,0.2,1,28.3,8.0,2025-09-14,17,0,1,5,1
USR-00448,CMP-0384,Enterprise,2023-12-15,Marketing,17.4,17,42.8,16.4,2025-09-20,11,25,1,7,0
USR-00449,CMP-0564,Free,2024-09-02,Media,0.9,1,1.0,2.1,2025-09-23,8,1,4,7,0
USR-00450,CMP-0506,Pro,2023-11-25,Marketing,11.9,18,28.9,16.5,2025-09-29,2,21,2,4,0
USR-00451,CMP-0367,Pro,2023-11-19,Marketing,17.8,10,32.6,19.0,2025-09-30,1,19,1,7,0
USR-00452,CMP-0144,Free,2024-08-03,Finance,7.8,1,6.0,9.4,2025-09-27,4,8,2,3,0
USR-00453,CMP-0069,Free,2023-12-14,Technology,1.5,15,15.1,15.4,2025-09-26,5,0,1,8,0
USR-00454,CMP-0099,Pro,2024-05-31,Healthcare,19.9,8,9.1,7.6,2025-09-28,3,23,1,5,0
USR-00455,CMP-0396,Free,2024-08-17,Consulting,7.2,1,5.5,4.2,2025-09-17,14,12,2,4,0
USR-00456,CMP-0025,Enterprise,2024-03-18,Technology,12.4,11,43.1,12.5,2025-10-01,0,15,1,5,0
USR-00457,CMP-0469,Pro,2024-11-01,Manufacturing,17.9,3,14.3,1.7,2025-10-01,0,20,0,7,0
USR-00458,CMP-0484,Enterprise,2024-10-12,Marketing,12.2,20,30.8,19.2,2025-09-30,1,20,0,7,0
USR-00459,CMP-0565,Free,2024-12-11,Finance,3.0,1,5.8,7.8,2025-09-04,27,8,4,4,0
USR-00460,CMP-0151,Pro,2024-03-11,Manufacturing,12.7,5,15.0,1.6,2025-09-27,4,21,1,7,0
USR-00461,CMP-0144,Pro,2024-05-29,Media,11.0,9,20.2,12.7,2025-09-08,23,21,0,3,1
USR-00462,CMP-0569,Pro,2024-06-09,Healthcare,16.9,16,11.1,19.9,2025-09-27,4,26,1,5,0
USR-00463,CMP-0039,Free,2025-03-18,Consulting,9.1,3,1.7,3.7,2025-09-27,4,23,3,5,0
USR-00464,CMP-0109,Pro,2025-03-24,Media,5.6,14,37.5,19.3,2025-09-30,1,1,1,9,0
USR-00465,CMP-0042,Pro,2024-02-26,Finance,13.9,13,27.6,11.3,2025-09-23,8,18,1,7,0
USR-00466,CMP-0186,Pro,2024-08-16,Healthcare,13.0,13,17.5,14.7,2025-09-26,5,19,3,7,0
USR-00467,CMP-0398,Free,2024-07-01,Manufacturing,2.5,1,10.8,2.9,2025-09-19,12,8,1,5,0
USR-00468,CMP-0223,Enterprise,2024-04-17,Marketing,31.4,22,28.6,19.7,2025-09-27,4,20,2,10,0
USR-00469,CMP-0133,Free,2024-06-06,Marketing,0.6,2,6.3,2.7,2025-09-13,18,3,3,7,1
USR-00470,CMP-0163,Enterprise,2023-10-12,Logistics,14.3,19,24.1,20.3,2025-10-01,0,16,0,4,0
USR-00471,CMP-0215,Enterprise,2023-12-22,Marketing,17.3,19,35.0,20.7,2025-09-27,4,26,1,8,0
USR-00472,CMP-0235,Enterprise,2025-01-18,Education,17.1,17,39.7,16.4,2025-09-29,2,28,3,9,0
USR-00473,CMP-0588,Pro,2023-11-01,Marketing,7.6,8,31.7,5.3,2025-09-28,3,15,1,4,0
USR-00474,CMP-0009,Pro,2025-03-12,Education,14.3,10,19.3,12.2,2025-09-26,5,23,3,7,0
USR-00475,CMP-0074,Enterprise,2025-03-21,E-commerce,16.9,23,25.4,22.7,2025-09-29,2,29,1,7,0
USR-00476,CMP-0492,Free,2023-10-28,Education,2.4,1,16.6,3.1,2025-09-29,2,1,1,3,1
USR-00477,CMP-0253,Pro,2024-04-23,Healthcare,12.9,18,14.4,23.0,2025-09-28,3,17,1,9,0
USR-00478,CMP-0230,Pro,2024-10-15,Media,20.0,6,23.3,3.1,2025-09-29,2,23,3,5,0
USR-00479,CMP-0519,Pro,2024-05-13,Healthcare,6.8,11,11.3,5.1,2025-09-28,3,2,2,5,0
USR-00480,CMP-0174,Free,2023-12-07,Media,14.2,1,7.3,1.6,2025-09-30,1,12,3,3,1
USR-00481,CMP-0168,Pro,2023-12-03,Logistics,16.4,12,16.7,14.7,2025-09-30,1,27,2,4,0
USR-00482,CMP-0170,Enterprise,2023-12-30,E-commerce,24.4,24,32.8,19.0,2025-10-01,0,27,1,7,0
USR-00483,CMP-0393,Free,2024-03-23,Media,2.3,1,5.7,1.0,2025-09-25,6,9,1,4,0
USR-00484,CMP-0194,Enterprise,2024-10-23,Media,18.6,25,46.8,25.9,2025-09-25,6,28,2,6,0
USR-00485,CMP-0517,Free,2024-03-29,Finance,0.5,4,23.6,7.6,2025-09-28,3,8,2,5,0
USR-00486,CMP-0029,Free,2024-02-06,Technology,5.6,5,8.6,8.1,2025-09-24,7,1,4,0,1
USR-00487,CMP-0165,Free,2023-12-15,Technology,0.0,1,8.4,6.1,2025-09-26,5,15,2,5,1
USR-00488,CMP-0422,Free,2024-03-19,Finance,3.2,1,3.0,2.5,2025-09-10,21,11,2,7,1
USR-00489,CMP-0339,Enterprise,2024-11-01,Marketing,20.4,16,48.3,14.7,2025-10-01,0,26,2,7,0
USR-00490,CMP-0496,Free,2024-07-22,Finance,19.4,6,5.1,10.2,2025-09-28,3,22,0,6,0
USR-00491,CMP-0365,Pro,2025-01-27,Media,6.1,18,37.1,13.4,2025-09-30,1,13,1,6,0
USR-00492,CMP-0342,Free,2024-04-26,Media,3.1,5,45.0,1.0,2025-07-24,69,4,1,10,1
USR-00493,CMP-0500,Pro,2024-07-02,Finance,12.2,15,24.6,13.7,2025-09-26,5,23,1,8,0
USR-00494,CMP-0511,Pro,2024-03-10,Finance,18.7,13,26.1,16.2,2025-09-30,1,18,1,5,0
USR-00495,CMP-0327,Free,2024-01-12,Marketing,3.4,11,7.7,12.6,2025-09-27,4,6,1,8,0
USR-00496,CMP-0217,Free,2024-07-20,Healthcare,13.3,3,6.2,8.0,2025-09-29,2,17,4,10,0
USR-00497,CMP-0301,Enterprise,2024-06-02,E-commerce,19.1,15,29.2,9.0,2025-10-01,0,25,1,7,0
USR-00498,CMP-0132,Free,2024-12-31,Manufacturing,1.8,5,14.9,7.9,2025-09-09,22,3,3,6,1
USR-00499,CMP-0070,Pro,2023-12-28,Media,13.5,6,14.5,9.8,2025-09-27,4,25,1,9,0
USR-00500,CMP-0252,Free,2024-08-02,E-commerce,3.9,4,6.0,2.1,2025-09-18,13,5,0,2,0
USR-00501,CMP-0415,Enterprise,2024-09-30,Finance,16.5,13,57.1,16.0,2025-09-30,1,27,2,5,0
USR-00502,CMP-0445,Free,2024-03-28,Marketing,3.3,2,7.3,4.3,2025-09-20,11,10,1,5,0
USR-00503,CMP-0182,Pro,2024-02-24,Education,4.6,15,23.0,24.2,2025-09-29,2,9,1,5,0
USR-00504,CMP-0167,Free,2024-02-22,Marketing,8.9,5,22.0,1.0,2025-09-26,5,16,5,4,0
USR-00505,CMP-0091,Enterprise,2024-12-01,Consulting,17.0,14,24.6,18.3,2025-09-28,3,23,2,9,0
USR-00506,CMP-0531,Free,2024-05-03,Consulting,0.1,1,13.2,2.6,2025-09-29,2,0,3,6,1
USR-00507,CMP-0039,Pro,2024-04-29,E-commerce,16.5,12,33.8,7.7,2025-09-25,6,28,2,8,0
USR-00508,CMP-0126,Pro,2024-10-09,Technology,10.9,9,35.8,8.6,2025-09-18,13,28,1,6,0
USR-00509,CMP-0451,Free,2024-10-17,Consulting,4.9,3,14.7,6.2,2025-09-30,1,10,0,3,1
USR-00510,CMP-0173,Enterprise,2025-02-25,Consulting,19.2,14,22.3,17.3,2025-09-25,6,25,2,6,0
USR-00511,CMP-0220,Free,2025-01-26,Healthcare,0.1,2,7.9,9.8,2025-09-30,1,0,2,9,0
USR-00512,CMP-0058,Enterprise,2024-08-12,Education,18.9,22,26.3,24.9,2025-09-30,1,29,0,10,0
USR-00513,CMP-0476,Enterprise,2024-03-20,Healthcare,17.8,17,35.8,13.7,2025-09-29,2,27,1,9,0
USR-00514,CMP-0456,Enterprise,2025-02-07,Education,17.1,18,46.6,20.8,2025-09-29,2,20,2,7,0
USR-00515,CMP-0361,Free,2024-07-02,Logistics,1.8,4,6.2,7.4,2025-09-30,1,0,1,2,1
USR-00516,CMP-0001,Enterprise,2024-12-27,Manufacturing,13.5,22,12.4,18.6,2025-09-27,4,20,1,10,0
USR-00517,CMP-0387,Pro,2023-10-26,Media,11.1,14,18.5,13.6,2025-09-06,25,22,1,7,0
USR-00518,CMP-0348,Enterprise,2024-05-15,Consulting,17.4,14,46.4,12.1,2025-10-01,0,27,0,8,0
USR-00519,CMP-0190,Pro,2023-12-31,Media,4.6,15,16.1,15.1,2025-09-16,15,9,0,5,1
USR-00520,CMP-0505,Enterprise,2024-10-08,Consulting,23.8,15,50.4,12.8,2025-09-29,2,20,0,9,0
USR-00521,CMP-0191,Pro,2024-12-07,Healthcare,11.5,12,16.4,9.5,2025-09-12,19,15,3,6,0
USR-00522,CMP-0508,Pro,2023-12-23,Manufacturing,12.2,11,12.5,13.2,2025-09-30,1,22,1,4,0
USR-00523,CMP-0369,Free,2023-10-04,Healthcare,0.7,1,1.0,5.7,2025-09-10,21,1,1,4,1
USR-00524,CMP-0409,Enterprise,2024-01-06,Healthcare,12.8,16,30.3,15.2,2025-10-01,0,27,1,8,0
USR-00525,CMP-0117,Pro,2025-03-10,Education,15.3,14,5.9,18.3,2025-09-16,15,21,3,10,0
USR-00526,CMP-0134,Pro,2023-12-02,Technology,20.8,11,21.2,11.0,2025-09-24,7,20,1,3,0
USR-00527,CMP-0058,Enterprise,2025-03-28,Marketing,15.1,25,37.3,22.1,2025-09-30,1,28,1,6,0
USR-00528,CMP-0556,Pro,2023-11-06,E-commerce,14.1,17,20.5,18.6,2025-09-30,1,12,2,6,0
USR-00529,CMP-0173,Free,2023-10-20,Media,6.5,11,2.1,11.4,2025-09-08,23,6,2,3,0
USR-00530,CMP-0149,Pro,2024-11-07,Logistics,6.0,6,24.3,8.1,2025-09-25,6,17,0,7,1
USR-00531,CMP-0080,Pro,2023-12-04,Consulting,16.6,16,38.4,8.2,2025-09-28,3,20,1,6,0
USR-00532,CMP-0213,Pro,2025-03-11,Healthcare,9.4,13,23.8,13.5,2025-09-27,4,11,6,7,0
USR-00533,CMP-0203,Free,2024-02-05,Technology,4.6,1,1.0,1.0,2025-09-07,24,8,3,5,0
USR-00534,CMP-0229,Free,2024-06-16,Healthcare,2.5,2,2.5,1.0,2025-09-26,5,1,1,2,0
USR-00535,CMP-0227,Free,2024-10-02,Manufacturing,4.1,8,6.1,5.4,2025-09-30,1,9,3,4,1
USR-00536,CMP-0532,Pro,2024-01-30,Education,6.0,15,31.8,11.9,2025-09-15,16,12,2,5,0
USR-00537,CMP-0441,Free,2024-05-23,Logistics,2.6,1,7.2,2.2,2025-09-25,6,5,4,8,1
USR-00538,CMP-0402,Pro,2024-03-03,Marketing,13.4,2,14.2,3.1,2025-09-29,2,8,0,5,1
USR-00539,CMP-0047,Enterprise,2024-05-16,Manufacturing,12.7,19,45.3,20.2,2025-10-01,0,20,1,7,0
USR-00540,CMP-0233,Free,2023-10-07,Finance,7.2,5,15.1,7.7,2025-08-31,31,9,1,3,1
USR-00541,CMP-0305,Pro,2025-01-19,Logistics,3.6,7,14.6,2.9,2025-09-30,1,11,2,6,0
USR-00542,CMP-0526,Enterprise,2023-12-06,Healthcare,21.6,13,35.0,13.6,2025-09-28,3,27,2,7,0
USR-00543,CMP-0143,Enterprise,2025-01-07,Manufacturing,17.9,19,40.5,19.2,2025-09-25,6,22,1,10,0
USR-00544,CMP-0415,Pro,2024-08-16,Marketing,8.6,3,9.5,4.4,2025-10-01,0,19,1,6,0
USR-00545,CMP-0513,Pro,2025-03-29,Technology,3.7,8,30.8,9.2,2025-09-19,12,12,2,9,0
USR-00546,CMP-0373,Enterprise,2023-10-03,Technology,19.2,22,31.0,21.2,2025-09-30,1,29,1,10,0
USR-00547,CMP-0566,Pro,2025-02-12,Media,19.3,11,37.8,14.1,2025-09-24,7,30,0,6,0
USR-00548,CMP-0259,Enterprise,2024-03-05,Marketing,14.7,17,46.2,11.9,2025-09-30,1,18,2,7,0
USR-00549,CMP-0471,Free,2024-08-27,Technology,2.5,8,1.0,8.7,2025-09-15,16,2,1,4,0
USR-00550,CMP-0012,Enterprise,2024-02-02,Manufacturing,18.3,18,33.0,21.9,2025-10-01,0,17,0,6,0
USR-00551,CMP-0330,Pro,2024-11-13,Media,15.5,18,3.0,21.6,2025-10-01,0,26,3,10,0
USR-00552,CMP-0358,Pro,2024-04-07,Technology,10.3,11,38.9,14.4,2025-09-11,20,21,2,5,0
USR-00553,CMP-0408,Free,2024-03-19,Logistics,5.6,1,4.5,5.4,2025-10-01,0,11,2,3,1
USR-00554,CMP-0373,Pro,2024-07-02,Education,14.8,7,35.6,13.6,2025-09-19,12,20,1,4,0
USR-00555,CMP-0008,Free,2024-07-08,Finance,9.2,2,27.2,10.4,2025-09-29,2,20,3,3,1
USR-00556,CMP-0122,Enterprise,2025-03-22,Marketing,7.8,20,43.4,18.6,2025-09-30,1,12,0,7,0
USR-00557,CMP-0348,Enterprise,2024-06-11,Manufacturing,11.7,17,41.2,13.7,2025-09-26,5,16,1,9,0
USR-00558,CMP-0090,Free,2023-12-28,Consulting,0.2,1,1.2,3.0,2025-09-28,3,0,3,10,1
USR-00559,CMP-0316,Enterprise,2023-10-26,Healthcare,11.9,16,47.1,25.1,2025-09-25,6,25,1,4,1
USR-00560,CMP-0178,Enterprise,2024-08-14,Manufacturing,23.3,13,25.2,8.7,2025-09-29,2,23,1,10,0
USR-00561,CMP-0540,Pro,2025-03-09,Technology,13.5,13,19.3,12.0,2025-09-28,3,12,2,10,0
USR-00562,CMP-0041,Free,2023-12-21,Manufacturing,2.4,11,21.3,7.6,2025-09-16,15,4,2,3,1
USR-00563,CMP-0502,Free,2025-01-02,Consulting,6.7,10,13.8,11.4,2025-09-26,5,17,2,3,0
USR-00564,CMP-0145,Free,2024-05-31,Healthcare,4.9,1,14.2,1.0,2025-09-26,5,3,5,6,0
USR-00565,CMP-0201,Free,2025-02-12,Media,2.4,3,10.6,5.1,2025-09-13,18,4,0,3,1
USR-00566,CMP-0461,Enterprise,2024-05-21,Technology,20.2,15,23.1,9.1,2025-09-30,1,26,2,10,0
USR-00567,CMP-0558,Free,2024-10-06,E-commerce,9.6,1,4.0,5.7,2025-09-28,3,21,4,6,0
USR-00568,CMP-0547,Enterprise,2024-12-06,Technology,14.3,18,35.2,21.1,2025-09-27,4,13,2,6,0
USR-00569,CMP-0253,Free,2025-02-21,Finance,5.8,1,1.5,2.6,2025-09-09,22,10,2,6,0
USR-00570,CMP-0390,Pro,2024-07-19,E-commerce,12.6,18,16.0,17.0,2025-09-27,4,17,0,7,0
USR-00571,CMP-0594,Enterprise,2024-09-20,Finance,14.4,13,40.0,12.9,2025-09-29,2,9,0,5,0
USR-00572,CMP-0256,Enterprise,2024-07-24,Consulting,15.8,8,45.5,9.9,2025-09-28,3,22,2,6,0
USR-00573,CMP-0450,Free,2024-05-04,Marketing,9.1,1,6.1,3.7,2025-09-22,9,29,2,3,1
USR-00574,CMP-0010,Pro,2023-11-20,Healthcare,13.5,9,30.9,12.5,2025-09-28,3,19,4,7,0
USR-00575,CMP-0242,Pro,2024-07-24,Education,21.2,10,18.8,14.7,2025-08-26,36,24,3,8,0
USR-00576,CMP-0251,Free,2023-11-08,Media,17.8,6,3.9,5.4,2025-09-29,2,30,0,8,0
USR-00577,CMP-0005,Free,2024-08-06,Education,0.4,1,12.1,2.9,2025-09-19,12,1,3,3,1
USR-00578,CMP-0119,Pro,2024-11-07,Logistics,14.7,11,15.6,14.5,2025-09-16,15,17,1,4,0
USR-00579,CMP-0374,Pro,2024-06-10,Logistics,17.3,5,16.5,2.7,2025-09-23,8,24,1,5,0
USR-00580,CMP-0065,Pro,2024-01-08,Consulting,10.4,16,26.6,9.9,2025-09-17,14,16,5,5,0
USR-00581,CMP-0146,Free,2024-03-08,Marketing,11.8,1,12.7,4.5,2025-09-26,5,23,0,3,0
USR-00582,CMP-0224,Pro,2024-09-05,Logistics,24.9,9,31.5,11.7,2025-09-29,2,19,0,6,0
USR-00583,CMP-0239,Pro,2023-10-15,Technology,12.9,20,28.4,16.8,2025-09-18,13,16,1,8,0
USR-00584,CMP-0177,Pro,2024-11-25,Manufacturing,16.2,18,18.7,15.7,2025-09-28,3,24,3,6,0
USR-00585,CMP-0282,Enterprise,2024-05-11,Finance,20.6,11,31.3,9.5,2025-09-28,3,24,0,8,0
USR-00586,CMP-0063,Pro,2024-07-23,Logistics,12.9,4,16.7,3.6,2025-09-30,1,13,2,8,0
USR-00587,CMP-0217,Enterprise,2023-12-13,Consulting,16.9,17,22.1,18.7,2025-09-27,4,30,2,7,0
USR-00588,CMP-0461,Free,2025-02-01,Finance,3.3,3,15.8,1.9,2025-09-20,11,13,2,2,0
USR-00589,CMP-0105,Pro,2024-05-29,Technology,1.0,9,24.2,9.4,2025-09-29,2,6,5,6,0
USR-00590,CMP-0099,Free,2024-02-23,Marketing,3.6,1,1.0,1.1,2025-09-22,9,18,5,8,1
USR-00591,CMP-0511,Pro,2024-12-21,Healthcare,4.9,11,23.2,7.4,2025-09-23,8,13,3,8,0
USR-00592,CMP-0385,Pro,2025-03-21,Education,12.4,16,14.6,18.4,2025-10-01,0,21,5,4,0
USR-00593,CMP-0405,Enterprise,2024-07-20,Technology,21.3,18,22.7,15.8,2025-09-28,3,18,1,9,0
USR-00594,CMP-0518,Free,2024-02-18,Media,15.3,8,7.9,10.0,2025-09-21,10,24,1,4,0
USR-00595,CMP-0476,Pro,2024-07-20,E-commerce,14.9,11,24.2,7.3,2025-09-30,1,16,1,4,0
USR-00596,CMP-0437,Pro,2024-07-19,Consulting,7.9,9,15.8,8.0,2025-09-22,9,5,0,6,0
USR-00597,CMP-0023,Free,2025-02-19,Education,8.4,3,3.9,7.7,2025-09-26,5,20,3,1,0
USR-00598,CMP-0565,Free,2024-05-09,Media,5.7,1,10.0,11.6,2025-09-27,4,16,2,7,0
USR-00599,CMP-0458,Free,2024-10-22,Healthcare,4.7,5,18.0,1.1,2025-09-23,8,1,1,8,0
USR-00600,CMP-0083,Free,2024-09-24,Media,4.2,5,1.9,6.4,2025-09-16,15,7,4,2,1
USR-00601,CMP-0145,Free,2023-11-01,Marketing,9.9,9,26.7,11.4,2025-08-25,37,11,0,5,0
USR-00602,CMP-0085,Free,2024-02-29,E-commerce,8.6,1,7.6,2.0,2025-09-29,2,18,2,7,0
USR-00603,CMP-0078,Free,2024-03-27,Finance,0.7,1,25.6,6.3,2025-09-24,7,0,3,2,1
USR-00604,CMP-0457,Pro,2025-01-30,Education,10.6,14,25.7,11.6,2025-10-01,0,23,0,4,0
USR-00605,CMP-0001,Pro,2024-03-14,E-commerce,17.6,15,11.6,15.5,2025-09-22,9,21,0,6,0
USR-00606,CMP-0051,Enterprise,2023-11-27,Manufacturing,20.9,23,48.9,19.8,2025-09-30,1,23,0,7,0
USR-00607,CMP-0446,Pro,2024-02-15,Technology,10.1,19,18.1,21.9,2025-09-23,8,30,2,7,0
USR-00608,CMP-0449,Pro,2025-03-06,Manufacturing,18.6,12,21.0,10.6,2025-09-29,2,29,1,6,0
USR-00609,CMP-0488,Enterprise,2024-07-13,Technology,16.5,15,59.9,13.9,2025-09-26,5,30,0,6,0
USR-00610,CMP-0034,Pro,2024-05-12,Marketing,7.3,7,20.2,11.4,2025-09-26,5,7,1,3,1
USR-00611,CMP-0348,Pro,2023-11-30,E-commerce,11.9,13,27.9,10.3,2025-09-11,20,16,1,4,0
USR-00612,CMP-0095,Pro,2024-08-31,Healthcare,7.9,15,26.1,15.2,2025-10-01,0,10,2,8,0
USR-00613,CMP-0072,Free,2024-05-20,Logistics,2.9,2,9.8,1.0,2025-09-21,10,4,1,7,1
USR-00614,CMP-0551,Free,2024-03-02,Media,0.5,7,5.8,5.3,2025-09-11,20,2,5,5,0
USR-00615,CMP-0154,Pro,2024-12-21,Logistics,16.7,6,11.3,8.9,2025-09-25,6,27,2,8,0
USR-00616,CMP-0250,Pro,2024-05-10,E-commerce,16.7,6,26.6,4.8,2025-10-01,0,26,0,5,0
USR-00617,CMP-0438,Free,2025-02-17,Manufacturing,0.8,15,13.2,13.4,2025-08-12,50,0,1,4,1
USR-00618,CMP-0118,Enterprise,2024-05-26,Logistics,14.4,14,34.8,15.7,2025-09-30,1,25,1,9,0
USR-00619,CMP-0306,Pro,2024-11-09,Consulting,15.3,10,20.3,9.3,2025-09-29,2,24,0,7,0
USR-00620,CMP-0268,Pro,2023-12-30,Logistics,13.2,13,19.7,15.9,2025-09-27,4,21,2,7,0
USR-00621,CMP-0054,Enterprise,2023-12-06,Technology,23.0,21,32.5,20.4,2025-09-29,2,27,0,7,0
USR-00622,CMP-0236,Pro,2024-02-20,Consulting,14.9,9,26.2,11.5,2025-09-21,10,23,2,4,0
USR-00623,CMP-0389,Enterprise,2025-03-09,Education,16.5,15,43.8,18.7,2025-09-30,1,26,1,8,0
USR-00624,CMP-0401,Pro,2025-03-07,Logistics,9.7,18,29.9,18.4,2025-09-27,4,19,2,7,0
USR-00625,CMP-0303,Free,2024-07-08,Consulting,11.2,4,3.5,10.8,2025-09-21,10,21,4,10,0
USR-00626,CMP-0207,Pro,2023-11-21,E-commerce,16.4,13,38.9,16.1,2025-09-28,3,19,1,6,0
USR-00627,CMP-0229,Pro,2024-07-26,Media,18.9,9,28.7,8.6,2025-09-14,17,25,2,6,0
USR-00628,CMP-0578,Pro,2024-03-16,Education,7.4,12,32.4,16.5,2025-09-18,13,10,0,7,0
USR-00629,CMP-0075,Enterprise,2025-02-04,Healthcare,26.8,12,34.3,13.4,2025-09-30,1,25,1,10,0
USR-00630,CMP-0435,Pro,2024-12-19,Healthcare,10.5,7,24.1,7.4,2025-10-01,0,17,1,7,0
USR-00631,CMP-0103,Pro,2024-08-28,Marketing,22.0,15,24.0,15.8,2025-09-15,16,26,0,6,0
USR-00632,CMP-0422,Enterprise,2024-01-20,Logistics,16.6,12,34.4,15.9,2025-10-01,0,23,1,6,0
USR-00633,CMP-0306,Pro,2023-10-07,Media,15.5,14,33.3,15.6,2025-09-30,1,28,2,5,0
USR-00634,CMP-0098,Pro,2024-12-30,Finance,15.5,9,30.9,15.7,2025-09-30,1,26,1,8,0
USR-00635,CMP-0335,Enterprise,2025-01-06,Consulting,16.1,10,31.0,14.3,2025-10-01,0,25,0,7,0
USR-00636,CMP-0435,Free,2024-08-17,Education,8.0,3,6.7,7.0,2025-09-09,22,7,2,10,1
USR-00637,CMP-0447,Pro,2024-07-04,E-commerce,6.5,10,22.4,7.9,2025-09-25,6,13,1,7,0
USR-00638,CMP-0308,Enterprise,2024-08-02,Logistics,18.2,6,18.5,7.3,2025-09-22,9,25,1,8,0
USR-00639,CMP-0249,Pro,2024-12-15,E-commerce,15.2,8,25.4,9.6,2025-09-30,1,22,2,5,0
USR-00640,CMP-0166,Pro,2024-08-14,Finance,6.2,10,15.6,13.1,2025-09-27,4,9,3,5,0
USR-00641,CMP-0481,Pro,2024-07-01,Marketing,17.5,17,12.3,18.5,2025-09-05,26,26,2,8,0
USR-00642,CMP-0335,Pro,2023-12-15,Finance,10.1,13,15.3,13.9,2025-09-19,12,20,3,9,0
USR-00643,CMP-0542,Enterprise,2024-02-13,Technology,24.3,14,40.4,14.6,2025-09-28,3,26,1,6,0
USR-00644,CMP-0106,Free,2024-11-28,Manufacturing,2.2,12,18.3,14.8,2025-09-29,2,0,4,3,0
USR-00645,CMP-0563,Free,2024-08-11,Education,0.9,5,14.2,4.4,2025-09-11,20,0,2,3,0
USR-00646,CMP-0081,Free,2024-11-28,Manufacturing,0.2,1,9.1,8.9,2025-09-26,5,4,1,7,0
USR-00647,CMP-0133,Pro,2024-03-07,Finance,9.3,16,32.1,9.7,2025-09-26,5,18,2,7,0
USR-00648,CMP-0138,Pro,2023-12-17,Marketing,16.0,12,20.9,17.0,2025-09-25,6,21,2,6,0
USR-00649,CMP-0184,Enterprise,2024-03-06,Marketing,16.9,10,41.1,10.9,2025-09-29,2,27,0,6,0
USR-00650,CMP-0401,Pro,2024-12-15,Healthcare,8.3,14,13.6,17.2,2025-09-22,9,16,1,10,0
USR-00651,CMP-0330,Pro,2025-01-05,Logistics,8.7,9,22.6,11.3,2025-09-24,7,19,0,8,0
USR-00652,CMP-0508,Free,2024-06-29,Healthcare,17.5,2,7.8,5.6,2025-10-01,0,24,0,0,1
USR-00653,CMP-0069,Pro,2024-05-07,Education,11.1,13,31.3,15.1,2025-09-27,4,14,2,8,0
USR-00654,CMP-0546,Pro,2024-08-24,Education,11.7,2,20.8,7.0,2025-09-24,7,18,5,6,0
USR-00655,CMP-0053,Free,2024-12-25,Education,12.5,1,2.4,2.8,2025-09-27,4,11,1,3,0
USR-00656,CMP-0450,Free,2024-11-24,E-commerce,0.8,3,7.0,8.5,2025-09-26,5,4,3,7,0
USR-00657,CMP-0205,Free,2025-03-23,Healthcare,4.0,15,33.8,11.7,2025-09-30,1,18,3,6,0
USR-00658,CMP-0126,Free,2024-01-04,E-commerce,1.6,1,29.4,3.8,2025-09-24,7,1,3,5,1
USR-00659,CMP-0043,Pro,2024-01-20,Manufacturing,11.6,8,30.1,11.9,2025-09-01,30,17,1,5,1
USR-00660,CMP-0111,Free,2024-12-28,Logistics,2.1,1,1.9,6.8,2025-09-27,4,0,1,8,1
USR-00661,CMP-0183,Pro,2024-12-06,Finance,20.1,8,27.0,10.8,2025-09-26,5,24,0,4,0
USR-00662,CMP-0095,Enterprise,2024-06-16,Consulting,21.6,22,42.8,19.4,2025-09-27,4,22,1,9,0
USR-00663,CMP-0374,Pro,2025-04-04,Healthcare,11.3,10,33.7,13.7,2025-10-01,0,12,1,7,0
USR-00664,CMP-0520,Enterprise,2024-07-29,Consulting,19.3,25,38.2,21.0,2025-09-25,6,26,0,7,0
USR-00665,CMP-0360,Pro,2024-11-07,Marketing,14.4,14,17.6,19.5,2025-09-28,3,23,1,5,0
USR-00666,CMP-0281,Pro,2024-03-06,Healthcare,10.3,2,21.2,4.3,2025-09-17,14,30,0,7,0
USR-00667,CMP-0195,Enterprise,2025-02-20,Manufacturing,21.7,21,23.6,15.2,2025-10-01,0,23,0,5,0
USR-00668,CMP-0195,Free,2025-02-20,Healthcare,2.4,1,4.4,1.0,2025-09-29,2,5,4,8,0
USR-00669,CMP-0093,Enterprise,2025-01-17,E-commerce,25.7,7,53.0,8.7,2025-09-30,1,23,1,7,0
USR-00670,CMP-0061,Free,2024-08-22,Logistics,3.3,6,11.5,8.2,2025-09-26,5,5,2,3,0
USR-00671,CMP-0051,Pro,2024-10-25,Finance,19.1,10,25.5,16.9,2025-09-18,13,22,0,6,1
USR-00672,CMP-0403,Free,2024-07-26,Media,2.6,5,7.2,3.9,2025-10-01,0,5,6,4,1
USR-00673,CMP-0005,Pro,2024-11-24,Finance,20.3,12,3.3,12.7,2025-09-24,7,22,1,9,0
USR-00674,CMP-0466,Pro,2024-01-13,Finance,9.6,15,15.5,11.8,2025-10-01,0,22,2,3,0
USR-00675,CMP-0534,Pro,2023-12-18,Marketing,9.5,22,18.8,19.1,2025-09-19,12,19,1,6,0
USR-00676,CMP-0405,Free,2024-12-17,Manufacturing,2.2,7,3.0,13.7,2025-09-10,21,1,3,9,0
USR-00677,CMP-0513,Free,2025-03-01,Consulting,2.6,1,13.6,1.0,2025-09-22,9,2,4,5,0
USR-00678,CMP-0233,Free,2023-12-25,Manufacturing,0.1,1,4.5,5.6,2025-09-28,3,5,4,5,0
USR-00679,CMP-0524,Free,2024-07-04,Media,8.4,2,18.8,5.8,2025-09-17,14,21,2,5,1
USR-00680,CMP-0346,Enterprise,2024-09-30,Marketing,16.6,24,43.6,22.1,2025-10-01,0,24,3,7,0
USR-00681,CMP-0046,Free,2024-08-05,Logistics,2.2,8,4.0,11.0,2025-09-29,2,4,0,6,0
USR-00682,CMP-0546,Enterprise,2024-07-15,Finance,14.3,22,33.8,17.1,2025-09-29,2,10,0,7,0
USR-00683,CMP-0078,Enterprise,2023-10-31,E-commerce,18.7,16,35.6,20.8,2025-09-17,14,30,1,8,0
USR-00684,CMP-0073,Free,2023-10-12,Marketing,1.0,8,4.9,15.2,2025-08-31,31,3,3,6,0
USR-00685,CMP-0249,Pro,2025-01-08,Education,13.2,13,30.4,13.5,2025-09-25,6,22,0,7,0
USR-00686,CMP-0047,Free,2023-10-18,Healthcare,15.0,9,34.1,17.5,2025-09-21,10,16,5,5,0
USR-00687,CMP-0121,Free,2024-09-07,Manufacturing,25.0,2,6.2,3.4,2025-07-04,89,21,3,7,1
USR-00688,CMP-0214,Free,2025-02-18,Marketing,2.3,1,17.4,5.0,2025-09-20,11,3,2,8,0
USR-00689,CMP-0239,Pro,2023-12-25,Education,16.4,7,17.8,12.9,2025-09-28,3,26,1,8,0
USR-00690,CMP-0056,Pro,2023-10-13,Consulting,15.9,3,24.4,4.0,2025-09-15,16,28,2,9,0
USR-00691,CMP-0350,Pro,2025-03-10,Media,9.8,9,36.5,6.1,2025-09-30,1,19,1,9,0
USR-00692,CMP-0107,Pro,2024-07-13,Media,15.1,5,21.0,2.2,2025-10-01,0,24,5,4,0
USR-00693,CMP-0048,Free,2024-10-12,Finance,2.2,1,7.0,10.0,2025-09-17,14,0,3,10,1
USR-00694,CMP-0573,Pro,2023-11-06,Finance,15.3,19,20.5,16.6,2025-10-01,0,23,1,7,0
USR-00695,CMP-0337,Pro,2024-05-29,Marketing,18.0,12,27.3,12.0,2025-09-28,3,21,1,6,0
USR-00696,CMP-0026,Free,2024-05-18,Marketing,5.8,2,6.9,1.3,2025-09-24,7,12,3,5,0
USR-00697,CMP-0257,Free,2024-11-21,Logistics,0.1,12,22.0,15.4,2025-09-20,11,0,1,1,0
USR-00698,CMP-0008,Pro,2025-02-09,Healthcare,13.3,12,23.4,10.3,2025-08-29,33,11,1,7,0
USR-00699,CMP-0253,Free,2023-10-10,Technology,2.1,1,6.1,2.3,2025-09-28,3,0,0,3,1
USR-00700,CMP-0303,Pro,2023-10-22,Consulting,9.9,14,25.4,15.1,2025-09-28,3,23,0,7,0
USR-00701,CMP-0056,Free,2024-10-31,Finance,11.8,1,4.9,1.0,2025-09-30,1,12,0,5,0
USR-00702,CMP-0526,Free,2024-11-09,Technology,0.2,6,7.0,7.3,2025-09-18,13,8,4,4,1
USR-00703,CMP-0474,Free,2023-12-07,Technology,1.2,1,4.0,8.0,2025-09-13,18,6,0,0,1
USR-00704,CMP-0028,Free,2025-03-16,Healthcare,1.9,1,10.9,5.1,2025-09-22,9,0,0,6,1
USR-00705,CMP-0078,Pro,2024-07-10,E-commerce,9.3,9,20.2,10.6,2025-09-30,1,15,1,6,0
USR-00706,CMP-0216,Pro,2024-05-07,E-commerce,15.3,6,13.4,8.4,2025-09-25,6,25,1,7,0
USR-00707,CMP-0386,Pro,2024-02-29,Finance,23.4,12,18.5,11.4,2025-09-26,5,27,3,6,0
USR-00708,CMP-0365,Enterprise,2024-06-03,Education,15.2,20,17.1,25.0,2025-10-01,0,23,0,7,0
USR-00709,CMP-0526,Pro,2025-03-08,Healthcare,9.7,17,25.7,14.2,2025-09-28,3,12,1,6,0
USR-00710,CMP-0312,Pro,2023-12-25,Healthcare,12.1,13,24.9,14.0,2025-09-28,3,17,1,7,0
USR-00711,CMP-0007,Free,2024-07-19,Manufacturing,1.6,4,2.5,6.5,2025-08-06,56,2,3,7,1
USR-00712,CMP-0003,Pro,2023-10-19,Technology,4.0,9,18.1,13.2,2025-09-18,13,8,2,5,0
USR-00713,CMP-0363,Pro,2024-12-25,Manufacturing,11.7,15,16.1,18.3,2025-09-22,9,11,2,8,0
USR-00714,CMP-0508,Free,2024-04-17,Technology,0.3,3,8.8,5.3,2025-09-01,30,2,2,7,0
USR-00715,CMP-0274,Pro,2024-06-09,E-commerce,15.3,13,14.8,14.3,2025-09-22,9,26,1,8,0
USR-00716,CMP-0506,Free,2024-06-13,Finance,6.5,2,10.8,5.6,2025-08-30,32,9,2,10,1
USR-00717,CMP-0015,Pro,2024-04-17,Consulting,17.9,6,7.1,1.0,2025-10-01,0,28,2,3,0
USR-00718,CMP-0192,Enterprise,2024-11-26,E-commerce,11.4,21,27.4,15.0,2025-09-30,1,19,0,10,0
USR-00719,CMP-0485,Enterprise,2024-10-31,Healthcare,20.7,19,37.4,16.4,2025-09-27,4,27,0,7,0
USR-00720,CMP-0028,Pro,2025-01-21,Consulting,3.6,7,24.6,6.9,2025-09-25,6,14,0,7,0
USR-00721,CMP-0039,Pro,2024-04-28,Marketing,7.8,11,10.1,8.2,2025-09-30,1,9,2,7,0
USR-00722,CMP-0273,Pro,2023-12-27,Consulting,5.9,11,31.3,14.0,2025-09-29,2,9,2,4,0
USR-00723,CMP-0231,Pro,2025-01-05,Consulting,15.9,17,28.6,16.6,2025-09-29,2,20,2,8,0
USR-00724,CMP-0086,Free,2024-01-06,E-commerce,11.6,1,9.0,3.2,2025-09-27,4,24,2,7,0
USR-00725,CMP-0474,Pro,2024-05-08,Healthcare,11.7,9,25.9,6.4,2025-09-29,2,17,2,7,0
USR-00726,CMP-0126,Pro,2024-04-22,Consulting,7.1,2,27.6,4.5,2025-09-26,5,5,1,4,0
USR-00727,CMP-0537,Enterprise,2024-08-15,E-commerce,17.9,16,43.0,7.9,2025-09-26,5,27,1,6,0
USR-00728,CMP-0145,Pro,2024-12-24,E-commerce,7.3,6,7.7,7.3,2025-09-22,9,1,2,5,0
USR-00729,CMP-0525,Pro,2023-12-11,Consulting,9.9,17,27.4,16.8,2025-09-19,12,15,0,9,0
USR-00730,CMP-0212,Pro,2024-09-03,Technology,14.4,18,15.7,18.1,2025-09-16,15,22,1,7,0
USR-00731,CMP-0025,Pro,2024-12-18,Healthcare,12.7,2,27.3,1.0,2025-09-28,3,15,1,2,0
USR-00732,CMP-0580,Pro,2024-10-22,Media,17.3,15,27.1,15.7,2025-09-29,2,22,1,10,0
USR-00733,CMP-0394,Free,2024-05-05,Consulting,0.6,8,17.3,6.3,2025-10-01,0,9,4,9,0
USR-00734,CMP-0067,Pro,2025-01-09,Manufacturing,13.5,16,26.7,13.4,2025-09-13,18,15,5,4,0
USR-00735,CMP-0233,Enterprise,2024-02-06,Manufacturing,14.0,22,21.2,22.8,2025-10-01,0,13,0,7,0
USR-00736,CMP-0109,Pro,2024-04-06,Marketing,20.4,10,21.0,17.0,2025-09-22,9,28,1,6,0
USR-00737,CMP-0146,Free,2025-02-04,Healthcare,1.2,4,1.1,6.4,2025-09-25,6,11,5,6,0
USR-00738,CMP-0111,Pro,2023-12-10,E-commerce,8.4,7,26.1,6.1,2025-09-11,20,17,0,7,0
USR-00739,CMP-0228,Enterprise,2024-07-29,Logistics,17.2,22,38.2,21.2,2025-09-30,1,27,1,6,0
USR-00740,CMP-0111,Free,2024-12-09,Finance,5.9,6,10.5,10.6,2025-09-08,23,9,2,8,0
USR-00741,CMP-0470,Pro,2023-10-08,Education,7.8,11,21.8,13.7,2025-09-29,2,8,2,10,0
USR-00742,CMP-0034,Enterprise,2025-02-20,Logistics,12.5,18,37.2,25.6,2025-09-30,1,16,1,7,0
USR-00743,CMP-0369,Pro,2023-11-13,Healthcare,25.8,6,33.1,5.7,2025-09-25,6,25,0,5,0
USR-00744,CMP-0595,Enterprise,2024-10-22,Healthcare,16.7,24,39.7,23.0,2025-09-13,18,26,0,10,0
USR-00745,CMP-0554,Enterprise,2024-04-02,Consulting,8.4,17,37.0,21.2,2025-09-29,2,17,2,4,0
USR-00746,CMP-0425,Pro,2024-06-17,Consulting,19.5,13,14.3,17.9,2025-09-12,19,20,0,5,0
USR-00747,CMP-0518,Pro,2024-06-23,Logistics,15.1,9,27.4,4.3,2025-09-21,10,26,2,8,0
USR-00748,CMP-0282,Free,2024-09-13,E-commerce,0.7,4,20.7,6.2,2025-09-09,22,7,1,8,0
USR-00749,CMP-0320,Free,2023-10-29,Marketing,0.5,1,38.2,8.3,2025-09-23,8,3,1,4,0
USR-00750,CMP-0443,Pro,2024-12-05,Consulting,8.2,6,24.6,16.5,2025-09-28,3,20,5,10,0
USR-00751,CMP-0315,Free,2024-09-29,Education,6.2,3,7.2,7.5,2025-09-29,2,10,2,0,0
USR-00752,CMP-0377,Pro,2025-03-23,Education,8.7,8,19.9,8.3,2025-09-08,23,23,1,9,0
USR-00753,CMP-0289,Enterprise,2024-09-17,Marketing,13.0,20,47.2,16.0,2025-09-22,9,25,0,8,0
USR-00754,CMP-0437,Enterprise,2024-01-05,Technology,4.7,21,19.5,26.5,2025-09-27,4,12,1,7,0
USR-00755,CMP-0277,Pro,2024-01-13,Technology,5.5,8,18.1,11.6,2025-09-29,2,7,2,8,0
USR-00756,CMP-0582,Enterprise,2025-01-24,Healthcare,22.3,23,39.5,18.9,2025-10-01,0,24,0,7,0
USR-00757,CMP-0503,Enterprise,2024-11-26,Consulting,25.3,19,46.7,17.6,2025-09-18,13,28,2,6,0
USR-00758,CMP-0516,Pro,2025-02-21,Manufacturing,18.7,11,21.9,12.7,2025-10-01,0,20,0,7,0
USR-00759,CMP-0350,Free,2023-11-02,Logistics,1.7,3,1.0,7.0,2025-09-06,25,0,3,5,1
USR-00760,CMP-0446,Pro,2025-03-23,Media,16.5,13,15.7,10.7,2025-09-28,3,23,2,5,0
USR-00761,CMP-0350,Pro,2023-10-18,Marketing,8.7,7,17.3,6.8,2025-09-28,3,14,2,5,0
USR-00762,CMP-0137,Pro,2024-06-07,Healthcare,2.7,13,19.0,8.4,2025-09-19,12,0,0,6,0
USR-00763,CMP-0243,Pro,2023-10-26,Manufacturing,9.9,11,19.4,14.9,2025-10-01,0,13,0,3,0
USR-00764,CMP-0543,Free,2024-12-11,Consulting,0.0,1,30.8,2.8,2025-09-25,6,0,0,1,0
USR-00765,CMP-0040,Pro,2024-01-01,Manufacturing,14.0,13,20.2,14.8,2025-09-10,21,22,2,8,0
USR-00766,CMP-0229,Enterprise,2023-11-17,Manufacturing,18.4,18,30.7,21.7,2025-09-28,3,27,0,5,0
USR-00767,CMP-0548,Pro,2024-06-01,Marketing,7.0,14,8.3,14.9,2025-09-22,9,11,2,6,0
USR-00768,CMP-0223,Enterprise,2024-05-15,Healthcare,20.2,18,38.0,17.1,2025-09-27,4,24,2,5,0
USR-00769,CMP-0006,Enterprise,2024-10-12,E-commerce,21.3,25,41.7,23.6,2025-10-01,0,26,1,10,0
USR-00770,CMP-0322,Enterprise,2023-11-08,Education,15.6,17,50.0,16.8,2025-10-01,0,24,3,7,0
USR-00771,CMP-0468,Enterprise,2024-10-15,Logistics,11.3,11,43.6,15.5,2025-09-29,2,19,0,9,0
USR-00772,CMP-0075,Enterprise,2023-11-20,Healthcare,24.9,18,43.1,18.3,2025-09-30,1,22,4,10,0
USR-00773,CMP-0004,Pro,2024-05-06,Media,12.2,10,24.4,9.4,2025-09-28,3,14,1,4,0
USR-00774,CMP-0118,Free,2024-06-25,Manufacturing,9.1,2,7.7,7.7,2025-09-10,21,18,4,3,0
USR-00775,CMP-0504,Pro,2023-12-17,E-commerce,12.1,15,26.9,18.7,2025-10-01,0,18,1,8,0
USR-00776,CMP-0574,Pro,2025-02-10,Marketing,16.5,14,19.1,10.2,2025-09-24,7,28,2,5,0
USR-00777,CMP-0441,Free,2024-01-03,Finance,5.9,2,7.8,9.2,2025-10-01,0,11,3,6,1
USR-00778,CMP-0194,Free,2024-02-10,Logistics,0.6,3,23.7,6.5,2025-10-01,0,0,7,5,1
USR-00779,CMP-0392,Enterprise,2024-02-21,Logistics,10.2,20,33.9,19.8,2025-09-30,1,25,1,4,0
USR-00780,CMP-0026,Enterprise,2024-06-05,Education,20.0,12,30.2,15.6,2025-09-26,5,21,1,9,0
USR-00781,CMP-0435,Enterprise,2024-08-26,Finance,27.8,17,36.7,14.9,2025-10-01,0,26,0,7,0
USR-00782,CMP-0173,Pro,2023-10-20,Consulting,7.0,10,30.0,13.9,2025-09-26,5,13,1,4,0
USR-00783,CMP-0300,Free,2024-10-29,Finance,1.5,4,10.4,5.1,2025-09-16,15,7,5,9,1
USR-00784,CMP-0326,Free,2024-04-22,Manufacturing,0.3,10,20.4,6.6,2025-09-28,3,2,2,3,1
USR-00785,CMP-0410,Free,2024-10-28,Manufacturing,0.1,1,15.0,1.0,2025-09-21,10,5,1,3,0
USR-00786,CMP-0118,Free,2024-08-13,Manufacturing,0.1,5,9.9,8.7,2025-08-29,33,15,1,0,0
USR-00787,CMP-0225,Free,2024-02-25,Manufacturing,0.0,3,40.3,2.6,2025-09-21,10,0,4,6,1
USR-00788,CMP-0532,Enterprise,2024-07-22,Healthcare,16.6,17,13.3,21.4,2025-10-01,0,25,1,8,0
USR-00789,CMP-0113,Pro,2025-02-17,Logistics,9.9,14,14.7,17.8,2025-09-25,6,21,2,3,0
USR-00790,CMP-0140,Free,2024-09-04,Finance,1.3,1,15.3,7.8,2025-09-19,12,4,1,6,1
USR-00791,CMP-0559,Free,2023-12-13,Logistics,21.6,8,1.8,9.8,2025-10-01,0,24,4,7,0
USR-00792,CMP-0001,Pro,2023-12-05,Media,8.3,11,8.8,12.6,2025-10-01,0,22,0,7,0
USR-00793,CMP-0090,Free,2024-04-28,Finance,3.9,2,8.7,1.0,2025-09-29,2,13,3,8,1
USR-00794,CMP-0320,Enterprise,2023-10-29,Healthcare,16.1,17,29.8,19.6,2025-10-01,0,17,0,7,0
USR-00795,CMP-0550,Pro,2023-11-19,Media,14.1,13,16.0,14.5,2025-09-29,2,17,0,10,0
USR-00796,CMP-0139,Pro,2025-03-30,Logistics,16.2,7,26.7,10.3,2025-09-27,4,23,2,7,0
USR-00797,CMP-0511,Free,2024-11-12,Media,1.8,4,2.7,11.3,2025-09-25,6,1,1,7,1
USR-00798,CMP-0259,Free,2024-07-18,Education,4.1,2,15.7,2.8,2025-09-01,30,12,3,8,1
USR-00799,CMP-0010,Pro,2024-08-16,Media,17.0,12,20.9,12.2,2025-09-25,6,24,1,10,0
USR-00800,CMP-0261,Pro,2024-07-09,Finance,16.7,10,15.0,12.0,2025-09-17,14,25,3,4,0
USR-00801,CMP-0172,Pro,2024-01-14,Manufacturing,16.2,13,17.6,10.6,2025-09-26,5,26,2,5,0
USR-00802,CMP-0013,Free,2024-08-26,Manufacturing,10.2,7,21.9,8.0,2025-09-30,1,9,6,5,1
USR-00803,CMP-0168,Pro,2025-02-12,Consulting,13.9,15,24.1,16.5,2025-09-27,4,21,3,6,0
USR-00804,CMP-0596,Pro,2024-12-10,Logistics,3.7,12,36.0,11.6,2025-09-19,12,7,2,5,1
USR-00805,CMP-0321,Enterprise,2023-10-15,Education,27.3,17,22.7,20.5,2025-10-01,0,24,1,5,0
USR-00806,CMP-0319,Free,2023-10-12,Finance,5.1,1,4.0,1.0,2025-09-30,1,7,2,5,0
USR-00807,CMP-0329,Free,2025-03-17,Finance,8.5,1,18.1,7.2,2025-09-26,5,23,2,7,0
USR-00808,CMP-0550,Pro,2024-03-09,Marketing,11.4,7,14.7,10.6,2025-09-28,3,12,5,7,0
USR-00809,CMP-0419,Pro,2024-02-11,Technology,5.3,14,32.5,12.5,2025-09-29,2,15,1,3,0
USR-00810,CMP-0095,Pro,2024-05-31,Logistics,10.3,11,22.7,9.0,2025-09-30,1,29,1,3,0
USR-00811,CMP-0581,Pro,2024-10-01,Finance,14.2,5,22.3,1.0,2025-09-29,2,10,1,7,0
USR-00812,CMP-0318,Pro,2024-07-18,E-commerce,6.5,9,19.8,7.8,2025-09-23,8,7,0,6,0
USR-00813,CMP-0236,Enterprise,2023-10-25,Finance,17.7,21,29.2,22.9,2025-09-30,1,26,3,7,0
USR-00814,CMP-0334,Pro,2024-07-06,Marketing,6.1,4,20.6,6.0,2025-09-24,7,6,1,6,0
USR-00815,CMP-0376,Enterprise,2024-10-27,Media,16.1,13,5.0,16.9,2025-09-29,2,24,0,7,0
USR-00816,CMP-0459,Pro,2024-08-24,Healthcare,5.2,12,7.2,10.7,2025-09-26,5,10,1,7,0
USR-00817,CMP-0137,Enterprise,2024-07-23,Healthcare,10.7,23,38.9,23.5,2025-10-01,0,14,0,9,0
USR-00818,CMP-0588,Enterprise,2024-10-07,E-commerce,19.7,21,46.8,17.6,2025-09-29,2,25,1,6,0
USR-00819,CMP-0547,Free,2025-03-16,E-commerce,0.3,1,8.6,1.0,2025-10-01,0,0,0,6,1
USR-00820,CMP-0513,Enterprise,2023-12-24,Consulting,15.1,24,48.6,21.9,2025-09-30,1,27,3,8,0
USR-00821,CMP-0296,Free,2024-09-07,Healthcare,0.2,7,1.2,6.6,2025-09-20,11,0,4,1,1
USR-00822,CMP-0320,Enterprise,2023-11-09,Media,15.6,21,13.1,15.2,2025-10-01,0,24,3,7,0
USR-00823,CMP-0572,Pro,2025-02-06,Healthcare,8.8,8,19.2,8.9,2025-09-29,2,12,4,7,0
USR-00824,CMP-0349,Free,2025-01-02,Technology,3.6,1,6.8,4.1,2025-09-28,3,14,4,10,0
USR-00825,CMP-0229,Pro,2024-08-27,Logistics,4.8,7,21.7,12.4,2025-10-01,0,15,0,5,0
USR-00826,CMP-0270,Enterprise,2024-08-16,Healthcare,19.8,13,43.2,16.2,2025-09-30,1,26,2,7,0
USR-00827,CMP-0291,Free,2024-04-06,Manufacturing,7.1,5,1.0,10.7,2025-08-08,54,6,1,6,1
USR-00828,CMP-0165,Pro,2024-03-27,Consulting,14.5,16,32.3,18.0,2025-09-28,3,13,3,6,0
USR-00829,CMP-0005,Pro,2024-01-05,Marketing,10.9,12,20.0,13.6,2025-09-27,4,6,2,4,0
USR-00830,CMP-0379,Enterprise,2025-01-07,E-commerce,14.1,22,35.7,16.9,2025-09-28,3,15,1,5,0
USR-00831,CMP-0078,Pro,2025-03-16,Technology,21.6,7,34.2,9.0,2025-09-24,7,28,3,3,0
USR-00832,CMP-0410,Free,2025-03-22,E-commerce,7.8,5,2.9,8.8,2025-08-21,41,7,5,7,0
USR-00833,CMP-0574,Free,2024-11-23,Consulting,8.5,1,6.3,8.2,2025-09-04,27,13,2,2,1
USR-00834,CMP-0132,Pro,2025-03-02,Finance,7.1,10,32.9,13.1,2025-09-20,11,14,2,10,0
USR-00835,CMP-0042,Pro,2024-09-09,Technology,5.6,2,30.1,8.3,2025-09-10,21,14,1,5,1
USR-00836,CMP-0089,Enterprise,2024-09-18,Education,17.7,12,12.8,9.5,2025-10-01,0,23,3,9,0
USR-00837,CMP-0402,Free,2024-11-01,Technology,8.1,4,16.8,5.2,2025-09-18,13,20,4,2,0
USR-00838,CMP-0296,Pro,2025-01-17,Consulting,9.1,7,21.0,9.9,2025-09-16,15,13,3,7,0
USR-00839,CMP-0295,Free,2024-10-15,Marketing,7.4,1,6.8,7.3,2025-09-18,13,8,4,9,0
USR-00840,CMP-0526,Free,2024-06-20,Technology,12.6,4,45.0,5.8,2025-08-09,53,8,4,4,1
USR-00841,CMP-0422,Pro,2023-10-08,Consulting,7.3,12,16.0,12.4,2025-10-01,0,11,1,4,0
USR-00842,CMP-0023,Pro,2024-02-10,Media,12.4,14,21.4,16.3,2025-09-27,4,17,1,6,1
USR-00843,CMP-0575,Pro,2025-03-29,Logistics,19.0,9,19.8,6.8,2025-09-05,26,22,2,6,0
USR-00844,CMP-0143,Enterprise,2024-10-27,Healthcare,20.2,18,36.1,22.2,2025-09-30,1,24,1,6,0
USR-00845,CMP-0145,Pro,2024-08-08,Media,12.2,10,16.0,8.4,2025-09-22,9,16,1,10,0
USR-00846,CMP-0225,Enterprise,2024-02-07,Consulting,17.2,20,22.2,13.2,2025-10-01,0,22,1,8,0
USR-00847,CMP-0503,Enterprise,2023-10-17,Manufacturing,19.7,18,34.6,17.4,2025-09-28,3,26,0,9,0
USR-00848,CMP-0104,Pro,2025-01-25,Finance,15.7,12,35.7,17.7,2025-09-12,19,24,2,9,0
USR-00849,CMP-0039,Enterprise,2024-09-01,Healthcare,21.0,24,35.8,24.0,2025-09-30,1,24,1,10,0
USR-00850,CMP-0198,Pro,2024-12-22,Manufacturing,10.3,14,19.3,16.5,2025-10-01,0,10,0,4,0
USR-00851,CMP-0579,Free,2025-02-10,Marketing,10.6,2,5.3,4.7,2025-10-01,0,17,1,7,0
USR-00852,CMP-0391,Pro,2024-05-10,E-commerce,13.9,12,22.0,12.1,2025-09-16,15,17,0,5,0
USR-00853,CMP-0179,Free,2024-09-14,Education,0.6,3,12.3,1.0,2025-09-14,17,1,3,5,1
USR-00854,CMP-0554,Pro,2024-06-21,Healthcare,19.7,7,28.6,1.8,2025-10-01,0,22,4,4,0
USR-00855,CMP-0448,Pro,2025-02-19,Media,1.2,3,27.6,6.0,2025-10-01,0,3,0,10,0
USR-00856,CMP-0500,Free,2024-09-19,Finance,7.9,2,12.8,8.5,2025-09-09,22,8,2,3,0
USR-00857,CMP-0015,Free,2024-09-01,Manufacturing,7.1,1,23.4,4.8,2025-09-08,23,11,3,7,1
USR-00858,CMP-0289,Enterprise,2023-12-11,Consulting,20.4,15,27.5,16.9,2025-10-01,0,30,2,6,0
USR-00859,CMP-0478,Pro,2024-05-31,Healthcare,10.0,4,21.5,11.0,2025-09-29,2,11,2,6,0
USR-00860,CMP-0231,Free,2024-01-26,E-commerce,0.4,3,11.4,6.4,2025-09-10,21,12,1,8,1
USR-00861,CMP-0420,Pro,2024-05-08,Consulting,13.5,8,18.0,9.0,2025-09-26,5,12,2,7,0
USR-00862,CMP-0157,Pro,2025-03-09,Manufacturing,12.2,6,20.5,5.3,2025-09-10,21,19,0,5,1
USR-00863,CMP-0550,Pro,2024-10-21,Finance,11.2,12,15.2,18.7,2025-09-27,4,5,1,5,0
USR-00864,CMP-0441,Enterprise,2024-05-22,Technology,9.7,22,34.0,22.2,2025-09-28,3,20,1,8,0
USR-00865,CMP-0097,Pro,2024-07-05,E-commerce,7.0,11,27.3,9.0,2025-09-27,4,4,2,6,0
USR-00866,CMP-0411,Free,2024-03-18,Consulting,4.9,1,42.3,1.0,2025-08-22,40,9,0,2,0
USR-00867,CMP-0289,Enterprise,2024-04-05,E-commerce,16.4,20,36.0,22.8,2025-09-30,1,21,1,7,0
USR-00868,CMP-0254,Enterprise,2024-12-23,Marketing,24.7,25,33.0,19.9,2025-10-01,0,25,2,7,0
USR-00869,CMP-0196,Free,2023-11-19,Consulting,5.0,1,8.7,9.4,2025-09-26,5,12,4,6,0
USR-00870,CMP-0598,Free,2024-03-28,Healthcare,9.7,6,6.9,1.0,2025-09-05,26,25,3,8,1
USR-00871,CMP-0522,Free,2024-08-03,Technology,3.4,1,35.4,8.1,2025-09-22,9,3,1,7,0
USR-00872,CMP-0517,Pro,2024-10-18,Technology,9.2,15,13.3,16.5,2025-09-28,3,22,3,7,0
USR-00873,CMP-0118,Pro,2024-02-12,Education,9.6,9,28.9,10.6,2025-09-26,5,18,0,7,0
USR-00874,CMP-0159,Pro,2024-04-14,E-commerce,10.5,15,20.7,14.5,2025-09-30,1,15,1,7,0
USR-00875,CMP-0228,Enterprise,2023-12-14,Media,15.8,19,43.9,23.9,2025-10-01,0,27,1,9,0
USR-00876,CMP-0216,Pro,2024-12-01,Technology,14.7,17,18.6,18.7,2025-09-29,2,16,2,10,0
USR-00877,CMP-0015,Free,2023-10-16,Technology,2.5,7,19.0,5.9,2025-09-18,13,0,2,3,1
USR-00878,CMP-0157,Free,2024-02-28,Marketing,5.6,1,10.1,1.0,2025-09-14,17,6,1,4,0
USR-00879,CMP-0261,Pro,2023-11-05,Logistics,3.1,14,31.6,14.7,2025-09-19,12,12,4,9,0
USR-00880,CMP-0157,Free,2023-10-22,Marketing,0.3,5,1.5,7.0,2025-08-26,36,4,0,3,0
USR-00881,CMP-0047,Pro,2024-07-25,Marketing,12.0,9,13.2,5.6,2025-09-28,3,14,4,4,1
USR-00882,CMP-0324,Enterprise,2024-12-05,Logistics,12.7,18,40.4,17.2,2025-09-27,4,22,0,7,0
USR-00883,CMP-0130,Free,2025-03-04,E-commerce,2.1,2,5.3,2.9,2025-09-30,1,2,4,5,1
USR-00884,CMP-0411,Pro,2025-02-27,Consulting,10.1,12,23.5,12.6,2025-10-01,0,17,0,6,0
USR-00885,CMP-0095,Enterprise,2024-04-28,Finance,17.1,16,20.4,18.0,2025-10-01,0,29,2,8,0
USR-00886,CMP-0292,Pro,2025-03-23,Media,13.6,14,24.4,18.7,2025-09-27,4,16,2,6,0
USR-00887,CMP-0283,Free,2024-10-04,Technology,0.6,1,2.8,6.5,2025-09-28,3,3,2,4,1
USR-00888,CMP-0069,Pro,2024-07-14,Education,15.2,12,3.0,10.4,2025-09-29,2,24,1,3,1
USR-00889,CMP-0011,Free,2025-01-07,Media,0.3,3,11.6,6.5,2025-09-17,14,0,2,6,1
USR-00890,CMP-0254,Enterprise,2023-12-30,Consulting,26.4,20,25.5,19.2,2025-09-30,1,22,1,8,0
USR-00891,CMP-0550,Free,2025-02-18,Logistics,7.1,5,21.3,3.0,2025-09-20,11,13,4,5,0
USR-00892,CMP-0134,Pro,2024-03-09,Media,8.5,6,33.0,9.0,2025-09-28,3,23,1,7,0
USR-00893,CMP-0023,Pro,2024-12-07,Technology,11.4,15,32.8,20.6,2025-09-30,1,24,0,7,0
USR-00894,CMP-0346,Enterprise,2023-10-22,Media,25.6,20,44.1,19.1,2025-10-01,0,20,0,9,0
USR-00895,CMP-0302,Free,2024-01-14,Finance,2.8,7,3.2,3.8,2025-09-28,3,1,2,6,1
USR-00896,CMP-0363,Free,2025-02-18,Logistics,0.1,1,1.0,3.9,2025-10-01,0,7,2,2,0
USR-00897,CMP-0396,Free,2023-11-14,Media,13.1,1,20.1,1.0,2025-09-18,13,21,0,10,0
USR-00898,CMP-0218,Free,2023-10-27,Technology,4.6,4,17.3,8.8,2025-09-09,22,14,2,8,0
USR-00899,CMP-0141,Free,2025-04-02,Technology,1.1,2,1.3,6.2,2025-09-26,5,1,1,5,1
USR-00900,CMP-0210,Pro,2025-03-08,Media,13.7,12,33.9,12.1,2025-09-28,3,20,1,7,0
USR-00901,CMP-0460,Free,2024-03-20,E-commerce,1.3,2,10.6,3.6,2025-09-08,23,4,1,6,0
USR-00902,CMP-0356,Free,2024-10-30,Education,0.5,1,19.7,3.2,2025-09-28,3,3,4,3,1
USR-00903,CMP-0324,Enterprise,2023-11-11,Manufacturing,19.8,12,23.4,12.6,2025-10-01,0,25,1,9,0
USR-00904,CMP-0133,Free,2024-05-07,Marketing,19.4,6,1.5,5.5,2025-09-22,9,23,3,8,1
USR-00905,CMP-0127,Free,2024-12-12,Logistics,1.8,2,5.6,1.0,2025-09-17,14,6,4,5,0
USR-00906,CMP-0106,Free,2024-03-12,Manufacturing,10.2,1,1.0,7.2,2025-09-19,12,13,1,7,0
USR-00907,CMP-0378,Enterprise,2023-12-05,Consulting,10.1,18,33.6,16.2,2025-09-28,3,26,2,9,0
USR-00908,CMP-0051,Free,2024-07-29,Consulting,5.9,1,22.9,4.3,2025-10-01,0,8,5,6,1
USR-00909,CMP-0029,Enterprise,2024-05-25,Technology,17.0,18,34.7,18.3,2025-09-30,1,22,1,6,0
USR-00910,CMP-0462,Pro,2024-08-09,Consulting,8.1,12,31.5,13.6,2025-09-30,1,14,2,8,0
USR-00911,CMP-0296,Free,2024-08-14,E-commerce,0.9,7,1.0,5.1,2025-09-12,19,2,3,5,0
USR-00912,CMP-0297,Enterprise,2024-06-06,Education,18.6,19,35.9,13.2,2025-09-25,6,21,1,6,0
USR-00913,CMP-0407,Free,2024-05-06,Consulting,2.5,5,2.6,5.2,2025-09-27,4,1,1,8,1
USR-00914,CMP-0405,Free,2024-12-13,Finance,1.0,1,3.0,5.0,2025-09-30,1,3,1,6,1
USR-00915,CMP-0346,Enterprise,2024-04-08,Education,16.1,12,47.4,10.4,2025-10-01,0,27,2,7,0
USR-00916,CMP-0420,Pro,2024-12-29,E-commerce,18.8,11,18.3,10.7,2025-10-01,0,21,0,10,0
USR-00917,CMP-0182,Pro,2025-03-20,Manufacturing,11.8,15,11.9,21.4,2025-09-29,2,15,0,5,0
USR-00918,CMP-0001,Free,2024-03-25,Education,0.5,8,1.0,3.9,2025-09-21,10,2,3,3,0
USR-00919,CMP-0567,Pro,2024-03-11,Education,7.5,9,18.1,7.9,2025-09-06,25,12,3,7,0
USR-00920,CMP-0371,Enterprise,2024-08-31,Manufacturing,16.2,16,36.1,21.5,2025-09-30,1,27,3,7,0
USR-00921,CMP-0431,Free,2024-03-02,E-commerce,9.8,1,5.9,3.7,2025-09-28,3,27,1,4,0
USR-00922,CMP-0309,Free,2024-07-19,Consulting,12.9,1,13.0,1.7,2025-09-29,2,25,3,9,0
USR-00923,CMP-0137,Free,2024-05-20,Technology,8.8,1,11.5,7.3,2025-09-29,2,11,2,2,0
USR-00924,CMP-0202,Free,2024-09-21,Logistics,2.0,2,1.5,4.8,2025-09-29,2,0,1,6,1
USR-00925,CMP-0436,Enterprise,2023-12-14,Manufacturing,15.4,25,33.2,22.0,2025-09-27,4,26,1,8,0
USR-00926,CMP-0313,Pro,2024-02-12,Manufacturing,13.8,12,25.4,13.2,2025-10-01,0,6,2,6,0
USR-00927,CMP-0117,Enterprise,2023-12-17,Manufacturing,9.5,22,29.1,18.6,2025-09-14,17,18,0,9,0
USR-00928,CMP-0575,Free,2023-10-09,Manufacturing,6.4,1,12.8,1.0,2025-09-21,10,8,3,10,0
USR-00929,CMP-0244,Pro,2024-08-17,Logistics,12.5,14,16.5,13.9,2025-09-26,5,24,2,7,0
USR-00930,CMP-0537,Free,2023-11-01,Logistics,8.9,2,1.0,1.6,2025-09-25,6,21,5,7,1
USR-00931,CMP-0075,Free,2024-09-17,Consulting,9.4,2,3.4,4.6,2025-09-15,16,9,1,5,0
USR-00932,CMP-0386,Free,2025-03-15,Media,5.7,1,1.0,4.9,2025-09-23,8,15,0,5,0
USR-00933,CMP-0210,Free,2024-05-29,Media,15.4,4,2.6,8.8,2025-09-26,5,26,3,6,0
USR-00934,CMP-0475,Pro,2024-01-27,Healthcare,10.8,15,20.4,18.4,2025-09-29,2,10,0,7,0
USR-00935,CMP-0418,Enterprise,2024-03-30,Manufacturing,22.3,19,25.1,17.0,2025-09-24,7,25,2,6,0
USR-00936,CMP-0347,Pro,2025-01-17,Manufacturing,12.1,10,20.3,12.5,2025-09-29,2,23,1,9,0
USR-00937,CMP-0529,Free,2023-10-11,Education,17.2,1,1.1,5.3,2025-09-23,8,21,1,6,0
USR-00938,CMP-0179,Free,2024-06-24,Media,9.4,4,22.7,7.2,2025-09-25,6,24,2,5,0
USR-00939,CMP-0182,Free,2024-11-16,Consulting,1.9,3,8.8,4.0,2025-09-30,1,1,1,3,0
USR-00940,CMP-0025,Pro,2024-06-27,Technology,13.1,5,20.5,3.9,2025-09-30,1,23,1,7,0
USR-00941,CMP-0180,Pro,2024-07-21,Healthcare,5.1,19,26.3,19.7,2025-09-30,1,5,2,6,0
USR-00942,CMP-0501,Enterprise,2024-04-10,Healthcare,23.2,17,24.5,11.5,2025-09-28,3,21,0,8,0
USR-00943,CMP-0161,Free,2024-01-21,Consulting,0.5,5,9.6,6.2,2025-09-24,7,1,1,5,0
USR-00944,CMP-0177,Pro,2024-07-09,Technology,11.4,11,27.0,4.1,2025-09-21,10,15,2,5,0
USR-00945,CMP-0285,Pro,2024-11-22,Education,16.3,15,22.8,11.0,2025-09-23,8,26,1,10,0
USR-00946,CMP-0063,Pro,2024-12-22,Logistics,7.8,16,27.9,13.2,2025-09-30,1,12,1,5,0
USR-00947,CMP-0156,Pro,2024-12-31,Marketing,10.6,6,20.3,11.1,2025-09-26,5,21,3,5,0
USR-00948,CMP-0469,Pro,2023-12-12,Media,8.8,14,26.4,16.3,2025-09-22,9,16,1,8,0
USR-00949,CMP-0049,Pro,2024-08-07,Manufacturing,19.7,4,14.3,4.5,2025-09-24,7,25,0,7,0
USR-00950,CMP-0084,Free,2025-03-23,Consulting,0.9,1,12.2,6.0,2025-09-19,12,3,0,7,1
USR-00951,CMP-0361,Enterprise,2024-11-09,Media,10.9,17,18.4,19.3,2025-09-27,4,14,0,8,0
USR-00952,CMP-0148,Free,2024-12-31,Manufacturing,9.9,1,8.3,3.3,2025-10-01,0,24,2,3,0
USR-00953,CMP-0342,Pro,2024-06-16,Marketing,16.1,16,14.0,11.6,2025-09-22,9,28,1,8,0
USR-00954,CMP-0476,Pro,2025-03-11,Marketing,11.5,9,31.8,9.6,2025-09-29,2,14,0,5,0
USR-00955,CMP-0063,Pro,2024-07-07,Logistics,3.2,5,22.3,6.7,2025-09-26,5,12,2,9,0
USR-00956,CMP-0360,Enterprise,2023-11-17,E-commerce,16.7,18,21.6,13.7,2025-10-01,0,28,1,6,0
USR-00957,CMP-0561,Enterprise,2024-10-21,Marketing,13.1,15,23.7,16.1,2025-09-26,5,27,0,6,0
USR-00958,CMP-0327,Enterprise,2025-01-08,Media,18.4,20,35.2,19.8,2025-09-30,1,25,1,6,0
USR-00959,CMP-0141,Pro,2023-12-01,Finance,19.2,8,18.8,10.7,2025-09-24,7,23,1,7,0
USR-00960,CMP-0215,Pro,2024-11-15,Finance,3.3,8,11.5,10.2,2025-09-20,11,6,2,6,0
USR-00961,CMP-0435,Pro,2024-12-23,Manufacturing,8.0,3,8.4,7.6,2025-09-16,15,13,2,7,1
USR-00962,CMP-0318,Enterprise,2024-08-22,Manufacturing,15.2,18,26.5,16.9,2025-09-28,3,22,0,7,0
USR-00963,CMP-0032,Pro,2024-06-15,E-commerce,10.1,11,23.6,12.4,2025-09-30,1,18,2,6,0
USR-00964,CMP-0285,Enterprise,2024-06-03,Finance,21.7,13,34.9,12.2,2025-09-26,5,22,0,7,0
USR-00965,CMP-0305,Enterprise,2024-07-25,Manufacturing,17.1,18,30.0,15.6,2025-09-29,2,24,3,5,0
USR-00966,CMP-0429,Pro,2024-10-07,Marketing,14.1,16,23.6,19.8,2025-09-25,6,20,1,4,0
USR-00967,CMP-0477,Free,2025-02-24,Manufacturing,5.3,8,1.3,3.3,2025-08-27,35,11,3,3,0
USR-00968,CMP-0286,Free,2023-11-02,Healthcare,0.4,1,24.8,6.4,2025-09-27,4,1,6,4,1
USR-00969,CMP-0144,Enterprise,2023-10-07,E-commerce,21.9,19,45.4,16.3,2025-10-01,0,23,0,10,0
USR-00970,CMP-0424,Free,2024-08-12,Consulting,3.8,2,22.9,2.3,2025-09-21,10,10,2,2,0
USR-00971,CMP-0019,Enterprise,2023-12-29,Technology,14.3,13,38.9,14.2,2025-09-27,4,10,1,6,0
USR-00972,CMP-0018,Pro,2024-08-20,Education,11.4,16,17.1,11.3,2025-09-27,4,13,0,3,0
USR-00973,CMP-0590,Pro,2023-12-09,Technology,15.7,14,21.4,11.8,2025-09-24,7,26,4,8,0
USR-00974,CMP-0371,Enterprise,2024-01-31,Technology,17.3,12,31.4,10.1,2025-09-30,1,21,0,7,0
USR-00975,CMP-0175,Pro,2025-03-14,Logistics,17.4,10,11.9,10.3,2025-09-25,6,28,2,4,0
USR-00976,CMP-0194,Pro,2024-04-27,Consulting,15.8,8,6.2,7.0,2025-09-19,12,27,4,6,0
USR-00977,CMP-0502,Pro,2025-02-24,Manufacturing,10.3,12,16.6,17.4,2025-09-30,1,16,2,5,0
USR-00978,CMP-0113,Free,2024-10-14,Logistics,9.4,1,6.3,9.2,2025-09-15,16,30,3,8,0
USR-00979,CMP-0114,Enterprise,2024-01-22,Technology,20.7,16,54.1,9.7,2025-09-27,4,28,1,6,0
USR-00980,CMP-0222,Free,2024-10-08,Healthcare,0.4,1,27.7,5.4,2025-09-23,8,3,2,9,1
USR-00981,CMP-0264,Enterprise,2024-11-23,Education,11.8,12,25.6,15.2,2025-09-30,1,13,0,8,0
USR-00982,CMP-0055,Enterprise,2024-04-19,Technology,16.2,18,35.2,19.0,2025-10-01,0,21,2,7,0
USR-00983,CMP-0458,Free,2023-10-28,Finance,0.4,3,14.5,3.4,2025-09-09,22,6,1,4,1
USR-00984,CMP-0162,Pro,2023-10-13,Consulting,13.8,11,31.4,11.1,2025-09-29,2,12,1,7,0
USR-00985,CMP-0380,Pro,2023-11-16,Consulting,19.2,15,26.5,12.8,2025-09-28,3,24,1,6,0
USR-00986,CMP-0087,Free,2025-01-11,Consulting,9.7,1,25.8,2.5,2025-09-26,5,13,1,3,0
USR-00987,CMP-0055,Enterprise,2023-12-28,E-commerce,8.7,23,30.1,17.8,2025-09-29,2,14,0,8,0
USR-00988,CMP-0476,Free,2024-04-27,E-commerce,18.3,1,10.1,3.5,2025-09-15,16,24,5,7,0
USR-00989,CMP-0178,Free,2024-06-29,Marketing,2.9,1,1.1,1.0,2025-09-11,20,2,2,8,1
USR-00990,CMP-0391,Pro,2024-07-16,Media,3.6,13,23.2,12.8,2025-09-28,3,7,6,6,0
USR-00991,CMP-0349,Pro,2024-10-21,Education,22.5,14,23.7,10.5,2025-09-24,7,25,0,9,0
USR-00992,CMP-0008,Pro,2024-06-16,Logistics,12.1,9,18.9,10.8,2025-09-23,8,20,2,7,0
USR-00993,CMP-0313,Pro,2023-11-13,Manufacturing,2.2,7,24.6,6.6,2025-09-29,2,15,3,6,0
USR-00994,CMP-0443,Pro,2024-08-22,Technology,18.0,12,25.2,13.5,2025-10-01,0,25,1,5,0
USR-00995,CMP-0328,Pro,2024-10-17,Media,8.2,13,10.6,16.6,2025-09-16,15,25,0,8,0
USR-00996,CMP-0054,Free,2024-01-13,Manufacturing,3.9,6,3.1,12.6,2025-09-16,15,21,4,1,0
USR-00997,CMP-0239,Free,2023-11-20,Logistics,10.5,1,10.8,1.0,2025-09-17,14,16,2,8,1
USR-00998,CMP-0229,Free,2023-10-26,Media,3.9,1,9.4,1.3,2025-10-01,0,3,2,5,1
USR-00999,CMP-0579,Free,2024-03-22,Manufacturing,1.4,6,1.1,6.9,2025-09-08,23,0,2,4,0
USR-01000,CMP-0051,Pro,2024-09-16,Healthcare,12.9,16,26.8,17.2,2025-09-26,5,15,1,5,0
USR-01001,CMP-0264,Free,2024-07-29,E-commerce,1.2,3,1.8,1.0,2025-09-05,26,5,4,4,1
USR-01002,CMP-0418,Free,2024-02-21,Logistics,4.9,3,9.1,2.5,2025-08-11,51,9,1,7,1
USR-01003,CMP-0096,Free,2024-12-01,Education,2.2,5,4.2,7.4,2025-08-18,44,3,4,6,1
USR-01004,CMP-0088,Enterprise,2024-12-13,Finance,23.8,22,37.2,20.9,2025-09-26,5,19,0,7,0
USR-01005,CMP-0078,Enterprise,2024-11-19,Healthcare,17.2,14,17.0,15.3,2025-10-01,0,26,0,7,0
USR-01006,CMP-0288,Pro,2023-11-26,E-commerce,18.0,6,19.3,9.1,2025-09-16,15,28,3,7,0
USR-01007,CMP-0120,Enterprise,2024-11-06,Consulting,15.6,16,32.8,16.8,2025-10-01,0,21,0,10,0
USR-01008,CMP-0491,Enterprise,2024-04-27,E-commerce,19.3,21,34.3,20.4,2025-09-26,5,24,0,10,0
USR-01009,CMP-0452,Pro,2024-05-19,Media,13.0,19,22.3,18.4,2025-09-29,2,19,3,9,0
USR-01010,CMP-0500,Free,2023-10-21,Marketing,8.3,15,6.9,17.0,2025-09-18,13,28,4,3,1
USR-01011,CMP-0165,Pro,2024-06-20,Healthcare,11.8,13,23.1,6.7,2025-10-01,0,28,1,8,0
USR-01012,CMP-0182,Pro,2023-12-03,Consulting,9.5,4,28.1,10.8,2025-09-21,10,11,3,5,0
USR-01013,CMP-0469,Pro,2023-11-30,Media,8.2,5,4.0,1.0,2025-10-01,0,16,5,6,0
USR-01014,CMP-0007,Pro,2024-07-27,Logistics,17.9,13,9.9,10.2,2025-09-28,3,25,0,9,0
USR-01015,CMP-0330,Pro,2025-01-18,Education,5.3,13,11.6,12.7,2025-09-20,11,12,2,6,0
USR-01016,CMP-0151,Pro,2024-03-09,E-commerce,16.0,10,8.0,13.0,2025-09-23,8,25,2,6,0
USR-01017,CMP-0085,Enterprise,2024-02-18,Logistics,22.1,24,32.2,13.2,2025-10-01,0,22,0,7,0
USR-01018,CMP-0147,Free,2024-10-14,Consulting,3.6,1,2.0,3.7,2025-09-24,7,6,2,3,1
USR-01019,CMP-0381,Pro,2024-09-16,Media,10.7,15,31.5,17.4,2025-10-01,0,10,0,6,0
USR-01020,CMP-0548,Pro,2024-08-31,Marketing,18.6,13,23.6,16.4,2025-09-24,7,18,0,8,0
USR-01021,CMP-0285,Pro,2024-03-25,E-commerce,12.9,7,24.8,6.5,2025-09-07,24,10,3,8,1
USR-01022,CMP-0082,Pro,2025-03-25,Education,6.9,2,31.4,3.7,2025-09-24,7,14,5,7,0
USR-01023,CMP-0514,Free,2025-03-24,Marketing,15.2,15,26.5,13.2,2025-09-28,3,27,1,8,0
USR-01024,CMP-0523,Pro,2024-01-26,Manufacturing,13.8,8,24.6,8.2,2025-09-28,3,20,1,3,0
USR-01025,CMP-0386,Free,2024-03-28,Media,5.2,1,3.5,1.0,2025-08-10,52,9,4,5,1
USR-01026,CMP-0471,Pro,2024-07-06,Logistics,18.8,18,21.7,14.7,2025-09-30,1,24,1,5,0
USR-01027,CMP-0119,Pro,2023-11-13,E-commerce,11.4,8,27.5,10.7,2025-09-26,5,16,3,10,0
USR-01028,CMP-0396,Pro,2024-11-24,E-commerce,15.6,12,11.7,13.0,2025-09-28,3,20,1,6,0
USR-01029,CMP-0532,Free,2024-05-21,Consulting,2.0,7,4.8,10.1,2025-09-11,20,1,5,7,0
USR-01030,CMP-0261,Pro,2024-10-19,Education,10.0,10,10.2,11.6,2025-09-17,14,21,1,8,0
USR-01031,CMP-0256,Free,2024-03-04,Finance,2.7,2,9.6,6.7,2025-09-26,5,4,3,4,0
USR-01032,CMP-0226,Enterprise,2024-10-07,Manufacturing,8.1,24,44.5,24.8,2025-09-28,3,12,0,9,0
USR-01033,CMP-0053,Enterprise,2025-02-06,Marketing,22.9,16,41.0,10.6,2025-09-29,2,26,4,9,0
USR-01034,CMP-0500,Enterprise,2023-12-12,Healthcare,16.8,20,53.6,16.4,2025-10-01,0,26,0,9,0
USR-01035,CMP-0506,Enterprise,2024-01-01,Healthcare,19.0,19,32.9,17.5,2025-10-01,0,27,1,7,0
USR-01036,CMP-0364,Pro,2025-02-03,E-commerce,5.3,13,19.9,13.3,2025-09-26,5,15,6,4,0
USR-01037,CMP-0280,Free,2024-04-01,Consulting,0.1,1,3.4,1.8,2025-09-29,2,0,3,10,0
USR-01038,CMP-0593,Free,2024-12-05,Technology,7.2,1,22.1,6.5,2025-09-08,23,5,2,4,0
USR-01039,CMP-0158,Pro,2023-10-07,E-commerce,21.2,9,36.5,16.1,2025-10-01,0,21,0,9,0
USR-01040,CMP-0059,Pro,2025-03-19,Healthcare,18.0,15,23.5,15.6,2025-10-01,0,24,2,6,0
USR-01041,CMP-0128,Enterprise,2023-11-26,Healthcare,17.0,14,31.8,14.5,2025-09-30,1,24,3,10,0
USR-01042,CMP-0115,Free,2023-11-25,Manufacturing,4.9,2,31.8,7.1,2025-09-30,1,8,0,4,1
USR-01043,CMP-0209,Enterprise,2023-11-17,Logistics,16.0,21,29.6,14.2,2025-09-30,1,26,0,8,0
USR-01044,CMP-0526,Pro,2023-10-21,Technology,22.0,6,14.7,7.9,2025-09-28,3,21,1,10,0
USR-01045,CMP-0521,Pro,2024-05-25,E-commerce,17.9,8,13.7,12.3,2025-09-23,8,22,1,3,0
USR-01046,CMP-0552,Free,2025-01-26,Manufacturing,4.0,1,2.2,1.9,2025-08-20,42,11,3,8,1
USR-01047,CMP-0237,Free,2024-10-26,Consulting,1.6,2,1.4,1.0,2025-09-12,19,0,0,5,0
USR-01048,CMP-0281,Pro,2024-11-11,Manufacturing,9.2,17,27.3,16.0,2025-09-30,1,17,1,8,0
USR-01049,CMP-0359,Pro,2024-03-16,E-commerce,10.0,8,12.0,9.2,2025-09-12,19,7,2,6,0
USR-01050,CMP-0201,Free,2024-07-10,Media,9.5,6,6.1,5.1,2025-09-25,6,19,2,9,0
USR-01051,CMP-0278,Pro,2024-01-07,Finance,6.1,10,13.8,17.3,2025-09-27,4,11,0,5,0
USR-01052,CMP-0235,Enterprise,2023-11-04,E-commerce,20.2,18,36.5,16.0,2025-09-30,1,22,0,8,0
USR-01053,CMP-0494,Enterprise,2024-04-20,Education,18.9,15,40.9,11.5,2025-10-01,0,27,1,9,0
USR-01054,CMP-0004,Enterprise,2024-12-16,Healthcare,17.2,18,41.3,17.1,2025-09-25,6,22,1,6,0
USR-01055,CMP-0442,Free,2023-12-09,Technology,6.8,3,1.0,8.1,2025-09-26,5,13,1,5,0
USR-01056,CMP-0029,Free,2024-02-23,Technology,5.4,4,4.8,6.3,2025-09-19,12,10,1,2,0
USR-01057,CMP-0109,Pro,2025-02-13,Logistics,4.4,14,25.6,15.7,2025-09-30,1,4,0,6,0
USR-01058,CMP-0075,Pro,2024-02-27,Finance,9.0,10,24.1,8.4,2025-09-20,11,16,1,10,0
USR-01059,CMP-0146,Free,2023-12-16,Education,19.4,9,2.7,14.7,2025-09-11,20,25,3,8,1
USR-01060,CMP-0128,Free,2025-01-08,Healthcare,8.0,6,6.1,9.5,2025-09-27,4,11,3,7,0
USR-01061,CMP-0042,Pro,2025-01-27,Technology,16.1,14,18.3,17.3,2025-09-23,8,28,3,7,0
USR-01062,CMP-0356,Free,2025-02-22,Education,7.1,9,7.4,11.3,2025-09-14,17,14,2,1,1
USR-01063,CMP-0041,Free,2025-02-07,Manufacturing,1.8,1,1.0,6.3,2025-09-20,11,5,1,5,1
USR-01064,CMP-0034,Free,2024-09-21,Logistics,2.8,6,12.5,5.2,2025-09-19,12,3,4,7,1
USR-01065,CMP-0017,Free,2025-02-02,E-commerce,1.0,1,7.8,2.3,2025-09-20,11,1,3,4,0
USR-01066,CMP-0153,Pro,2024-07-16,E-commerce,9.7,5,12.8,11.0,2025-10-01,0,16,2,7,0
USR-01067,CMP-0378,Pro,2024-12-14,Media,13.6,14,17.7,18.9,2025-09-24,7,16,2,4,1
USR-01068,CMP-0588,Pro,2024-10-09,Healthcare,9.1,14,28.2,10.8,2025-09-27,4,11,1,4,0
USR-01069,CMP-0599,Free,2025-03-10,Education,1.6,10,23.4,11.7,2025-09-23,8,1,2,10,1
USR-01070,CMP-0342,Free,2024-02-20,Marketing,8.6,1,45.0,2.5,2025-09-04,27,19,4,10,0
USR-01071,CMP-0027,Pro,2023-10-22,Technology,19.0,13,24.4,11.3,2025-10-01,0,18,1,6,0
USR-01072,CMP-0287,Pro,2024-05-23,Consulting,11.4,11,32.4,12.7,2025-09-29,2,20,0,5,0
USR-01073,CMP-0168,Pro,2023-10-21,Consulting,15.4,14,26.6,17.6,2025-10-01,0,23,2,5,0
USR-01074,CMP-0268,Free,2024-12-20,E-commerce,2.1,3,12.5,6.8,2025-10-01,0,0,4,6,1
USR-01075,CMP-0455,Enterprise,2023-12-28,Marketing,21.7,14,24.9,13.2,2025-10-01,0,30,1,10,0
USR-01076,CMP-0401,Free,2024-08-02,Consulting,3.0,1,42.3,5.3,2025-07-31,62,2,4,3,0
USR-01077,CMP-0476,Pro,2025-01-14,Finance,13.8,12,8.2,11.5,2025-09-29,2,17,3,7,0
USR-01078,CMP-0558,Pro,2024-03-05,Finance,12.4,4,24.5,7.4,2025-09-24,7,16,3,7,1
USR-01079,CMP-0576,Pro,2023-10-31,Healthcare,14.8,13,17.8,17.6,2025-10-01,0,6,1,10,0
USR-01080,CMP-0130,Free,2024-07-15,Marketing,1.6,3,7.8,1.0,2025-09-19,12,7,0,6,1
USR-01081,CMP-0363,Pro,2024-07-05,Finance,10.9,15,14.2,17.4,2025-09-02,29,25,0,4,0
USR-01082,CMP-0292,Enterprise,2024-10-15,Finance,29.4,10,43.6,6.4,2025-09-30,1,26,0,9,0
USR-01083,CMP-0371,Free,2024-07-14,E-commerce,1.6,1,1.0,7.5,2025-09-05,26,2,0,5,0
USR-01084,CMP-0029,Free,2025-03-10,Consulting,1.6,2,5.6,2.7,2025-07-09,84,1,3,3,0
USR-01085,CMP-0149,Free,2023-12-23,Healthcare,0.6,1,14.4,1.0,2025-09-19,12,7,2,8,0
USR-01086,CMP-0296,Enterprise,2023-12-16,Education,14.3,17,31.2,18.7,2025-09-30,1,25,0,7,0
USR-01087,CMP-0011,Free,2024-04-14,Manufacturing,0.6,1,30.6,4.9,2025-09-16,15,4,3,6,1
USR-01088,CMP-0512,Enterprise,2025-03-10,Technology,24.1,10,34.6,8.0,2025-09-26,5,30,1,8,0
USR-01089,CMP-0113,Pro,2025-03-02,Technology,8.5,5,24.0,3.2,2025-09-30,1,20,2,6,0
USR-01090,CMP-0187,Enterprise,2024-07-15,Logistics,13.7,18,42.5,16.8,2025-09-30,1,21,1,6,0
USR-01091,CMP-0227,Enterprise,2024-11-18,Manufacturing,19.2,15,48.0,11.4,2025-09-30,1,24,0,8,0
USR-01092,CMP-0310,Pro,2023-12-30,Manufacturing,13.5,8,22.4,6.2,2025-09-29,2,10,1,4,0
USR-01093,CMP-0098,Free,2024-10-19,Technology,16.2,11,1.4,12.1,2025-09-04,27,25,0,7,0
USR-01094,CMP-0055,Free,2025-01-14,Technology,5.5,1,20.5,1.0,2025-09-24,7,11,3,3,0
USR-01095,CMP-0406,Free,2024-02-23,Education,1.0,7,4.4,9.9,2025-09-26,5,11,1,2,0
USR-01096,CMP-0069,Pro,2025-02-18,Marketing,17.4,12,8.7,17.1,2025-09-25,6,26,1,9,0
USR-01097,CMP-0312,Free,2025-02-11,Marketing,3.2,1,9.8,3.4,2025-09-28,3,14,2,5,0
USR-01098,CMP-0289,Free,2023-12-16,Education,5.2,8,1.7,9.8,2025-09-28,3,4,5,0,1
USR-01099,CMP-0548,Pro,2025-03-20,Consulting,10.1,17,15.3,22.7,2025-09-26,5,12,2,6,0
USR-01100,CMP-0148,Enterprise,2024-04-10,Manufacturing,15.2,14,29.9,10.6,2025-09-30,1,22,1,8,0
USR-01101,CMP-0467,Free,2023-12-05,Media,2.8,2,7.0,8.2,2025-09-27,4,6,4,7,1
USR-01102,CMP-0244,Free,2023-11-20,Manufacturing,3.3,1,6.8,7.0,2025-10-01,0,17,3,3,1
USR-01103,CMP-0491,Free,2024-11-15,Logistics,0.7,5,1.9,9.6,2025-09-21,10,5,2,3,1
USR-01104,CMP-0507,Enterprise,2024-01-14,Technology,22.7,17,27.0,20.5,2025-09-26,5,28,0,8,0
USR-01105,CMP-0365,Pro,2024-06-19,Manufacturing,20.4,9,32.8,11.0,2025-09-18,13,21,6,9,0
USR-01106,CMP-0482,Free,2024-09-08,Technology,1.7,5,2.1,5.3,2025-09-28,3,2,2,2,1
USR-01107,CMP-0201,Free,2023-12-17,Manufacturing,0.1,1,4.0,7.1,2025-09-19,12,1,5,2,1
USR-01108,CMP-0154,Free,2024-02-17,Logistics,0.4,1,8.3,7.2,2025-09-04,27,2,2,8,1
USR-01109,CMP-0450,Free,2024-02-03,Consulting,2.5,5,13.0,10.3,2025-09-24,7,9,4,8,1
USR-01110,CMP-0501,Enterprise,2024-03-30,Media,16.1,18,62.2,17.5,2025-09-23,8,20,1,6,0
USR-01111,CMP-0073,Enterprise,2024-06-19,Finance,12.8,8,15.8,7.3,2025-09-25,6,13,1,7,0
USR-01112,CMP-0296,Pro,2024-01-29,Education,15.9,6,23.7,8.4,2025-09-30,1,21,1,10,0
USR-01113,CMP-0017,Enterprise,2024-07-11,Education,28.7,14,39.9,17.0,2025-10-01,0,23,0,9,0
USR-01114,CMP-0217,Free,2024-11-05,Media,1.3,5,1.0,10.1,2025-09-29,2,3,6,5,1
USR-01115,CMP-0061,Pro,2024-07-24,Manufacturing,17.7,8,39.6,8.1,2025-09-30,1,25,1,9,0
USR-01116,CMP-0042,Enterprise,2024-04-17,Finance,10.1,10,41.3,11.9,2025-09-24,7,16,0,7,0
USR-01117,CMP-0025,Free,2024-03-24,Logistics,9.9,2,45.0,1.0,2025-08-25,37,20,1,5,0
USR-01118,CMP-0039,Pro,2024-04-12,Marketing,13.7,13,32.0,16.4,2025-10-01,0,11,1,6,0
USR-01119,CMP-0131,Free,2024-03-31,Manufacturing,2.2,4,5.2,3.9,2025-09-19,12,0,1,7,1
USR-01120,CMP-0498,Free,2024-08-21,Consulting,2.3,2,3.9,7.0,2025-09-20,11,15,4,7,1
USR-01121,CMP-0229,Free,2024-06-06,Technology,10.6,6,6.2,4.4,2025-09-25,6,24,1,6,1
USR-01122,CMP-0108,Pro,2024-03-12,Healthcare,19.9,12,25.7,15.7,2025-09-25,6,24,0,8,0
USR-01123,CMP-0172,Pro,2024-03-24,Manufacturing,18.3,9,18.9,11.2,2025-09-11,20,27,6,9,0
USR-01124,CMP-0435,Enterprise,2024-12-08,Healthcare,23.7,18,25.3,15.1,2025-10-01,0,27,1,8,0
USR-01125,CMP-0478,Pro,2025-03-31,Manufacturing,12.5,17,19.8,18.7,2025-10-01,0,12,0,7,0
USR-01126,CMP-0102,Enterprise,2024-01-17,Media,15.7,17,32.4,14.8,2025-10-01,0,27,1,8,0
USR-01127,CMP-0524,Enterprise,2024-04-18,Healthcare,13.1,14,47.0,16.4,2025-09-30,1,10,3,9,0
USR-01128,CMP-0275,Free,2023-10-20,Manufacturing,1.6,9,6.8,9.4,2025-09-26,5,0,3,3,1
USR-01129,CMP-0044,Pro,2024-12-02,Education,11.8,5,27.6,1.8,2025-09-28,3,11,5,7,0
USR-01130,CMP-0017,Free,2024-07-02,Healthcare,11.1,7,45.0,5.7,2025-09-22,9,16,2,0,0
USR-01131,CMP-0330,Pro,2024-03-07,Manufacturing,1.0,7,13.5,7.3,2025-09-22,9,15,0,6,0
USR-01132,CMP-0569,Enterprise,2024-04-10,Marketing,24.3,21,13.2,23.9,2025-09-30,1,22,1,10,0
USR-01133,CMP-0497,Free,2023-12-23,Technology,0.4,1,25.4,6.5,2025-09-26,5,3,3,3,0
USR-01134,CMP-0012,Pro,2025-02-07,Marketing,17.0,13,17.4,18.3,2025-09-19,12,23,4,3,0
USR-01135,CMP-0318,Pro,2024-07-28,Finance,17.3,4,22.6,11.2,2025-09-18,13,30,2,5,0
USR-01136,CMP-0592,Pro,2024-11-06,Manufacturing,13.1,13,9.3,11.8,2025-09-30,1,19,2,8,0
USR-01137,CMP-0216,Free,2024-01-09,E-commerce,2.8,3,33.7,4.8,2025-09-26,5,3,5,5,1
USR-01138,CMP-0339,Free,2024-10-25,Consulting,4.5,3,9.1,4.2,2025-09-07,24,10,5,2,1
USR-01139,CMP-0081,Free,2024-12-06,Marketing,1.3,1,10.1,1.8,2025-09-30,1,0,5,8,0
USR-01140,CMP-0485,Free,2024-04-19,Healthcare,14.2,1,12.5,1.0,2025-09-26,5,19,2,6,1
USR-01141,CMP-0374,Free,2024-12-27,Media,4.4,1,14.7,3.8,2025-09-23,8,9,2,2,1
USR-01142,CMP-0200,Pro,2024-10-20,Consulting,24.1,7,8.0,4.7,2025-09-30,1,29,1,6,0
USR-01143,CMP-0537,Free,2023-11-08,E-commerce,1.9,1,10.1,3.7,2025-09-29,2,0,3,10,0
USR-01144,CMP-0466,Enterprise,2024-02-29,Logistics,24.8,20,39.9,25.3,2025-09-30,1,19,0,7,0
USR-01145,CMP-0089,Pro,2024-04-05,Manufacturing,10.9,12,19.2,11.1,2025-09-22,9,12,1,3,0
USR-01146,CMP-0268,Pro,2024-05-14,Media,9.5,10,29.3,11.6,2025-09-19,12,12,0,7,0
USR-01147,CMP-0571,Pro,2024-08-01,Manufacturing,7.9,12,29.0,15.3,2025-09-04,27,11,5,7,0
USR-01148,CMP-0489,Pro,2024-01-27,Finance,6.2,7,21.9,9.4,2025-10-01,0,9,4,9,0
USR-01149,CMP-0538,Enterprise,2025-01-02,E-commerce,23.7,21,23.0,20.7,2025-10-01,0,27,1,7,0
USR-01150,CMP-0047,Free,2024-07-11,Manufacturing,7.9,1,8.7,2.7,2025-09-12,19,8,4,6,0
USR-01151,CMP-0288,Free,2024-05-19,Healthcare,0.7,4,4.0,5.5,2025-09-21,10,15,2,6,1
USR-01152,CMP-0016,Pro,2025-02-02,Finance,2.9,5,25.8,4.1,2025-09-29,2,1,1,6,1
USR-01153,CMP-0401,Free,2024-06-09,Education,1.3,1,12.8,6.3,2025-09-28,3,0,2,6,1
USR-01154,CMP-0086,Free,2024-02-27,Logistics,4.8,1,45.0,1.0,2025-09-27,4,11,3,7,1
USR-01155,CMP-0250,Free,2024-06-06,E-commerce,3.6,12,3.0,15.5,2025-09-24,7,7,3,6,1
USR-01156,CMP-0391,Free,2024-07-26,Technology,23.9,6,13.3,3.6,2025-09-29,2,23,5,7,0
USR-01157,CMP-0335,Pro,2023-12-14,Media,17.0,10,27.0,13.9,2025-09-08,23,23,0,2,0
USR-01158,CMP-0519,Free,2024-04-01,Marketing,20.4,2,8.0,3.5,2025-09-30,1,23,1,1,1
USR-01159,CMP-0137,Enterprise,2024-10-27,Manufacturing,13.7,20,26.2,15.3,2025-09-19,12,12,1,8,0
USR-01160,CMP-0498,Enterprise,2024-10-21,Media,28.2,15,30.1,16.7,2025-09-26,5,24,2,8,0
USR-01161,CMP-0477,Pro,2024-09-12,Media,22.0,10,23.7,13.8,2025-09-28,3,28,2,4,0
USR-01162,CMP-0594,Pro,2024-07-12,Technology,11.5,9,29.0,8.9,2025-09-22,9,25,2,6,0
USR-01163,CMP-0223,Enterprise,2024-11-18,Technology,16.5,21,36.8,22.0,2025-09-28,3,28,1,6,0
USR-01164,CMP-0372,Free,2024-04-02,Finance,0.4,1,2.5,1.0,2025-09-28,3,5,1,6,0
USR-01165,CMP-0402,Enterprise,2024-01-18,E-commerce,14.5,16,47.9,11.8,2025-09-30,1,25,2,6,0
USR-01166,CMP-0443,Enterprise,2025-03-19,Healthcare,25.5,17,23.8,20.5,2025-09-29,2,30,0,8,0
USR-01167,CMP-0490,Pro,2025-01-27,Logistics,11.6,7,9.7,7.9,2025-09-24,7,25,1,9,0
USR-01168,CMP-0273,Pro,2024-11-23,Technology,1.5,14,21.9,8.6,2025-09-26,5,1,1,5,1
USR-01169,CMP-0526,Free,2024-01-31,Technology,0.4,2,33.2,2.5,2025-09-23,8,1,4,2,0
USR-01170,CMP-0159,Pro,2024-06-01,Marketing,11.1,5,23.3,4.2,2025-09-27,4,22,2,5,0
USR-01171,CMP-0152,Enterprise,2024-10-13,Education,9.5,14,31.6,13.7,2025-09-29,2,19,0,6,0
USR-01172,CMP-0188,Free,2024-02-18,Technology,4.8,1,2.5,2.7,2025-09-24,7,3,2,5,1
USR-01173,CMP-0098,Enterprise,2024-12-29,Education,19.9,17,34.3,17.1,2025-09-29,2,26,3,5,0
USR-01174,CMP-0131,Free,2024-11-02,Finance,18.9,6,29.1,7.6,2025-09-01,30,18,2,9,0
USR-01175,CMP-0171,Free,2024-08-06,Healthcare,0.6,8,1.0,13.5,2025-09-17,14,2,1,2,1
USR-01176,CMP-0183,Free,2024-06-05,Media,1.2,1,7.9,5.1,2025-09-14,17,7,1,2,1
USR-01177,CMP-0364,Free,2024-06-24,Technology,3.2,1,1.0,5.2,2025-09-19,12,10,3,5,1
USR-01178,CMP-0039,Pro,2025-03-09,Manufacturing,10.5,12,18.1,16.1,2025-09-24,7,14,0,6,0
USR-01179,CMP-0527,Free,2024-02-28,Education,24.2,5,19.6,5.8,2025-09-19,12,19,1,8,0
USR-01180,CMP-0497,Enterprise,2024-04-10,Marketing,21.5,15,32.5,11.2,2025-10-01,0,28,0,7,0
USR-01181,CMP-0516,Pro,2025-02-04,Logistics,17.6,17,28.9,20.2,2025-08-08,54,29,2,6,1
USR-01182,CMP-0349,Free,2024-09-15,Marketing,7.5,4,11.7,6.6,2025-10-01,0,8,3,7,0
USR-01183,CMP-0397,Pro,2024-03-31,Technology,15.4,7,23.6,9.0,2025-09-28,3,26,2,8,0
USR-01184,CMP-0161,Enterprise,2023-10-20,E-commerce,25.1,19,35.1,16.3,2025-10-01,0,23,1,5,0
USR-01185,CMP-0016,Pro,2024-11-04,Media,12.8,13,25.9,11.5,2025-10-01,0,19,2,7,0
USR-01186,CMP-0493,Free,2024-12-24,Healthcare,4.5,3,10.2,7.9,2025-09-09,22,13,2,10,1
USR-01187,CMP-0426,Enterprise,2024-01-15,Manufacturing,21.0,17,29.5,19.6,2025-09-30,1,26,0,7,0
USR-01188,CMP-0108,Enterprise,2024-08-19,E-commerce,8.8,16,61.7,18.2,2025-09-27,4,24,0,8,0
USR-01189,CMP-0450,Free,2024-12-01,Marketing,3.8,1,18.7,6.2,2025-09-27,4,12,2,8,0
USR-01190,CMP-0311,Free,2024-08-12,Education,8.7,3,10.3,7.1,2025-09-27,4,18,3,6,1
USR-01191,CMP-0170,Pro,2024-10-25,Education,11.7,11,26.7,12.2,2025-09-29,2,14,2,4,0
USR-01192,CMP-0546,Free,2024-04-17,E-commerce,7.2,5,2.1,6.5,2025-09-18,13,8,3,5,0
USR-01193,CMP-0414,Enterprise,2025-01-27,Education,19.4,17,41.2,20.2,2025-09-26,5,27,1,6,0
USR-01194,CMP-0251,Free,2024-10-14,Marketing,0.5,1,10.5,2.7,2025-09-23,8,0,3,2,0
USR-01195,CMP-0141,Enterprise,2024-07-18,E-commerce,15.0,13,38.7,14.5,2025-09-30,1,10,0,9,0
USR-01196,CMP-0274,Pro,2024-08-31,Marketing,18.4,11,11.4,9.4,2025-09-06,25,24,0,8,0
USR-01197,CMP-0416,Free,2024-12-02,Manufacturing,0.2,6,11.3,5.8,2025-09-30,1,7,2,9,0
USR-01198,CMP-0039,Free,2024-10-25,Media,2.3,3,45.0,4.7,2025-09-22,9,1,6,7,0
USR-01199,CMP-0029,Pro,2024-09-16,Logistics,7.4,11,20.6,9.4,2025-09-28,3,13,1,6,0
USR-01200,CMP-0477,Pro,2024-01-07,Manufacturing,13.3,15,16.2,17.4,2025-10-01,0,16,2,4,0
USR-01201,CMP-0318,Enterprise,2024-02-28,Manufacturing,18.9,20,38.6,15.0,2025-10-01,0,24,0,10,0
USR-01202,CMP-0245,Free,2023-12-30,Education,2.0,1,13.4,4.1,2025-10-01,0,1,2,7,0
USR-01203,CMP-0272,Free,2024-07-04,Technology,2.5,1,22.7,4.2,2025-09-02,29,2,0,7,1
USR-01204,CMP-0440,Free,2024-09-11,Consulting,6.8,1,3.9,1.0,2025-09-18,13,9,3,6,1
USR-01205,CMP-0239,Pro,2025-02-24,Education,13.9,12,24.7,11.3,2025-09-20,11,20,2,9,0
USR-01206,CMP-0377,Free,2024-07-06,Technology,4.6,3,1.0,6.2,2025-09-21,10,6,2,1,1
USR-01207,CMP-0266,Pro,2025-01-02,Marketing,6.9,15,29.4,16.3,2025-09-25,6,17,4,4,0
USR-01208,CMP-0359,Pro,2025-02-22,Consulting,19.9,14,30.5,13.6,2025-09-23,8,25,2,5,0
USR-01209,CMP-0340,Enterprise,2023-12-27,Education,19.4,17,23.5,18.6,2025-09-24,7,23,0,8,0
USR-01210,CMP-0389,Free,2024-03-22,Consulting,1.2,1,31.7,3.5,2025-09-30,1,0,1,4,0
USR-01211,CMP-0577,Free,2024-12-19,Consulting,2.7,4,1.0,6.2,2025-09-26,5,8,1,8,0
USR-01212,CMP-0003,Pro,2024-05-12,Finance,12.0,7,9.8,9.4,2025-09-23,8,14,2,6,0
USR-01213,CMP-0429,Pro,2025-01-30,Media,16.9,8,16.2,12.2,2025-09-09,22,29,3,10,0
USR-01214,CMP-0142,Free,2024-04-05,Finance,7.2,7,1.0,6.6,2025-08-07,55,6,4,9,0
USR-01215,CMP-0376,Enterprise,2023-12-08,Technology,14.1,14,45.5,12.7,2025-09-28,3,19,2,8,0
USR-01216,CMP-0324,Enterprise,2025-03-12,Healthcare,15.7,16,26.7,13.8,2025-10-01,0,27,1,5,0
USR-01217,CMP-0146,Free,2023-10-13,E-commerce,0.1,2,12.8,3.6,2025-09-30,1,6,6,7,0
USR-01218,CMP-0293,Free,2025-02-02,Logistics,2.8,1,12.3,8.1,2025-08-22,40,1,3,2,1
USR-01219,CMP-0432,Pro,2023-12-01,Healthcare,10.8,11,31.5,13.5,2025-09-28,3,20,0,5,0
USR-01220,CMP-0585,Pro,2024-07-06,E-commerce,12.8,12,34.1,9.2,2025-09-30,1,18,1,6,0
USR-01221,CMP-0399,Free,2024-08-19,Technology,3.2,1,8.7,2.0,2025-08-24,38,3,4,4,0
USR-01222,CMP-0344,Pro,2025-03-16,Technology,11.8,12,23.5,13.7,2025-10-01,0,24,2,8,0
USR-01223,CMP-0140,Pro,2025-04-02,Marketing,14.4,8,30.0,6.7,2025-09-22,9,14,2,7,0
USR-01224,CMP-0187,Free,2024-02-09,Logistics,3.4,6,8.9,5.6,2025-09-18,13,9,2,2,0
USR-01225,CMP-0061,Pro,2024-06-02,Media,10.5,12,14.7,16.6,2025-10-01,0,19,2,6,0
USR-01226,CMP-0380,Enterprise,2024-01-29,Consulting,13.8,12,45.8,10.8,2025-09-30,1,15,0,5,0
USR-01227,CMP-0440,Free,2024-11-20,Finance,2.4,1,21.4,6.7,2025-09-29,2,1,1,6,0
USR-01228,CMP-0319,Free,2023-11-07,Finance,14.4,4,5.9,10.0,2025-09-19,12,21,1,0,0
USR-01229,CMP-0302,Pro,2024-09-24,Technology,13.0,7,23.1,6.4,2025-09-27,4,18,2,6,0
USR-01230,CMP-0344,Enterprise,2024-02-15,Finance,9.2,8,8.5,6.7,2025-10-01,0,10,3,7,0
USR-01231,CMP-0011,Enterprise,2024-12-08,Technology,23.1,25,37.4,22.2,2025-09-20,11,25,1,8,0
USR-01232,CMP-0062,Pro,2024-09-08,Consulting,15.7,4,29.6,2.9,2025-09-28,3,28,0,5,0
USR-01233,CMP-0226,Pro,2025-03-02,Technology,13.1,12,21.0,13.0,2025-09-29,2,16,3,5,0
USR-01234,CMP-0153,Pro,2024-05-22,Marketing,12.2,14,18.9,13.6,2025-09-30,1,15,0,7,0
USR-01235,CMP-0564,Pro,2024-12-06,Media,3.1,9,24.4,11.3,2025-09-30,1,17,1,7,0
USR-01236,CMP-0571,Free,2023-10-28,Manufacturing,15.9,1,9.4,8.0,2025-06-25,98,29,1,2,0
USR-01237,CMP-0584,Free,2025-01-06,Education,0.9,4,45.0,8.7,2025-09-27,4,3,6,6,1
USR-01238,CMP-0575,Free,2023-11-10,Media,6.4,1,9.1,5.3,2025-09-24,7,10,5,10,1
USR-01239,CMP-0310,Pro,2025-02-17,Media,19.8,15,27.4,9.1,2025-09-17,14,24,3,6,0
USR-01240,CMP-0243,Free,2023-10-31,Healthcare,2.2,1,4.3,5.1,2025-09-17,14,9,2,2,0
USR-01241,CMP-0493,Enterprise,2024-06-25,Logistics,23.0,18,42.2,22.6,2025-09-30,1,30,1,8,0
USR-01242,CMP-0366,Free,2024-03-24,Logistics,1.9,2,4.6,1.0,2025-08-30,32,9,1,2,1
USR-01243,CMP-0330,Free,2024-11-22,E-commerce,5.8,7,12.9,10.7,2025-09-12,19,10,3,4,1
USR-01244,CMP-0107,Pro,2024-07-31,Education,10.0,5,44.4,6.5,2025-09-30,1,24,1,5,0
USR-01245,CMP-0226,Pro,2024-05-22,Consulting,5.0,14,22.0,11.7,2025-09-24,7,14,1,8,0
USR-01246,CMP-0218,Free,2024-01-25,Manufacturing,1.0,2,12.5,7.0,2025-08-27,35,5,4,1,1
USR-01247,CMP-0506,Free,2024-10-11,Manufacturing,0.0,4,15.0,11.3,2025-09-22,9,1,0,1,0
USR-01248,CMP-0259,Enterprise,2024-04-19,Logistics,17.7,17,28.0,18.9,2025-09-28,3,28,0,8,0
USR-01249,CMP-0517,Free,2024-11-13,Media,17.4,1,3.5,2.7,2025-08-13,49,25,0,6,1
USR-01250,CMP-0054,Free,2024-03-03,Marketing,0.8,1,7.1,1.0,2025-09-15,16,1,3,0,0
USR-01251,CMP-0047,Enterprise,2024-04-01,E-commerce,20.2,15,30.5,15.4,2025-10-01,0,25,0,10,0
USR-01252,CMP-0521,Free,2023-11-21,Technology,4.4,1,4.2,6.4,2025-09-28,3,13,4,7,0
USR-01253,CMP-0099,Pro,2024-03-31,E-commerce,15.0,10,17.0,9.8,2025-09-25,6,27,0,5,0
USR-01254,CMP-0020,Free,2024-03-19,Healthcare,7.7,10,7.1,10.1,2025-09-27,4,5,5,5,1
USR-01255,CMP-0573,Free,2025-01-09,E-commerce,0.6,1,4.6,12.3,2025-08-18,44,2,2,0,0
USR-01256,CMP-0490,Free,2024-01-01,Media,12.2,1,7.7,7.0,2025-09-24,7,17,0,7,1
USR-01257,CMP-0419,Free,2024-05-15,Consulting,1.1,1,5.5,7.3,2025-09-23,8,9,3,3,1
USR-01258,CMP-0062,Free,2023-10-31,Media,4.7,10,3.3,6.6,2025-09-15,16,14,1,4,0
USR-01259,CMP-0145,Free,2023-12-03,Logistics,21.2,5,23.4,4.9,2025-09-21,10,30,5,5,0
USR-01260,CMP-0216,Enterprise,2024-03-04,Consulting,14.9,16,36.0,16.0,2025-09-30,1,18,0,9,0
USR-01261,CMP-0003,Free,2024-04-15,Finance,10.7,6,2.0,4.8,2025-09-30,1,14,1,6,0
USR-01262,CMP-0160,Pro,2024-06-21,Consulting,11.4,5,26.2,11.8,2025-09-25,6,20,2,6,0
USR-01263,CMP-0120,Enterprise,2024-01-02,E-commerce,19.8,15,37.2,19.2,2025-09-25,6,25,4,7,0
USR-01264,CMP-0089,Pro,2023-10-17,E-commerce,19.3,17,30.4,15.0,2025-09-23,8,28,1,7,0
USR-01265,CMP-0329,Free,2024-06-18,E-commerce,0.8,6,1.3,13.2,2025-09-25,6,11,3,5,1
USR-01266,CMP-0580,Enterprise,2024-10-19,Finance,18.0,19,36.1,18.2,2025-10-01,0,25,3,7,0
USR-01267,CMP-0357,Free,2024-02-02,Logistics,5.4,8,6.8,17.2,2025-09-08,23,5,2,5,0
USR-01268,CMP-0267,Free,2023-12-02,Technology,2.0,10,6.1,11.4,2025-08-23,39,2,2,4,1
USR-01269,CMP-0323,Pro,2024-04-15,Education,18.3,10,21.8,12.7,2025-09-28,3,24,2,3,0
USR-01270,CMP-0541,Pro,2024-09-21,Logistics,5.8,6,20.4,12.0,2025-09-22,9,9,0,6,0
USR-01271,CMP-0195,Pro,2023-10-08,E-commerce,18.8,12,33.7,16.4,2025-09-28,3,23,0,6,0
USR-01272,CMP-0332,Free,2025-03-25,Logistics,0.8,1,27.9,5.3,2025-09-22,9,8,1,5,0
USR-01273,CMP-0170,Pro,2024-07-23,Healthcare,11.3,11,13.0,11.4,2025-09-19,12,18,2,4,0
USR-01274,CMP-0521,Free,2024-03-05,Manufacturing,7.8,1,1.0,5.3,2025-09-30,1,12,0,3,0
USR-01275,CMP-0463,Enterprise,2024-02-21,Manufacturing,22.6,17,28.8,14.2,2025-09-29,2,26,0,10,0
USR-01276,CMP-0040,Free,2024-04-08,Education,1.5,8,6.1,9.9,2025-09-28,3,0,3,3,0
USR-01277,CMP-0537,Enterprise,2024-07-20,Education,20.0,17,15.8,13.3,2025-09-30,1,25,0,8,0
USR-01278,CMP-0261,Pro,2025-04-02,Technology,14.1,11,19.5,6.5,2025-09-24,7,14,0,5,0
USR-01279,CMP-0395,Enterprise,2025-01-11,Healthcare,8.0,16,49.9,16.0,2025-10-01,0,6,1,5,0
USR-01280,CMP-0226,Pro,2024-10-31,Media,15.0,11,22.3,15.6,2025-09-25,6,16,2,6,0
USR-01281,CMP-0124,Pro,2024-10-11,Logistics,9.2,10,30.2,13.8,2025-09-29,2,23,0,8,0
USR-01282,CMP-0038,Free,2023-12-20,Consulting,7.4,1,8.7,3.6,2025-09-16,15,15,1,4,1
USR-01283,CMP-0328,Free,2024-02-06,Consulting,0.8,1,1.8,9.0,2025-09-29,2,0,1,0,1
USR-01284,CMP-0251,Free,2024-11-22,Media,3.1,8,2.5,7.7,2025-09-13,18,18,0,0,1
USR-01285,CMP-0176,Enterprise,2024-03-21,Manufacturing,14.6,11,31.1,6.0,2025-09-28,3,16,0,9,0
USR-01286,CMP-0454,Enterprise,2024-07-02,Media,23.8,16,20.0,9.3,2025-09-21,10,30,1,7,0
USR-01287,CMP-0037,Pro,2024-08-12,Logistics,9.6,7,22.3,5.1,2025-09-15,16,17,1,8,0
USR-01288,CMP-0316,Free,2025-03-23,Healthcare,4.7,1,2.1,6.2,2025-09-27,4,12,0,6,0
USR-01289,CMP-0593,Free,2024-04-28,E-commerce,0.8,3,3.1,3.5,2025-10-01,0,3,2,2,0
USR-01290,CMP-0114,Pro,2025-03-01,Finance,12.7,13,28.3,14.8,2025-09-24,7,22,2,6,0
USR-01291,CMP-0040,Pro,2024-09-03,E-commerce,9.7,15,34.1,19.9,2025-09-25,6,12,3,3,0
USR-01292,CMP-0301,Enterprise,2024-02-18,Finance,23.2,13,20.7,10.1,2025-10-01,0,23,2,9,0
USR-01293,CMP-0224,Enterprise,2024-02-25,Consulting,21.9,24,14.3,23.6,2025-10-01,0,23,2,8,0
USR-01294,CMP-0318,Free,2023-11-28,Education,0.3,11,8.3,13.4,2025-09-19,12,10,1,7,1
USR-01295,CMP-0349,Pro,2024-10-28,Logistics,9.5,11,12.8,9.2,2025-09-15,16,20,0,9,0
USR-01296,CMP-0115,Pro,2024-12-16,E-commerce,3.8,10,20.5,15.1,2025-09-15,16,15,4,6,0
USR-01297,CMP-0323,Free,2023-10-04,Media,1.7,1,1.0,2.9,2025-09-29,2,2,3,3,0
USR-01298,CMP-0568,Free,2023-10-27,Healthcare,12.1,1,2.9,2.6,2025-09-25,6,20,4,5,0
USR-01299,CMP-0040,Free,2024-04-23,Healthcare,7.0,6,1.0,14.1,2025-10-01,0,9,2,8,1
USR-01300,CMP-0040,Enterprise,2024-06-30,Manufacturing,11.5,14,33.8,15.8,2025-09-30,1,21,0,5,0
USR-01301,CMP-0289,Pro,2023-12-13,Healthcare,12.7,11,31.2,14.6,2025-09-22,9,23,4,7,0
USR-01302,CMP-0262,Pro,2024-12-15,Healthcare,10.5,18,16.5,21.5,2025-09-21,10,23,1,8,0
USR-01303,CMP-0216,Enterprise,2024-01-30,Education,22.7,15,42.8,13.0,2025-09-29,2,26,1,8,0
USR-01304,CMP-0147,Pro,2023-10-11,Media,12.3,12,34.1,16.3,2025-10-01,0,22,0,9,1
USR-01305,CMP-0336,Free,2024-12-11,Consulting,1.9,3,19.1,3.9,2025-09-25,6,3,3,1,1
USR-01306,CMP-0168,Pro,2025-01-05,Healthcare,12.1,13,26.9,11.8,2025-09-13,18,22,1,9,0
USR-01307,CMP-0092,Pro,2024-09-05,Consulting,25.8,17,19.2,15.8,2025-09-30,1,27,0,5,0
USR-01308,CMP-0353,Enterprise,2023-10-03,Education,2.9,21,19.2,17.9,2025-09-30,1,0,1,4,0
USR-01309,CMP-0571,Pro,2023-10-14,Healthcare,8.4,7,9.2,11.1,2025-09-22,9,17,3,6,0
USR-01310,CMP-0571,Pro,2024-04-10,Logistics,15.3,14,15.2,15.0,2025-09-22,9,17,0,5,0
USR-01311,CMP-0363,Free,2023-12-06,Manufacturing,3.0,2,37.1,3.1,2025-08-28,34,3,3,5,0
USR-01312,CMP-0557,Enterprise,2024-03-29,E-commerce,14.2,9,33.0,12.2,2025-09-30,1,17,1,5,0
USR-01313,CMP-0345,Free,2024-09-02,Logistics,15.9,1,1.5,3.0,2025-09-21,10,25,2,5,0
USR-01314,CMP-0170,Free,2025-03-21,Marketing,1.5,5,4.2,6.0,2025-09-23,8,5,6,4,0
USR-01315,CMP-0356,Free,2024-07-20,Technology,5.7,8,3.8,9.5,2025-08-26,36,3,1,10,0
USR-01316,CMP-0191,Free,2023-12-29,Healthcare,14.1,1,1.0,5.2,2025-09-11,20,18,2,5,0
USR-01317,CMP-0422,Free,2024-12-06,Consulting,5.4,10,1.7,12.2,2025-09-07,24,11,2,6,0
USR-01318,CMP-0007,Enterprise,2024-11-28,Technology,18.7,25,31.2,21.9,2025-10-01,0,25,1,7,0
USR-01319,CMP-0133,Enterprise,2023-10-30,Finance,18.7,18,43.6,19.9,2025-09-27,4,25,5,9,0
USR-01320,CMP-0557,Free,2024-05-15,Healthcare,2.2,7,1.3,7.9,2025-09-24,7,0,4,6,0
USR-01321,CMP-0031,Free,2024-05-20,Marketing,4.6,2,10.4,2.6,2025-10-01,0,5,3,9,0
USR-01322,CMP-0535,Free,2023-11-16,Education,0.8,7,45.0,4.2,2025-10-01,0,1,3,8,0
USR-01323,CMP-0426,Free,2023-10-27,Manufacturing,3.8,1,2.6,6.7,2025-09-16,15,14,3,4,1
USR-01324,CMP-0394,Free,2025-02-14,Marketing,1.3,1,3.3,3.8,2025-09-25,6,5,5,7,1
USR-01325,CMP-0363,Enterprise,2025-01-26,Consulting,19.0,21,18.9,20.4,2025-09-25,6,26,1,9,0
USR-01326,CMP-0437,Free,2024-03-10,Education,2.6,8,26.9,12.5,2025-09-13,18,2,4,7,0
USR-01327,CMP-0551,Pro,2024-03-18,E-commerce,20.4,13,22.6,12.0,2025-10-01,0,24,0,7,0
USR-01328,CMP-0082,Free,2025-03-20,Education,1.6,4,39.9,2.1,2025-09-15,16,5,2,2,1
USR-01329,CMP-0356,Enterprise,2024-01-22,Healthcare,22.1,9,29.3,10.4,2025-10-01,0,26,2,7,0
USR-01330,CMP-0258,Pro,2024-11-24,Technology,13.7,13,29.7,14.3,2025-09-28,3,22,0,7,0
USR-01331,CMP-0589,Enterprise,2024-07-31,Technology,18.9,18,20.5,16.6,2025-09-29,2,24,0,8,0
USR-01332,CMP-0524,Enterprise,2024-07-06,Consulting,13.2,24,29.6,26.6,2025-09-25,6,18,2,9,0
USR-01333,CMP-0295,Free,2024-04-21,Education,7.6,3,22.1,1.0,2025-09-23,8,10,2,3,1
USR-01334,CMP-0224,Free,2023-12-08,Marketing,2.3,2,24.6,8.0,2025-09-08,23,0,3,5,1
USR-01335,CMP-0525,Pro,2023-10-03,Consulting,11.7,12,36.5,15.0,2025-09-21,10,23,0,6,0
USR-01336,CMP-0046,Free,2024-04-13,Manufacturing,0.8,11,1.8,13.2,2025-09-24,7,5,4,7,0
USR-01337,CMP-0113,Pro,2024-05-22,Consulting,13.9,13,14.5,3.4,2025-09-27,4,22,0,10,0
USR-01338,CMP-0233,Free,2025-02-16,Consulting,3.1,1,5.7,7.7,2025-09-15,16,8,2,7,1
USR-01339,CMP-0017,Free,2025-03-26,E-commerce,5.7,3,10.0,2.3,2025-10-01,0,10,2,6,1
USR-01340,CMP-0360,Pro,2024-08-15,Logistics,11.2,15,9.5,13.5,2025-09-16,15,13,2,4,0
USR-01341,CMP-0223,Pro,2025-02-28,Healthcare,18.3,15,11.9,14.5,2025-09-21,10,21,0,3,0
USR-01342,CMP-0448,Pro,2024-02-17,E-commerce,4.3,11,25.1,13.0,2025-09-29,2,10,0,7,0
USR-01343,CMP-0365,Free,2023-12-30,Technology,5.2,1,3.1,5.7,2025-08-07,55,10,0,5,1
USR-01344,CMP-0326,Pro,2025-04-01,Technology,15.1,5,36.0,9.7,2025-09-30,1,23,3,7,0
USR-01345,CMP-0467,Free,2025-02-20,Finance,21.3,2,45.0,7.0,2025-08-28,34,21,5,3,0
USR-01346,CMP-0414,Free,2024-07-24,Finance,0.3,1,8.9,4.6,2025-09-26,5,0,2,9,1
USR-01347,CMP-0455,Pro,2024-12-12,Marketing,12.8,11,31.3,13.0,2025-09-21,10,20,3,4,0
USR-01348,CMP-0586,Free,2024-03-04,Technology,1.5,1,18.7,1.0,2025-09-23,8,1,3,5,0
USR-01349,CMP-0233,Free,2024-10-13,Logistics,15.5,15,1.0,12.7,2025-09-13,18,26,1,4,1
USR-01350,CMP-0224,Free,2024-07-24,E-commerce,3.3,1,2.5,6.5,2025-09-29,2,6,1,8,1
USR-01351,CMP-0412,Free,2023-12-26,Manufacturing,2.0,3,11.0,7.9,2025-09-27,4,1,2,4,1
USR-01352,CMP-0572,Free,2024-07-02,Logistics,1.0,15,22.6,17.2,2025-09-30,1,1,1,4,0
USR-01353,CMP-0335,Free,2023-12-28,Finance,1.4,6,11.6,6.3,2025-09-03,28,1,1,5,0
USR-01354,CMP-0222,Free,2023-11-20,Education,8.9,15,5.3,17.7,2025-09-27,4,20,4,3,0
USR-01355,CMP-0037,Free,2024-01-20,Logistics,4.8,13,4.5,9.9,2025-09-15,16,11,3,5,1
USR-01356,CMP-0278,Pro,2025-01-26,Logistics,16.9,10,31.2,14.2,2025-09-19,12,27,2,6,0
USR-01357,CMP-0196,Free,2023-11-13,Logistics,12.2,2,13.4,3.8,2025-08-30,32,13,2,10,1
USR-01358,CMP-0484,Free,2024-05-14,Logistics,1.3,4,13.5,11.3,2025-09-30,1,0,3,4,1
USR-01359,CMP-0242,Free,2025-01-28,Logistics,0.6,1,9.3,1.0,2025-08-31,31,1,2,5,0
USR-01360,CMP-0324,Pro,2024-06-05,Finance,12.0,17,25.3,21.9,2025-09-30,1,13,3,7,0
USR-01361,CMP-0192,Enterprise,2023-12-08,Technology,16.9,16,32.9,14.7,2025-09-27,4,19,2,8,0
USR-01362,CMP-0017,Pro,2023-10-05,Consulting,15.7,19,33.4,17.1,2025-09-22,9,25,0,9,0
USR-01363,CMP-0524,Pro,2024-02-13,Logistics,10.1,12,24.0,13.2,2025-10-01,0,14,1,10,0
USR-01364,CMP-0401,Pro,2024-10-28,Logistics,9.1,8,17.0,7.3,2025-09-30,1,26,2,5,0
USR-01365,CMP-0022,Pro,2024-11-07,Healthcare,16.6,15,12.8,14.8,2025-09-27,4,26,1,7,0
USR-01366,CMP-0474,Pro,2025-03-09,Technology,9.9,11,3.0,9.6,2025-09-28,3,17,1,6,0
USR-01367,CMP-0120,Free,2024-07-31,Consulting,3.2,1,13.9,1.7,2025-08-27,35,7,5,6,1
USR-01368,CMP-0210,Free,2024-12-25,Manufacturing,2.8,8,3.3,10.9,2025-09-25,6,1,2,8,1
USR-01369,CMP-0306,Free,2024-12-30,Manufacturing,1.7,2,2.5,1.9,2025-08-24,38,1,1,9,1
USR-01370,CMP-0270,Enterprise,2024-03-17,Education,15.3,22,54.7,18.3,2025-09-30,1,20,1,9,0
USR-01371,CMP-0285,Pro,2024-06-27,Media,14.6,13,23.0,9.3,2025-09-08,23,14,1,7,0
USR-01372,CMP-0227,Pro,2024-05-18,E-commerce,8.7,18,28.0,15.9,2025-09-22,9,13,3,9,0
USR-01373,CMP-0381,Free,2024-03-05,Healthcare,23.1,1,1.1,7.7,2025-09-07,24,26,4,3,0
USR-01374,CMP-0460,Pro,2024-07-01,Technology,8.4,13,25.6,10.9,2025-10-01,0,20,0,5,0
USR-01375,CMP-0007,Free,2023-10-24,Technology,1.4,1,5.4,1.6,2025-09-19,12,4,3,5,0
USR-01376,CMP-0029,Free,2024-07-16,Media,1.2,1,21.7,4.4,2025-09-29,2,2,1,8,1
USR-01377,CMP-0033,Enterprise,2024-06-16,Education,22.9,23,22.6,20.3,2025-09-30,1,19,0,7,0
USR-01378,CMP-0079,Pro,2024-06-15,Marketing,12.8,10,26.4,17.7,2025-09-25,6,18,3,6,0
USR-01379,CMP-0459,Free,2024-03-06,Finance,4.6,4,1.0,5.7,2025-09-13,18,9,1,0,0
USR-01380,CMP-0570,Enterprise,2023-11-09,Education,12.5,21,49.5,20.8,2025-10-01,0,15,2,10,0
USR-01381,CMP-0538,Free,2024-10-07,Consulting,6.1,10,21.2,13.8,2025-09-21,10,7,0,4,0
USR-01382,CMP-0482,Enterprise,2024-08-13,Education,12.2,18,42.4,20.2,2025-09-29,2,17,0,3,0
USR-01383,CMP-0430,Free,2024-05-03,Media,2.0,5,6.8,7.7,2025-09-30,1,0,1,5,1
USR-01384,CMP-0285,Free,2025-03-28,Media,5.7,5,11.8,6.5,2025-09-22,9,6,4,6,0
USR-01385,CMP-0516,Free,2024-01-18,E-commerce,2.1,2,1.0,10.7,2025-09-14,17,1,2,4,0
USR-01386,CMP-0099,Free,2023-10-14,Healthcare,1.2,3,13.7,5.1,2025-10-01,0,0,2,3,1
USR-01387,CMP-0397,Free,2025-01-04,Logistics,2.3,5,4.1,5.7,2025-09-12,19,1,4,7,1
USR-01388,CMP-0489,Pro,2024-07-07,Manufacturing,17.1,7,21.2,6.7,2025-09-25,6,20,2,8,0
USR-01389,CMP-0039,Enterprise,2025-03-31,Media,15.8,19,26.7,13.0,2025-09-26,5,24,1,8,0
USR-01390,CMP-0271,Enterprise,2024-08-29,E-commerce,16.8,20,31.8,21.5,2025-10-01,0,24,0,6,0
USR-01391,CMP-0157,Free,2024-12-08,Finance,8.9,1,1.6,1.0,2025-09-06,25,15,2,3,1
USR-01392,CMP-0075,Pro,2024-12-11,Manufacturing,10.0,11,17.6,11.8,2025-10-01,0,16,2,6,0
USR-01393,CMP-0130,Free,2024-07-16,Marketing,0.3,1,22.3,3.2,2025-09-24,7,4,3,4,0
USR-01394,CMP-0084,Free,2024-06-03,Technology,6.7,1,4.6,10.5,2025-09-28,3,3,3,7,1
USR-01395,CMP-0022,Pro,2024-02-08,Finance,14.5,11,13.9,6.3,2025-09-17,14,12,1,6,0
USR-01396,CMP-0459,Pro,2024-09-10,Marketing,9.6,11,18.7,9.1,2025-09-23,8,16,1,5,0
USR-01397,CMP-0539,Free,2024-06-06,Manufacturing,0.3,4,8.9,5.8,2025-10-01,0,1,4,6,1
USR-01398,CMP-0382,Free,2024-12-14,Finance,1.3,1,6.6,3.2,2025-10-01,0,15,3,10,1
USR-01399,CMP-0440,Enterprise,2024-02-13,E-commerce,11.5,17,37.2,15.0,2025-09-30,1,15,0,6,0
USR-01400,CMP-0021,Free,2024-06-24,Marketing,7.9,1,38.1,3.6,2025-09-29,2,4,1,3,0
USR-01401,CMP-0303,Pro,2024-10-02,Technology,9.2,14,20.8,10.4,2025-09-25,6,21,0,6,0
USR-01402,CMP-0084,Pro,2024-08-27,Logistics,15.0,5,31.5,8.1,2025-09-24,7,19,2,8,1
USR-01403,CMP-0453,Free,2024-01-17,E-commerce,2.0,13,14.9,6.4,2025-08-23,39,0,3,6,1
USR-01404,CMP-0387,Free,2024-12-09,Consulting,0.7,8,2.1,9.3,2025-08-20,42,2,0,5,0
USR-01405,CMP-0507,Free,2025-01-25,Technology,0.4,8,8.3,7.6,2025-09-16,15,4,3,4,1
USR-01406,CMP-0257,Pro,2025-01-25,Healthcare,19.8,9,20.3,13.2,2025-10-01,0,23,2,10,0
USR-01407,CMP-0570,Pro,2024-02-03,Education,13.2,8,17.2,14.7,2025-09-28,3,19,0,9,0
USR-01408,CMP-0527,Pro,2024-01-18,Healthcare,14.0,12,27.9,11.6,2025-09-26,5,18,4,10,0
USR-01409,CMP-0162,Enterprise,2024-11-19,Media,20.2,15,25.7,19.2,2025-09-29,2,27,0,9,0
USR-01410,CMP-0163,Pro,2023-11-18,Logistics,6.0,8,35.3,8.5,2025-09-25,6,12,1,6,0
USR-01411,CMP-0524,Pro,2024-11-25,Consulting,19.5,8,21.5,6.5,2025-09-09,22,25,0,7,0
USR-01412,CMP-0271,Pro,2024-08-30,Consulting,10.0,13,15.0,18.6,2025-09-16,15,17,1,10,0
USR-01413,CMP-0492,Pro,2024-10-16,Education,16.1,16,22.3,17.4,2025-10-01,0,23,2,8,0
USR-01414,CMP-0208,Pro,2023-12-17,Marketing,19.3,13,27.9,13.4,2025-09-29,2,22,0,3,0
USR-01415,CMP-0539,Pro,2024-11-27,Education,12.4,15,26.2,17.1,2025-09-19,12,17,0,9,0
USR-01416,CMP-0584,Pro,2025-02-07,Media,6.1,11,23.3,12.6,2025-09-19,12,4,2,9,1
USR-01417,CMP-0060,Free,2024-10-06,Healthcare,21.5,3,14.0,5.2,2025-09-27,4,23,2,8,0
USR-01418,CMP-0430,Pro,2024-08-02,Consulting,0.0,12,29.0,8.6,2025-09-22,9,9,2,4,0
USR-01419,CMP-0309,Free,2024-11-12,Healthcare,2.8,4,13.9,5.4,2025-09-16,15,3,2,6,1
USR-01420,CMP-0520,Free,2025-02-13,Technology,4.6,1,1.7,5.7,2025-09-23,8,14,2,8,1
USR-01421,CMP-0591,Free,2024-04-02,Logistics,0.3,8,1.8,9.0,2025-09-28,3,2,1,5,1
USR-01422,CMP-0027,Pro,2024-01-02,Finance,14.2,11,20.3,14.5,2025-09-16,15,16,2,7,0
USR-01423,CMP-0562,Pro,2024-08-30,Media,17.0,13,18.0,14.6,2025-09-24,7,25,3,8,0
USR-01424,CMP-0199,Free,2024-07-22,Finance,2.6,1,6.4,1.2,2025-09-29,2,5,2,3,0
USR-01425,CMP-0387,Pro,2024-10-31,Media,12.2,16,29.5,11.8,2025-09-23,8,13,4,7,0
USR-01426,CMP-0349,Pro,2024-01-19,Manufacturing,10.8,11,30.8,11.3,2025-09-22,9,13,0,5,0
USR-01427,CMP-0536,Free,2025-03-11,Logistics,0.1,4,2.3,4.6,2025-09-01,30,3,3,5,0
USR-01428,CMP-0378,Pro,2023-10-17,Technology,9.4,12,22.6,13.6,2025-09-30,1,18,1,5,0
USR-01429,CMP-0558,Enterprise,2025-02-04,Logistics,15.4,15,28.1,12.8,2025-09-18,13,27,1,9,0
USR-01430,CMP-0527,Enterprise,2023-12-25,Marketing,15.7,16,42.8,14.0,2025-10-01,0,28,1,9,0
USR-01431,CMP-0153,Pro,2024-01-27,Media,12.8,3,19.8,8.6,2025-09-25,6,21,3,8,0
USR-01432,CMP-0206,Pro,2025-01-29,Finance,7.8,10,34.2,11.4,2025-09-24,7,12,1,7,0
USR-01433,CMP-0455,Free,2024-12-20,Media,4.3,1,9.1,1.7,2025-09-24,7,7,3,6,1
USR-01434,CMP-0273,Free,2024-12-30,Marketing,5.4,1,1.0,3.9,2025-09-22,9,5,3,10,0
USR-01435,CMP-0236,Free,2024-10-19,Media,6.4,15,1.0,19.1,2025-08-31,31,8,4,8,1
USR-01436,CMP-0521,Enterprise,2025-02-22,Logistics,15.7,13,25.5,14.3,2025-09-28,3,21,1,6,0
USR-01437,CMP-0501,Free,2024-12-22,E-commerce,1.5,6,1.0,9.6,2025-09-22,9,1,1,4,1
USR-01438,CMP-0117,Free,2024-09-13,Media,0.5,8,4.6,7.1,2025-09-30,1,1,2,4,0
USR-01439,CMP-0386,Enterprise,2023-11-02,Manufacturing,17.3,17,27.8,19.7,2025-10-01,0,22,2,7,0
USR-01440,CMP-0344,Enterprise,2024-06-27,Manufacturing,14.1,20,40.4,26.0,2025-10-01,0,20,0,6,1
USR-01441,CMP-0584,Pro,2025-02-21,Consulting,9.8,7,9.6,6.2,2025-09-10,21,12,0,8,0
USR-01442,CMP-0395,Free,2024-12-16,Manufacturing,4.7,7,15.9,5.1,2025-09-11,20,17,3,5,0
USR-01443,CMP-0064,Free,2024-09-07,Media,5.7,4,16.0,6.7,2025-08-15,47,13,2,6,1
USR-01444,CMP-0072,Free,2025-02-15,Media,5.1,1,14.9,6.4,2025-10-01,0,14,1,1,0
USR-01445,CMP-0274,Free,2024-12-11,E-commerce,9.9,1,7.4,3.5,2025-09-16,15,14,5,1,0
USR-01446,CMP-0320,Free,2024-11-01,Manufacturing,3.3,2,3.3,1.4,2025-10-01,0,10,1,4,1
USR-01447,CMP-0338,Pro,2023-11-19,Healthcare,10.6,8,28.2,9.1,2025-09-21,10,12,2,8,0
USR-01448,CMP-0366,Enterprise,2025-01-24,Media,15.9,21,29.9,21.6,2025-09-30,1,25,0,8,0
USR-01449,CMP-0495,Free,2023-11-03,Technology,5.4,1,3.4,2.6,2025-09-30,1,2,2,8,1
USR-01450,CMP-0166,Pro,2024-05-04,Technology,8.4,12,26.0,14.4,2025-09-26,5,23,0,5,0
USR-01451,CMP-0544,Pro,2025-01-28,Finance,15.2,11,26.4,15.3,2025-09-29,2,23,0,8,0
USR-01452,CMP-0011,Free,2023-11-29,E-commerce,5.7,5,11.6,7.7,2025-09-16,15,11,4,9,0
USR-01453,CMP-0301,Pro,2024-09-04,Marketing,23.6,15,14.0,14.9,2025-09-24,7,26,3,8,0
USR-01454,CMP-0102,Free,2024-10-06,Healthcare,5.1,10,10.6,13.5,2025-09-14,17,7,1,2,1
USR-01455,CMP-0425,Free,2024-07-31,Media,10.7,9,5.4,7.6,2025-07-25,68,14,1,8,1
USR-01456,CMP-0392,Pro,2024-09-03,Logistics,19.0,2,3.0,1.7,2025-09-28,3,24,2,7,0
USR-01457,CMP-0214,Free,2024-04-11,Education,1.4,4,8.9,5.4,2025-09-23,8,11,1,6,0
USR-01458,CMP-0088,Enterprise,2024-07-30,Education,20.2,14,37.1,12.7,2025-09-27,4,27,2,10,0
USR-01459,CMP-0553,Free,2023-11-06,Marketing,5.7,11,2.1,9.4,2025-09-19,12,12,0,6,0
USR-01460,CMP-0401,Pro,2025-01-07,Consulting,10.8,11,19.9,17.3,2025-10-01,0,17,3,8,0
USR-01461,CMP-0588,Pro,2024-10-11,Logistics,16.1,8,13.9,15.9,2025-09-19,12,25,2,7,0
USR-01462,CMP-0046,Free,2024-02-04,Education,7.6,1,2.6,2.7,2025-10-01,0,12,0,4,1
USR-01463,CMP-0463,Free,2025-01-14,Marketing,6.5,8,2.8,9.7,2025-09-29,2,8,1,6,0
USR-01464,CMP-0592,Pro,2024-11-18,Education,12.6,11,22.6,11.2,2025-10-01,0,11,2,6,0
USR-01465,CMP-0310,Enterprise,2024-01-28,E-commerce,14.7,20,44.7,22.3,2025-10-01,0,19,1,8,0
USR-01466,CMP-0086,Enterprise,2023-12-22,Finance,17.7,18,54.6,21.3,2025-10-01,0,28,0,7,0
USR-01467,CMP-0092,Pro,2024-04-20,Consulting,12.2,10,20.6,5.7,2025-10-01,0,19,4,2,0
USR-01468,CMP-0242,Pro,2024-11-30,E-commerce,13.2,7,24.4,10.0,2025-09-27,4,19,5,6,1
USR-01469,CMP-0002,Pro,2024-05-31,Logistics,7.2,17,31.5,12.7,2025-09-29,2,9,0,8,0
USR-01470,CMP-0225,Pro,2024-08-18,Marketing,10.7,19,18.4,23.5,2025-10-01,0,21,0,8,0
USR-01471,CMP-0589,Pro,2024-01-01,Healthcare,11.6,18,15.7,18.7,2025-09-24,7,17,2,6,0
USR-01472,CMP-0116,Pro,2024-04-25,Logistics,0.8,14,37.6,11.7,2025-09-30,1,1,1,7,1
USR-01473,CMP-0103,Enterprise,2024-05-30,Logistics,22.2,11,33.2,11.1,2025-10-01,0,23,3,6,0
USR-01474,CMP-0194,Free,2025-03-16,Manufacturing,0.5,2,2.8,3.7,2025-09-24,7,6,3,3,1
USR-01475,CMP-0166,Enterprise,2023-10-12,Healthcare,21.4,16,54.4,17.4,2025-09-30,1,27,3,8,0
USR-01476,CMP-0090,Pro,2023-12-15,Technology,14.7,11,24.9,14.9,2025-09-29,2,23,1,6,0
USR-01477,CMP-0122,Free,2024-07-10,Manufacturing,1.2,1,6.0,1.0,2025-09-23,8,0,4,3,1
USR-01478,CMP-0143,Free,2025-04-02,Marketing,1.5,1,19.9,9.3,2025-09-16,15,9,2,5,1
USR-01479,CMP-0106,Free,2025-03-20,Technology,1.2,3,20.4,10.2,2025-09-18,13,0,3,2,1
USR-01480,CMP-0428,Pro,2024-04-12,Education,15.1,18,25.7,14.8,2025-09-12,19,23,1,10,0
USR-01481,CMP-0305,Enterprise,2024-11-23,Education,19.8,24,34.7,22.4,2025-09-29,2,25,0,9,0
USR-01482,CMP-0317,Free,2024-05-28,Logistics,5.1,1,1.0,8.9,2025-09-23,8,17,3,0,1
USR-01483,CMP-0009,Enterprise,2023-12-10,Manufacturing,11.7,22,51.6,24.3,2025-10-01,0,23,0,9,0
USR-01484,CMP-0073,Enterprise,2023-10-09,Media,8.4,16,48.0,14.8,2025-09-27,4,17,1,7,0
USR-01485,CMP-0359,Free,2024-06-04,Healthcare,0.4,2,6.5,7.0,2025-09-29,2,7,1,4,1
USR-01486,CMP-0223,Enterprise,2024-07-10,Technology,26.7,17,34.5,25.6,2025-09-29,2,24,0,9,0
USR-01487,CMP-0416,Enterprise,2024-02-16,Healthcare,7.7,19,34.4,18.5,2025-09-30,1,9,3,7,0
USR-01488,CMP-0553,Pro,2025-03-11,Manufacturing,3.5,10,31.4,9.1,2025-09-24,7,9,0,6,0
USR-01489,CMP-0370,Enterprise,2024-05-24,Logistics,20.2,18,47.5,17.9,2025-09-24,7,28,2,6,0
USR-01490,CMP-0264,Enterprise,2024-07-03,E-commerce,5.6,21,22.0,20.5,2025-09-23,8,8,1,9,0
USR-01491,CMP-0318,Pro,2024-03-12,Education,1.8,13,25.4,11.8,2025-09-30,1,1,0,9,0
USR-01492,CMP-0084,Free,2024-01-17,Technology,2.5,11,5.6,13.1,2025-09-27,4,15,1,5,1
USR-01493,CMP-0318,Enterprise,2024-02-03,Technology,17.0,12,38.6,8.8,2025-09-26,5,21,0,6,0
USR-01494,CMP-0111,Pro,2025-02-07,Marketing,18.5,20,37.1,17.0,2025-09-26,5,20,1,7,0
USR-01495,CMP-0251,Pro,2024-04-02,Technology,16.3,7,18.2,10.9,2025-09-27,4,26,0,8,0
USR-01496,CMP-0383,Free,2024-04-28,Manufacturing,10.1,7,9.6,3.3,2025-09-14,17,14,2,5,1
USR-01497,CMP-0007,Pro,2024-06-05,Technology,13.1,12,27.5,15.3,2025-09-25,6,21,2,8,0
USR-01498,CMP-0459,Free,2024-03-27,Technology,11.1,9,25.7,4.2,2025-08-13,49,11,1,5,1
USR-01499,CMP-0084,Enterprise,2024-12-14,Healthcare,13.6,11,35.1,6.6,2025-09-29,2,15,1,8,0
USR-01500,CMP-0208,Free,2025-03-30,Logistics,12.0,1,6.1,2.3,2025-09-23,8,11,3,9,0
USR-01501,CMP-0390,Free,2024-06-30,Finance,5.2,4,5.3,7.1,2025-09-21,10,11,3,4,0
USR-01502,CMP-0314,Pro,2024-03-19,Technology,7.2,10,14.6,15.0,2025-09-20,11,12,1,3,0
USR-01503,CMP-0022,Free,2025-03-23,Media,0.4,1,18.1,4.0,2025-09-18,13,0,2,5,1
USR-01504,CMP-0410,Pro,2024-06-06,Logistics,18.9,13,17.1,12.7,2025-09-24,7,29,0,5,0
USR-01505,CMP-0515,Enterprise,2024-10-27,Consulting,21.8,20,33.3,20.7,2025-09-21,10,29,0,5,0
USR-01506,CMP-0127,Enterprise,2024-11-02,Marketing,14.8,21,51.0,17.2,2025-09-29,2,17,0,8,0
USR-01507,CMP-0014,Free,2024-10-06,Healthcare,1.4,1,2.3,4.2,2025-09-25,6,1,0,5,1
USR-01508,CMP-0012,Free,2023-10-27,Marketing,2.2,10,10.4,7.4,2025-09-15,16,2,4,0,1
USR-01509,CMP-0087,Enterprise,2024-10-07,E-commerce,13.0,25,28.4,23.2,2025-09-28,3,13,0,10,0
USR-01510,CMP-0524,Enterprise,2024-03-24,Technology,18.7,25,23.9,22.6,2025-10-01,0,23,2,6,0
USR-01511,CMP-0537,Pro,2024-10-19,Education,16.1,13,28.8,11.0,2025-09-27,4,26,1,5,0
USR-01512,CMP-0301,Pro,2024-09-03,Media,11.6,12,35.1,13.1,2025-09-22,9,16,0,8,0
USR-01513,CMP-0243,Free,2024-11-06,Healthcare,0.1,5,6.3,7.5,2025-09-22,9,12,2,6,1
USR-01514,CMP-0122,Enterprise,2025-03-20,Marketing,26.6,15,43.9,18.5,2025-09-27,4,23,4,9,0
USR-01515,CMP-0147,Pro,2025-01-04,Technology,12.3,14,31.0,9.4,2025-09-27,4,10,3,2,0
USR-01516,CMP-0567,Free,2024-12-06,Education,6.3,1,38.1,3.6,2025-08-05,57,7,1,4,0
USR-01517,CMP-0356,Free,2024-07-26,Education,1.2,14,5.6,11.9,2025-09-27,4,4,0,5,0
USR-01518,CMP-0309,Enterprise,2025-02-04,E-commerce,14.4,20,19.6,21.6,2025-10-01,0,20,3,9,0
USR-01519,CMP-0288,Free,2024-07-13,Logistics,6.4,15,5.0,17.3,2025-09-24,7,9,4,3,0
USR-01520,CMP-0307,Free,2024-02-21,Media,8.3,1,6.2,5.3,2025-09-21,10,20,7,4,1
USR-01521,CMP-0594,Pro,2025-03-05,Finance,19.6,11,22.8,9.7,2025-09-28,3,20,1,7,0
USR-01522,CMP-0549,Free,2025-03-15,Media,2.6,4,4.0,8.9,2025-09-28,3,4,5,7,0
USR-01523,CMP-0352,Free,2024-06-20,E-commerce,5.7,1,1.3,1.0,2025-09-16,15,8,5,2,1
USR-01524,CMP-0312,Enterprise,2023-10-10,Manufacturing,15.3,19,27.1,13.0,2025-09-30,1,28,0,9,0
USR-01525,CMP-0059,Enterprise,2023-11-24,Logistics,12.9,6,33.7,4.0,2025-09-29,2,12,1,7,0
USR-01526,CMP-0035,Enterprise,2023-12-18,Healthcare,9.2,17,34.9,16.5,2025-09-27,4,23,0,8,0
USR-01527,CMP-0445,Enterprise,2024-02-25,Logistics,15.8,22,26.2,22.6,2025-09-27,4,27,2,7,0
USR-01528,CMP-0093,Pro,2023-10-05,E-commerce,9.5,6,20.2,1.0,2025-09-28,3,17,3,7,1
USR-01529,CMP-0207,Enterprise,2024-11-24,E-commerce,20.6,19,17.4,22.2,2025-09-29,2,28,0,8,0
USR-01530,CMP-0353,Free,2024-05-16,Healthcare,2.5,15,6.8,15.4,2025-09-23,8,0,2,8,1
USR-01531,CMP-0332,Pro,2024-11-24,Healthcare,13.2,9,24.5,5.5,2025-09-17,14,15,3,6,0
USR-01532,CMP-0159,Enterprise,2023-11-01,Healthcare,15.2,19,18.5,18.5,2025-09-25,6,25,0,7,0
USR-01533,CMP-0024,Free,2025-03-06,Logistics,3.0,1,12.1,7.1,2025-09-26,5,1,3,8,1
USR-01534,CMP-0404,Free,2024-06-08,Technology,1.7,1,1.4,5.6,2025-09-30,1,12,3,9,0
USR-01535,CMP-0516,Pro,2025-04-01,Marketing,7.8,13,18.4,16.7,2025-09-30,1,7,1,6,0
USR-01536,CMP-0364,Free,2024-05-15,Consulting,1.3,2,1.0,1.0,2025-09-25,6,2,4,7,0
USR-01537,CMP-0382,Free,2023-11-13,Healthcare,6.7,1,14.6,2.6,2025-09-20,11,17,1,3,1
USR-01538,CMP-0532,Enterprise,2024-08-11,Marketing,18.1,16,34.8,13.0,2025-09-28,3,22,0,9,0
USR-01539,CMP-0152,Enterprise,2023-10-18,Consulting,16.9,19,56.0,23.4,2025-09-30,1,24,0,9,0
USR-01540,CMP-0562,Pro,2025-03-20,Logistics,8.7,15,19.9,16.9,2025-09-24,7,25,3,6,0
USR-01541,CMP-0420,Free,2023-10-19,Marketing,4.6,3,5.7,13.9,2025-08-24,38,12,4,8,0
USR-01542,CMP-0250,Free,2024-01-15,Healthcare,5.5,1,5.0,2.4,2025-09-17,14,7,5,4,0
USR-01543,CMP-0117,Enterprise,2023-11-19,Finance,22.2,14,5.0,12.0,2025-10-01,0,22,0,8,0
USR-01544,CMP-0512,Pro,2024-08-18,E-commerce,8.5,11,49.1,11.4,2025-09-25,6,15,2,7,0
USR-01545,CMP-0578,Free,2024-12-19,Marketing,2.1,5,11.8,11.1,2025-09-21,10,3,2,3,0
USR-01546,CMP-0335,Pro,2024-03-12,Education,22.0,14,21.7,13.1,2025-09-17,14,25,1,4,0
USR-01547,CMP-0418,Free,2024-07-16,Education,9.0,2,12.4,5.0,2025-09-25,6,17,3,6,0
USR-01548,CMP-0295,Pro,2025-01-30,Marketing,8.1,5,11.9,7.3,2025-09-28,3,17,1,5,0
USR-01549,CMP-0371,Enterprise,2024-07-14,Healthcare,23.6,21,17.1,19.9,2025-09-29,2,23,1,6,0
USR-01550,CMP-0186,Pro,2024-05-02,Media,12.9,12,27.1,10.6,2025-09-26,5,18,2,8,0
USR-01551,CMP-0246,Pro,2024-06-08,Healthcare,7.7,6,4.2,7.4,2025-09-23,8,6,0,10,0
USR-01552,CMP-0268,Free,2024-03-23,Logistics,0.3,2,6.0,4.1,2025-10-01,0,1,0,7,0
USR-01553,CMP-0237,Pro,2024-10-12,Healthcare,18.0,18,24.7,17.4,2025-09-26,5,28,1,4,0
USR-01554,CMP-0530,Pro,2024-11-04,Logistics,8.1,7,27.3,11.4,2025-10-01,0,10,0,7,0
USR-01555,CMP-0552,Free,2023-12-16,Media,1.7,4,22.9,11.5,2025-09-26,5,0,4,4,0
USR-01556,CMP-0021,Pro,2024-07-13,Finance,15.9,11,24.9,9.3,2025-09-24,7,26,0,5,0
USR-01557,CMP-0520,Free,2024-05-11,Logistics,1.4,2,1.7,3.4,2025-09-29,2,9,0,5,0
USR-01558,CMP-0100,Enterprise,2024-10-24,Manufacturing,22.2,16,36.0,13.3,2025-09-30,1,29,1,7,0
USR-01559,CMP-0478,Pro,2024-01-23,Education,16.6,11,22.9,12.4,2025-09-23,8,26,1,6,0
USR-01560,CMP-0599,Enterprise,2024-04-27,E-commerce,22.3,16,28.9,14.2,2025-09-28,3,25,1,9,0
USR-01561,CMP-0298,Free,2024-04-03,Education,2.5,1,41.0,4.5,2025-09-30,1,0,4,8,0
USR-01562,CMP-0526,Enterprise,2023-12-27,Logistics,18.5,16,21.2,19.1,2025-09-29,2,27,1,7,0
USR-01563,CMP-0334,Pro,2024-09-18,Manufacturing,4.6,18,18.8,9.8,2025-09-30,1,12,0,6,0
USR-01564,CMP-0002,Pro,2023-11-22,Technology,13.1,7,39.4,10.1,2025-09-29,2,18,3,6,1
USR-01565,CMP-0375,Free,2025-03-20,Finance,0.9,6,3.8,6.4,2025-09-23,8,6,1,6,0
USR-01566,CMP-0293,Pro,2024-06-13,Finance,15.3,13,24.5,14.8,2025-10-01,0,23,3,7,0
USR-01567,CMP-0553,Enterprise,2023-11-11,Technology,14.4,18,31.9,14.7,2025-09-16,15,14,1,6,0
USR-01568,CMP-0318,Free,2024-08-09,E-commerce,4.5,4,4.0,9.8,2025-09-29,2,10,3,5,1
USR-01569,CMP-0502,Free,2024-06-08,Media,6.6,1,4.6,6.5,2025-09-10,21,8,2,1,1
USR-01570,CMP-0381,Pro,2025-03-30,Consulting,21.0,14,26.7,15.9,2025-09-19,12,25,1,3,1
USR-01571,CMP-0014,Pro,2024-08-28,Manufacturing,18.8,17,15.3,19.0,2025-08-26,36,23,3,4,0
USR-01572,CMP-0504,Free,2024-01-08,Logistics,6.4,10,14.4,8.8,2025-09-24,7,7,0,4,1
USR-01573,CMP-0231,Free,2024-01-28,Consulting,4.8,3,4.5,3.5,2025-09-02,29,10,4,7,1
USR-01574,CMP-0084,Free,2024-03-15,E-commerce,0.8,6,21.2,10.1,2025-08-18,44,0,2,3,1
USR-01575,CMP-0130,Pro,2024-06-14,Media,12.3,9,20.2,7.9,2025-09-30,1,18,0,6,0
USR-01576,CMP-0145,Pro,2024-12-08,Finance,11.8,10,3.0,15.3,2025-09-27,4,16,2,7,1
USR-01577,CMP-0028,Enterprise,2024-02-25,Logistics,12.3,15,39.4,14.0,2025-10-01,0,13,0,10,0
USR-01578,CMP-0066,Enterprise,2025-03-24,Logistics,22.3,12,14.7,14.1,2025-09-29,2,24,1,8,0
USR-01579,CMP-0163,Pro,2024-09-08,Media,7.9,12,23.7,18.9,2025-09-25,6,14,1,7,0
USR-01580,CMP-0229,Free,2024-10-22,Education,6.4,4,9.7,4.1,2025-09-28,3,12,3,3,0
USR-01581,CMP-0261,Free,2024-06-15,Manufacturing,0.8,1,1.0,4.0,2025-09-09,22,1,2,10,1
USR-01582,CMP-0449,Free,2023-11-03,Media,10.5,6,9.7,11.0,2025-10-01,0,8,5,7,1
USR-01583,CMP-0424,Enterprise,2025-01-17,Healthcare,20.5,17,56.4,19.5,2025-09-27,4,19,2,6,0
USR-01584,CMP-0460,Pro,2024-01-27,Healthcare,9.3,17,33.5,15.6,2025-10-01,0,13,1,9,0
USR-01585,CMP-0301,Free,2025-01-18,Media,3.1,1,5.6,2.2,2025-09-17,14,8,1,7,0
USR-01586,CMP-0303,Free,2025-02-16,Finance,2.0,4,1.0,5.5,2025-09-30,1,2,4,6,0
USR-01587,CMP-0287,Pro,2025-01-13,Media,10.5,7,24.0,12.9,2025-09-29,2,25,4,8,0
USR-01588,CMP-0395,Pro,2024-09-08,Marketing,10.4,9,28.9,9.4,2025-09-23,8,19,3,9,0
USR-01589,CMP-0010,Free,2024-01-16,E-commerce,5.4,6,1.2,8.0,2025-09-27,4,7,5,3,0
USR-01590,CMP-0270,Enterprise,2023-10-31,Healthcare,12.8,16,25.5,14.5,2025-09-29,2,22,1,7,0
USR-01591,CMP-0592,Pro,2025-03-07,Consulting,12.7,14,52.2,16.3,2025-09-14,17,19,1,6,1
USR-01592,CMP-0361,Free,2024-06-05,Media,0.6,1,1.0,4.3,2025-10-01,0,0,2,2,1
USR-01593,CMP-0257,Enterprise,2023-12-27,Healthcare,18.6,19,47.3,15.2,2025-09-27,4,27,0,9,0
USR-01594,CMP-0133,Free,2023-11-20,E-commerce,6.2,2,13.8,1.7,2025-10-01,0,14,4,4,1
USR-01595,CMP-0276,Enterprise,2024-01-15,E-commerce,16.9,17,39.3,10.6,2025-10-01,0,27,1,7,0
USR-01596,CMP-0513,Enterprise,2023-12-02,Consulting,18.5,14,38.9,11.7,2025-10-01,0,21,0,7,0
USR-01597,CMP-0313,Pro,2024-02-02,Logistics,8.6,19,19.4,20.6,2025-08-27,35,19,1,6,0
USR-01598,CMP-0576,Pro,2024-04-11,Marketing,13.4,6,25.5,11.8,2025-09-30,1,22,1,7,1
USR-01599,CMP-0284,Free,2025-01-04,Media,13.0,1,1.0,5.9,2025-08-31,31,13,2,7,1
USR-01600,CMP-0121,Enterprise,2025-02-11,Technology,20.8,24,33.4,23.9,2025-09-17,14,23,2,9,0
USR-01601,CMP-0107,Pro,2024-09-13,Media,14.3,16,42.2,15.4,2025-09-28,3,13,3,4,0
USR-01602,CMP-0204,Pro,2024-10-31,Logistics,14.2,19,19.1,20.5,2025-09-25,6,21,1,7,0
USR-01603,CMP-0165,Enterprise,2025-04-03,Manufacturing,9.1,14,43.0,15.1,2025-09-27,4,17,2,9,0
USR-01604,CMP-0305,Enterprise,2024-04-13,Education,21.2,16,27.5,21.2,2025-09-30,1,24,2,7,0
USR-01605,CMP-0497,Enterprise,2025-02-06,Finance,14.6,13,33.9,13.1,2025-10-01,0,11,2,7,0
USR-01606,CMP-0556,Free,2024-07-25,Logistics,5.0,3,9.4,9.4,2025-09-24,7,9,1,4,0
USR-01607,CMP-0156,Enterprise,2024-10-07,E-commerce,12.5,10,35.3,13.6,2025-09-27,4,15,1,8,0
USR-01608,CMP-0367,Pro,2023-11-29,Technology,9.3,9,10.7,12.4,2025-09-21,10,19,0,7,0
USR-01609,CMP-0251,Enterprise,2025-03-01,Finance,14.3,15,34.6,9.0,2025-10-01,0,12,1,9,0
USR-01610,CMP-0334,Pro,2025-01-20,Healthcare,4.2,2,24.9,7.4,2025-09-30,1,10,2,6,0
USR-01611,CMP-0511,Free,2024-06-20,Media,4.4,5,3.8,6.6,2025-08-27,35,8,4,8,1
USR-01612,CMP-0293,Free,2024-03-30,Finance,12.8,1,14.9,2.5,2025-10-01,0,11,4,6,0
USR-01613,CMP-0020,Pro,2024-05-11,Healthcare,11.1,12,7.4,8.2,2025-09-22,9,11,3,9,0
USR-01614,CMP-0282,Enterprise,2024-06-05,Education,22.0,21,33.0,19.8,2025-10-01,0,21,2,7,0
USR-01615,CMP-0001,Free,2024-08-27,Healthcare,4.4,9,16.4,10.3,2025-09-06,25,9,2,9,1
USR-01616,CMP-0119,Pro,2024-10-23,Technology,18.0,12,26.8,8.7,2025-09-15,16,25,2,5,0
USR-01617,CMP-0035,Free,2023-12-12,E-commerce,3.3,12,6.9,8.2,2025-09-27,4,11,2,4,0
USR-01618,CMP-0198,Enterprise,2024-01-06,Logistics,16.3,18,41.3,18.9,2025-10-01,0,25,2,7,0
USR-01619,CMP-0485,Pro,2024-03-26,Consulting,10.9,12,20.8,15.2,2025-09-27,4,14,1,5,0
USR-01620,CMP-0059,Free,2024-08-28,Logistics,6.9,1,7.1,4.4,2025-09-27,4,14,3,10,1
USR-01621,CMP-0161,Free,2024-07-25,Logistics,1.0,1,6.3,7.3,2025-09-24,7,6,3,6,0
USR-01622,CMP-0206,Free,2024-09-29,Healthcare,2.3,1,11.2,3.5,2025-09-16,15,0,0,6,0
USR-01623,CMP-0012,Pro,2024-09-26,Media,16.9,13,15.1,13.2,2025-09-30,1,24,0,3,0
USR-01624,CMP-0490,Free,2024-03-12,Finance,2.3,1,26.9,1.0,2025-09-25,6,9,3,8,0
USR-01625,CMP-0276,Free,2024-09-02,Consulting,10.4,4,11.3,1.5,2025-09-10,21,19,2,2,1
USR-01626,CMP-0242,Enterprise,2024-03-26,Consulting,20.3,18,23.3,23.0,2025-09-28,3,26,1,7,0
USR-01627,CMP-0216,Enterprise,2025-01-09,Finance,14.7,18,29.5,20.8,2025-09-30,1,16,0,6,0
USR-01628,CMP-0251,Pro,2023-12-18,Finance,6.6,12,28.2,8.4,2025-09-24,7,14,2,7,0
USR-01629,CMP-0126,Enterprise,2023-10-22,E-commerce,19.8,18,39.7,17.9,2025-09-27,4,24,2,10,0
USR-01630,CMP-0217,Free,2025-02-17,Technology,2.7,1,3.8,3.5,2025-09-19,12,12,2,3,0
USR-01631,CMP-0306,Pro,2025-01-30,Education,6.8,12,22.3,11.8,2025-09-30,1,6,2,5,0
USR-01632,CMP-0185,Pro,2023-12-17,Technology,18.9,14,22.3,13.0,2025-10-01,0,19,1,7,0
USR-01633,CMP-0039,Pro,2024-11-10,Finance,15.0,3,12.1,6.5,2025-09-20,11,13,0,10,0
USR-01634,CMP-0223,Free,2024-03-19,Media,3.9,1,4.9,6.3,2025-09-07,24,14,1,4,0
USR-01635,CMP-0184,Pro,2025-01-29,Marketing,15.0,15,22.2,16.2,2025-09-23,8,17,3,5,0
USR-01636,CMP-0495,Pro,2023-11-05,Marketing,12.9,15,23.5,14.6,2025-10-01,0,18,1,7,0
USR-01637,CMP-0427,Pro,2025-01-02,Education,7.2,13,26.0,12.9,2025-09-25,6,5,1,7,0
USR-01638,CMP-0178,Free,2024-02-04,Finance,6.3,1,12.1,6.6,2025-09-07,24,10,3,2,1
USR-01639,CMP-0428,Free,2023-12-24,Marketing,4.7,1,1.0,5.2,2025-09-25,6,5,3,4,1
USR-01640,CMP-0294,Free,2025-01-01,Education,1.0,3,1.7,5.6,2025-09-28,3,7,5,0,1
USR-01641,CMP-0151,Free,2024-11-23,Consulting,2.4,1,1.0,3.7,2025-09-19,12,0,2,5,0
USR-01642,CMP-0384,Pro,2024-01-27,Education,5.1,3,25.1,6.4,2025-09-19,12,6,1,4,0
USR-01643,CMP-0308,Free,2024-04-29,Consulting,3.2,1,1.0,2.4,2025-10-01,0,12,2,10,0
USR-01644,CMP-0336,Enterprise,2024-05-26,E-commerce,11.8,18,26.3,19.9,2025-09-29,2,20,1,8,0
USR-01645,CMP-0375,Free,2024-09-05,Marketing,12.9,15,2.8,11.8,2025-09-17,14,10,1,6,0
USR-01646,CMP-0008,Free,2023-11-02,Education,7.2,1,1.0,2.6,2025-09-19,12,9,2,6,0
USR-01647,CMP-0341,Pro,2024-10-28,Education,10.4,14,9.4,16.0,2025-09-24,7,17,0,6,0
USR-01648,CMP-0129,Free,2024-07-11,Education,3.3,3,7.5,2.0,2025-09-18,13,3,2,5,1
USR-01649,CMP-0352,Pro,2023-12-18,Media,15.4,15,28.9,10.3,2025-10-01,0,25,3,8,0
USR-01650,CMP-0358,Pro,2024-02-20,Education,13.5,10,16.7,11.2,2025-09-30,1,16,2,5,0
USR-01651,CMP-0517,Free,2023-12-18,Media,0.7,1,1.0,1.0,2025-09-18,13,12,2,7,1
USR-01652,CMP-0495,Free,2024-04-14,Logistics,1.4,1,18.5,1.0,2025-10-01,0,0,2,10,0
USR-01653,CMP-0086,Free,2024-09-24,E-commerce,3.9,7,31.0,10.9,2025-09-17,14,12,3,1,1
USR-01654,CMP-0175,Free,2024-07-08,Logistics,8.0,1,12.6,3.2,2025-09-16,15,10,1,6,1
USR-01655,CMP-0193,Free,2024-12-12,Manufacturing,0.2,1,13.2,7.7,2025-09-28,3,7,6,3,0
USR-01656,CMP-0311,Free,2023-10-30,Logistics,20.7,1,27.1,1.0,2025-09-19,12,25,2,7,1
USR-01657,CMP-0119,Free,2025-02-09,Finance,3.0,4,2.3,5.9,2025-09-21,10,1,2,6,0
USR-01658,CMP-0218,Pro,2025-01-30,Consulting,5.1,10,15.4,12.2,2025-09-29,2,11,0,10,0
USR-01659,CMP-0427,Pro,2024-07-07,Finance,7.3,5,32.8,3.5,2025-09-27,4,1,1,10,0
USR-01660,CMP-0414,Pro,2023-11-20,Technology,14.4,12,38.3,15.7,2025-09-15,16,17,1,4,0
USR-01661,CMP-0114,Free,2024-04-08,Logistics,15.6,5,9.7,8.5,2025-09-24,7,19,2,7,0
USR-01662,CMP-0145,Free,2024-11-10,Marketing,2.7,2,12.2,1.0,2025-09-18,13,0,5,7,1
USR-01663,CMP-0538,Enterprise,2024-09-08,Healthcare,15.3,15,41.1,14.9,2025-10-01,0,22,1,9,0
USR-01664,CMP-0303,Pro,2024-06-23,Logistics,22.2,8,20.2,10.6,2025-10-01,0,28,1,7,0
USR-01665,CMP-0588,Enterprise,2025-03-26,E-commerce,16.9,17,28.4,14.8,2025-10-01,0,30,0,8,0
USR-01666,CMP-0345,Free,2024-10-01,Logistics,2.9,1,5.7,1.0,2025-09-10,21,2,1,2,1
USR-01667,CMP-0001,Pro,2023-12-28,Media,8.6,11,16.1,12.6,2025-09-28,3,11,1,7,0
USR-01668,CMP-0147,Pro,2024-11-22,Technology,12.4,7,17.7,15.2,2025-09-30,1,26,3,6,0
USR-01669,CMP-0287,Free,2024-10-16,Education,6.0,3,1.5,4.2,2025-09-12,19,9,1,7,0
USR-01670,CMP-0053,Pro,2024-09-04,Technology,9.3,14,21.1,18.9,2025-09-30,1,15,1,6,0
USR-01671,CMP-0304,Pro,2023-10-23,Technology,15.3,21,3.7,17.5,2025-09-30,1,26,1,7,0
USR-01672,CMP-0069,Free,2023-11-20,Consulting,2.0,2,1.0,5.2,2025-09-24,7,1,1,7,0
USR-01673,CMP-0361,Free,2025-03-09,Healthcare,3.3,8,29.3,11.7,2025-09-26,5,15,4,7,0
USR-01674,CMP-0220,Enterprise,2025-01-27,Technology,10.1,13,42.8,13.4,2025-09-29,2,20,1,6,0
USR-01675,CMP-0575,Enterprise,2024-02-22,Consulting,21.6,23,44.0,20.5,2025-09-30,1,21,2,10,0
USR-01676,CMP-0585,Free,2024-12-17,Education,4.5,1,1.9,6.0,2025-09-25,6,11,6,6,1
USR-01677,CMP-0161,Free,2025-01-21,Finance,1.8,1,9.3,9.5,2025-09-04,27,6,1,7,1
USR-01678,CMP-0089,Free,2024-07-17,Education,0.3,1,7.5,4.7,2025-09-01,30,2,1,5,0
USR-01679,CMP-0585,Pro,2024-04-02,Marketing,14.4,7,31.0,7.1,2025-09-19,12,22,0,4,0
USR-01680,CMP-0589,Free,2024-08-11,Technology,0.8,2,1.7,4.0,2025-09-03,28,5,0,7,1
USR-01681,CMP-0159,Enterprise,2024-04-04,Technology,4.4,19,37.4,25.8,2025-09-29,2,10,1,8,0
USR-01682,CMP-0489,Free,2024-06-23,Finance,4.0,2,1.0,5.0,2025-09-17,14,11,4,7,0
USR-01683,CMP-0324,Free,2024-03-23,E-commerce,0.8,2,11.7,2.8,2025-09-20,11,9,3,3,1
USR-01684,CMP-0381,Pro,2024-03-25,Technology,15.2,12,15.1,9.2,2025-09-21,10,27,3,6,0
USR-01685,CMP-0102,Enterprise,2025-01-19,Healthcare,18.8,20,44.2,13.5,2025-09-29,2,24,1,8,0
USR-01686,CMP-0494,Pro,2025-03-27,Manufacturing,15.0,10,27.6,12.1,2025-10-01,0,22,1,7,0
USR-01687,CMP-0019,Pro,2024-09-21,Technology,8.5,17,23.7,18.6,2025-09-20,11,19,0,6,0
USR-01688,CMP-0454,Enterprise,2024-06-19,Manufacturing,17.7,22,24.5,19.4,2025-09-27,4,25,0,8,0
USR-01689,CMP-0482,Free,2025-02-03,Education,0.6,9,1.1,10.2,2025-09-07,24,7,1,9,0
USR-01690,CMP-0594,Enterprise,2024-03-12,Logistics,16.8,17,28.2,13.1,2025-10-01,0,24,0,8,0
USR-01691,CMP-0397,Free,2025-03-28,E-commerce,2.2,1,1.4,4.2,2025-09-27,4,0,1,8,1
USR-01692,CMP-0279,Enterprise,2024-04-01,Consulting,15.8,17,16.7,18.0,2025-09-30,1,28,2,7,0
USR-01693,CMP-0365,Pro,2025-02-19,Media,6.4,6,16.4,6.2,2025-09-27,4,12,2,7,1
USR-01694,CMP-0331,Free,2024-04-26,E-commerce,2.7,9,12.3,15.3,2025-09-29,2,1,2,6,0
USR-01695,CMP-0344,Enterprise,2024-03-26,Media,23.1,22,38.2,18.1,2025-09-30,1,29,2,7,0
USR-01696,CMP-0455,Free,2025-03-09,Education,12.6,4,7.6,7.1,2025-09-29,2,8,3,6,0
USR-01697,CMP-0065,Free,2024-09-24,E-commerce,2.6,6,1.1,10.3,2025-09-27,4,2,1,9,0
USR-01698,CMP-0076,Pro,2024-04-13,Consulting,5.5,6,25.3,7.6,2025-09-23,8,8,3,10,0
USR-01699,CMP-0143,Free,2025-02-02,Media,1.1,3,12.4,4.8,2025-09-04,27,1,3,8,0
USR-01700,CMP-0473,Pro,2025-02-02,Finance,15.5,13,16.4,9.1,2025-10-01,0,23,1,7,0
USR-01701,CMP-0417,Free,2024-02-08,Healthcare,4.2,3,18.5,9.5,2025-09-20,11,11,4,3,0
USR-01702,CMP-0305,Free,2024-03-21,E-commerce,3.0,5,4.1,6.5,2025-10-01,0,5,2,10,0
USR-01703,CMP-0497,Free,2024-07-02,Education,0.8,1,2.5,5.4,2025-09-30,1,0,1,4,0
USR-01704,CMP-0291,Free,2024-01-30,Technology,3.0,4,20.5,8.2,2025-09-14,17,2,4,9,0
USR-01705,CMP-0102,Pro,2024-12-11,Consulting,9.8,11,20.1,9.9,2025-09-22,9,25,1,7,0
USR-01706,CMP-0267,Pro,2024-12-05,Media,12.9,8,19.7,8.8,2025-09-20,11,22,2,4,0
USR-01707,CMP-0003,Enterprise,2023-10-28,Media,17.6,14,42.0,18.2,2025-09-30,1,23,1,5,0
USR-01708,CMP-0085,Enterprise,2024-02-14,Healthcare,10.3,18,45.1,14.0,2025-09-26,5,21,0,10,0
USR-01709,CMP-0328,Free,2024-10-24,Media,2.6,4,13.2,12.6,2025-09-29,2,0,2,4,0
USR-01710,CMP-0450,Pro,2024-05-03,Manufacturing,12.5,19,7.3,16.0,2025-09-29,2,19,2,4,0
USR-01711,CMP-0454,Free,2024-03-22,Marketing,10.5,1,1.0,1.0,2025-09-29,2,19,1,4,0
USR-01712,CMP-0221,Free,2024-05-16,Manufacturing,3.7,3,9.0,5.8,2025-09-09,22,17,0,5,0
USR-01713,CMP-0154,Pro,2024-10-14,Media,6.5,20,29.3,25.6,2025-09-30,1,10,2,7,0
USR-01714,CMP-0012,Free,2025-01-31,Consulting,8.1,1,2.7,1.0,2025-09-29,2,24,1,6,0
USR-01715,CMP-0133,Free,2024-12-25,E-commerce,4.9,5,13.4,6.6,2025-09-18,13,7,3,3,0
USR-01716,CMP-0304,Enterprise,2024-05-18,Education,14.9,13,26.8,14.8,2025-10-01,0,18,1,8,0
USR-01717,CMP-0293,Pro,2025-01-29,Technology,4.5,9,16.8,10.3,2025-10-01,0,5,0,10,0
USR-01718,CMP-0300,Pro,2024-01-03,E-commerce,11.2,15,28.1,16.1,2025-10-01,0,22,0,4,0
USR-01719,CMP-0043,Free,2024-01-08,Finance,2.0,1,12.6,1.6,2025-10-01,0,0,3,6,1
USR-01720,CMP-0343,Free,2024-07-20,E-commerce,16.1,4,16.7,4.4,2025-09-15,16,27,4,2,0
USR-01721,CMP-0326,Enterprise,2024-02-04,E-commerce,5.6,22,24.5,20.2,2025-09-29,2,8,1,7,0
USR-01722,CMP-0498,Free,2024-10-09,Education,3.7,4,1.0,2.8,2025-09-28,3,6,2,8,0
USR-01723,CMP-0364,Pro,2024-06-29,Healthcare,14.5,16,18.4,15.7,2025-09-30,1,15,3,2,0
USR-01724,CMP-0427,Free,2024-04-26,Media,7.5,1,8.6,2.6,2025-09-08,23,9,2,10,0
USR-01725,CMP-0021,Pro,2025-03-19,Healthcare,6.8,6,33.0,6.4,2025-09-27,4,18,1,4,0
USR-01726,CMP-0407,Free,2024-06-13,Finance,4.4,1,3.3,4.8,2025-09-15,16,11,1,0,1
USR-01727,CMP-0336,Enterprise,2024-09-15,Logistics,15.4,15,11.0,9.5,2025-09-30,1,23,0,8,0
USR-01728,CMP-0117,Enterprise,2024-09-23,Technology,24.2,15,34.3,14.3,2025-10-01,0,28,3,7,0
USR-01729,CMP-0124,Enterprise,2024-11-07,Manufacturing,22.8,19,22.5,25.2,2025-09-21,10,25,0,7,0
USR-01730,CMP-0399,Free,2024-03-26,Technology,10.7,11,6.2,8.5,2025-09-20,11,24,3,7,0
USR-01731,CMP-0051,Enterprise,2025-03-01,Media,14.7,19,41.3,22.1,2025-10-01,0,27,0,6,0
USR-01732,CMP-0324,Pro,2024-04-01,Technology,11.0,12,22.2,12.8,2025-09-28,3,10,1,8,0
USR-01733,CMP-0141,Free,2025-03-07,Marketing,15.9,9,9.3,8.4,2025-09-26,5,17,4,7,1
USR-01734,CMP-0470,Pro,2024-08-27,Manufacturing,22.0,16,14.2,11.8,2025-09-30,1,30,1,4,0
USR-01735,CMP-0334,Free,2025-02-11,Finance,5.5,1,45.0,4.2,2025-08-25,37,7,3,8,1
USR-01736,CMP-0373,Free,2024-04-17,Media,4.0,1,14.8,8.2,2025-09-02,29,3,2,7,1
USR-01737,CMP-0564,Pro,2024-03-09,Consulting,6.7,10,24.2,9.8,2025-09-30,1,7,2,10,0
USR-01738,CMP-0494,Free,2025-01-19,Finance,1.1,6,21.0,7.6,2025-09-25,6,1,2,5,1
USR-01739,CMP-0539,Pro,2023-11-28,Marketing,15.7,16,22.5,18.8,2025-09-21,10,22,3,5,0
USR-01740,CMP-0156,Free,2023-10-31,Manufacturing,4.0,1,7.4,4.8,2025-09-28,3,5,4,8,1
USR-01741,CMP-0291,Enterprise,2024-12-09,Education,21.1,21,8.4,15.1,2025-09-29,2,25,2,8,0
USR-01742,CMP-0144,Enterprise,2024-06-29,Marketing,12.9,16,41.0,16.1,2025-09-28,3,23,0,10,0
USR-01743,CMP-0106,Enterprise,2024-10-12,Finance,17.8,18,25.2,21.9,2025-09-28,3,23,1,9,0
USR-01744,CMP-0420,Free,2024-06-14,Media,0.4,7,23.3,8.5,2025-09-14,17,0,5,5,1
USR-01745,CMP-0002,Free,2024-01-10,Logistics,2.1,1,1.8,1.0,2025-09-14,17,9,4,3,0
USR-01746,CMP-0589,Pro,2023-11-04,Media,13.2,7,23.7,9.8,2025-09-08,23,11,0,6,0
USR-01747,CMP-0090,Free,2025-03-15,Manufacturing,7.7,1,3.2,3.2,2025-09-26,5,11,1,7,1
USR-01748,CMP-0345,Free,2025-01-22,Logistics,5.4,2,9.8,1.0,2025-09-02,29,9,2,1,0
USR-01749,CMP-0350,Pro,2025-02-28,Healthcare,11.5,14,19.0,9.2,2025-10-01,0,23,3,6,0
USR-01750,CMP-0459,Pro,2023-11-15,Manufacturing,5.6,14,13.4,17.1,2025-09-29,2,8,2,3,0
USR-01751,CMP-0263,Enterprise,2024-08-15,Manufacturing,18.3,14,46.8,12.0,2025-10-01,0,24,5,6,0
USR-01752,CMP-0351,Free,2023-11-25,Marketing,19.2,1,16.9,1.1,2025-09-17,14,24,1,3,0
USR-01753,CMP-0108,Free,2024-09-11,Media,2.4,1,8.0,3.7,2025-09-30,1,0,1,4,1
USR-01754,CMP-0586,Free,2024-02-04,Finance,0.6,3,20.3,3.5,2025-09-05,26,3,1,6,0
USR-01755,CMP-0039,Enterprise,2025-02-20,Education,23.4,14,40.1,14.5,2025-09-28,3,23,2,9,0
USR-01756,CMP-0159,Pro,2025-01-04,Technology,11.9,6,24.9,7.2,2025-10-01,0,8,1,9,0
USR-01757,CMP-0583,Enterprise,2023-12-22,E-commerce,16.3,16,33.8,12.2,2025-09-28,3,23,1,10,0
USR-01758,CMP-0312,Enterprise,2023-12-25,Education,20.8,19,26.4,16.7,2025-09-26,5,27,1,9,0
USR-01759,CMP-0241,Pro,2024-01-07,Technology,13.4,11,21.3,13.1,2025-09-24,7,22,0,6,0
USR-01760,CMP-0445,Pro,2024-05-07,Healthcare,17.2,9,29.9,10.3,2025-10-01,0,23,1,7,0
USR-01761,CMP-0298,Free,2023-11-15,Finance,4.3,2,19.0,4.4,2025-09-04,27,15,3,4,0
USR-01762,CMP-0036,Pro,2023-12-22,Media,14.7,3,12.6,11.2,2025-09-22,9,17,0,7,0
USR-01763,CMP-0084,Pro,2025-03-15,Consulting,15.0,14,11.8,16.4,2025-09-28,3,11,2,6,0
USR-01764,CMP-0452,Pro,2024-08-20,Manufacturing,12.7,4,20.6,8.8,2025-09-29,2,9,0,4,0
USR-01765,CMP-0385,Enterprise,2024-03-25,Education,22.8,13,44.2,12.9,2025-09-30,1,28,1,10,0
USR-01766,CMP-0172,Enterprise,2024-11-26,Technology,5.8,19,28.3,18.9,2025-09-25,6,8,2,10,0
USR-01767,CMP-0376,Enterprise,2024-02-16,Consulting,18.0,18,42.3,16.1,2025-10-01,0,21,0,6,0
USR-01768,CMP-0362,Pro,2025-01-24,Education,9.1,13,22.8,15.7,2025-10-01,0,6,2,8,0
USR-01769,CMP-0559,Pro,2024-02-26,Finance,12.7,12,26.8,12.3,2025-09-18,13,16,1,5,0
USR-01770,CMP-0141,Free,2024-03-04,Media,3.5,1,14.2,4.5,2025-10-01,0,11,2,5,0
USR-01771,CMP-0118,Free,2024-05-03,Logistics,10.2,1,1.0,4.3,2025-08-29,33,14,1,4,1
USR-01772,CMP-0277,Pro,2023-11-17,Education,10.2,10,29.5,10.9,2025-09-29,2,12,1,5,0
USR-01773,CMP-0220,Pro,2024-07-03,Education,5.0,7,21.9,17.4,2025-09-27,4,7,1,7,0
USR-01774,CMP-0026,Free,2025-03-23,Media,14.0,1,21.0,1.8,2025-09-30,1,24,3,0,1
USR-01775,CMP-0521,Enterprise,2025-04-02,Healthcare,8.4,17,34.1,14.6,2025-09-25,6,11,0,7,0
USR-01776,CMP-0010,Free,2024-08-24,Marketing,2.9,1,5.9,5.9,2025-09-12,19,3,0,10,0
USR-01777,CMP-0378,Free,2024-10-12,Education,3.7,1,1.9,2.0,2025-08-26,36,7,1,1,0
USR-01778,CMP-0584,Pro,2024-03-16,Media,7.2,8,20.4,8.5,2025-09-23,8,8,0,6,0
USR-01779,CMP-0152,Free,2024-08-07,Marketing,5.0,1,13.1,1.0,2025-09-29,2,10,3,6,1
USR-01780,CMP-0049,Free,2023-10-06,Media,8.1,8,2.0,10.9,2025-09-26,5,9,1,5,0
USR-01781,CMP-0154,Free,2025-03-22,Media,3.0,1,4.3,5.3,2025-09-22,9,1,2,3,1
USR-01782,CMP-0293,Pro,2024-09-22,Healthcare,12.7,15,20.2,14.1,2025-09-25,6,18,2,8,1
USR-01783,CMP-0580,Pro,2024-03-04,Media,18.7,18,38.8,19.5,2025-09-13,18,27,1,7,0
USR-01784,CMP-0050,Pro,2024-01-30,Finance,18.2,5,24.8,1.4,2025-09-28,3,24,1,5,0
USR-01785,CMP-0531,Pro,2024-06-03,Education,5.6,10,16.8,8.9,2025-09-23,8,11,3,8,0
USR-01786,CMP-0060,Free,2024-05-06,Technology,6.3,1,2.6,3.3,2025-08-17,45,10,3,4,0
USR-01787,CMP-0167,Enterprise,2024-02-20,Technology,14.7,11,30.5,8.3,2025-10-01,0,20,0,6,0
USR-01788,CMP-0202,Free,2025-04-02,Technology,0.9,1,1.5,1.0,2025-09-04,27,4,0,6,0
USR-01789,CMP-0146,Enterprise,2024-01-09,Media,18.4,22,34.2,19.7,2025-09-30,1,24,1,6,0
USR-01790,CMP-0439,Pro,2023-11-27,Consulting,7.0,20,13.0,21.1,2025-09-22,9,6,3,10,0
USR-01791,CMP-0242,Enterprise,2024-02-13,Marketing,13.1,14,22.1,18.0,2025-09-30,1,11,1,10,0
USR-01792,CMP-0581,Free,2024-03-10,Marketing,5.6,2,23.0,3.0,2025-09-26,5,5,2,6,0
USR-01793,CMP-0561,Pro,2024-03-28,Media,7.5,12,10.5,14.8,2025-10-01,0,6,3,5,0
USR-01794,CMP-0483,Free,2025-02-12,Finance,3.8,2,4.0,6.5,2025-08-13,49,18,1,2,0
USR-01795,CMP-0108,Free,2024-03-25,Finance,1.2,10,3.9,14.7,2025-09-08,23,1,2,0,0
USR-01796,CMP-0226,Pro,2024-03-06,Manufacturing,6.5,16,26.4,14.7,2025-10-01,0,6,0,10,0
USR-01797,CMP-0432,Free,2024-11-14,Media,10.8,5,4.0,1.6,2025-06-17,106,19,3,3,1
USR-01798,CMP-0419,Pro,2025-01-09,E-commerce,11.4,14,24.9,14.4,2025-09-25,6,15,1,7,1
USR-01799,CMP-0455,Free,2023-12-28,Healthcare,9.5,3,4.9,2.4,2025-09-05,26,29,2,5,1
USR-01800,CMP-0160,Free,2025-02-18,Technology,4.8,3,1.6,3.2,2025-10-01,0,3,2,1,1
USR-01801,CMP-0523,Enterprise,2024-08-10,Healthcare,13.8,19,55.1,17.3,2025-09-30,1,22,0,7,0
USR-01802,CMP-0590,Pro,2025-03-26,Technology,8.8,8,23.6,8.4,2025-09-24,7,17,1,4,0
USR-01803,CMP-0077,Pro,2023-10-23,Logistics,3.6,20,19.8,19.4,2025-10-01,0,13,0,8,0
USR-01804,CMP-0509,Pro,2024-10-09,Logistics,10.5,9,24.7,12.3,2025-09-27,4,18,0,8,0
USR-01805,CMP-0441,Enterprise,2025-03-30,Media,21.8,19,29.2,17.1,2025-09-30,1,19,1,7,0
USR-01806,CMP-0254,Free,2024-06-02,Logistics,25.0,13,4.9,14.6,2025-09-28,3,25,1,3,0
USR-01807,CMP-0320,Pro,2023-10-05,Consulting,9.6,14,10.2,14.2,2025-09-29,2,19,1,7,0
USR-01808,CMP-0263,Enterprise,2024-05-13,Manufacturing,20.6,23,39.4,24.2,2025-09-21,10,18,2,9,0
USR-01809,CMP-0597,Pro,2024-04-14,Finance,20.1,8,27.1,8.8,2025-09-29,2,30,1,4,0
USR-01810,CMP-0554,Pro,2024-03-06,Consulting,9.4,10,15.9,10.8,2025-09-30,1,19,3,10,0
USR-01811,CMP-0374,Pro,2024-06-09,Healthcare,5.3,18,13.8,16.3,2025-09-26,5,12,1,6,0
USR-01812,CMP-0167,Pro,2023-10-27,Healthcare,15.2,8,30.1,8.9,2025-09-24,7,21,2,6,0
USR-01813,CMP-0459,Pro,2024-06-24,Logistics,16.0,6,14.1,5.4,2025-09-22,9,27,0,10,0
USR-01814,CMP-0280,Free,2024-05-10,Finance,8.4,3,7.3,2.8,2025-09-12,19,23,1,5,0
USR-01815,CMP-0302,Free,2025-02-14,Manufacturing,2.0,6,24.1,10.1,2025-10-01,0,2,3,5,0
USR-01816,CMP-0531,Enterprise,2024-03-23,Technology,18.0,24,28.9,19.0,2025-09-30,1,27,0,6,0
USR-01817,CMP-0580,Free,2023-10-15,Consulting,20.2,1,1.0,2.8,2025-09-11,20,22,1,4,0
USR-01818,CMP-0218,Pro,2024-11-12,Manufacturing,10.4,18,25.2,20.4,2025-09-15,16,16,2,5,0
USR-01819,CMP-0102,Free,2025-02-04,Education,0.2,3,5.5,4.3,2025-09-19,12,0,1,1,1
USR-01820,CMP-0554,Pro,2025-01-20,Marketing,12.8,10,33.9,13.5,2025-10-01,0,12,0,2,0
USR-01821,CMP-0288,Free,2025-04-02,Logistics,0.9,4,13.6,4.4,2025-09-24,7,0,1,4,0
USR-01822,CMP-0167,Free,2024-01-13,Technology,6.5,2,33.8,1.4,2025-09-30,1,13,2,2,0
USR-01823,CMP-0036,Enterprise,2024-07-04,Education,18.2,14,29.7,9.4,2025-09-27,4,27,1,8,0
USR-01824,CMP-0353,Enterprise,2023-10-23,Technology,11.2,17,31.0,20.5,2025-10-01,0,19,2,7,0
USR-01825,CMP-0073,Pro,2024-09-02,Technology,15.4,10,24.0,7.6,2025-09-30,1,26,1,3,0
USR-01826,CMP-0353,Pro,2023-12-07,Logistics,10.7,7,27.0,10.8,2025-09-28,3,23,3,10,0
USR-01827,CMP-0070,Pro,2024-05-11,Technology,9.8,11,37.7,8.8,2025-09-27,4,16,1,6,0
USR-01828,CMP-0425,Pro,2024-07-24,Manufacturing,11.8,13,8.7,17.4,2025-09-28,3,6,0,8,0
USR-01829,CMP-0561,Pro,2024-03-14,Manufacturing,12.2,14,28.6,20.8,2025-09-27,4,28,1,10,0
USR-01830,CMP-0517,Free,2024-11-30,Education,0.4,6,25.2,2.7,2025-09-14,17,5,3,5,1
USR-01831,CMP-0428,Pro,2023-10-03,Healthcare,16.5,20,27.9,15.7,2025-09-28,3,26,2,7,0
USR-01832,CMP-0539,Pro,2024-05-16,Finance,10.7,15,8.3,17.3,2025-09-26,5,14,2,9,0
USR-01833,CMP-0160,Enterprise,2024-09-13,Consulting,13.6,21,28.9,21.3,2025-09-30,1,12,0,7,0
USR-01834,CMP-0149,Free,2024-10-15,Consulting,14.1,2,10.2,6.9,2025-09-25,6,17,5,8,1
USR-01835,CMP-0230,Pro,2024-08-31,E-commerce,15.8,21,36.0,18.1,2025-09-25,6,20,3,6,0
USR-01836,CMP-0562,Pro,2024-08-03,Logistics,14.0,14,9.5,20.2,2025-09-27,4,13,1,7,0
USR-01837,CMP-0067,Pro,2024-05-04,Media,9.9,8,12.9,9.8,2025-09-23,8,20,0,7,0
USR-01838,CMP-0381,Free,2024-06-11,Media,18.3,9,6.3,6.5,2025-09-20,11,23,2,4,0
USR-01839,CMP-0058,Pro,2024-10-05,Education,11.4,9,19.9,9.4,2025-09-20,11,21,5,5,0
USR-01840,CMP-0259,Free,2024-05-06,Technology,0.1,5,11.7,3.4,2025-09-23,8,3,2,3,0
USR-01841,CMP-0342,Free,2023-11-11,Technology,14.7,1,16.1,8.6,2025-09-22,9,19,2,2,0
USR-01842,CMP-0130,Pro,2024-03-18,Logistics,13.3,19,11.9,16.2,2025-09-24,7,22,1,6,0
USR-01843,CMP-0172,Pro,2024-09-18,Marketing,5.6,12,21.8,14.1,2025-09-30,1,16,1,6,0
USR-01844,CMP-0209,Pro,2024-05-08,Healthcare,18.7,20,33.0,17.6,2025-09-28,3,26,1,7,0
USR-01845,CMP-0354,Enterprise,2024-10-22,E-commerce,21.8,20,30.9,17.2,2025-09-29,2,26,1,7,0
USR-01846,CMP-0471,Free,2024-08-06,Manufacturing,1.0,6,5.3,2.1,2025-10-01,0,3,1,8,0
USR-01847,CMP-0116,Free,2024-08-21,Technology,16.0,1,11.9,5.6,2025-09-23,8,27,4,8,1
USR-01848,CMP-0264,Pro,2024-01-10,E-commerce,17.0,11,9.0,15.7,2025-09-25,6,25,0,9,0
USR-01849,CMP-0442,Free,2024-09-21,Consulting,3.9,1,15.9,1.1,2025-08-15,47,10,4,4,1
USR-01850,CMP-0548,Free,2024-09-13,Marketing,2.7,1,1.0,1.0,2025-09-02,29,0,2,4,0
USR-01851,CMP-0453,Free,2024-01-03,Manufacturing,18.9,1,7.4,6.2,2025-09-27,4,26,5,2,0
USR-01852,CMP-0477,Free,2024-07-22,Logistics,4.4,1,2.3,1.0,2025-09-22,9,12,1,8,0
USR-01853,CMP-0287,Enterprise,2023-10-24,E-commerce,20.0,19,35.5,21.9,2025-10-01,0,20,1,6,0
USR-01854,CMP-0303,Free,2024-07-07,Education,10.1,6,1.0,5.1,2025-09-28,3,9,5,3,1
USR-01855,CMP-0311,Pro,2025-03-27,Manufacturing,12.6,8,16.7,6.1,2025-09-21,10,21,2,7,0
USR-01856,CMP-0208,Free,2024-09-16,Logistics,4.0,4,12.3,6.9,2025-09-30,1,12,5,4,0
USR-01857,CMP-0446,Pro,2025-02-05,Media,13.6,19,57.8,15.1,2025-09-29,2,14,3,9,0
USR-01858,CMP-0055,Free,2024-03-08,Logistics,0.0,1,13.7,1.7,2025-08-22,40,10,2,3,1
USR-01859,CMP-0012,Pro,2024-12-07,Logistics,9.1,13,17.0,14.5,2025-09-19,12,23,1,7,0
USR-01860,CMP-0400,Pro,2024-03-02,Manufacturing,8.2,7,34.6,1.3,2025-09-21,10,20,0,3,0
USR-01861,CMP-0515,Free,2024-05-09,Marketing,1.8,4,10.0,11.1,2025-09-04,27,6,4,8,0
USR-01862,CMP-0542,Pro,2024-07-12,Manufacturing,6.7,10,7.9,11.1,2025-09-22,9,12,3,3,0
USR-01863,CMP-0237,Free,2023-11-02,Finance,0.5,5,9.1,3.1,2025-09-30,1,0,1,10,0
USR-01864,CMP-0279,Pro,2023-12-12,Healthcare,2.7,17,35.8,13.5,2025-09-26,5,0,2,6,0
USR-01865,CMP-0348,Free,2024-11-22,Marketing,0.2,4,29.4,9.2,2025-09-23,8,3,4,4,0
USR-01866,CMP-0104,Enterprise,2024-04-15,Education,20.1,25,33.7,24.8,2025-09-30,1,26,1,7,0
USR-01867,CMP-0517,Free,2023-11-24,Marketing,2.9,15,3.4,19.2,2025-09-06,25,6,2,2,0
USR-01868,CMP-0248,Pro,2024-12-19,Consulting,21.9,16,19.5,13.8,2025-09-27,4,26,0,8,0
USR-01869,CMP-0364,Free,2024-06-19,Education,5.0,1,9.8,4.7,2025-10-01,0,10,0,4,1
USR-01870,CMP-0321,Free,2024-11-09,Media,8.8,2,1.4,5.9,2025-09-27,4,21,2,4,0
USR-01871,CMP-0286,Pro,2024-05-13,Manufacturing,21.5,13,17.5,15.5,2025-09-30,1,27,4,9,0
USR-01872,CMP-0149,Enterprise,2024-02-15,Logistics,13.1,9,55.7,13.6,2025-09-25,6,14,0,5,0
USR-01873,CMP-0084,Free,2024-09-07,Manufacturing,15.3,1,27.0,1.6,2025-09-17,14,26,1,5,0
USR-01874,CMP-0406,Free,2024-06-13,Consulting,9.2,1,17.8,3.5,2025-09-20,11,16,2,5,1
USR-01875,CMP-0456,Free,2024-03-03,E-commerce,2.8,3,6.9,3.6,2025-09-22,9,6,3,5,1
USR-01876,CMP-0161,Free,2024-12-23,Consulting,5.2,1,12.1,3.6,2025-09-17,14,11,6,4,1
USR-01877,CMP-0460,Free,2023-11-14,Finance,1.0,1,8.4,5.9,2025-09-12,19,0,3,4,1
USR-01878,CMP-0550,Pro,2024-09-08,Logistics,13.7,10,8.1,6.0,2025-09-26,5,22,3,10,0
USR-01879,CMP-0500,Free,2024-02-02,Logistics,3.7,12,6.2,15.9,2025-08-24,38,4,4,6,0
USR-01880,CMP-0509,Free,2024-03-08,Technology,13.1,3,1.0,2.0,2025-08-10,52,12,2,3,0
USR-01881,CMP-0481,Pro,2024-12-17,E-commerce,12.2,11,29.3,10.9,2025-08-25,37,14,2,8,0
USR-01882,CMP-0114,Free,2024-04-22,Technology,2.6,6,4.4,11.5,2025-09-16,15,15,3,5,1
USR-01883,CMP-0578,Free,2025-02-14,Media,25.0,2,11.9,5.6,2025-08-25,37,22,1,7,0
USR-01884,CMP-0361,Free,2024-12-21,Healthcare,4.3,9,30.6,11.2,2025-09-24,7,16,1,4,0
USR-01885,CMP-0341,Pro,2024-02-10,Healthcare,12.5,22,22.5,17.1,2025-09-18,13,18,2,5,0
USR-01886,CMP-0449,Free,2024-03-28,Manufacturing,1.6,2,9.3,1.5,2025-08-29,33,4,1,1,1
USR-01887,CMP-0180,Pro,2025-03-09,Healthcare,9.4,9,26.2,13.0,2025-09-15,16,14,3,9,0
USR-01888,CMP-0407,Free,2024-07-06,Logistics,0.2,5,2.1,5.2,2025-09-07,24,6,3,7,0
USR-01889,CMP-0196,Pro,2024-04-30,Consulting,9.2,5,18.5,5.5,2025-09-28,3,9,2,7,0
USR-01890,CMP-0466,Free,2024-06-08,E-commerce,8.0,1,3.4,6.7,2025-09-29,2,7,2,7,1
USR-01891,CMP-0311,Pro,2023-12-12,Manufacturing,16.1,13,23.6,10.3,2025-09-29,2,25,3,9,0
USR-01892,CMP-0262,Enterprise,2023-10-09,Manufacturing,13.5,16,22.7,16.6,2025-09-27,4,7,2,5,0
USR-01893,CMP-0419,Pro,2024-07-14,E-commerce,8.9,21,30.8,19.9,2025-09-30,1,18,2,7,0
USR-01894,CMP-0406,Free,2023-10-11,Logistics,18.2,1,1.0,3.8,2025-09-22,9,25,1,0,0
USR-01895,CMP-0143,Free,2024-10-21,Media,2.2,2,17.8,3.0,2025-09-20,11,3,2,4,0
USR-01896,CMP-0342,Free,2024-05-24,Media,4.6,2,3.7,2.9,2025-09-19,12,9,4,6,0
USR-01897,CMP-0316,Free,2025-04-04,Manufacturing,4.7,7,1.0,5.4,2025-08-24,38,9,2,4,0
USR-01898,CMP-0101,Free,2024-07-18,Media,4.1,1,1.0,5.2,2025-09-16,15,17,6,9,1
USR-01899,CMP-0244,Enterprise,2025-02-01,Logistics,19.3,22,27.8,18.6,2025-09-27,4,25,0,7,0
USR-01900,CMP-0490,Free,2023-12-09,Finance,2.6,4,14.9,9.1,2025-09-19,12,5,1,3,0
USR-01901,CMP-0012,Pro,2024-05-19,Finance,15.0,10,17.6,10.3,2025-09-19,12,16,0,7,0
USR-01902,CMP-0239,Pro,2024-09-16,Technology,10.8,15,30.1,11.8,2025-09-29,2,17,0,4,0
USR-01903,CMP-0561,Pro,2024-08-26,Marketing,13.4,10,17.2,10.3,2025-09-30,1,21,6,5,0
USR-01904,CMP-0042,Free,2024-11-04,Education,3.9,2,1.9,3.4,2025-08-26,36,9,3,7,1
USR-01905,CMP-0594,Enterprise,2023-12-30,Healthcare,18.7,19,54.8,21.2,2025-09-28,3,19,2,9,0
USR-01906,CMP-0429,Free,2024-08-31,Media,8.5,11,10.6,10.7,2025-09-16,15,20,2,5,0
USR-01907,CMP-0158,Pro,2024-09-21,Finance,14.5,11,21.4,11.0,2025-09-27,4,13,0,8,0
USR-01908,CMP-0216,Pro,2024-09-15,Consulting,16.9,8,27.7,13.6,2025-09-28,3,23,0,10,0
USR-01909,CMP-0462,Pro,2024-08-14,E-commerce,14.2,10,23.4,12.5,2025-09-26,5,25,1,6,0
USR-01910,CMP-0134,Pro,2024-11-15,Marketing,11.8,11,21.7,16.8,2025-10-01,0,17,2,5,0
USR-01911,CMP-0067,Free,2023-11-24,Technology,0.9,11,21.5,15.6,2025-09-23,8,13,1,6,0
USR-01912,CMP-0007,Free,2025-02-07,Education,3.3,8,1.0,6.7,2025-09-23,8,4,3,7,1
USR-01913,CMP-0526,Pro,2023-11-18,Finance,12.4,10,9.5,14.0,2025-09-26,5,18,0,8,1
USR-01914,CMP-0073,Free,2024-11-14,Technology,6.1,2,1.0,9.2,2025-09-17,14,14,4,8,1
USR-01915,CMP-0399,Enterprise,2023-10-14,Marketing,19.0,17,41.4,21.2,2025-09-22,9,27,0,9,0
USR-01916,CMP-0405,Free,2024-12-20,E-commerce,5.9,1,3.0,6.8,2025-09-17,14,9,0,6,0
USR-01917,CMP-0578,Free,2024-10-22,Healthcare,2.6,1,2.1,6.7,2025-09-01,30,3,1,7,0
USR-01918,CMP-0130,Free,2024-09-02,Finance,1.1,5,6.1,6.1,2025-09-20,11,4,3,6,0
USR-01919,CMP-0466,Free,2025-01-24,E-commerce,2.2,1,9.5,1.3,2025-09-18,13,4,5,1,1
USR-01920,CMP-0206,Pro,2025-01-05,Education,11.7,12,11.7,11.5,2025-10-01,0,24,0,3,0
USR-01921,CMP-0266,Pro,2024-08-20,Media,9.7,13,15.4,8.4,2025-09-30,1,20,2,4,0
USR-01922,CMP-0537,Pro,2025-01-16,Marketing,2.0,15,13.6,19.0,2025-09-25,6,2,0,8,0
USR-01923,CMP-0253,Enterprise,2024-04-21,Education,14.7,15,40.6,14.2,2025-09-30,1,14,1,7,0
USR-01924,CMP-0289,Enterprise,2024-08-02,Healthcare,13.2,16,36.4,19.7,2025-09-27,4,25,1,8,0
USR-01925,CMP-0164,Enterprise,2024-07-07,E-commerce,21.1,21,45.9,16.1,2025-09-29,2,25,1,10,0
USR-01926,CMP-0095,Free,2024-02-27,Logistics,6.2,5,4.6,10.2,2025-09-02,29,14,2,8,1
USR-01927,CMP-0110,Pro,2024-12-10,Healthcare,8.6,13,27.4,11.9,2025-09-06,25,14,0,2,1
USR-01928,CMP-0336,Free,2024-01-26,Manufacturing,5.0,1,3.2,1.0,2025-09-29,2,1,2,7,0
USR-01929,CMP-0238,Free,2023-10-23,Finance,2.4,3,6.1,10.3,2025-09-24,7,1,4,5,1
USR-01930,CMP-0381,Pro,2024-01-19,Media,9.4,14,20.4,17.5,2025-09-24,7,13,1,5,1
USR-01931,CMP-0436,Free,2024-10-15,Marketing,3.7,2,18.8,5.2,2025-09-26,5,7,6,4,1
USR-01932,CMP-0483,Free,2025-03-20,Consulting,0.5,3,44.9,5.5,2025-09-27,4,0,1,4,1
USR-01933,CMP-0025,Free,2025-02-08,E-commerce,2.9,1,1.0,5.1,2025-09-08,23,1,5,2,1
USR-01934,CMP-0117,Free,2024-12-23,Logistics,4.4,1,1.0,4.4,2025-08-07,55,11,5,6,1
USR-01935,CMP-0482,Enterprise,2024-06-25,Consulting,15.0,23,48.7,19.0,2025-09-27,4,25,3,10,0
USR-01936,CMP-0392,Free,2023-11-05,Finance,3.7,2,1.6,3.4,2025-09-21,10,16,3,8,0
USR-01937,CMP-0537,Free,2024-07-01,Finance,2.0,10,4.9,16.9,2025-09-23,8,1,2,0,1
USR-01938,CMP-0079,Pro,2024-07-10,Marketing,14.8,9,27.0,18.2,2025-09-26,5,10,0,7,0
USR-01939,CMP-0580,Free,2024-03-01,Logistics,1.2,8,35.9,14.1,2025-09-23,8,0,1,6,1
USR-01940,CMP-0173,Enterprise,2023-11-19,Finance,18.3,18,37.6,18.8,2025-09-29,2,24,1,6,0
USR-01941,CMP-0012,Free,2025-01-09,Consulting,5.3,1,6.9,2.8,2025-09-28,3,1,1,2,0
USR-01942,CMP-0128,Pro,2024-05-20,Logistics,7.3,8,16.5,7.0,2025-09-15,16,10,2,8,1
USR-01943,CMP-0092,Pro,2025-03-04,Consulting,12.6,7,17.2,6.4,2025-09-22,9,21,1,7,0
USR-01944,CMP-0543,Enterprise,2024-05-04,Healthcare,26.8,23,42.3,19.7,2025-09-28,3,25,0,7,0
USR-01945,CMP-0532,Pro,2025-02-13,Education,14.8,21,14.3,26.3,2025-09-11,20,17,4,8,0
USR-01946,CMP-0447,Enterprise,2025-01-16,Logistics,21.0,25,51.1,28.4,2025-09-30,1,22,2,10,0
USR-01947,CMP-0390,Free,2024-10-13,Technology,1.0,1,10.9,6.0,2025-09-30,1,4,1,6,0
USR-01948,CMP-0043,Free,2023-11-21,Education,4.8,6,4.7,4.9,2025-09-07,24,9,2,6,1
USR-01949,CMP-0254,Free,2025-01-19,Education,2.7,1,16.4,6.5,2025-07-03,90,1,1,5,1
USR-01950,CMP-0130,Enterprise,2024-05-24,Logistics,12.6,17,47.3,15.9,2025-09-29,2,30,1,7,0
USR-01951,CMP-0060,Free,2024-03-28,Media,5.3,6,7.6,1.3,2025-10-01,0,6,2,7,0
USR-01952,CMP-0467,Free,2025-01-14,Finance,25.0,4,1.1,7.1,2025-09-10,21,20,1,5,0
USR-01953,CMP-0287,Free,2025-01-24,Healthcare,13.9,4,16.0,3.7,2025-09-30,1,12,2,6,0
USR-01954,CMP-0517,Free,2025-01-24,Media,0.0,2,30.6,2.2,2025-09-21,10,5,3,9,0
USR-01955,CMP-0467,Free,2025-02-18,Media,10.8,4,1.0,5.4,2025-09-27,4,19,1,7,0
USR-01956,CMP-0345,Enterprise,2025-02-17,Technology,14.0,24,32.2,20.7,2025-09-24,7,9,1,6,0
USR-01957,CMP-0382,Pro,2024-02-08,E-commerce,4.6,14,3.0,14.1,2025-09-27,4,12,2,4,1
USR-01958,CMP-0253,Pro,2024-11-07,Logistics,12.4,12,29.4,12.4,2025-09-15,16,20,2,9,0
USR-01959,CMP-0056,Pro,2024-11-26,Consulting,12.2,13,16.3,7.8,2025-09-29,2,18,2,6,0
USR-01960,CMP-0463,Free,2024-01-05,Finance,4.7,2,11.1,9.2,2025-09-25,6,18,3,6,1
USR-01961,CMP-0457,Free,2023-11-17,Media,6.3,5,9.1,4.0,2025-08-21,41,6,1,3,1
USR-01962,CMP-0083,Free,2024-08-04,Healthcare,7.2,1,2.1,1.0,2025-09-28,3,13,2,7,1
USR-01963,CMP-0099,Free,2023-12-18,E-commerce,1.5,2,2.5,3.6,2025-09-19,12,1,4,10,0
USR-01964,CMP-0149,Pro,2024-03-19,Technology,5.8,11,30.1,11.5,2025-09-28,3,11,4,7,0
USR-01965,CMP-0329,Free,2024-12-23,Manufacturing,0.3,1,4.6,8.2,2025-09-11,20,7,4,7,1
USR-01966,CMP-0156,Free,2023-12-03,Finance,1.0,1,14.0,4.6,2025-09-30,1,1,4,8,0
USR-01967,CMP-0190,Pro,2025-02-27,Manufacturing,8.4,13,18.3,15.1,2025-09-27,4,19,3,10,0
USR-01968,CMP-0494,Enterprise,2023-10-04,Education,18.6,10,49.4,11.8,2025-09-28,3,24,2,6,0
USR-01969,CMP-0263,Enterprise,2023-11-02,Media,12.3,15,31.9,15.7,2025-09-30,1,19,3,8,0
USR-01970,CMP-0080,Enterprise,2024-05-07,Marketing,23.3,23,38.3,22.3,2025-10-01,0,24,3,9,0
USR-01971,CMP-0400,Enterprise,2024-03-04,Finance,29.4,12,44.8,6.8,2025-09-28,3,29,1,10,0
USR-01972,CMP-0260,Free,2024-06-13,Consulting,0.5,5,17.0,6.3,2025-09-22,9,0,3,4,1
USR-01973,CMP-0552,Pro,2024-12-19,E-commerce,10.3,15,14.5,18.5,2025-10-01,0,19,1,5,1
USR-01974,CMP-0101,Free,2023-10-23,Healthcare,2.5,1,2.6,15.6,2025-09-18,13,2,2,5,0
USR-01975,CMP-0359,Pro,2025-01-12,Finance,11.3,14,36.9,10.6,2025-09-14,17,22,0,6,0
USR-01976,CMP-0380,Pro,2024-06-21,Consulting,13.3,21,22.5,21.1,2025-10-01,0,21,1,6,0
USR-01977,CMP-0221,Free,2023-12-31,Logistics,5.9,1,45.0,2.1,2025-09-19,12,8,3,6,0
USR-01978,CMP-0420,Enterprise,2024-09-02,Manufacturing,11.4,22,27.3,26.7,2025-09-28,3,12,0,7,0
USR-01979,CMP-0124,Enterprise,2024-06-28,Logistics,5.5,20,26.4,14.9,2025-10-01,0,6,1,10,0
USR-01980,CMP-0422,Free,2024-01-02,E-commerce,2.4,7,17.6,10.5,2025-10-01,0,2,5,4,1
USR-01981,CMP-0231,Enterprise,2024-04-26,Technology,24.1,12,46.8,8.4,2025-09-30,1,24,4,7,0
USR-01982,CMP-0063,Free,2024-09-23,Media,9.2,9,14.7,9.2,2025-09-10,21,14,1,2,0
USR-01983,CMP-0485,Pro,2024-10-29,Finance,15.6,24,17.9,22.1,2025-09-30,1,27,0,9,0
USR-01984,CMP-0574,Pro,2023-12-27,Marketing,7.7,12,28.7,15.8,2025-09-19,12,12,0,4,0
USR-01985,CMP-0483,Pro,2024-12-22,Manufacturing,9.6,12,29.3,9.4,2025-09-24,7,17,4,7,1
USR-01986,CMP-0519,Enterprise,2025-03-02,Manufacturing,25.5,23,28.3,23.4,2025-09-30,1,25,1,9,0
USR-01987,CMP-0155,Enterprise,2024-12-24,Finance,16.6,21,20.8,19.9,2025-09-29,2,23,1,3,0
USR-01988,CMP-0092,Enterprise,2024-05-15,Education,8.7,18,40.8,18.2,2025-09-21,10,22,1,6,0
USR-01989,CMP-0526,Free,2024-11-15,Logistics,0.5,6,7.5,10.7,2025-09-28,3,5,2,4,1
USR-01990,CMP-0455,Enterprise,2023-12-18,Manufacturing,18.1,17,41.8,12.8,2025-09-29,2,27,1,10,0
USR-01991,CMP-0598,Free,2025-03-05,Consulting,9.5,2,4.9,7.0,2025-09-18,13,17,5,4,1
USR-01992,CMP-0510,Enterprise,2025-02-01,Healthcare,11.2,18,29.1,15.7,2025-10-01,0,18,0,7,0
USR-01993,CMP-0183,Free,2025-01-08,Media,1.3,7,17.9,11.9,2025-10-01,0,3,2,3,1
USR-01994,CMP-0386,Free,2024-06-05,Manufacturing,13.7,1,4.8,4.8,2025-10-01,0,17,6,3,0
USR-01995,CMP-0574,Pro,2025-02-03,Consulting,9.9,9,17.9,9.6,2025-09-29,2,18,2,5,0
USR-01996,CMP-0405,Free,2024-03-05,E-commerce,0.4,6,5.8,6.0,2025-09-30,1,0,4,3,0
USR-01997,CMP-0246,Free,2024-05-06,E-commerce,4.2,3,9.6,7.9,2025-09-09,22,12,2,3,1
USR-01998,CMP-0591,Free,2024-02-19,Media,4.1,1,1.0,7.6,2025-07-11,82,13,2,3,0
USR-01999,CMP-0471,Free,2024-06-25,Education,9.5,2,29.6,3.0,2025-10-01,0,21,0,4,1
USR-02000,CMP-0423,Free,2023-12-26,Marketing,25.0,4,8.5,2.8,2025-09-24,7,24,4,7,1
USR-02001,CMP-0065,Free,2025-01-15,Media,3.5,4,7.1,8.3,2025-10-01,0,9,5,2,1
USR-02002,CMP-0013,Pro,2025-01-18,Technology,17.2,14,30.0,9.9,2025-09-30,1,27,4,5,0
USR-02003,CMP-0213,Free,2023-10-13,Education,2.1,2,18.3,1.0,2025-09-26,5,5,1,4,0
USR-02004,CMP-0242,Pro,2024-04-09,Manufacturing,26.6,12,22.5,9.4,2025-09-28,3,28,1,6,0
USR-02005,CMP-0493,Free,2025-01-18,Media,8.7,2,26.2,3.4,2025-08-23,39,20,2,3,1
USR-02006,CMP-0213,Enterprise,2023-11-13,Logistics,20.4,21,46.1,15.8,2025-09-30,1,23,1,10,0
USR-02007,CMP-0338,Enterprise,2024-10-23,E-commerce,22.3,18,17.9,11.6,2025-09-29,2,26,2,8,0
USR-02008,CMP-0173,Free,2025-03-27,Consulting,4.9,6,6.2,4.4,2025-09-28,3,6,5,7,0
USR-02009,CMP-0164,Enterprise,2024-10-12,Media,18.0,12,46.3,14.5,2025-10-01,0,22,1,8,0
USR-02010,CMP-0465,Enterprise,2023-12-30,Logistics,16.9,18,25.6,13.6,2025-09-25,6,26,1,10,0
USR-02011,CMP-0497,Enterprise,2024-06-02,Education,19.0,12,18.1,11.6,2025-10-01,0,26,1,6,0
USR-02012,CMP-0395,Pro,2024-08-03,Technology,14.1,15,24.8,20.8,2025-09-08,23,30,1,5,0
USR-02013,CMP-0308,Free,2024-12-04,Consulting,0.9,3,45.0,5.3,2025-09-30,1,7,3,3,1
USR-02014,CMP-0183,Pro,2024-10-02,Healthcare,16.3,8,31.7,10.4,2025-09-25,6,24,2,6,0
USR-02015,CMP-0510,Pro,2025-03-04,Technology,11.8,17,16.5,13.8,2025-08-10,52,16,2,10,1
USR-02016,CMP-0546,Pro,2024-05-30,Manufacturing,9.5,15,29.0,21.5,2025-09-30,1,17,2,10,0
USR-02017,CMP-0564,Free,2024-03-29,Logistics,1.9,3,3.1,3.8,2025-09-24,7,2,2,7,0
USR-02018,CMP-0594,Enterprise,2025-02-08,Media,22.8,24,44.4,21.5,2025-09-27,4,23,1,7,0
USR-02019,CMP-0227,Enterprise,2024-07-06,Media,20.3,13,30.5,17.4,2025-10-01,0,24,0,9,0
USR-02020,CMP-0436,Free,2023-12-28,Finance,2.2,9,1.0,9.7,2025-09-15,16,4,2,9,1
USR-02021,CMP-0422,Free,2024-01-05,E-commerce,2.8,2,2.6,4.7,2025-09-30,1,7,4,8,0
USR-02022,CMP-0554,Free,2024-07-30,Manufacturing,20.1,1,23.5,3.0,2025-09-28,3,22,4,5,0
USR-02023,CMP-0021,Enterprise,2025-01-17,Logistics,19.3,13,22.6,12.6,2025-10-01,0,30,0,7,0
USR-02024,CMP-0554,Pro,2023-10-19,Media,12.9,3,27.1,6.5,2025-09-15,16,13,3,5,1
USR-02025,CMP-0397,Pro,2024-12-18,Healthcare,4.4,11,25.7,13.5,2025-09-30,1,7,2,6,0
USR-02026,CMP-0105,Pro,2024-07-06,Consulting,10.3,8,19.1,7.5,2025-10-01,0,23,1,5,0
USR-02027,CMP-0192,Pro,2025-03-21,Manufacturing,20.1,22,19.7,18.3,2025-09-25,6,29,2,6,0
USR-02028,CMP-0017,Free,2024-03-31,Education,0.6,1,5.5,2.0,2025-09-26,5,1,0,5,0
USR-02029,CMP-0120,Pro,2024-06-05,Healthcare,8.7,11,25.8,7.6,2025-09-28,3,12,1,5,0
USR-02030,CMP-0393,Enterprise,2024-09-12,Consulting,24.2,21,39.9,15.0,2025-10-01,0,25,1,10,0
USR-02031,CMP-0425,Enterprise,2024-12-13,Marketing,16.7,19,41.0,19.1,2025-09-27,4,24,0,8,0
USR-02032,CMP-0129,Enterprise,2024-07-26,E-commerce,23.3,18,35.8,20.2,2025-09-29,2,25,1,9,0
USR-02033,CMP-0130,Enterprise,2024-01-20,Manufacturing,22.7,20,48.6,21.6,2025-09-30,1,29,1,9,0
USR-02034,CMP-0572,Pro,2024-10-01,Logistics,6.1,8,19.9,2.3,2025-09-30,1,22,2,10,0
USR-02035,CMP-0560,Pro,2024-08-21,Technology,18.3,17,26.9,15.9,2025-09-25,6,20,0,5,0
USR-02036,CMP-0029,Pro,2023-10-25,Consulting,13.5,12,25.9,9.3,2025-09-21,10,22,0,5,0
USR-02037,CMP-0097,Enterprise,2024-04-16,Education,12.0,21,27.0,20.2,2025-09-30,1,17,1,5,0
USR-02038,CMP-0010,Free,2025-04-04,Media,3.3,4,7.8,4.9,2025-10-01,0,14,3,1,0
USR-02039,CMP-0242,Free,2024-02-10,Technology,6.5,7,19.3,10.4,2025-09-28,3,13,0,2,0
USR-02040,CMP-0232,Free,2024-10-26,Healthcare,2.9,6,1.0,7.7,2025-09-15,16,0,6,5,1
USR-02041,CMP-0284,Pro,2024-10-26,E-commerce,5.7,14,18.1,8.5,2025-08-31,31,15,3,6,0
USR-02042,CMP-0200,Free,2024-11-28,Logistics,1.2,5,10.6,4.1,2025-10-01,0,3,3,10,1
USR-02043,CMP-0079,Free,2024-11-05,Technology,1.5,1,1.0,3.8,2025-09-26,5,3,1,6,1
USR-02044,CMP-0173,Free,2024-01-17,Education,0.5,4,9.4,6.5,2025-10-01,0,9,4,7,0
USR-02045,CMP-0467,Free,2023-12-21,Consulting,2.1,4,12.6,2.0,2025-09-26,5,8,6,5,0
USR-02046,CMP-0581,Enterprise,2023-12-29,Logistics,13.1,17,43.0,12.0,2025-09-30,1,26,2,6,0
USR-02047,CMP-0416,Free,2025-03-06,Marketing,0.2,9,4.6,10.4,2025-08-27,35,0,4,6,1
USR-02048,CMP-0449,Pro,2023-12-19,Media,14.9,16,23.6,11.6,2025-10-01,0,23,1,3,0
USR-02049,CMP-0087,Pro,2025-01-15,E-commerce,8.3,4,10.2,1.2,2025-09-21,10,16,5,6,1
USR-02050,CMP-0101,Enterprise,2025-02-25,Technology,23.9,18,30.0,16.1,2025-09-30,1,20,1,8,0
USR-02051,CMP-0008,Free,2024-08-08,E-commerce,6.3,6,2.9,6.3,2025-09-08,23,10,3,4,1
USR-02052,CMP-0200,Enterprise,2024-05-03,E-commerce,11.9,15,44.4,12.4,2025-09-29,2,13,1,8,0
USR-02053,CMP-0505,Pro,2024-06-29,E-commerce,14.6,12,27.6,10.5,2025-10-01,0,10,1,5,0
USR-02054,CMP-0087,Enterprise,2024-12-10,Consulting,18.5,12,44.9,12.6,2025-09-23,8,22,0,6,0
USR-02055,CMP-0043,Enterprise,2024-07-10,E-commerce,15.5,16,35.2,13.6,2025-10-01,0,21,1,8,0
USR-02056,CMP-0385,Free,2024-05-05,Marketing,0.9,2,4.8,4.8,2025-09-19,12,2,0,8,0
USR-02057,CMP-0435,Free,2024-05-28,Healthcare,4.6,1,22.9,2.7,2025-09-02,29,7,5,8,0
USR-02058,CMP-0408,Free,2025-02-11,Education,6.2,3,2.8,5.9,2025-09-30,1,12,1,4,1
USR-02059,CMP-0483,Pro,2025-01-27,Logistics,7.2,11,41.8,14.4,2025-09-26,5,6,2,2,1
USR-02060,CMP-0017,Free,2025-03-02,Marketing,1.9,1,3.4,6.3,2025-09-07,24,0,1,5,0
USR-02061,CMP-0148,Free,2024-03-15,Logistics,3.9,1,1.3,7.7,2025-08-02,60,12,2,8,1
USR-02062,CMP-0277,Pro,2024-07-30,Education,8.4,20,26.3,21.5,2025-09-22,9,19,1,4,0
USR-02063,CMP-0232,Free,2024-12-15,Healthcare,9.6,1,9.4,4.5,2025-09-27,4,16,1,9,0
USR-02064,CMP-0366,Free,2025-01-01,Manufacturing,7.4,3,2.5,4.1,2025-09-15,16,8,1,0,0
USR-02065,CMP-0228,Pro,2024-02-20,Logistics,20.7,16,33.6,14.6,2025-09-23,8,22,1,7,0
USR-02066,CMP-0436,Free,2024-10-08,Logistics,0.3,7,10.5,6.0,2025-09-15,16,1,2,7,1
USR-02067,CMP-0399,Free,2025-02-17,Healthcare,4.9,5,14.5,7.0,2025-09-05,26,6,3,9,1
USR-02068,CMP-0211,Pro,2024-03-25,Technology,13.7,13,31.2,15.5,2025-10-01,0,15,2,7,0
USR-02069,CMP-0391,Pro,2024-09-15,Marketing,4.3,7,17.7,6.4,2025-10-01,0,10,0,6,0
USR-02070,CMP-0499,Enterprise,2024-01-16,Technology,10.0,17,47.4,16.5,2025-09-28,3,11,0,8,1
USR-02071,CMP-0540,Pro,2024-06-12,Technology,8.3,12,16.2,10.6,2025-09-10,21,14,2,5,1
USR-02072,CMP-0563,Pro,2024-06-01,Technology,13.0,13,22.4,14.0,2025-09-27,4,18,4,3,0
USR-02073,CMP-0491,Pro,2023-11-29,E-commerce,4.2,13,18.0,11.8,2025-09-09,22,10,1,6,0
USR-02074,CMP-0442,Enterprise,2024-05-02,Media,18.6,20,30.4,16.8,2025-09-23,8,16,1,8,0
USR-02075,CMP-0261,Enterprise,2025-01-29,Logistics,13.0,23,17.8,19.4,2025-09-25,6,21,0,9,0
USR-02076,CMP-0350,Enterprise,2024-02-08,Technology,13.7,22,15.3,22.1,2025-09-24,7,24,1,7,0
USR-02077,CMP-0352,Pro,2023-10-13,Marketing,18.5,14,31.4,13.9,2025-09-15,16,23,0,9,0
USR-02078,CMP-0520,Free,2023-11-29,Media,0.5,4,1.2,4.9,2025-09-08,23,0,4,5,0
USR-02079,CMP-0320,Free,2024-05-23,Media,3.6,1,29.3,4.6,2025-09-15,16,9,7,6,0
USR-02080,CMP-0138,Free,2025-01-20,Technology,1.2,1,7.6,2.6,2025-10-01,0,1,3,7,0
USR-02081,CMP-0550,Enterprise,2025-02-05,Consulting,24.2,18,25.9,20.8,2025-10-01,0,26,0,8,0
USR-02082,CMP-0368,Pro,2024-03-15,Technology,12.7,12,11.5,9.7,2025-09-30,1,14,3,6,0
USR-02083,CMP-0220,Pro,2025-03-21,Consulting,19.7,9,27.4,9.6,2025-10-01,0,28,1,10,0
USR-02084,CMP-0337,Free,2024-08-17,Technology,3.9,2,26.6,1.0,2025-09-30,1,5,4,1,1
USR-02085,CMP-0223,Enterprise,2024-09-18,Marketing,24.7,21,19.8,18.8,2025-09-24,7,23,1,8,0
USR-02086,CMP-0360,Free,2024-04-16,Consulting,13.1,1,19.4,1.0,2025-09-16,15,26,4,0,0
USR-02087,CMP-0329,Free,2025-03-01,E-commerce,13.4,1,6.2,6.0,2025-09-26,5,18,2,1,1
USR-02088,CMP-0463,Free,2024-10-25,Media,3.6,2,17.5,6.9,2025-09-09,22,10,1,5,1
USR-02089,CMP-0561,Pro,2023-12-21,Technology,10.0,17,9.6,19.0,2025-09-27,4,17,2,5,0
USR-02090,CMP-0382,Pro,2023-10-22,Media,2.6,6,18.2,7.9,2025-09-30,1,0,2,10,0
USR-02091,CMP-0590,Enterprise,2024-02-07,Technology,20.5,15,38.8,12.4,2025-09-25,6,25,0,7,0
USR-02092,CMP-0169,Free,2024-04-22,Logistics,3.5,1,27.5,1.4,2025-09-26,5,7,4,8,0
USR-02093,CMP-0217,Pro,2024-11-09,Logistics,6.3,15,17.7,19.6,2025-09-23,8,7,2,7,0
USR-02094,CMP-0378,Pro,2024-03-27,Finance,11.7,16,20.9,20.1,2025-09-29,2,21,1,4,0
USR-02095,CMP-0119,Free,2024-02-14,Technology,3.3,9,4.7,10.6,2025-09-22,9,10,3,1,1
USR-02096,CMP-0190,Enterprise,2023-11-28,Finance,17.6,22,35.0,19.1,2025-09-26,5,21,3,5,0
USR-02097,CMP-0370,Pro,2024-07-23,Healthcare,12.8,21,20.4,23.9,2025-09-30,1,8,1,7,0
USR-02098,CMP-0149,Pro,2024-12-23,Healthcare,16.8,13,14.5,11.3,2025-09-05,26,30,1,10,0
USR-02099,CMP-0488,Enterprise,2024-12-05,Media,12.4,17,32.0,17.3,2025-10-01,0,11,2,6,0
USR-02100,CMP-0374,Pro,2024-02-11,Consulting,18.4,8,33.3,13.5,2025-09-26,5,26,0,8,0
USR-02101,CMP-0160,Free,2024-04-20,Technology,4.2,1,5.7,1.3,2025-08-28,34,16,3,5,0
USR-02102,CMP-0351,Pro,2025-02-22,Education,21.9,12,38.7,15.1,2025-09-11,20,25,1,4,0
USR-02103,CMP-0288,Free,2024-04-03,Technology,0.3,6,19.4,9.4,2025-09-28,3,1,3,6,0
USR-02104,CMP-0288,Free,2025-03-07,Technology,3.4,5,3.7,6.9,2025-09-29,2,12,3,9,0
USR-02105,CMP-0226,Free,2025-03-22,Education,1.8,3,17.2,2.4,2025-09-13,18,5,1,5,1
USR-02106,CMP-0523,Pro,2023-12-07,Healthcare,8.7,5,33.6,4.8,2025-10-01,0,17,0,8,0
USR-02107,CMP-0522,Pro,2024-09-28,Finance,13.1,2,7.9,5.5,2025-09-27,4,10,0,7,0
USR-02108,CMP-0273,Free,2024-06-14,Media,1.0,14,3.5,9.9,2025-09-09,22,2,3,6,1
USR-02109,CMP-0402,Pro,2024-10-04,Healthcare,11.6,17,26.7,17.0,2025-09-26,5,19,2,5,0
USR-02110,CMP-0183,Enterprise,2023-10-05,Education,18.5,11,48.2,13.4,2025-10-01,0,26,3,8,0
USR-02111,CMP-0488,Free,2025-02-27,Technology,9.9,1,2.6,6.8,2025-09-22,9,20,2,1,0
USR-02112,CMP-0124,Free,2025-03-22,Healthcare,2.7,3,25.3,1.2,2025-08-27,35,1,0,6,1
USR-02113,CMP-0414,Pro,2024-10-28,Marketing,2.2,13,10.1,17.3,2025-09-25,6,4,3,9,0
USR-02114,CMP-0172,Free,2023-11-28,Logistics,6.8,2,8.6,9.7,2025-09-14,17,3,3,10,0
USR-02115,CMP-0288,Pro,2024-05-11,Technology,9.8,16,27.4,17.0,2025-09-29,2,19,5,4,1
USR-02116,CMP-0435,Free,2025-01-12,Manufacturing,2.5,1,1.0,1.0,2025-09-29,2,0,2,6,1
USR-02117,CMP-0113,Pro,2025-03-14,Education,16.1,17,18.6,15.6,2025-09-29,2,24,1,5,0
USR-02118,CMP-0122,Pro,2024-11-24,E-commerce,17.2,14,14.0,14.1,2025-09-26,5,30,2,7,0
USR-02119,CMP-0544,Pro,2023-12-27,Consulting,9.8,11,20.7,12.6,2025-09-29,2,21,5,10,0
USR-02120,CMP-0222,Enterprise,2024-01-05,E-commerce,17.6,16,46.7,15.9,2025-09-29,2,28,2,9,0
USR-02121,CMP-0039,Enterprise,2024-06-07,Healthcare,17.0,20,32.1,19.8,2025-09-28,3,22,1,7,0
USR-02122,CMP-0497,Pro,2024-07-12,Technology,15.4,11,33.3,11.5,2025-09-22,9,28,4,5,0
USR-02123,CMP-0233,Pro,2024-03-06,Consulting,21.2,7,27.8,9.4,2025-09-30,1,26,3,7,0
USR-02124,CMP-0530,Free,2024-12-06,Consulting,2.9,1,4.3,2.4,2025-09-12,19,0,3,5,0
USR-02125,CMP-0149,Pro,2024-08-02,Media,5.0,9,22.9,9.2,2025-09-24,7,4,1,7,1
USR-02126,CMP-0397,Free,2025-02-26,E-commerce,2.8,9,5.5,8.5,2025-10-01,0,6,2,1,0
USR-02127,CMP-0302,Enterprise,2024-08-03,Technology,18.9,17,37.4,22.4,2025-10-01,0,20,1,10,0
USR-02128,CMP-0360,Free,2025-03-15,Media,3.5,1,5.6,8.2,2025-09-17,14,10,3,10,1
USR-02129,CMP-0238,Pro,2024-12-16,Finance,10.7,12,23.2,14.3,2025-09-28,3,20,2,7,0
USR-02130,CMP-0236,Free,2024-03-07,E-commerce,10.1,11,12.3,15.8,2025-09-29,2,18,3,3,1
USR-02131,CMP-0203,Enterprise,2024-02-20,Logistics,20.2,19,42.9,20.6,2025-10-01,0,24,1,7,0
USR-02132,CMP-0256,Enterprise,2025-03-28,Logistics,12.8,6,20.8,8.3,2025-10-01,0,16,2,6,0
USR-02133,CMP-0598,Free,2024-01-17,Media,2.4,1,12.9,1.0,2025-08-18,44,2,3,2,0
USR-02134,CMP-0235,Enterprise,2024-05-12,Finance,13.7,15,30.7,14.2,2025-09-28,3,19,2,7,0
USR-02135,CMP-0345,Free,2024-06-19,Marketing,2.2,12,9.4,11.6,2025-09-21,10,9,4,6,0
USR-02136,CMP-0534,Pro,2023-11-11,Marketing,4.6,14,40.9,10.8,2025-09-12,19,21,2,7,0
USR-02137,CMP-0466,Enterprise,2024-04-09,Logistics,12.8,22,35.3,16.1,2025-09-29,2,13,1,10,0
USR-02138,CMP-0541,Free,2024-08-29,Manufacturing,4.9,1,2.3,5.3,2025-09-13,18,9,1,1,1
USR-02139,CMP-0213,Enterprise,2024-02-24,Education,19.4,21,31.8,20.8,2025-10-01,0,20,1,6,0
USR-02140,CMP-0463,Free,2024-08-28,Education,8.4,2,5.2,1.1,2025-09-19,12,15,2,0,0
USR-02141,CMP-0436,Free,2024-12-19,Manufacturing,3.2,10,16.5,8.8,2025-09-29,2,9,2,5,0
USR-02142,CMP-0283,Enterprise,2024-06-23,Media,16.7,21,42.1,23.3,2025-09-30,1,20,1,10,0
USR-02143,CMP-0562,Free,2025-03-28,Education,9.6,1,9.0,1.2,2025-10-01,0,20,1,4,0
USR-02144,CMP-0463,Enterprise,2024-09-28,Education,14.1,17,42.8,17.1,2025-10-01,0,13,2,10,0
USR-02145,CMP-0407,Enterprise,2025-01-14,E-commerce,29.1,17,35.9,16.0,2025-10-01,0,20,0,9,0
USR-02146,CMP-0088,Free,2024-12-18,E-commerce,4.2,6,7.7,9.3,2025-09-25,6,5,2,7,0
USR-02147,CMP-0044,Pro,2024-05-19,Manufacturing,18.4,5,17.3,4.4,2025-09-19,12,30,2,8,0
USR-02148,CMP-0461,Free,2024-04-24,Technology,0.4,1,1.0,4.1,2025-09-25,6,0,2,10,0
USR-02149,CMP-0278,Pro,2024-05-12,Finance,15.3,15,22.2,15.5,2025-09-19,12,19,2,6,0
USR-02150,CMP-0421,Free,2024-06-07,Media,0.9,1,1.0,4.5,2025-09-17,14,4,1,7,1
USR-02151,CMP-0353,Free,2024-09-17,E-commerce,6.6,1,24.4,4.0,2025-09-22,9,8,2,10,0
USR-02152,CMP-0515,Free,2024-02-11,E-commerce,2.8,2,5.2,5.6,2025-09-28,3,0,7,2,1
USR-02153,CMP-0019,Pro,2025-02-25,Marketing,2.8,8,31.6,16.0,2025-09-14,17,5,1,6,0
USR-02154,CMP-0023,Enterprise,2024-06-02,Finance,15.4,14,33.9,21.9,2025-10-01,0,26,0,8,0
USR-02155,CMP-0413,Enterprise,2025-04-01,Marketing,12.0,18,50.3,15.5,2025-09-28,3,11,0,6,0
USR-02156,CMP-0030,Pro,2025-01-18,Technology,14.1,16,34.2,8.8,2025-09-25,6,21,2,5,0
USR-02157,CMP-0108,Pro,2023-12-24,Finance,6.4,10,28.8,12.8,2025-09-27,4,12,1,10,0
USR-02158,CMP-0367,Enterprise,2024-10-08,Education,20.2,8,29.8,10.0,2025-10-01,0,24,1,6,0
USR-02159,CMP-0281,Free,2024-07-03,Marketing,0.3,1,1.8,7.0,2025-09-24,7,0,2,4,0
USR-02160,CMP-0128,Pro,2024-11-04,Logistics,6.3,13,14.6,14.3,2025-09-17,14,10,3,7,0
USR-02161,CMP-0229,Enterprise,2024-10-23,Media,14.4,17,25.2,16.8,2025-09-26,5,24,0,8,0
USR-02162,CMP-0111,Free,2024-06-19,Education,11.0,1,11.1,7.2,2025-08-23,39,18,1,4,0
USR-02163,CMP-0136,Pro,2024-03-23,Finance,6.6,12,27.4,16.4,2025-09-29,2,8,0,6,0
USR-02164,CMP-0362,Enterprise,2024-05-30,Logistics,32.0,18,24.2,13.2,2025-09-30,1,23,1,6,0
USR-02165,CMP-0186,Enterprise,2024-03-12,Technology,15.6,17,43.2,14.2,2025-10-01,0,30,1,7,0
USR-02166,CMP-0584,Pro,2024-10-04,Logistics,0.9,13,22.1,13.1,2025-09-11,20,5,1,8,0
USR-02167,CMP-0129,Free,2024-06-03,E-commerce,1.5,1,19.6,4.1,2025-09-26,5,5,2,7,1
USR-02168,CMP-0261,Free,2025-01-23,Manufacturing,2.1,1,34.7,3.1,2025-09-24,7,0,0,8,0
USR-02169,CMP-0515,Free,2024-08-29,Logistics,5.2,8,10.5,10.7,2025-08-29,33,9,2,5,0
USR-02170,CMP-0449,Pro,2024-10-14,Consulting,11.5,12,30.5,15.6,2025-09-26,5,11,1,6,0
USR-02171,CMP-0104,Free,2024-07-07,Technology,9.2,5,9.8,12.2,2025-09-20,11,17,2,2,1
USR-02172,CMP-0483,Enterprise,2023-12-24,Education,18.7,21,49.9,21.5,2025-10-01,0,26,1,7,0
USR-02173,CMP-0224,Free,2024-07-10,Marketing,0.6,5,1.6,4.4,2025-09-22,9,3,1,5,0
USR-02174,CMP-0491,Free,2025-03-16,Healthcare,1.2,4,7.8,5.8,2025-08-27,35,0,3,8,0
USR-02175,CMP-0473,Pro,2023-11-19,Technology,11.6,14,13.6,14.0,2025-09-26,5,21,0,3,0
USR-02176,CMP-0010,Pro,2024-11-09,Consulting,16.2,15,5.3,16.5,2025-09-29,2,29,1,6,1
USR-02177,CMP-0405,Free,2024-02-01,E-commerce,0.4,3,7.4,6.6,2025-10-01,0,5,4,0,0
USR-02178,CMP-0302,Pro,2024-10-22,Marketing,14.8,15,19.3,21.2,2025-09-29,2,20,3,3,0
USR-02179,CMP-0231,Pro,2024-05-30,Media,9.7,8,14.8,8.0,2025-09-26,5,14,3,9,0
USR-02180,CMP-0066,Free,2023-11-04,Healthcare,5.9,2,1.0,5.8,2025-10-01,0,13,1,2,1
USR-02181,CMP-0112,Free,2025-03-22,Logistics,10.2,1,39.0,10.9,2025-09-18,13,23,1,5,0
USR-02182,CMP-0013,Enterprise,2024-11-24,Consulting,15.1,20,31.6,17.2,2025-09-29,2,22,3,9,0
USR-02183,CMP-0393,Pro,2024-01-22,Logistics,17.6,15,17.7,15.4,2025-09-21,10,22,2,6,0
USR-02184,CMP-0500,Free,2024-07-16,Media,7.4,11,22.2,9.0,2025-10-01,0,5,3,2,0
USR-02185,CMP-0598,Enterprise,2024-08-23,Technology,13.7,19,23.8,18.4,2025-09-27,4,20,0,8,0
USR-02186,CMP-0234,Enterprise,2024-07-21,Manufacturing,12.1,13,34.5,11.1,2025-09-29,2,17,1,10,0
USR-02187,CMP-0314,Pro,2024-08-14,Consulting,12.9,13,14.8,16.5,2025-09-28,3,28,2,8,0
USR-02188,CMP-0566,Pro,2024-05-04,Finance,2.7,11,19.8,12.2,2025-09-08,23,1,1,6,0
USR-02189,CMP-0012,Enterprise,2024-02-21,Education,20.3,19,48.4,15.4,2025-10-01,0,25,0,7,0
USR-02190,CMP-0209,Enterprise,2025-03-12,Finance,17.5,15,32.3,17.5,2025-09-29,2,24,0,9,0
USR-02191,CMP-0014,Pro,2024-07-08,Manufacturing,17.7,9,36.2,10.7,2025-09-29,2,30,1,4,0
USR-02192,CMP-0418,Pro,2024-12-31,Media,8.6,16,33.5,18.7,2025-09-26,5,19,0,8,0
USR-02193,CMP-0437,Pro,2024-11-14,Finance,11.0,7,17.4,5.2,2025-09-26,5,18,1,5,0
USR-02194,CMP-0377,Pro,2025-01-14,E-commerce,17.6,8,13.1,10.5,2025-10-01,0,26,0,4,0
USR-02195,CMP-0020,Free,2024-07-05,Consulting,2.4,8,18.7,11.7,2025-09-16,15,12,2,1,1
USR-02196,CMP-0587,Pro,2024-07-03,E-commerce,13.7,22,32.0,19.3,2025-09-24,7,23,0,10,0
USR-02197,CMP-0070,Enterprise,2023-12-27,Healthcare,19.0,11,34.4,8.0,2025-09-27,4,23,1,7,0
USR-02198,CMP-0211,Pro,2024-09-09,Manufacturing,8.1,11,13.0,11.7,2025-10-01,0,15,0,5,0
USR-02199,CMP-0101,Pro,2024-06-13,Healthcare,15.7,8,11.8,13.1,2025-09-29,2,27,1,6,0
USR-02200,CMP-0132,Pro,2025-02-25,Healthcare,10.7,13,28.3,16.8,2025-09-24,7,25,2,5,0
USR-02201,CMP-0381,Free,2024-06-21,Healthcare,4.3,4,2.6,4.9,2025-09-29,2,7,1,4,1
USR-02202,CMP-0132,Pro,2024-12-02,Technology,16.4,4,27.5,2.4,2025-09-24,7,25,1,6,0
USR-02203,CMP-0020,Enterprise,2024-06-26,Technology,15.9,15,36.5,13.7,2025-10-01,0,23,1,8,0
USR-02204,CMP-0536,Free,2024-10-07,Manufacturing,7.7,6,12.8,6.4,2025-09-26,5,12,1,7,1
USR-02205,CMP-0227,Free,2024-12-29,Marketing,4.5,4,32.4,7.5,2025-09-05,26,3,4,1,0
USR-02206,CMP-0154,Enterprise,2024-09-26,Finance,20.2,19,28.1,17.9,2025-09-27,4,23,1,10,0
USR-02207,CMP-0469,Free,2025-01-21,Technology,11.2,8,5.2,7.1,2025-09-17,14,15,1,3,1
USR-02208,CMP-0405,Free,2024-01-14,Logistics,0.9,2,1.0,7.9,2025-09-03,28,2,2,6,1
USR-02209,CMP-0202,Enterprise,2023-11-25,E-commerce,24.0,9,19.4,10.6,2025-09-28,3,24,2,7,0
USR-02210,CMP-0038,Pro,2023-12-08,Technology,10.6,7,28.1,9.9,2025-09-26,5,25,0,5,0
USR-02211,CMP-0188,Pro,2024-12-10,Media,18.5,12,18.2,7.4,2025-09-04,27,20,2,9,0
USR-02212,CMP-0057,Enterprise,2023-10-18,Healthcare,14.4,19,7.2,10.9,2025-09-28,3,18,3,6,0
USR-02213,CMP-0020,Free,2024-12-28,Technology,5.4,10,1.0,6.7,2025-09-19,12,13,2,9,0
USR-02214,CMP-0273,Pro,2024-05-12,Manufacturing,16.6,13,3.0,12.0,2025-09-28,3,30,0,8,0
USR-02215,CMP-0119,Pro,2024-02-23,E-commerce,24.4,17,17.9,18.3,2025-09-15,16,23,1,5,0
USR-02216,CMP-0583,Enterprise,2024-05-27,E-commerce,15.7,16,44.2,8.8,2025-09-30,1,23,2,6,0
USR-02217,CMP-0516,Pro,2024-11-08,Marketing,15.0,9,32.7,15.0,2025-10-01,0,12,1,9,0
USR-02218,CMP-0221,Pro,2024-04-28,Education,6.1,13,17.8,13.9,2025-09-30,1,14,1,4,0
USR-02219,CMP-0526,Pro,2023-11-27,Education,11.0,9,17.5,14.3,2025-10-01,0,13,1,6,0
USR-02220,CMP-0515,Pro,2025-03-13,Finance,4.6,8,16.2,6.7,2025-09-29,2,8,1,8,0
USR-02221,CMP-0336,Pro,2024-12-21,Logistics,14.8,15,17.5,16.5,2025-09-19,12,8,0,7,0
USR-02222,CMP-0055,Pro,2024-08-26,Consulting,10.2,10,31.1,11.3,2025-09-24,7,22,0,6,0
USR-02223,CMP-0500,Pro,2025-03-21,Manufacturing,1.7,4,35.0,8.7,2025-09-30,1,4,2,5,0
USR-02224,CMP-0536,Pro,2025-01-17,Media,8.6,15,8.5,14.3,2025-09-21,10,20,0,8,0
USR-02225,CMP-0162,Pro,2024-05-18,Technology,21.0,10,15.5,12.4,2025-09-27,4,29,3,3,0
USR-02226,CMP-0594,Pro,2024-08-07,Manufacturing,14.1,14,7.1,17.5,2025-09-26,5,18,3,7,0
USR-02227,CMP-0159,Enterprise,2025-03-18,Logistics,21.8,22,34.7,18.6,2025-09-30,1,19,2,6,0
USR-02228,CMP-0188,Pro,2024-01-07,Education,12.6,12,18.1,13.3,2025-09-18,13,20,1,5,0
USR-02229,CMP-0060,Enterprise,2024-01-18,Manufacturing,17.1,9,38.6,4.5,2025-09-30,1,24,0,8,0
USR-02230,CMP-0319,Enterprise,2024-07-02,Technology,18.1,10,41.6,13.1,2025-10-01,0,24,4,6,0
USR-02231,CMP-0211,Pro,2024-02-06,Marketing,13.2,9,26.4,16.1,2025-09-29,2,25,2,9,0
USR-02232,CMP-0406,Pro,2023-12-16,Finance,6.5,11,8.8,8.1,2025-09-23,8,10,2,8,0
USR-02233,CMP-0109,Enterprise,2025-03-09,Marketing,21.8,22,34.7,20.3,2025-09-28,3,26,0,6,0
USR-02234,CMP-0076,Pro,2023-11-08,Education,17.6,13,8.4,16.0,2025-09-30,1,23,0,6,0
USR-02235,CMP-0542,Enterprise,2023-12-28,Healthcare,17.0,25,52.4,23.1,2025-10-01,0,24,1,6,0
USR-02236,CMP-0314,Pro,2024-04-07,Education,9.4,6,19.2,8.3,2025-09-24,7,23,0,7,0
USR-02237,CMP-0117,Pro,2024-03-18,Finance,8.3,12,11.1,11.4,2025-09-24,7,18,1,10,0
USR-02238,CMP-0019,Free,2023-10-28,Technology,2.9,5,10.9,5.7,2025-09-25,6,8,1,2,0
USR-02239,CMP-0432,Pro,2024-03-19,Logistics,7.7,12,20.3,12.3,2025-09-19,12,3,0,7,1
USR-02240,CMP-0350,Enterprise,2024-10-03,Consulting,25.3,14,29.6,14.3,2025-09-20,11,29,2,8,0
USR-02241,CMP-0183,Pro,2024-09-23,Marketing,19.2,15,17.6,11.5,2025-09-30,1,28,3,4,0
USR-02242,CMP-0113,Pro,2023-12-30,Education,7.6,12,23.4,12.4,2025-09-25,6,12,1,4,0
USR-02243,CMP-0183,Enterprise,2025-02-08,Logistics,21.4,13,49.0,18.1,2025-10-01,0,22,1,5,0
USR-02244,CMP-0481,Pro,2024-08-18,Marketing,6.1,12,25.6,11.3,2025-09-23,8,1,2,8,0
USR-02245,CMP-0146,Pro,2023-12-03,Education,19.0,8,15.6,5.7,2025-09-28,3,27,2,6,0
USR-02246,CMP-0113,Pro,2025-03-08,Finance,13.2,12,44.0,12.1,2025-09-30,1,19,1,5,0
USR-02247,CMP-0476,Pro,2024-10-03,Marketing,16.7,8,22.6,7.3,2025-09-22,9,23,1,10,0
USR-02248,CMP-0303,Free,2024-02-05,Education,3.4,2,5.3,1.0,2025-09-08,23,14,3,0,0
USR-02249,CMP-0118,Pro,2024-03-26,Technology,3.4,12,17.4,13.0,2025-10-01,0,13,0,9,0
USR-02250,CMP-0161,Pro,2025-02-23,Finance,3.9,12,18.1,10.5,2025-10-01,0,10,1,2,0
USR-02251,CMP-0401,Free,2023-12-08,Logistics,13.1,1,11.5,1.9,2025-09-26,5,18,2,4,1
USR-02252,CMP-0198,Pro,2024-07-19,Logistics,24.1,13,33.2,13.9,2025-09-25,6,25,2,3,0
USR-02253,CMP-0260,Pro,2024-01-20,Consulting,7.6,14,33.4,9.6,2025-09-20,11,12,1,5,0
USR-02254,CMP-0047,Free,2025-01-11,Manufacturing,2.6,9,9.4,5.0,2025-09-20,11,0,3,4,1
USR-02255,CMP-0399,Pro,2025-02-18,Healthcare,7.4,7,23.6,10.6,2025-09-25,6,6,1,5,1
USR-02256,CMP-0559,Free,2024-01-21,Technology,1.4,1,8.6,1.0,2025-09-09,22,8,3,6,0
USR-02257,CMP-0078,Pro,2023-11-03,Finance,17.5,13,12.9,10.5,2025-09-26,5,26,2,8,0
USR-02258,CMP-0124,Enterprise,2024-01-23,Marketing,18.9,23,47.8,16.0,2025-09-29,2,22,1,7,0
USR-02259,CMP-0075,Pro,2024-11-20,Logistics,9.4,14,10.7,12.7,2025-09-26,5,24,1,7,0
USR-02260,CMP-0137,Free,2024-10-04,Technology,4.0,5,12.5,8.3,2025-09-02,29,12,6,9,1
USR-02261,CMP-0400,Free,2024-10-15,Finance,0.4,7,1.8,8.9,2025-09-28,3,3,0,3,1
USR-02262,CMP-0505,Free,2023-10-14,Finance,12.3,1,1.0,11.0,2025-09-27,4,18,2,7,1
USR-02263,CMP-0500,Pro,2024-12-06,Marketing,16.0,12,13.6,15.9,2025-10-01,0,24,0,10,0
USR-02264,CMP-0573,Free,2024-06-28,Finance,2.6,3,9.1,2.6,2025-09-08,23,1,4,10,0
USR-02265,CMP-0138,Pro,2024-06-01,Media,4.1,5,23.2,3.4,2025-09-28,3,16,0,10,0
USR-02266,CMP-0050,Free,2024-07-02,Technology,3.1,3,15.3,13.5,2025-09-26,5,12,1,7,1
USR-02267,CMP-0254,Enterprise,2023-10-23,Education,13.7,22,40.9,23.8,2025-09-20,11,25,0,9,0
USR-02268,CMP-0563,Free,2024-06-14,Logistics,1.5,1,11.2,5.6,2025-08-26,36,5,4,4,1
USR-02269,CMP-0426,Free,2025-02-11,Logistics,2.3,1,6.9,4.0,2025-08-12,50,4,1,5,1
USR-02270,CMP-0547,Enterprise,2024-01-29,Education,20.4,23,43.2,22.2,2025-10-01,0,25,0,7,0
USR-02271,CMP-0302,Free,2025-02-12,Technology,1.8,9,2.5,5.8,2025-08-31,31,15,2,3,1
USR-02272,CMP-0581,Free,2025-01-23,Healthcare,3.2,2,4.1,5.1,2025-09-26,5,17,0,5,1
USR-02273,CMP-0349,Pro,2025-03-08,Technology,14.2,9,26.4,10.4,2025-10-01,0,16,2,5,0
USR-02274,CMP-0049,Pro,2023-12-23,E-commerce,10.8,8,19.9,6.7,2025-09-28,3,15,3,7,0
USR-02275,CMP-0074,Pro,2023-10-06,Finance,13.6,13,10.0,11.8,2025-09-27,4,24,4,4,0
USR-02276,CMP-0261,Free,2024-02-29,Manufacturing,5.7,9,21.6,14.7,2025-09-30,1,11,4,4,0
USR-02277,CMP-0356,Pro,2024-09-16,Marketing,18.9,17,12.3,16.2,2025-09-26,5,24,4,9,0
USR-02278,CMP-0582,Free,2023-12-26,Media,9.8,6,19.7,14.0,2025-09-08,23,17,1,5,0
USR-02279,CMP-0260,Free,2024-03-22,Manufacturing,0.5,1,7.2,1.0,2025-09-25,6,2,1,8,1
USR-02280,CMP-0295,Enterprise,2024-10-10,Education,28.7,19,20.1,16.6,2025-09-30,1,24,2,7,0
USR-02281,CMP-0313,Pro,2025-02-12,Marketing,14.6,14,31.0,9.6,2025-09-29,2,13,0,6,0
USR-02282,CMP-0182,Free,2025-01-16,Marketing,8.3,1,6.7,1.0,2025-08-27,35,13,2,6,1
USR-02283,CMP-0364,Pro,2024-03-16,Marketing,1.6,12,22.9,10.1,2025-10-01,0,6,1,6,0
USR-02284,CMP-0188,Free,2025-03-28,Logistics,1.2,4,11.4,7.1,2025-09-23,8,1,4,2,1
USR-02285,CMP-0569,Enterprise,2024-09-03,Media,15.9,14,33.6,15.0,2025-10-01,0,28,2,8,0
USR-02286,CMP-0543,Free,2025-03-11,Logistics,1.0,1,33.7,1.8,2025-08-31,31,6,0,3,1
USR-02287,CMP-0596,Free,2024-01-11,Finance,7.1,1,35.3,1.0,2025-09-30,1,12,3,5,1
USR-02288,CMP-0548,Pro,2024-01-04,E-commerce,18.4,15,3.0,19.4,2025-09-28,3,24,0,2,0
USR-02289,CMP-0408,Pro,2023-12-31,Consulting,12.2,13,18.4,12.5,2025-09-28,3,18,3,5,0
USR-02290,CMP-0414,Pro,2024-09-19,Media,7.5,13,28.8,10.1,2025-09-16,15,9,3,6,0
USR-02291,CMP-0342,Free,2025-01-01,Manufacturing,0.3,4,33.3,7.0,2025-09-28,3,0,4,6,0
USR-02292,CMP-0220,Free,2024-01-24,Finance,2.2,1,11.7,4.4,2025-09-17,14,2,2,2,1
USR-02293,CMP-0163,Pro,2023-10-26,Technology,17.9,12,34.5,11.6,2025-09-30,1,23,5,5,0
USR-02294,CMP-0220,Free,2024-03-23,Education,2.6,5,1.0,7.4,2025-08-19,43,2,1,9,1
USR-02295,CMP-0270,Enterprise,2024-12-22,E-commerce,28.6,17,26.7,13.1,2025-09-29,2,19,0,10,0
USR-02296,CMP-0400,Free,2025-02-25,Finance,2.8,9,1.6,12.5,2025-09-18,13,2,1,6,1
USR-02297,CMP-0182,Pro,2024-01-03,Technology,10.8,15,25.7,12.0,2025-09-28,3,20,2,9,0
USR-02298,CMP-0205,Pro,2024-04-06,E-commerce,4.4,14,30.4,12.4,2025-09-29,2,5,3,6,0
USR-02299,CMP-0582,Free,2024-11-21,Technology,15.3,5,4.5,8.9,2025-09-28,3,23,4,7,0
USR-02300,CMP-0556,Pro,2024-03-27,Media,11.6,7,29.3,12.2,2025-09-25,6,24,1,8,0
USR-02301,CMP-0228,Enterprise,2024-08-16,Technology,18.4,25,35.0,27.8,2025-09-22,9,28,0,6,0
USR-02302,CMP-0596,Free,2025-02-25,E-commerce,0.2,9,10.0,13.4,2025-09-25,6,7,1,5,1
USR-02303,CMP-0250,Enterprise,2025-02-17,Technology,18.2,13,25.5,12.4,2025-09-25,6,26,1,7,0
USR-02304,CMP-0441,Pro,2025-02-28,Manufacturing,15.7,18,20.0,12.8,2025-09-30,1,27,3,7,0
USR-02305,CMP-0533,Free,2024-12-31,Finance,3.9,1,3.5,8.0,2025-08-24,38,8,1,4,0
USR-02306,CMP-0196,Pro,2024-04-09,E-commerce,8.5,13,21.6,17.5,2025-09-28,3,18,1,4,0
USR-02307,CMP-0519,Free,2023-10-28,Manufacturing,3.3,1,6.4,1.8,2025-09-25,6,10,3,5,1
USR-02308,CMP-0070,Pro,2024-11-10,Technology,17.3,4,25.0,9.0,2025-09-27,4,24,0,8,0
USR-02309,CMP-0399,Enterprise,2024-04-02,Technology,18.1,18,45.3,16.4,2025-09-28,3,22,2,9,1
USR-02310,CMP-0203,Enterprise,2025-01-30,Marketing,18.4,11,35.0,16.3,2025-09-28,3,21,1,5,0
USR-02311,CMP-0148,Enterprise,2024-08-20,E-commerce,21.2,19,51.0,16.7,2025-09-30,1,23,2,8,0
USR-02312,CMP-0472,Enterprise,2023-11-02,Media,14.5,16,43.6,21.7,2025-09-29,2,16,1,9,0
USR-02313,CMP-0199,Pro,2024-10-06,Technology,9.8,22,19.2,23.0,2025-10-01,0,14,2,7,0
USR-02314,CMP-0426,Free,2023-11-21,Education,12.7,1,26.7,9.2,2025-09-26,5,22,3,7,1
USR-02315,CMP-0492,Pro,2024-11-01,Logistics,4.6,9,21.3,8.8,2025-09-29,2,5,1,4,0
USR-02316,CMP-0142,Free,2023-10-18,Consulting,10.6,1,29.8,5.0,2025-09-20,11,17,5,2,0
USR-02317,CMP-0313,Pro,2024-01-26,Logistics,0.5,17,26.5,13.7,2025-09-26,5,4,2,8,0
USR-02318,CMP-0165,Pro,2024-12-27,Media,6.5,10,29.7,13.5,2025-09-23,8,6,0,6,0
USR-02319,CMP-0314,Free,2024-03-29,Finance,4.0,5,18.6,9.7,2025-09-14,17,15,4,8,0
USR-02320,CMP-0021,Free,2024-04-08,Healthcare,1.4,1,9.2,11.0,2025-09-28,3,6,4,6,1
USR-02321,CMP-0082,Free,2024-12-14,Education,0.3,3,1.4,6.8,2025-09-11,20,1,3,3,1
USR-02322,CMP-0581,Pro,2024-01-08,Healthcare,11.4,12,24.8,14.8,2025-10-01,0,23,0,5,0
USR-02323,CMP-0131,Pro,2024-10-18,Technology,4.9,14,21.3,12.8,2025-09-23,8,13,1,3,0
USR-02324,CMP-0599,Pro,2024-11-17,Finance,10.1,15,29.1,16.6,2025-10-01,0,16,1,8,0
USR-02325,CMP-0305,Pro,2024-08-17,Manufacturing,12.0,14,19.1,13.1,2025-09-22,9,15,0,6,0
USR-02326,CMP-0371,Pro,2024-08-09,Technology,10.2,15,19.8,15.3,2025-09-26,5,13,0,8,0
USR-02327,CMP-0384,Free,2024-07-26,Healthcare,5.8,12,4.3,13.1,2025-09-23,8,2,2,6,1
USR-02328,CMP-0445,Free,2024-01-25,Technology,1.3,3,1.0,4.3,2025-09-15,16,9,1,5,0
USR-02329,CMP-0425,Pro,2024-02-08,Consulting,6.9,16,16.7,16.0,2025-10-01,0,10,1,8,0
USR-02330,CMP-0161,Pro,2024-06-06,Marketing,19.7,15,20.5,13.9,2025-09-30,1,25,5,6,0
USR-02331,CMP-0178,Free,2025-01-23,Consulting,11.0,4,18.2,5.1,2025-09-18,13,18,3,4,1
USR-02332,CMP-0490,Free,2024-07-16,Finance,2.0,5,1.0,10.2,2025-09-05,26,6,6,5,0
USR-02333,CMP-0327,Free,2024-08-26,Manufacturing,0.7,1,3.5,4.3,2025-09-25,6,2,2,7,1
USR-02334,CMP-0598,Pro,2025-01-18,Consulting,1.7,13,20.2,14.4,2025-09-29,2,2,1,5,0
USR-02335,CMP-0289,Free,2025-02-02,E-commerce,3.4,1,1.0,1.0,2025-09-21,10,10,6,7,1
USR-02336,CMP-0593,Pro,2023-12-21,Manufacturing,9.6,12,29.4,13.9,2025-09-25,6,17,1,7,0
USR-02337,CMP-0573,Enterprise,2024-10-30,Healthcare,19.5,13,50.0,15.0,2025-09-30,1,26,0,7,0
USR-02338,CMP-0573,Free,2024-12-01,Consulting,2.8,2,10.4,3.4,2025-09-02,29,0,3,5,1
USR-02339,CMP-0354,Enterprise,2024-10-26,Marketing,8.5,15,22.6,21.3,2025-09-29,2,20,0,9,0
USR-02340,CMP-0028,Pro,2023-10-12,Manufacturing,11.2,16,17.7,8.9,2025-10-01,0,25,1,9,0
USR-02341,CMP-0043,Pro,2023-10-18,Technology,13.6,13,28.8,15.8,2025-09-30,1,11,0,7,0
USR-02342,CMP-0423,Pro,2024-12-20,Marketing,17.5,16,26.8,17.9,2025-09-27,4,26,2,8,0
USR-02343,CMP-0598,Pro,2024-11-25,Technology,0.8,7,21.7,10.2,2025-09-23,8,9,0,7,0
USR-02344,CMP-0177,Pro,2024-04-13,Consulting,6.4,16,12.9,16.3,2025-09-30,1,7,2,5,0
USR-02345,CMP-0529,Pro,2025-04-03,Education,9.1,20,16.5,20.7,2025-09-05,26,12,1,7,0
USR-02346,CMP-0494,Free,2024-08-15,Education,11.2,3,13.3,8.0,2025-09-26,5,13,4,4,1
USR-02347,CMP-0198,Free,2024-04-01,Healthcare,25.0,9,7.7,8.0,2025-09-21,10,25,4,2,0
USR-02348,CMP-0577,Free,2024-07-28,Marketing,1.0,9,2.4,11.1,2025-10-01,0,2,4,4,1
USR-02349,CMP-0517,Free,2024-12-18,Technology,0.6,14,3.7,13.7,2025-09-01,30,0,3,1,0
USR-02350,CMP-0514,Free,2024-07-03,Media,0.8,4,34.0,2.9,2025-09-10,21,7,1,2,1
USR-02351,CMP-0022,Free,2024-10-07,Marketing,5.4,14,18.9,16.4,2025-09-28,3,9,1,10,0
USR-02352,CMP-0112,Pro,2024-06-16,E-commerce,12.0,15,17.9,13.3,2025-09-13,18,15,2,9,0
USR-02353,CMP-0057,Enterprise,2024-10-12,Healthcare,22.7,15,33.9,10.5,2025-09-30,1,27,1,7,0
USR-02354,CMP-0066,Enterprise,2024-12-03,Logistics,20.2,21,45.3,18.2,2025-09-28,3,25,3,8,0
USR-02355,CMP-0098,Pro,2024-08-21,Logistics,10.4,5,10.4,4.6,2025-09-20,11,19,0,5,0
USR-02356,CMP-0144,Pro,2024-01-17,Technology,20.0,10,33.6,14.1,2025-09-22,9,25,2,8,0
USR-02357,CMP-0435,Enterprise,2024-02-02,Education,25.8,10,33.3,11.5,2025-09-24,7,26,6,8,0
USR-02358,CMP-0086,Pro,2025-01-12,Manufacturing,16.7,9,16.1,14.3,2025-09-18,13,24,2,5,0
USR-02359,CMP-0588,Free,2025-01-30,E-commerce,3.6,5,9.0,5.0,2025-07-20,73,16,1,4,1
USR-02360,CMP-0344,Enterprise,2024-06-28,Logistics,28.9,15,42.7,17.6,2025-10-01,0,21,2,7,0
USR-02361,CMP-0294,Pro,2024-03-10,Technology,10.2,20,18.2,27.5,2025-09-29,2,9,2,8,0
USR-02362,CMP-0571,Pro,2024-02-02,Technology,22.1,7,18.9,9.7,2025-09-24,7,19,1,6,0
USR-02363,CMP-0243,Free,2024-12-19,Consulting,4.7,1,1.3,6.4,2025-09-13,18,1,1,1,1
USR-02364,CMP-0561,Free,2023-10-05,Education,6.4,2,5.2,6.7,2025-09-21,10,12,3,4,1
USR-02365,CMP-0032,Enterprise,2024-07-17,Marketing,22.0,15,24.9,10.7,2025-10-01,0,26,0,6,0
USR-02366,CMP-0391,Pro,2024-10-28,Manufacturing,13.5,9,17.7,12.0,2025-09-19,12,24,2,4,0
USR-02367,CMP-0277,Free,2024-07-14,Consulting,5.7,5,7.8,7.9,2025-08-17,45,5,1,3,0
USR-02368,CMP-0532,Free,2023-12-24,Logistics,3.0,1,3.2,3.0,2025-09-24,7,13,1,0,1
USR-02369,CMP-0154,Pro,2024-09-15,Manufacturing,23.0,9,3.0,7.5,2025-09-30,1,27,1,5,0
USR-02370,CMP-0383,Pro,2024-11-01,Healthcare,22.3,7,32.1,10.7,2025-10-01,0,21,2,7,0
USR-02371,CMP-0068,Free,2025-03-23,Education,17.9,2,3.8,1.7,2025-09-28,3,26,2,6,0
USR-02372,CMP-0214,Enterprise,2024-06-12,Logistics,24.8,17,67.3,23.0,2025-09-28,3,22,1,8,0
USR-02373,CMP-0376,Free,2023-11-24,Technology,2.2,1,17.7,4.1,2025-08-29,33,0,1,7,1
USR-02374,CMP-0213,Free,2024-08-03,Logistics,2.5,3,7.9,1.7,2025-09-30,1,2,2,8,0
USR-02375,CMP-0079,Pro,2024-06-09,Media,8.3,12,25.2,11.1,2025-09-26,5,20,3,4,0
USR-02376,CMP-0381,Free,2024-04-08,Finance,4.7,3,18.7,4.6,2025-09-15,16,4,2,2,1
USR-02377,CMP-0058,Enterprise,2024-04-16,Finance,22.0,17,33.5,23.8,2025-10-01,0,25,0,8,0
USR-02378,CMP-0026,Pro,2023-11-01,Logistics,10.5,9,10.4,7.5,2025-09-26,5,20,0,8,0
USR-02379,CMP-0447,Enterprise,2024-03-15,Media,27.7,24,26.9,21.9,2025-09-28,3,24,2,6,0
USR-02380,CMP-0066,Free,2024-05-28,Logistics,10.5,1,10.9,2.2,2025-09-06,25,14,0,6,0
USR-02381,CMP-0254,Free,2024-02-16,Finance,2.9,1,39.5,5.3,2025-09-23,8,15,1,10,0
USR-02382,CMP-0044,Free,2024-07-01,Consulting,1.7,2,9.9,3.0,2025-09-12,19,1,1,2,0
USR-02383,CMP-0097,Pro,2024-04-14,Healthcare,10.7,2,19.2,1.2,2025-09-29,2,15,0,7,0
USR-02384,CMP-0554,Pro,2023-10-28,Finance,9.5,17,28.2,16.0,2025-09-30,1,12,3,9,0
USR-02385,CMP-0227,Enterprise,2025-03-20,Healthcare,18.3,20,43.3,18.1,2025-10-01,0,27,0,7,0
USR-02386,CMP-0436,Pro,2025-02-19,Technology,14.2,14,20.5,12.4,2025-09-28,3,7,1,7,0
USR-02387,CMP-0379,Enterprise,2024-05-19,Healthcare,22.3,15,32.2,13.4,2025-10-01,0,27,4,9,0
USR-02388,CMP-0178,Pro,2024-05-14,Consulting,10.6,13,34.0,17.0,2025-09-29,2,17,1,6,0
USR-02389,CMP-0427,Free,2024-11-08,Media,3.0,3,7.6,4.4,2025-09-17,14,3,1,2,1
USR-02390,CMP-0307,Free,2024-04-15,Healthcare,1.9,1,23.1,1.0,2025-09-17,14,11,2,5,1
USR-02391,CMP-0504,Pro,2024-08-12,Manufacturing,12.2,8,9.0,8.0,2025-10-01,0,20,2,4,0
USR-02392,CMP-0268,Free,2024-12-21,Marketing,7.8,1,5.7,4.0,2025-09-27,4,8,4,4,1
USR-02393,CMP-0586,Free,2023-12-18,Finance,1.0,7,7.3,4.6,2025-09-20,11,3,1,6,0
USR-02394,CMP-0008,Pro,2024-03-05,Media,18.1,18,24.8,22.3,2025-09-29,2,28,3,7,0
USR-02395,CMP-0508,Enterprise,2024-01-15,E-commerce,19.5,11,37.5,14.4,2025-09-30,1,21,0,9,0
USR-02396,CMP-0476,Free,2024-08-28,Technology,1.7,1,1.2,8.1,2025-09-14,17,0,2,6,1
USR-02397,CMP-0297,Enterprise,2024-01-19,Marketing,18.2,22,30.8,21.8,2025-10-01,0,19,1,6,0
USR-02398,CMP-0164,Enterprise,2025-03-08,Manufacturing,17.8,21,47.8,13.5,2025-10-01,0,29,2,6,0
USR-02399,CMP-0485,Pro,2023-12-17,Education,19.3,12,18.8,17.2,2025-09-30,1,30,1,8,0
USR-02400,CMP-0597,Free,2024-06-04,Consulting,0.2,3,6.3,2.8,2025-09-30,1,0,2,6,0
USR-02401,CMP-0072,Free,2024-02-25,Logistics,7.2,14,18.5,11.9,2025-08-18,44,11,1,5,0
USR-02402,CMP-0567,Pro,2023-11-09,Marketing,14.1,12,24.7,13.1,2025-09-28,3,18,3,7,0
USR-02403,CMP-0559,Pro,2023-11-20,Media,6.6,7,21.1,12.7,2025-09-26,5,9,0,5,0
USR-02404,CMP-0238,Enterprise,2024-04-22,Media,13.1,18,38.6,20.6,2025-09-28,3,27,1,4,0
USR-02405,CMP-0104,Pro,2024-08-08,Media,8.3,17,26.3,19.3,2025-10-01,0,18,2,9,0
USR-02406,CMP-0210,Free,2024-05-03,Technology,0.7,1,2.6,2.9,2025-09-28,3,0,2,7,0
USR-02407,CMP-0554,Free,2025-03-10,Healthcare,14.6,3,41.8,4.4,2025-09-07,24,22,3,5,0
USR-02408,CMP-0468,Pro,2024-02-21,Finance,17.0,17,27.1,17.6,2025-09-18,13,21,2,5,0
USR-02409,CMP-0454,Free,2025-01-18,Education,3.5,5,7.0,6.6,2025-09-25,6,10,6,4,0
USR-02410,CMP-0268,Free,2024-08-31,Logistics,3.2,5,6.4,9.7,2025-09-25,6,6,4,1,0
USR-02411,CMP-0386,Pro,2024-05-12,Media,16.4,14,22.0,16.7,2025-09-22,9,19,1,7,0
USR-02412,CMP-0387,Free,2025-03-13,Logistics,0.6,4,6.0,8.0,2025-09-27,4,2,2,0,0
USR-02413,CMP-0259,Free,2024-05-30,E-commerce,4.1,1,4.1,1.0,2025-09-30,1,13,6,5,0
USR-02414,CMP-0283,Pro,2024-07-12,Technology,10.0,17,3.0,17.0,2025-09-29,2,14,2,5,0
USR-02415,CMP-0040,Free,2024-02-15,Media,0.8,12,1.0,12.3,2025-09-25,6,3,7,5,1
USR-02416,CMP-0486,Free,2024-07-12,E-commerce,7.7,1,3.0,4.3,2025-10-01,0,15,1,2,0
USR-02417,CMP-0220,Pro,2024-05-07,Education,18.7,10,35.6,8.7,2025-09-27,4,20,3,10,0
USR-02418,CMP-0129,Enterprise,2024-01-11,Education,17.1,10,39.2,7.0,2025-09-27,4,24,2,8,0
USR-02419,CMP-0520,Free,2024-08-01,Finance,1.2,1,9.1,5.2,2025-09-21,10,6,2,3,0
USR-02420,CMP-0260,Pro,2025-02-28,Manufacturing,10.9,13,19.4,12.3,2025-10-01,0,14,2,6,0
USR-02421,CMP-0366,Free,2024-02-29,Finance,4.1,2,14.4,6.3,2025-09-23,8,13,1,9,0
USR-02422,CMP-0544,Pro,2025-03-08,Healthcare,8.7,14,23.0,12.2,2025-09-23,8,17,0,5,0
USR-02423,CMP-0524,Enterprise,2024-08-28,Logistics,23.2,20,39.0,23.2,2025-10-01,0,27,1,6,0
USR-02424,CMP-0016,Pro,2024-02-24,Consulting,11.6,6,18.9,10.8,2025-10-01,0,18,2,4,0
USR-02425,CMP-0129,Enterprise,2024-07-08,Education,13.8,25,22.6,23.9,2025-09-30,1,17,0,6,0
USR-02426,CMP-0575,Free,2023-11-11,Consulting,6.9,1,6.4,3.2,2025-09-28,3,11,4,9,0
USR-02427,CMP-0109,Free,2024-06-23,Technology,1.3,3,22.6,8.0,2025-08-24,38,3,3,4,1
USR-02428,CMP-0533,Enterprise,2024-01-07,Marketing,15.4,21,17.4,21.0,2025-09-29,2,23,0,7,0
USR-02429,CMP-0269,Free,2024-05-23,Media,1.2,1,13.6,4.5,2025-09-27,4,7,4,6,0
USR-02430,CMP-0162,Free,2024-06-12,Technology,2.1,5,7.0,10.1,2025-09-14,17,3,2,5,0
USR-02431,CMP-0260,Pro,2024-05-02,Education,14.6,15,26.1,19.3,2025-09-28,3,20,2,8,0
USR-02432,CMP-0102,Enterprise,2024-06-02,E-commerce,19.2,21,37.7,16.0,2025-10-01,0,23,4,9,0
USR-02433,CMP-0506,Enterprise,2024-02-02,Logistics,17.5,17,23.2,13.4,2025-10-01,0,25,0,8,0
USR-02434,CMP-0571,Free,2024-04-19,Consulting,7.8,1,24.2,1.5,2025-09-17,14,6,0,4,0
USR-02435,CMP-0247,Enterprise,2023-11-11,Finance,13.9,19,37.9,13.7,2025-10-01,0,23,0,9,0
USR-02436,CMP-0537,Free,2023-10-28,Marketing,12.0,1,4.7,3.6,2025-09-27,4,18,1,3,1
USR-02437,CMP-0131,Free,2023-11-30,Manufacturing,8.8,2,1.0,6.4,2025-09-28,3,25,0,3,0
USR-02438,CMP-0353,Pro,2025-03-27,Technology,15.0,4,31.1,6.1,2025-09-30,1,25,1,6,0
USR-02439,CMP-0196,Free,2023-11-25,Manufacturing,0.9,2,6.3,3.0,2025-09-15,16,3,3,8,1
USR-02440,CMP-0382,Free,2024-01-21,Consulting,10.2,7,13.9,12.0,2025-09-07,24,11,5,3,0
USR-02441,CMP-0227,Pro,2024-12-18,Consulting,10.1,3,11.9,5.8,2025-09-23,8,17,0,5,0
USR-02442,CMP-0476,Free,2024-08-03,Media,5.3,1,26.8,4.8,2025-09-17,14,10,2,5,1
USR-02443,CMP-0477,Free,2024-07-24,E-commerce,5.3,2,17.2,8.1,2025-08-28,34,12,1,5,0
USR-02444,CMP-0265,Free,2025-03-03,E-commerce,0.5,2,10.2,4.2,2025-10-01,0,2,2,4,0
USR-02445,CMP-0372,Pro,2025-03-13,Healthcare,11.0,13,16.6,19.6,2025-09-30,1,16,2,7,0
USR-02446,CMP-0486,Pro,2025-02-15,Finance,17.8,9,24.0,8.9,2025-09-28,3,23,1,6,0
USR-02447,CMP-0434,Enterprise,2023-12-30,Education,22.5,19,26.6,24.2,2025-09-30,1,29,1,9,0
USR-02448,CMP-0211,Pro,2024-05-04,Education,7.3,9,36.3,7.3,2025-09-28,3,10,2,7,0
USR-02449,CMP-0572,Pro,2024-04-12,Consulting,7.8,6,18.9,9.4,2025-09-30,1,13,1,9,0
USR-02450,CMP-0377,Enterprise,2024-12-04,Technology,14.5,12,43.0,10.7,2025-10-01,0,14,0,6,0
USR-02451,CMP-0395,Free,2024-01-17,Logistics,4.3,6,1.4,11.2,2025-09-22,9,11,1,5,1
USR-02452,CMP-0450,Free,2024-04-11,Education,2.0,1,7.0,2.4,2025-08-26,36,3,1,0,1
USR-02453,CMP-0364,Enterprise,2024-04-24,Education,15.0,11,45.8,12.7,2025-09-30,1,17,0,10,0
USR-02454,CMP-0457,Free,2024-09-24,Technology,8.6,2,15.2,2.6,2025-10-01,0,18,6,10,1
USR-02455,CMP-0226,Enterprise,2024-02-14,Finance,17.3,12,39.2,15.4,2025-09-28,3,22,2,7,0
USR-02456,CMP-0131,Pro,2024-03-24,Marketing,5.3,14,19.4,12.2,2025-09-29,2,8,2,7,0
USR-02457,CMP-0588,Enterprise,2023-12-29,E-commerce,17.9,19,19.6,23.3,2025-10-01,0,24,1,8,0
USR-02458,CMP-0476,Pro,2024-11-10,Media,10.4,19,29.7,15.2,2025-09-29,2,18,0,4,0
USR-02459,CMP-0277,Pro,2023-12-14,Media,11.7,17,29.3,12.6,2025-09-22,9,9,0,9,0
USR-02460,CMP-0156,Free,2024-02-22,Media,0.5,1,27.2,6.7,2025-09-08,23,2,4,4,0
USR-02461,CMP-0218,Pro,2024-06-23,Technology,19.4,11,27.7,10.0,2025-09-25,6,24,0,2,0
USR-02462,CMP-0190,Pro,2024-12-15,Media,19.3,12,33.5,12.6,2025-09-29,2,25,3,5,0
USR-02463,CMP-0417,Enterprise,2025-02-14,Consulting,20.6,21,24.7,18.8,2025-09-30,1,24,1,5,0
USR-02464,CMP-0546,Free,2025-03-22,Healthcare,1.1,3,9.2,1.5,2025-09-30,1,3,0,5,1
USR-02465,CMP-0041,Free,2024-11-22,Technology,4.2,8,7.4,9.2,2025-08-25,37,12,4,5,0
USR-02466,CMP-0307,Free,2024-04-27,Technology,8.4,6,22.1,11.6,2025-09-17,14,11,0,8,1
USR-02467,CMP-0338,Pro,2024-06-23,E-commerce,15.4,17,11.5,19.6,2025-10-01,0,23,2,10,0
USR-02468,CMP-0314,Enterprise,2024-05-26,Media,21.0,20,36.6,19.7,2025-09-28,3,26,1,10,0
USR-02469,CMP-0075,Free,2024-06-12,Manufacturing,10.6,2,23.8,7.9,2025-09-23,8,20,1,2,0
USR-02470,CMP-0279,Pro,2024-10-23,Marketing,11.3,9,19.4,7.0,2025-09-06,25,22,2,8,0
USR-02471,CMP-0176,Free,2023-11-25,Healthcare,4.2,1,16.9,2.8,2025-09-08,23,9,1,7,0
USR-02472,CMP-0273,Pro,2025-03-20,Technology,15.2,12,39.4,13.8,2025-09-30,1,23,3,5,0
USR-02473,CMP-0289,Enterprise,2024-04-26,Healthcare,21.3,19,56.0,17.8,2025-09-28,3,30,1,8,0
USR-02474,CMP-0272,Free,2025-01-17,Technology,25.0,1,1.0,3.1,2025-09-22,9,25,5,6,1
USR-02475,CMP-0066,Pro,2024-04-24,Finance,16.9,9,7.9,6.6,2025-09-30,1,21,2,6,0
USR-02476,CMP-0483,Enterprise,2025-01-23,E-commerce,13.1,20,25.4,12.8,2025-09-28,3,25,1,9,0
USR-02477,CMP-0248,Enterprise,2024-07-09,Consulting,13.5,11,31.4,14.3,2025-09-29,2,10,3,8,1
USR-02478,CMP-0156,Pro,2024-06-22,Finance,15.6,17,20.3,17.3,2025-10-01,0,14,0,6,0
USR-02479,CMP-0047,Pro,2025-01-29,Logistics,7.2,13,37.6,16.1,2025-09-24,7,13,2,4,0
USR-02480,CMP-0454,Free,2025-01-27,Media,0.4,2,3.6,3.3,2025-09-17,14,0,2,8,0
USR-02481,CMP-0201,Pro,2024-09-24,Logistics,16.3,19,10.3,16.1,2025-09-30,1,27,2,7,0
USR-02482,CMP-0124,Enterprise,2025-02-09,Marketing,23.4,18,33.4,17.4,2025-09-30,1,24,0,8,0
USR-02483,CMP-0001,Pro,2024-03-22,Manufacturing,7.8,21,22.3,22.4,2025-09-25,6,10,1,5,0
USR-02484,CMP-0191,Free,2024-10-19,Consulting,5.0,9,9.6,9.5,2025-09-29,2,15,0,7,0
USR-02485,CMP-0579,Free,2024-02-21,Finance,7.2,2,3.6,7.0,2025-09-05,26,7,6,2,0
USR-02486,CMP-0516,Free,2023-11-14,Healthcare,10.5,1,34.0,1.0,2025-10-01,0,23,1,0,1
USR-02487,CMP-0442,Free,2023-10-16,Healthcare,9.6,1,3.3,3.3,2025-09-30,1,16,3,3,0
USR-02488,CMP-0143,Free,2024-12-24,Marketing,16.7,3,8.9,5.2,2025-09-30,1,25,2,6,1
USR-02489,CMP-0191,Pro,2024-02-08,Technology,7.8,11,30.9,15.5,2025-09-26,5,11,1,7,1
USR-02490,CMP-0533,Free,2023-12-14,Healthcare,4.4,1,45.0,4.4,2025-09-18,13,8,0,5,0
USR-02491,CMP-0227,Free,2024-12-06,Media,12.0,2,21.3,9.8,2025-09-24,7,12,3,5,0
USR-02492,CMP-0313,Pro,2024-06-18,Manufacturing,19.1,12,24.1,8.6,2025-09-29,2,26,1,7,0
USR-02493,CMP-0302,Free,2023-12-04,E-commerce,0.7,1,12.1,4.2,2025-09-08,23,6,2,10,0
USR-02494,CMP-0460,Free,2024-10-26,Media,2.5,6,2.3,8.3,2025-10-01,0,6,4,6,0
USR-02495,CMP-0401,Free,2025-01-17,Manufacturing,1.6,1,5.2,5.7,2025-09-27,4,7,2,4,0
USR-02496,CMP-0551,Free,2025-02-26,Marketing,1.7,5,4.1,4.6,2025-10-01,0,1,3,5,1
USR-02497,CMP-0393,Pro,2024-03-07,Media,11.4,17,22.2,21.7,2025-10-01,0,23,2,6,0
USR-02498,CMP-0207,Free,2024-01-20,E-commerce,0.7,3,4.2,5.4,2025-09-25,6,8,1,5,1
USR-02499,CMP-0210,Pro,2023-10-13,E-commerce,7.4,15,25.8,11.7,2025-09-30,1,4,2,5,0
USR-02500,CMP-0115,Enterprise,2023-12-30,Education,15.3,22,49.8,20.6,2025-10-01,0,27,0,9,0
USR-02501,CMP-0251,Pro,2024-06-15,Technology,4.4,9,17.5,9.3,2025-09-19,12,14,0,7,0
USR-02502,CMP-0219,Pro,2024-03-01,Marketing,14.7,15,27.0,23.3,2025-09-30,1,19,2,5,0
USR-02503,CMP-0407,Enterprise,2025-01-03,Media,17.6,25,19.8,26.1,2025-09-27,4,23,2,9,1
USR-02504,CMP-0443,Pro,2025-03-30,Consulting,3.5,9,23.4,10.3,2025-09-24,7,3,2,3,0
USR-02505,CMP-0354,Free,2024-07-08,Consulting,5.3,2,3.0,4.3,2025-09-26,5,10,4,10,1
USR-02506,CMP-0558,Free,2024-12-27,Marketing,0.6,4,9.4,9.1,2025-09-20,11,2,0,10,0
USR-02507,CMP-0550,Enterprise,2023-10-27,Media,15.3,14,33.0,17.2,2025-09-30,1,20,1,10,0
USR-02508,CMP-0142,Free,2024-09-23,Finance,18.2,6,7.2,1.0,2025-09-30,1,26,4,4,0
USR-02509,CMP-0501,Free,2024-10-30,Finance,2.5,5,6.3,8.9,2025-08-29,33,0,3,6,0
USR-02510,CMP-0547,Pro,2024-12-11,Technology,8.5,13,27.7,13.5,2025-09-26,5,12,4,5,0
USR-02511,CMP-0542,Enterprise,2024-03-05,Media,10.8,14,38.5,10.3,2025-09-25,6,17,2,8,0
USR-02512,CMP-0507,Free,2023-10-31,E-commerce,3.4,1,3.3,6.4,2025-09-07,24,7,1,5,0
USR-02513,CMP-0596,Pro,2024-09-03,Healthcare,14.8,13,27.7,20.1,2025-10-01,0,9,3,6,0
USR-02514,CMP-0281,Free,2023-10-20,Consulting,0.4,1,5.9,5.5,2025-09-28,3,1,2,4,1
USR-02515,CMP-0424,Pro,2025-03-21,Media,11.8,8,26.3,12.7,2025-09-30,1,13,2,7,0
USR-02516,CMP-0270,Free,2024-02-11,Media,2.5,6,1.9,13.2,2025-09-07,24,1,3,10,0
USR-02517,CMP-0154,Free,2024-04-02,Healthcare,0.7,4,1.0,3.7,2025-09-04,27,0,2,8,0
USR-02518,CMP-0083,Enterprise,2024-09-04,Healthcare,15.4,14,34.2,8.6,2025-09-29,2,27,1,8,0
USR-02519,CMP-0426,Pro,2025-03-31,Manufacturing,20.1,6,22.3,9.8,2025-10-01,0,24,1,6,0
USR-02520,CMP-0275,Pro,2024-08-17,Education,5.2,13,30.7,12.7,2025-09-30,1,12,3,8,0
USR-02521,CMP-0284,Pro,2024-09-16,Technology,20.5,7,28.1,4.5,2025-09-20,11,21,0,5,0
USR-02522,CMP-0173,Free,2024-02-28,Consulting,0.7,1,1.0,3.6,2025-08-25,37,0,2,4,1
USR-02523,CMP-0327,Pro,2024-11-07,Healthcare,10.7,14,37.4,16.4,2025-09-30,1,11,3,3,0
USR-02524,CMP-0063,Free,2023-11-30,Finance,3.6,1,9.1,3.4,2025-10-01,0,5,8,5,0
USR-02525,CMP-0073,Free,2024-08-22,Marketing,1.6,1,1.0,1.4,2025-09-26,5,11,2,5,1
USR-02526,CMP-0375,Free,2024-10-18,Finance,0.9,4,3.9,5.5,2025-10-01,0,2,4,4,1
USR-02527,CMP-0508,Pro,2024-11-04,Manufacturing,6.8,15,20.5,14.9,2025-09-19,12,13,1,7,0
USR-02528,CMP-0398,Enterprise,2024-08-24,Manufacturing,17.0,15,39.2,9.2,2025-09-29,2,29,2,8,0
USR-02529,CMP-0120,Enterprise,2023-11-18,Healthcare,16.0,16,45.2,15.4,2025-09-28,3,23,2,7,0
USR-02530,CMP-0437,Pro,2023-10-03,Manufacturing,21.3,3,10.3,1.4,2025-09-28,3,24,1,8,0
USR-02531,CMP-0465,Free,2025-02-20,E-commerce,3.8,13,14.3,15.4,2025-09-26,5,5,4,5,0
USR-02532,CMP-0286,Pro,2023-11-18,Logistics,13.2,15,30.3,10.3,2025-09-30,1,11,2,4,0
USR-02533,CMP-0265,Enterprise,2024-08-07,Media,18.2,14,35.0,17.2,2025-09-27,4,25,0,5,0
USR-02534,CMP-0320,Free,2024-04-19,Media,0.5,5,1.0,5.8,2025-09-15,16,1,4,9,1
USR-02535,CMP-0376,Enterprise,2025-03-13,Healthcare,21.4,18,32.6,15.8,2025-09-30,1,22,1,8,0
USR-02536,CMP-0089,Free,2025-02-21,Manufacturing,0.4,1,17.9,4.7,2025-09-26,5,3,2,5,1
USR-02537,CMP-0203,Enterprise,2023-12-26,Marketing,16.0,11,44.3,9.2,2025-10-01,0,26,0,7,0
USR-02538,CMP-0334,Enterprise,2025-02-24,E-commerce,18.3,20,25.2,19.8,2025-10-01,0,21,0,9,0
USR-02539,CMP-0222,Enterprise,2024-06-06,Technology,23.3,23,40.2,19.2,2025-09-29,2,22,0,8,0
USR-02540,CMP-0041,Free,2024-10-12,Manufacturing,2.6,2,25.0,2.9,2025-09-21,10,0,1,9,1
USR-02541,CMP-0068,Free,2023-10-21,E-commerce,1.9,6,2.8,9.0,2025-09-24,7,0,2,5,0
USR-02542,CMP-0514,Free,2023-12-31,Education,1.8,1,2.8,1.0,2025-09-07,24,1,4,0,0
USR-02543,CMP-0598,Free,2024-09-24,Technology,1.8,5,16.8,3.2,2025-09-22,9,0,1,8,0
USR-02544,CMP-0127,Free,2024-08-04,Media,10.8,8,1.1,10.1,2025-09-25,6,20,1,6,0
USR-02545,CMP-0255,Pro,2024-06-29,Education,16.6,13,22.2,13.3,2025-09-30,1,22,0,5,0
USR-02546,CMP-0016,Pro,2025-02-28,Healthcare,18.1,13,9.7,13.9,2025-09-19,12,30,1,6,0
USR-02547,CMP-0477,Pro,2023-10-13,Consulting,8.8,13,19.8,14.4,2025-09-25,6,14,0,6,0
USR-02548,CMP-0062,Pro,2024-11-02,Healthcare,16.0,11,24.0,12.0,2025-10-01,0,25,3,4,0
USR-02549,CMP-0432,Free,2025-03-13,Marketing,4.8,1,7.9,5.6,2025-09-17,14,9,5,7,1
USR-02550,CMP-0268,Enterprise,2025-01-04,E-commerce,25.4,13,42.3,13.7,2025-09-30,1,25,0,7,0
USR-02551,CMP-0035,Free,2024-03-11,Consulting,1.8,15,27.4,9.0,2025-09-08,23,1,2,3,1
USR-02552,CMP-0576,Pro,2024-04-11,Technology,11.0,13,25.4,8.2,2025-09-14,17,24,0,10,0
USR-02553,CMP-0494,Pro,2023-10-03,Technology,16.2,16,27.0,21.6,2025-09-25,6,28,1,4,0
USR-02554,CMP-0562,Enterprise,2024-08-20,Education,19.6,21,46.6,19.8,2025-09-28,3,26,2,7,0
USR-02555,CMP-0469,Free,2024-09-15,Marketing,2.6,1,5.7,6.7,2025-10-01,0,12,0,0,1
USR-02556,CMP-0325,Pro,2024-04-20,Media,12.1,15,24.7,14.0,2025-09-26,5,27,3,9,0
USR-02557,CMP-0304,Pro,2025-02-26,Manufacturing,8.2,14,17.0,14.0,2025-09-22,9,3,1,6,0
USR-02558,CMP-0276,Free,2023-11-22,Manufacturing,2.1,4,45.0,4.8,2025-09-22,9,1,2,7,1
USR-02559,CMP-0201,Pro,2025-02-21,Consulting,13.7,11,41.4,19.2,2025-09-25,6,20,2,5,0
USR-02560,CMP-0445,Enterprise,2023-11-05,Marketing,18.7,10,34.2,11.8,2025-09-25,6,25,2,5,0
USR-02561,CMP-0324,Enterprise,2025-01-27,Marketing,3.1,17,46.2,15.0,2025-10-01,0,6,1,6,0
USR-02562,CMP-0035,Free,2024-12-03,Technology,5.3,1,8.2,1.0,2025-09-30,1,11,5,8,0
USR-02563,CMP-0482,Free,2024-05-04,Media,0.5,1,2.5,9.7,2025-09-15,16,0,1,6,0
USR-02564,CMP-0480,Free,2024-11-03,E-commerce,1.5,1,28.5,3.3,2025-09-07,24,7,4,1,0
USR-02565,CMP-0065,Free,2024-10-25,Media,12.6,1,11.9,6.0,2025-09-05,26,8,3,0,1
USR-02566,CMP-0008,Free,2024-09-03,Finance,5.5,1,2.7,6.4,2025-09-17,14,6,1,4,0
USR-02567,CMP-0301,Free,2024-03-25,Marketing,0.1,10,3.9,9.6,2025-09-06,25,3,3,8,1
USR-02568,CMP-0343,Enterprise,2024-01-18,Healthcare,11.7,14,44.6,16.2,2025-09-28,3,21,2,6,0
USR-02569,CMP-0431,Enterprise,2024-02-07,Logistics,21.2,8,30.2,7.6,2025-10-01,0,28,0,9,0
USR-02570,CMP-0424,Free,2023-10-15,Marketing,7.2,3,1.0,2.4,2025-09-11,20,13,0,5,0
USR-02571,CMP-0332,Free,2024-08-18,Consulting,9.2,3,3.3,8.9,2025-09-29,2,20,2,9,0
USR-02572,CMP-0438,Pro,2025-02-05,Healthcare,6.9,14,21.2,13.7,2025-09-30,1,8,3,5,1
USR-02573,CMP-0588,Free,2024-12-30,Consulting,1.7,10,9.9,12.6,2025-09-24,7,2,1,5,0
USR-02574,CMP-0174,Pro,2024-07-17,Education,12.5,9,36.5,11.4,2025-09-29,2,19,3,5,0
USR-02575,CMP-0559,Pro,2024-04-16,Logistics,15.7,8,31.1,11.3,2025-09-29,2,20,2,8,0
USR-02576,CMP-0527,Enterprise,2024-05-28,Logistics,22.0,17,32.2,11.9,2025-10-01,0,24,0,8,0
USR-02577,CMP-0026,Pro,2024-11-20,Technology,20.2,12,15.7,10.8,2025-09-29,2,22,1,3,0
USR-02578,CMP-0406,Pro,2023-12-19,Marketing,10.2,13,30.9,12.4,2025-10-01,0,14,1,8,0
USR-02579,CMP-0232,Pro,2024-01-31,Technology,9.3,11,26.0,9.3,2025-09-27,4,16,2,4,0
USR-02580,CMP-0533,Free,2023-10-16,Manufacturing,8.4,15,14.0,16.3,2025-09-11,20,19,6,3,1
USR-02581,CMP-0550,Pro,2024-11-10,Consulting,17.4,10,26.3,14.6,2025-09-18,13,27,1,8,0
USR-02582,CMP-0505,Pro,2023-10-29,Finance,13.9,12,30.2,16.6,2025-09-19,12,15,1,4,0
USR-02583,CMP-0179,Free,2025-01-08,Finance,3.6,1,13.3,2.8,2025-09-24,7,14,3,4,1
USR-02584,CMP-0132,Free,2024-12-17,Manufacturing,2.4,2,3.2,5.5,2025-09-13,18,2,3,7,1
USR-02585,CMP-0455,Free,2024-02-07,Education,12.7,2,45.0,5.9,2025-09-27,4,14,3,6,1
USR-02586,CMP-0348,Enterprise,2024-04-25,Finance,20.8,13,29.7,15.3,2025-10-01,0,19,3,8,0
USR-02587,CMP-0540,Free,2024-07-13,Consulting,0.7,10,3.4,8.4,2025-09-16,15,3,1,7,1
USR-02588,CMP-0406,Free,2023-11-28,Finance,4.3,3,37.0,10.9,2025-09-17,14,15,3,8,1
USR-02589,CMP-0076,Free,2024-05-07,Manufacturing,11.0,4,44.5,9.0,2025-09-09,22,17,3,2,0
USR-02590,CMP-0579,Pro,2024-02-17,Healthcare,9.8,20,17.3,21.9,2025-09-25,6,17,4,7,0
USR-02591,CMP-0492,Free,2024-09-26,Technology,3.2,9,15.8,13.8,2025-09-29,2,13,4,7,0
USR-02592,CMP-0194,Enterprise,2024-11-14,E-commerce,21.8,16,38.6,17.4,2025-09-26,5,27,0,9,0
USR-02593,CMP-0162,Enterprise,2025-01-22,Consulting,21.1,15,57.9,11.9,2025-09-29,2,29,1,7,0
USR-02594,CMP-0347,Pro,2024-10-20,Technology,13.4,3,20.8,5.0,2025-09-20,11,16,0,6,0
USR-02595,CMP-0361,Pro,2024-10-19,Logistics,12.8,12,24.9,7.6,2025-09-21,10,18,1,8,0
USR-02596,CMP-0584,Free,2024-07-20,Media,3.0,2,4.1,5.8,2025-09-27,4,0,5,6,0
USR-02597,CMP-0087,Free,2024-01-22,Finance,1.0,15,19.3,14.5,2025-09-30,1,0,1,8,0
USR-02598,CMP-0262,Enterprise,2024-12-15,Finance,18.9,18,43.0,17.3,2025-10-01,0,24,1,8,1
USR-02599,CMP-0214,Free,2023-10-22,Education,1.0,1,4.1,7.4,2025-09-30,1,0,7,4,1
USR-02600,CMP-0573,Free,2024-06-19,Technology,0.2,1,12.6,2.4,2025-09-28,3,7,4,1,1
USR-02601,CMP-0262,Pro,2023-11-12,Media,6.4,7,22.1,7.8,2025-09-27,4,5,0,6,0
USR-02602,CMP-0283,Free,2024-10-12,Finance,0.2,2,6.6,4.7,2025-08-29,33,3,3,2,1
USR-02603,CMP-0467,Enterprise,2024-06-07,Logistics,19.6,17,35.8,11.1,2025-09-25,6,23,1,5,0
USR-02604,CMP-0380,Free,2024-10-02,Education,2.2,1,34.1,3.0,2025-09-14,17,3,0,3,0
USR-02605,CMP-0362,Enterprise,2024-05-01,Technology,23.9,20,58.4,11.5,2025-10-01,0,24,2,9,0
USR-02606,CMP-0449,Pro,2023-11-12,Education,12.3,7,13.4,6.8,2025-09-29,2,19,5,6,0
USR-02607,CMP-0441,Pro,2024-05-30,Technology,13.0,10,28.7,13.6,2025-09-23,8,15,0,7,0
USR-02608,CMP-0093,Free,2023-11-15,Marketing,1.0,1,24.0,5.1,2025-09-30,1,6,4,7,1
USR-02609,CMP-0424,Pro,2024-04-24,Marketing,17.6,9,14.8,8.4,2025-09-20,11,21,1,6,0
USR-02610,CMP-0142,Enterprise,2025-01-14,Manufacturing,21.8,18,20.6,17.5,2025-09-24,7,25,3,6,0
USR-02611,CMP-0291,Pro,2024-03-27,Consulting,17.4,21,14.1,16.6,2025-09-28,3,22,1,6,0
USR-02612,CMP-0432,Free,2024-10-31,Education,0.8,2,25.3,4.6,2025-09-14,17,1,1,7,1
USR-02613,CMP-0049,Pro,2024-01-29,Manufacturing,10.9,9,15.0,19.0,2025-09-30,1,23,1,6,0
USR-02614,CMP-0302,Pro,2023-11-22,Education,9.6,17,19.0,22.1,2025-09-23,8,22,3,1,1
USR-02615,CMP-0190,Pro,2024-11-09,Finance,10.7,9,24.5,10.4,2025-10-01,0,17,0,6,0
USR-02616,CMP-0136,Enterprise,2023-12-11,E-commerce,14.7,16,37.0,16.3,2025-10-01,0,20,1,8,0
USR-02617,CMP-0555,Free,2024-01-26,Education,12.5,1,1.0,1.0,2025-09-14,17,16,2,5,1
USR-02618,CMP-0404,Pro,2023-11-03,Finance,8.3,3,23.0,3.0,2025-09-23,8,13,0,4,0
USR-02619,CMP-0341,Pro,2025-01-26,Media,11.3,15,23.5,16.1,2025-09-24,7,20,2,5,0
USR-02620,CMP-0318,Pro,2024-10-01,Marketing,8.1,10,32.3,9.4,2025-09-27,4,13,1,3,0
USR-02621,CMP-0363,Enterprise,2024-09-13,Manufacturing,22.7,14,34.1,16.9,2025-09-28,3,23,0,8,0
USR-02622,CMP-0382,Enterprise,2025-03-23,E-commerce,18.4,19,55.8,22.9,2025-09-27,4,21,0,8,0
USR-02623,CMP-0233,Pro,2024-07-05,Logistics,11.1,15,12.6,16.0,2025-09-08,23,13,0,6,0
USR-02624,CMP-0344,Free,2024-06-11,Marketing,5.2,4,17.3,6.5,2025-09-01,30,13,3,4,1
USR-02625,CMP-0549,Free,2025-02-13,Manufacturing,2.2,1,3.8,1.0,2025-09-09,22,12,3,2,1
USR-02626,CMP-0553,Pro,2023-11-22,E-commerce,8.3,12,20.8,14.8,2025-09-23,8,23,2,7,0
USR-02627,CMP-0529,Enterprise,2024-04-01,Logistics,20.8,16,12.6,12.4,2025-09-29,2,27,2,5,0
USR-02628,CMP-0571,Free,2024-04-13,Healthcare,13.6,2,14.8,3.3,2025-09-30,1,23,2,7,0
USR-02629,CMP-0183,Free,2025-04-02,Finance,0.2,2,6.6,7.5,2025-09-29,2,4,2,6,0
USR-02630,CMP-0041,Free,2024-07-25,Healthcare,7.3,7,15.6,11.7,2025-09-07,24,8,3,8,0
USR-02631,CMP-0551,Enterprise,2023-12-17,Finance,9.9,20,20.6,17.6,2025-09-27,4,21,2,8,0
USR-02632,CMP-0397,Free,2023-11-16,Technology,6.4,10,1.0,9.8,2025-09-18,13,14,2,4,0
USR-02633,CMP-0494,Pro,2024-07-23,Consulting,12.6,12,23.8,10.5,2025-09-27,4,13,1,7,0
USR-02634,CMP-0333,Pro,2024-11-06,E-commerce,20.0,5,11.2,3.4,2025-10-01,0,25,0,8,0
USR-02635,CMP-0127,Enterprise,2023-12-04,Healthcare,19.1,25,23.0,21.1,2025-09-30,1,24,0,6,0
USR-02636,CMP-0558,Pro,2024-06-30,Consulting,4.9,10,35.4,6.2,2025-09-28,3,2,1,6,0
USR-02637,CMP-0557,Pro,2025-02-05,E-commerce,13.8,14,17.0,16.2,2025-09-27,4,19,1,7,0
USR-02638,CMP-0001,Free,2024-01-15,Manufacturing,7.8,1,9.9,5.0,2025-08-25,37,7,0,6,0
USR-02639,CMP-0168,Pro,2024-12-13,Technology,13.2,11,14.5,13.5,2025-10-01,0,23,2,6,0
USR-02640,CMP-0019,Pro,2023-12-03,Manufacturing,14.1,13,16.0,10.5,2025-09-26,5,14,0,8,0
USR-02641,CMP-0332,Enterprise,2024-02-23,Finance,11.7,17,38.7,13.0,2025-09-30,1,19,2,6,0
USR-02642,CMP-0584,Free,2024-04-03,Consulting,2.0,1,28.8,4.0,2025-07-29,64,1,3,10,1
USR-02643,CMP-0456,Free,2025-02-04,E-commerce,0.0,3,4.2,5.6,2025-09-04,27,2,1,3,0
USR-02644,CMP-0109,Free,2024-05-11,Education,1.1,4,12.5,5.8,2025-09-23,8,7,2,6,0
USR-02645,CMP-0268,Free,2023-12-23,Consulting,0.6,2,7.4,3.7,2025-06-10,113,0,4,4,0
USR-02646,CMP-0445,Enterprise,2025-02-01,Media,15.6,14,40.4,19.3,2025-09-29,2,28,2,8,0
USR-02647,CMP-0240,Free,2024-10-03,Logistics,1.7,7,17.1,9.9,2025-09-29,2,0,3,2,1
USR-02648,CMP-0301,Pro,2024-05-29,Healthcare,15.4,14,18.5,20.1,2025-09-26,5,25,1,9,0
USR-02649,CMP-0103,Free,2023-10-15,E-commerce,16.1,1,5.0,7.6,2025-09-28,3,27,3,3,1
USR-02650,CMP-0250,Free,2024-10-10,Marketing,2.4,2,8.9,9.7,2025-09-17,14,6,3,5,0
USR-02651,CMP-0453,Pro,2024-02-01,Marketing,12.8,12,28.9,9.4,2025-09-12,19,12,2,6,0
USR-02652,CMP-0520,Free,2025-01-22,Logistics,1.0,4,3.7,8.0,2025-09-10,21,6,0,3,1
USR-02653,CMP-0153,Free,2024-10-20,Finance,2.2,11,18.6,10.5,2025-09-27,4,6,2,0,0
USR-02654,CMP-0174,Pro,2024-08-23,Consulting,8.3,8,13.2,4.4,2025-09-29,2,16,1,9,0
USR-02655,CMP-0343,Pro,2025-03-27,Consulting,10.9,13,15.5,17.9,2025-10-01,0,13,4,7,0
USR-02656,CMP-0431,Free,2024-08-12,Marketing,12.4,10,7.1,10.1,2025-09-27,4,25,3,1,0
USR-02657,CMP-0324,Enterprise,2025-03-08,Consulting,23.4,24,28.9,19.0,2025-10-01,0,27,2,5,0
USR-02658,CMP-0420,Pro,2025-03-09,Logistics,0.0,22,27.1,19.4,2025-09-27,4,12,2,6,0
USR-02659,CMP-0594,Pro,2023-10-03,Consulting,11.7,8,16.2,7.0,2025-09-23,8,12,0,6,0
USR-02660,CMP-0485,Free,2024-09-21,Finance,6.9,3,2.8,3.3,2025-09-12,19,9,3,4,0
USR-02661,CMP-0412,Free,2024-09-14,Healthcare,0.4,2,12.3,3.9,2025-10-01,0,4,3,9,0
USR-02662,CMP-0084,Free,2025-01-10,Media,0.5,7,8.6,13.8,2025-09-26,5,12,2,1,1
USR-02663,CMP-0113,Free,2025-03-06,Healthcare,5.3,1,42.9,1.8,2025-09-27,4,13,1,6,0
USR-02664,CMP-0332,Pro,2023-12-26,Media,19.4,18,17.2,22.4,2025-10-01,0,26,3,8,1
USR-02665,CMP-0378,Enterprise,2024-12-27,Education,17.7,19,48.8,20.7,2025-09-30,1,22,1,8,0
USR-02666,CMP-0041,Pro,2024-09-27,Healthcare,11.0,20,22.3,20.2,2025-09-29,2,17,1,8,0
USR-02667,CMP-0105,Free,2025-03-24,Logistics,4.5,2,2.5,6.8,2025-09-17,14,8,1,5,0
USR-02668,CMP-0202,Pro,2025-03-06,Technology,15.7,12,18.6,12.6,2025-09-16,15,24,2,7,0
USR-02669,CMP-0450,Free,2025-02-26,Education,3.5,2,8.2,8.5,2025-09-23,8,9,2,4,0
USR-02670,CMP-0266,Pro,2024-06-15,Media,11.0,13,41.6,15.1,2025-09-22,9,21,2,3,0
USR-02671,CMP-0210,Pro,2024-04-10,Media,13.8,3,13.3,1.0,2025-09-30,1,18,1,7,0
USR-02672,CMP-0563,Enterprise,2024-10-07,Education,14.3,19,40.5,19.1,2025-09-25,6,24,0,7,0
USR-02673,CMP-0118,Enterprise,2024-12-14,Media,22.4,23,35.6,23.8,2025-10-01,0,25,0,6,0
USR-02674,CMP-0377,Free,2024-01-17,E-commerce,1.2,15,8.0,14.1,2025-09-29,2,15,3,6,0
USR-02675,CMP-0551,Pro,2025-03-15,Technology,9.1,19,18.3,18.6,2025-10-01,0,13,0,7,1
USR-02676,CMP-0540,Enterprise,2024-11-11,Logistics,22.1,16,43.8,14.0,2025-09-30,1,23,1,6,0
USR-02677,CMP-0084,Enterprise,2023-11-23,E-commerce,12.1,17,22.8,12.5,2025-09-29,2,11,0,8,1
USR-02678,CMP-0454,Pro,2024-11-10,Media,8.9,17,3.0,11.9,2025-09-01,30,22,2,6,0
USR-02679,CMP-0514,Enterprise,2024-01-20,Healthcare,9.1,18,27.1,12.8,2025-09-27,4,16,0,8,0
USR-02680,CMP-0387,Free,2024-02-09,E-commerce,5.4,2,9.1,6.6,2025-09-25,6,1,3,8,0
USR-02681,CMP-0350,Enterprise,2024-05-24,Healthcare,23.0,22,20.4,13.1,2025-09-29,2,25,2,8,0
USR-02682,CMP-0296,Free,2024-10-21,Education,0.1,1,8.7,1.8,2025-09-18,13,6,3,6,1
USR-02683,CMP-0258,Pro,2024-09-14,Consulting,18.4,17,10.8,14.3,2025-09-19,12,28,1,5,0
USR-02684,CMP-0081,Enterprise,2023-11-26,Manufacturing,16.4,15,47.9,14.2,2025-09-27,4,25,1,6,0
USR-02685,CMP-0268,Free,2023-12-24,Media,11.0,10,3.8,5.4,2025-09-20,11,10,3,6,0
USR-02686,CMP-0419,Pro,2024-03-16,Manufacturing,14.2,9,14.1,11.4,2025-09-24,7,17,2,3,0
USR-02687,CMP-0235,Free,2024-05-26,Technology,7.3,1,2.9,1.0,2025-09-12,19,7,1,4,1
USR-02688,CMP-0311,Enterprise,2024-07-24,Healthcare,10.4,12,38.0,16.0,2025-10-01,0,22,1,6,0
USR-02689,CMP-0357,Enterprise,2025-03-13,E-commerce,14.5,18,42.5,15.5,2025-10-01,0,17,3,7,0
USR-02690,CMP-0213,Pro,2024-05-01,Manufacturing,3.9,12,12.2,12.3,2025-09-23,8,4,1,6,0
USR-02691,CMP-0574,Pro,2023-11-29,Finance,6.4,17,21.2,16.6,2025-09-18,13,4,1,7,0
USR-02692,CMP-0049,Enterprise,2023-11-11,Media,18.4,24,28.1,22.9,2025-09-30,1,24,0,8,0
USR-02693,CMP-0127,Free,2024-04-04,Manufacturing,0.1,3,24.4,5.5,2025-08-08,54,0,0,7,1
USR-02694,CMP-0223,Pro,2024-03-29,E-commerce,13.9,12,16.7,11.3,2025-09-30,1,16,1,9,0
USR-02695,CMP-0279,Pro,2024-08-29,E-commerce,6.8,10,29.9,12.0,2025-09-28,3,2,2,6,0
USR-02696,CMP-0408,Free,2023-12-17,Technology,0.4,3,25.9,6.8,2025-09-25,6,2,4,4,1
USR-02697,CMP-0505,Free,2024-02-07,Marketing,1.1,4,4.0,3.9,2025-08-25,37,0,1,3,1
USR-02698,CMP-0294,Free,2024-04-14,Logistics,2.1,9,1.0,11.5,2025-09-27,4,3,3,4,0
USR-02699,CMP-0277,Free,2024-01-01,Finance,0.4,6,45.0,11.4,2025-09-23,8,4,5,3,0
USR-02700,CMP-0438,Enterprise,2023-11-19,Manufacturing,25.8,18,34.0,19.5,2025-10-01,0,22,1,8,0
USR-02701,CMP-0107,Pro,2025-03-09,Logistics,6.8,12,30.7,15.4,2025-09-26,5,16,0,9,0
USR-02702,CMP-0420,Pro,2024-08-25,Finance,5.0,11,31.9,12.3,2025-09-18,13,9,2,3,0
USR-02703,CMP-0429,Free,2024-11-08,Marketing,9.4,6,2.2,5.0,2025-09-26,5,12,3,5,1
USR-02704,CMP-0375,Free,2024-02-06,Manufacturing,3.4,1,2.2,1.4,2025-09-08,23,9,4,9,0
USR-02705,CMP-0073,Free,2024-04-19,Finance,8.6,1,6.3,4.8,2025-08-29,33,22,1,1,0
USR-02706,CMP-0030,Enterprise,2024-10-01,Logistics,20.3,14,47.0,17.0,2025-10-01,0,21,1,10,0
USR-02707,CMP-0188,Pro,2024-02-15,Healthcare,13.1,12,39.9,21.0,2025-09-22,9,12,1,5,0
USR-02708,CMP-0364,Enterprise,2024-02-01,E-commerce,17.8,17,31.5,19.5,2025-10-01,0,30,1,7,0
USR-02709,CMP-0451,Pro,2025-02-23,Consulting,0.0,2,19.0,1.1,2025-09-30,1,2,1,8,0
USR-02710,CMP-0195,Pro,2024-03-08,Education,20.0,12,23.3,10.3,2025-09-25,6,25,1,8,0
USR-02711,CMP-0156,Pro,2025-01-16,Media,14.5,13,35.8,20.2,2025-09-23,8,18,1,6,0
USR-02712,CMP-0172,Enterprise,2023-10-09,Consulting,19.6,15,18.2,14.4,2025-09-30,1,27,1,6,0
USR-02713,CMP-0041,Enterprise,2024-01-11,Manufacturing,17.7,13,37.8,13.5,2025-10-01,0,25,3,6,0
USR-02714,CMP-0063,Free,2023-12-18,Manufacturing,8.0,4,1.8,3.3,2025-08-29,33,15,0,5,0
USR-02715,CMP-0023,Pro,2024-11-14,Finance,12.8,8,38.7,14.1,2025-09-22,9,8,4,6,0
USR-02716,CMP-0360,Pro,2024-07-28,E-commerce,13.1,3,28.9,6.9,2025-09-29,2,17,4,5,1
USR-02717,CMP-0075,Pro,2024-06-15,Marketing,4.8,15,22.6,12.7,2025-09-27,4,16,2,6,0
USR-02718,CMP-0560,Free,2024-11-20,Technology,1.0,4,1.0,3.2,2025-10-01,0,2,3,6,1
USR-02719,CMP-0118,Enterprise,2023-12-08,Finance,20.8,21,28.8,20.7,2025-09-30,1,27,1,9,0
USR-02720,CMP-0380,Enterprise,2024-05-28,Technology,17.0,15,37.1,15.1,2025-09-29,2,23,1,8,0
USR-02721,CMP-0290,Free,2025-02-18,Education,0.8,1,1.0,6.3,2025-09-21,10,1,6,5,1
USR-02722,CMP-0440,Enterprise,2024-08-12,Logistics,24.1,19,32.5,19.8,2025-10-01,0,26,1,6,0
USR-02723,CMP-0007,Free,2025-02-16,Finance,0.6,4,16.2,5.4,2025-09-11,20,4,2,3,0
USR-02724,CMP-0196,Free,2024-09-19,Education,2.0,1,3.3,2.2,2025-09-27,4,1,3,6,1
USR-02725,CMP-0421,Free,2025-01-11,Media,4.1,1,9.8,3.3,2025-09-19,12,12,6,6,0
USR-02726,CMP-0568,Free,2023-10-10,Finance,1.0,7,5.3,6.9,2025-09-27,4,3,2,4,0
USR-02727,CMP-0193,Enterprise,2024-10-26,E-commerce,26.7,15,23.7,14.6,2025-09-30,1,24,1,9,0
USR-02728,CMP-0559,Free,2024-02-02,E-commerce,8.1,5,2.7,7.0,2025-09-28,3,21,2,5,0
USR-02729,CMP-0148,Free,2025-01-24,Manufacturing,17.9,1,7.2,1.1,2025-09-17,14,29,5,4,1
USR-02730,CMP-0202,Free,2023-11-02,Media,1.2,4,16.0,8.1,2025-09-24,7,0,3,3,1
USR-02731,CMP-0444,Free,2025-02-12,Manufacturing,1.0,1,17.9,2.7,2025-10-01,0,2,2,3,1
USR-02732,CMP-0419,Free,2025-02-19,Technology,3.0,2,18.7,2.1,2025-10-01,0,1,3,6,0
USR-02733,CMP-0427,Pro,2024-06-16,Consulting,7.7,11,30.9,10.7,2025-09-27,4,12,3,5,0
USR-02734,CMP-0479,Free,2023-12-27,Marketing,0.1,1,2.4,4.5,2025-09-29,2,2,4,5,1
USR-02735,CMP-0475,Enterprise,2023-10-03,Media,22.8,17,28.9,16.8,2025-09-29,2,21,0,6,0
USR-02736,CMP-0126,Enterprise,2024-03-21,Logistics,20.9,7,34.7,9.9,2025-09-30,1,24,0,7,0
USR-02737,CMP-0395,Free,2023-12-14,Marketing,2.5,2,10.4,7.3,2025-09-17,14,0,2,5,0
USR-02738,CMP-0576,Enterprise,2024-07-17,Marketing,18.3,14,32.2,18.1,2025-09-22,9,29,2,10,0
USR-02739,CMP-0325,Free,2024-10-08,Healthcare,2.7,1,12.1,4.7,2025-09-21,10,2,2,2,1
USR-02740,CMP-0392,Free,2024-04-13,Finance,17.4,1,1.9,1.0,2025-09-10,21,22,0,7,0
USR-02741,CMP-0440,Free,2024-02-11,Logistics,5.9,5,35.8,6.2,2025-09-12,19,7,0,3,0
USR-02742,CMP-0204,Free,2024-09-16,Media,6.4,1,9.6,1.0,2025-08-27,35,9,1,8,0
USR-02743,CMP-0486,Pro,2025-03-23,Manufacturing,14.1,8,23.8,14.5,2025-09-30,1,20,0,5,0
USR-02744,CMP-0031,Enterprise,2024-01-18,Technology,18.3,23,24.1,27.4,2025-09-26,5,23,1,9,0
USR-02745,CMP-0388,Free,2024-06-23,Finance,5.8,2,9.3,6.6,2025-08-29,33,13,2,6,1
USR-02746,CMP-0434,Pro,2024-07-21,Healthcare,13.6,14,14.7,16.8,2025-09-28,3,23,1,4,1
USR-02747,CMP-0376,Free,2023-10-05,Technology,6.6,1,14.9,4.6,2025-09-26,5,8,0,5,1
USR-02748,CMP-0344,Pro,2023-12-02,Media,15.1,12,34.8,13.7,2025-09-10,21,27,1,8,0
USR-02749,CMP-0443,Free,2023-11-24,Consulting,1.7,1,36.6,1.0,2025-09-18,13,3,2,6,1
USR-02750,CMP-0579,Free,2024-05-07,Marketing,1.8,3,3.2,5.2,2025-09-25,6,2,0,4,1
USR-02751,CMP-0075,Free,2025-03-04,Healthcare,7.6,11,12.1,9.2,2025-09-10,21,2,6,10,0
USR-02752,CMP-0557,Free,2025-02-21,Technology,1.8,15,26.4,15.8,2025-09-26,5,4,4,10,0
USR-02753,CMP-0155,Pro,2024-04-19,Manufacturing,4.1,2,31.0,4.4,2025-09-30,1,8,2,7,1
USR-02754,CMP-0430,Enterprise,2024-05-06,Healthcare,20.0,12,46.6,18.4,2025-09-29,2,24,2,6,1
USR-02755,CMP-0363,Free,2024-07-09,Technology,8.5,4,2.5,8.9,2025-09-20,11,17,1,2,1
USR-02756,CMP-0448,Pro,2024-02-17,Healthcare,5.9,20,41.4,19.9,2025-09-19,12,10,0,6,0
USR-02757,CMP-0234,Pro,2025-03-17,Manufacturing,14.0,15,32.9,14.2,2025-09-27,4,30,1,6,0
USR-02758,CMP-0563,Enterprise,2024-04-23,Manufacturing,9.1,19,36.6,23.2,2025-09-26,5,12,2,6,0
USR-02759,CMP-0262,Free,2025-02-27,Logistics,2.0,2,1.5,4.5,2025-09-26,5,4,0,4,0
USR-02760,CMP-0125,Pro,2025-01-03,E-commerce,13.7,14,19.7,15.2,2025-09-26,5,25,3,3,0
USR-02761,CMP-0245,Enterprise,2024-10-02,Marketing,15.3,25,19.9,23.1,2025-10-01,0,23,1,4,0
USR-02762,CMP-0542,Pro,2025-03-08,Finance,11.1,9,30.4,9.0,2025-09-28,3,19,1,7,0
USR-02763,CMP-0485,Free,2023-10-05,Finance,21.3,2,6.1,4.7,2025-09-04,27,22,3,9,0
USR-02764,CMP-0122,Free,2024-03-29,Media,0.2,2,2.4,1.0,2025-09-28,3,7,1,1,1
USR-02765,CMP-0125,Free,2023-10-23,Education,5.4,1,20.1,1.0,2025-09-08,23,10,0,4,0
USR-02766,CMP-0549,Pro,2024-04-25,Media,19.3,11,26.9,12.8,2025-09-29,2,27,4,6,0
USR-02767,CMP-0170,Pro,2024-02-11,Education,5.6,6,23.0,12.5,2025-10-01,0,6,0,7,0
USR-02768,CMP-0124,Free,2024-09-21,Healthcare,2.2,6,8.5,8.8,2025-09-30,1,1,2,4,0
USR-02769,CMP-0035,Pro,2025-01-17,Education,17.9,12,21.8,10.4,2025-09-22,9,23,4,4,0
USR-02770,CMP-0087,Pro,2024-10-20,E-commerce,16.5,4,21.7,1.9,2025-09-29,2,20,2,8,0
USR-02771,CMP-0201,Pro,2025-01-05,E-commerce,8.5,8,22.7,11.8,2025-09-24,7,18,1,3,0
USR-02772,CMP-0369,Pro,2024-07-15,Marketing,13.7,10,20.5,9.3,2025-09-23,8,18,1,7,0
USR-02773,CMP-0077,Enterprise,2023-12-20,Technology,11.6,18,18.1,19.3,2025-09-30,1,15,1,6,0
USR-02774,CMP-0059,Free,2024-09-09,Finance,0.1,1,1.7,5.0,2025-09-22,9,6,5,6,0
USR-02775,CMP-0431,Enterprise,2024-07-08,Marketing,22.6,16,27.3,17.2,2025-09-30,1,25,1,9,0
USR-02776,CMP-0500,Free,2024-07-16,E-commerce,2.7,15,18.3,15.1,2025-08-21,41,2,0,3,0
USR-02777,CMP-0109,Free,2023-11-16,Technology,2.8,1,1.0,5.0,2025-09-26,5,0,0,4,1
USR-02778,CMP-0278,Free,2023-11-10,Media,3.1,1,3.4,3.4,2025-09-29,2,3,2,4,1
USR-02779,CMP-0068,Free,2023-10-29,Finance,6.1,3,3.7,3.5,2025-09-25,6,13,2,10,1
USR-02780,CMP-0069,Free,2024-05-28,Logistics,1.8,7,1.8,5.7,2025-09-16,15,1,8,5,1
USR-02781,CMP-0165,Free,2024-10-13,Finance,1.9,1,7.1,1.0,2025-09-15,16,8,2,5,1
USR-02782,CMP-0489,Enterprise,2024-01-30,Healthcare,18.8,16,33.1,15.3,2025-09-24,7,18,0,7,0
USR-02783,CMP-0305,Free,2023-12-29,Consulting,4.2,10,4.5,15.6,2025-09-02,29,9,3,8,1
USR-02784,CMP-0365,Pro,2024-12-25,Finance,10.0,12,25.4,14.8,2025-09-29,2,19,1,5,1
USR-02785,CMP-0379,Free,2025-03-20,E-commerce,2.1,1,6.4,4.5,2025-09-23,8,9,3,7,0
USR-02786,CMP-0343,Enterprise,2024-07-21,Healthcare,19.7,17,48.3,14.4,2025-09-27,4,21,0,6,0
USR-02787,CMP-0554,Pro,2024-08-04,Manufacturing,21.2,15,24.1,18.0,2025-09-14,17,29,0,5,0
USR-02788,CMP-0354,Free,2024-04-22,Education,3.2,2,2.1,4.2,2025-09-26,5,18,3,6,1
USR-02789,CMP-0416,Pro,2024-07-30,Media,23.3,8,24.9,14.1,2025-09-27,4,26,1,9,0
USR-02790,CMP-0109,Pro,2024-12-21,Logistics,12.9,13,26.2,10.5,2025-09-15,16,17,0,6,0
USR-02791,CMP-0563,Pro,2024-06-22,Media,5.6,25,18.5,20.8,2025-09-28,3,9,3,6,0
USR-02792,CMP-0497,Pro,2024-10-18,Manufacturing,16.8,14,23.9,11.7,2025-09-27,4,19,3,8,0
USR-02793,CMP-0341,Pro,2024-02-10,Consulting,11.5,22,22.5,16.2,2025-09-15,16,16,3,6,0
USR-02794,CMP-0383,Enterprise,2025-02-17,Finance,17.4,20,31.9,16.2,2025-09-27,4,23,0,9,0
USR-02795,CMP-0533,Pro,2025-02-21,Marketing,16.5,9,24.0,10.5,2025-09-30,1,23,1,3,0
USR-02796,CMP-0300,Free,2024-05-19,Healthcare,2.6,3,2.4,3.3,2025-09-26,5,4,3,2,0
USR-02797,CMP-0139,Enterprise,2024-08-27,Logistics,19.7,19,45.6,6.6,2025-09-30,1,24,1,7,0
USR-02798,CMP-0359,Free,2023-11-09,Manufacturing,0.9,3,1.0,8.6,2025-08-28,34,7,6,6,1
USR-02799,CMP-0499,Pro,2024-01-20,Consulting,15.3,9,30.5,5.1,2025-08-15,47,25,1,6,0
USR-02800,CMP-0385,Free,2024-11-12,Media,10.6,3,1.9,7.2,2025-09-11,20,21,2,5,0
USR-02801,CMP-0280,Pro,2025-03-08,Manufacturing,14.6,13,29.7,13.5,2025-09-27,4,18,1,8,0
USR-02802,CMP-0483,Enterprise,2024-10-20,Logistics,23.1,18,34.2,23.8,2025-10-01,0,26,3,6,0
USR-02803,CMP-0111,Free,2024-07-30,Logistics,0.1,5,8.7,10.0,2025-09-15,16,2,4,7,0
USR-02804,CMP-0139,Free,2024-04-13,Consulting,0.6,4,12.2,4.7,2025-09-25,6,3,7,8,1
USR-02805,CMP-0435,Pro,2024-12-15,Media,13.5,4,18.9,4.1,2025-09-24,7,17,2,6,0
USR-02806,CMP-0509,Enterprise,2024-08-14,E-commerce,19.3,18,39.3,21.9,2025-09-29,2,26,0,6,0
USR-02807,CMP-0273,Pro,2025-03-12,Logistics,9.4,8,31.7,5.0,2025-09-27,4,22,4,8,0
USR-02808,CMP-0099,Free,2025-03-10,Healthcare,0.4,13,1.2,14.0,2025-08-22,40,3,3,9,1
USR-02809,CMP-0104,Enterprise,2024-03-20,Healthcare,1.1,18,45.5,17.0,2025-10-01,0,2,2,8,1
USR-02810,CMP-0214,Pro,2024-04-24,Education,9.8,11,15.4,10.8,2025-09-23,8,18,2,5,0
USR-02811,CMP-0165,Free,2024-03-23,Media,1.9,4,19.0,7.3,2025-09-24,7,8,2,5,1
USR-02812,CMP-0520,Free,2023-10-31,Manufacturing,10.2,5,11.3,7.6,2025-09-14,17,17,4,3,0
USR-02813,CMP-0284,Pro,2025-03-19,Healthcare,9.7,8,13.4,10.8,2025-09-24,7,23,0,8,0
USR-02814,CMP-0517,Free,2024-08-03,Consulting,7.4,9,1.2,10.6,2025-10-01,0,12,0,5,1
USR-02815,CMP-0164,Free,2023-10-14,Manufacturing,0.2,1,10.4,5.1,2025-09-27,4,9,3,3,0
USR-02816,CMP-0064,Enterprise,2024-09-15,Media,12.8,13,33.6,13.7,2025-10-01,0,22,0,8,0
USR-02817,CMP-0091,Free,2024-07-31,Consulting,5.6,1,5.8,1.8,2025-09-29,2,13,3,3,1
USR-02818,CMP-0117,Pro,2024-12-08,Finance,10.2,8,24.0,9.4,2025-09-22,9,19,0,4,0
USR-02819,CMP-0267,Free,2025-03-27,Technology,4.4,6,16.1,5.7,2025-09-28,3,3,1,7,1
USR-02820,CMP-0559,Pro,2025-03-13,Healthcare,15.8,13,18.7,11.1,2025-09-27,4,21,1,7,0
USR-02821,CMP-0140,Pro,2024-08-08,Healthcare,11.2,15,15.1,14.0,2025-09-30,1,23,2,6,0
USR-02822,CMP-0246,Free,2025-03-09,Education,0.5,6,11.7,7.4,2025-09-19,12,0,5,8,1
USR-02823,CMP-0395,Pro,2025-01-14,E-commerce,10.6,13,27.2,13.5,2025-09-23,8,23,0,5,1
USR-02824,CMP-0487,Free,2024-09-18,Education,1.9,1,1.0,6.5,2025-09-26,5,8,2,4,0
USR-02825,CMP-0476,Enterprise,2025-01-03,Media,16.3,23,26.6,19.9,2025-09-29,2,22,0,8,0
USR-02826,CMP-0517,Enterprise,2025-01-11,Education,22.2,15,18.9,15.6,2025-09-26,5,24,1,9,0
USR-02827,CMP-0184,Pro,2024-06-09,E-commerce,2.4,13,19.1,13.8,2025-10-01,0,1,1,7,0
USR-02828,CMP-0020,Pro,2024-06-13,E-commerce,20.9,11,31.0,10.0,2025-09-23,8,27,2,5,0
USR-02829,CMP-0558,Free,2024-01-07,Logistics,3.1,5,1.0,7.2,2025-09-26,5,3,4,4,0
USR-02830,CMP-0524,Pro,2024-06-28,Logistics,6.2,14,21.9,17.2,2025-10-01,0,4,1,5,0
USR-02831,CMP-0582,Free,2025-02-05,Technology,0.3,3,29.8,6.0,2025-09-20,11,4,1,4,1
USR-02832,CMP-0529,Free,2024-04-28,Consulting,3.4,1,28.3,4.5,2025-09-28,3,4,2,4,0
USR-02833,CMP-0147,Pro,2023-12-27,Finance,21.3,13,4.3,11.3,2025-09-19,12,24,3,7,0
USR-02834,CMP-0304,Free,2024-04-28,E-commerce,8.4,1,2.0,9.7,2025-10-01,0,17,0,3,1
USR-02835,CMP-0582,Pro,2025-02-02,Finance,14.3,6,18.7,5.9,2025-10-01,0,15,4,8,1
USR-02836,CMP-0228,Free,2024-02-01,Healthcare,6.4,1,15.6,1.0,2025-09-21,10,9,0,5,0
USR-02837,CMP-0102,Pro,2024-07-23,Marketing,9.1,7,18.9,11.2,2025-09-25,6,10,2,5,0
USR-02838,CMP-0587,Free,2024-04-23,Technology,4.2,3,1.0,5.1,2025-09-13,18,12,3,6,1
USR-02839,CMP-0417,Free,2023-10-27,Media,3.2,9,1.4,9.3,2025-09-27,4,3,2,5,0
USR-02840,CMP-0216,Pro,2024-06-05,Manufacturing,13.4,8,9.0,7.8,2025-09-19,12,18,3,6,0
USR-02841,CMP-0407,Enterprise,2024-08-03,Finance,20.0,15,37.4,20.6,2025-09-22,9,25,1,10,0
USR-02842,CMP-0399,Pro,2024-02-18,Education,14.5,13,20.0,14.5,2025-09-27,4,21,2,6,0
USR-02843,CMP-0499,Free,2024-08-31,E-commerce,5.1,10,3.2,12.6,2025-09-11,20,10,1,4,1
USR-02844,CMP-0465,Free,2023-11-06,Finance,3.1,1,7.2,4.3,2025-09-21,10,5,5,7,0
USR-02845,CMP-0082,Enterprise,2023-12-18,Manufacturing,20.5,20,27.7,19.8,2025-10-01,0,23,0,8,0
USR-02846,CMP-0365,Pro,2025-02-28,E-commerce,10.6,12,27.0,16.8,2025-09-29,2,14,1,8,0
USR-02847,CMP-0163,Free,2024-10-09,Media,0.6,3,20.9,4.6,2025-09-30,1,4,2,4,1
USR-02848,CMP-0048,Enterprise,2024-03-14,Marketing,22.8,13,33.2,9.0,2025-09-18,13,20,1,8,0
USR-02849,CMP-0511,Enterprise,2025-03-19,Education,17.6,25,50.8,25.6,2025-10-01,0,23,0,5,1
USR-02850,CMP-0329,Enterprise,2025-02-16,Finance,9.7,16,26.6,17.3,2025-09-28,3,19,0,5,0
USR-02851,CMP-0116,Enterprise,2025-02-02,Logistics,22.3,17,37.5,16.9,2025-09-30,1,22,2,7,0
USR-02852,CMP-0337,Enterprise,2025-01-26,Technology,4.2,12,30.1,14.0,2025-09-28,3,12,0,8,0
USR-02853,CMP-0147,Free,2024-04-04,Finance,3.7,4,36.1,5.1,2025-09-28,3,8,5,10,0
USR-02854,CMP-0575,Free,2024-10-25,Finance,3.9,2,7.7,4.7,2025-09-10,21,12,1,8,0
USR-02855,CMP-0323,Pro,2023-12-04,Manufacturing,10.7,9,11.0,9.8,2025-10-01,0,20,3,4,0
USR-02856,CMP-0443,Pro,2024-01-30,Manufacturing,12.0,19,21.9,16.4,2025-09-16,15,16,0,8,0
USR-02857,CMP-0013,Pro,2023-12-03,Technology,13.5,7,31.5,12.2,2025-09-19,12,26,3,4,1
USR-02858,CMP-0494,Free,2024-08-18,Finance,1.1,2,10.6,1.0,2025-09-16,15,4,3,9,1
USR-02859,CMP-0287,Pro,2024-03-31,Consulting,9.1,7,36.1,15.7,2025-10-01,0,14,2,5,0
USR-02860,CMP-0114,Pro,2024-10-09,Media,12.4,10,22.4,13.6,2025-09-30,1,21,1,5,0
USR-02861,CMP-0480,Free,2024-02-20,Manufacturing,1.0,1,9.0,1.0,2025-09-04,27,0,3,8,1
USR-02862,CMP-0022,Free,2024-07-09,Manufacturing,8.2,15,2.3,14.3,2025-09-30,1,19,1,4,0
USR-02863,CMP-0349,Pro,2024-09-11,Consulting,3.2,15,18.5,14.5,2025-09-30,1,17,1,10,0
USR-02864,CMP-0566,Pro,2025-01-13,E-commerce,19.7,9,16.6,11.4,2025-09-26,5,25,2,5,0
USR-02865,CMP-0320,Free,2024-09-24,Finance,0.5,1,12.4,1.0,2025-09-27,4,4,2,7,0
USR-02866,CMP-0126,Pro,2024-09-28,Technology,10.0,10,15.0,11.1,2025-09-30,1,16,1,7,0
USR-02867,CMP-0277,Pro,2024-07-03,Manufacturing,18.5,8,30.7,9.0,2025-09-25,6,24,1,8,0
USR-02868,CMP-0204,Pro,2025-01-21,Technology,11.6,16,24.7,13.6,2025-09-28,3,13,1,4,0
USR-02869,CMP-0194,Free,2025-03-26,Technology,8.5,3,3.5,2.8,2025-09-29,2,16,0,0,1
USR-02870,CMP-0547,Pro,2024-09-01,Media,10.8,8,23.7,12.2,2025-09-26,5,11,0,5,0
USR-02871,CMP-0286,Free,2024-06-19,Logistics,15.0,1,5.0,1.0,2025-09-25,6,16,3,4,0
USR-02872,CMP-0057,Enterprise,2024-01-16,Manufacturing,20.5,17,38.6,18.0,2025-09-28,3,26,0,7,0
USR-02873,CMP-0303,Free,2024-09-24,Education,0.8,5,1.0,9.4,2025-09-30,1,1,3,4,0
USR-02874,CMP-0163,Pro,2024-06-20,E-commerce,11.3,8,13.2,8.7,2025-09-25,6,19,2,2,0
USR-02875,CMP-0019,Free,2024-11-12,Technology,8.8,1,2.1,4.0,2025-09-23,8,21,3,3,1
USR-02876,CMP-0370,Pro,2024-03-12,Manufacturing,8.0,13,12.2,16.9,2025-09-28,3,10,0,7,0
USR-02877,CMP-0264,Pro,2024-02-23,E-commerce,18.4,16,17.1,13.7,2025-09-30,1,25,1,6,0
USR-02878,CMP-0113,Free,2024-03-31,Education,6.5,1,4.0,2.0,2025-10-01,0,10,7,4,0
USR-02879,CMP-0488,Pro,2024-01-20,Manufacturing,11.5,14,28.8,12.7,2025-09-18,13,15,1,6,0
USR-02880,CMP-0327,Free,2023-10-24,Finance,1.2,3,5.4,8.9,2025-09-26,5,14,1,5,1
USR-02881,CMP-0542,Free,2025-03-23,Technology,14.9,1,5.7,7.7,2025-09-16,15,17,5,2,0
USR-02882,CMP-0579,Pro,2024-04-30,Education,12.0,9,22.9,6.0,2025-09-11,20,17,4,6,1
USR-02883,CMP-0065,Free,2024-05-28,Finance,2.7,6,16.8,10.8,2025-09-20,11,12,2,4,1
USR-02884,CMP-0292,Enterprise,2024-12-22,Technology,8.3,23,8.7,23.9,2025-09-30,1,19,0,6,0
USR-02885,CMP-0025,Pro,2024-05-01,Healthcare,9.7,15,26.0,19.7,2025-09-29,2,20,1,6,0
USR-02886,CMP-0549,Pro,2024-09-19,Marketing,6.7,14,26.3,15.4,2025-09-12,19,6,2,3,0
USR-02887,CMP-0001,Free,2024-06-09,Consulting,1.1,1,1.1,3.7,2025-09-15,16,0,4,3,1
USR-02888,CMP-0549,Pro,2024-01-17,Technology,9.2,15,19.7,18.4,2025-09-24,7,21,1,7,0
USR-02889,CMP-0141,Pro,2024-04-11,Education,9.3,14,23.8,16.3,2025-09-28,3,14,2,7,0
USR-02890,CMP-0188,Free,2024-04-02,Education,3.4,1,1.3,10.5,2025-09-05,26,4,3,5,1
USR-02891,CMP-0128,Enterprise,2024-10-18,Marketing,19.6,23,45.4,24.3,2025-09-28,3,23,1,8,0
USR-02892,CMP-0201,Free,2024-11-07,Manufacturing,11.2,1,45.0,4.3,2025-09-27,4,13,0,7,0
USR-02893,CMP-0127,Enterprise,2025-02-22,Consulting,24.8,14,36.5,10.7,2025-09-29,2,26,1,8,0
USR-02894,CMP-0257,Free,2024-09-15,E-commerce,5.1,3,9.4,3.7,2025-09-24,7,8,2,8,0
USR-02895,CMP-0547,Enterprise,2024-08-04,Technology,23.5,16,49.0,11.5,2025-10-01,0,27,1,4,0
USR-02896,CMP-0194,Pro,2023-12-28,Manufacturing,18.2,11,27.0,11.2,2025-09-20,11,20,2,8,0
USR-02897,CMP-0104,Free,2024-01-12,Finance,3.0,1,2.6,6.6,2025-09-30,1,4,4,0,1
USR-02898,CMP-0535,Free,2024-01-24,E-commerce,5.8,1,1.8,3.8,2025-09-22,9,6,3,3,0
USR-02899,CMP-0265,Pro,2023-10-22,Consulting,8.4,13,16.2,16.5,2025-09-29,2,17,1,8,0
USR-02900,CMP-0384,Enterprise,2024-07-06,Manufacturing,21.9,14,47.2,15.2,2025-09-30,1,22,1,8,0
USR-02901,CMP-0260,Free,2024-01-31,Logistics,7.3,1,1.5,2.6,2025-09-22,9,13,1,3,1
USR-02902,CMP-0414,Free,2024-09-04,E-commerce,0.1,1,3.8,4.1,2025-07-12,81,0,1,5,1
USR-02903,CMP-0358,Pro,2024-12-22,Media,15.5,11,24.6,13.2,2025-09-28,3,23,1,5,0
USR-02904,CMP-0075,Pro,2024-09-25,Media,15.9,15,21.2,15.4,2025-09-30,1,23,0,8,0
USR-02905,CMP-0355,Pro,2024-03-21,Technology,21.4,18,24.4,17.9,2025-09-25,6,26,1,6,0
USR-02906,CMP-0584,Pro,2025-01-14,Technology,12.1,9,37.1,7.9,2025-09-30,1,18,3,5,0
USR-02907,CMP-0188,Free,2023-10-04,Technology,0.8,9,34.7,8.9,2025-09-30,1,15,1,6,1
USR-02908,CMP-0290,Enterprise,2024-03-24,Consulting,14.7,17,35.3,23.4,2025-10-01,0,13,0,8,0
USR-02909,CMP-0045,Pro,2024-11-02,Logistics,13.2,10,29.4,14.7,2025-10-01,0,17,2,6,0
USR-02910,CMP-0573,Free,2024-08-08,Manufacturing,1.0,3,23.6,1.0,2025-09-24,7,1,1,7,0
USR-02911,CMP-0083,Pro,2024-03-27,Finance,22.7,16,10.7,8.7,2025-09-28,3,23,0,10,0
USR-02912,CMP-0123,Pro,2024-09-13,Healthcare,10.3,9,18.0,10.4,2025-09-30,1,11,1,2,0
USR-02913,CMP-0358,Free,2024-04-20,Education,0.8,14,2.6,16.9,2025-09-10,21,9,5,8,0
USR-02914,CMP-0528,Pro,2024-11-13,Finance,9.4,6,22.1,6.2,2025-10-01,0,11,4,9,0
USR-02915,CMP-0066,Free,2024-09-28,Manufacturing,1.4,4,10.8,9.3,2025-08-28,34,0,4,6,1
USR-02916,CMP-0375,Pro,2024-07-07,Logistics,9.2,11,39.0,12.0,2025-09-25,6,14,1,6,0
USR-02917,CMP-0162,Enterprise,2023-10-21,Consulting,15.4,14,35.5,13.7,2025-10-01,0,27,1,5,0
USR-02918,CMP-0380,Free,2024-06-09,E-commerce,5.3,8,2.1,11.7,2025-08-16,46,4,1,5,0
USR-02919,CMP-0358,Free,2024-02-04,Finance,2.9,1,10.0,2.2,2025-09-26,5,1,1,4,1
USR-02920,CMP-0188,Enterprise,2025-02-18,E-commerce,11.2,14,28.3,13.3,2025-09-30,1,8,2,5,0
USR-02921,CMP-0322,Enterprise,2024-12-31,Healthcare,21.7,17,56.6,18.6,2025-09-30,1,27,2,7,0
USR-02922,CMP-0450,Pro,2025-01-31,Manufacturing,16.6,11,32.5,11.7,2025-09-22,9,23,1,6,0
USR-02923,CMP-0474,Pro,2024-02-17,Logistics,17.9,8,29.9,15.1,2025-09-27,4,26,1,7,0
USR-02924,CMP-0013,Pro,2025-03-27,Manufacturing,21.2,13,10.9,15.5,2025-10-01,0,23,1,4,0
USR-02925,CMP-0184,Enterprise,2024-01-02,Education,9.1,25,37.1,24.9,2025-10-01,0,21,1,4,0
USR-02926,CMP-0111,Enterprise,2024-02-21,Consulting,11.9,15,47.1,14.9,2025-09-28,3,16,0,7,0
USR-02927,CMP-0508,Free,2023-12-22,Education,1.8,7,2.1,11.2,2025-09-28,3,2,2,3,1
USR-02928,CMP-0290,Pro,2023-11-16,Manufacturing,8.1,14,25.4,13.2,2025-09-30,1,19,3,6,0
USR-02929,CMP-0295,Pro,2025-01-22,Education,6.7,9,23.4,11.0,2025-09-27,4,4,0,2,0
USR-02930,CMP-0451,Enterprise,2025-01-11,Marketing,18.4,20,28.2,16.3,2025-09-27,4,19,3,7,0
USR-02931,CMP-0215,Pro,2025-02-05,Manufacturing,14.5,7,15.5,11.7,2025-09-29,2,23,1,7,0
USR-02932,CMP-0567,Pro,2025-03-15,Logistics,2.2,8,25.6,10.3,2025-09-29,2,12,1,6,0
USR-02933,CMP-0027,Enterprise,2024-01-03,Finance,15.6,17,28.2,22.5,2025-09-26,5,25,3,8,0
USR-02934,CMP-0231,Free,2024-10-30,Logistics,1.0,5,5.2,14.2,2025-09-29,2,14,2,4,0
USR-02935,CMP-0565,Free,2024-05-11,Marketing,0.8,1,1.0,6.1,2025-09-18,13,2,3,0,0
USR-02936,CMP-0321,Pro,2024-09-14,Finance,5.6,10,23.3,11.2,2025-09-10,21,11,2,7,1
USR-02937,CMP-0233,Free,2024-12-20,Marketing,2.3,4,4.0,3.4,2025-09-06,25,0,1,3,1
USR-02938,CMP-0437,Free,2024-12-04,Finance,0.7,1,4.2,6.5,2025-10-01,0,5,4,2,1
USR-02939,CMP-0533,Free,2024-05-22,Logistics,3.0,1,3.4,4.4,2025-09-26,5,1,2,7,1
USR-02940,CMP-0403,Pro,2024-10-05,Manufacturing,10.4,7,30.3,10.2,2025-09-30,1,17,0,7,0
USR-02941,CMP-0053,Enterprise,2024-05-24,Technology,13.8,17,14.9,21.8,2025-09-23,8,11,0,7,0
USR-02942,CMP-0313,Pro,2024-02-24,Media,5.5,10,17.6,8.5,2025-09-02,29,8,2,6,0
USR-02943,CMP-0281,Pro,2025-01-25,Media,11.2,6,34.1,5.0,2025-09-30,1,23,3,7,0
USR-02944,CMP-0031,Free,2024-10-27,Marketing,20.4,1,11.2,3.1,2025-09-16,15,22,1,1,0
USR-02945,CMP-0337,Pro,2024-08-08,Media,7.7,10,24.1,13.5,2025-09-19,12,3,1,4,1
USR-02946,CMP-0183,Pro,2023-10-30,Logistics,16.0,17,24.1,18.3,2025-09-30,1,27,0,4,0
USR-02947,CMP-0023,Pro,2024-11-18,E-commerce,10.2,10,7.1,8.3,2025-09-30,1,13,1,7,0
USR-02948,CMP-0544,Free,2023-11-27,Marketing,9.3,5,18.3,9.3,2025-10-01,0,9,3,9,0
USR-02949,CMP-0446,Free,2024-08-01,Finance,15.2,7,1.0,5.0,2025-09-24,7,22,5,6,1
USR-02950,CMP-0074,Free,2023-10-10,Consulting,7.8,1,1.0,1.3,2025-08-30,32,10,2,5,0
USR-02951,CMP-0010,Pro,2023-10-29,Education,16.5,11,38.3,11.5,2025-09-15,16,26,1,4,0
USR-02952,CMP-0484,Enterprise,2024-08-05,Logistics,20.0,18,43.2,15.7,2025-10-01,0,26,0,9,0
USR-02953,CMP-0456,Enterprise,2024-05-04,Finance,17.7,9,41.8,12.9,2025-10-01,0,21,0,7,0
USR-02954,CMP-0566,Pro,2024-02-08,E-commerce,8.0,10,15.6,11.9,2025-09-28,3,13,0,4,0
USR-02955,CMP-0564,Enterprise,2024-09-23,Consulting,19.9,22,41.3,25.9,2025-09-27,4,27,0,9,0
USR-02956,CMP-0160,Enterprise,2024-06-01,Media,21.5,16,37.2,15.1,2025-09-29,2,26,0,9,0
USR-02957,CMP-0014,Free,2023-11-16,E-commerce,7.1,5,1.9,6.6,2025-09-21,10,5,2,7,1
USR-02958,CMP-0178,Free,2024-06-28,Marketing,3.7,15,13.9,18.6,2025-09-19,12,7,4,10,0
USR-02959,CMP-0412,Enterprise,2024-01-22,Healthcare,20.3,15,36.3,14.7,2025-10-01,0,25,1,6,0
USR-02960,CMP-0053,Free,2023-12-09,Healthcare,1.8,1,8.0,8.3,2025-09-22,9,0,1,4,0
USR-02961,CMP-0408,Enterprise,2024-08-25,Media,22.6,25,26.8,24.6,2025-09-17,14,24,1,6,0
USR-02962,CMP-0022,Enterprise,2024-12-09,Healthcare,9.7,18,45.8,10.3,2025-10-01,0,28,3,6,0
USR-02963,CMP-0030,Pro,2024-09-25,Healthcare,15.6,12,19.2,16.1,2025-09-26,5,22,1,9,0
USR-02964,CMP-0260,Enterprise,2023-11-06,Finance,19.3,14,35.1,16.9,2025-09-30,1,27,0,6,0
USR-02965,CMP-0205,Pro,2023-10-23,Finance,10.6,18,20.6,20.3,2025-09-26,5,12,2,5,0
USR-02966,CMP-0059,Pro,2024-06-02,Education,14.0,14,27.6,8.5,2025-09-26,5,20,1,9,0
USR-02967,CMP-0471,Free,2023-10-21,Manufacturing,5.2,1,1.0,1.8,2025-09-19,12,12,5,6,0
USR-02968,CMP-0466,Free,2024-12-04,Media,2.3,1,17.8,2.0,2025-09-05,26,3,4,2,1
USR-02969,CMP-0012,Free,2024-11-02,Healthcare,1.8,1,18.2,1.3,2025-09-25,6,0,0,5,0
USR-02970,CMP-0290,Pro,2023-10-16,Education,14.1,12,15.4,17.8,2025-09-26,5,18,2,3,0
USR-02971,CMP-0354,Free,2024-01-09,Media,0.0,6,17.9,7.8,2025-10-01,0,15,3,4,1
USR-02972,CMP-0075,Free,2024-10-18,Healthcare,9.0,1,1.7,3.7,2025-09-10,21,20,1,5,0
USR-02973,CMP-0561,Free,2025-02-05,Logistics,0.5,1,10.0,5.5,2025-09-27,4,3,3,5,0
USR-02974,CMP-0591,Pro,2024-06-08,Technology,12.4,12,24.0,14.3,2025-09-20,11,14,1,10,0
USR-02975,CMP-0441,Enterprise,2023-10-03,Logistics,29.6,10,52.7,1.0,2025-10-01,0,22,0,9,0
USR-02976,CMP-0241,Enterprise,2024-12-09,Consulting,21.9,15,30.4,13.1,2025-10-01,0,23,1,6,0
USR-02977,CMP-0154,Pro,2024-11-29,Media,12.2,11,24.1,7.6,2025-09-30,1,19,4,7,0
USR-02978,CMP-0096,Enterprise,2024-02-25,Manufacturing,14.5,21,16.6,21.0,2025-09-19,12,16,2,7,0
USR-02979,CMP-0294,Pro,2024-03-02,Consulting,11.4,8,24.0,8.5,2025-09-29,2,17,4,10,0
USR-02980,CMP-0209,Pro,2023-11-07,Education,12.7,6,23.7,7.8,2025-10-01,0,23,2,6,0
USR-02981,CMP-0343,Pro,2023-11-24,Education,19.3,13,22.9,7.2,2025-10-01,0,16,2,7,0
USR-02982,CMP-0088,Free,2023-10-25,Healthcare,0.1,1,4.3,2.9,2025-09-26,5,2,4,6,1
USR-02983,CMP-0390,Enterprise,2024-03-03,Consulting,18.6,7,32.1,11.9,2025-10-01,0,23,0,6,0
USR-02984,CMP-0325,Free,2024-07-14,Healthcare,8.2,1,13.2,8.0,2025-09-21,10,20,3,1,1
USR-02985,CMP-0157,Pro,2024-07-16,Media,9.7,10,27.4,13.2,2025-09-30,1,6,0,6,0
USR-02986,CMP-0577,Pro,2024-03-03,Education,20.8,11,33.5,7.8,2025-09-26,5,22,1,8,0
USR-02987,CMP-0137,Free,2023-10-26,Technology,8.0,4,2.2,10.0,2025-09-29,2,19,2,2,1
USR-02988,CMP-0428,Free,2024-01-25,Education,4.7,1,6.6,6.0,2025-09-24,7,8,6,5,0
USR-02989,CMP-0452,Pro,2024-04-10,Finance,1.9,17,23.7,16.2,2025-09-25,6,3,1,5,0
USR-02990,CMP-0141,Free,2024-11-27,E-commerce,1.3,3,9.4,1.0,2025-10-01,0,1,3,0,1
USR-02991,CMP-0083,Pro,2024-08-07,Manufacturing,19.8,13,25.6,16.3,2025-09-28,3,27,0,7,0
USR-02992,CMP-0177,Pro,2024-08-26,Consulting,18.8,4,17.6,4.4,2025-09-29,2,23,0,7,0
USR-02993,CMP-0198,Pro,2024-09-03,Healthcare,15.7,14,14.2,15.2,2025-09-30,1,25,1,8,0
USR-02994,CMP-0568,Pro,2024-11-21,E-commerce,19.1,14,16.6,14.4,2025-09-25,6,26,3,8,0
USR-02995,CMP-0421,Pro,2024-03-15,E-commerce,12.3,17,5.3,21.2,2025-09-25,6,15,2,6,0
USR-02996,CMP-0401,Pro,2024-06-06,Logistics,15.1,7,32.8,8.2,2025-09-25,6,26,3,7,0
USR-02997,CMP-0471,Pro,2024-06-22,Marketing,8.6,12,4.2,12.6,2025-09-30,1,12,0,7,0
USR-02998,CMP-0218,Pro,2024-09-28,Logistics,13.5,14,19.9,18.9,2025-09-29,2,18,3,1,0
USR-02999,CMP-0175,Pro,2024-06-12,Logistics,18.6,13,12.6,11.4,2025-09-30,1,26,2,4,0
USR-03000,CMP-0023,Enterprise,2023-10-27,Manufacturing,15.1,14,26.2,16.6,2025-09-29,2,23,2,6,0
