employee_id,department,role_level,tenure_months,recognition_events_received,recognition_events_given,reward_type,monthly_recognition_frequency,avg_reward_value,peer_vs_manager_ratio,engagement_score,satisfaction_survey,absenteeism_days,is_disengaged
EMP-00001,Sales,Senior,40,6,6,Badge,0.5,6.47,0.75,7.0,4.6,3,0
EMP-00002,Customer Support,Senior,47,9,3,Points,0.75,48.41,0.48,4.4,4.2,5,0
EMP-00003,Operations,Junior,44,5,3,Badge,0.42,6.59,0.67,6.2,3.7,2,0
EMP-00004,Marketing,Manager,57,13,6,Badge,1.08,1.74,0.79,9.8,5.0,5,0
EMP-00005,Engineering,Mid,8,4,3,Points,0.33,43.64,0.73,6.0,3.5,6,0
EMP-00006,Engineering,Mid,30,7,2,Points,0.58,31.05,0.72,8.5,5.0,5,0
EMP-00007,Engineering,Senior,36,9,6,Points,0.75,32.79,0.43,6.6,4.1,1,0
EMP-00008,Customer Support,Junior,5,1,2,Points,0.08,28.1,0.66,4.8,3.4,5,0
EMP-00009,Marketing,Senior,46,5,3,Badge,0.42,7.34,0.51,6.6,4.1,5,0
EMP-00010,Operations,Junior,5,4,0,Points,0.33,48.16,0.46,4.9,3.2,7,0
EMP-00011,Engineering,Senior,42,9,7,Monetary,0.75,90.58,0.51,6.7,5.0,5,0
EMP-00012,Customer Support,Mid,34,3,2,PTO,0.25,195.21,0.54,5.9,3.4,2,0
EMP-00013,Operations,Mid,30,10,3,Badge,0.83,8.54,0.43,6.3,4.1,3,0
EMP-00014,Engineering,Junior,18,2,1,Points,0.17,44.55,0.41,7.2,4.0,4,0
EMP-00015,Engineering,Senior,78,8,4,Badge,0.67,8.23,0.51,8.3,4.0,3,0
EMP-00016,Engineering,Senior,46,8,7,Monetary,0.67,123.14,0.8,8.8,3.5,5,0
EMP-00017,Sales,Mid,27,11,2,PTO,0.92,284.06,0.36,7.6,5.0,1,0
EMP-00018,Marketing,Mid,16,3,1,Monetary,0.25,54.73,0.94,6.9,3.5,4,0
EMP-00019,Sales,Mid,30,11,1,PTO,0.92,100.8,0.69,8.2,4.3,6,0
EMP-00020,Sales,Manager,84,18,5,PTO,1.5,104.27,0.45,10.0,4.1,2,0
EMP-00021,Marketing,Mid,44,6,5,Points,0.5,23.11,0.66,8.7,3.9,3,0
EMP-00022,Engineering,Senior,61,9,4,Badge,0.75,6.67,0.77,8.0,4.9,4,0
EMP-00023,Sales,Senior,56,13,8,PTO,1.08,155.2,0.89,8.9,4.7,4,0
EMP-00024,Sales,Mid,24,8,1,PTO,0.67,287.46,0.71,5.9,4.5,6,0
EMP-00025,Sales,Junior,7,5,3,Badge,0.42,2.41,0.35,4.8,4.0,9,0
EMP-00026,Operations,Mid,35,8,1,Badge,0.67,8.14,0.14,7.3,4.8,2,0
EMP-00027,Engineering,Senior,42,9,2,Monetary,0.75,161.86,0.23,7.0,4.6,7,0
EMP-00028,Sales,Junior,6,3,3,Points,0.25,19.89,0.86,5.3,3.6,4,0
EMP-00029,Marketing,Mid,34,5,2,Points,0.42,26.18,0.69,8.3,4.3,3,0
EMP-00030,Engineering,Senior,73,8,6,Monetary,0.67,158.28,0.79,8.1,4.4,4,0
EMP-00031,Marketing,Mid,46,5,3,Points,0.42,43.44,0.65,6.7,3.4,2,0
EMP-00032,Engineering,Mid,23,4,3,Badge,0.33,6.82,0.64,8.1,4.3,4,0
EMP-00033,Engineering,Junior,10,3,1,Points,0.25,46.5,0.36,3.5,2.9,6,1
EMP-00034,Customer Support,Junior,5,2,3,Monetary,0.17,133.52,0.37,5.8,3.3,4,0
EMP-00035,Customer Support,Senior,69,8,2,Badge,0.67,4.06,0.71,7.0,4.6,5,0
EMP-00036,Operations,Junior,30,6,0,Badge,0.5,6.23,0.66,6.6,4.6,3,0
EMP-00037,Sales,Junior,1,5,3,Monetary,0.42,132.1,0.82,5.4,3.9,7,0
EMP-00038,Engineering,Senior,26,9,11,Badge,0.75,5.52,0.77,8.7,4.6,6,0
EMP-00039,Operations,Mid,51,5,0,Badge,0.42,3.06,0.48,6.9,4.6,12,0
EMP-00040,Sales,Manager,66,17,9,Badge,1.42,6.67,0.68,9.7,4.4,4,0
EMP-00041,Engineering,Manager,62,12,8,Monetary,1.0,165.13,0.53,8.8,4.0,4,0
EMP-00042,Sales,Junior,11,2,2,PTO,0.17,289.71,0.33,6.0,3.7,9,0
EMP-00043,Engineering,Junior,17,1,2,Monetary,0.08,112.06,0.84,4.8,2.7,9,0
EMP-00044,Customer Support,Senior,73,10,3,Badge,0.83,7.52,0.33,8.4,3.7,5,0
EMP-00045,Engineering,Mid,36,9,3,Badge,0.75,8.02,0.31,8.4,5.0,2,0
EMP-00046,Marketing,Junior,5,6,1,PTO,0.5,218.51,0.86,7.0,4.2,4,0
EMP-00047,Sales,Senior,57,9,4,PTO,0.75,144.75,0.75,7.2,4.2,4,0
EMP-00048,Marketing,Junior,68,6,2,Points,0.5,37.23,0.5,6.8,3.5,6,0
EMP-00049,Marketing,Manager,52,12,10,Points,1.0,48.99,0.58,10.0,,7,0
EMP-00050,Engineering,Junior,5,4,1,Points,0.33,32.29,0.67,5.3,3.9,10,0
EMP-00051,Customer Support,Junior,1,2,2,PTO,0.17,234.53,0.47,4.7,2.4,11,0
EMP-00052,Operations,Junior,1,3,3,Badge,0.25,2.37,0.74,6.0,4.2,8,0
EMP-00053,Customer Support,Manager,59,11,3,PTO,0.92,213.72,0.92,8.3,4.4,4,0
EMP-00054,Customer Support,Senior,45,12,5,Points,1.0,6.54,0.36,7.4,4.3,6,0
EMP-00055,Marketing,Senior,46,2,1,Monetary,0.17,170.37,0.89,7.7,3.8,5,0
EMP-00056,Customer Support,Mid,23,2,3,Monetary,0.17,63.67,0.21,6.4,3.5,4,0
EMP-00057,Engineering,Mid,33,10,2,Monetary,0.83,36.43,0.39,7.8,4.5,4,0
EMP-00058,Engineering,Junior,2,5,1,Badge,0.42,1.78,0.71,3.7,4.5,3,1
EMP-00059,Engineering,Mid,37,7,2,Badge,0.58,4.7,0.27,7.9,5.0,3,0
EMP-00060,Sales,Mid,7,6,2,PTO,0.5,60.58,0.71,6.8,4.4,4,0
EMP-00061,Sales,Mid,28,4,3,Points,0.33,6.57,0.45,6.7,4.9,3,0
EMP-00062,Engineering,Junior,3,4,2,Points,0.33,27.96,0.28,4.8,4.8,4,0
EMP-00063,Operations,Manager,62,7,6,Points,0.58,30.57,0.75,10.0,5.0,6,0
EMP-00064,Sales,Junior,1,6,3,Points,0.5,19.33,0.35,5.3,3.6,6,0
EMP-00065,Sales,Manager,31,10,3,Monetary,0.83,27.94,0.54,8.3,5.0,0,0
EMP-00066,Marketing,Junior,3,1,0,Badge,0.08,4.6,0.56,5.1,3.1,4,0
EMP-00067,Engineering,Mid,34,6,4,Monetary,0.5,185.77,0.76,7.5,4.2,6,0
EMP-00068,Operations,Mid,33,6,0,Points,0.5,26.8,0.65,7.1,4.5,7,0
EMP-00069,Engineering,Mid,46,10,6,PTO,0.83,163.34,0.16,6.5,4.7,9,0
EMP-00070,Customer Support,Mid,34,5,3,PTO,0.42,189.63,0.74,7.3,4.4,3,0
EMP-00071,Operations,Mid,42,9,3,Badge,0.75,1.65,0.45,8.3,5.0,5,0
EMP-00072,Engineering,Mid,29,7,1,Points,0.58,41.14,0.55,7.4,5.0,4,0
EMP-00073,Engineering,Senior,50,14,4,Points,1.17,6.5,0.77,9.2,5.0,3,0
EMP-00074,Operations,Senior,74,14,6,Monetary,1.17,34.85,0.73,8.7,3.7,4,0
EMP-00075,Operations,Senior,61,9,3,Points,0.75,7.53,0.59,8.2,4.3,7,0
EMP-00076,Operations,Junior,5,4,2,Points,0.33,40.67,0.35,3.7,3.4,11,1
EMP-00077,Operations,Mid,3,1,8,Monetary,0.08,89.45,0.88,5.6,3.3,4,0
EMP-00078,Engineering,Mid,28,4,1,Badge,0.33,6.43,0.49,6.3,5.0,6,0
EMP-00079,Sales,Mid,46,8,3,Badge,0.67,0.8,0.75,7.3,4.2,3,0
EMP-00080,Engineering,Mid,28,2,2,Points,0.17,39.32,0.7,6.9,4.3,5,0
EMP-00081,Customer Support,Mid,24,7,0,Badge,0.58,3.35,0.56,7.0,5.0,3,0
EMP-00082,Marketing,Junior,9,3,1,Points,0.25,14.7,0.46,5.8,4.1,5,0
EMP-00083,Sales,Junior,1,3,0,Badge,0.25,7.15,0.43,6.5,3.7,7,0
EMP-00084,Engineering,Junior,18,4,1,Points,0.33,7.9,0.9,6.3,4.0,6,0
EMP-00085,Sales,Senior,50,12,4,Badge,1.0,4.86,0.79,7.7,4.7,4,0
EMP-00086,Sales,Senior,42,11,7,Monetary,0.92,92.05,0.81,8.0,4.5,5,0
EMP-00087,Operations,Manager,23,6,6,Points,0.5,38.36,0.03,7.5,3.9,5,0
EMP-00088,Marketing,Senior,42,15,10,Badge,1.25,6.39,0.84,8.4,3.8,5,0
EMP-00089,Customer Support,Junior,3,3,2,Points,0.25,45.12,0.47,2.6,2.3,14,1
EMP-00090,Sales,Manager,39,10,7,Monetary,0.83,152.18,0.87,9.7,4.7,4,0
EMP-00091,Engineering,Senior,45,4,4,Monetary,0.33,97.74,0.38,7.4,4.3,4,0
EMP-00092,Operations,Mid,37,11,0,Badge,0.92,1.85,0.77,8.5,4.5,2,0
EMP-00093,Operations,Mid,15,6,2,Badge,0.5,4.5,0.08,6.8,4.9,3,0
EMP-00094,Marketing,Manager,46,8,12,Badge,0.67,1.67,0.09,7.4,5.0,9,0
EMP-00095,Operations,Mid,37,3,2,Badge,0.25,1.13,0.62,6.5,4.2,5,0
EMP-00096,Sales,Manager,76,11,8,PTO,0.92,62.2,1.0,9.7,4.5,5,0
EMP-00097,Marketing,Junior,3,3,3,PTO,0.25,185.54,0.87,5.3,4.1,10,0
EMP-00098,Sales,Junior,5,2,3,Points,0.17,30.48,1.0,6.8,4.1,6,0
EMP-00099,Engineering,Mid,75,9,5,Badge,0.75,6.55,0.87,7.9,5.0,2,0
EMP-00100,Engineering,Mid,40,6,3,Badge,0.5,8.87,0.47,6.9,3.9,5,0
EMP-00101,Engineering,Senior,43,7,3,Monetary,0.58,184.77,0.43,6.6,4.6,3,0
EMP-00102,Marketing,Manager,75,7,12,Badge,0.58,3.41,0.85,8.4,4.4,2,0
EMP-00103,Sales,Mid,28,9,1,Badge,0.75,6.36,0.53,7.0,5.0,6,0
EMP-00104,Sales,Junior,16,5,1,Monetary,0.42,105.87,0.46,6.9,4.2,5,0
EMP-00105,Customer Support,Senior,61,10,4,Points,0.83,38.87,0.61,7.2,4.6,2,0
EMP-00106,Engineering,Mid,3,4,1,Points,0.33,37.24,0.67,4.9,3.9,7,0
EMP-00107,Sales,Junior,12,9,2,PTO,0.75,98.85,0.55,7.2,5.0,5,0
EMP-00108,Operations,Mid,17,8,2,Monetary,0.67,55.45,0.37,7.2,5.0,4,0
EMP-00109,Engineering,Senior,26,7,6,Badge,0.58,1.14,0.21,7.5,4.5,4,0
EMP-00110,Engineering,Senior,44,11,6,Badge,0.92,1.23,0.72,8.1,5.0,1,0
EMP-00111,Sales,Mid,16,10,0,Monetary,0.83,68.04,0.9,7.2,4.0,5,0
EMP-00112,Engineering,Mid,29,5,1,Badge,0.42,3.5,0.78,8.0,4.9,4,0
EMP-00113,Customer Support,Manager,72,13,3,Points,1.08,32.94,0.53,8.6,4.7,3,0
EMP-00114,Operations,Senior,63,5,6,Badge,0.42,7.46,0.16,7.6,,6,0
EMP-00115,Marketing,Mid,41,10,2,Points,0.83,11.27,0.85,8.1,4.4,4,0
EMP-00116,Customer Support,Junior,44,4,1,Points,0.33,16.37,0.31,6.2,3.9,2,0
EMP-00117,Operations,Senior,43,5,2,Points,0.42,31.63,0.7,7.9,4.8,2,0
EMP-00118,Engineering,Junior,9,2,1,Badge,0.17,7.58,0.8,6.1,3.9,5,0
EMP-00119,Customer Support,Junior,10,4,0,Badge,0.33,8.21,0.54,4.4,4.3,3,0
EMP-00120,Marketing,Mid,39,7,2,Points,0.58,22.26,0.45,7.4,4.1,6,0
EMP-00121,Operations,Junior,6,6,0,Monetary,0.5,103.05,0.89,6.6,4.6,8,0
EMP-00122,Customer Support,Mid,6,4,3,Badge,0.33,6.78,0.56,3.7,2.3,10,1
EMP-00123,Sales,Junior,4,2,3,Points,0.17,17.52,0.67,5.1,3.6,5,0
EMP-00124,Engineering,Senior,47,6,3,Points,0.5,8.71,0.75,8.0,4.7,7,0
EMP-00125,Engineering,Junior,2,6,2,PTO,0.5,160.8,0.81,6.3,3.4,3,0
EMP-00126,Sales,Junior,9,5,0,Badge,0.42,9.86,0.59,5.8,4.6,2,0
EMP-00127,Operations,Junior,11,4,0,Points,0.33,21.81,0.81,5.6,3.6,12,0
EMP-00128,Customer Support,Manager,58,8,9,Points,0.67,18.42,0.94,8.1,4.4,5,0
EMP-00129,Engineering,Senior,23,8,4,Points,0.67,42.01,0.66,8.0,4.0,3,0
EMP-00130,Sales,Junior,6,6,3,Monetary,0.5,185.67,0.74,7.4,4.0,4,0
EMP-00131,Sales,Senior,72,19,4,Points,1.58,40.13,0.76,9.3,4.0,5,0
EMP-00132,Engineering,Mid,28,2,2,Points,0.17,28.57,0.91,8.6,4.7,3,0
EMP-00133,Engineering,Manager,82,9,8,PTO,0.75,272.09,0.22,8.9,4.7,6,0
EMP-00134,Sales,Mid,29,9,5,Monetary,0.75,128.23,0.77,7.2,4.2,4,0
EMP-00135,Customer Support,Senior,52,8,5,Badge,0.67,2.95,0.35,8.5,4.7,5,0
EMP-00136,Sales,Junior,12,5,1,PTO,0.42,284.22,0.71,6.6,4.0,3,0
EMP-00137,Sales,Mid,32,10,1,Badge,0.83,6.57,0.5,6.7,4.8,4,0
EMP-00138,Operations,Manager,52,10,6,Points,0.83,11.01,0.68,7.7,4.8,8,0
EMP-00139,Sales,Mid,9,12,4,Monetary,1.0,83.76,0.79,8.4,4.2,5,0
EMP-00140,Customer Support,Junior,9,1,1,Badge,0.08,6.6,0.83,1.0,2.8,13,1
EMP-00141,Customer Support,Junior,2,1,1,Badge,0.08,8.37,0.9,4.1,3.2,5,0
EMP-00142,Engineering,Senior,83,9,5,Badge,0.75,9.89,0.79,9.6,4.8,4,0
EMP-00143,Sales,Mid,5,8,2,Monetary,0.67,60.44,0.73,6.8,5.0,7,0
EMP-00144,Sales,Mid,24,4,3,Badge,0.33,8.05,0.39,6.5,4.4,3,0
EMP-00145,Sales,Manager,67,18,4,Points,1.5,10.33,0.51,8.9,3.7,5,0
EMP-00146,Engineering,Junior,4,5,0,Points,0.42,35.67,0.53,4.2,3.2,9,0
EMP-00147,Marketing,Mid,18,7,3,Points,0.58,9.82,0.72,8.0,5.0,6,0
EMP-00148,Sales,Manager,64,12,7,Badge,1.0,5.6,0.84,9.4,4.7,1,0
EMP-00149,Engineering,Mid,38,5,4,Points,0.42,28.51,0.39,6.9,4.4,3,0
EMP-00150,Engineering,Junior,12,3,1,Badge,0.25,8.94,0.44,6.7,4.5,1,0
EMP-00151,Customer Support,Mid,21,4,3,Badge,0.33,5.37,0.82,4.8,3.7,5,0
EMP-00152,Engineering,Senior,49,15,6,Badge,1.25,7.16,0.12,9.5,4.7,6,0
EMP-00153,Engineering,Junior,32,5,4,Points,0.42,43.87,0.84,7.6,3.7,2,0
EMP-00154,Sales,Manager,92,15,8,Badge,1.25,1.41,0.64,10.0,5.0,4,0
EMP-00155,Customer Support,Senior,53,9,6,Badge,0.75,1.18,0.39,7.9,5.0,4,0
EMP-00156,Engineering,Junior,1,4,2,Monetary,0.33,46.11,0.84,4.9,3.4,3,0
EMP-00157,Marketing,Senior,68,8,6,PTO,0.67,131.14,0.83,8.5,4.1,4,0
EMP-00158,Operations,Mid,39,7,3,Monetary,0.58,93.2,0.82,7.9,4.3,5,0
EMP-00159,Engineering,Mid,39,5,1,Badge,0.42,0.39,0.55,5.9,4.7,5,0
EMP-00160,Operations,Senior,59,9,5,Badge,0.75,2.49,0.45,7.6,4.2,1,0
EMP-00161,Sales,Manager,57,10,4,Points,0.83,5.31,0.65,8.4,4.3,4,0
EMP-00162,Marketing,Junior,14,8,0,Points,0.67,13.6,0.42,7.7,4.6,2,0
EMP-00163,Marketing,Mid,34,3,3,PTO,0.25,148.23,0.8,7.7,4.2,3,0
EMP-00164,Marketing,Mid,32,6,3,Badge,0.5,7.54,0.89,7.2,4.9,2,0
EMP-00165,Engineering,Mid,29,9,1,Points,0.75,49.88,0.42,7.5,4.6,8,0
EMP-00166,Operations,Mid,29,10,2,Points,0.83,13.97,0.56,7.3,4.3,7,0
EMP-00167,Sales,Junior,6,4,3,Points,0.33,36.55,0.75,6.4,3.1,5,0
EMP-00168,Engineering,Senior,32,7,5,Points,0.58,20.86,0.69,8.7,4.6,4,0
EMP-00169,Engineering,Mid,45,10,1,Badge,0.83,8.5,0.67,6.7,3.6,3,0
EMP-00170,Marketing,Junior,1,2,3,Points,0.17,20.0,0.63,4.4,2.9,14,0
EMP-00171,Marketing,Senior,26,6,4,Badge,0.5,3.09,0.29,8.4,4.1,4,0
EMP-00172,Engineering,Senior,53,8,4,Badge,0.67,5.35,0.25,7.4,3.7,5,0
EMP-00173,Sales,Mid,34,4,5,Points,0.33,49.9,1.0,5.4,3.8,5,0
EMP-00174,Engineering,Junior,5,2,4,Badge,0.17,3.53,0.98,5.2,4.6,7,0
EMP-00175,Marketing,Mid,32,5,1,Points,0.42,14.11,0.7,7.5,4.7,7,0
EMP-00176,Engineering,Junior,1,5,0,Monetary,0.42,146.77,0.63,6.8,4.1,5,0
EMP-00177,Operations,Junior,34,6,2,Points,0.5,45.22,0.58,7.2,4.5,3,0
EMP-00178,Sales,Senior,15,12,5,Monetary,1.0,170.25,0.8,9.1,4.6,0,0
EMP-00179,Customer Support,Junior,1,4,4,Badge,0.33,8.8,0.75,5.4,4.2,8,0
EMP-00180,Engineering,Junior,27,0,2,Badge,0.0,0.34,0.0,3.2,3.7,4,1
EMP-00181,Sales,Junior,1,4,4,Badge,0.33,0.8,0.79,5.9,4.3,5,0
EMP-00182,Engineering,Junior,20,3,4,Badge,0.25,7.92,0.85,6.3,4.5,4,0
EMP-00183,Customer Support,Junior,1,0,0,Points,0.0,23.56,0.0,3.4,2.9,6,1
EMP-00184,Customer Support,Manager,77,11,8,Points,0.92,25.31,0.87,7.8,4.1,4,0
EMP-00185,Engineering,Junior,9,7,3,Points,0.58,22.89,0.61,7.6,4.4,6,0
EMP-00186,Marketing,Junior,1,0,4,Badge,0.0,1.69,0.0,2.4,3.6,7,1
EMP-00187,Operations,Junior,32,2,2,Points,0.17,47.27,0.78,6.8,3.9,5,0
EMP-00188,Marketing,Manager,42,3,13,Points,0.25,37.91,0.39,7.6,4.1,7,0
EMP-00189,Marketing,Mid,53,5,4,Badge,0.42,3.23,0.8,8.3,4.1,4,0
EMP-00190,Engineering,Mid,25,8,5,Points,0.67,31.64,0.68,7.6,5.0,3,0
EMP-00191,Engineering,Manager,105,8,7,Points,0.67,28.75,0.51,8.5,4.7,4,0
EMP-00192,Customer Support,Mid,30,6,5,Badge,0.5,4.77,0.72,7.7,4.9,4,0
EMP-00193,Customer Support,Mid,16,8,4,Points,0.67,48.31,0.43,5.9,3.5,8,0
EMP-00194,Marketing,Junior,9,7,1,Points,0.58,25.28,0.7,7.7,4.0,8,0
EMP-00195,Sales,Mid,21,8,3,Badge,0.67,6.14,0.98,6.8,4.0,4,0
EMP-00196,Sales,Mid,3,6,1,Badge,0.5,2.6,0.82,6.5,4.3,4,0
EMP-00197,Operations,Senior,29,10,10,Points,0.83,21.48,0.75,7.8,4.7,2,0
EMP-00198,Customer Support,Junior,13,3,1,Points,0.25,30.81,0.88,6.7,3.0,3,0
EMP-00199,Customer Support,Mid,26,8,2,Monetary,0.67,187.12,0.63,8.8,5.0,2,0
EMP-00200,Operations,Junior,4,3,2,Badge,0.25,9.73,0.15,3.7,4.0,6,1
EMP-00201,Marketing,Junior,6,2,1,Points,0.17,41.41,0.95,6.3,3.6,3,0
EMP-00202,Engineering,Mid,31,5,4,PTO,0.42,255.27,0.93,7.0,3.7,5,0
EMP-00203,Engineering,Manager,56,11,11,Badge,0.92,1.21,0.4,10.0,5.0,3,0
EMP-00204,Customer Support,Mid,25,4,2,Points,0.33,45.71,0.92,6.4,2.8,6,0
EMP-00205,Marketing,Senior,41,11,2,Badge,0.92,9.49,0.53,6.1,3.0,1,0
EMP-00206,Engineering,Junior,1,1,2,Points,0.08,15.42,0.79,5.7,3.6,3,0
EMP-00207,Engineering,Junior,15,1,3,Points,0.08,27.84,0.52,7.4,3.9,1,0
EMP-00208,Marketing,Junior,6,2,2,Monetary,0.17,94.22,0.49,5.9,3.2,8,0
EMP-00209,Engineering,Mid,33,6,1,PTO,0.5,236.47,0.74,7.5,5.0,4,0
EMP-00210,Engineering,Junior,18,1,2,Badge,0.08,1.52,0.41,6.0,3.3,4,0
EMP-00211,Marketing,Junior,30,7,2,PTO,0.58,233.35,0.83,6.5,3.9,7,0
EMP-00212,Operations,Senior,28,7,4,Badge,0.58,8.48,0.78,7.3,3.6,6,0
EMP-00213,Marketing,Junior,18,4,2,Points,0.33,10.39,0.37,5.9,3.9,7,0
EMP-00214,Engineering,Mid,35,5,4,PTO,0.42,107.67,0.74,7.8,4.5,4,0
EMP-00215,Operations,Mid,31,8,3,Badge,0.67,1.24,0.6,8.0,4.8,7,0
EMP-00216,Engineering,Mid,37,7,2,PTO,0.58,251.99,0.26,7.5,4.7,2,0
EMP-00217,Sales,Mid,14,8,1,Points,0.67,5.98,0.72,8.2,3.7,2,0
EMP-00218,Operations,Mid,47,5,2,Points,0.42,45.24,0.77,7.2,5.0,3,0
EMP-00219,Marketing,Junior,5,3,1,Points,0.25,29.18,0.54,3.1,2.8,13,1
EMP-00220,Operations,Senior,52,5,8,Monetary,0.42,62.75,0.78,7.8,3.0,3,0
EMP-00221,Marketing,Manager,62,13,5,Badge,1.08,1.51,0.54,8.4,3.4,2,0
EMP-00222,Marketing,Junior,11,2,2,PTO,0.17,88.47,0.36,4.5,3.0,13,0
EMP-00223,Engineering,Junior,18,3,3,PTO,0.25,116.84,0.66,7.1,4.8,3,0
EMP-00224,Sales,Manager,51,10,9,Badge,0.83,0.81,0.6,6.0,4.7,2,0
EMP-00225,Engineering,Mid,22,13,2,Points,1.08,40.91,0.58,8.6,3.7,5,0
EMP-00226,Engineering,Mid,11,4,1,Points,0.33,17.31,0.77,7.0,4.3,3,0
EMP-00227,Customer Support,Mid,31,4,4,Points,0.33,5.68,0.95,5.3,3.9,3,0
EMP-00228,Sales,Junior,12,2,0,Points,0.17,40.87,0.42,7.4,4.7,6,0
EMP-00229,Customer Support,Mid,43,7,5,Points,0.58,31.37,0.61,7.7,5.0,2,0
EMP-00230,Marketing,Mid,20,4,3,PTO,0.33,57.95,0.42,6.9,4.4,8,0
EMP-00231,Operations,Junior,19,1,0,Monetary,0.08,64.43,0.21,4.5,2.2,12,0
EMP-00232,Sales,Mid,11,0,0,Badge,0.0,3.23,0.0,2.2,2.9,20,1
EMP-00233,Marketing,Senior,45,11,5,Points,0.92,47.23,0.66,6.9,3.9,2,0
EMP-00234,Sales,Mid,24,8,1,Badge,0.67,4.26,0.61,7.0,5.0,3,0
EMP-00235,Engineering,Junior,1,6,1,PTO,0.5,222.74,0.65,5.8,3.7,6,0
EMP-00236,Operations,Mid,31,3,1,PTO,0.25,244.2,0.6,8.0,5.0,5,0
EMP-00237,Sales,Senior,31,12,6,Monetary,1.0,116.6,0.88,6.7,3.9,6,0
EMP-00238,Engineering,Senior,38,7,5,Badge,0.58,1.01,0.66,8.2,5.0,4,0
EMP-00239,Marketing,Mid,35,6,2,Points,0.5,47.05,0.49,5.9,3.5,4,0
EMP-00240,Engineering,Junior,3,1,1,Monetary,0.08,103.73,0.72,6.9,4.7,3,0
EMP-00241,Customer Support,Senior,53,10,7,PTO,0.83,92.6,0.57,7.2,4.7,5,0
EMP-00242,Customer Support,Senior,29,10,5,PTO,0.83,242.07,0.84,6.4,4.0,4,0
EMP-00243,Customer Support,Junior,28,0,2,Points,0.0,44.69,0.0,1.3,3.5,7,1
EMP-00244,Sales,Mid,19,9,4,Monetary,0.75,153.18,0.57,7.8,4.2,6,0
EMP-00245,Engineering,Mid,60,7,3,Badge,0.58,4.46,0.45,6.5,4.9,2,0
EMP-00246,Customer Support,Senior,48,8,7,Badge,0.67,9.84,0.34,6.8,4.2,4,0
EMP-00247,Sales,Junior,6,3,1,Points,0.25,9.5,1.0,5.5,4.2,9,0
EMP-00248,Customer Support,Mid,11,4,4,PTO,0.33,86.72,0.71,4.8,3.2,7,0
EMP-00249,Customer Support,Manager,87,12,9,Badge,1.0,2.75,0.82,9.5,3.2,1,0
EMP-00250,Operations,Senior,67,13,2,Points,1.08,10.95,0.84,7.5,4.6,6,0
EMP-00251,Sales,Manager,34,16,8,Points,1.33,25.14,1.0,10.0,4.6,8,0
EMP-00252,Sales,Manager,30,11,6,Points,0.92,31.81,0.85,8.4,5.0,4,0
EMP-00253,Operations,Junior,1,2,3,Badge,0.17,3.03,0.59,4.7,3.7,5,0
EMP-00254,Sales,Mid,40,12,1,Badge,1.0,0.3,0.6,7.7,5.0,3,0
EMP-00255,Engineering,Mid,13,8,1,Badge,0.67,5.6,0.46,6.4,4.5,3,0
EMP-00256,Marketing,Senior,19,15,3,Points,1.25,30.23,0.76,7.0,3.9,1,0
EMP-00257,Customer Support,Junior,11,6,3,Monetary,0.5,177.4,0.28,5.5,3.4,6,0
EMP-00258,Operations,Manager,46,11,2,Badge,0.92,1.03,0.75,7.1,3.4,5,0
EMP-00259,Marketing,Mid,21,7,2,Points,0.58,21.72,0.37,7.3,3.9,4,0
EMP-00260,Engineering,Senior,12,10,5,Badge,0.83,2.32,0.78,8.0,4.5,2,0
EMP-00261,Marketing,Junior,15,7,2,Points,0.58,9.62,0.85,8.5,5.0,3,0
EMP-00262,Customer Support,Junior,3,3,3,Points,0.25,18.56,0.8,5.0,3.1,8,0
EMP-00263,Engineering,Senior,49,8,4,Points,0.67,41.22,0.65,9.3,4.8,0,0
EMP-00264,Sales,Junior,10,8,1,Points,0.67,15.57,0.76,6.5,2.7,8,0
EMP-00265,Customer Support,Senior,44,7,7,Points,0.58,46.11,0.64,7.9,4.2,7,0
EMP-00266,Operations,Junior,2,2,1,Points,0.17,36.15,0.67,3.8,3.7,10,1
EMP-00267,Operations,Senior,52,6,4,Monetary,0.5,41.74,0.69,8.6,4.6,2,0
EMP-00268,Operations,Mid,48,9,3,Monetary,0.75,63.79,0.43,6.0,4.8,4,0
EMP-00269,Sales,Mid,40,3,3,PTO,0.25,58.55,0.77,7.0,3.2,5,0
EMP-00270,Sales,Senior,51,9,4,Monetary,0.75,45.24,0.41,7.5,4.2,3,0
EMP-00271,Operations,Mid,38,4,4,Points,0.33,37.45,0.46,6.0,4.2,5,0
EMP-00272,Operations,Junior,42,4,1,Badge,0.33,1.54,0.54,5.6,3.9,1,0
EMP-00273,Customer Support,Junior,5,2,1,Monetary,0.17,76.19,0.5,3.4,3.0,7,1
EMP-00274,Customer Support,Mid,38,6,7,Badge,0.5,6.84,0.6,6.7,3.0,2,0
EMP-00275,Sales,Mid,3,4,4,Points,0.33,33.74,1.0,6.1,4.0,2,0
EMP-00276,Sales,Senior,62,9,5,Points,0.75,45.36,0.81,9.2,3.6,6,0
EMP-00277,Operations,Mid,41,5,1,Monetary,0.42,83.46,0.82,7.5,4.6,6,0
EMP-00278,Marketing,Mid,19,5,5,Badge,0.42,3.67,0.46,6.0,3.3,3,0
EMP-00279,Operations,Mid,47,4,4,Points,0.33,9.3,0.49,5.5,3.8,3,0
EMP-00280,Operations,Junior,8,1,0,Points,0.08,17.76,0.39,5.1,3.6,5,0
EMP-00281,Customer Support,Mid,15,2,2,Points,0.17,43.05,0.62,4.7,2.9,5,0
EMP-00282,Sales,Manager,63,12,7,Badge,1.0,1.39,1.0,9.4,4.4,4,0
EMP-00283,Sales,Manager,62,11,6,Monetary,0.92,89.94,0.58,8.6,4.6,2,0
EMP-00284,Engineering,Mid,26,3,3,PTO,0.25,260.82,0.48,6.5,2.7,6,0
EMP-00285,Marketing,Mid,35,10,1,Monetary,0.83,63.55,0.34,7.1,5.0,5,0
EMP-00286,Engineering,Senior,48,13,9,Points,1.08,12.07,0.58,7.1,4.8,3,0
EMP-00287,Sales,Mid,31,3,1,Points,0.25,5.31,0.75,6.5,3.6,4,0
EMP-00288,Marketing,Junior,5,5,1,Monetary,0.42,185.65,0.29,4.9,3.1,7,0
EMP-00289,Sales,Junior,22,8,0,Points,0.67,44.15,0.98,7.7,3.6,3,0
EMP-00290,Marketing,Mid,21,6,5,PTO,0.5,97.14,0.73,7.7,3.6,3,0
EMP-00291,Engineering,Manager,36,11,4,Badge,0.92,7.87,0.71,7.6,4.5,2,0
EMP-00292,Engineering,Senior,35,7,6,Monetary,0.58,195.32,0.77,7.5,5.0,5,0
EMP-00293,Operations,Junior,23,2,2,Points,0.17,18.74,0.21,6.4,3.3,6,0
EMP-00294,Sales,Junior,5,2,1,Badge,0.17,6.68,0.26,5.2,3.5,8,0
EMP-00295,Engineering,Senior,47,10,5,Points,0.83,14.24,0.93,7.5,4.3,6,0
EMP-00296,Marketing,Senior,45,8,4,PTO,0.67,196.82,0.6,7.2,2.9,7,0
EMP-00297,Operations,Mid,12,5,3,Badge,0.42,3.28,0.59,5.8,4.5,6,0
EMP-00298,Engineering,Mid,40,6,4,Points,0.5,32.72,0.5,7.3,4.6,1,0
EMP-00299,Marketing,Junior,6,5,0,Badge,0.42,6.68,0.81,5.4,4.0,4,0
EMP-00300,Engineering,Senior,49,7,2,Points,0.58,37.31,0.78,7.9,4.9,5,0
EMP-00301,Engineering,Senior,38,6,8,Badge,0.5,9.03,0.52,8.0,5.0,5,0
EMP-00302,Marketing,Junior,16,4,0,Points,0.33,9.93,0.55,6.6,5.0,0,0
EMP-00303,Marketing,Senior,21,7,6,Monetary,0.58,73.19,0.78,9.0,5.0,2,0
EMP-00304,Marketing,Junior,1,3,0,Points,0.25,12.65,0.63,5.0,3.7,10,0
EMP-00305,Operations,Junior,2,6,1,Badge,0.5,4.36,0.8,6.4,4.1,5,0
EMP-00306,Customer Support,Junior,2,5,1,PTO,0.42,157.83,0.73,4.7,3.8,4,0
EMP-00307,Sales,Junior,7,1,0,PTO,0.08,133.73,0.81,6.4,2.6,4,0
EMP-00308,Sales,Mid,5,7,2,Badge,0.58,9.88,0.59,6.0,3.5,6,0
EMP-00309,Operations,Mid,39,7,2,Points,0.58,39.24,0.53,8.0,3.8,6,0
EMP-00310,Engineering,Mid,30,7,2,Points,0.58,9.13,0.28,8.4,4.7,7,0
EMP-00311,Sales,Mid,32,4,5,Monetary,0.33,95.38,0.41,6.8,4.5,4,0
EMP-00312,Engineering,Junior,8,2,0,Points,0.17,43.74,0.95,6.5,4.9,9,0
EMP-00313,Engineering,Junior,8,6,3,Badge,0.5,1.67,0.76,5.0,2.9,13,0
EMP-00314,Customer Support,Mid,20,5,3,Points,0.42,25.89,0.57,7.0,3.8,4,0
EMP-00315,Operations,Mid,26,9,4,Points,0.75,39.8,0.66,8.4,3.9,2,0
EMP-00316,Operations,Junior,1,2,2,Monetary,0.17,40.03,0.52,3.7,3.6,5,1
EMP-00317,Sales,Senior,53,12,5,Badge,1.0,8.17,0.77,10.0,4.9,4,0
EMP-00318,Engineering,Senior,29,6,4,Points,0.5,9.98,0.43,6.8,4.7,3,0
EMP-00319,Engineering,Senior,68,11,6,Badge,0.92,4.63,0.91,8.1,5.0,5,0
EMP-00320,Engineering,Mid,43,8,1,Points,0.67,48.06,0.27,6.1,5.0,4,0
EMP-00321,Marketing,Junior,2,4,0,PTO,0.33,177.28,0.48,6.6,3.3,6,0
EMP-00322,Operations,Senior,23,7,3,PTO,0.58,275.23,0.42,7.5,3.6,4,0
EMP-00323,Marketing,Junior,6,2,0,Points,0.17,46.32,0.78,5.3,3.3,6,0
EMP-00324,Engineering,Mid,3,6,2,Badge,0.5,4.29,0.38,6.8,4.4,6,0
EMP-00325,Customer Support,Junior,43,4,1,Points,0.33,47.04,0.68,6.9,4.6,3,0
EMP-00326,Operations,Senior,28,7,7,Points,0.58,9.03,0.49,7.7,5.0,3,0
EMP-00327,Marketing,Junior,1,3,2,Monetary,0.25,85.63,0.37,4.9,4.6,7,0
EMP-00328,Marketing,Manager,61,11,4,Badge,0.92,8.85,0.34,8.4,4.6,4,0
EMP-00329,Sales,Senior,57,9,4,Points,0.75,28.91,0.38,7.1,4.4,4,0
EMP-00330,Engineering,Mid,25,10,1,Points,0.83,37.23,0.57,8.0,5.0,8,0
EMP-00331,Sales,Senior,69,11,3,Monetary,0.92,32.47,0.74,8.0,4.9,5,0
EMP-00332,Operations,Mid,44,4,5,Monetary,0.33,141.41,0.84,7.1,5.0,1,0
EMP-00333,Engineering,Senior,45,11,4,Badge,0.92,8.5,0.6,8.5,4.9,4,0
EMP-00334,Engineering,Mid,26,4,4,Points,0.33,35.59,0.62,6.6,4.6,7,0
EMP-00335,Engineering,Senior,54,6,6,Points,0.5,47.89,0.84,7.9,3.3,4,0
EMP-00336,Engineering,Mid,29,6,3,Points,0.5,36.25,0.78,8.9,4.7,7,0
EMP-00337,Operations,Manager,34,9,5,Monetary,0.75,80.29,0.68,8.8,4.9,5,0
EMP-00338,Operations,Mid,25,4,2,Monetary,0.33,69.5,0.85,7.8,4.1,3,0
EMP-00339,Sales,Mid,39,5,2,Points,0.42,33.32,0.68,6.8,4.6,1,0
EMP-00340,Engineering,Senior,69,8,8,Badge,0.67,0.96,0.33,7.2,4.2,4,0
EMP-00341,Sales,Senior,63,9,4,PTO,0.75,146.23,0.82,7.6,2.9,7,0
EMP-00342,Sales,Mid,34,8,1,Points,0.67,24.59,0.74,8.5,5.0,4,0
EMP-00343,Engineering,Junior,6,2,1,Badge,0.17,6.02,0.4,5.4,2.9,8,0
EMP-00344,Sales,Mid,50,7,2,Points,0.58,15.48,0.54,9.6,5.0,2,0
EMP-00345,Sales,Manager,61,11,6,Badge,0.92,9.28,0.64,8.3,4.7,2,0
EMP-00346,Marketing,Senior,54,8,2,PTO,0.67,285.53,0.38,8.8,5.0,7,0
EMP-00347,Marketing,Senior,34,9,5,Badge,0.75,5.97,0.48,6.9,3.8,7,0
EMP-00348,Engineering,Junior,13,3,4,Badge,0.25,6.72,0.83,6.5,3.8,2,0
EMP-00349,Sales,Mid,47,5,2,Monetary,0.42,78.75,0.61,7.8,4.0,2,0
EMP-00350,Marketing,Mid,17,5,1,Points,0.42,16.54,0.37,7.5,5.0,4,0
EMP-00351,Sales,Senior,34,8,8,Monetary,0.67,72.18,0.42,7.3,4.2,3,0
EMP-00352,Operations,Junior,15,0,1,Monetary,0.0,96.1,0.0,4.6,3.5,7,0
EMP-00353,Marketing,Senior,79,8,2,Points,0.67,46.81,0.97,8.5,4.1,3,0
EMP-00354,Engineering,Mid,33,7,2,PTO,0.58,127.15,0.85,7.2,5.0,4,0
EMP-00355,Engineering,Junior,3,5,0,Monetary,0.42,75.46,0.35,4.8,3.2,6,0
EMP-00356,Marketing,Mid,13,5,7,Points,0.42,19.66,0.59,7.2,4.6,6,0
EMP-00357,Engineering,Junior,10,3,1,Badge,0.25,2.35,0.39,5.0,3.7,4,0
EMP-00358,Marketing,Mid,59,2,1,Points,0.17,37.76,0.81,7.3,4.3,4,0
EMP-00359,Customer Support,Junior,4,3,1,Badge,0.25,4.03,0.55,2.8,2.7,9,1
EMP-00360,Marketing,Junior,15,4,2,PTO,0.33,167.01,0.26,5.8,3.5,4,0
EMP-00361,Sales,Senior,38,9,7,Badge,0.75,7.15,0.54,7.3,4.3,4,0
EMP-00362,Marketing,Junior,4,1,1,Badge,0.08,6.5,0.8,4.4,3.8,11,0
EMP-00363,Sales,Junior,12,7,2,Monetary,0.58,95.79,0.94,6.6,3.3,5,0
EMP-00364,Marketing,Mid,41,7,4,Badge,0.58,0.23,0.47,6.2,4.0,1,0
EMP-00365,Customer Support,Mid,45,6,0,Points,0.5,45.17,0.57,5.4,5.0,8,0
EMP-00366,Sales,Senior,64,16,8,Monetary,1.33,45.02,0.73,8.8,4.8,2,0
EMP-00367,Customer Support,Mid,16,4,2,Badge,0.33,8.43,0.41,6.3,3.8,6,0
EMP-00368,Customer Support,Senior,73,6,5,PTO,0.5,237.19,0.82,9.4,4.4,2,0
EMP-00369,Engineering,Mid,9,7,1,Badge,0.58,8.34,0.5,7.0,3.0,4,0
EMP-00370,Engineering,Junior,2,4,1,PTO,0.33,273.54,0.58,5.9,3.6,6,0
EMP-00371,Engineering,Junior,14,5,2,Points,0.42,7.08,0.98,7.9,4.3,4,0
EMP-00372,Engineering,Mid,21,3,4,Badge,0.25,4.38,0.38,8.4,3.6,4,0
EMP-00373,Engineering,Mid,33,6,2,Points,0.5,7.6,0.5,7.8,4.4,6,0
EMP-00374,Operations,Senior,51,7,1,Monetary,0.58,80.51,0.78,7.9,4.9,5,0
EMP-00375,Engineering,Mid,27,12,2,Badge,1.0,1.41,0.6,8.7,4.8,3,0
EMP-00376,Sales,Mid,41,9,2,Points,0.75,31.03,0.41,8.4,3.3,3,0
EMP-00377,Operations,Junior,22,7,0,Monetary,0.58,132.78,0.51,6.1,3.9,7,0
EMP-00378,Engineering,Junior,2,5,5,Points,0.42,30.59,0.65,6.0,3.7,5,0
EMP-00379,Operations,Mid,46,3,2,Points,0.25,15.06,0.58,5.9,3.6,7,0
EMP-00380,Sales,Mid,41,6,3,Points,0.5,16.03,0.81,8.1,4.8,5,0
EMP-00381,Engineering,Mid,41,8,8,Badge,0.67,3.08,0.61,9.2,5.0,7,0
EMP-00382,Operations,Junior,1,1,3,Points,0.08,12.01,0.9,5.0,2.8,12,0
EMP-00383,Marketing,Senior,29,13,5,Points,1.08,24.46,0.82,9.1,4.2,2,0
EMP-00384,Customer Support,Senior,42,10,3,Points,0.83,36.7,0.29,8.1,4.4,2,0
EMP-00385,Operations,Junior,14,5,2,PTO,0.42,250.9,0.35,6.3,4.3,3,0
EMP-00386,Operations,Mid,34,6,4,Monetary,0.5,29.04,0.2,7.7,4.8,4,0
EMP-00387,Sales,Manager,36,9,9,Points,0.75,7.04,0.59,7.9,4.2,5,0
EMP-00388,Engineering,Mid,28,4,0,Points,0.33,33.08,0.81,6.8,4.1,4,0
EMP-00389,Operations,Mid,17,5,5,PTO,0.42,164.43,0.26,6.1,3.6,3,0
EMP-00390,Operations,Junior,5,2,0,Badge,0.17,3.44,0.49,4.8,3.4,6,0
EMP-00391,Customer Support,Mid,41,2,6,Badge,0.17,7.8,0.89,6.4,3.1,0,0
EMP-00392,Sales,Junior,10,11,3,Badge,0.92,4.91,0.8,7.1,4.2,7,0
EMP-00393,Sales,Manager,45,13,9,Monetary,1.08,127.96,0.87,9.3,4.6,3,0
EMP-00394,Operations,Senior,24,10,3,Points,0.83,20.13,0.65,8.3,4.7,3,0
EMP-00395,Sales,Senior,40,9,5,Points,0.75,18.37,0.73,7.3,4.8,5,0
EMP-00396,Customer Support,Senior,55,4,3,Monetary,0.33,191.03,0.74,7.5,4.4,6,0
EMP-00397,Operations,Mid,26,8,1,Points,0.67,36.44,0.8,8.8,4.2,2,0
EMP-00398,Sales,Mid,21,11,5,Points,0.92,19.87,0.87,7.4,4.8,7,0
EMP-00399,Operations,Senior,68,12,6,Badge,1.0,9.99,0.6,7.5,4.1,1,0
EMP-00400,Operations,Manager,18,10,5,Monetary,0.83,34.45,0.48,7.0,3.2,2,0
EMP-00401,Engineering,Mid,47,2,4,Badge,0.17,4.3,0.5,7.3,3.4,3,0
EMP-00402,Customer Support,Manager,50,10,9,Points,0.83,49.15,0.75,8.7,4.4,9,0
EMP-00403,Sales,Mid,28,6,1,Points,0.5,45.49,0.88,6.4,4.5,5,0
EMP-00404,Operations,Mid,22,7,1,Monetary,0.58,104.38,0.71,6.9,4.3,6,0
EMP-00405,Sales,Mid,51,8,0,Badge,0.67,7.14,0.65,6.6,4.3,2,0
EMP-00406,Customer Support,Junior,40,3,0,Badge,0.25,3.7,0.71,6.9,4.1,2,0
EMP-00407,Sales,Junior,8,6,0,Badge,0.5,4.79,0.23,7.0,5.0,10,0
EMP-00408,Engineering,Junior,52,3,2,Monetary,0.25,138.0,0.65,6.8,3.5,2,0
EMP-00409,Customer Support,Mid,12,4,3,PTO,0.33,143.48,0.57,6.9,4.4,3,0
EMP-00410,Engineering,Mid,25,5,3,Points,0.42,39.87,0.83,8.4,4.9,8,0
EMP-00411,Sales,Mid,14,7,1,Points,0.58,20.65,1.0,7.8,4.6,5,0
EMP-00412,Customer Support,Manager,48,9,9,Points,0.75,14.25,0.57,7.5,4.6,10,0
EMP-00413,Customer Support,Mid,25,4,2,Points,0.33,16.44,0.57,6.7,3.2,2,0
EMP-00414,Marketing,Mid,3,5,2,Badge,0.42,9.04,0.32,3.7,3.0,8,1
EMP-00415,Marketing,Junior,1,1,2,Points,0.08,38.95,0.53,5.7,3.2,3,0
EMP-00416,Sales,Junior,4,2,1,Monetary,0.17,182.29,0.97,3.8,2.5,12,1
EMP-00417,Sales,Senior,35,7,9,Points,0.58,46.86,0.7,8.5,4.9,5,0
EMP-00418,Sales,Mid,25,6,4,Badge,0.5,0.12,1.0,6.4,3.5,7,0
EMP-00419,Marketing,Senior,58,7,11,Points,0.58,13.67,0.68,8.3,5.0,5,0
EMP-00420,Operations,Junior,15,4,0,Badge,0.33,3.92,0.92,8.0,,6,0
EMP-00421,Operations,Mid,12,5,2,Badge,0.42,2.09,0.57,5.7,3.9,2,0
EMP-00422,Operations,Junior,3,3,2,Badge,0.25,0.55,0.5,3.9,4.4,9,1
EMP-00423,Engineering,Junior,5,3,0,Badge,0.25,9.28,0.75,4.8,4.1,9,0
EMP-00424,Sales,Junior,10,2,4,Points,0.17,45.0,0.49,3.1,3.7,4,1
EMP-00425,Engineering,Junior,5,2,2,Points,0.17,13.57,0.36,5.6,3.5,5,0
EMP-00426,Marketing,Mid,56,8,2,Points,0.67,27.1,0.39,7.5,5.0,0,0
EMP-00427,Sales,Junior,2,7,2,PTO,0.58,294.45,0.74,5.0,4.0,5,0
EMP-00428,Customer Support,Manager,96,8,8,Points,0.67,31.58,0.49,5.5,5.0,9,0
EMP-00429,Sales,Mid,16,5,3,PTO,0.42,185.19,1.0,7.5,3.5,5,0
EMP-00430,Engineering,Junior,8,1,2,Badge,0.08,4.25,0.22,4.8,2.7,5,0
EMP-00431,Engineering,Junior,24,2,3,Badge,0.17,1.27,0.68,8.8,5.0,4,0
EMP-00432,Operations,Mid,13,4,3,Badge,0.33,1.14,0.86,9.0,4.5,3,0
EMP-00433,Marketing,Junior,31,4,3,Points,0.33,44.4,0.52,5.0,3.4,5,0
EMP-00434,Engineering,Senior,92,8,8,Monetary,0.67,67.37,0.38,6.4,4.3,2,0
EMP-00435,Engineering,Manager,49,10,4,Points,0.83,17.21,0.68,9.8,5.0,1,0
EMP-00436,Operations,Junior,2,2,0,Monetary,0.17,48.83,0.77,4.4,2.5,5,0
EMP-00437,Engineering,Mid,34,6,4,Points,0.5,22.66,0.48,6.9,4.5,4,0
EMP-00438,Operations,Junior,18,5,0,Badge,0.42,6.27,0.43,6.5,5.0,5,0
EMP-00439,Operations,Mid,32,4,4,Points,0.33,29.32,0.65,6.2,4.2,5,0
EMP-00440,Engineering,Mid,47,5,4,Monetary,0.42,31.0,0.49,4.6,4.3,2,0
EMP-00441,Engineering,Junior,9,1,1,Badge,0.08,4.69,0.68,6.5,4.6,5,0
EMP-00442,Customer Support,Junior,11,3,2,Badge,0.25,4.19,0.74,4.7,3.4,2,0
EMP-00443,Sales,Senior,77,12,3,Badge,1.0,2.62,0.72,8.1,4.0,3,0
EMP-00444,Sales,Mid,21,7,4,Points,0.58,34.21,0.32,5.9,3.7,4,0
EMP-00445,Operations,Junior,1,2,0,Points,0.17,47.29,0.59,5.2,3.1,6,0
EMP-00446,Customer Support,Senior,24,7,3,Badge,0.58,7.0,0.77,6.4,3.6,3,0
EMP-00447,Customer Support,Mid,44,6,2,Points,0.5,13.09,0.72,7.8,5.0,7,0
EMP-00448,Operations,Senior,43,8,4,Points,0.67,34.32,0.8,7.2,4.0,4,0
EMP-00449,Sales,Junior,13,4,3,Points,0.33,11.81,0.75,5.4,2.5,6,0
EMP-00450,Engineering,Senior,29,9,5,Badge,0.75,5.47,0.97,7.7,4.5,5,0
EMP-00451,Operations,Senior,26,9,5,Points,0.75,48.27,0.76,6.4,4.6,7,0
EMP-00452,Marketing,Junior,11,4,1,Points,0.33,48.72,0.43,5.6,4.0,5,0
EMP-00453,Sales,Senior,72,8,3,Points,0.67,44.74,0.43,8.8,4.9,1,0
EMP-00454,Customer Support,Mid,52,5,3,Badge,0.42,3.67,0.26,6.2,3.6,3,0
EMP-00455,Engineering,Manager,54,11,7,Monetary,0.92,148.37,0.64,7.5,4.5,7,0
EMP-00456,Sales,Junior,9,5,2,Points,0.42,12.64,0.45,5.2,3.8,5,0
EMP-00457,Engineering,Mid,33,7,5,Badge,0.58,9.3,0.76,6.5,4.6,1,0
EMP-00458,Sales,Mid,60,7,1,Monetary,0.58,104.65,0.87,7.1,4.1,3,0
EMP-00459,Engineering,Manager,43,8,4,Monetary,0.67,124.52,0.8,8.6,5.0,2,0
EMP-00460,Engineering,Mid,29,11,1,Points,0.92,22.32,0.6,6.1,4.3,6,0
EMP-00461,Engineering,Manager,53,12,9,PTO,1.0,153.64,0.66,10.0,5.0,6,0
EMP-00462,Marketing,Manager,40,5,11,Monetary,0.42,90.55,0.46,6.3,4.3,5,0
EMP-00463,Operations,Junior,2,1,3,PTO,0.08,169.01,0.13,2.6,2.1,16,1
EMP-00464,Marketing,Senior,67,9,6,Points,0.75,43.67,0.37,8.5,4.4,6,0
EMP-00465,Customer Support,Manager,34,8,3,Monetary,0.67,172.87,0.09,7.4,4.5,2,0
EMP-00466,Sales,Junior,9,4,3,Badge,0.33,3.37,0.78,5.4,3.1,6,0
EMP-00467,Sales,Mid,36,11,3,Monetary,0.92,44.95,0.46,7.8,5.0,5,0
EMP-00468,Customer Support,Mid,46,7,4,Points,0.58,25.24,0.49,6.6,4.3,3,0
EMP-00469,Engineering,Junior,1,8,1,Badge,0.67,0.05,0.64,6.4,4.6,3,0
EMP-00470,Customer Support,Junior,17,2,1,Badge,0.17,7.48,0.37,6.7,4.1,5,0
EMP-00471,Engineering,Junior,16,4,2,Points,0.33,5.12,0.71,6.8,3.8,2,0
EMP-00472,Customer Support,Junior,8,0,2,Points,0.0,14.29,0.0,2.1,3.4,6,1
EMP-00473,Engineering,Mid,63,5,4,Badge,0.42,1.5,0.91,6.4,4.3,2,0
EMP-00474,Customer Support,Junior,67,5,3,Points,0.42,44.3,0.85,7.0,4.1,3,0
EMP-00475,Marketing,Manager,69,11,4,Points,0.92,49.98,0.3,7.1,4.0,2,0
EMP-00476,Customer Support,Senior,31,7,4,Points,0.58,11.58,0.6,5.9,3.9,4,0
EMP-00477,Engineering,Junior,2,2,3,Points,0.17,30.59,0.62,6.6,4.0,6,0
EMP-00478,Marketing,Senior,28,10,5,Points,0.83,42.17,0.45,7.1,3.9,5,0
EMP-00479,Customer Support,Senior,52,7,7,Monetary,0.58,86.67,0.65,7.0,3.8,2,0
EMP-00480,Marketing,Manager,68,8,8,Monetary,0.67,69.61,0.71,9.2,5.0,3,0
EMP-00481,Marketing,Junior,1,1,0,Badge,0.08,2.91,0.18,3.7,4.2,5,1
EMP-00482,Operations,Junior,48,5,0,PTO,0.42,130.73,0.76,9.6,4.7,4,0
EMP-00483,Sales,Manager,72,9,9,Monetary,0.75,69.87,0.99,7.8,4.6,5,0
EMP-00484,Marketing,Manager,68,8,7,Points,0.67,8.01,0.55,7.2,3.8,2,0
EMP-00485,Marketing,Senior,48,9,6,PTO,0.75,279.79,0.69,7.9,3.7,3,0
EMP-00486,Customer Support,Senior,37,8,3,Badge,0.67,9.0,0.23,7.0,3.8,4,0
EMP-00487,Engineering,Junior,14,4,1,Monetary,0.33,174.16,0.56,5.2,3.4,4,0
EMP-00488,Sales,Mid,58,10,4,Monetary,0.83,159.22,0.42,7.6,4.0,5,0
EMP-00489,Customer Support,Junior,20,2,1,Badge,0.17,7.48,0.52,5.1,3.8,1,0
EMP-00490,Customer Support,Junior,5,3,2,Badge,0.25,7.06,0.74,3.2,2.6,7,1
EMP-00491,Sales,Senior,56,8,2,Badge,0.67,8.52,0.89,7.5,5.0,6,0
EMP-00492,Marketing,Junior,22,5,2,Badge,0.42,0.55,0.41,5.5,3.9,2,0
EMP-00493,Engineering,Mid,22,8,3,PTO,0.67,242.44,0.12,7.8,5.0,2,0
EMP-00494,Engineering,Manager,46,10,7,Points,0.83,44.08,0.33,7.6,5.0,4,0
EMP-00495,Sales,Junior,1,6,1,Points,0.5,34.19,0.53,4.6,3.9,11,0
EMP-00496,Sales,Manager,35,15,10,Monetary,1.25,173.52,1.0,8.0,4.3,3,0
EMP-00497,Marketing,Manager,32,8,7,Monetary,0.67,77.06,0.53,7.8,4.9,4,0
EMP-00498,Engineering,Mid,37,6,4,Monetary,0.5,88.26,0.84,6.8,4.6,1,0
EMP-00499,Customer Support,Junior,6,4,0,Badge,0.33,6.1,0.6,5.4,3.1,5,0
EMP-00500,Customer Support,Mid,45,7,3,Points,0.58,11.37,0.54,7.7,5.0,1,0
EMP-00501,Operations,Mid,23,4,5,Badge,0.33,1.91,0.85,6.6,4.2,4,0
EMP-00502,Marketing,Mid,32,10,3,Points,0.83,49.73,0.2,9.2,4.5,3,0
EMP-00503,Sales,Junior,2,6,1,Points,0.5,40.43,0.91,5.2,3.8,11,0
EMP-00504,Operations,Manager,86,14,9,Badge,1.17,1.13,0.83,10.0,4.7,3,0
EMP-00505,Operations,Junior,17,4,0,PTO,0.33,79.17,0.7,7.9,3.7,7,0
EMP-00506,Engineering,Senior,69,11,7,Badge,0.92,3.93,0.46,7.9,4.9,2,0
EMP-00507,Customer Support,Junior,6,3,0,Points,0.25,49.9,0.67,4.2,2.7,8,0
EMP-00508,Operations,Mid,43,7,2,Points,0.58,48.88,0.23,6.6,3.5,1,0
EMP-00509,Customer Support,Manager,80,10,12,PTO,0.83,168.17,0.68,8.1,4.7,2,0
EMP-00510,Operations,Junior,39,3,4,Badge,0.25,4.42,0.7,7.1,4.3,1,0
EMP-00511,Marketing,Junior,2,2,2,Monetary,0.17,128.11,0.67,5.3,3.0,4,0
EMP-00512,Sales,Senior,82,6,6,Points,0.5,34.79,0.67,6.9,2.9,8,0
EMP-00513,Customer Support,Senior,65,7,3,Badge,0.58,2.65,0.41,7.9,4.0,4,0
EMP-00514,Customer Support,Senior,13,10,5,Badge,0.83,1.71,0.91,7.6,3.7,0,0
EMP-00515,Engineering,Mid,34,4,2,Monetary,0.33,167.93,0.61,7.0,4.3,2,0
EMP-00516,Engineering,Junior,8,4,1,Points,0.33,20.93,0.63,5.5,4.9,12,0
EMP-00517,Sales,Manager,26,13,4,Points,1.08,6.76,0.89,8.1,4.3,4,0
EMP-00518,Operations,Manager,74,9,2,Monetary,0.75,175.09,0.48,7.1,3.5,0,0
EMP-00519,Customer Support,Mid,22,2,1,Points,0.17,38.05,0.64,5.8,3.7,3,0
EMP-00520,Engineering,Senior,32,9,5,Monetary,0.75,151.22,0.6,7.4,4.7,3,0
EMP-00521,Marketing,Mid,47,5,3,Badge,0.42,6.52,0.55,4.8,3.8,3,0
EMP-00522,Sales,Mid,34,8,2,Monetary,0.67,97.45,0.89,7.4,5.0,0,0
EMP-00523,Customer Support,Junior,6,3,2,Monetary,0.25,180.42,0.51,3.9,3.7,8,1
EMP-00524,Operations,Mid,29,7,4,Badge,0.58,3.65,0.76,7.8,4.4,4,0
EMP-00525,Operations,Mid,42,4,1,Points,0.33,17.05,0.47,7.4,5.0,4,0
EMP-00526,Sales,Junior,10,10,1,Badge,0.83,5.4,0.53,6.9,4.6,8,0
EMP-00527,Sales,Mid,54,12,3,Badge,1.0,4.64,0.91,9.7,5.0,5,0
EMP-00528,Engineering,Senior,47,13,6,Monetary,1.08,30.9,0.72,8.3,4.3,1,0
EMP-00529,Engineering,Senior,21,11,5,Monetary,0.92,75.21,0.83,7.1,3.9,4,0
EMP-00530,Customer Support,Mid,36,6,1,Badge,0.5,3.81,0.5,6.8,3.8,3,0
EMP-00531,Operations,Manager,65,7,5,Points,0.58,40.63,0.89,6.8,3.7,3,0
EMP-00532,Customer Support,Junior,8,1,2,Points,0.08,22.89,0.71,5.3,2.2,6,0
EMP-00533,Customer Support,Mid,15,3,2,Badge,0.25,9.4,0.39,5.7,3.2,6,0
EMP-00534,Marketing,Senior,44,11,2,Points,0.92,38.33,0.41,7.9,5.0,7,0
EMP-00535,Operations,Mid,18,7,1,Points,0.58,41.86,0.37,6.3,5.0,7,0
EMP-00536,Customer Support,Mid,48,3,0,Points,0.25,45.08,0.72,6.2,3.6,2,0
EMP-00537,Operations,Junior,1,8,1,Badge,0.67,1.96,0.68,3.7,2.8,11,1
EMP-00538,Engineering,Manager,61,6,6,Points,0.5,41.11,0.59,9.2,4.8,3,0
EMP-00539,Sales,Mid,44,10,2,Points,0.83,13.69,0.76,8.9,4.6,3,0
EMP-00540,Engineering,Manager,51,15,7,Points,1.25,29.73,0.42,9.6,5.0,4,0
EMP-00541,Customer Support,Mid,11,6,3,Points,0.5,18.77,0.57,7.9,3.5,7,0
EMP-00542,Marketing,Senior,63,5,6,Points,0.42,27.4,0.78,7.0,4.4,7,0
EMP-00543,Engineering,Senior,47,10,5,Badge,0.83,2.11,0.15,7.1,4.3,3,0
EMP-00544,Marketing,Senior,67,9,4,Points,0.75,48.26,0.77,8.3,4.3,4,0
EMP-00545,Marketing,Mid,36,8,3,Points,0.67,34.97,0.68,7.6,4.4,4,0
EMP-00546,Sales,Mid,29,6,4,Points,0.5,16.28,0.39,6.2,3.2,3,0
EMP-00547,Engineering,Senior,45,9,8,Badge,0.75,2.37,0.34,7.2,5.0,1,0
EMP-00548,Marketing,Mid,36,7,3,Points,0.58,12.1,0.78,8.7,5.0,5,0
EMP-00549,Marketing,Mid,24,4,4,PTO,0.33,244.28,0.66,7.0,3.9,3,0
EMP-00550,Operations,Junior,1,7,3,Points,0.58,26.58,0.83,4.5,4.1,3,0
EMP-00551,Marketing,Manager,44,7,2,PTO,0.58,273.59,0.6,8.3,3.8,2,0
EMP-00552,Operations,Junior,1,4,0,Points,0.33,5.05,0.43,5.7,3.0,7,0
EMP-00553,Marketing,Mid,38,2,1,PTO,0.17,174.17,0.87,5.5,3.7,5,0
EMP-00554,Marketing,Mid,27,4,5,Badge,0.33,4.87,0.46,7.2,5.0,4,0
EMP-00555,Customer Support,Mid,30,4,2,Monetary,0.33,196.96,0.32,6.8,3.7,5,0
EMP-00556,Sales,Senior,65,13,8,Monetary,1.08,151.88,0.29,8.1,3.6,2,0
EMP-00557,Engineering,Junior,9,3,0,Badge,0.25,5.39,0.59,4.2,3.7,5,0
EMP-00558,Engineering,Mid,12,3,0,Badge,0.25,5.81,0.78,6.2,3.6,4,0
EMP-00559,Operations,Senior,58,8,8,Points,0.67,36.46,0.28,8.0,4.4,5,0
EMP-00560,Marketing,Senior,54,8,6,Points,0.67,46.35,0.74,8.2,5.0,3,0
EMP-00561,Operations,Junior,27,6,2,Badge,0.5,0.64,0.78,8.6,4.8,7,0
EMP-00562,Engineering,Manager,41,14,6,Points,1.17,7.89,0.61,7.8,3.6,5,0
EMP-00563,Engineering,Senior,33,5,9,Points,0.42,14.25,0.57,7.2,5.0,6,0
EMP-00564,Engineering,Manager,83,9,6,Badge,0.75,4.42,0.49,7.5,5.0,5,0
EMP-00565,Sales,Mid,6,5,3,Badge,0.42,3.49,0.34,6.5,4.9,5,0
EMP-00566,Marketing,Mid,40,6,0,Badge,0.5,0.52,0.58,6.1,3.5,2,0
EMP-00567,Sales,Manager,37,10,6,Points,0.83,31.93,0.26,8.8,5.0,1,0
EMP-00568,Sales,Manager,93,14,6,PTO,1.17,260.8,0.69,10.0,4.0,7,0
EMP-00569,Customer Support,Mid,8,3,3,Monetary,0.25,34.79,0.85,7.2,3.7,6,0
EMP-00570,Sales,Junior,1,6,0,Badge,0.5,5.23,0.81,5.1,4.6,10,0
EMP-00571,Sales,Mid,46,9,3,PTO,0.75,295.39,0.51,7.5,3.6,4,0
EMP-00572,Operations,Mid,39,7,1,Badge,0.58,0.5,0.68,6.5,4.0,1,0
EMP-00573,Sales,Junior,11,10,0,Badge,0.83,2.94,0.78,5.9,2.9,11,0
EMP-00574,Marketing,Junior,1,2,3,Badge,0.17,4.42,0.88,4.6,3.4,8,0
EMP-00575,Customer Support,Senior,45,4,1,Monetary,0.33,55.35,0.71,6.6,4.5,5,0
EMP-00576,Customer Support,Junior,25,3,0,Monetary,0.25,121.46,0.77,7.3,4.2,2,0
EMP-00577,Engineering,Senior,33,7,5,Badge,0.58,8.52,0.68,8.1,5.0,7,0
EMP-00578,Customer Support,Junior,4,7,1,Badge,0.58,3.66,0.06,4.3,3.7,2,0
EMP-00579,Sales,Mid,18,14,7,PTO,1.17,52.2,0.68,9.1,4.5,6,0
EMP-00580,Engineering,Junior,10,1,1,Points,0.08,32.62,0.74,7.3,3.2,5,0
EMP-00581,Sales,Junior,9,6,1,Points,0.5,44.7,0.89,6.6,3.3,5,0
EMP-00582,Customer Support,Senior,77,9,4,Badge,0.75,7.93,0.46,4.6,2.9,7,0
EMP-00583,Sales,Manager,58,13,11,Points,1.08,34.28,0.68,9.4,4.5,2,0
EMP-00584,Sales,Junior,4,3,2,Points,0.25,39.9,0.34,6.0,4.0,2,0
EMP-00585,Marketing,Mid,21,5,3,Badge,0.42,3.22,0.86,6.7,4.3,3,0
EMP-00586,Engineering,Mid,37,4,4,Badge,0.33,4.86,0.42,6.9,3.8,4,0
EMP-00587,Engineering,Manager,71,7,9,Points,0.58,22.31,0.52,9.1,5.0,5,0
EMP-00588,Engineering,Senior,66,11,3,Points,0.92,6.8,0.72,9.0,4.5,4,0
EMP-00589,Engineering,Mid,27,5,1,Badge,0.42,2.45,0.53,5.6,4.7,0,0
EMP-00590,Engineering,Senior,79,4,6,Monetary,0.33,111.95,0.22,7.6,4.5,1,0
EMP-00591,Engineering,Senior,38,8,7,Points,0.67,34.05,0.83,10.0,5.0,1,0
EMP-00592,Marketing,Junior,22,2,3,Points,0.17,5.87,0.9,6.7,4.0,4,0
EMP-00593,Engineering,Mid,33,5,3,Points,0.42,46.71,0.61,8.4,4.1,1,0
EMP-00594,Sales,Manager,88,16,3,Points,1.33,31.88,0.59,8.8,2.9,10,0
EMP-00595,Customer Support,Senior,56,9,4,Points,0.75,42.55,0.47,7.1,4.6,3,0
EMP-00596,Sales,Mid,31,7,1,Points,0.58,13.3,0.74,8.6,3.7,8,0
EMP-00597,Marketing,Mid,34,4,1,Points,0.33,33.24,0.49,6.9,3.9,6,0
EMP-00598,Engineering,Mid,53,7,1,Badge,0.58,0.81,0.85,8.5,4.2,6,0
EMP-00599,Engineering,Mid,28,2,0,Points,0.17,25.37,0.79,7.2,4.4,6,0
EMP-00600,Engineering,Senior,46,7,8,Points,0.58,36.38,0.91,8.1,4.8,2,0
EMP-00601,Engineering,Mid,3,6,6,Badge,0.5,6.61,0.76,7.2,4.2,1,0
EMP-00602,Engineering,Senior,45,5,6,Monetary,0.42,65.88,0.88,6.4,5.0,5,0
EMP-00603,Engineering,Senior,52,8,2,Points,0.67,10.0,0.75,10.0,4.8,3,0
EMP-00604,Engineering,Junior,3,2,0,Points,0.17,21.0,0.71,5.2,4.0,5,0
EMP-00605,Engineering,Mid,22,4,1,PTO,0.33,202.6,0.24,8.2,,3,0
EMP-00606,Sales,Mid,4,9,3,Monetary,0.75,40.68,0.99,7.4,3.2,7,0
EMP-00607,Engineering,Senior,31,5,2,Badge,0.42,8.37,0.13,5.6,4.4,1,0
EMP-00608,Sales,Junior,11,7,2,Monetary,0.58,113.18,0.59,7.7,5.0,7,0
EMP-00609,Sales,Mid,9,9,0,Monetary,0.75,175.1,0.88,7.5,3.7,4,0
EMP-00610,Operations,Manager,74,10,9,Badge,0.83,6.49,0.65,7.5,4.4,5,0
EMP-00611,Engineering,Mid,42,4,4,Badge,0.33,9.74,0.73,8.0,3.9,6,0
EMP-00612,Operations,Manager,104,6,10,Points,0.5,27.12,0.57,7.6,2.9,5,0
EMP-00613,Marketing,Manager,78,12,5,Badge,1.0,7.26,0.38,9.6,5.0,4,0
EMP-00614,Engineering,Junior,1,4,3,Points,0.33,27.05,0.79,6.4,3.4,5,0
EMP-00615,Customer Support,Junior,3,2,0,Monetary,0.17,54.62,0.93,3.4,2.8,9,1
EMP-00616,Customer Support,Manager,77,11,8,Points,0.92,9.03,0.48,7.7,3.5,3,0
EMP-00617,Engineering,Manager,66,8,9,Badge,0.67,2.36,0.59,8.3,5.0,4,0
EMP-00618,Engineering,Junior,29,2,3,Points,0.17,31.03,0.14,6.3,4.8,3,0
EMP-00619,Operations,Junior,8,1,2,Points,0.08,42.49,0.91,6.6,4.2,6,0
EMP-00620,Operations,Junior,9,2,1,Points,0.17,11.38,0.89,6.1,4.1,6,0
EMP-00621,Engineering,Manager,62,15,7,Points,1.25,46.59,0.26,10.0,4.7,2,0
EMP-00622,Engineering,Junior,8,1,1,Badge,0.08,4.79,0.37,5.3,3.7,4,0
EMP-00623,Sales,Mid,47,12,3,Badge,1.0,5.04,0.49,7.5,3.9,7,0
EMP-00624,Sales,Senior,49,13,6,Badge,1.08,0.31,0.7,8.4,4.1,3,0
EMP-00625,Marketing,Junior,28,5,1,Monetary,0.42,194.67,0.7,5.8,4.2,2,0
EMP-00626,Sales,Mid,31,5,4,PTO,0.42,65.16,0.71,8.4,3.9,2,0
EMP-00627,Sales,Junior,2,8,1,Monetary,0.67,75.77,0.68,6.4,3.8,7,0
EMP-00628,Operations,Senior,67,3,9,Badge,0.25,6.32,0.6,8.5,3.8,6,0
EMP-00629,Engineering,Junior,1,4,2,Badge,0.33,6.42,0.72,5.7,3.2,2,0
EMP-00630,Engineering,Senior,49,9,3,Points,0.75,24.25,0.59,7.0,4.6,3,0
EMP-00631,Operations,Senior,39,5,7,Points,0.42,44.1,0.45,7.6,5.0,5,0
EMP-00632,Customer Support,Junior,19,3,1,Monetary,0.25,83.23,0.76,6.3,3.9,3,0
EMP-00633,Sales,Junior,11,6,0,PTO,0.5,88.71,0.21,6.7,3.2,6,0
EMP-00634,Marketing,Mid,37,3,1,Monetary,0.25,32.31,0.27,6.5,5.0,4,0
EMP-00635,Engineering,Junior,2,3,2,PTO,0.25,84.08,0.7,5.3,4.0,8,0
EMP-00636,Sales,Senior,79,14,7,Points,1.17,47.98,0.67,9.7,4.8,4,0
EMP-00637,Marketing,Senior,43,8,2,Points,0.67,18.95,0.68,7.0,4.7,0,0
EMP-00638,Engineering,Mid,15,4,2,Badge,0.33,6.57,0.75,6.6,4.8,2,0
EMP-00639,Engineering,Mid,56,2,1,Badge,0.17,9.69,0.82,7.4,3.6,1,0
EMP-00640,Sales,Mid,30,11,2,Badge,0.92,8.86,0.44,7.0,4.5,4,0
EMP-00641,Engineering,Senior,63,11,2,Monetary,0.92,113.27,0.93,8.4,4.3,0,0
EMP-00642,Sales,Mid,19,8,0,Points,0.67,8.8,0.88,8.4,5.0,7,0
EMP-00643,Engineering,Junior,30,5,1,Badge,0.42,7.19,0.7,7.0,5.0,4,0
EMP-00644,Sales,Junior,2,12,2,PTO,1.0,82.97,0.97,6.6,3.7,4,0
EMP-00645,Engineering,Mid,30,12,2,Points,1.0,11.66,0.7,10.0,4.1,3,0
EMP-00646,Customer Support,Mid,49,7,2,Points,0.58,44.58,0.68,6.6,3.5,5,0
EMP-00647,Marketing,Mid,31,6,2,Points,0.5,35.02,0.66,8.3,3.8,6,0
EMP-00648,Marketing,Junior,2,6,1,Badge,0.5,9.3,0.69,3.9,3.3,6,1
EMP-00649,Operations,Senior,22,8,2,Monetary,0.67,192.69,0.85,8.2,5.0,3,0
EMP-00650,Sales,Junior,17,8,2,Badge,0.67,4.6,0.51,6.0,4.4,3,0
EMP-00651,Engineering,Junior,9,1,1,Badge,0.08,6.69,0.7,5.5,3.5,3,0
EMP-00652,Marketing,Mid,32,6,2,Badge,0.5,6.55,0.28,6.5,,3,0
EMP-00653,Marketing,Junior,23,3,1,Monetary,0.25,44.73,0.85,7.1,3.2,5,0
EMP-00654,Operations,Mid,34,6,3,Badge,0.5,6.19,0.86,7.4,3.5,3,0
EMP-00655,Sales,Mid,40,5,0,PTO,0.42,77.67,0.75,6.6,3.8,0,0
EMP-00656,Engineering,Mid,35,11,2,Badge,0.92,8.56,0.8,8.8,5.0,2,0
EMP-00657,Sales,Mid,54,9,1,Badge,0.75,9.28,0.8,8.1,4.5,2,0
EMP-00658,Sales,Junior,5,10,3,Points,0.83,22.5,0.67,8.4,4.9,1,0
EMP-00659,Marketing,Junior,12,2,0,Badge,0.17,6.94,0.82,4.9,2.1,13,0
EMP-00660,Marketing,Manager,56,9,4,Points,0.75,36.48,0.45,8.1,3.9,4,0
EMP-00661,Sales,Mid,41,7,2,Points,0.58,7.26,0.93,8.2,5.0,4,0
EMP-00662,Customer Support,Mid,16,3,3,Points,0.25,12.34,0.89,7.7,4.7,2,0
EMP-00663,Marketing,Junior,6,4,2,Badge,0.33,8.86,0.69,5.4,3.6,4,0
EMP-00664,Engineering,Mid,8,9,3,Points,0.75,13.92,0.85,8.6,5.0,7,0
EMP-00665,Engineering,Mid,29,6,5,Badge,0.5,7.58,0.77,7.4,4.2,2,0
EMP-00666,Engineering,Mid,18,6,2,PTO,0.5,197.97,0.7,7.5,4.1,5,0
EMP-00667,Engineering,Senior,90,15,6,Points,1.25,37.12,0.71,8.9,4.4,6,0
EMP-00668,Engineering,Junior,5,6,4,PTO,0.5,87.19,0.79,5.7,3.4,2,0
EMP-00669,Engineering,Junior,11,6,1,Monetary,0.5,165.78,0.66,5.9,4.3,3,0
EMP-00670,Sales,Senior,45,15,7,Badge,1.25,3.66,0.62,8.7,4.7,4,0
EMP-00671,Engineering,Manager,50,15,12,PTO,1.25,297.06,0.75,9.2,4.0,2,0
EMP-00672,Customer Support,Junior,41,4,1,Monetary,0.33,100.79,0.58,6.8,3.6,4,0
EMP-00673,Engineering,Mid,31,7,2,PTO,0.58,129.43,0.72,7.0,4.3,6,0
EMP-00674,Marketing,Junior,14,1,2,PTO,0.08,85.77,0.49,6.5,4.5,1,0
EMP-00675,Sales,Junior,4,5,2,Badge,0.42,0.7,0.64,6.7,4.2,2,0
EMP-00676,Customer Support,Mid,31,4,4,Points,0.33,44.67,0.15,7.2,4.1,3,0
EMP-00677,Engineering,Junior,14,3,2,Points,0.25,10.49,0.77,5.7,4.7,3,0
EMP-00678,Sales,Senior,62,11,4,Monetary,0.92,179.07,0.58,8.7,4.7,3,0
EMP-00679,Customer Support,Mid,36,10,4,Monetary,0.83,121.3,0.52,5.9,4.3,4,0
EMP-00680,Customer Support,Junior,25,1,1,Badge,0.08,6.62,0.61,6.4,5.0,2,0
EMP-00681,Operations,Junior,41,7,0,Badge,0.58,8.07,0.48,7.7,4.1,8,0
EMP-00682,Engineering,Senior,56,11,3,Points,0.92,29.38,0.81,8.6,5.0,3,0
EMP-00683,Engineering,Junior,6,4,1,Points,0.33,27.16,0.77,6.4,3.0,1,0
EMP-00684,Marketing,Mid,32,7,4,Points,0.58,40.23,0.66,7.1,5.0,4,0
EMP-00685,Customer Support,Mid,23,8,1,PTO,0.67,153.98,0.79,6.3,4.2,1,0
EMP-00686,Marketing,Mid,38,8,3,Monetary,0.67,38.76,0.56,7.1,4.7,4,0
EMP-00687,Marketing,Mid,33,6,3,Badge,0.5,6.31,0.41,6.6,4.3,2,0
EMP-00688,Engineering,Junior,5,4,1,Badge,0.33,0.35,0.47,4.9,4.5,3,0
EMP-00689,Operations,Junior,10,3,3,Badge,0.25,5.99,0.96,5.7,3.7,7,0
EMP-00690,Engineering,Junior,1,3,1,Points,0.25,27.98,0.81,7.3,4.3,7,0
EMP-00691,Sales,Mid,23,4,2,Monetary,0.33,78.39,0.61,6.0,4.5,5,0
EMP-00692,Sales,Senior,45,13,6,Badge,1.08,3.45,0.61,7.0,5.0,3,0
EMP-00693,Sales,Junior,8,5,1,Points,0.42,25.47,0.62,6.0,3.7,10,0
EMP-00694,Engineering,Junior,20,5,2,Badge,0.42,4.91,0.65,7.0,3.8,3,0
EMP-00695,Engineering,Mid,31,4,4,Badge,0.33,4.24,0.48,8.0,4.4,4,0
EMP-00696,Marketing,Mid,9,2,3,Monetary,0.17,93.63,0.37,4.2,3.5,7,0
EMP-00697,Sales,Manager,54,11,2,Points,0.92,19.58,0.84,8.8,5.0,6,0
EMP-00698,Marketing,Mid,26,3,1,Points,0.25,34.14,0.4,6.6,3.6,4,0
EMP-00699,Engineering,Mid,18,4,3,Points,0.33,23.42,0.65,7.8,4.5,4,0
EMP-00700,Sales,Mid,30,5,1,PTO,0.42,129.41,0.84,8.0,4.1,3,0
EMP-00701,Marketing,Manager,52,11,9,Points,0.92,45.62,0.87,7.5,4.7,3,0
EMP-00702,Engineering,Senior,49,10,4,PTO,0.83,95.45,0.47,8.4,4.7,4,0
EMP-00703,Sales,Mid,31,10,2,Points,0.83,11.54,0.77,7.5,4.3,7,0
EMP-00704,Engineering,Junior,10,3,1,Monetary,0.25,160.92,0.6,6.3,3.5,7,0
EMP-00705,Engineering,Junior,1,3,0,Badge,0.25,1.16,0.27,4.5,3.2,3,0
EMP-00706,Customer Support,Mid,16,7,3,Badge,0.58,2.71,0.63,7.8,4.0,4,0
EMP-00707,Sales,Senior,66,10,5,Monetary,0.83,86.4,0.5,6.5,4.6,4,0
EMP-00708,Operations,Mid,33,6,3,Points,0.5,17.89,0.3,8.0,4.4,4,0
EMP-00709,Engineering,Junior,15,3,1,Monetary,0.25,153.53,0.69,6.5,4.8,6,0
EMP-00710,Operations,Senior,52,14,7,Monetary,1.17,59.58,0.83,10.0,5.0,3,0
EMP-00711,Operations,Senior,31,11,3,Badge,0.92,6.9,0.74,6.8,4.7,3,0
EMP-00712,Marketing,Junior,13,3,0,Points,0.25,18.13,0.93,6.4,3.1,1,0
EMP-00713,Sales,Senior,56,9,7,Monetary,0.75,174.92,0.94,8.4,5.0,7,0
EMP-00714,Sales,Mid,40,7,3,PTO,0.58,268.98,0.81,7.6,4.2,3,0
EMP-00715,Sales,Manager,85,7,9,Badge,0.58,2.79,0.67,8.6,5.0,3,0
EMP-00716,Customer Support,Senior,65,6,4,Monetary,0.5,129.41,0.55,7.4,3.2,5,0
EMP-00717,Operations,Mid,37,7,2,Badge,0.58,8.11,0.85,6.5,4.3,6,0
EMP-00718,Customer Support,Senior,65,9,2,Badge,0.75,0.73,0.75,7.7,3.9,5,0
EMP-00719,Engineering,Manager,40,9,5,Points,0.75,30.58,0.84,8.4,5.0,4,0
EMP-00720,Operations,Mid,8,6,0,Badge,0.5,9.76,0.7,7.8,5.0,5,0
EMP-00721,Customer Support,Mid,32,10,1,Points,0.83,21.33,0.6,5.8,3.6,2,0
EMP-00722,Engineering,Senior,49,6,5,Monetary,0.5,152.45,0.5,8.2,5.0,3,0
EMP-00723,Engineering,Junior,14,5,2,PTO,0.42,249.06,0.15,7.9,3.2,4,0
EMP-00724,Operations,Mid,23,6,2,Monetary,0.5,155.1,0.26,8.1,4.6,3,0
EMP-00725,Marketing,Senior,20,3,4,Points,0.25,47.73,0.47,6.8,3.1,7,0
EMP-00726,Operations,Senior,30,6,4,Monetary,0.5,159.31,0.61,6.8,4.2,5,0
EMP-00727,Engineering,Mid,17,7,2,Badge,0.58,9.33,0.64,7.1,5.0,1,0
EMP-00728,Operations,Junior,6,2,4,Monetary,0.17,65.42,0.78,6.0,2.8,12,0
EMP-00729,Engineering,Mid,50,5,1,Monetary,0.42,128.48,0.68,7.1,4.1,4,0
EMP-00730,Engineering,Junior,20,2,1,Badge,0.17,3.78,0.32,4.0,4.0,4,0
EMP-00731,Engineering,Junior,4,3,1,Badge,0.25,7.23,0.97,6.1,4.2,4,0
EMP-00732,Operations,Senior,26,8,2,Badge,0.67,1.51,0.8,7.3,5.0,6,0
EMP-00733,Marketing,Junior,2,5,1,Monetary,0.42,56.37,0.66,5.1,4.6,10,0
EMP-00734,Marketing,Mid,47,11,4,Monetary,0.92,47.8,0.27,6.3,3.5,8,0
EMP-00735,Sales,Mid,46,7,4,Badge,0.58,2.69,0.67,5.8,3.6,3,0
EMP-00736,Customer Support,Manager,61,4,9,Points,0.33,13.39,0.26,6.5,4.2,4,0
EMP-00737,Sales,Mid,46,6,4,Points,0.5,39.84,0.28,7.4,4.3,4,0
EMP-00738,Operations,Junior,11,1,0,Points,0.08,31.41,0.21,5.0,3.4,4,0
EMP-00739,Sales,Junior,1,3,0,PTO,0.25,142.84,0.89,2.9,2.1,15,1
EMP-00740,Sales,Mid,9,7,3,Badge,0.58,2.05,0.3,6.3,3.7,7,0
EMP-00741,Sales,Mid,24,15,0,Points,1.25,41.14,0.84,9.0,4.9,2,0
EMP-00742,Sales,Mid,30,8,2,Badge,0.67,8.8,0.34,7.3,4.2,6,0
EMP-00743,Operations,Mid,6,3,4,Badge,0.25,8.53,0.41,5.1,3.2,7,0
EMP-00744,Sales,Junior,20,12,2,Points,1.0,46.62,0.79,8.9,4.3,3,0
EMP-00745,Engineering,Mid,37,6,5,Monetary,0.5,166.36,0.47,8.2,5.0,5,0
EMP-00746,Customer Support,Mid,51,5,1,Badge,0.42,6.33,0.95,7.5,4.0,6,0
EMP-00747,Sales,Junior,9,7,1,Badge,0.58,4.3,0.64,6.8,4.4,7,0
EMP-00748,Marketing,Junior,6,10,3,Monetary,0.83,75.81,0.65,6.4,4.4,4,0
EMP-00749,Customer Support,Junior,43,5,2,Points,0.42,5.29,0.56,5.2,2.8,3,0
EMP-00750,Marketing,Junior,9,3,0,Badge,0.25,8.32,0.58,4.7,3.1,4,0
EMP-00751,Engineering,Mid,18,2,2,Badge,0.17,4.36,0.53,6.6,4.8,7,0
EMP-00752,Customer Support,Junior,11,3,2,PTO,0.25,268.05,0.78,5.7,3.3,5,0
EMP-00753,Marketing,Junior,8,1,1,Points,0.08,19.48,0.56,4.9,3.5,6,0
EMP-00754,Sales,Junior,1,5,1,Badge,0.42,3.38,0.49,4.6,3.6,2,0
EMP-00755,Engineering,Manager,46,7,10,Monetary,0.58,28.7,0.38,8.1,4.5,4,0
EMP-00756,Operations,Senior,56,12,5,Badge,1.0,4.85,0.35,9.3,3.4,5,0
EMP-00757,Marketing,Junior,13,6,0,Points,0.5,26.99,0.51,7.5,5.0,5,0
EMP-00758,Marketing,Mid,41,7,0,Monetary,0.58,139.6,0.73,8.0,5.0,2,0
EMP-00759,Customer Support,Junior,1,3,1,Badge,0.25,7.5,0.7,5.8,4.0,6,0
EMP-00760,Operations,Mid,38,7,5,Points,0.58,20.63,0.7,8.4,4.8,4,0
EMP-00761,Engineering,Junior,23,1,1,Badge,0.08,9.27,0.49,6.9,4.1,4,0
EMP-00762,Sales,Senior,45,12,3,Badge,1.0,4.56,0.28,9.0,4.1,2,0
EMP-00763,Engineering,Mid,19,8,1,Points,0.67,30.82,0.52,7.3,4.4,6,0
EMP-00764,Operations,Manager,51,9,5,Points,0.75,31.73,0.96,8.6,3.8,2,0
EMP-00765,Engineering,Junior,7,3,0,Badge,0.25,8.77,0.52,6.4,4.4,2,0
EMP-00766,Marketing,Senior,69,10,1,PTO,0.83,223.24,0.48,9.0,5.0,5,0
EMP-00767,Operations,Senior,30,9,11,Monetary,0.75,86.89,0.74,6.3,4.8,5,0
EMP-00768,Customer Support,Junior,40,0,1,Points,0.0,36.77,0.0,1.5,3.6,19,1
EMP-00769,Sales,Mid,22,8,1,PTO,0.67,273.19,1.0,9.3,4.5,3,0
EMP-00770,Operations,Junior,27,3,1,PTO,0.25,255.53,0.4,7.9,4.8,2,0
EMP-00771,Engineering,Junior,1,5,2,Points,0.42,7.13,0.51,5.1,3.6,8,0
EMP-00772,Operations,Junior,36,6,0,Monetary,0.5,36.57,0.71,7.1,4.1,6,0
EMP-00773,Engineering,Mid,27,7,4,Badge,0.58,6.79,0.31,8.6,4.5,5,0
EMP-00774,Sales,Mid,36,5,4,Badge,0.42,9.81,0.69,7.9,3.8,3,0
EMP-00775,Operations,Manager,63,9,3,Points,0.75,31.97,0.61,9.0,4.3,6,0
EMP-00776,Engineering,Junior,2,5,2,PTO,0.42,158.89,0.66,5.5,4.2,6,0
EMP-00777,Engineering,Manager,59,15,2,Monetary,1.25,126.81,0.73,10.0,4.9,8,0
EMP-00778,Operations,Junior,7,4,1,Points,0.33,25.47,0.59,5.6,4.1,4,0
EMP-00779,Operations,Senior,38,7,1,Badge,0.58,2.14,0.72,6.3,3.6,3,0
EMP-00780,Marketing,Mid,34,15,2,Monetary,1.25,73.93,0.37,7.9,4.4,3,0
EMP-00781,Operations,Junior,20,2,1,Badge,0.17,2.99,0.55,5.8,3.2,3,0
EMP-00782,Marketing,Senior,46,8,5,Badge,0.67,5.99,0.75,8.9,4.8,5,0
EMP-00783,Engineering,Mid,16,7,3,Points,0.58,42.42,0.64,8.1,4.3,4,0
EMP-00784,Sales,Senior,55,12,2,Points,1.0,7.31,0.5,9.2,4.0,7,0
EMP-00785,Engineering,Mid,42,7,2,Points,0.58,28.52,0.35,7.6,4.5,5,0
EMP-00786,Customer Support,Mid,43,5,3,Badge,0.42,5.3,0.65,6.6,3.5,2,0
EMP-00787,Marketing,Mid,40,4,5,Points,0.33,48.24,0.38,6.3,3.6,8,0
EMP-00788,Sales,Senior,45,13,4,Points,1.08,41.81,0.52,7.9,5.0,9,0
EMP-00789,Sales,Junior,2,6,6,Badge,0.5,3.91,0.4,4.8,4.1,4,0
EMP-00790,Customer Support,Senior,45,8,2,Points,0.67,32.44,0.33,6.3,3.6,3,0
EMP-00791,Engineering,Manager,58,7,9,Points,0.58,34.53,0.44,7.6,4.7,1,0
EMP-00792,Marketing,Junior,19,4,1,Points,0.33,35.15,0.38,7.2,4.7,4,0
EMP-00793,Sales,Junior,11,5,1,PTO,0.42,277.04,0.93,7.3,4.0,5,0
EMP-00794,Marketing,Senior,33,9,8,Points,0.75,31.13,0.09,7.1,4.2,4,0
EMP-00795,Engineering,Mid,23,6,3,Monetary,0.5,63.39,0.88,6.9,3.4,3,0
EMP-00796,Customer Support,Mid,7,6,3,Badge,0.5,6.43,0.71,4.1,2.6,18,0
EMP-00797,Customer Support,Junior,3,2,3,PTO,0.17,108.84,0.5,6.6,3.3,5,0
EMP-00798,Marketing,Mid,25,5,2,Monetary,0.42,45.38,0.36,7.5,3.8,6,0
EMP-00799,Operations,Junior,25,1,3,Badge,0.08,6.09,0.39,5.8,3.7,2,0
EMP-00800,Customer Support,Mid,54,5,4,Points,0.42,17.67,0.81,6.2,3.3,2,0
EMP-00801,Operations,Senior,49,9,2,Points,0.75,33.28,0.93,8.5,4.8,2,0
EMP-00802,Engineering,Junior,1,5,1,Points,0.42,41.92,0.34,5.7,4.3,7,0
EMP-00803,Marketing,Mid,25,7,4,Badge,0.58,1.46,0.72,6.4,4.7,2,0
EMP-00804,Marketing,Manager,19,10,9,Monetary,0.83,35.34,0.57,6.9,4.0,5,0
EMP-00805,Sales,Senior,44,11,3,Monetary,0.92,39.81,1.0,7.8,4.7,5,0
EMP-00806,Operations,Senior,45,8,5,Points,0.67,48.55,0.55,7.4,4.8,4,0
EMP-00807,Customer Support,Mid,26,6,2,Points,0.5,9.01,0.69,8.0,4.1,5,0
EMP-00808,Customer Support,Senior,37,4,3,PTO,0.33,280.9,0.59,5.2,3.4,5,0
EMP-00809,Sales,Junior,38,13,3,Points,1.08,48.89,0.77,7.9,4.1,2,0
EMP-00810,Engineering,Junior,1,5,2,Badge,0.42,0.71,0.57,5.0,2.8,8,0
EMP-00811,Customer Support,Junior,12,1,1,PTO,0.08,184.22,0.5,6.5,3.5,3,0
EMP-00812,Operations,Mid,12,7,3,Points,0.58,36.42,0.65,8.3,4.3,4,0
EMP-00813,Engineering,Senior,46,10,7,PTO,0.83,59.27,0.46,6.7,4.3,3,0
EMP-00814,Customer Support,Mid,33,4,3,Points,0.33,28.29,0.76,6.8,3.5,2,0
EMP-00815,Customer Support,Senior,45,10,2,Points,0.83,23.93,0.57,6.8,4.6,4,0
EMP-00816,Sales,Senior,51,7,4,Monetary,0.58,113.92,0.76,8.6,4.7,0,0
EMP-00817,Marketing,Mid,40,6,1,Points,0.5,29.66,0.38,7.4,4.0,3,0
EMP-00818,Sales,Mid,40,4,4,Monetary,0.33,150.27,0.73,5.9,4.3,3,0
EMP-00819,Engineering,Mid,42,6,4,Monetary,0.5,46.78,0.41,7.3,4.3,2,0
EMP-00820,Sales,Mid,44,9,2,PTO,0.75,298.34,0.29,7.2,5.0,2,0
EMP-00821,Operations,Junior,13,2,2,Badge,0.17,2.78,0.86,5.5,2.7,9,0
EMP-00822,Engineering,Manager,68,12,8,Points,1.0,49.09,0.63,9.5,5.0,2,0
EMP-00823,Sales,Junior,9,6,1,Badge,0.5,6.86,0.72,7.8,4.3,8,0
EMP-00824,Sales,Junior,3,7,1,Points,0.58,35.76,0.6,4.4,3.4,5,0
EMP-00825,Marketing,Manager,56,9,11,PTO,0.75,280.48,0.77,9.1,5.0,2,0
EMP-00826,Customer Support,Mid,53,6,4,Points,0.5,44.87,0.61,7.7,4.4,1,0
EMP-00827,Sales,Senior,62,19,3,Points,1.58,15.22,0.65,9.7,5.0,8,0
EMP-00828,Sales,Mid,21,8,2,Monetary,0.67,146.94,0.45,5.2,4.6,9,0
EMP-00829,Operations,Mid,35,9,5,Badge,0.75,5.05,0.49,7.2,3.0,4,0
EMP-00830,Sales,Junior,2,5,0,Points,0.42,27.16,0.29,4.8,4.5,11,0
EMP-00831,Engineering,Mid,32,3,0,Badge,0.25,0.15,0.95,4.8,4.1,2,0
EMP-00832,Sales,Mid,12,11,2,Badge,0.92,5.26,0.85,7.5,3.9,2,0
EMP-00833,Engineering,Senior,59,6,6,Points,0.5,9.3,0.29,8.6,4.4,2,0
EMP-00834,Engineering,Mid,45,10,1,Monetary,0.83,72.05,0.7,7.9,5.0,2,0
EMP-00835,Sales,Manager,70,16,6,Points,1.33,5.48,0.46,8.5,4.9,5,0
EMP-00836,Sales,Junior,5,6,1,Badge,0.5,4.01,0.79,7.0,4.6,5,0
EMP-00837,Customer Support,Mid,15,5,0,PTO,0.42,281.33,0.92,7.1,4.4,7,0
EMP-00838,Sales,Mid,16,6,8,Points,0.5,41.09,0.22,5.6,3.9,8,0
EMP-00839,Marketing,Manager,59,12,4,Monetary,1.0,35.06,0.44,7.9,4.0,7,0
EMP-00840,Marketing,Junior,9,4,3,Monetary,0.33,149.74,0.19,6.1,4.8,5,0
EMP-00841,Engineering,Mid,19,6,2,Points,0.5,37.74,0.55,6.7,4.1,5,0
EMP-00842,Marketing,Senior,44,8,3,Badge,0.67,7.78,0.4,7.2,4.0,3,0
EMP-00843,Engineering,Junior,4,0,0,Badge,0.0,6.57,0.0,2.1,3.5,15,1
EMP-00844,Customer Support,Manager,46,12,7,Points,1.0,7.99,0.55,8.9,3.8,7,0
EMP-00845,Engineering,Junior,9,4,2,Badge,0.33,6.53,0.75,5.5,4.7,4,0
EMP-00846,Sales,Senior,68,10,5,Points,0.83,14.68,0.29,7.3,3.5,5,0
EMP-00847,Engineering,Manager,78,11,6,Points,0.92,31.7,0.69,9.0,5.0,2,0
EMP-00848,Customer Support,Senior,52,11,2,Points,0.92,35.54,0.94,7.2,4.0,3,0
EMP-00849,Sales,Mid,25,7,1,Badge,0.58,1.06,1.0,9.5,5.0,6,0
EMP-00850,Marketing,Junior,13,1,1,Badge,0.08,4.67,0.56,5.3,3.5,3,0
EMP-00851,Engineering,Manager,57,15,10,PTO,1.25,108.28,0.84,10.0,5.0,2,0
EMP-00852,Operations,Mid,43,7,3,PTO,0.58,251.86,0.1,7.1,5.0,5,0
EMP-00853,Engineering,Junior,26,1,1,Points,0.08,46.91,0.86,6.2,4.0,4,0
EMP-00854,Customer Support,Senior,45,4,6,Badge,0.33,5.16,0.55,6.3,3.8,5,0
EMP-00855,Engineering,Mid,45,8,4,Badge,0.67,5.55,0.69,9.2,4.7,1,0
EMP-00856,Engineering,Junior,5,6,1,PTO,0.5,69.79,0.65,6.4,3.5,4,0
EMP-00857,Engineering,Junior,32,8,1,Points,0.67,22.52,0.54,5.3,3.9,3,0
EMP-00858,Sales,Junior,15,4,0,Points,0.33,11.52,0.7,6.3,3.0,6,0
EMP-00859,Marketing,Mid,17,9,1,Points,0.75,36.7,0.64,6.7,3.5,5,0
EMP-00860,Engineering,Mid,33,6,3,Monetary,0.5,192.84,0.39,5.1,3.4,5,0
EMP-00861,Operations,Mid,21,12,3,Points,1.0,41.31,0.37,7.0,2.9,4,0
EMP-00862,Sales,Senior,43,14,4,PTO,1.17,147.02,0.5,10.0,4.6,4,0
EMP-00863,Marketing,Senior,64,5,9,Badge,0.42,6.64,0.88,8.6,4.5,6,0
EMP-00864,Sales,Mid,42,10,7,Points,0.83,49.89,0.77,6.8,3.4,4,0
EMP-00865,Sales,Junior,4,2,1,Points,0.17,6.83,0.79,5.6,3.3,5,0
EMP-00866,Marketing,Senior,43,12,3,PTO,1.0,119.52,0.67,9.7,4.9,7,0
EMP-00867,Engineering,Mid,3,4,2,Monetary,0.33,38.85,0.94,6.3,3.9,5,0
EMP-00868,Engineering,Mid,41,7,4,Points,0.58,33.71,0.73,6.7,4.0,5,0
EMP-00869,Customer Support,Mid,23,6,2,PTO,0.5,260.52,0.76,7.4,3.8,3,0
EMP-00870,Customer Support,Mid,38,3,0,Badge,0.25,3.64,0.95,6.3,3.7,1,0
EMP-00871,Sales,Manager,79,12,6,PTO,1.0,148.5,0.6,8.1,4.8,3,0
EMP-00872,Engineering,Junior,4,7,1,PTO,0.58,123.51,0.7,7.1,4.6,8,0
EMP-00873,Marketing,Senior,12,7,3,Badge,0.58,5.63,0.48,7.0,3.0,6,0
EMP-00874,Sales,Junior,4,5,2,Points,0.42,10.69,0.89,6.9,5.0,7,0
EMP-00875,Engineering,Manager,75,9,8,Badge,0.75,1.88,0.51,8.9,5.0,8,0
EMP-00876,Engineering,Junior,22,2,1,Badge,0.17,0.81,0.14,5.4,3.6,1,0
EMP-00877,Operations,Junior,7,2,0,Points,0.17,11.45,0.77,4.7,4.8,6,0
EMP-00878,Marketing,Mid,34,11,6,Points,0.92,42.97,0.4,6.3,4.3,5,0
EMP-00879,Engineering,Mid,66,10,1,Badge,0.83,1.8,0.31,7.6,5.0,5,0
EMP-00880,Engineering,Junior,8,2,1,Points,0.17,26.75,0.27,6.4,3.7,7,0
EMP-00881,Engineering,Mid,39,6,2,Badge,0.5,6.99,0.49,7.2,5.0,2,0
EMP-00882,Marketing,Mid,17,8,4,Monetary,0.67,58.01,0.62,7.6,5.0,2,0
EMP-00883,Engineering,Junior,1,4,3,Points,0.33,25.21,0.8,6.3,3.9,4,0
EMP-00884,Engineering,Mid,54,7,1,Monetary,0.58,62.49,0.5,7.1,3.7,5,0
EMP-00885,Operations,Senior,77,11,8,Badge,0.92,9.15,0.57,7.2,4.2,5,0
EMP-00886,Engineering,Senior,48,10,3,Points,0.83,6.65,0.38,5.5,3.1,5,0
EMP-00887,Marketing,Senior,61,14,3,PTO,1.17,196.73,0.33,8.2,4.1,4,0
EMP-00888,Engineering,Senior,51,12,3,Badge,1.0,8.81,0.73,8.6,4.9,9,0
EMP-00889,Engineering,Mid,14,5,3,Points,0.42,40.37,0.58,7.5,3.6,6,0
EMP-00890,Engineering,Junior,1,4,2,Badge,0.33,2.33,0.76,5.5,4.0,4,0
EMP-00891,Operations,Junior,2,7,2,Points,0.58,29.18,0.68,6.5,5.0,4,0
EMP-00892,Operations,Senior,48,8,3,Badge,0.67,0.62,0.58,6.7,4.4,6,0
EMP-00893,Operations,Manager,50,12,6,Badge,1.0,2.79,0.35,8.4,3.1,5,0
EMP-00894,Sales,Mid,29,4,4,Badge,0.33,3.85,0.64,7.2,5.0,7,0
EMP-00895,Marketing,Junior,32,1,1,Badge,0.08,0.75,0.33,5.4,3.8,0,0
EMP-00896,Engineering,Junior,15,4,0,Points,0.33,12.53,0.22,7.1,3.5,1,0
EMP-00897,Sales,Mid,18,9,3,Points,0.75,42.95,0.47,7.1,4.2,6,0
EMP-00898,Customer Support,Mid,39,4,2,Points,0.33,26.04,0.41,5.8,2.9,4,0
EMP-00899,Engineering,Junior,1,3,2,Monetary,0.25,189.9,0.91,5.4,4.5,11,0
EMP-00900,Engineering,Manager,65,10,12,Points,0.83,12.04,0.37,9.5,5.0,4,0
EMP-00901,Engineering,Mid,33,6,0,Badge,0.5,6.7,0.66,6.8,3.8,4,0
EMP-00902,Engineering,Manager,83,12,6,Points,1.0,39.38,0.41,10.0,5.0,2,0
EMP-00903,Engineering,Senior,57,15,3,Points,1.25,39.92,0.69,9.8,4.2,3,0
EMP-00904,Marketing,Senior,48,6,2,PTO,0.5,240.18,0.72,9.2,4.7,2,0
EMP-00905,Sales,Mid,38,8,0,Badge,0.67,1.68,0.71,7.9,4.1,5,0
EMP-00906,Customer Support,Mid,36,6,3,Monetary,0.5,103.16,0.81,7.0,4.2,6,0
EMP-00907,Operations,Mid,40,5,2,Badge,0.42,8.91,0.65,8.2,3.9,4,0
EMP-00908,Sales,Mid,3,5,1,Badge,0.42,5.7,0.74,6.0,3.1,6,0
EMP-00909,Engineering,Mid,8,4,5,Points,0.33,21.81,0.4,7.8,4.6,4,0
EMP-00910,Sales,Manager,78,10,4,Badge,0.83,0.14,0.69,9.4,5.0,4,0
EMP-00911,Marketing,Senior,23,7,7,PTO,0.58,201.96,0.43,7.0,4.0,2,0
EMP-00912,Engineering,Senior,54,10,7,Points,0.83,45.25,0.62,8.7,4.3,3,0
EMP-00913,Marketing,Manager,53,8,7,Points,0.67,14.17,0.74,8.5,5.0,3,0
EMP-00914,Sales,Junior,16,9,2,Badge,0.75,9.95,0.5,6.0,3.7,2,0
EMP-00915,Marketing,Junior,29,6,2,Monetary,0.5,61.83,0.27,6.2,5.0,7,0
EMP-00916,Sales,Mid,16,5,0,Badge,0.42,5.7,0.69,6.2,4.8,7,0
EMP-00917,Sales,Mid,59,6,3,Badge,0.5,4.8,0.6,8.4,4.9,2,0
EMP-00918,Customer Support,Senior,38,10,6,Points,0.83,39.67,0.62,8.1,3.7,2,0
EMP-00919,Operations,Mid,50,6,0,Badge,0.5,4.89,0.42,6.9,3.1,2,0
EMP-00920,Engineering,Mid,34,6,4,Badge,0.5,3.36,0.89,8.0,3.1,7,0
EMP-00921,Customer Support,Mid,20,5,3,Points,0.42,48.17,0.73,5.7,3.3,4,0
EMP-00922,Sales,Junior,9,7,2,Monetary,0.58,124.46,0.68,5.2,3.5,11,0
EMP-00923,Customer Support,Mid,41,4,3,PTO,0.33,61.03,0.43,7.2,3.4,7,0
EMP-00924,Operations,Senior,50,14,4,Points,1.17,24.93,0.75,9.1,4.5,5,0
EMP-00925,Sales,Junior,4,6,0,Badge,0.5,5.02,1.0,7.0,3.9,8,0
EMP-00926,Engineering,Mid,30,5,6,Points,0.42,6.52,0.66,9.1,4.8,8,0
EMP-00927,Engineering,Mid,18,4,1,Badge,0.33,6.83,0.56,6.9,4.0,4,0
EMP-00928,Marketing,Junior,4,4,3,Monetary,0.33,109.57,0.42,4.7,3.7,4,0
EMP-00929,Marketing,Junior,1,6,0,Points,0.5,10.11,0.54,4.9,3.7,9,0
EMP-00930,Engineering,Manager,73,10,7,Badge,0.83,3.36,0.87,8.5,4.5,3,0
EMP-00931,Engineering,Mid,33,3,2,Monetary,0.25,112.62,0.81,8.3,4.3,6,0
EMP-00932,Operations,Junior,12,4,2,Points,0.33,44.26,0.49,7.1,4.0,4,0
EMP-00933,Customer Support,Junior,5,2,2,Points,0.17,25.76,0.88,5.9,4.0,6,0
EMP-00934,Marketing,Senior,52,9,1,Points,0.75,45.67,0.2,7.7,5.0,9,0
EMP-00935,Engineering,Mid,31,5,5,Points,0.42,39.05,0.33,6.2,4.0,7,0
EMP-00936,Engineering,Mid,27,6,2,Badge,0.5,6.46,0.71,9.3,4.0,5,0
EMP-00937,Engineering,Junior,15,1,2,Points,0.08,33.01,0.84,5.7,2.6,10,0
EMP-00938,Customer Support,Manager,64,5,7,Points,0.42,37.82,0.92,6.3,2.9,10,0
EMP-00939,Engineering,Mid,35,8,4,Points,0.67,24.95,0.37,8.4,5.0,2,0
EMP-00940,Marketing,Mid,37,6,3,Monetary,0.5,98.91,0.8,7.6,4.4,2,0
EMP-00941,Engineering,Mid,39,5,0,Points,0.42,14.84,0.74,7.8,4.3,1,0
EMP-00942,Marketing,Mid,15,11,4,PTO,0.92,189.54,0.38,6.9,4.8,4,0
EMP-00943,Marketing,Senior,78,8,5,Points,0.67,36.24,0.27,7.1,4.4,4,0
EMP-00944,Operations,Manager,64,8,9,Points,0.67,16.95,0.78,8.1,5.0,7,0
EMP-00945,Engineering,Mid,40,10,3,Badge,0.83,2.31,0.5,8.1,5.0,4,0
EMP-00946,Engineering,Senior,35,4,4,Badge,0.33,1.86,0.78,9.3,4.0,4,0
EMP-00947,Engineering,Senior,45,8,7,Monetary,0.67,35.53,0.67,8.6,4.4,4,0
EMP-00948,Customer Support,Manager,66,11,9,Monetary,0.92,185.26,0.72,8.6,4.4,8,0
EMP-00949,Customer Support,Junior,3,1,2,Points,0.08,45.91,0.32,5.5,3.0,3,0
EMP-00950,Marketing,Mid,4,6,0,Points,0.5,11.87,0.87,5.7,4.6,4,0
EMP-00951,Marketing,Junior,3,4,1,Points,0.33,41.74,0.63,4.7,3.9,9,0
EMP-00952,Marketing,Senior,27,8,4,Badge,0.67,3.97,0.82,8.2,5.0,7,0
EMP-00953,Engineering,Junior,19,5,0,Points,0.42,30.89,0.76,8.0,4.4,4,0
EMP-00954,Customer Support,Mid,31,6,1,Badge,0.5,5.41,0.91,6.6,4.6,6,0
EMP-00955,Sales,Mid,67,8,2,Monetary,0.67,146.86,0.24,6.8,3.2,4,0
EMP-00956,Sales,Mid,22,5,1,Points,0.42,32.29,1.0,7.1,4.0,4,0
EMP-00957,Sales,Mid,23,15,4,Badge,1.25,2.59,0.42,9.7,4.7,3,0
EMP-00958,Engineering,Senior,34,13,2,PTO,1.08,144.92,0.5,8.9,4.4,3,0
EMP-00959,Engineering,Mid,47,5,2,Monetary,0.42,88.59,0.54,7.4,5.0,8,0
EMP-00960,Operations,Senior,42,9,6,Monetary,0.75,187.9,0.46,6.3,4.6,1,0
EMP-00961,Engineering,Junior,17,2,0,Points,0.17,7.0,0.51,6.4,4.3,4,0
EMP-00962,Marketing,Mid,37,9,2,Points,0.75,40.2,0.53,6.8,4.3,8,0
EMP-00963,Engineering,Mid,11,4,1,Badge,0.33,4.46,0.87,6.5,3.7,3,0
EMP-00964,Sales,Junior,3,7,2,Points,0.58,38.04,0.41,5.8,4.3,2,0
EMP-00965,Sales,Mid,54,6,3,Points,0.5,18.78,0.85,8.6,3.8,2,0
EMP-00966,Sales,Senior,57,11,5,Badge,0.92,0.99,0.85,7.5,3.7,3,0
EMP-00967,Operations,Mid,38,8,6,Points,0.67,41.21,0.44,7.3,4.4,2,0
EMP-00968,Sales,Senior,61,5,1,Badge,0.42,1.04,0.51,6.3,3.9,11,0
EMP-00969,Marketing,Mid,53,7,2,Points,0.58,41.63,0.75,8.6,4.6,3,0
EMP-00970,Sales,Junior,22,6,0,Badge,0.5,5.35,0.3,5.9,4.0,5,0
EMP-00971,Marketing,Junior,13,6,1,PTO,0.5,219.96,0.59,6.8,3.4,5,0
EMP-00972,Customer Support,Mid,46,3,7,Badge,0.25,2.66,0.68,6.5,3.2,7,0
EMP-00973,Operations,Junior,15,3,2,Monetary,0.25,143.81,0.71,4.8,4.2,3,0
EMP-00974,Engineering,Junior,3,3,1,Monetary,0.25,181.19,0.81,5.3,3.5,7,0
EMP-00975,Engineering,Mid,15,5,2,Monetary,0.42,56.57,0.83,4.9,3.8,0,0
EMP-00976,Engineering,Mid,24,4,3,PTO,0.33,254.98,0.33,4.7,3.9,6,0
EMP-00977,Marketing,Mid,3,4,2,Badge,0.33,5.79,0.83,6.3,3.4,8,0
EMP-00978,Engineering,Senior,54,7,4,Monetary,0.58,62.39,0.33,8.3,4.8,2,0
EMP-00979,Sales,Mid,20,5,5,Badge,0.42,8.36,0.66,5.3,1.9,10,0
EMP-00980,Marketing,Mid,45,8,0,Points,0.67,15.11,0.61,8.7,4.9,4,0
EMP-00981,Sales,Senior,54,6,4,Badge,0.5,8.8,0.47,6.7,3.7,8,0
EMP-00982,Operations,Mid,45,7,5,Badge,0.58,3.58,0.56,7.6,4.8,6,0
EMP-00983,Engineering,Mid,14,6,3,Badge,0.5,7.0,0.56,6.8,3.6,5,0
EMP-00984,Engineering,Mid,44,10,1,Badge,0.83,7.3,0.61,7.1,4.8,4,0
EMP-00985,Operations,Junior,9,1,2,Badge,0.08,4.96,0.85,4.7,3.6,3,0
EMP-00986,Sales,Senior,66,14,3,Monetary,1.17,171.59,0.74,10.0,5.0,3,0
EMP-00987,Operations,Mid,54,7,2,Points,0.58,21.64,0.55,7.3,4.7,6,0
EMP-00988,Sales,Manager,60,14,5,PTO,1.17,263.21,0.87,10.0,4.4,3,0
EMP-00989,Engineering,Senior,48,9,8,Monetary,0.75,124.71,0.43,8.4,4.1,3,0
EMP-00990,Operations,Mid,22,6,3,PTO,0.5,60.46,0.8,7.0,3.7,4,0
EMP-00991,Operations,Junior,3,2,2,Points,0.17,25.29,0.3,4.8,3.5,5,0
EMP-00992,Operations,Junior,1,3,2,Badge,0.25,8.18,0.8,6.0,4.5,6,0
EMP-00993,Engineering,Mid,7,8,0,Points,0.67,16.9,0.87,7.3,4.0,7,0
EMP-00994,Marketing,Mid,22,6,2,PTO,0.5,228.17,0.97,7.9,3.4,5,0
EMP-00995,Sales,Junior,4,8,1,Points,0.67,25.3,0.92,6.8,4.4,4,0
EMP-00996,Engineering,Mid,53,10,0,Monetary,0.83,79.32,0.2,8.1,5.0,2,0
EMP-00997,Customer Support,Junior,17,3,4,Badge,0.25,8.89,0.7,6.0,4.0,3,0
EMP-00998,Engineering,Manager,49,10,9,Points,0.83,26.6,0.53,8.5,3.7,2,0
EMP-00999,Customer Support,Junior,4,2,3,Badge,0.17,7.54,0.55,3.6,3.8,10,1
EMP-01000,Sales,Manager,98,23,8,Points,1.92,25.86,0.46,10.0,4.6,7,0
EMP-01001,Engineering,Manager,47,10,6,PTO,0.83,126.25,0.9,7.9,5.0,7,0
EMP-01002,Marketing,Mid,20,5,1,Monetary,0.42,186.03,0.5,7.8,4.8,1,0
EMP-01003,Customer Support,Senior,57,7,0,PTO,0.58,83.82,0.78,8.1,4.6,5,0
EMP-01004,Operations,Mid,17,2,2,Points,0.17,31.13,0.65,7.0,3.4,2,0
EMP-01005,Operations,Mid,21,5,4,Points,0.42,13.86,0.47,8.0,4.4,4,0
EMP-01006,Marketing,Mid,3,4,5,Monetary,0.33,45.2,0.53,5.5,4.6,9,0
EMP-01007,Operations,Mid,25,9,2,Points,0.75,9.3,0.63,7.7,3.9,3,0
EMP-01008,Operations,Mid,14,7,3,Points,0.58,39.53,0.87,7.6,3.5,4,0
EMP-01009,Engineering,Mid,31,5,2,Badge,0.42,2.62,0.91,6.6,4.6,2,0
EMP-01010,Sales,Mid,16,4,0,Badge,0.33,5.69,0.96,8.4,3.9,6,0
EMP-01011,Engineering,Junior,1,2,2,PTO,0.17,173.17,0.42,5.1,3.4,2,0
EMP-01012,Customer Support,Mid,34,5,4,PTO,0.42,267.1,0.91,7.3,4.2,4,0
EMP-01013,Customer Support,Junior,15,1,1,Badge,0.08,7.66,0.66,6.0,3.4,0,0
EMP-01014,Engineering,Junior,6,6,3,Badge,0.5,6.95,0.33,6.4,3.7,4,0
EMP-01015,Operations,Junior,5,5,0,PTO,0.42,275.45,0.66,5.0,3.9,13,0
EMP-01016,Customer Support,Junior,1,0,0,Monetary,0.0,127.47,0.0,1.0,3.7,14,1
EMP-01017,Engineering,Junior,8,4,1,Monetary,0.33,167.21,0.75,3.6,3.3,13,1
EMP-01018,Marketing,Senior,70,12,9,Badge,1.0,8.54,0.74,9.9,4.7,5,0
EMP-01019,Customer Support,Junior,8,5,2,Points,0.42,41.14,0.58,3.2,3.1,7,1
EMP-01020,Engineering,Senior,74,14,3,Points,1.17,21.98,0.09,9.1,5.0,4,0
EMP-01021,Operations,Junior,21,3,1,Badge,0.25,8.06,0.57,3.5,2.9,5,1
EMP-01022,Sales,Manager,55,12,9,PTO,1.0,180.98,0.69,9.2,5.0,3,0
EMP-01023,Customer Support,Mid,21,12,5,Badge,1.0,3.43,0.35,9.3,3.9,2,0
EMP-01024,Customer Support,Mid,35,7,1,Badge,0.58,2.04,0.56,4.9,4.0,0,0
EMP-01025,Customer Support,Mid,20,1,2,Points,0.08,36.18,0.94,6.6,3.8,3,0
EMP-01026,Sales,Mid,32,6,2,Badge,0.5,3.05,0.25,6.8,5.0,4,0
EMP-01027,Customer Support,Mid,17,4,3,Monetary,0.33,71.18,0.78,7.5,4.0,3,0
EMP-01028,Operations,Junior,1,6,0,Badge,0.5,5.92,0.67,5.9,4.1,6,0
EMP-01029,Sales,Manager,87,8,10,Points,0.67,16.55,0.63,9.7,4.7,9,0
EMP-01030,Operations,Mid,34,2,2,Points,0.17,19.35,0.83,6.4,4.4,7,0
EMP-01031,Engineering,Mid,44,8,2,Points,0.67,36.64,0.73,6.9,4.6,5,0
EMP-01032,Marketing,Senior,43,6,0,Badge,0.5,6.73,0.98,6.6,2.8,4,0
EMP-01033,Engineering,Mid,28,12,4,Badge,1.0,9.29,0.84,7.8,5.0,5,0
EMP-01034,Engineering,Senior,60,5,6,Monetary,0.42,164.83,0.96,7.3,4.3,3,0
EMP-01035,Engineering,Mid,30,4,2,Badge,0.33,3.42,0.82,6.4,3.6,5,0
EMP-01036,Operations,Senior,54,7,7,Badge,0.58,4.64,0.55,8.4,3.9,2,0
EMP-01037,Sales,Junior,1,5,4,Monetary,0.42,124.28,0.62,3.7,3.2,12,1
EMP-01038,Operations,Senior,49,17,2,Monetary,1.42,94.69,0.17,9.5,4.6,2,0
EMP-01039,Engineering,Senior,69,7,2,Monetary,0.58,197.36,0.63,8.7,4.1,4,0
EMP-01040,Sales,Junior,8,4,1,Monetary,0.33,30.9,0.73,5.2,3.5,5,0
EMP-01041,Marketing,Junior,1,1,0,Monetary,0.08,138.02,0.68,5.0,3.0,3,0
EMP-01042,Operations,Mid,34,7,4,Badge,0.58,6.16,0.7,6.7,3.4,2,0
EMP-01043,Sales,Manager,92,17,7,Badge,1.42,9.33,0.68,9.7,4.7,6,0
EMP-01044,Marketing,Junior,15,4,4,PTO,0.33,275.37,0.46,5.6,3.9,4,0
EMP-01045,Customer Support,Mid,48,3,2,Points,0.25,46.34,0.68,5.8,2.9,8,0
EMP-01046,Marketing,Junior,17,3,2,Badge,0.25,9.89,0.89,7.7,5.0,2,0
EMP-01047,Engineering,Mid,39,4,0,Points,0.33,19.73,0.42,6.6,4.7,5,0
EMP-01048,Engineering,Mid,46,7,0,Points,0.58,27.03,0.67,7.9,4.6,1,0
EMP-01049,Customer Support,Manager,51,13,5,Points,1.08,13.42,0.45,9.3,3.6,3,0
EMP-01050,Engineering,Mid,11,8,7,Points,0.67,41.65,0.82,7.5,4.1,2,0
EMP-01051,Customer Support,Senior,49,6,4,Points,0.5,30.8,0.16,6.5,3.4,3,0
EMP-01052,Marketing,Mid,18,7,1,Badge,0.58,6.89,0.44,6.1,4.3,6,0
EMP-01053,Customer Support,Junior,4,3,1,Points,0.25,7.77,0.78,6.0,4.1,2,0
EMP-01054,Operations,Mid,30,5,2,Monetary,0.42,35.3,0.94,7.6,4.0,5,0
EMP-01055,Customer Support,Mid,8,2,6,Badge,0.17,0.75,0.93,6.6,4.1,5,0
EMP-01056,Sales,Manager,70,12,7,Badge,1.0,7.14,1.0,9.9,4.2,3,0
EMP-01057,Operations,Senior,56,6,6,Points,0.5,21.57,0.49,9.0,4.9,4,0
EMP-01058,Sales,Junior,40,9,0,Badge,0.75,7.47,0.52,7.1,5.0,3,0
EMP-01059,Sales,Junior,2,3,3,Monetary,0.25,115.65,0.51,5.6,4.0,4,0
EMP-01060,Marketing,Junior,10,4,5,PTO,0.33,97.96,0.89,5.6,3.7,10,0
EMP-01061,Customer Support,Manager,26,6,6,Monetary,0.5,45.04,0.65,7.8,3.2,4,0
EMP-01062,Customer Support,Senior,34,6,5,PTO,0.5,281.82,0.84,6.5,3.1,7,0
EMP-01063,Operations,Senior,71,10,1,Monetary,0.83,140.14,0.53,8.3,5.0,10,0
EMP-01064,Sales,Mid,34,5,2,Badge,0.42,6.05,0.7,7.6,4.7,5,0
EMP-01065,Sales,Mid,38,5,4,Points,0.42,32.57,1.0,8.8,4.8,3,0
EMP-01066,Operations,Mid,40,9,4,PTO,0.75,140.09,0.7,7.4,4.1,3,0
EMP-01067,Engineering,Junior,17,3,2,Points,0.25,9.61,0.42,7.5,5.0,2,0
EMP-01068,Engineering,Mid,49,4,3,Monetary,0.33,178.68,0.42,8.2,4.1,3,0
EMP-01069,Sales,Junior,5,1,1,Monetary,0.08,186.51,0.73,6.5,3.9,5,0
EMP-01070,Sales,Junior,27,11,3,Badge,0.92,4.67,0.57,6.7,3.7,4,0
EMP-01071,Sales,Manager,48,9,8,Monetary,0.75,99.34,0.63,8.1,4.1,5,0
EMP-01072,Engineering,Senior,39,9,2,Badge,0.75,2.2,0.44,6.8,4.8,1,0
EMP-01073,Engineering,Mid,17,4,3,Monetary,0.33,26.47,0.57,6.3,2.8,3,0
EMP-01074,Engineering,Mid,3,4,1,Points,0.33,36.55,0.64,3.5,2.9,14,1
EMP-01075,Customer Support,Mid,37,6,2,PTO,0.5,175.11,0.42,7.7,4.9,5,0
EMP-01076,Sales,Senior,43,15,11,Badge,1.25,9.5,0.66,7.7,4.5,5,0
EMP-01077,Sales,Senior,12,16,4,Monetary,1.33,32.73,0.58,8.1,4.4,6,0
EMP-01078,Marketing,Senior,49,8,3,Points,0.67,20.17,0.8,8.7,4.0,5,0
EMP-01079,Engineering,Senior,66,9,5,Points,0.75,49.33,0.75,8.7,5.0,4,0
EMP-01080,Customer Support,Junior,5,2,2,PTO,0.17,205.24,0.88,5.6,3.1,5,0
EMP-01081,Operations,Mid,22,10,1,Badge,0.83,3.52,0.33,7.5,4.6,5,0
EMP-01082,Engineering,Mid,9,4,2,Badge,0.33,1.99,0.66,5.5,3.2,9,0
EMP-01083,Sales,Mid,53,12,1,Points,1.0,7.94,0.62,8.8,5.0,3,0
EMP-01084,Customer Support,Senior,49,5,1,Badge,0.42,9.23,0.85,7.5,4.3,2,0
EMP-01085,Customer Support,Mid,25,11,4,Monetary,0.92,95.23,0.38,6.7,4.5,2,0
EMP-01086,Sales,Junior,5,8,0,Points,0.67,47.52,0.57,5.7,5.0,2,0
EMP-01087,Marketing,Mid,24,9,2,Points,0.75,20.81,0.72,6.4,4.0,0,0
EMP-01088,Engineering,Manager,37,10,8,Badge,0.83,9.43,0.83,8.2,5.0,3,0
EMP-01089,Customer Support,Junior,18,1,1,Points,0.08,41.44,0.87,5.5,3.2,3,0
EMP-01090,Engineering,Mid,7,6,5,Monetary,0.5,82.24,0.77,6.4,4.2,4,0
EMP-01091,Customer Support,Mid,30,3,3,PTO,0.25,156.35,0.06,6.6,4.8,7,0
EMP-01092,Marketing,Junior,11,2,4,Monetary,0.17,190.08,0.27,6.0,3.3,3,0
EMP-01093,Marketing,Mid,3,5,3,Points,0.42,38.49,0.29,5.7,3.1,7,0
EMP-01094,Sales,Senior,60,8,3,Badge,0.67,8.05,0.09,6.2,4.3,2,0
EMP-01095,Engineering,Mid,16,5,4,Badge,0.42,6.27,0.66,6.5,4.2,1,0
EMP-01096,Engineering,Manager,22,6,7,Points,0.5,7.72,0.15,7.1,4.3,1,0
EMP-01097,Engineering,Junior,19,2,1,Points,0.17,43.69,0.35,6.8,4.5,2,0
EMP-01098,Engineering,Junior,3,2,0,Badge,0.17,7.78,0.82,5.1,3.8,5,0
EMP-01099,Operations,Manager,93,8,9,PTO,0.67,192.87,0.47,9.3,4.1,3,0
EMP-01100,Sales,Mid,32,6,2,Badge,0.5,6.95,0.37,7.8,4.7,3,0
EMP-01101,Engineering,Mid,43,3,2,Points,0.25,15.41,0.75,7.4,4.3,4,0
EMP-01102,Customer Support,Senior,63,7,1,Badge,0.58,9.26,0.77,6.6,3.6,7,0
EMP-01103,Customer Support,Mid,33,3,2,Badge,0.25,2.14,0.46,6.6,4.0,4,0
EMP-01104,Customer Support,Senior,54,12,9,PTO,1.0,218.27,0.78,9.1,4.2,5,0
EMP-01105,Customer Support,Junior,16,1,2,Monetary,0.08,108.16,0.54,4.9,2.6,11,0
EMP-01106,Engineering,Junior,6,2,3,Points,0.17,29.8,0.89,5.7,3.6,10,0
EMP-01107,Sales,Junior,9,5,1,Points,0.42,14.25,0.92,6.7,3.5,4,0
EMP-01108,Operations,Senior,67,10,7,Points,0.83,13.14,0.85,8.7,4.4,5,0
EMP-01109,Operations,Junior,1,3,1,Points,0.25,19.78,0.76,5.0,3.7,9,0
EMP-01110,Engineering,Senior,58,6,3,Monetary,0.5,30.17,0.42,7.2,4.5,5,0
EMP-01111,Operations,Manager,30,10,7,Badge,0.83,1.21,0.85,7.4,4.0,4,0
EMP-01112,Engineering,Mid,49,4,4,Badge,0.33,3.64,0.76,6.3,5.0,6,0
EMP-01113,Engineering,Mid,36,6,1,PTO,0.5,201.95,0.72,8.0,4.3,4,0
EMP-01114,Marketing,Mid,76,8,1,Monetary,0.67,86.59,0.79,9.1,4.8,2,0
EMP-01115,Marketing,Mid,59,10,4,Points,0.83,8.29,0.75,9.4,5.0,4,0
EMP-01116,Marketing,Mid,29,9,2,Monetary,0.75,165.12,0.53,7.5,4.5,3,0
EMP-01117,Engineering,Mid,54,7,2,Badge,0.58,1.58,0.82,8.7,4.4,3,0
EMP-01118,Customer Support,Manager,75,13,7,Monetary,1.08,34.77,0.87,8.3,4.3,1,0
EMP-01119,Engineering,Manager,64,7,8,Points,0.58,20.85,0.82,8.1,4.8,5,0
EMP-01120,Engineering,Senior,21,5,2,Points,0.42,25.88,0.62,6.5,4.8,4,0
EMP-01121,Customer Support,Manager,34,8,8,Points,0.67,45.15,0.77,7.9,5.0,4,0
EMP-01122,Customer Support,Mid,30,5,3,Points,0.42,16.16,0.62,6.1,3.8,3,0
EMP-01123,Customer Support,Senior,40,8,4,Monetary,0.67,127.71,0.24,4.8,2.6,10,0
EMP-01124,Operations,Manager,64,5,13,Monetary,0.42,73.27,0.29,8.5,4.8,5,0
EMP-01125,Marketing,Mid,49,8,3,Badge,0.67,1.21,0.89,7.6,3.8,3,0
EMP-01126,Marketing,Manager,75,6,5,PTO,0.5,209.37,0.59,9.0,5.0,3,0
EMP-01127,Engineering,Mid,20,5,2,PTO,0.42,237.31,0.6,7.1,4.9,4,0
EMP-01128,Sales,Mid,42,9,2,Badge,0.75,5.44,0.79,8.0,3.8,7,0
EMP-01129,Sales,Senior,33,9,6,Monetary,0.75,83.91,0.42,6.5,4.2,1,0
EMP-01130,Engineering,Manager,39,13,13,Points,1.08,49.45,0.83,8.2,4.9,7,0
EMP-01131,Operations,Junior,28,4,2,Monetary,0.33,30.85,0.43,6.6,5.0,8,0
EMP-01132,Sales,Senior,54,10,6,Points,0.83,29.87,0.83,7.8,4.4,4,0
EMP-01133,Engineering,Mid,42,5,6,Badge,0.42,6.69,0.56,5.7,4.1,5,0
EMP-01134,Engineering,Junior,18,3,2,Points,0.25,24.05,0.34,6.8,3.8,4,0
EMP-01135,Operations,Senior,65,7,2,PTO,0.58,83.36,0.44,7.8,3.1,6,0
EMP-01136,Engineering,Mid,24,7,2,Points,0.58,13.03,0.41,8.1,5.0,5,0
EMP-01137,Operations,Senior,21,8,2,Points,0.67,47.56,0.86,7.9,5.0,2,0
EMP-01138,Sales,Mid,19,13,3,Points,1.08,45.72,0.58,6.7,4.2,3,0
EMP-01139,Sales,Mid,57,12,3,Badge,1.0,1.75,0.97,9.8,5.0,6,0
EMP-01140,Marketing,Mid,43,14,5,Points,1.17,7.63,0.3,7.6,3.4,2,0
EMP-01141,Operations,Mid,49,3,0,Monetary,0.25,55.21,0.58,7.5,4.2,2,0
EMP-01142,Sales,Junior,1,7,3,Badge,0.58,8.78,0.97,5.9,4.4,11,0
EMP-01143,Marketing,Manager,72,10,10,Badge,0.83,1.0,0.54,8.6,5.0,4,0
EMP-01144,Marketing,Mid,42,4,2,Monetary,0.33,53.38,0.53,6.9,4.9,3,0
EMP-01145,Engineering,Senior,32,8,4,Points,0.67,36.8,0.68,7.4,4.2,3,0
EMP-01146,Customer Support,Mid,36,4,5,Monetary,0.33,168.22,0.67,6.1,3.6,0,0
EMP-01147,Operations,Mid,20,6,2,Badge,0.5,5.45,0.72,7.7,5.0,1,0
EMP-01148,Marketing,Mid,9,6,2,Points,0.5,13.8,0.76,7.0,3.0,5,0
EMP-01149,Operations,Mid,16,3,2,PTO,0.25,251.87,0.27,7.9,4.2,4,0
EMP-01150,Customer Support,Mid,19,2,1,Badge,0.17,3.73,0.43,4.8,3.5,3,0
EMP-01151,Operations,Mid,37,7,1,Points,0.58,35.33,0.52,7.2,5.0,3,0
EMP-01152,Operations,Mid,46,9,5,Points,0.75,16.14,0.69,7.8,4.5,6,0
EMP-01153,Operations,Junior,10,3,2,Points,0.25,29.93,0.42,4.4,3.6,6,0
EMP-01154,Operations,Mid,30,6,5,Monetary,0.5,83.91,0.16,6.6,5.0,4,0
EMP-01155,Marketing,Junior,2,4,0,PTO,0.33,108.4,0.54,6.4,4.0,7,0
EMP-01156,Operations,Junior,19,2,1,Badge,0.17,7.29,0.69,6.5,2.5,4,0
EMP-01157,Engineering,Manager,59,8,11,Badge,0.67,8.67,0.64,8.6,4.6,2,0
EMP-01158,Customer Support,Mid,20,5,1,Badge,0.42,8.74,0.41,5.5,4.8,1,0
EMP-01159,Customer Support,Senior,38,7,2,Points,0.58,24.83,0.85,7.4,4.5,0,0
EMP-01160,Engineering,Mid,13,8,2,Points,0.67,45.89,0.68,7.3,4.2,5,0
EMP-01161,Operations,Manager,76,13,6,Points,1.08,28.4,0.82,10.0,5.0,7,0
EMP-01162,Engineering,Mid,23,7,2,Badge,0.58,3.54,0.66,9.0,5.0,1,0
EMP-01163,Sales,Senior,65,8,4,Points,0.67,39.15,0.69,7.8,3.5,6,0
EMP-01164,Operations,Mid,37,4,2,Points,0.33,17.42,0.52,7.2,4.8,6,0
EMP-01165,Engineering,Manager,59,12,9,Badge,1.0,4.06,0.55,9.0,4.2,4,0
EMP-01166,Operations,Senior,60,13,3,Points,1.08,40.89,0.7,9.8,5.0,7,0
EMP-01167,Operations,Senior,32,12,2,Badge,1.0,4.91,0.44,7.5,3.6,1,0
EMP-01168,Sales,Junior,16,8,0,Points,0.67,10.78,0.41,7.1,3.6,4,0
EMP-01169,Engineering,Junior,2,10,2,Badge,0.83,9.54,0.46,4.1,3.8,6,0
EMP-01170,Sales,Junior,8,6,0,Monetary,0.5,27.16,0.57,5.0,3.0,6,0
EMP-01171,Marketing,Junior,5,4,1,Badge,0.33,2.45,0.66,6.7,4.6,2,0
EMP-01172,Customer Support,Senior,57,11,4,Points,0.92,41.29,0.93,9.8,5.0,6,0
EMP-01173,Marketing,Junior,7,2,4,Points,0.17,43.06,0.91,5.3,3.0,6,0
EMP-01174,Engineering,Junior,18,2,1,PTO,0.17,219.15,0.79,7.3,4.5,3,0
EMP-01175,Marketing,Junior,3,3,0,Points,0.25,32.59,0.39,4.2,2.9,11,0
EMP-01176,Marketing,Junior,16,5,1,Points,0.42,42.48,0.66,6.1,3.5,7,0
EMP-01177,Operations,Junior,24,7,2,Points,0.58,38.54,0.51,5.9,2.6,5,0
EMP-01178,Engineering,Senior,68,12,6,PTO,1.0,295.06,0.52,7.1,4.3,5,0
EMP-01179,Operations,Mid,33,8,0,Badge,0.67,4.61,0.79,6.7,5.0,5,0
EMP-01180,Marketing,Junior,6,3,0,Monetary,0.25,72.35,0.94,6.9,4.1,8,0
EMP-01181,Customer Support,Mid,35,7,2,Points,0.58,5.2,0.43,7.1,4.0,5,0
EMP-01182,Sales,Mid,29,8,1,Badge,0.67,3.3,0.6,7.3,5.0,2,0
EMP-01183,Marketing,Junior,12,4,1,Badge,0.33,8.26,0.47,4.6,3.0,6,0
EMP-01184,Customer Support,Senior,50,8,4,Monetary,0.67,30.88,0.54,7.8,4.5,1,0
EMP-01185,Engineering,Senior,64,8,5,Badge,0.67,6.91,0.24,6.2,4.4,2,0
EMP-01186,Customer Support,Senior,61,8,9,Monetary,0.67,32.84,0.79,8.4,4.9,2,0
EMP-01187,Operations,Senior,59,6,3,Monetary,0.5,108.29,0.6,6.5,3.7,6,0
EMP-01188,Engineering,Junior,4,2,1,PTO,0.17,155.59,0.82,5.5,3.6,5,0
EMP-01189,Sales,Manager,80,13,7,Badge,1.08,9.37,0.53,7.5,2.5,7,0
EMP-01190,Operations,Senior,32,8,2,Monetary,0.67,80.95,0.82,8.7,3.7,4,0
EMP-01191,Engineering,Manager,59,6,14,Points,0.5,29.08,0.39,5.8,3.3,3,0
EMP-01192,Marketing,Junior,7,4,1,Badge,0.33,6.2,0.44,4.9,2.9,13,0
EMP-01193,Sales,Manager,46,12,9,PTO,1.0,122.47,0.61,10.0,4.2,6,0
EMP-01194,Marketing,Senior,28,7,3,Monetary,0.58,68.38,0.56,7.5,3.6,5,0
EMP-01195,Engineering,Senior,40,12,4,Monetary,1.0,75.11,0.89,10.0,4.2,3,0
EMP-01196,Customer Support,Junior,1,2,2,Monetary,0.17,47.49,0.51,4.0,3.3,5,0
EMP-01197,Customer Support,Senior,38,6,1,Points,0.5,10.21,0.7,6.9,3.9,10,0
EMP-01198,Customer Support,Manager,61,12,11,Points,1.0,31.64,0.86,9.7,5.0,3,0
EMP-01199,Operations,Senior,61,4,10,Monetary,0.33,42.6,0.33,6.8,4.3,2,0
EMP-01200,Engineering,Mid,41,5,2,Points,0.42,13.7,0.93,7.3,4.1,5,0
EMP-01201,Operations,Manager,18,8,11,Points,0.67,12.67,0.58,8.6,4.5,5,0
EMP-01202,Engineering,Mid,39,7,2,Monetary,0.58,49.23,0.91,9.2,5.0,6,0
EMP-01203,Engineering,Mid,32,0,1,Monetary,0.0,49.73,0.0,2.2,3.7,10,1
EMP-01204,Sales,Mid,22,6,3,Monetary,0.5,164.6,0.8,7.4,4.8,5,0
EMP-01205,Sales,Manager,44,8,11,Points,0.67,15.89,1.0,6.6,3.3,2,0
EMP-01206,Operations,Junior,44,9,3,Points,0.75,14.86,0.11,7.0,3.8,5,0
EMP-01207,Operations,Mid,27,4,4,Points,0.33,10.8,0.78,6.7,5.0,1,0
EMP-01208,Sales,Senior,47,8,7,Badge,0.67,7.01,0.48,8.3,3.8,5,0
EMP-01209,Engineering,Senior,41,9,3,Points,0.75,11.37,0.68,8.1,3.8,5,0
EMP-01210,Customer Support,Mid,31,5,4,Badge,0.42,0.56,0.42,7.3,4.5,4,0
EMP-01211,Sales,Manager,59,16,5,Points,1.33,49.87,0.64,9.5,5.0,5,0
EMP-01212,Sales,Manager,44,9,3,PTO,0.75,192.14,1.0,9.0,4.4,5,0
EMP-01213,Engineering,Junior,6,5,4,Badge,0.42,6.99,0.87,6.7,3.5,5,0
EMP-01214,Operations,Mid,13,4,5,Points,0.33,44.55,0.78,6.9,3.7,5,0
EMP-01215,Operations,Junior,32,7,1,Badge,0.58,0.02,0.55,4.5,4.7,5,0
EMP-01216,Engineering,Mid,58,6,3,Monetary,0.5,165.69,0.41,6.6,4.1,6,0
EMP-01217,Engineering,Mid,56,10,3,Badge,0.83,6.9,0.28,7.6,5.0,4,0
EMP-01218,Operations,Manager,66,15,12,Badge,1.25,3.33,0.9,9.4,4.2,5,0
EMP-01219,Marketing,Senior,42,10,8,Points,0.83,7.54,0.89,6.3,4.4,4,0
EMP-01220,Engineering,Junior,1,1,2,Points,0.08,29.89,0.27,5.6,3.7,8,0
EMP-01221,Customer Support,Junior,8,2,2,PTO,0.17,126.78,0.27,3.0,1.4,3,1
EMP-01222,Engineering,Mid,26,2,1,Points,0.17,6.68,0.81,7.5,4.1,5,0
EMP-01223,Sales,Mid,19,10,4,Points,0.83,47.02,0.61,9.1,4.2,5,0
EMP-01224,Customer Support,Junior,48,2,3,Badge,0.17,0.47,0.7,5.4,3.6,4,0
EMP-01225,Sales,Manager,27,12,6,Points,1.0,27.44,0.6,7.2,2.9,4,0
EMP-01226,Marketing,Manager,62,15,6,Monetary,1.25,150.39,0.82,7.5,4.0,3,0
EMP-01227,Sales,Mid,13,7,5,Points,0.58,28.45,0.96,6.8,4.6,5,0
EMP-01228,Engineering,Manager,54,10,5,Points,0.83,49.27,0.93,8.2,4.0,2,0
EMP-01229,Customer Support,Mid,20,3,1,PTO,0.25,201.16,0.49,6.4,3.5,6,0
EMP-01230,Sales,Senior,58,10,4,Badge,0.83,5.85,0.44,6.9,3.3,1,0
EMP-01231,Customer Support,Mid,30,4,2,Points,0.33,33.38,0.76,6.4,3.5,6,0
EMP-01232,Engineering,Junior,5,2,1,Points,0.17,48.8,0.5,4.2,3.4,3,0
EMP-01233,Engineering,Manager,57,11,7,Badge,0.92,3.26,0.57,8.1,4.2,5,0
EMP-01234,Engineering,Mid,21,6,1,Points,0.5,42.65,0.75,6.9,4.4,2,0
EMP-01235,Marketing,Senior,41,12,7,Points,1.0,8.87,0.41,6.4,4.4,5,0
EMP-01236,Sales,Mid,22,6,7,Points,0.5,34.57,0.53,6.7,4.0,4,0
EMP-01237,Customer Support,Junior,11,1,1,Monetary,0.08,125.75,0.78,3.3,2.1,9,1
EMP-01238,Sales,Junior,1,8,0,PTO,0.67,207.98,0.91,6.6,4.1,6,0
EMP-01239,Customer Support,Mid,62,4,1,PTO,0.33,160.89,0.26,7.0,4.3,2,0
EMP-01240,Engineering,Senior,36,10,2,Points,0.83,36.73,0.71,6.7,4.0,4,0
EMP-01241,Customer Support,Mid,25,5,6,PTO,0.42,216.08,0.93,5.9,3.8,5,0
EMP-01242,Operations,Senior,47,14,4,Points,1.17,43.37,0.26,9.6,5.0,1,0
EMP-01243,Operations,Senior,37,12,3,Points,1.0,46.12,0.47,9.6,4.8,3,0
EMP-01244,Operations,Senior,65,10,2,Points,0.83,14.31,0.34,7.0,4.3,3,0
EMP-01245,Operations,Mid,3,5,1,Monetary,0.42,154.87,0.16,3.9,4.4,11,1
EMP-01246,Marketing,Manager,50,6,12,Monetary,0.5,120.32,0.69,7.6,5.0,6,0
EMP-01247,Engineering,Mid,41,6,4,Points,0.5,18.28,0.42,7.1,5.0,3,0
EMP-01248,Engineering,Mid,25,3,1,PTO,0.25,97.83,0.5,8.6,4.3,5,0
EMP-01249,Customer Support,Junior,14,3,1,PTO,0.25,110.16,0.45,6.0,3.7,2,0
EMP-01250,Marketing,Mid,33,2,5,Points,0.17,23.18,0.68,7.0,3.2,5,0
EMP-01251,Operations,Junior,26,4,0,Points,0.33,26.8,0.6,6.4,3.3,2,0
EMP-01252,Sales,Mid,14,3,1,Points,0.25,19.25,0.51,6.3,5.0,5,0
EMP-01253,Engineering,Junior,14,3,2,Points,0.25,21.95,0.34,5.4,3.9,5,0
EMP-01254,Engineering,Mid,24,5,1,Points,0.42,46.04,0.85,8.2,4.2,6,0
EMP-01255,Operations,Senior,18,7,5,Monetary,0.58,58.4,0.49,7.5,3.2,6,0
EMP-01256,Sales,Mid,46,9,2,Points,0.75,6.98,0.38,6.8,4.7,4,0
EMP-01257,Engineering,Junior,32,7,1,Points,0.58,38.42,0.6,8.1,3.3,6,0
EMP-01258,Sales,Junior,31,6,6,Badge,0.5,3.37,0.14,6.4,5.0,6,0
EMP-01259,Engineering,Senior,49,7,5,Points,0.58,16.53,0.43,8.3,4.1,4,0
EMP-01260,Marketing,Junior,1,3,1,Points,0.25,47.63,0.47,6.2,5.0,3,0
EMP-01261,Engineering,Mid,31,5,5,Monetary,0.42,89.5,0.55,7.0,4.3,4,0
EMP-01262,Operations,Mid,5,8,1,Monetary,0.67,98.38,0.68,4.4,4.4,13,0
EMP-01263,Sales,Senior,87,13,6,Points,1.08,32.4,0.77,8.7,3.6,7,0
EMP-01264,Sales,Mid,23,5,2,Badge,0.42,3.94,0.35,4.2,3.9,7,0
EMP-01265,Engineering,Senior,59,11,5,Points,0.92,42.17,0.67,8.2,3.8,7,0
EMP-01266,Engineering,Junior,3,5,0,Points,0.42,25.16,0.72,6.3,4.0,7,0
EMP-01267,Sales,Junior,3,3,4,Badge,0.25,3.85,0.88,5.4,3.6,4,0
EMP-01268,Sales,Junior,30,3,1,Badge,0.25,5.72,0.44,6.5,2.7,5,0
EMP-01269,Marketing,Junior,1,6,1,Badge,0.5,9.29,0.48,5.6,3.2,3,0
EMP-01270,Sales,Junior,11,7,1,Points,0.58,29.05,0.92,6.6,4.2,7,0
EMP-01271,Operations,Mid,29,6,1,Points,0.5,18.96,0.02,6.7,4.2,3,0
EMP-01272,Customer Support,Mid,30,2,2,PTO,0.17,135.39,0.48,6.1,3.9,5,0
EMP-01273,Operations,Senior,80,11,10,Points,0.92,13.89,0.19,6.7,3.6,3,0
EMP-01274,Engineering,Mid,17,2,2,Points,0.17,33.23,0.54,6.8,3.3,2,0
EMP-01275,Sales,Senior,56,16,5,Points,1.33,6.31,0.76,9.1,4.1,3,0
EMP-01276,Engineering,Mid,19,0,2,Points,0.0,35.92,0.0,4.5,3.4,6,0
EMP-01277,Engineering,Junior,9,4,1,Monetary,0.33,182.0,0.44,5.8,3.7,5,0
EMP-01278,Customer Support,Mid,27,4,1,PTO,0.33,212.86,0.44,5.5,3.7,5,0
EMP-01279,Engineering,Junior,13,4,2,PTO,0.33,260.51,0.57,6.9,4.8,3,0
EMP-01280,Sales,Junior,34,7,1,Monetary,0.58,39.88,0.45,6.6,4.7,2,0
EMP-01281,Marketing,Mid,34,11,5,Badge,0.92,7.35,0.57,7.6,4.7,5,0
EMP-01282,Operations,Manager,90,10,4,Monetary,0.83,157.68,0.84,7.4,4.2,2,0
EMP-01283,Marketing,Senior,47,10,4,Points,0.83,20.35,0.16,6.1,4.4,2,0
EMP-01284,Engineering,Junior,9,2,2,Points,0.17,36.6,0.75,5.5,3.4,11,0
EMP-01285,Sales,Senior,60,6,5,PTO,0.5,158.32,0.76,8.6,4.6,5,0
EMP-01286,Sales,Senior,22,13,9,Points,1.08,37.39,0.38,9.6,4.9,2,0
EMP-01287,Engineering,Mid,53,10,2,Points,0.83,36.38,0.44,8.4,5.0,6,0
EMP-01288,Sales,Senior,41,9,3,Points,0.75,18.57,0.85,8.4,4.0,5,0
EMP-01289,Engineering,Mid,35,5,4,Points,0.42,6.27,0.71,8.3,4.3,9,0
EMP-01290,Engineering,Junior,9,3,0,PTO,0.25,244.77,0.78,6.1,4.8,10,0
EMP-01291,Sales,Mid,36,1,3,PTO,0.08,123.4,0.71,6.4,3.4,4,0
EMP-01292,Engineering,Mid,33,3,1,Badge,0.25,5.75,0.56,7.3,4.0,5,0
EMP-01293,Marketing,Mid,30,6,5,Monetary,0.5,134.4,0.54,6.0,3.4,5,0
EMP-01294,Operations,Mid,44,4,0,Points,0.33,44.83,0.36,7.8,3.6,5,0
EMP-01295,Operations,Manager,38,12,9,Points,1.0,6.29,0.17,9.4,4.5,4,0
EMP-01296,Engineering,Manager,89,10,6,PTO,0.83,183.23,0.84,7.9,4.0,5,0
EMP-01297,Engineering,Manager,76,9,9,Monetary,0.75,135.97,0.57,6.9,4.7,5,0
EMP-01298,Engineering,Senior,46,7,5,Points,0.58,32.49,0.88,8.8,3.9,2,0
EMP-01299,Marketing,Manager,57,11,7,Points,0.92,39.14,0.67,7.9,4.5,2,0
EMP-01300,Operations,Junior,8,2,1,Badge,0.17,0.61,0.44,5.0,3.8,2,0
EMP-01301,Engineering,Junior,18,3,1,Badge,0.25,2.29,0.82,5.8,4.3,3,0
EMP-01302,Customer Support,Mid,36,5,1,PTO,0.42,210.14,0.57,6.5,3.8,3,0
EMP-01303,Engineering,Senior,50,7,2,Points,0.58,20.2,0.65,8.0,5.0,6,0
EMP-01304,Marketing,Mid,30,4,1,Monetary,0.33,70.44,0.85,5.5,4.0,9,0
EMP-01305,Operations,Senior,76,7,1,Badge,0.58,3.77,0.31,8.5,5.0,4,0
EMP-01306,Customer Support,Junior,18,2,1,Points,0.17,43.98,0.8,5.5,3.1,4,0
EMP-01307,Operations,Junior,8,4,7,Points,0.33,14.56,0.87,5.3,3.9,10,0
EMP-01308,Operations,Senior,42,13,3,Badge,1.08,8.0,0.22,7.3,4.9,6,0
EMP-01309,Sales,Junior,23,5,2,Points,0.42,21.22,0.91,6.2,4.0,1,0
EMP-01310,Operations,Mid,3,4,2,Points,0.33,35.12,0.3,3.9,3.5,11,1
EMP-01311,Engineering,Junior,1,2,2,Points,0.17,11.5,0.39,5.4,3.6,9,0
EMP-01312,Customer Support,Mid,46,2,4,PTO,0.17,91.78,0.33,6.7,3.6,3,0
EMP-01313,Marketing,Senior,71,7,7,Points,0.58,10.93,0.76,8.9,4.2,4,0
EMP-01314,Operations,Mid,20,8,2,Points,0.67,42.96,0.78,8.7,5.0,4,0
EMP-01315,Sales,Mid,27,10,2,Points,0.83,36.51,0.61,8.6,4.2,6,0
EMP-01316,Marketing,Junior,5,3,1,Points,0.25,44.64,0.43,2.0,2.9,14,1
EMP-01317,Marketing,Senior,52,9,6,PTO,0.75,206.23,0.75,8.9,4.7,0,0
EMP-01318,Operations,Mid,36,2,5,Badge,0.17,6.43,0.36,5.6,3.0,2,0
EMP-01319,Engineering,Mid,18,6,4,Points,0.5,28.74,0.6,8.5,5.0,2,0
EMP-01320,Engineering,Senior,49,9,2,Monetary,0.75,35.27,0.76,7.8,4.6,8,0
EMP-01321,Engineering,Junior,11,8,1,Monetary,0.67,31.18,0.73,7.6,4.6,3,0
EMP-01322,Engineering,Manager,66,18,6,Badge,1.5,4.93,0.52,9.0,3.9,4,0
EMP-01323,Customer Support,Mid,18,2,3,Points,0.17,27.34,0.42,6.5,3.0,5,0
EMP-01324,Engineering,Mid,31,8,4,Points,0.67,15.07,0.86,9.0,4.8,3,0
EMP-01325,Customer Support,Junior,15,6,0,Points,0.5,31.47,0.71,5.3,4.4,3,0
EMP-01326,Sales,Manager,89,5,6,Points,0.42,45.49,0.83,8.4,4.1,5,0
EMP-01327,Engineering,Senior,64,12,9,Points,1.0,40.23,0.29,10.0,5.0,5,0
EMP-01328,Operations,Junior,27,3,1,Badge,0.25,5.67,0.68,3.4,2.8,9,1
EMP-01329,Marketing,Mid,39,7,3,Badge,0.58,2.62,0.35,6.4,5.0,7,0
EMP-01330,Sales,Senior,58,8,7,Points,0.67,15.76,0.73,9.3,4.5,5,0
EMP-01331,Marketing,Senior,33,9,4,Badge,0.75,8.32,0.66,7.1,4.3,5,0
EMP-01332,Operations,Senior,51,6,5,Badge,0.5,3.68,0.87,8.7,4.8,6,0
EMP-01333,Engineering,Mid,50,9,3,Badge,0.75,6.14,0.35,7.1,4.6,10,0
EMP-01334,Customer Support,Senior,44,15,8,Badge,1.25,8.86,0.64,9.2,4.7,5,0
EMP-01335,Customer Support,Mid,31,5,3,Monetary,0.42,89.45,0.26,5.2,4.2,3,0
EMP-01336,Marketing,Junior,8,2,2,Badge,0.17,7.03,0.58,5.3,4.4,3,0
EMP-01337,Engineering,Mid,26,9,1,Points,0.75,41.07,0.77,7.5,4.9,8,0
EMP-01338,Operations,Manager,45,9,6,Points,0.75,11.71,0.54,8.5,5.0,6,0
EMP-01339,Engineering,Mid,26,4,4,Points,0.33,8.49,0.86,7.2,4.5,3,0
EMP-01340,Engineering,Mid,17,8,3,Badge,0.67,8.25,0.69,7.4,5.0,2,0
EMP-01341,Engineering,Senior,66,9,4,Badge,0.75,9.02,0.38,9.4,4.8,3,0
EMP-01342,Sales,Mid,41,10,1,Monetary,0.83,95.56,0.65,8.5,4.3,5,0
EMP-01343,Customer Support,Senior,27,8,5,Points,0.67,26.93,0.66,8.5,4.8,2,0
EMP-01344,Operations,Senior,15,10,6,Points,0.83,38.13,0.73,7.2,4.7,3,0
EMP-01345,Operations,Junior,12,4,0,Points,0.33,13.71,0.27,6.1,4.0,2,0
EMP-01346,Sales,Manager,75,17,5,Points,1.42,5.65,0.72,8.5,4.1,3,0
EMP-01347,Sales,Senior,61,18,4,Points,1.5,43.41,0.6,8.7,4.1,5,0
EMP-01348,Sales,Senior,37,14,6,Badge,1.17,6.56,0.83,9.5,5.0,1,0
EMP-01349,Customer Support,Senior,38,12,5,Badge,1.0,6.81,0.42,8.0,4.3,2,0
EMP-01350,Engineering,Senior,40,8,5,Monetary,0.67,126.19,0.54,6.9,4.9,3,0
EMP-01351,Customer Support,Junior,18,3,2,Points,0.25,30.24,0.55,5.7,3.6,4,0
EMP-01352,Marketing,Mid,17,6,1,Badge,0.5,9.75,0.71,7.1,3.8,4,0
EMP-01353,Sales,Manager,70,21,8,Points,1.75,33.35,0.39,9.1,3.6,7,0
EMP-01354,Operations,Junior,1,2,0,Badge,0.17,1.4,0.35,4.9,2.8,8,0
EMP-01355,Sales,Junior,21,2,0,PTO,0.17,116.88,0.82,5.5,3.2,6,0
EMP-01356,Customer Support,Senior,36,4,3,Badge,0.33,2.77,0.79,4.3,4.4,5,0
EMP-01357,Customer Support,Senior,65,12,5,Points,1.0,14.41,0.83,7.3,3.8,6,0
EMP-01358,Sales,Junior,12,6,0,Monetary,0.5,176.22,0.67,8.1,4.5,2,0
EMP-01359,Engineering,Senior,48,8,4,Points,0.67,28.44,0.76,8.6,5.0,1,0
EMP-01360,Marketing,Senior,30,5,12,Badge,0.42,4.78,0.43,6.9,4.7,3,0
EMP-01361,Customer Support,Mid,29,7,2,Monetary,0.58,197.72,0.68,6.1,3.5,8,0
EMP-01362,Engineering,Senior,44,10,7,Badge,0.83,0.4,0.76,7.4,4.3,3,0
EMP-01363,Marketing,Mid,29,8,3,Badge,0.67,4.5,0.81,7.4,4.3,2,0
EMP-01364,Marketing,Junior,6,0,2,Points,0.0,14.64,0.0,4.3,4.5,5,0
EMP-01365,Operations,Junior,7,1,0,Badge,0.08,4.27,0.65,3.8,2.9,14,1
EMP-01366,Engineering,Mid,18,8,1,Badge,0.67,1.62,0.64,7.4,4.5,4,0
EMP-01367,Operations,Mid,28,7,3,Points,0.58,11.48,0.79,8.3,3.3,2,0
EMP-01368,Customer Support,Senior,41,8,3,Points,0.67,17.03,0.6,6.4,4.5,2,0
EMP-01369,Engineering,Senior,37,7,5,Monetary,0.58,46.87,0.64,8.8,4.2,4,0
EMP-01370,Engineering,Mid,48,8,2,PTO,0.67,286.99,0.75,7.5,5.0,3,0
EMP-01371,Customer Support,Senior,34,6,5,Badge,0.5,1.25,0.51,5.6,3.4,4,0
EMP-01372,Engineering,Junior,6,2,1,Badge,0.17,4.66,0.17,4.2,3.0,2,0
EMP-01373,Operations,Junior,9,2,3,Points,0.17,40.07,0.84,6.8,2.9,8,0
EMP-01374,Sales,Manager,85,18,8,Badge,1.5,8.45,0.62,9.7,5.0,6,0
EMP-01375,Engineering,Junior,36,1,0,Badge,0.08,9.61,0.94,8.3,4.2,1,0
EMP-01376,Customer Support,Junior,1,3,0,Points,0.25,30.02,0.73,6.1,4.1,6,0
EMP-01377,Sales,Senior,49,11,4,Badge,0.92,3.12,0.77,8.0,3.9,7,0
EMP-01378,Sales,Mid,24,9,4,Monetary,0.75,136.7,0.54,7.3,3.9,3,0
EMP-01379,Sales,Manager,18,9,10,Badge,0.75,5.94,0.55,7.3,3.6,4,0
EMP-01380,Marketing,Junior,12,6,2,Monetary,0.5,128.29,0.73,6.1,3.3,3,0
EMP-01381,Engineering,Junior,9,5,0,PTO,0.42,139.03,0.25,4.6,4.9,9,0
EMP-01382,Sales,Mid,9,7,2,Points,0.58,44.53,0.37,7.7,4.3,5,0
EMP-01383,Customer Support,Mid,42,5,3,Points,0.42,29.97,0.7,7.4,4.3,2,0
EMP-01384,Engineering,Mid,34,4,1,Badge,0.33,6.04,0.87,6.7,3.9,4,0
EMP-01385,Marketing,Mid,29,9,4,Monetary,0.75,100.73,0.98,7.6,4.5,3,0
EMP-01386,Sales,Manager,90,12,9,PTO,1.0,108.11,0.43,8.6,4.4,3,0
EMP-01387,Operations,Manager,98,10,4,Badge,0.83,2.24,0.78,9.0,4.3,3,0
EMP-01388,Engineering,Junior,7,4,0,Points,0.33,33.41,0.55,6.5,3.8,6,0
EMP-01389,Customer Support,Mid,21,5,3,PTO,0.42,53.25,0.56,6.1,3.4,7,0
EMP-01390,Sales,Mid,25,6,4,Monetary,0.5,188.26,0.87,6.6,4.3,6,0
EMP-01391,Engineering,Manager,59,11,10,Monetary,0.92,101.31,0.71,9.0,5.0,2,0
EMP-01392,Engineering,Manager,59,10,8,Points,0.83,43.69,0.5,8.4,5.0,2,0
EMP-01393,Engineering,Junior,20,2,2,Monetary,0.17,100.55,0.42,6.5,3.8,5,0
EMP-01394,Sales,Senior,27,9,7,Badge,0.75,1.17,0.86,7.2,4.2,8,0
EMP-01395,Sales,Mid,32,7,2,Points,0.58,9.76,1.0,7.1,4.6,3,0
EMP-01396,Operations,Junior,5,2,1,Badge,0.17,0.01,0.83,3.7,4.3,10,1
EMP-01397,Sales,Junior,1,3,1,Badge,0.25,2.9,0.53,4.0,3.3,3,0
EMP-01398,Engineering,Mid,4,4,2,Monetary,0.33,100.65,0.58,5.8,5.0,7,0
EMP-01399,Marketing,Mid,32,5,0,PTO,0.42,55.96,0.74,7.9,4.5,5,0
EMP-01400,Operations,Junior,5,5,1,Badge,0.42,4.54,0.74,5.7,3.9,4,0
EMP-01401,Engineering,Senior,41,3,1,Monetary,0.25,47.71,0.86,7.5,5.0,4,0
EMP-01402,Engineering,Junior,63,5,2,Points,0.42,29.29,0.79,7.3,4.0,4,0
EMP-01403,Engineering,Mid,15,5,1,Badge,0.42,6.15,0.51,6.7,4.6,4,0
EMP-01404,Operations,Mid,19,5,3,PTO,0.42,176.93,0.34,6.8,4.2,4,0
EMP-01405,Marketing,Junior,10,4,3,Badge,0.33,5.18,0.52,5.2,2.9,10,0
EMP-01406,Sales,Mid,24,4,6,PTO,0.33,90.6,0.73,7.3,3.1,4,0
EMP-01407,Operations,Junior,14,5,1,Points,0.42,31.94,0.56,4.9,3.8,7,0
EMP-01408,Operations,Mid,36,7,1,Points,0.58,48.96,0.86,8.2,4.0,4,0
EMP-01409,Marketing,Junior,1,3,0,Points,0.25,48.91,0.39,3.8,2.6,16,1
EMP-01410,Customer Support,Mid,29,4,3,Points,0.33,20.71,0.91,6.9,3.6,6,0
EMP-01411,Engineering,Junior,7,0,2,Badge,0.0,7.28,0.0,3.1,3.9,12,1
EMP-01412,Engineering,Senior,61,13,4,Monetary,1.08,102.28,0.45,8.6,4.2,5,0
EMP-01413,Engineering,Senior,34,8,8,Points,0.67,11.2,0.81,8.6,4.9,4,0
EMP-01414,Engineering,Junior,8,2,2,PTO,0.17,235.09,0.48,5.5,3.8,7,0
EMP-01415,Marketing,Mid,34,7,0,Badge,0.58,3.44,0.64,7.3,4.9,3,0
EMP-01416,Customer Support,Junior,9,3,1,Points,0.25,39.24,0.81,6.4,3.0,5,0
EMP-01417,Engineering,Mid,68,8,2,Badge,0.67,3.79,0.68,8.6,5.0,4,0
EMP-01418,Engineering,Junior,1,8,0,Monetary,0.67,55.63,0.4,5.0,4.4,5,0
EMP-01419,Sales,Mid,37,9,3,Badge,0.75,8.53,0.54,6.0,3.6,3,0
EMP-01420,Customer Support,Mid,44,8,1,Points,0.67,7.33,0.79,7.6,4.1,1,0
EMP-01421,Sales,Manager,78,19,12,Points,1.58,21.45,0.24,8.8,4.7,7,0
EMP-01422,Sales,Mid,32,6,1,Badge,0.5,6.73,0.75,6.7,4.9,3,0
EMP-01423,Engineering,Mid,16,9,5,Badge,0.75,8.86,0.89,8.5,5.0,2,0
EMP-01424,Engineering,Mid,55,4,3,PTO,0.33,90.28,0.58,7.7,4.1,2,0
EMP-01425,Customer Support,Manager,72,8,9,Badge,0.67,0.96,0.34,7.8,4.0,3,0
EMP-01426,Customer Support,Senior,51,15,4,Points,1.25,18.6,0.42,8.2,4.1,5,0
EMP-01427,Engineering,Junior,3,6,2,Badge,0.5,2.56,0.66,5.1,3.3,7,0
EMP-01428,Customer Support,Senior,36,6,5,Monetary,0.5,146.49,0.75,7.5,4.2,5,0
EMP-01429,Marketing,Mid,51,4,4,Badge,0.33,2.38,0.48,6.6,4.2,4,0
EMP-01430,Customer Support,Senior,48,13,1,Points,1.08,33.08,0.94,8.8,3.8,1,0
EMP-01431,Sales,Senior,37,8,4,Points,0.67,34.52,0.89,8.5,4.9,8,0
EMP-01432,Sales,Junior,10,9,2,Badge,0.75,8.06,0.92,5.4,3.3,4,0
EMP-01433,Sales,Senior,53,10,4,Monetary,0.83,130.6,0.32,7.8,3.6,2,0
EMP-01434,Marketing,Junior,41,6,1,Badge,0.5,9.21,0.8,6.6,4.7,3,0
EMP-01435,Engineering,Junior,2,3,1,Points,0.25,36.14,0.77,7.2,3.9,5,0
EMP-01436,Engineering,Junior,23,4,1,Badge,0.33,2.42,0.85,7.1,4.8,3,0
EMP-01437,Sales,Senior,63,16,4,Points,1.33,47.29,0.8,8.9,5.0,5,0
EMP-01438,Operations,Junior,3,1,2,Badge,0.08,1.9,0.77,4.2,3.5,8,0
EMP-01439,Engineering,Junior,4,7,0,PTO,0.58,96.5,0.32,6.9,4.9,10,0
EMP-01440,Marketing,Senior,59,7,5,Badge,0.58,7.42,0.3,6.7,5.0,1,0
EMP-01441,Customer Support,Junior,28,6,2,Points,0.5,28.36,0.48,6.6,3.5,1,0
EMP-01442,Engineering,Junior,5,2,1,Badge,0.17,1.6,0.73,5.3,3.4,5,0
EMP-01443,Marketing,Junior,1,5,2,Badge,0.42,1.14,0.6,5.4,4.0,5,0
EMP-01444,Sales,Mid,16,2,0,PTO,0.17,92.35,0.62,8.3,3.9,4,0
EMP-01445,Customer Support,Mid,33,6,3,Points,0.5,46.69,0.64,6.2,4.6,3,0
EMP-01446,Engineering,Junior,19,2,4,PTO,0.17,196.62,0.27,6.7,3.7,5,0
EMP-01447,Operations,Manager,75,14,2,Badge,1.17,7.29,0.55,7.7,4.8,2,0
EMP-01448,Operations,Senior,53,4,6,Points,0.33,10.76,0.45,6.4,4.3,4,0
EMP-01449,Customer Support,Mid,25,5,2,Points,0.42,22.07,0.94,6.8,4.3,7,0
EMP-01450,Operations,Mid,33,4,6,Badge,0.33,5.57,0.55,7.5,3.3,6,0
EMP-01451,Sales,Mid,48,7,1,Monetary,0.58,114.21,0.53,6.8,4.6,2,0
EMP-01452,Marketing,Mid,22,4,2,Points,0.33,21.77,0.89,6.6,4.1,5,0
EMP-01453,Customer Support,Junior,6,2,2,PTO,0.17,73.94,0.58,5.6,3.0,5,0
EMP-01454,Marketing,Junior,43,5,0,Monetary,0.42,144.5,0.67,6.3,4.4,4,0
EMP-01455,Engineering,Senior,54,10,6,Points,0.83,31.91,0.78,8.3,4.8,5,0
EMP-01456,Customer Support,Junior,24,1,1,Points,0.08,23.92,0.82,5.8,3.1,4,0
EMP-01457,Operations,Mid,20,6,4,Points,0.5,46.72,0.29,7.3,4.6,4,0
EMP-01458,Marketing,Manager,27,12,7,Points,1.0,39.02,0.82,9.3,4.2,3,0
EMP-01459,Engineering,Senior,53,6,6,PTO,0.5,141.21,0.61,7.0,3.3,7,0
EMP-01460,Marketing,Mid,11,2,5,Monetary,0.17,34.24,0.74,6.6,3.2,7,0
EMP-01461,Sales,Senior,27,11,4,Monetary,0.92,165.07,0.77,8.3,5.0,6,0
EMP-01462,Marketing,Junior,4,1,0,PTO,0.08,160.03,0.39,5.8,3.5,2,0
EMP-01463,Engineering,Senior,57,9,5,Monetary,0.75,107.64,0.31,8.2,4.7,3,0
EMP-01464,Marketing,Mid,10,2,4,Monetary,0.17,127.79,0.38,5.3,3.9,7,0
EMP-01465,Customer Support,Senior,43,5,6,Badge,0.42,6.6,0.85,4.0,2.9,8,0
EMP-01466,Engineering,Manager,71,11,6,PTO,0.92,202.16,0.38,8.0,4.2,8,0
EMP-01467,Customer Support,Manager,67,3,10,Points,0.25,17.66,0.53,6.7,4.6,4,0
EMP-01468,Sales,Manager,53,10,8,Points,0.83,13.01,0.76,8.5,4.5,2,0
EMP-01469,Customer Support,Mid,32,5,2,Badge,0.42,0.28,0.52,5.5,4.1,4,0
EMP-01470,Operations,Mid,31,8,4,Badge,0.67,0.13,0.75,5.6,4.2,2,0
EMP-01471,Marketing,Mid,26,8,0,PTO,0.67,272.21,0.77,9.0,5.0,5,0
EMP-01472,Operations,Senior,44,13,5,Badge,1.08,9.95,0.56,7.9,,10,0
EMP-01473,Customer Support,Manager,100,13,7,Points,1.08,21.09,0.7,7.3,4.3,5,0
EMP-01474,Sales,Junior,7,7,2,Points,0.58,14.59,0.57,4.5,3.0,10,0
EMP-01475,Sales,Manager,74,9,8,PTO,0.75,149.84,0.63,8.9,4.5,4,0
EMP-01476,Marketing,Senior,28,11,6,Badge,0.92,1.03,0.51,6.3,5.0,5,0
EMP-01477,Operations,Manager,66,11,10,Badge,0.92,6.3,0.23,7.3,3.7,3,0
EMP-01478,Operations,Manager,98,9,10,Points,0.75,15.13,0.77,6.8,3.6,6,0
EMP-01479,Operations,Junior,6,3,3,Points,0.25,19.28,0.73,6.5,3.9,8,0
EMP-01480,Sales,Junior,13,5,4,Monetary,0.42,174.7,0.83,6.6,3.5,1,0
EMP-01481,Operations,Junior,7,5,0,Points,0.42,30.61,0.59,3.4,2.3,14,1
EMP-01482,Engineering,Junior,4,4,1,Monetary,0.33,48.59,0.84,5.9,3.5,3,0
EMP-01483,Marketing,Mid,26,6,2,Points,0.5,9.3,0.79,8.1,5.0,3,0
EMP-01484,Engineering,Senior,35,13,3,Points,1.08,34.44,0.43,8.7,5.0,3,0
EMP-01485,Sales,Manager,29,12,15,Badge,1.0,1.63,0.88,8.8,5.0,5,0
EMP-01486,Sales,Mid,24,11,5,Monetary,0.92,59.44,0.81,6.9,3.8,3,0
EMP-01487,Sales,Junior,1,8,1,PTO,0.67,200.45,0.96,6.7,4.2,4,0
EMP-01488,Operations,Junior,51,10,4,Points,0.83,45.98,0.52,8.5,4.3,4,0
EMP-01489,Sales,Junior,3,6,1,Monetary,0.5,119.75,0.8,7.3,3.3,6,0
EMP-01490,Sales,Mid,43,9,0,PTO,0.75,167.08,0.32,6.3,4.1,3,0
EMP-01491,Engineering,Mid,25,16,2,Monetary,1.33,175.27,0.65,8.2,5.0,3,0
EMP-01492,Sales,Junior,16,5,0,Monetary,0.42,76.36,0.52,5.4,5.0,3,0
EMP-01493,Engineering,Mid,17,5,4,Points,0.42,6.56,0.5,6.7,4.8,3,0
EMP-01494,Engineering,Junior,4,3,1,Badge,0.25,5.58,0.69,3.1,2.9,10,1
EMP-01495,Marketing,Mid,4,7,1,Points,0.58,10.94,0.91,6.0,3.7,6,0
EMP-01496,Marketing,Mid,52,9,1,Badge,0.75,0.61,0.93,7.3,3.5,4,0
EMP-01497,Marketing,Mid,25,5,4,Monetary,0.42,41.98,0.36,7.5,,4,0
EMP-01498,Sales,Mid,19,8,4,PTO,0.67,77.58,0.58,8.4,4.6,3,0
EMP-01499,Sales,Manager,73,11,7,Badge,0.92,6.56,0.56,7.8,3.7,3,0
EMP-01500,Customer Support,Junior,1,2,2,Points,0.17,31.21,0.78,6.1,3.5,5,0
EMP-01501,Sales,Mid,50,7,3,Monetary,0.58,81.04,0.63,7.9,4.6,5,0
EMP-01502,Sales,Senior,54,11,0,Points,0.92,15.94,0.98,6.3,4.2,2,0
EMP-01503,Engineering,Mid,15,3,1,Points,0.25,5.03,0.39,7.0,3.3,5,0
EMP-01504,Sales,Manager,50,7,7,Badge,0.58,1.59,0.45,7.7,5.0,5,0
EMP-01505,Sales,Mid,45,7,4,Points,0.58,30.9,0.74,7.8,3.9,2,0
EMP-01506,Sales,Mid,13,9,3,Monetary,0.75,122.38,1.0,7.4,4.6,5,0
EMP-01507,Marketing,Junior,4,4,2,Points,0.33,38.14,0.89,4.3,2.9,9,0
EMP-01508,Marketing,Mid,34,4,2,Points,0.33,6.48,0.55,6.5,4.0,3,0
EMP-01509,Marketing,Junior,1,3,0,Monetary,0.25,164.14,0.54,7.7,5.0,8,0
EMP-01510,Operations,Junior,17,5,0,Points,0.42,31.18,0.56,4.1,3.5,2,0
EMP-01511,Operations,Mid,47,9,6,Badge,0.75,2.73,0.73,9.3,3.9,5,0
EMP-01512,Operations,Mid,24,3,2,Points,0.25,24.6,0.69,4.2,2.8,8,0
EMP-01513,Customer Support,Junior,14,3,0,Points,0.25,40.97,0.3,6.0,3.8,5,0
EMP-01514,Engineering,Senior,39,8,1,Points,0.67,26.86,0.4,8.8,5.0,4,0
EMP-01515,Engineering,Mid,41,4,1,Points,0.33,36.86,0.63,7.3,3.7,4,0
EMP-01516,Engineering,Junior,2,4,3,Badge,0.33,4.07,0.75,7.4,3.3,6,0
EMP-01517,Marketing,Mid,48,10,3,Monetary,0.83,120.61,0.88,7.3,5.0,8,0
EMP-01518,Customer Support,Senior,35,4,3,Points,0.33,42.48,0.44,5.4,3.9,3,0
EMP-01519,Engineering,Mid,31,6,2,PTO,0.5,174.16,0.55,7.8,4.9,7,0
EMP-01520,Customer Support,Mid,19,6,2,Badge,0.5,5.63,0.76,8.6,3.2,4,0
EMP-01521,Engineering,Mid,25,12,2,Monetary,1.0,98.88,0.87,8.9,4.0,8,0
EMP-01522,Customer Support,Mid,29,3,1,Points,0.25,13.58,0.89,7.2,3.5,2,0
EMP-01523,Sales,Manager,45,9,5,Monetary,0.75,195.36,0.97,5.8,4.2,4,0
EMP-01524,Engineering,Senior,32,12,8,Badge,1.0,0.21,0.59,10.0,5.0,6,0
EMP-01525,Sales,Junior,1,6,2,Monetary,0.5,46.74,1.0,5.6,3.7,2,0
EMP-01526,Engineering,Mid,11,7,2,Points,0.58,37.07,0.36,5.6,4.7,10,0
EMP-01527,Sales,Manager,72,10,8,PTO,0.83,235.17,0.27,7.8,3.9,2,0
EMP-01528,Sales,Junior,3,3,3,Monetary,0.25,52.37,0.89,5.3,4.0,9,0
EMP-01529,Operations,Manager,58,13,7,Points,1.08,33.52,0.22,8.3,5.0,4,0
EMP-01530,Marketing,Manager,76,5,8,Badge,0.42,8.85,0.74,7.4,4.9,2,0
EMP-01531,Sales,Junior,5,10,4,Badge,0.83,8.0,0.82,6.8,5.0,3,0
EMP-01532,Marketing,Manager,68,10,13,Badge,0.83,0.04,0.38,6.8,4.1,4,0
EMP-01533,Operations,Mid,33,7,3,PTO,0.58,60.09,0.41,6.9,3.8,2,0
EMP-01534,Engineering,Senior,47,9,3,PTO,0.75,166.61,0.73,7.7,3.6,4,0
EMP-01535,Sales,Mid,24,6,3,Points,0.5,20.84,0.83,8.4,4.3,5,0
EMP-01536,Engineering,Mid,7,2,3,Points,0.17,9.2,0.67,6.1,3.2,6,0
EMP-01537,Engineering,Mid,43,7,2,Monetary,0.58,58.74,0.93,7.2,4.2,2,0
EMP-01538,Operations,Senior,24,9,1,Points,0.75,47.43,0.89,7.7,3.9,5,0
EMP-01539,Engineering,Junior,14,2,2,Badge,0.17,3.68,0.63,6.4,4.5,3,0
EMP-01540,Marketing,Mid,27,4,2,Points,0.33,14.96,0.57,7.4,4.6,3,0
EMP-01541,Operations,Junior,4,6,1,Badge,0.5,1.62,0.46,4.8,4.2,8,0
EMP-01542,Engineering,Mid,38,2,3,Points,0.17,31.56,0.76,6.6,3.0,3,0
EMP-01543,Marketing,Mid,24,8,1,Points,0.67,25.9,0.42,7.6,4.6,0,0
EMP-01544,Engineering,Mid,39,8,1,Points,0.67,20.35,0.9,8.4,5.0,3,0
EMP-01545,Customer Support,Mid,9,2,0,Badge,0.17,3.68,0.73,5.2,3.1,8,0
EMP-01546,Sales,Junior,1,5,2,Points,0.42,14.1,0.56,4.4,3.2,9,0
EMP-01547,Operations,Junior,7,0,1,Badge,0.0,7.46,0.0,2.9,2.2,13,1
EMP-01548,Marketing,Junior,11,0,1,Points,0.0,38.69,0.0,2.4,3.0,9,1
EMP-01549,Engineering,Mid,23,5,3,Badge,0.42,0.32,0.7,6.4,3.8,4,0
EMP-01550,Marketing,Manager,70,6,3,Points,0.5,14.69,0.82,7.9,4.4,0,0
EMP-01551,Customer Support,Junior,20,2,3,Points,0.17,7.77,0.62,6.0,3.4,1,0
EMP-01552,Marketing,Manager,73,12,8,Points,1.0,8.95,0.33,9.0,4.5,7,0
EMP-01553,Operations,Senior,30,5,5,Badge,0.42,9.57,0.54,7.0,3.5,3,0
EMP-01554,Customer Support,Mid,16,3,6,Monetary,0.25,104.63,0.84,4.5,3.4,6,0
EMP-01555,Engineering,Mid,27,2,6,PTO,0.17,99.86,0.76,8.3,4.3,1,0
EMP-01556,Engineering,Senior,33,10,5,Monetary,0.83,193.96,0.26,8.3,5.0,2,0
EMP-01557,Marketing,Junior,2,4,1,Monetary,0.33,108.32,0.71,4.2,3.4,7,0
EMP-01558,Sales,Mid,39,7,0,Points,0.58,35.83,0.33,8.3,4.8,6,0
EMP-01559,Operations,Senior,69,12,4,Badge,1.0,9.57,0.27,6.8,4.6,3,0
EMP-01560,Customer Support,Mid,12,6,6,Monetary,0.5,187.71,0.81,5.5,3.9,2,0
EMP-01561,Sales,Senior,37,13,4,Points,1.08,48.4,0.67,8.4,4.6,4,0
EMP-01562,Engineering,Junior,1,4,2,Points,0.33,42.77,0.5,4.3,3.4,8,0
EMP-01563,Operations,Senior,39,9,1,Badge,0.75,7.01,0.41,6.5,4.6,4,0
EMP-01564,Engineering,Mid,3,5,7,Points,0.42,14.42,0.61,6.6,4.2,7,0
EMP-01565,Operations,Mid,15,9,1,Badge,0.75,1.83,0.36,7.6,4.3,4,0
EMP-01566,Sales,Mid,49,7,3,PTO,0.58,138.15,0.25,8.6,5.0,6,0
EMP-01567,Marketing,Mid,25,11,2,Monetary,0.92,182.57,0.72,8.7,4.1,3,0
EMP-01568,Engineering,Manager,72,8,9,PTO,0.67,111.77,0.66,10.0,4.8,6,0
EMP-01569,Marketing,Mid,35,7,0,Points,0.58,14.46,0.42,6.6,4.5,4,0
EMP-01570,Sales,Senior,44,12,4,Monetary,1.0,125.8,0.58,9.3,4.1,3,0
EMP-01571,Marketing,Mid,6,8,5,Points,0.67,15.42,0.54,6.7,4.1,5,0
EMP-01572,Engineering,Junior,5,4,1,Points,0.33,31.07,0.6,5.4,3.2,7,0
EMP-01573,Operations,Junior,5,2,0,Points,0.17,34.32,0.54,5.0,3.3,3,0
EMP-01574,Customer Support,Junior,22,3,1,Monetary,0.25,86.95,0.71,5.8,2.4,8,0
EMP-01575,Engineering,Mid,19,6,1,Points,0.5,25.45,0.68,7.7,4.7,6,0
EMP-01576,Engineering,Mid,61,7,2,Monetary,0.58,106.78,0.47,7.8,4.5,5,0
EMP-01577,Engineering,Senior,77,16,4,Monetary,1.33,46.08,0.67,9.4,4.9,2,0
EMP-01578,Marketing,Senior,55,7,5,Badge,0.58,1.12,0.67,7.5,5.0,6,0
EMP-01579,Marketing,Junior,6,2,0,Points,0.17,11.68,0.75,4.5,2.8,10,0
EMP-01580,Marketing,Junior,9,1,0,Points,0.08,39.07,0.67,6.3,3.1,1,0
EMP-01581,Engineering,Junior,34,4,1,Points,0.33,39.55,0.4,7.4,3.7,4,0
EMP-01582,Sales,Mid,22,13,1,Points,1.08,24.32,0.25,9.3,5.0,2,0
EMP-01583,Marketing,Junior,1,4,5,Points,0.33,6.22,0.67,5.6,3.8,4,0
EMP-01584,Sales,Junior,18,4,0,Badge,0.33,0.14,0.61,5.0,3.1,7,0
EMP-01585,Customer Support,Manager,44,8,6,Points,0.67,48.16,0.71,8.3,4.6,6,0
EMP-01586,Engineering,Senior,50,9,3,Points,0.75,15.3,0.65,8.0,4.6,4,0
EMP-01587,Operations,Junior,6,3,1,Monetary,0.25,54.4,0.81,6.2,4.7,2,0
EMP-01588,Sales,Mid,3,9,3,Monetary,0.75,39.84,0.86,6.1,4.6,7,0
EMP-01589,Sales,Mid,37,7,1,Monetary,0.58,147.39,0.63,7.1,3.6,7,0
EMP-01590,Operations,Senior,73,11,3,Points,0.92,37.73,0.54,8.7,5.0,4,0
EMP-01591,Operations,Mid,18,8,0,Monetary,0.67,192.71,0.53,6.6,4.5,0,0
EMP-01592,Customer Support,Junior,8,1,4,Badge,0.08,8.43,0.75,3.5,3.7,9,1
EMP-01593,Engineering,Senior,34,11,4,Monetary,0.92,29.36,0.62,6.5,4.3,4,0
EMP-01594,Engineering,Mid,6,5,3,Badge,0.42,8.14,0.24,5.6,4.1,5,0
EMP-01595,Operations,Junior,19,2,1,Badge,0.17,9.67,0.65,5.2,3.6,4,0
EMP-01596,Marketing,Mid,20,5,5,Points,0.42,28.66,0.32,6.9,5.0,6,0
EMP-01597,Engineering,Mid,60,4,4,Points,0.33,12.37,0.41,7.7,4.9,4,0
EMP-01598,Engineering,Mid,26,5,3,Badge,0.42,2.32,0.6,6.9,4.4,4,0
EMP-01599,Engineering,Junior,2,2,1,Points,0.17,42.69,0.63,4.5,3.4,11,0
EMP-01600,Customer Support,Mid,3,3,4,Monetary,0.25,194.14,0.88,6.4,4.4,5,0
EMP-01601,Engineering,Junior,8,6,4,Points,0.5,48.02,0.54,5.2,3.8,9,0
EMP-01602,Sales,Senior,53,9,8,Points,0.75,27.31,0.7,9.2,5.0,1,0
EMP-01603,Engineering,Junior,18,2,0,Badge,0.17,6.17,0.71,6.8,4.0,4,0
EMP-01604,Sales,Junior,17,8,2,Monetary,0.67,142.07,0.24,6.1,4.8,4,0
EMP-01605,Engineering,Senior,69,9,4,Monetary,0.75,99.25,0.74,8.6,4.9,6,0
EMP-01606,Sales,Senior,31,12,2,PTO,1.0,284.68,0.83,9.9,5.0,6,0
EMP-01607,Engineering,Senior,50,7,5,Points,0.58,41.85,0.71,8.7,4.8,5,0
EMP-01608,Operations,Mid,37,8,1,Points,0.67,11.05,0.65,9.2,4.8,5,0
EMP-01609,Engineering,Junior,1,3,0,Badge,0.25,1.32,0.82,5.6,4.3,6,0
EMP-01610,Marketing,Senior,37,8,3,Points,0.67,30.23,0.4,7.7,4.4,3,0
EMP-01611,Customer Support,Senior,52,5,2,Points,0.42,29.12,0.45,6.3,3.8,3,0
EMP-01612,Marketing,Junior,24,3,0,PTO,0.25,54.7,0.37,6.9,4.2,2,0
EMP-01613,Marketing,Manager,18,9,4,Points,0.75,25.5,0.65,7.5,4.1,5,0
EMP-01614,Sales,Junior,1,5,1,Points,0.42,47.67,0.9,6.9,3.6,5,0
EMP-01615,Sales,Manager,66,11,4,Badge,0.92,4.45,0.53,8.4,4.8,1,0
EMP-01616,Marketing,Senior,60,14,10,Monetary,1.17,142.6,0.24,8.9,4.4,3,0
EMP-01617,Customer Support,Senior,44,4,4,PTO,0.33,226.0,0.7,4.1,2.3,17,0
EMP-01618,Marketing,Manager,59,8,9,Badge,0.67,0.3,0.48,8.9,4.6,5,0
EMP-01619,Marketing,Senior,41,13,2,Points,1.08,17.55,0.44,7.6,4.4,4,0
EMP-01620,Operations,Junior,32,3,2,Points,0.25,47.21,0.37,6.2,4.9,5,0
EMP-01621,Sales,Mid,11,8,4,Badge,0.67,5.1,0.98,6.5,4.8,7,0
EMP-01622,Engineering,Junior,10,5,3,PTO,0.42,294.71,0.36,6.6,4.1,10,0
EMP-01623,Marketing,Mid,3,4,3,Monetary,0.33,181.63,0.41,4.4,4.1,7,0
EMP-01624,Customer Support,Senior,27,5,1,PTO,0.42,120.14,0.57,6.5,4.2,5,0
EMP-01625,Engineering,Mid,28,7,1,Points,0.58,17.01,0.48,8.2,3.9,6,0
EMP-01626,Operations,Mid,30,5,4,Badge,0.42,3.55,0.69,7.4,4.5,2,0
EMP-01627,Engineering,Mid,26,7,1,Points,0.58,27.91,0.46,7.1,4.7,4,0
EMP-01628,Marketing,Manager,50,15,10,Points,1.25,45.36,0.71,8.6,4.2,0,0
EMP-01629,Engineering,Junior,19,4,3,Points,0.33,27.56,0.96,6.6,3.9,3,0
EMP-01630,Sales,Mid,12,5,7,PTO,0.42,245.86,0.25,6.5,4.9,10,0
EMP-01631,Operations,Junior,3,3,1,Badge,0.25,5.79,0.42,4.5,4.0,7,0
EMP-01632,Sales,Senior,49,17,4,Points,1.42,15.3,0.28,8.7,4.3,1,0
EMP-01633,Marketing,Junior,12,4,1,Badge,0.33,4.22,0.21,6.4,3.0,3,0
EMP-01634,Operations,Senior,58,7,9,Monetary,0.58,97.21,0.35,7.0,3.9,7,0
EMP-01635,Customer Support,Junior,5,2,3,Points,0.17,49.65,0.74,5.0,2.8,8,0
EMP-01636,Engineering,Junior,18,9,1,Monetary,0.75,121.23,0.62,7.8,4.8,2,0
EMP-01637,Sales,Manager,79,10,7,Badge,0.83,0.76,0.79,9.2,5.0,5,0
EMP-01638,Engineering,Junior,16,3,1,Points,0.25,30.86,0.74,8.2,4.3,5,0
EMP-01639,Customer Support,Mid,25,7,2,Badge,0.58,5.66,0.65,6.4,3.4,3,0
EMP-01640,Customer Support,Junior,8,4,1,Points,0.33,26.62,0.72,5.8,4.2,8,0
EMP-01641,Marketing,Mid,15,8,0,PTO,0.67,130.16,0.42,6.4,3.8,5,0
EMP-01642,Operations,Mid,32,5,2,Points,0.42,16.16,0.69,8.8,5.0,6,0
EMP-01643,Marketing,Mid,36,6,1,Monetary,0.5,60.97,0.7,7.9,5.0,2,0
EMP-01644,Marketing,Junior,12,0,2,Points,0.0,9.11,0.0,3.5,3.3,10,1
EMP-01645,Engineering,Mid,37,2,1,Badge,0.17,3.78,0.54,6.8,3.3,10,0
EMP-01646,Operations,Senior,56,10,5,Badge,0.83,7.2,0.45,8.0,5.0,8,0
EMP-01647,Engineering,Senior,47,5,5,Points,0.42,31.09,0.88,8.9,4.7,3,0
EMP-01648,Operations,Mid,34,6,3,Badge,0.5,0.15,0.79,7.6,4.1,3,0
EMP-01649,Operations,Mid,41,6,4,Points,0.5,42.54,0.35,7.8,4.1,1,0
EMP-01650,Operations,Junior,5,3,4,Monetary,0.25,94.98,0.63,6.9,4.2,1,0
EMP-01651,Engineering,Junior,11,3,2,Monetary,0.25,147.96,0.65,5.4,3.9,9,0
EMP-01652,Sales,Junior,10,3,0,Badge,0.25,7.64,0.8,5.9,4.3,7,0
EMP-01653,Engineering,Junior,6,1,1,Points,0.08,26.44,0.14,5.8,3.4,3,0
EMP-01654,Sales,Junior,4,3,1,Points,0.25,40.66,0.39,5.1,3.8,9,0
EMP-01655,Engineering,Mid,50,6,2,PTO,0.5,202.43,0.91,8.3,4.2,3,0
EMP-01656,Customer Support,Mid,3,2,2,Points,0.17,40.84,0.76,5.0,4.0,8,0
EMP-01657,Marketing,Manager,31,10,6,PTO,0.83,220.77,0.63,8.7,5.0,5,0
EMP-01658,Sales,Junior,17,6,1,Points,0.5,12.37,0.99,6.8,4.1,5,0
EMP-01659,Sales,Mid,23,12,3,Badge,1.0,2.41,0.45,7.6,4.0,3,0
EMP-01660,Sales,Senior,35,13,2,Points,1.08,24.11,0.45,8.2,4.7,3,0
EMP-01661,Marketing,Mid,30,4,5,Points,0.33,22.06,0.34,5.8,4.6,7,0
EMP-01662,Sales,Junior,5,8,0,Badge,0.67,3.11,0.07,5.0,3.5,7,0
EMP-01663,Customer Support,Junior,25,6,1,PTO,0.5,165.76,0.7,6.1,3.9,3,0
EMP-01664,Sales,Junior,16,5,1,PTO,0.42,180.31,0.6,6.7,2.7,5,0
EMP-01665,Customer Support,Mid,36,6,1,Badge,0.5,9.1,0.7,8.9,4.7,5,0
EMP-01666,Operations,Senior,45,10,2,Badge,0.83,3.0,0.46,7.3,5.0,3,0
EMP-01667,Engineering,Junior,1,2,5,Monetary,0.17,34.62,0.43,4.4,2.5,6,0
EMP-01668,Customer Support,Junior,39,1,1,Points,0.08,19.1,0.57,6.0,4.2,2,0
EMP-01669,Engineering,Senior,16,14,2,Points,1.17,37.23,0.52,9.7,4.0,4,0
EMP-01670,Operations,Senior,33,9,3,Points,0.75,22.18,0.05,8.8,5.0,2,0
EMP-01671,Sales,Mid,49,9,1,PTO,0.75,98.53,1.0,8.5,4.7,0,0
EMP-01672,Customer Support,Senior,50,0,5,Monetary,0.0,92.79,0.0,3.8,2.7,11,1
EMP-01673,Customer Support,Mid,25,2,3,Points,0.17,37.4,0.73,4.3,3.1,2,0
EMP-01674,Operations,Junior,6,4,2,PTO,0.33,73.4,0.88,6.4,4.6,6,0
EMP-01675,Operations,Mid,45,1,3,Monetary,0.08,146.73,0.98,8.2,4.3,4,0
EMP-01676,Sales,Mid,22,12,6,Badge,1.0,1.36,0.77,7.7,3.8,1,0
EMP-01677,Engineering,Manager,63,7,8,Badge,0.58,9.8,0.79,8.6,4.6,9,0
EMP-01678,Sales,Junior,15,7,0,Points,0.58,24.99,0.94,7.7,3.9,0,0
EMP-01679,Engineering,Mid,10,6,1,PTO,0.5,147.91,0.84,7.6,3.7,9,0
EMP-01680,Operations,Mid,32,4,4,Points,0.33,31.34,0.9,6.3,4.0,2,0
EMP-01681,Sales,Mid,11,9,0,Points,0.75,11.5,0.71,5.2,4.8,6,0
EMP-01682,Customer Support,Junior,6,2,0,Badge,0.17,3.33,0.43,2.2,2.0,15,1
EMP-01683,Marketing,Mid,32,4,2,Points,0.33,30.73,0.49,5.3,4.3,8,0
EMP-01684,Operations,Senior,45,10,4,Points,0.83,8.11,0.51,6.8,4.5,4,0
EMP-01685,Engineering,Mid,49,8,1,PTO,0.67,114.16,0.6,8.3,5.0,5,0
EMP-01686,Customer Support,Mid,36,6,4,Points,0.5,27.38,0.59,6.2,3.6,3,0
EMP-01687,Customer Support,Junior,2,2,3,Points,0.17,35.31,0.41,5.1,3.1,4,0
EMP-01688,Sales,Junior,16,13,2,Badge,1.08,3.12,0.38,7.6,3.8,4,0
EMP-01689,Marketing,Mid,19,4,1,Points,0.33,33.13,0.73,6.5,4.2,2,0
EMP-01690,Operations,Senior,12,7,1,Points,0.58,16.31,0.68,8.7,3.9,4,0
EMP-01691,Engineering,Manager,37,7,4,Points,0.58,24.55,0.57,6.3,5.0,5,0
EMP-01692,Sales,Mid,36,11,3,Points,0.92,24.01,0.2,7.8,4.4,1,0
EMP-01693,Sales,Mid,40,9,3,Monetary,0.75,31.22,0.45,6.2,4.1,6,0
EMP-01694,Engineering,Senior,75,13,2,Points,1.08,47.31,0.48,9.7,3.0,3,0
EMP-01695,Sales,Mid,34,10,4,Badge,0.83,7.54,0.56,6.5,4.7,1,0
EMP-01696,Engineering,Mid,48,12,4,Monetary,1.0,127.74,0.51,9.0,3.8,5,0
EMP-01697,Engineering,Junior,15,5,2,Badge,0.42,3.23,0.91,7.3,4.7,3,0
EMP-01698,Engineering,Senior,58,13,6,Monetary,1.08,169.44,0.92,10.0,4.8,5,0
EMP-01699,Customer Support,Mid,42,2,3,Points,0.17,36.7,0.41,5.8,3.0,1,0
EMP-01700,Marketing,Senior,56,9,6,Monetary,0.75,49.33,0.73,8.0,4.5,6,0
EMP-01701,Customer Support,Senior,29,8,6,Badge,0.67,5.64,0.8,5.4,3.4,7,0
EMP-01702,Sales,Junior,7,5,1,PTO,0.42,115.95,1.0,4.9,3.3,10,0
EMP-01703,Sales,Senior,75,7,10,Badge,0.58,7.26,0.31,7.1,4.6,5,0
EMP-01704,Sales,Senior,58,14,5,Monetary,1.17,98.93,0.4,7.0,4.0,4,0
EMP-01705,Sales,Mid,35,7,6,PTO,0.58,113.43,0.5,7.9,4.1,5,0
EMP-01706,Engineering,Junior,3,4,1,Badge,0.33,9.18,0.85,7.1,3.5,6,0
EMP-01707,Marketing,Junior,5,4,1,Badge,0.33,9.11,0.44,3.8,3.1,4,1
EMP-01708,Engineering,Mid,31,4,3,Points,0.33,41.94,0.75,7.2,3.8,4,0
EMP-01709,Marketing,Mid,40,6,4,Points,0.5,9.31,0.49,7.3,4.1,3,0
EMP-01710,Marketing,Mid,37,5,1,Badge,0.42,7.55,0.53,5.6,4.2,3,0
EMP-01711,Engineering,Junior,56,7,3,Points,0.58,8.65,0.5,8.9,5.0,5,0
EMP-01712,Engineering,Senior,31,9,1,Monetary,0.75,43.29,0.44,8.0,4.3,4,0
EMP-01713,Operations,Junior,20,2,1,Badge,0.17,1.63,0.78,7.6,3.5,5,0
EMP-01714,Sales,Junior,16,7,1,Points,0.58,36.01,0.75,6.8,4.0,3,0
EMP-01715,Engineering,Mid,34,5,1,Badge,0.42,3.84,0.37,7.1,4.8,6,0
EMP-01716,Customer Support,Mid,26,3,3,PTO,0.25,260.89,0.57,6.7,3.3,1,0
EMP-01717,Engineering,Junior,8,3,1,Points,0.25,38.57,0.73,6.0,3.9,3,0
EMP-01718,Operations,Junior,26,6,3,Points,0.5,39.54,0.56,8.4,5.0,8,0
EMP-01719,Customer Support,Junior,4,2,0,Monetary,0.17,187.9,0.76,5.2,3.7,7,0
EMP-01720,Engineering,Senior,47,5,5,Badge,0.42,5.94,0.87,8.0,5.0,2,0
EMP-01721,Engineering,Senior,36,8,8,Points,0.67,43.4,0.58,6.8,4.5,3,0
EMP-01722,Engineering,Mid,42,6,4,Badge,0.5,2.56,0.56,7.0,4.5,1,0
EMP-01723,Sales,Senior,32,19,5,PTO,1.58,279.48,0.37,8.9,5.0,3,0
EMP-01724,Engineering,Senior,49,11,7,Points,0.92,47.27,0.77,9.8,5.0,6,0
EMP-01725,Operations,Junior,26,1,1,Badge,0.08,3.9,0.73,6.3,4.9,11,0
EMP-01726,Engineering,Manager,63,6,9,Monetary,0.5,83.39,0.72,8.5,4.4,8,0
EMP-01727,Sales,Senior,72,11,5,Monetary,0.92,77.21,0.9,7.5,3.3,4,0
EMP-01728,Customer Support,Junior,22,4,1,Points,0.33,26.64,0.72,6.1,4.2,0,0
EMP-01729,Operations,Junior,14,3,1,Badge,0.25,6.62,0.5,4.2,4.1,4,0
EMP-01730,Marketing,Junior,8,4,3,PTO,0.33,176.68,0.77,7.5,4.2,2,0
EMP-01731,Sales,Junior,11,4,0,Points,0.33,28.74,0.48,7.0,4.1,6,0
EMP-01732,Marketing,Senior,43,7,5,PTO,0.58,65.14,0.94,7.3,5.0,2,0
EMP-01733,Marketing,Mid,15,8,1,Badge,0.67,8.97,0.89,7.2,5.0,3,0
EMP-01734,Sales,Senior,61,18,5,PTO,1.5,93.6,0.91,9.5,5.0,3,0
EMP-01735,Engineering,Senior,77,10,3,Badge,0.83,7.22,0.52,7.8,4.4,3,0
EMP-01736,Customer Support,Mid,25,5,4,Points,0.42,18.63,0.38,6.3,3.6,3,0
EMP-01737,Sales,Senior,61,9,1,Monetary,0.75,107.25,0.67,6.7,4.1,4,0
EMP-01738,Engineering,Junior,9,4,3,Points,0.33,5.32,0.84,7.8,3.2,4,0
EMP-01739,Sales,Mid,47,8,5,Points,0.67,41.74,0.88,7.9,4.0,5,0
EMP-01740,Sales,Mid,28,9,4,Badge,0.75,9.61,0.57,7.8,4.7,2,0
EMP-01741,Operations,Junior,1,3,3,Points,0.25,10.55,0.47,4.4,2.7,11,0
EMP-01742,Operations,Junior,22,3,1,Points,0.25,13.66,0.51,3.9,2.9,5,1
EMP-01743,Operations,Senior,64,7,8,Monetary,0.58,37.66,0.34,7.9,4.8,5,0
EMP-01744,Engineering,Senior,62,7,5,Monetary,0.58,38.81,0.45,8.8,4.8,4,0
EMP-01745,Sales,Junior,1,4,1,Points,0.33,29.72,0.61,5.1,4.1,7,0
EMP-01746,Sales,Senior,55,14,3,Badge,1.17,1.64,0.77,8.7,4.7,2,0
EMP-01747,Engineering,Senior,53,11,4,Badge,0.92,2.21,0.69,8.6,5.0,4,0
EMP-01748,Engineering,Mid,24,4,0,Points,0.33,25.31,0.74,8.3,3.8,5,0
EMP-01749,Operations,Junior,20,0,1,Points,0.0,26.63,0.0,4.3,4.4,5,0
EMP-01750,Engineering,Manager,47,13,3,Points,1.08,17.94,0.1,9.0,5.0,3,0
EMP-01751,Marketing,Mid,35,8,2,Points,0.67,49.16,0.68,5.7,3.8,6,0
EMP-01752,Engineering,Junior,13,3,2,PTO,0.25,78.33,0.69,7.0,4.7,5,0
EMP-01753,Engineering,Mid,27,8,1,Badge,0.67,1.91,0.67,7.8,4.9,3,0
EMP-01754,Engineering,Senior,63,8,4,Monetary,0.67,100.11,0.75,8.9,4.7,5,0
EMP-01755,Customer Support,Junior,6,3,2,Badge,0.25,2.9,0.87,5.6,4.1,8,0
EMP-01756,Operations,Junior,7,5,3,Badge,0.42,8.33,0.36,6.1,4.5,4,0
EMP-01757,Customer Support,Junior,1,3,0,PTO,0.25,94.21,0.94,6.6,3.4,4,0
EMP-01758,Sales,Manager,46,10,10,Badge,0.83,7.14,0.42,5.1,3.6,5,0
EMP-01759,Engineering,Junior,13,4,3,Points,0.33,10.66,0.85,6.7,4.5,3,0
EMP-01760,Marketing,Mid,39,10,3,Badge,0.83,2.68,0.92,6.2,4.0,4,0
EMP-01761,Sales,Manager,73,9,8,Points,0.75,38.3,0.51,8.1,5.0,3,0
EMP-01762,Operations,Junior,21,1,1,Badge,0.08,0.89,0.93,5.6,4.1,1,0
EMP-01763,Engineering,Manager,64,11,4,Points,0.92,45.84,0.54,9.1,4.8,1,0
EMP-01764,Sales,Manager,66,12,8,Badge,1.0,3.21,0.75,8.5,4.6,4,0
EMP-01765,Engineering,Manager,79,8,7,Badge,0.67,3.34,0.62,8.2,5.0,2,0
EMP-01766,Sales,Junior,5,3,0,PTO,0.25,108.61,1.0,6.1,4.5,6,0
EMP-01767,Operations,Mid,32,6,0,Points,0.5,44.21,0.42,8.9,5.0,4,0
EMP-01768,Sales,Senior,41,4,5,Badge,0.33,6.4,0.47,6.5,3.7,4,0
EMP-01769,Sales,Manager,53,13,1,Badge,1.08,0.44,0.52,9.1,4.8,2,0
EMP-01770,Sales,Junior,13,3,2,Points,0.25,46.2,0.36,7.0,4.0,7,0
EMP-01771,Sales,Senior,15,9,0,Badge,0.75,9.32,0.66,8.1,3.6,1,0
EMP-01772,Operations,Mid,3,6,5,Badge,0.5,5.5,0.58,5.4,4.1,6,0
EMP-01773,Customer Support,Junior,3,1,1,Points,0.08,19.17,0.84,4.8,2.9,5,0
EMP-01774,Customer Support,Mid,16,2,5,Points,0.17,12.24,0.4,5.9,3.0,5,0
EMP-01775,Operations,Senior,34,6,3,Monetary,0.5,70.72,0.36,5.9,4.0,5,0
EMP-01776,Sales,Mid,26,7,0,Monetary,0.58,178.37,0.92,7.9,3.1,4,0
EMP-01777,Operations,Mid,30,9,6,Badge,0.75,2.06,0.47,8.4,4.2,4,0
EMP-01778,Sales,Manager,67,10,6,Points,0.83,11.72,0.53,7.1,3.4,6,0
EMP-01779,Engineering,Mid,25,9,5,Points,0.75,19.73,0.79,7.9,4.4,5,0
EMP-01780,Operations,Mid,17,6,3,Badge,0.5,3.02,0.9,5.8,2.8,10,0
EMP-01781,Engineering,Mid,53,7,1,Badge,0.58,7.4,0.66,9.9,5.0,5,0
EMP-01782,Customer Support,Mid,63,5,2,PTO,0.42,146.03,0.8,7.9,4.1,5,0
EMP-01783,Sales,Senior,50,14,6,Points,1.17,14.16,0.54,9.1,5.0,5,0
EMP-01784,Marketing,Manager,46,6,6,Monetary,0.5,50.2,0.93,9.0,3.9,7,0
EMP-01785,Marketing,Mid,50,6,4,Points,0.5,27.31,0.79,9.6,4.4,1,0
EMP-01786,Customer Support,Senior,24,9,5,Monetary,0.75,190.84,0.6,6.2,3.8,9,0
EMP-01787,Marketing,Junior,1,1,0,Badge,0.08,4.15,0.34,5.7,3.1,6,0
EMP-01788,Marketing,Junior,4,3,3,Points,0.25,6.66,0.98,5.9,3.8,6,0
EMP-01789,Engineering,Mid,13,3,5,Monetary,0.25,72.88,0.42,4.7,4.2,9,0
EMP-01790,Sales,Junior,8,5,2,Monetary,0.42,82.47,0.79,7.2,3.9,6,0
EMP-01791,Engineering,Junior,1,0,1,Monetary,0.0,133.4,0.0,1.4,2.9,16,1
EMP-01792,Operations,Mid,26,5,2,Badge,0.42,8.68,0.62,6.2,4.8,5,0
EMP-01793,Sales,Junior,1,5,4,Points,0.42,48.39,0.49,4.2,4.1,5,0
EMP-01794,Operations,Junior,8,4,1,Badge,0.33,2.35,0.76,5.8,4.3,8,0
EMP-01795,Engineering,Mid,24,1,1,Points,0.08,43.41,0.83,7.2,4.3,4,0
EMP-01796,Engineering,Mid,26,5,1,Badge,0.42,0.95,0.58,7.1,4.6,5,0
EMP-01797,Operations,Manager,74,5,9,Monetary,0.42,123.63,0.33,7.9,4.6,2,0
EMP-01798,Engineering,Mid,27,12,3,Badge,1.0,3.46,0.8,9.6,4.5,3,0
EMP-01799,Engineering,Mid,41,4,3,Points,0.33,10.48,0.76,8.0,3.9,5,0
EMP-01800,Engineering,Manager,70,8,12,Points,0.67,13.76,0.58,9.3,4.2,2,0
EMP-01801,Customer Support,Senior,57,8,6,Badge,0.67,2.69,0.8,7.9,5.0,2,0
EMP-01802,Operations,Junior,5,1,2,Monetary,0.08,150.5,0.21,3.7,2.8,7,1
EMP-01803,Sales,Junior,2,6,0,Points,0.5,49.58,0.84,5.5,3.8,5,0
EMP-01804,Sales,Senior,70,14,2,Badge,1.17,0.32,1.0,7.7,4.4,5,0
EMP-01805,Sales,Mid,54,5,3,Badge,0.42,7.99,0.45,5.0,3.1,4,0
EMP-01806,Operations,Senior,43,10,3,Monetary,0.83,114.49,0.86,7.3,3.9,5,0
EMP-01807,Marketing,Senior,12,10,0,Points,0.83,10.23,0.54,6.1,4.1,6,0
EMP-01808,Engineering,Mid,27,10,1,Points,0.83,15.45,0.81,8.9,4.3,5,0
EMP-01809,Engineering,Manager,62,13,0,PTO,1.08,156.46,0.74,10.0,4.7,4,0
EMP-01810,Engineering,Mid,3,2,3,Badge,0.17,7.24,0.58,5.2,3.0,6,0
EMP-01811,Marketing,Junior,5,6,1,Points,0.5,15.84,0.82,5.2,3.3,7,0
EMP-01812,Operations,Senior,56,11,2,Points,0.92,33.78,0.42,6.7,3.8,5,0
EMP-01813,Engineering,Junior,25,4,0,Monetary,0.33,72.88,0.74,7.9,3.2,6,0
EMP-01814,Engineering,Senior,53,4,6,PTO,0.33,256.13,0.31,7.9,4.2,6,0
EMP-01815,Engineering,Manager,65,11,9,Badge,0.92,3.06,0.47,8.9,5.0,6,0
EMP-01816,Customer Support,Senior,44,7,7,Badge,0.58,8.22,0.44,7.6,3.9,8,0
EMP-01817,Sales,Mid,11,12,2,Monetary,1.0,81.3,0.81,8.2,4.2,5,0
EMP-01818,Operations,Mid,15,7,5,Badge,0.58,5.49,0.58,6.7,3.3,6,0
EMP-01819,Marketing,Mid,16,6,5,Points,0.5,40.59,0.55,8.1,3.9,5,0
EMP-01820,Sales,Mid,45,9,0,Badge,0.75,0.96,0.31,5.0,5.0,3,0
EMP-01821,Engineering,Mid,27,4,2,PTO,0.33,91.84,0.39,6.1,4.3,6,0
EMP-01822,Engineering,Senior,39,7,5,Points,0.58,48.05,0.92,10.0,5.0,4,0
EMP-01823,Marketing,Senior,33,9,1,PTO,0.75,95.37,0.19,6.5,4.3,5,0
EMP-01824,Operations,Junior,11,6,1,Points,0.5,45.37,0.65,6.6,3.5,7,0
EMP-01825,Marketing,Mid,46,4,4,Badge,0.33,5.14,0.78,5.8,3.8,3,0
EMP-01826,Marketing,Senior,67,14,4,Points,1.17,9.88,0.41,8.6,5.0,4,0
EMP-01827,Engineering,Mid,41,4,3,Monetary,0.33,108.47,0.59,6.2,3.9,3,0
EMP-01828,Customer Support,Mid,27,11,6,Badge,0.92,5.61,0.61,7.7,4.7,2,0
EMP-01829,Operations,Senior,62,6,6,Points,0.5,11.95,0.5,7.4,3.8,2,0
EMP-01830,Sales,Senior,39,8,3,Monetary,0.67,158.82,0.51,7.1,5.0,3,0
EMP-01831,Customer Support,Mid,17,5,1,Badge,0.42,1.17,0.83,6.3,4.3,3,0
EMP-01832,Marketing,Manager,90,14,8,Points,1.17,9.64,0.6,8.1,5.0,4,0
EMP-01833,Marketing,Junior,1,3,1,PTO,0.25,193.32,0.76,6.3,3.2,3,0
EMP-01834,Operations,Manager,50,11,10,Monetary,0.92,170.91,0.76,8.8,5.0,3,0
EMP-01835,Operations,Junior,4,1,2,Points,0.08,32.66,0.96,4.4,3.2,5,0
EMP-01836,Marketing,Junior,18,1,4,Points,0.08,7.09,0.9,5.6,3.7,3,0
EMP-01837,Engineering,Manager,81,6,7,Points,0.5,24.68,0.3,9.6,4.7,1,0
EMP-01838,Sales,Junior,20,8,3,Badge,0.67,7.22,0.72,7.0,4.2,5,0
EMP-01839,Customer Support,Senior,62,4,3,PTO,0.33,115.9,0.71,7.1,4.1,4,0
EMP-01840,Engineering,Senior,58,9,5,Points,0.75,36.34,0.17,7.8,4.5,3,0
EMP-01841,Sales,Senior,64,16,5,Badge,1.33,3.94,0.62,9.4,3.2,6,0
EMP-01842,Sales,Manager,65,7,12,Points,0.58,48.47,0.89,10.0,4.6,3,0
EMP-01843,Sales,Junior,10,11,1,Badge,0.92,4.84,0.76,4.8,3.9,5,0
EMP-01844,Marketing,Senior,47,8,5,PTO,0.67,262.43,0.95,7.7,4.5,6,0
EMP-01845,Customer Support,Junior,2,5,1,Points,0.42,20.68,0.71,5.0,3.0,5,0
EMP-01846,Engineering,Mid,44,10,2,Badge,0.83,7.4,0.96,7.3,4.5,6,0
EMP-01847,Engineering,Senior,30,5,2,PTO,0.42,131.59,0.51,7.3,4.3,3,0
EMP-01848,Engineering,Mid,26,5,0,Badge,0.42,2.85,0.48,6.9,3.9,6,0
EMP-01849,Customer Support,Mid,35,8,2,Points,0.67,12.9,0.57,6.5,4.5,3,0
EMP-01850,Marketing,Mid,51,4,4,Points,0.33,33.82,0.84,7.1,4.1,9,0
EMP-01851,Sales,Mid,13,6,0,Badge,0.5,4.79,0.48,6.0,4.2,4,0
EMP-01852,Operations,Manager,74,7,9,Badge,0.58,3.61,0.79,8.0,5.0,4,0
EMP-01853,Customer Support,Junior,1,1,2,Monetary,0.08,34.71,0.66,6.0,4.1,5,0
EMP-01854,Operations,Mid,24,5,4,Points,0.42,34.67,0.66,7.8,4.5,3,0
EMP-01855,Customer Support,Senior,38,8,1,Monetary,0.67,144.98,0.54,8.0,4.5,5,0
EMP-01856,Engineering,Mid,25,8,3,Badge,0.67,3.2,0.47,8.1,5.0,3,0
EMP-01857,Operations,Junior,1,3,2,Monetary,0.25,140.39,0.59,6.1,3.9,2,0
EMP-01858,Sales,Mid,20,13,2,Monetary,1.08,179.03,0.77,8.8,4.7,2,0
EMP-01859,Operations,Mid,36,9,2,Badge,0.75,3.48,0.71,6.1,3.9,4,0
EMP-01860,Operations,Junior,29,9,1,Points,0.75,37.39,0.87,6.7,4.6,4,0
EMP-01861,Operations,Senior,71,10,6,Monetary,0.83,172.97,0.64,9.1,4.6,7,0
EMP-01862,Marketing,Mid,14,3,3,Badge,0.25,4.38,0.54,6.5,3.1,4,0
EMP-01863,Engineering,Manager,46,15,8,Points,1.25,11.93,0.43,10.0,5.0,5,0
EMP-01864,Marketing,Senior,35,4,3,Points,0.33,6.77,0.48,7.2,3.9,7,0
EMP-01865,Customer Support,Senior,73,12,5,Badge,1.0,7.4,0.53,7.9,3.5,4,0
EMP-01866,Customer Support,Junior,17,5,0,Monetary,0.42,116.48,0.38,7.4,5.0,3,0
EMP-01867,Engineering,Mid,57,6,3,Points,0.5,12.91,0.65,8.5,4.1,2,0
EMP-01868,Engineering,Junior,17,9,2,Monetary,0.75,27.08,0.81,6.8,3.9,4,0
EMP-01869,Engineering,Manager,49,12,9,Badge,1.0,4.27,0.41,9.3,4.8,2,0
EMP-01870,Operations,Junior,26,5,2,Points,0.42,24.32,0.61,8.1,4.3,6,0
EMP-01871,Operations,Junior,11,3,2,Badge,0.25,9.73,0.84,5.6,3.5,4,0
EMP-01872,Engineering,Mid,57,16,0,Points,1.33,11.29,0.56,8.7,5.0,2,0
EMP-01873,Sales,Junior,55,3,2,PTO,0.25,96.64,0.82,8.1,3.4,8,0
EMP-01874,Operations,Junior,20,3,1,Points,0.25,47.9,0.83,5.6,3.3,5,0
EMP-01875,Operations,Mid,28,8,0,Badge,0.67,0.93,0.42,8.0,5.0,2,0
EMP-01876,Marketing,Junior,10,3,0,PTO,0.25,254.23,0.52,7.1,3.9,5,0
EMP-01877,Marketing,Junior,15,1,1,Points,0.08,42.3,0.93,5.0,3.2,4,0
EMP-01878,Sales,Mid,26,11,2,Monetary,0.92,63.54,0.74,7.6,4.7,6,0
EMP-01879,Sales,Senior,71,12,6,Points,1.0,21.28,0.76,9.4,4.1,2,0
EMP-01880,Marketing,Mid,33,4,4,Points,0.33,46.03,0.16,6.3,3.3,5,0
EMP-01881,Operations,Mid,18,3,1,Points,0.25,33.67,0.66,7.4,3.6,6,0
EMP-01882,Customer Support,Mid,21,5,2,Points,0.42,42.82,0.39,5.9,3.1,2,0
EMP-01883,Marketing,Mid,31,10,0,Points,0.83,41.92,0.46,7.0,4.5,2,0
EMP-01884,Operations,Manager,48,13,9,Points,1.08,28.21,0.4,8.1,4.6,4,0
EMP-01885,Engineering,Junior,14,3,1,Monetary,0.25,36.22,0.34,6.8,3.5,4,0
EMP-01886,Sales,Senior,64,12,6,Badge,1.0,5.39,0.69,9.0,4.6,1,0
EMP-01887,Engineering,Manager,31,9,3,Points,0.75,6.25,0.6,8.0,4.8,6,0
EMP-01888,Engineering,Senior,33,8,3,PTO,0.67,131.7,0.67,7.8,4.3,4,0
EMP-01889,Operations,Junior,13,7,1,Monetary,0.58,47.32,0.8,7.4,3.4,4,0
EMP-01890,Customer Support,Junior,21,5,2,Badge,0.42,4.2,0.81,7.3,3.1,3,0
EMP-01891,Engineering,Senior,70,13,7,Points,1.08,9.18,0.76,9.9,5.0,8,0
EMP-01892,Sales,Junior,22,8,1,Badge,0.67,4.02,0.65,6.6,3.5,4,0
EMP-01893,Operations,Senior,47,9,8,PTO,0.75,58.45,0.78,8.9,4.5,3,0
EMP-01894,Engineering,Senior,27,9,5,PTO,0.75,129.37,0.58,9.2,4.7,4,0
EMP-01895,Marketing,Senior,61,9,9,Monetary,0.75,94.59,0.41,7.7,4.4,3,0
EMP-01896,Operations,Junior,18,4,0,Badge,0.33,2.15,0.45,6.3,4.1,2,0
EMP-01897,Marketing,Senior,59,6,4,Points,0.5,48.18,0.74,7.9,4.0,4,0
EMP-01898,Engineering,Senior,37,6,3,Monetary,0.5,75.86,0.81,7.4,4.2,2,0
EMP-01899,Sales,Senior,38,12,9,Points,1.0,32.45,0.97,7.9,3.7,2,0
EMP-01900,Operations,Junior,10,4,2,Monetary,0.33,73.84,0.82,6.3,3.9,11,0
EMP-01901,Marketing,Junior,16,1,4,Monetary,0.08,164.26,0.63,5.9,3.7,6,0
EMP-01902,Engineering,Mid,20,9,3,Points,0.75,35.84,0.53,7.4,4.4,4,0
EMP-01903,Operations,Junior,15,2,0,PTO,0.17,246.78,0.82,9.1,4.5,5,0
EMP-01904,Engineering,Mid,25,9,4,Badge,0.75,1.63,0.58,6.5,4.1,3,0
EMP-01905,Operations,Manager,44,16,12,Points,1.33,20.8,0.57,8.5,4.4,7,0
EMP-01906,Engineering,Mid,22,10,2,Points,0.83,14.11,0.64,7.9,4.8,8,0
EMP-01907,Customer Support,Senior,40,8,5,Monetary,0.67,148.4,0.61,7.3,5.0,5,0
EMP-01908,Sales,Junior,10,8,3,Monetary,0.67,143.84,0.44,5.7,3.9,7,0
EMP-01909,Sales,Junior,5,8,2,Badge,0.67,9.75,0.75,6.7,4.3,6,0
EMP-01910,Engineering,Junior,1,3,2,Points,0.25,45.6,0.8,4.2,3.0,12,0
EMP-01911,Sales,Mid,18,7,1,Monetary,0.58,188.94,0.44,5.2,3.6,6,0
EMP-01912,Customer Support,Manager,54,11,5,Badge,0.92,5.79,0.5,7.7,5.0,6,0
EMP-01913,Customer Support,Junior,12,3,1,Points,0.25,11.69,0.71,6.3,3.7,8,0
EMP-01914,Sales,Mid,22,5,1,Badge,0.42,9.33,0.89,5.7,3.8,5,0
EMP-01915,Sales,Mid,31,10,2,Badge,0.83,8.73,0.87,5.8,5.0,5,0
EMP-01916,Operations,Manager,43,13,6,Points,1.08,23.62,0.52,7.9,4.8,7,0
EMP-01917,Customer Support,Junior,1,2,1,Badge,0.17,5.53,0.76,5.4,3.0,3,0
EMP-01918,Marketing,Junior,2,3,1,PTO,0.25,74.64,0.95,4.1,3.0,9,0
EMP-01919,Sales,Junior,2,9,0,Badge,0.75,3.7,0.8,6.3,3.5,5,0
EMP-01920,Sales,Mid,32,12,3,Points,1.0,41.17,0.17,8.2,4.6,1,0
EMP-01921,Operations,Junior,7,1,0,Badge,0.08,9.77,0.65,6.4,4.1,2,0
EMP-01922,Engineering,Senior,40,5,4,Points,0.42,26.82,0.61,6.1,5.0,1,0
EMP-01923,Marketing,Mid,23,4,3,Points,0.33,17.76,0.74,6.7,3.2,5,0
EMP-01924,Sales,Mid,18,11,5,Points,0.92,39.85,0.82,7.4,4.1,1,0
EMP-01925,Operations,Mid,19,9,2,Points,0.75,43.46,0.52,8.2,4.9,3,0
EMP-01926,Engineering,Junior,6,4,2,Points,0.33,33.62,0.8,5.0,3.1,11,0
EMP-01927,Marketing,Mid,44,5,2,Monetary,0.42,109.45,0.85,8.4,4.5,1,0
EMP-01928,Sales,Manager,51,11,12,Badge,0.92,8.93,0.4,9.0,4.5,4,0
EMP-01929,Marketing,Senior,44,7,2,Points,0.58,35.43,0.71,7.5,4.4,5,0
EMP-01930,Engineering,Manager,61,14,6,Points,1.17,5.04,0.54,10.0,5.0,3,0
EMP-01931,Marketing,Senior,59,4,5,PTO,0.33,292.98,0.5,7.1,4.1,4,0
EMP-01932,Marketing,Junior,18,5,2,Badge,0.42,7.14,0.44,5.0,3.9,0,0
EMP-01933,Marketing,Junior,12,3,4,PTO,0.25,170.66,0.45,5.7,4.9,4,0
EMP-01934,Marketing,Junior,8,1,0,Badge,0.08,0.15,0.66,5.8,4.0,4,0
EMP-01935,Marketing,Mid,33,9,2,Points,0.75,7.04,0.11,6.9,4.8,3,0
EMP-01936,Operations,Junior,2,2,2,Points,0.17,48.56,0.66,4.1,2.0,11,0
EMP-01937,Engineering,Mid,20,5,6,Badge,0.42,7.96,0.61,8.1,4.8,2,0
EMP-01938,Operations,Senior,76,12,5,Points,1.0,9.36,0.12,10.0,4.2,2,0
EMP-01939,Sales,Manager,38,20,7,Badge,1.67,7.48,0.61,7.5,4.9,7,0
EMP-01940,Engineering,Senior,59,6,3,Badge,0.5,1.73,0.29,6.7,4.2,4,0
EMP-01941,Engineering,Manager,78,11,13,Points,0.92,22.46,0.77,7.4,3.9,3,0
EMP-01942,Sales,Junior,13,5,4,PTO,0.42,176.54,0.57,6.3,4.1,8,0
EMP-01943,Operations,Junior,1,2,1,Points,0.17,45.68,0.59,5.6,3.6,1,0
EMP-01944,Operations,Senior,42,8,8,Badge,0.67,0.52,0.39,6.7,4.0,4,0
EMP-01945,Operations,Junior,15,4,4,Monetary,0.33,48.51,0.57,6.8,4.1,4,0
EMP-01946,Sales,Junior,36,10,1,PTO,0.83,243.0,0.7,7.5,4.8,8,0
EMP-01947,Sales,Mid,28,7,3,Points,0.58,49.82,0.68,7.3,3.5,4,0
EMP-01948,Engineering,Junior,3,7,2,Points,0.58,39.93,0.72,5.4,3.9,6,0
EMP-01949,Sales,Mid,29,4,3,Points,0.33,39.99,0.48,5.8,3.6,4,0
EMP-01950,Sales,Mid,17,7,3,PTO,0.58,182.5,1.0,8.3,3.9,2,0
EMP-01951,Engineering,Mid,32,2,6,Points,0.17,20.5,0.4,8.0,3.9,4,0
EMP-01952,Engineering,Senior,66,6,5,Badge,0.5,1.41,0.51,7.5,4.0,4,0
EMP-01953,Marketing,Mid,27,6,3,Points,0.5,13.2,0.79,8.4,5.0,4,0
EMP-01954,Operations,Junior,30,2,3,PTO,0.17,160.84,0.64,6.2,4.1,4,0
EMP-01955,Customer Support,Junior,7,1,2,Points,0.08,48.36,0.32,1.8,2.6,13,1
EMP-01956,Customer Support,Mid,32,3,2,Monetary,0.25,131.26,0.61,6.5,3.4,3,0
EMP-01957,Marketing,Senior,37,8,4,Points,0.67,43.98,0.44,8.5,4.5,6,0
EMP-01958,Sales,Senior,12,8,4,Points,0.67,16.0,0.5,6.8,3.8,4,0
EMP-01959,Marketing,Senior,55,10,4,Monetary,0.83,93.73,0.77,7.1,2.9,9,0
EMP-01960,Operations,Junior,1,3,1,Points,0.25,37.91,0.76,6.7,3.0,6,0
EMP-01961,Engineering,Mid,43,6,2,Points,0.5,8.08,0.27,7.8,5.0,4,0
EMP-01962,Sales,Mid,40,4,1,Points,0.33,17.4,0.66,8.1,5.0,4,0
EMP-01963,Operations,Mid,48,7,4,Monetary,0.58,123.77,0.73,7.7,4.9,3,0
EMP-01964,Sales,Mid,23,15,3,Badge,1.25,7.0,0.62,8.4,4.7,6,0
EMP-01965,Marketing,Mid,24,5,3,Badge,0.42,4.36,0.44,7.3,3.9,5,0
EMP-01966,Marketing,Mid,26,4,4,Points,0.33,43.99,0.51,6.3,4.5,3,0
EMP-01967,Engineering,Senior,64,11,4,Points,0.92,31.3,0.42,9.2,4.9,4,0
EMP-01968,Sales,Junior,12,8,1,Points,0.67,34.31,0.57,5.5,4.3,7,0
EMP-01969,Sales,Senior,76,15,4,Monetary,1.25,72.35,0.83,9.6,5.0,1,0
EMP-01970,Engineering,Junior,7,1,0,Badge,0.08,3.28,0.5,5.1,4.1,5,0
EMP-01971,Engineering,Junior,4,3,1,Badge,0.25,0.4,0.38,5.5,3.6,4,0
EMP-01972,Operations,Manager,60,7,4,Monetary,0.58,38.13,0.92,9.6,4.5,3,0
EMP-01973,Engineering,Manager,77,11,3,PTO,0.92,290.93,0.47,9.6,5.0,1,0
EMP-01974,Sales,Junior,7,5,2,Badge,0.42,5.51,0.65,6.9,3.1,3,0
EMP-01975,Sales,Mid,24,8,4,Badge,0.67,1.22,0.51,4.5,4.2,4,0
EMP-01976,Customer Support,Junior,2,2,2,Badge,0.17,3.11,0.66,2.8,2.5,9,1
EMP-01977,Engineering,Mid,17,8,5,PTO,0.67,208.57,0.64,7.0,3.1,4,0
EMP-01978,Sales,Senior,55,14,5,Monetary,1.17,175.22,0.59,7.6,4.4,4,0
EMP-01979,Customer Support,Manager,73,3,6,PTO,0.25,66.45,0.72,9.7,4.3,3,0
EMP-01980,Operations,Mid,15,6,2,PTO,0.5,163.48,0.22,7.8,4.3,3,0
EMP-01981,Engineering,Mid,20,3,3,Monetary,0.25,37.0,0.7,6.9,5.0,3,0
EMP-01982,Operations,Mid,40,5,1,Points,0.42,25.8,0.65,6.0,5.0,3,0
EMP-01983,Sales,Mid,17,8,2,Points,0.67,37.49,0.82,8.3,4.6,6,0
EMP-01984,Sales,Manager,40,20,9,Badge,1.67,7.74,0.76,9.0,4.5,4,0
EMP-01985,Engineering,Manager,38,16,7,Points,1.33,17.35,0.37,8.2,5.0,2,0
EMP-01986,Engineering,Mid,34,1,0,Monetary,0.08,71.78,0.72,9.0,3.8,5,0
EMP-01987,Operations,Mid,34,5,2,Badge,0.42,9.88,0.46,6.0,3.9,4,0
EMP-01988,Sales,Junior,18,7,1,Points,0.58,10.24,0.53,5.8,3.3,3,0
EMP-01989,Sales,Junior,8,2,2,Badge,0.17,6.45,0.83,7.3,4.1,5,0
EMP-01990,Operations,Senior,37,6,1,Points,0.5,38.14,0.21,7.7,4.6,3,0
EMP-01991,Operations,Mid,16,6,2,Badge,0.5,7.73,0.69,7.5,4.5,4,0
EMP-01992,Engineering,Mid,3,7,2,Points,0.58,34.97,0.63,7.8,4.3,7,0
EMP-01993,Marketing,Mid,36,7,5,Points,0.58,23.69,0.76,7.8,4.6,3,0
EMP-01994,Engineering,Senior,46,5,3,PTO,0.42,79.58,0.55,7.3,3.5,2,0
EMP-01995,Operations,Junior,17,5,0,Monetary,0.42,125.0,0.98,6.4,4.7,5,0
EMP-01996,Marketing,Senior,39,6,1,Badge,0.5,5.89,0.39,6.1,4.3,4,0
EMP-01997,Customer Support,Manager,37,8,9,Badge,0.67,6.52,0.41,5.9,4.3,3,0
EMP-01998,Engineering,Manager,99,13,7,Badge,1.08,9.27,0.66,10.0,4.1,6,0
EMP-01999,Engineering,Mid,42,7,5,Points,0.58,24.76,0.58,6.0,4.1,4,0
EMP-02000,Sales,Junior,7,6,0,Badge,0.5,9.59,0.3,6.0,4.2,5,0
EMP-02001,Engineering,Mid,38,8,0,Points,0.67,14.67,0.57,8.2,5.0,3,0
EMP-02002,Engineering,Mid,39,9,5,Badge,0.75,2.55,0.86,6.0,5.0,9,0
EMP-02003,Customer Support,Junior,8,4,0,Points,0.33,10.68,0.41,5.4,3.1,8,0
EMP-02004,Engineering,Mid,36,9,6,Monetary,0.75,38.15,0.79,8.9,3.9,1,0
EMP-02005,Engineering,Mid,38,4,1,Points,0.33,25.88,0.76,8.4,5.0,4,0
EMP-02006,Operations,Senior,33,5,6,Points,0.42,33.55,0.76,7.6,5.0,3,0
EMP-02007,Sales,Junior,26,10,1,PTO,0.83,148.21,0.52,6.5,4.5,2,0
EMP-02008,Operations,Mid,17,10,2,Monetary,0.83,121.6,0.64,7.6,4.4,6,0
EMP-02009,Engineering,Senior,50,10,4,Points,0.83,23.06,0.36,7.7,4.3,9,0
EMP-02010,Sales,Senior,38,9,5,Points,0.75,7.02,0.76,6.6,3.6,2,0
EMP-02011,Engineering,Manager,60,13,5,Badge,1.08,1.74,0.38,8.8,5.0,6,0
EMP-02012,Engineering,Senior,29,4,12,Points,0.33,17.06,0.52,6.9,5.0,5,0
EMP-02013,Customer Support,Manager,45,10,12,Points,0.83,33.57,0.52,7.0,3.5,5,0
EMP-02014,Engineering,Mid,26,8,5,Monetary,0.67,176.38,0.68,7.4,4.7,3,0
EMP-02015,Marketing,Mid,16,7,4,PTO,0.58,95.47,0.6,9.0,4.1,3,0
EMP-02016,Sales,Junior,34,3,1,Badge,0.25,2.26,0.91,5.4,2.8,5,0
EMP-02017,Sales,Junior,4,2,4,Monetary,0.17,150.15,0.26,2.4,3.3,12,1
EMP-02018,Customer Support,Junior,4,4,0,Monetary,0.33,192.32,0.73,6.9,3.8,7,0
EMP-02019,Engineering,Junior,21,4,0,Points,0.33,20.89,0.15,5.6,3.5,3,0
EMP-02020,Marketing,Junior,12,9,0,Monetary,0.75,81.03,0.64,7.4,3.7,6,0
EMP-02021,Customer Support,Junior,14,1,2,Badge,0.08,3.61,0.43,5.1,3.0,3,0
EMP-02022,Marketing,Junior,12,5,2,Points,0.42,12.65,0.6,6.0,4.1,8,0
EMP-02023,Customer Support,Manager,50,7,6,PTO,0.58,173.06,0.65,9.1,4.1,4,0
EMP-02024,Engineering,Junior,35,3,2,Badge,0.25,5.43,0.38,6.9,4.8,3,0
EMP-02025,Sales,Senior,53,7,2,Points,0.58,12.08,0.62,8.4,4.1,3,0
EMP-02026,Engineering,Junior,13,3,4,Monetary,0.25,64.18,0.73,7.3,4.5,5,0
EMP-02027,Operations,Manager,81,9,5,Monetary,0.75,60.36,0.71,8.9,4.1,2,0
EMP-02028,Customer Support,Manager,50,6,9,Monetary,0.5,131.01,0.51,6.3,3.8,4,0
EMP-02029,Engineering,Senior,50,9,5,Points,0.75,37.02,0.78,8.4,4.1,8,0
EMP-02030,Marketing,Senior,12,2,4,Monetary,0.17,78.48,0.52,7.4,3.8,4,0
EMP-02031,Engineering,Junior,17,0,2,Points,0.0,39.44,0.0,4.6,3.4,6,0
EMP-02032,Marketing,Manager,71,4,3,Badge,0.33,9.09,0.53,6.9,4.2,4,0
EMP-02033,Sales,Manager,54,11,10,Monetary,0.92,115.7,0.87,9.8,4.2,2,0
EMP-02034,Customer Support,Manager,60,9,4,Points,0.75,45.94,0.56,9.0,4.4,6,0
EMP-02035,Marketing,Senior,62,4,5,Points,0.33,33.19,0.43,6.3,3.5,5,0
EMP-02036,Sales,Mid,42,9,4,Badge,0.75,1.96,0.76,7.9,4.3,4,0
EMP-02037,Engineering,Manager,55,9,13,Points,0.75,16.56,0.15,10.0,5.0,4,0
EMP-02038,Engineering,Junior,1,6,1,Badge,0.5,5.9,0.85,6.8,4.0,6,0
EMP-02039,Engineering,Mid,8,3,2,Points,0.25,15.13,0.65,6.6,4.5,9,0
EMP-02040,Engineering,Junior,11,1,1,Badge,0.08,0.04,0.27,5.5,3.2,7,0
EMP-02041,Operations,Manager,33,11,8,Badge,0.92,2.6,0.74,6.9,4.3,5,0
EMP-02042,Marketing,Junior,21,5,3,Monetary,0.42,34.01,0.32,7.1,3.6,3,0
EMP-02043,Marketing,Junior,1,4,1,PTO,0.33,274.42,0.53,5.0,3.1,6,0
EMP-02044,Engineering,Mid,12,9,2,Badge,0.75,6.87,0.85,7.8,4.0,2,0
EMP-02045,Customer Support,Senior,53,13,1,PTO,1.08,57.37,0.56,9.7,4.8,4,0
EMP-02046,Operations,Mid,49,10,1,Points,0.83,7.18,0.67,7.8,4.1,5,0
EMP-02047,Engineering,Junior,51,7,0,PTO,0.58,57.2,0.43,7.1,5.0,6,0
EMP-02048,Operations,Junior,10,5,3,Points,0.42,40.85,0.56,4.4,4.1,9,0
EMP-02049,Marketing,Senior,66,7,4,Monetary,0.58,162.54,0.74,7.2,3.2,4,0
EMP-02050,Engineering,Manager,32,9,6,Badge,0.75,7.38,0.4,8.0,4.3,7,0
EMP-02051,Sales,Senior,56,8,4,Badge,0.67,1.5,0.48,7.4,4.9,2,0
EMP-02052,Sales,Mid,29,5,3,PTO,0.42,296.66,0.55,5.7,4.8,3,0
EMP-02053,Engineering,Manager,70,16,6,Points,1.33,43.04,0.7,8.8,5.0,4,0
EMP-02054,Customer Support,Mid,23,2,1,Badge,0.17,6.43,0.57,5.0,3.5,5,0
EMP-02055,Operations,Mid,18,2,3,PTO,0.17,220.02,0.27,6.3,3.5,7,0
EMP-02056,Marketing,Mid,31,7,1,Badge,0.58,3.84,0.64,7.3,5.0,8,0
EMP-02057,Sales,Mid,53,6,1,Badge,0.5,5.71,0.67,7.6,4.5,4,0
EMP-02058,Sales,Senior,61,4,9,Badge,0.33,3.45,0.78,7.5,4.4,3,0
EMP-02059,Marketing,Mid,22,4,4,Badge,0.33,7.14,0.84,7.6,5.0,7,0
EMP-02060,Marketing,Mid,11,6,3,Points,0.5,20.11,0.57,4.7,4.4,9,0
EMP-02061,Engineering,Junior,10,3,1,Monetary,0.25,191.38,0.97,6.6,2.9,7,0
EMP-02062,Sales,Junior,5,2,1,PTO,0.17,291.94,0.3,5.0,2.8,6,0
EMP-02063,Operations,Mid,16,2,4,Badge,0.17,2.53,0.46,5.3,3.9,6,0
EMP-02064,Sales,Junior,33,12,4,Points,1.0,42.06,0.58,6.6,3.5,4,0
EMP-02065,Engineering,Junior,16,2,2,Badge,0.17,1.01,0.38,7.8,4.8,3,0
EMP-02066,Operations,Senior,42,7,1,Points,0.58,16.55,0.57,6.6,4.5,5,0
EMP-02067,Engineering,Senior,69,5,3,Points,0.42,16.86,0.92,8.0,5.0,1,0
EMP-02068,Engineering,Senior,22,5,2,Points,0.42,33.03,0.85,7.4,4.6,2,0
EMP-02069,Engineering,Mid,50,6,1,Monetary,0.5,185.73,0.41,8.4,4.5,0,0
EMP-02070,Sales,Manager,55,11,9,PTO,0.92,124.2,0.83,7.3,3.8,3,0
EMP-02071,Operations,Manager,39,12,11,PTO,1.0,156.31,0.44,7.7,3.6,3,0
EMP-02072,Sales,Senior,44,13,3,Badge,1.08,3.9,0.73,7.9,4.1,5,0
EMP-02073,Engineering,Mid,19,7,2,Monetary,0.58,91.56,0.55,8.4,4.7,2,0
EMP-02074,Customer Support,Mid,36,8,2,Monetary,0.67,125.85,0.63,5.8,4.4,5,0
EMP-02075,Customer Support,Manager,48,9,7,Badge,0.75,6.73,0.85,8.3,5.0,4,0
EMP-02076,Customer Support,Junior,2,1,0,Badge,0.08,3.98,0.81,3.6,2.5,9,1
EMP-02077,Engineering,Junior,7,3,1,Monetary,0.25,166.14,0.57,5.7,4.0,3,0
EMP-02078,Sales,Mid,3,6,1,Points,0.5,31.46,0.38,6.9,3.1,7,0
EMP-02079,Customer Support,Junior,2,3,1,Badge,0.25,2.72,0.91,4.7,4.1,3,0
EMP-02080,Operations,Manager,94,15,7,Monetary,1.25,90.03,0.81,10.0,3.5,4,0
EMP-02081,Engineering,Mid,39,8,4,Monetary,0.67,193.65,0.41,7.0,4.7,1,0
EMP-02082,Engineering,Mid,22,7,1,PTO,0.58,200.64,0.36,6.1,4.3,6,0
EMP-02083,Sales,Senior,37,13,1,Points,1.08,27.53,0.62,9.6,4.8,2,0
EMP-02084,Customer Support,Mid,24,4,0,Points,0.33,16.12,0.75,5.6,3.7,3,0
EMP-02085,Marketing,Junior,8,1,0,Monetary,0.08,118.29,0.75,5.8,3.4,7,0
EMP-02086,Sales,Mid,58,12,2,Monetary,1.0,39.28,0.39,10.0,4.7,4,0
EMP-02087,Engineering,Senior,51,11,4,Points,0.92,23.0,0.45,9.1,4.4,2,0
EMP-02088,Marketing,Mid,25,8,2,Badge,0.67,8.66,0.67,6.8,3.9,3,0
EMP-02089,Operations,Senior,32,10,6,Badge,0.83,4.32,0.56,6.2,3.8,3,0
EMP-02090,Sales,Junior,5,6,1,Points,0.5,42.88,0.66,6.0,,9,0
EMP-02091,Operations,Junior,19,4,2,Badge,0.33,0.4,0.13,5.9,4.4,4,0
EMP-02092,Customer Support,Junior,10,3,1,Points,0.25,11.23,0.35,4.8,3.3,9,0
EMP-02093,Engineering,Mid,34,11,0,Badge,0.92,7.34,0.71,8.6,4.3,3,0
EMP-02094,Marketing,Senior,43,12,4,PTO,1.0,236.1,0.72,9.7,4.9,1,0
EMP-02095,Sales,Senior,34,14,5,Points,1.17,34.07,0.79,8.3,4.6,1,0
EMP-02096,Operations,Mid,31,6,5,Points,0.5,46.46,0.88,8.4,4.0,2,0
EMP-02097,Marketing,Mid,7,6,5,Monetary,0.5,117.38,0.23,7.0,3.7,2,0
EMP-02098,Marketing,Senior,44,12,3,Badge,1.0,7.27,0.82,8.2,4.3,7,0
EMP-02099,Operations,Junior,6,1,0,Points,0.08,17.22,0.47,3.8,3.4,13,1
EMP-02100,Sales,Junior,28,3,0,Badge,0.25,6.14,1.0,6.3,3.6,3,0
EMP-02101,Customer Support,Manager,81,9,10,Points,0.75,39.81,0.96,10.0,4.1,4,0
EMP-02102,Marketing,Mid,53,6,1,Monetary,0.5,147.07,0.4,7.7,4.2,3,0
EMP-02103,Engineering,Manager,94,6,7,Monetary,0.5,166.55,0.78,9.0,4.3,4,0
EMP-02104,Operations,Mid,39,6,1,Badge,0.5,4.03,0.89,7.1,4.3,7,0
EMP-02105,Operations,Senior,24,7,2,PTO,0.58,120.67,0.56,6.7,3.5,3,0
EMP-02106,Sales,Junior,10,4,3,PTO,0.33,118.89,0.37,4.4,3.8,9,0
EMP-02107,Operations,Junior,6,2,5,PTO,0.17,251.0,0.73,6.6,2.6,5,0
EMP-02108,Customer Support,Mid,33,4,2,Badge,0.33,8.54,0.86,7.5,4.2,5,0
EMP-02109,Engineering,Mid,52,7,2,Points,0.58,14.37,0.24,9.1,4.9,5,0
EMP-02110,Customer Support,Junior,7,4,1,Points,0.33,21.74,0.72,6.4,4.0,7,0
EMP-02111,Engineering,Junior,2,6,4,Badge,0.5,9.2,0.59,6.2,5.0,6,0
EMP-02112,Engineering,Junior,4,3,0,Points,0.25,5.62,0.26,5.6,4.3,7,0
EMP-02113,Engineering,Senior,43,6,4,Points,0.5,20.64,0.53,8.7,5.0,3,0
EMP-02114,Customer Support,Mid,51,7,5,Monetary,0.58,132.41,0.78,8.5,2.9,3,0
EMP-02115,Marketing,Junior,25,4,2,Points,0.33,11.62,0.23,7.5,4.9,0,0
EMP-02116,Engineering,Junior,1,5,1,Monetary,0.42,144.94,0.52,6.5,4.3,6,0
EMP-02117,Sales,Junior,8,6,1,Points,0.5,18.16,0.53,7.0,4.4,7,0
EMP-02118,Marketing,Mid,33,4,2,Badge,0.33,9.43,0.89,8.0,4.8,5,0
EMP-02119,Engineering,Junior,26,6,2,Monetary,0.5,38.05,0.52,7.5,4.0,2,0
EMP-02120,Customer Support,Senior,83,10,5,Monetary,0.83,176.68,0.59,7.2,5.0,3,0
EMP-02121,Operations,Junior,54,7,2,Points,0.58,32.04,0.2,6.4,4.0,2,0
EMP-02122,Sales,Junior,1,6,2,Monetary,0.5,133.36,0.74,5.9,4.2,3,0
EMP-02123,Customer Support,Manager,41,5,6,Points,0.42,5.71,0.58,7.4,3.8,5,0
EMP-02124,Sales,Senior,71,9,5,Badge,0.75,9.06,0.61,7.1,4.5,4,0
EMP-02125,Customer Support,Junior,15,3,4,Points,0.25,43.22,0.55,6.6,3.7,5,0
EMP-02126,Marketing,Senior,75,15,8,Badge,1.25,4.49,0.54,8.0,4.9,5,0
EMP-02127,Marketing,Mid,12,5,0,Monetary,0.42,109.83,0.56,6.5,3.8,1,0
EMP-02128,Engineering,Senior,52,5,3,Points,0.42,18.07,0.62,8.3,4.7,3,0
EMP-02129,Customer Support,Mid,51,4,3,Points,0.33,19.81,0.96,7.0,3.9,2,0
EMP-02130,Sales,Senior,34,10,2,Points,0.83,26.48,0.65,8.7,5.0,2,0
EMP-02131,Engineering,Manager,61,16,4,Monetary,1.33,38.72,0.89,10.0,4.8,2,0
EMP-02132,Engineering,Junior,6,5,2,Monetary,0.42,38.64,0.38,5.8,4.9,9,0
EMP-02133,Marketing,Mid,3,6,3,Monetary,0.5,167.89,0.3,5.3,3.8,5,0
EMP-02134,Marketing,Mid,61,10,2,Monetary,0.83,91.09,0.46,5.7,4.3,4,0
EMP-02135,Operations,Junior,27,4,1,Monetary,0.33,196.43,0.54,7.9,5.0,1,0
EMP-02136,Customer Support,Junior,28,6,1,Points,0.5,8.92,0.38,7.2,4.5,2,0
EMP-02137,Engineering,Junior,20,5,1,Points,0.42,47.16,0.61,7.1,4.3,6,0
EMP-02138,Operations,Mid,50,8,2,Points,0.67,34.26,0.14,7.3,4.6,1,0
EMP-02139,Engineering,Mid,18,4,1,Monetary,0.33,78.89,0.73,8.1,4.4,0,0
EMP-02140,Operations,Mid,10,3,3,Points,0.25,16.98,0.41,6.0,4.1,7,0
EMP-02141,Operations,Junior,5,2,1,PTO,0.17,288.86,0.39,5.2,4.6,3,0
EMP-02142,Marketing,Mid,22,5,6,Badge,0.42,3.39,0.66,6.6,4.3,3,0
EMP-02143,Operations,Manager,56,14,9,Points,1.17,28.68,0.24,9.6,3.9,4,0
EMP-02144,Sales,Mid,22,10,3,Points,0.83,47.97,0.53,6.9,4.2,4,0
EMP-02145,Sales,Mid,38,10,1,Badge,0.83,2.07,0.53,7.9,5.0,3,0
EMP-02146,Operations,Senior,47,7,5,Monetary,0.58,56.92,0.59,7.8,4.3,4,0
EMP-02147,Sales,Senior,58,4,2,Monetary,0.33,62.73,0.99,8.0,3.7,3,0
EMP-02148,Sales,Mid,25,6,1,Badge,0.5,2.36,1.0,8.0,4.8,3,0
EMP-02149,Sales,Senior,37,14,4,Badge,1.17,7.05,0.99,7.9,3.7,3,0
EMP-02150,Operations,Mid,21,4,6,Points,0.33,12.76,0.4,6.0,4.0,7,0
EMP-02151,Sales,Manager,96,7,5,Badge,0.58,0.4,0.75,8.8,3.7,3,0
EMP-02152,Engineering,Junior,1,5,1,Badge,0.42,7.2,0.64,5.7,3.0,5,0
EMP-02153,Operations,Junior,2,4,1,Badge,0.33,9.63,0.96,3.9,4.7,10,1
EMP-02154,Operations,Junior,7,4,2,PTO,0.33,186.37,0.59,5.9,3.3,8,0
EMP-02155,Engineering,Senior,51,4,5,Points,0.33,21.36,0.63,8.3,4.6,3,0
EMP-02156,Engineering,Mid,47,5,2,Monetary,0.42,30.41,0.78,6.6,5.0,5,0
EMP-02157,Engineering,Junior,8,4,2,Points,0.33,30.68,0.94,6.6,3.4,8,0
EMP-02158,Sales,Junior,2,8,2,Badge,0.67,3.28,0.59,6.4,3.2,3,0
EMP-02159,Sales,Manager,42,13,9,Points,1.08,34.24,0.74,8.6,5.0,4,0
EMP-02160,Operations,Senior,42,9,2,Points,0.75,48.0,0.24,7.5,3.3,4,0
EMP-02161,Marketing,Mid,38,3,1,Badge,0.25,0.22,0.41,5.0,5.0,1,0
EMP-02162,Marketing,Mid,42,7,1,Badge,0.58,6.91,0.65,7.0,4.6,2,0
EMP-02163,Sales,Mid,40,8,0,Monetary,0.67,142.79,0.75,9.8,4.3,5,0
EMP-02164,Operations,Mid,29,5,0,Points,0.42,31.69,0.72,7.2,3.1,3,0
EMP-02165,Sales,Manager,69,14,7,Points,1.17,37.73,0.17,8.6,4.4,6,0
EMP-02166,Customer Support,Junior,11,2,1,Points,0.17,21.84,0.8,5.6,3.5,6,0
EMP-02167,Marketing,Mid,47,6,4,Badge,0.5,1.23,0.7,7.5,3.8,4,0
EMP-02168,Engineering,Mid,13,6,3,Monetary,0.5,25.77,0.37,7.5,4.1,5,0
EMP-02169,Marketing,Mid,3,6,1,Points,0.5,23.0,0.48,6.2,4.1,7,0
EMP-02170,Sales,Mid,10,7,2,Points,0.58,41.25,0.35,6.2,3.5,10,0
EMP-02171,Operations,Mid,3,2,1,Points,0.17,31.59,0.6,5.6,3.0,3,0
EMP-02172,Engineering,Junior,5,6,1,Badge,0.5,1.48,0.77,8.3,5.0,6,0
EMP-02173,Engineering,Mid,59,5,5,Monetary,0.42,80.7,0.74,7.2,4.4,3,0
EMP-02174,Operations,Junior,61,8,3,Monetary,0.67,141.07,0.6,7.5,4.8,6,0
EMP-02175,Engineering,Junior,1,0,3,Points,0.0,46.66,0.0,1.5,2.5,11,1
EMP-02176,Operations,Junior,10,3,0,Points,0.25,43.65,0.93,4.8,3.7,10,0
EMP-02177,Engineering,Senior,55,10,3,PTO,0.83,208.05,0.34,9.1,5.0,3,0
EMP-02178,Marketing,Mid,32,10,2,Monetary,0.83,63.22,0.72,7.2,4.6,7,0
EMP-02179,Operations,Mid,38,6,0,Points,0.5,44.12,0.55,6.5,4.7,8,0
EMP-02180,Sales,Senior,67,13,5,Badge,1.08,9.21,0.64,8.9,4.8,4,0
EMP-02181,Sales,Senior,43,10,4,PTO,0.83,277.31,0.67,7.0,4.6,3,0
EMP-02182,Engineering,Mid,17,8,5,PTO,0.67,191.54,0.92,8.1,2.5,4,0
EMP-02183,Engineering,Mid,41,11,3,Points,0.92,44.21,0.68,7.5,4.7,0,0
EMP-02184,Sales,Mid,41,6,4,Badge,0.5,7.93,0.63,6.7,4.0,9,0
EMP-02185,Marketing,Mid,31,11,2,PTO,0.92,204.75,0.15,7.5,4.8,2,0
EMP-02186,Customer Support,Mid,60,9,2,PTO,0.75,295.52,0.88,8.5,4.9,3,0
EMP-02187,Customer Support,Senior,40,10,3,Monetary,0.83,67.76,0.89,7.2,4.9,3,0
EMP-02188,Operations,Manager,43,15,9,Points,1.25,33.09,0.34,8.3,5.0,4,0
EMP-02189,Operations,Junior,1,4,2,Badge,0.33,0.26,0.15,4.6,3.1,5,0
EMP-02190,Marketing,Junior,15,4,2,Points,0.33,25.29,0.67,6.3,4.8,4,0
EMP-02191,Engineering,Mid,36,4,4,Points,0.33,42.51,0.79,7.8,4.9,7,0
EMP-02192,Customer Support,Mid,18,5,0,Points,0.42,15.58,0.67,6.3,5.0,3,0
EMP-02193,Marketing,Junior,14,0,3,Badge,0.0,7.52,0.0,4.1,4.0,4,0
EMP-02194,Marketing,Manager,40,3,9,Monetary,0.25,158.24,0.75,7.6,3.6,2,0
EMP-02195,Engineering,Junior,4,3,1,Points,0.25,33.56,0.32,3.7,3.7,8,1
EMP-02196,Sales,Manager,57,8,6,Badge,0.67,8.93,0.52,7.5,5.0,2,0
EMP-02197,Sales,Senior,66,13,1,Badge,1.08,4.49,0.29,8.0,3.6,6,0
EMP-02198,Customer Support,Senior,31,3,6,PTO,0.25,102.2,0.88,7.2,2.8,7,0
EMP-02199,Marketing,Junior,1,7,5,Points,0.58,34.32,0.88,4.4,2.7,11,0
EMP-02200,Sales,Junior,21,6,3,Points,0.5,47.69,0.46,5.6,4.2,2,0
EMP-02201,Customer Support,Mid,20,5,3,Points,0.42,33.35,0.91,5.6,3.7,5,0
EMP-02202,Engineering,Junior,15,4,2,Points,0.33,44.54,0.98,5.8,4.7,1,0
EMP-02203,Sales,Mid,38,6,7,Points,0.5,43.97,0.58,7.6,5.0,3,0
EMP-02204,Engineering,Mid,46,7,4,Points,0.58,5.27,0.62,7.0,4.2,5,0
EMP-02205,Operations,Junior,2,0,0,Monetary,0.0,38.55,0.0,3.3,3.5,9,1
EMP-02206,Customer Support,Junior,2,4,1,Monetary,0.33,121.65,0.41,4.7,3.5,5,0
EMP-02207,Sales,Senior,60,4,2,Points,0.33,43.5,0.44,6.2,3.6,3,0
EMP-02208,Operations,Junior,3,6,2,Badge,0.5,3.84,0.75,6.6,3.0,5,0
EMP-02209,Sales,Junior,5,6,0,Badge,0.5,8.89,0.91,5.9,3.4,4,0
EMP-02210,Customer Support,Mid,39,5,3,Badge,0.42,3.52,0.71,6.0,4.0,2,0
EMP-02211,Operations,Manager,74,15,3,Points,1.25,23.76,0.91,9.6,4.4,4,0
EMP-02212,Operations,Mid,17,3,1,Points,0.25,19.56,0.75,8.2,4.7,5,0
EMP-02213,Engineering,Junior,9,4,1,Monetary,0.33,102.31,0.3,5.1,,4,0
EMP-02214,Customer Support,Mid,12,9,2,PTO,0.75,164.69,0.83,7.2,4.2,5,0
EMP-02215,Operations,Manager,64,16,6,Points,1.33,26.63,0.4,9.2,4.0,8,0
EMP-02216,Sales,Senior,35,6,7,Points,0.5,17.86,1.0,7.1,4.6,7,0
EMP-02217,Operations,Mid,45,9,3,Points,0.75,22.33,0.48,7.3,3.7,5,0
EMP-02218,Sales,Mid,9,4,3,Badge,0.33,6.04,0.92,6.1,4.0,8,0
EMP-02219,Customer Support,Mid,25,2,2,Badge,0.17,0.09,0.72,6.1,2.9,5,0
EMP-02220,Engineering,Junior,32,5,1,PTO,0.42,186.85,0.55,6.8,4.6,2,0
EMP-02221,Operations,Senior,53,13,8,Monetary,1.08,28.2,0.39,8.2,4.2,2,0
EMP-02222,Marketing,Senior,60,12,3,PTO,1.0,201.82,0.66,10.0,4.8,3,0
EMP-02223,Engineering,Manager,61,7,11,Badge,0.58,3.79,0.87,7.6,4.8,4,0
EMP-02224,Engineering,Junior,2,3,1,PTO,0.25,165.84,0.57,5.2,2.9,8,0
EMP-02225,Engineering,Junior,11,5,2,Badge,0.42,8.1,0.71,7.4,5.0,5,0
EMP-02226,Sales,Mid,49,16,0,PTO,1.33,218.06,0.64,10.0,4.5,4,0
EMP-02227,Sales,Senior,40,11,10,Points,0.92,46.86,0.87,8.1,5.0,4,0
EMP-02228,Marketing,Senior,45,10,7,Points,0.83,16.08,0.35,7.1,4.6,5,0
EMP-02229,Sales,Junior,29,6,3,PTO,0.5,149.36,0.96,7.2,4.4,4,0
EMP-02230,Sales,Junior,5,6,2,Monetary,0.5,63.88,0.72,7.0,4.7,7,0
EMP-02231,Operations,Mid,64,5,4,Badge,0.42,1.8,0.2,6.4,4.4,1,0
EMP-02232,Engineering,Mid,37,10,2,PTO,0.83,216.78,0.77,8.7,5.0,6,0
EMP-02233,Customer Support,Senior,26,5,4,Points,0.42,34.57,0.76,5.8,3.7,5,0
EMP-02234,Operations,Mid,16,9,4,Points,0.75,27.13,0.58,7.7,4.3,5,0
EMP-02235,Marketing,Senior,80,14,4,Badge,1.17,1.47,0.61,9.7,4.1,4,0
EMP-02236,Marketing,Mid,38,4,5,Points,0.33,30.52,0.64,8.7,3.8,4,0
EMP-02237,Customer Support,Senior,47,8,11,Points,0.67,27.91,0.5,6.8,4.0,4,0
EMP-02238,Engineering,Mid,22,2,2,Points,0.17,30.59,0.91,6.2,3.6,6,0
EMP-02239,Engineering,Senior,53,10,9,Points,0.83,25.19,0.32,7.4,5.0,6,0
EMP-02240,Engineering,Junior,2,3,0,Points,0.25,8.68,0.63,5.9,3.7,8,0
EMP-02241,Operations,Mid,26,4,4,Points,0.33,23.49,0.79,7.3,3.2,8,0
EMP-02242,Engineering,Junior,16,6,1,Badge,0.5,3.15,0.47,6.1,3.7,6,0
EMP-02243,Marketing,Mid,37,4,3,Badge,0.33,2.7,0.59,7.2,4.9,5,0
EMP-02244,Customer Support,Mid,15,3,2,Monetary,0.25,140.97,0.26,5.7,3.3,4,0
EMP-02245,Operations,Junior,9,3,2,Points,0.25,35.18,0.9,5.8,4.0,3,0
EMP-02246,Marketing,Manager,78,10,7,PTO,0.83,293.41,0.63,9.1,4.3,6,0
EMP-02247,Engineering,Junior,11,5,3,Points,0.42,33.56,0.31,6.1,3.7,11,0
EMP-02248,Operations,Senior,68,8,3,Monetary,0.67,77.09,0.34,7.1,3.6,5,0
EMP-02249,Marketing,Manager,58,15,11,Monetary,1.25,118.41,0.32,8.9,5.0,4,0
EMP-02250,Engineering,Junior,21,5,0,Points,0.42,33.56,0.5,4.2,3.6,1,0
EMP-02251,Engineering,Senior,53,6,1,Badge,0.5,4.1,0.84,7.5,4.3,5,0
EMP-02252,Customer Support,Junior,8,1,2,PTO,0.08,209.51,0.54,4.6,2.8,9,0
EMP-02253,Marketing,Junior,5,5,0,Badge,0.42,8.19,0.67,5.3,5.0,10,0
EMP-02254,Operations,Mid,35,6,3,PTO,0.5,207.7,0.4,8.4,3.7,2,0
EMP-02255,Customer Support,Manager,59,9,5,Monetary,0.75,54.82,0.78,7.9,5.0,2,0
EMP-02256,Marketing,Junior,3,2,0,Points,0.17,19.57,0.44,4.9,3.8,8,0
EMP-02257,Sales,Mid,47,5,1,Badge,0.42,9.63,0.52,7.0,4.9,2,0
EMP-02258,Sales,Mid,13,10,3,Badge,0.83,3.62,0.82,7.6,4.6,1,0
EMP-02259,Sales,Manager,60,12,11,Monetary,1.0,170.28,0.22,10.0,4.6,5,0
EMP-02260,Sales,Junior,14,10,2,Badge,0.83,1.4,0.33,5.3,4.8,4,0
EMP-02261,Operations,Senior,28,5,6,Badge,0.42,9.85,0.83,8.8,4.6,1,0
EMP-02262,Marketing,Senior,34,8,8,Points,0.67,14.51,0.65,8.8,,2,0
EMP-02263,Customer Support,Senior,56,9,3,Monetary,0.75,193.24,0.64,8.0,3.6,4,0
EMP-02264,Sales,Manager,82,10,4,Monetary,0.83,33.7,0.88,9.9,4.6,4,0
EMP-02265,Marketing,Senior,55,12,4,Points,1.0,30.95,0.37,8.6,5.0,2,0
EMP-02266,Marketing,Junior,10,3,4,Monetary,0.25,56.27,0.92,4.3,2.9,9,0
EMP-02267,Marketing,Mid,38,5,1,Points,0.42,34.04,0.61,9.0,4.3,4,0
EMP-02268,Operations,Mid,28,5,1,Points,0.42,45.47,0.78,7.5,4.1,5,0
EMP-02269,Engineering,Mid,38,8,3,Points,0.67,18.42,0.96,8.1,5.0,3,0
EMP-02270,Sales,Mid,15,3,3,Points,0.25,23.11,0.43,6.9,4.6,4,0
EMP-02271,Engineering,Mid,31,6,0,PTO,0.5,61.64,0.51,7.9,4.1,2,0
EMP-02272,Sales,Mid,61,12,2,Badge,1.0,5.76,0.39,8.0,4.7,5,0
EMP-02273,Sales,Manager,74,16,3,Badge,1.33,6.03,0.55,8.2,4.0,4,0
EMP-02274,Marketing,Junior,72,3,3,Monetary,0.25,133.15,0.75,6.5,3.1,4,0
EMP-02275,Customer Support,Manager,80,15,5,Monetary,1.25,184.92,0.64,8.5,3.7,3,0
EMP-02276,Marketing,Mid,27,5,3,Points,0.42,9.17,0.56,6.8,3.0,10,0
EMP-02277,Operations,Mid,30,5,3,Points,0.42,26.2,0.87,6.0,4.4,1,0
EMP-02278,Sales,Senior,23,11,4,Badge,0.92,2.97,0.12,6.8,4.4,4,0
EMP-02279,Marketing,Mid,44,9,2,Monetary,0.75,67.61,0.84,4.6,2.7,12,0
EMP-02280,Engineering,Mid,38,8,3,Points,0.67,20.13,0.9,7.5,5.0,6,0
EMP-02281,Engineering,Mid,37,7,2,Points,0.58,47.24,0.54,8.7,4.1,4,0
EMP-02282,Sales,Mid,18,6,6,Points,0.5,16.34,0.51,6.9,4.5,3,0
EMP-02283,Sales,Manager,46,10,6,Points,0.83,8.81,0.3,7.2,3.9,8,0
EMP-02284,Engineering,Senior,51,5,3,Points,0.42,23.5,0.37,6.2,4.5,3,0
EMP-02285,Engineering,Junior,1,0,1,Badge,0.0,2.67,0.0,1.7,3.2,12,1
EMP-02286,Engineering,Junior,1,2,1,Badge,0.17,2.91,0.52,4.4,4.1,7,0
EMP-02287,Customer Support,Mid,20,9,0,Monetary,0.75,104.26,0.69,6.8,3.5,2,0
EMP-02288,Sales,Junior,7,4,2,Points,0.33,41.69,0.79,5.2,3.3,4,0
EMP-02289,Sales,Mid,36,6,2,Points,0.5,42.58,0.81,7.0,4.0,2,0
EMP-02290,Engineering,Junior,5,5,2,Points,0.42,26.75,0.87,6.1,4.9,4,0
EMP-02291,Marketing,Mid,55,4,1,PTO,0.33,259.51,0.72,8.1,3.7,3,0
EMP-02292,Sales,Junior,13,6,2,Badge,0.5,1.66,0.99,7.7,4.2,4,0
EMP-02293,Engineering,Mid,36,8,3,PTO,0.67,116.66,0.69,8.9,5.0,4,0
EMP-02294,Sales,Senior,12,12,2,Points,1.0,12.2,1.0,9.1,3.4,3,0
EMP-02295,Engineering,Mid,47,5,3,Points,0.42,46.45,0.87,6.9,4.5,3,0
EMP-02296,Engineering,Manager,78,14,9,Points,1.17,39.05,0.73,9.7,4.0,1,0
EMP-02297,Engineering,Manager,54,10,7,Points,0.83,39.56,0.59,9.0,4.5,0,0
EMP-02298,Engineering,Mid,13,2,1,Badge,0.17,6.87,0.63,6.5,3.5,4,0
EMP-02299,Engineering,Junior,16,8,3,Points,0.67,5.6,0.74,7.5,4.1,4,0
EMP-02300,Sales,Senior,34,15,3,Points,1.25,14.52,0.9,8.9,4.7,3,0
EMP-02301,Operations,Manager,77,9,9,Badge,0.75,8.73,0.92,8.9,4.7,1,0
EMP-02302,Marketing,Senior,41,9,8,Points,0.75,26.67,0.8,8.7,4.3,1,0
EMP-02303,Sales,Junior,4,4,2,Badge,0.33,7.43,0.89,4.8,4.0,11,0
EMP-02304,Sales,Manager,57,12,14,Monetary,1.0,63.02,0.78,10.0,5.0,2,0
EMP-02305,Customer Support,Junior,5,5,3,Badge,0.42,0.66,0.84,5.0,4.3,4,0
EMP-02306,Sales,Senior,48,21,4,Badge,1.75,8.28,0.94,9.5,3.5,3,0
EMP-02307,Engineering,Manager,79,6,7,Badge,0.5,2.33,0.36,8.8,4.7,5,0
EMP-02308,Marketing,Junior,40,5,3,Badge,0.42,2.2,0.89,5.4,3.3,4,0
EMP-02309,Engineering,Manager,50,5,6,Monetary,0.42,94.99,0.7,7.7,4.0,0,0
EMP-02310,Sales,Mid,48,13,1,Badge,1.08,5.46,0.52,7.6,4.1,1,0
EMP-02311,Sales,Manager,57,15,11,Badge,1.25,6.27,0.73,9.2,4.2,2,0
EMP-02312,Customer Support,Junior,14,4,1,Badge,0.33,9.25,0.98,7.1,4.2,7,0
EMP-02313,Sales,Manager,63,8,6,PTO,0.67,239.15,0.66,9.7,4.9,3,0
EMP-02314,Operations,Junior,9,5,3,Monetary,0.42,117.17,0.59,4.4,3.6,8,0
EMP-02315,Customer Support,Senior,41,11,3,Badge,0.92,1.44,0.84,6.7,4.0,3,0
EMP-02316,Engineering,Mid,28,5,2,Badge,0.42,1.36,0.61,7.7,4.8,5,0
EMP-02317,Engineering,Mid,27,5,2,Monetary,0.42,47.87,0.36,6.6,4.3,7,0
EMP-02318,Sales,Junior,8,3,0,Badge,0.25,9.87,0.41,5.4,2.7,6,0
EMP-02319,Sales,Senior,58,9,6,Points,0.75,41.54,0.32,6.8,2.9,7,0
EMP-02320,Sales,Junior,8,2,1,Badge,0.17,0.86,0.85,5.4,3.0,8,0
EMP-02321,Customer Support,Mid,32,7,0,Badge,0.58,3.04,0.86,6.7,4.2,7,0
EMP-02322,Operations,Junior,26,5,3,Monetary,0.42,81.23,0.59,6.5,3.8,2,0
EMP-02323,Marketing,Manager,28,10,5,Badge,0.83,3.15,0.59,8.2,4.7,4,0
EMP-02324,Sales,Junior,29,8,4,PTO,0.67,51.26,0.84,7.0,4.2,2,0
EMP-02325,Operations,Junior,5,2,2,Badge,0.17,4.32,0.76,6.0,3.7,6,0
EMP-02326,Customer Support,Junior,8,3,5,Badge,0.25,8.57,0.66,5.1,2.6,7,0
EMP-02327,Operations,Mid,24,3,3,Points,0.25,9.88,0.58,7.2,3.7,4,0
EMP-02328,Engineering,Junior,4,1,3,PTO,0.08,65.92,0.72,5.9,3.8,8,0
EMP-02329,Marketing,Mid,37,4,0,PTO,0.33,212.04,0.57,6.8,3.6,5,0
EMP-02330,Engineering,Manager,48,14,10,Points,1.17,39.78,0.64,10.0,5.0,1,0
EMP-02331,Engineering,Senior,49,10,3,Points,0.83,15.95,0.61,8.1,5.0,3,0
EMP-02332,Engineering,Mid,21,5,4,Badge,0.42,9.07,0.27,6.6,4.4,3,0
EMP-02333,Marketing,Junior,4,5,1,Points,0.42,35.69,0.89,3.7,4.3,10,1
EMP-02334,Operations,Senior,53,7,5,PTO,0.58,169.21,0.49,6.7,4.1,2,0
EMP-02335,Engineering,Junior,2,2,2,Points,0.17,40.97,0.51,3.8,3.9,10,1
EMP-02336,Sales,Senior,40,9,5,Monetary,0.75,81.68,0.62,7.2,4.1,5,0
EMP-02337,Sales,Junior,3,1,4,Badge,0.08,2.7,0.32,3.3,2.9,12,1
EMP-02338,Sales,Mid,38,10,3,Monetary,0.83,70.83,0.79,8.5,3.9,3,0
EMP-02339,Engineering,Mid,7,4,2,PTO,0.33,95.96,0.2,7.8,4.6,4,0
EMP-02340,Sales,Senior,41,14,4,Badge,1.17,8.78,0.41,7.1,3.9,4,0
EMP-02341,Operations,Junior,4,1,1,Points,0.08,22.64,0.79,4.2,2.8,10,0
EMP-02342,Engineering,Mid,8,12,2,Badge,1.0,8.74,0.62,8.8,4.6,8,0
EMP-02343,Engineering,Junior,25,6,4,Badge,0.5,8.83,0.57,6.3,4.1,3,0
EMP-02344,Sales,Senior,56,15,6,Points,1.25,10.91,0.83,9.7,5.0,2,0
EMP-02345,Customer Support,Manager,82,16,5,Points,1.33,6.81,0.62,9.1,3.7,2,0
EMP-02346,Marketing,Mid,47,9,4,Badge,0.75,9.68,0.05,5.8,4.2,6,0
EMP-02347,Marketing,Mid,15,6,6,PTO,0.5,102.78,0.78,9.6,4.1,7,0
EMP-02348,Sales,Manager,65,10,11,PTO,0.83,145.54,0.16,7.5,3.7,4,0
EMP-02349,Marketing,Mid,45,10,1,Points,0.83,10.86,0.8,7.8,3.8,3,0
EMP-02350,Engineering,Mid,39,8,2,Points,0.67,47.61,0.66,6.9,3.6,6,0
EMP-02351,Marketing,Mid,41,6,0,PTO,0.5,72.81,0.33,8.8,5.0,3,0
EMP-02352,Customer Support,Senior,19,10,5,Points,0.83,41.33,0.91,5.6,3.5,1,0
EMP-02353,Marketing,Junior,16,3,4,Badge,0.25,8.61,0.09,6.3,3.6,6,0
EMP-02354,Customer Support,Senior,58,9,3,PTO,0.75,280.92,0.47,7.5,3.9,4,0
EMP-02355,Operations,Mid,38,16,5,Points,1.33,25.72,0.83,9.3,4.5,3,0
EMP-02356,Engineering,Junior,19,5,0,Badge,0.42,5.62,0.84,7.0,4.6,4,0
EMP-02357,Customer Support,Senior,37,2,3,Badge,0.17,5.08,0.89,6.1,3.6,7,0
EMP-02358,Engineering,Mid,28,6,2,Points,0.5,29.23,0.34,6.9,3.8,1,0
EMP-02359,Marketing,Junior,2,1,1,PTO,0.08,110.46,0.83,4.3,3.1,9,0
EMP-02360,Engineering,Mid,48,10,1,Badge,0.83,5.77,0.39,7.5,5.0,0,0
EMP-02361,Engineering,Manager,64,17,10,PTO,1.42,115.07,0.75,9.5,5.0,3,0
EMP-02362,Sales,Manager,52,11,5,Points,0.92,31.3,0.57,8.0,4.6,10,0
EMP-02363,Sales,Manager,65,8,8,Points,0.67,42.08,0.63,9.3,5.0,5,0
EMP-02364,Sales,Senior,60,13,0,Points,1.08,5.13,0.79,9.4,4.9,3,0
EMP-02365,Marketing,Junior,1,2,2,Badge,0.17,8.63,0.95,5.0,3.6,4,0
EMP-02366,Engineering,Mid,57,14,5,Points,1.17,25.05,0.84,9.2,5.0,5,0
EMP-02367,Engineering,Senior,25,11,2,Points,0.92,32.46,0.8,7.8,4.3,3,0
EMP-02368,Marketing,Mid,40,3,2,PTO,0.25,114.2,0.72,6.1,5.0,3,0
EMP-02369,Sales,Mid,41,11,2,Points,0.92,49.94,0.46,7.3,4.4,5,0
EMP-02370,Operations,Mid,54,8,4,Monetary,0.67,132.64,0.9,8.7,5.0,4,0
EMP-02371,Marketing,Mid,40,11,2,Points,0.92,48.78,0.96,6.8,3.8,4,0
EMP-02372,Operations,Manager,60,9,14,Points,0.75,39.77,0.62,8.7,4.9,5,0
EMP-02373,Operations,Mid,35,4,3,Points,0.33,44.42,0.45,6.6,4.1,3,0
EMP-02374,Sales,Mid,26,3,5,Points,0.25,16.63,0.54,5.8,4.5,4,0
EMP-02375,Marketing,Manager,81,8,12,Points,0.67,33.99,0.45,7.8,4.4,5,0
EMP-02376,Engineering,Mid,8,5,3,Points,0.42,20.93,0.36,6.7,3.9,10,0
EMP-02377,Sales,Junior,20,6,4,Points,0.5,41.79,0.06,8.0,5.0,4,0
EMP-02378,Operations,Mid,23,6,4,PTO,0.5,294.02,0.68,8.1,2.7,4,0
EMP-02379,Sales,Senior,54,13,0,PTO,1.08,103.38,0.9,10.0,5.0,1,0
EMP-02380,Operations,Senior,49,8,2,Monetary,0.67,153.86,0.55,10.0,5.0,7,0
EMP-02381,Operations,Senior,45,4,5,PTO,0.33,236.25,0.76,7.0,4.2,2,0
EMP-02382,Operations,Senior,46,9,3,Points,0.75,20.75,0.45,7.2,5.0,5,0
EMP-02383,Customer Support,Junior,8,4,0,Points,0.33,11.44,0.61,3.9,2.0,10,1
EMP-02384,Sales,Senior,44,7,4,Points,0.58,19.36,0.72,7.7,3.0,3,0
EMP-02385,Sales,Manager,53,13,9,Badge,1.08,1.68,0.43,8.1,3.9,4,0
EMP-02386,Marketing,Junior,1,1,1,Points,0.08,44.76,0.79,6.5,4.1,7,0
EMP-02387,Sales,Junior,3,4,2,Monetary,0.33,169.77,0.92,3.2,2.4,10,1
EMP-02388,Marketing,Manager,52,10,5,PTO,0.83,241.27,0.81,9.2,4.6,5,0
EMP-02389,Operations,Senior,20,5,8,PTO,0.42,239.6,0.84,5.5,3.9,5,0
EMP-02390,Operations,Manager,65,7,10,Points,0.58,22.99,0.9,8.5,4.5,7,0
EMP-02391,Sales,Manager,72,12,9,Points,1.0,45.81,0.52,8.0,3.4,5,0
EMP-02392,Engineering,Mid,50,6,0,Monetary,0.5,166.8,0.54,7.9,5.0,4,0
EMP-02393,Sales,Mid,42,5,2,Points,0.42,45.77,0.44,7.6,4.9,4,0
EMP-02394,Engineering,Mid,41,6,3,Monetary,0.5,112.36,0.78,8.8,5.0,3,0
EMP-02395,Customer Support,Junior,9,1,0,Badge,0.08,2.84,0.68,5.2,1.8,8,0
EMP-02396,Sales,Senior,52,15,3,Points,1.25,34.19,0.28,7.2,3.4,5,0
EMP-02397,Engineering,Mid,38,6,2,Points,0.5,35.7,0.51,7.0,3.3,4,0
EMP-02398,Engineering,Mid,24,8,4,PTO,0.67,226.58,0.86,7.4,3.8,5,0
EMP-02399,Marketing,Mid,42,7,1,Badge,0.58,3.87,0.66,7.9,4.4,6,0
EMP-02400,Marketing,Mid,31,6,1,PTO,0.5,178.91,0.29,6.4,4.6,3,0
EMP-02401,Sales,Junior,1,10,1,Points,0.83,10.02,1.0,4.8,2.7,14,0
EMP-02402,Engineering,Junior,6,3,1,Badge,0.25,6.0,0.85,4.0,3.1,6,0
EMP-02403,Sales,Junior,35,6,0,Badge,0.5,4.64,0.2,7.4,4.3,2,0
EMP-02404,Sales,Junior,3,3,1,PTO,0.25,97.54,0.97,6.0,,4,0
EMP-02405,Marketing,Manager,62,9,8,Badge,0.75,4.93,0.63,7.7,4.2,3,0
EMP-02406,Marketing,Junior,12,7,2,Badge,0.58,3.48,0.86,7.2,4.3,3,0
EMP-02407,Sales,Junior,24,7,0,Badge,0.58,6.55,0.94,6.1,3.5,3,0
EMP-02408,Engineering,Mid,43,5,0,PTO,0.42,251.86,0.5,6.8,4.4,3,0
EMP-02409,Customer Support,Mid,38,6,2,Points,0.5,23.43,0.22,5.9,4.3,2,0
EMP-02410,Sales,Junior,48,7,2,Points,0.58,42.52,0.51,6.3,4.0,7,0
EMP-02411,Operations,Senior,68,6,7,Monetary,0.5,55.44,0.74,7.7,3.7,4,0
EMP-02412,Engineering,Senior,13,3,1,Points,0.25,33.61,0.45,6.3,3.4,2,0
EMP-02413,Sales,Junior,18,5,3,Badge,0.42,4.29,0.56,6.1,4.3,5,0
EMP-02414,Engineering,Junior,2,4,1,PTO,0.33,144.06,0.55,4.2,3.8,7,0
EMP-02415,Sales,Manager,43,17,5,Points,1.42,15.27,0.45,7.8,4.2,4,0
EMP-02416,Customer Support,Senior,21,11,2,Points,0.92,15.9,0.71,5.7,3.5,6,0
EMP-02417,Sales,Senior,39,16,3,Points,1.33,25.62,1.0,10.0,5.0,3,0
EMP-02418,Engineering,Junior,10,5,1,Points,0.42,42.73,0.7,6.1,3.4,6,0
EMP-02419,Engineering,Mid,19,6,7,Points,0.5,29.82,0.29,7.8,4.8,5,0
EMP-02420,Sales,Mid,38,4,4,Badge,0.33,5.72,0.96,8.2,4.6,5,0
EMP-02421,Engineering,Junior,3,4,3,Points,0.33,37.06,0.83,5.7,4.0,10,0
EMP-02422,Engineering,Mid,24,6,3,Points,0.5,18.1,0.52,9.0,4.7,1,0
EMP-02423,Operations,Mid,29,6,3,Points,0.5,22.12,0.84,7.6,4.4,0,0
EMP-02424,Sales,Mid,48,8,3,Points,0.67,43.17,0.86,9.0,4.3,5,0
EMP-02425,Sales,Senior,31,10,1,Badge,0.83,0.52,0.91,7.7,4.3,1,0
EMP-02426,Customer Support,Senior,76,7,3,Points,0.58,28.11,0.57,6.8,4.5,0,0
EMP-02427,Engineering,Mid,12,7,2,Points,0.58,29.09,0.28,6.2,,3,0
EMP-02428,Customer Support,Senior,63,5,10,Points,0.42,29.84,0.68,6.1,4.2,3,0
EMP-02429,Sales,Junior,15,6,1,Points,0.5,39.26,0.81,5.4,4.5,5,0
EMP-02430,Customer Support,Senior,40,7,3,Points,0.58,25.31,0.65,8.1,4.3,5,0
EMP-02431,Marketing,Junior,5,2,0,PTO,0.17,260.94,0.5,5.3,4.1,2,0
EMP-02432,Operations,Junior,15,4,0,Monetary,0.33,84.34,0.57,7.7,3.8,4,0
EMP-02433,Customer Support,Mid,24,4,4,Monetary,0.33,84.42,0.78,6.8,4.3,6,0
EMP-02434,Sales,Mid,3,8,2,Badge,0.67,9.64,0.64,6.1,4.6,7,0
EMP-02435,Customer Support,Manager,116,6,10,Badge,0.5,3.24,0.49,6.7,3.3,2,0
EMP-02436,Sales,Mid,27,8,3,Badge,0.67,1.92,0.53,7.4,3.6,6,0
EMP-02437,Sales,Junior,4,8,1,Monetary,0.67,121.56,0.67,5.8,4.1,6,0
EMP-02438,Sales,Mid,46,2,0,PTO,0.17,288.05,0.97,7.6,4.3,2,0
EMP-02439,Marketing,Mid,49,8,1,PTO,0.67,244.81,0.63,9.4,4.5,4,0
EMP-02440,Engineering,Mid,16,7,0,Badge,0.58,4.36,0.79,7.9,4.6,5,0
EMP-02441,Marketing,Senior,51,7,5,Monetary,0.58,113.52,0.37,8.8,4.8,4,0
EMP-02442,Marketing,Senior,12,11,2,Badge,0.92,9.98,0.84,6.3,3.6,3,0
EMP-02443,Operations,Senior,42,12,7,Points,1.0,37.35,0.72,8.5,4.5,3,0
EMP-02444,Operations,Manager,74,5,6,Monetary,0.42,42.68,0.57,7.4,4.9,4,0
EMP-02445,Sales,Junior,7,5,1,Monetary,0.42,131.71,0.96,4.4,4.4,8,0
EMP-02446,Sales,Senior,47,11,8,Monetary,0.92,189.85,0.32,7.4,5.0,2,0
EMP-02447,Engineering,Mid,29,5,4,Badge,0.42,1.93,0.94,8.3,4.7,5,0
EMP-02448,Engineering,Senior,43,8,1,Badge,0.67,7.74,0.43,7.4,4.5,5,0
EMP-02449,Engineering,Mid,37,3,2,Monetary,0.25,97.61,0.37,6.3,4.0,0,0
EMP-02450,Sales,Manager,70,17,4,Badge,1.42,1.43,0.68,9.5,5.0,3,0
EMP-02451,Engineering,Senior,21,9,1,Points,0.75,42.73,0.66,7.5,4.9,6,0
EMP-02452,Customer Support,Manager,61,12,3,Points,1.0,33.78,0.55,9.1,4.6,4,0
EMP-02453,Marketing,Senior,86,11,2,Points,0.92,5.57,0.53,7.5,4.2,7,0
EMP-02454,Sales,Manager,35,10,10,Points,0.83,42.39,0.44,7.1,5.0,4,0
EMP-02455,Marketing,Senior,46,10,5,Points,0.83,29.11,0.41,7.2,4.6,5,0
EMP-02456,Engineering,Mid,57,7,2,Monetary,0.58,134.22,0.59,9.0,4.2,7,0
EMP-02457,Sales,Junior,5,10,1,Points,0.83,30.35,0.77,6.0,4.0,7,0
EMP-02458,Marketing,Mid,29,5,2,Points,0.42,22.56,0.7,8.2,5.0,6,0
EMP-02459,Sales,Junior,62,8,2,Points,0.67,11.12,0.35,6.7,4.5,1,0
EMP-02460,Sales,Mid,49,10,2,Points,0.83,37.35,0.57,7.4,4.6,5,0
EMP-02461,Customer Support,Mid,19,5,6,Points,0.42,35.78,0.51,4.3,2.9,11,0
EMP-02462,Customer Support,Mid,28,3,1,PTO,0.25,264.81,0.79,6.8,3.4,4,0
EMP-02463,Marketing,Manager,54,11,3,PTO,0.92,203.66,0.44,9.9,5.0,3,0
EMP-02464,Marketing,Manager,62,5,8,Points,0.42,6.99,0.95,8.2,3.2,4,0
EMP-02465,Marketing,Junior,3,1,1,PTO,0.08,153.03,0.87,6.5,3.0,7,0
EMP-02466,Engineering,Mid,48,11,3,Monetary,0.92,43.29,0.73,7.6,3.8,3,0
EMP-02467,Sales,Mid,18,8,2,Monetary,0.67,129.43,0.85,7.1,4.4,5,0
EMP-02468,Engineering,Mid,23,5,1,Points,0.42,14.15,0.87,8.1,4.2,4,0
EMP-02469,Sales,Senior,47,11,3,Points,0.92,47.46,0.61,7.5,4.7,3,0
EMP-02470,Marketing,Mid,11,6,7,Badge,0.5,1.55,0.35,6.4,4.3,6,0
EMP-02471,Engineering,Mid,54,7,1,Badge,0.58,8.33,0.42,8.1,4.2,3,0
EMP-02472,Customer Support,Senior,47,6,3,PTO,0.5,202.19,0.55,6.6,4.0,4,0
EMP-02473,Customer Support,Senior,61,6,7,Badge,0.5,3.08,0.55,8.7,5.0,2,0
EMP-02474,Operations,Junior,14,8,3,Points,0.67,40.61,0.78,8.3,3.8,5,0
EMP-02475,Marketing,Senior,59,9,9,Points,0.75,48.47,0.6,8.9,5.0,1,0
EMP-02476,Customer Support,Mid,19,4,1,Monetary,0.33,50.26,0.67,6.6,3.5,2,0
EMP-02477,Engineering,Junior,15,2,1,Points,0.17,42.77,0.32,5.6,3.0,6,0
EMP-02478,Operations,Junior,28,3,2,Points,0.25,41.52,0.55,7.4,4.9,1,0
EMP-02479,Engineering,Mid,29,7,3,Badge,0.58,7.6,0.45,7.2,5.0,4,0
EMP-02480,Operations,Mid,22,5,2,Points,0.42,17.18,0.86,6.4,4.3,9,0
EMP-02481,Engineering,Junior,13,3,1,Badge,0.25,7.71,0.53,5.5,3.6,5,0
EMP-02482,Customer Support,Senior,45,8,5,Badge,0.67,0.79,0.81,7.7,4.8,7,0
EMP-02483,Customer Support,Senior,34,10,2,Monetary,0.83,43.45,0.69,6.9,5.0,4,0
EMP-02484,Engineering,Junior,34,1,4,Monetary,0.08,78.7,0.71,7.1,3.4,1,0
EMP-02485,Sales,Junior,6,4,3,Points,0.33,16.57,0.88,4.2,3.1,3,0
EMP-02486,Customer Support,Senior,57,10,4,PTO,0.83,168.94,0.61,8.6,3.0,4,0
EMP-02487,Sales,Junior,8,5,0,Badge,0.42,5.66,0.6,3.9,3.9,11,1
EMP-02488,Customer Support,Manager,89,11,13,Badge,0.92,3.01,0.39,7.9,5.0,7,0
EMP-02489,Marketing,Mid,34,9,3,Monetary,0.75,146.76,0.44,7.3,5.0,9,0
EMP-02490,Sales,Mid,39,15,3,Points,1.25,5.31,0.72,6.9,2.8,13,0
EMP-02491,Sales,Junior,3,3,0,Monetary,0.25,65.07,0.63,4.7,3.0,8,0
EMP-02492,Engineering,Junior,27,8,0,Points,0.67,20.89,0.51,6.8,5.0,6,0
EMP-02493,Operations,Junior,6,2,5,Points,0.17,22.72,0.39,4.0,3.7,7,0
EMP-02494,Sales,Junior,20,10,2,PTO,0.83,141.04,0.51,6.2,3.6,2,0
EMP-02495,Sales,Mid,44,6,1,Badge,0.5,0.12,0.86,6.5,4.2,5,0
EMP-02496,Sales,Junior,12,8,2,Badge,0.67,9.38,0.65,6.8,2.9,6,0
EMP-02497,Marketing,Mid,25,2,1,Monetary,0.17,158.62,0.72,8.0,4.6,3,0
EMP-02498,Customer Support,Mid,35,8,4,Points,0.67,5.26,0.54,7.4,4.4,4,0
EMP-02499,Customer Support,Junior,2,5,1,Monetary,0.42,86.41,0.39,4.4,4.4,5,0
EMP-02500,Sales,Junior,6,7,2,Badge,0.58,4.42,0.83,5.9,,9,0
EMP-02501,Operations,Junior,2,3,3,Points,0.25,14.75,0.8,5.1,2.9,8,0
EMP-02502,Operations,Junior,1,4,2,Monetary,0.33,185.3,0.62,3.1,3.2,9,1
EMP-02503,Marketing,Senior,33,14,4,PTO,1.17,232.37,0.76,7.9,5.0,5,0
EMP-02504,Customer Support,Mid,32,4,0,Points,0.33,43.86,0.66,6.8,3.6,2,0
EMP-02505,Engineering,Senior,24,5,2,Points,0.42,38.2,0.76,8.1,5.0,2,0
EMP-02506,Engineering,Mid,34,8,1,Points,0.67,20.97,0.09,5.7,4.8,4,0
EMP-02507,Operations,Mid,3,3,0,Points,0.25,26.44,0.58,4.3,4.1,8,0
EMP-02508,Sales,Mid,41,6,1,Points,0.5,7.72,0.91,6.5,4.0,8,0
EMP-02509,Operations,Senior,30,4,4,Badge,0.33,4.22,0.47,7.2,4.0,1,0
EMP-02510,Customer Support,Junior,14,2,0,Points,0.17,41.07,0.77,5.8,3.7,5,0
EMP-02511,Engineering,Junior,5,3,0,Points,0.25,38.65,0.53,7.4,3.9,5,0
EMP-02512,Customer Support,Mid,34,8,3,Badge,0.67,7.85,0.43,6.7,3.9,2,0
EMP-02513,Sales,Mid,41,6,2,Points,0.5,17.18,0.6,6.3,4.0,6,0
EMP-02514,Sales,Mid,15,5,2,Points,0.42,9.44,0.87,5.8,4.7,4,0
EMP-02515,Marketing,Mid,43,9,3,PTO,0.75,165.03,0.26,7.9,5.0,3,0
EMP-02516,Customer Support,Mid,28,4,0,Badge,0.33,4.81,0.49,6.2,3.6,7,0
EMP-02517,Engineering,Mid,31,4,1,Points,0.33,33.1,0.65,6.8,5.0,4,0
EMP-02518,Sales,Mid,50,18,5,Badge,1.5,0.94,0.41,9.3,4.1,4,0
EMP-02519,Operations,Senior,29,9,3,Points,0.75,6.74,0.68,5.5,3.3,4,0
EMP-02520,Operations,Senior,62,8,0,PTO,0.67,236.79,0.55,8.9,4.3,6,0
EMP-02521,Operations,Mid,35,6,0,PTO,0.5,210.2,0.77,8.2,4.3,0,0
EMP-02522,Engineering,Senior,44,9,8,Points,0.75,14.9,0.61,6.9,5.0,4,0
EMP-02523,Sales,Manager,40,13,7,Badge,1.08,8.39,0.26,8.4,4.1,3,0
EMP-02524,Sales,Mid,26,9,2,Points,0.75,20.64,0.54,8.6,4.7,7,0
EMP-02525,Operations,Mid,18,5,5,Badge,0.42,4.8,0.55,6.0,3.6,3,0
EMP-02526,Engineering,Senior,66,10,3,Badge,0.83,1.26,0.83,9.7,5.0,6,0
EMP-02527,Engineering,Mid,31,6,3,Badge,0.5,9.73,0.28,5.2,4.4,5,0
EMP-02528,Customer Support,Junior,1,2,0,Points,0.17,37.64,0.6,2.6,2.9,9,1
EMP-02529,Engineering,Manager,46,8,6,Points,0.67,15.8,0.51,7.0,4.1,8,0
EMP-02530,Customer Support,Junior,5,2,3,PTO,0.17,287.34,0.85,5.5,3.9,7,0
EMP-02531,Marketing,Senior,34,9,5,Badge,0.75,3.82,0.79,7.8,4.7,4,0
EMP-02532,Operations,Senior,40,14,1,Monetary,1.17,99.44,0.31,9.4,4.6,1,0
EMP-02533,Sales,Manager,82,15,5,Badge,1.25,1.65,0.56,9.6,4.2,2,0
EMP-02534,Engineering,Junior,2,0,5,Points,0.0,24.2,0.0,2.3,3.5,10,1
EMP-02535,Operations,Mid,25,6,2,Monetary,0.5,195.33,0.61,7.5,3.5,3,0
EMP-02536,Operations,Mid,51,5,1,PTO,0.42,158.29,0.47,7.8,4.9,3,0
EMP-02537,Operations,Mid,42,10,2,PTO,0.83,225.04,0.91,8.9,3.6,5,0
EMP-02538,Engineering,Junior,1,6,0,Badge,0.5,9.79,0.68,4.7,3.3,7,0
EMP-02539,Operations,Mid,46,4,1,Badge,0.33,6.23,0.44,7.5,4.9,4,0
EMP-02540,Operations,Mid,35,6,2,Points,0.5,17.81,0.61,7.6,3.4,4,0
EMP-02541,Marketing,Junior,15,3,0,Points,0.25,20.47,0.78,5.5,4.4,4,0
EMP-02542,Operations,Mid,21,6,0,Points,0.5,15.65,0.26,5.8,4.3,4,0
EMP-02543,Operations,Senior,36,11,4,Points,0.92,47.61,0.31,7.5,4.1,3,0
EMP-02544,Marketing,Senior,44,5,4,Points,0.42,45.19,0.89,7.5,5.0,3,0
EMP-02545,Engineering,Manager,42,15,10,Points,1.25,33.63,0.51,9.9,4.6,5,0
EMP-02546,Sales,Mid,27,11,2,PTO,0.92,69.76,0.69,7.4,4.9,4,0
EMP-02547,Engineering,Manager,72,9,8,Badge,0.75,7.92,0.76,8.4,4.7,2,0
EMP-02548,Sales,Senior,50,18,7,Badge,1.5,8.18,0.78,9.3,4.1,2,0
EMP-02549,Sales,Junior,5,5,1,Points,0.42,38.77,0.97,5.1,3.7,8,0
EMP-02550,Engineering,Junior,13,2,0,Badge,0.17,1.72,0.69,4.9,2.8,5,0
EMP-02551,Sales,Mid,37,11,3,Monetary,0.92,74.4,0.53,6.9,5.0,3,0
EMP-02552,Engineering,Mid,12,5,1,Monetary,0.42,167.19,0.64,6.6,4.3,4,0
EMP-02553,Operations,Mid,31,6,4,PTO,0.5,160.9,0.82,7.8,4.5,6,0
EMP-02554,Customer Support,Mid,40,6,1,PTO,0.5,110.54,0.22,7.2,3.9,5,0
EMP-02555,Engineering,Senior,44,7,6,Badge,0.58,6.42,0.68,7.9,5.0,4,0
EMP-02556,Customer Support,Mid,37,4,3,Points,0.33,31.71,0.64,6.4,3.2,3,0
EMP-02557,Marketing,Junior,4,1,1,PTO,0.08,179.85,0.35,5.4,2.6,9,0
EMP-02558,Sales,Senior,73,13,5,Badge,1.08,3.44,0.24,8.1,4.1,1,0
EMP-02559,Engineering,Mid,19,5,4,Badge,0.42,7.75,0.38,5.2,5.0,11,0
EMP-02560,Sales,Manager,73,12,5,Badge,1.0,5.69,0.81,9.9,4.0,4,0
EMP-02561,Operations,Junior,1,2,4,PTO,0.17,266.38,0.35,5.1,3.9,6,0
EMP-02562,Operations,Manager,62,11,8,Points,0.92,42.34,0.6,7.4,4.0,2,0
EMP-02563,Engineering,Junior,14,3,1,Points,0.25,47.43,0.78,7.3,3.6,4,0
EMP-02564,Engineering,Junior,4,5,0,Badge,0.42,7.41,0.53,4.3,3.6,4,0
EMP-02565,Sales,Junior,2,3,0,Points,0.25,11.23,0.46,5.3,4.2,7,0
EMP-02566,Sales,Senior,75,12,3,Monetary,1.0,88.95,0.67,8.9,4.8,4,0
EMP-02567,Engineering,Senior,103,9,4,PTO,0.75,238.18,0.49,7.7,4.6,5,0
EMP-02568,Sales,Mid,25,6,0,PTO,0.5,83.72,0.81,9.0,3.7,6,0
EMP-02569,Operations,Manager,53,6,4,Monetary,0.5,143.44,0.76,7.3,4.5,3,0
EMP-02570,Customer Support,Mid,7,4,4,Badge,0.33,3.28,0.75,5.6,3.8,7,0
EMP-02571,Sales,Mid,6,8,3,Points,0.67,15.62,0.78,6.5,4.0,14,0
EMP-02572,Customer Support,Senior,34,8,4,Points,0.67,29.52,0.79,6.0,3.9,3,0
EMP-02573,Sales,Junior,1,6,1,Monetary,0.5,40.75,0.84,5.7,4.8,7,0
EMP-02574,Sales,Mid,23,7,2,Points,0.58,36.23,0.37,6.2,3.7,2,0
EMP-02575,Engineering,Manager,63,15,9,Points,1.25,23.32,0.83,10.0,4.6,3,0
EMP-02576,Marketing,Manager,59,14,10,Points,1.17,31.89,0.74,8.7,,1,0
EMP-02577,Customer Support,Manager,50,19,6,Points,1.58,8.92,0.43,8.4,4.4,2,0
EMP-02578,Marketing,Manager,63,4,8,Points,0.33,24.73,0.94,6.2,3.5,4,0
EMP-02579,Sales,Junior,1,3,0,Badge,0.25,7.85,0.85,4.7,3.7,12,0
EMP-02580,Marketing,Senior,51,7,1,Points,0.58,36.94,0.81,7.9,3.5,4,0
EMP-02581,Engineering,Mid,39,6,1,Points,0.5,29.22,0.68,8.9,4.8,7,0
EMP-02582,Customer Support,Manager,48,6,8,Points,0.5,13.65,0.79,7.7,4.6,8,0
EMP-02583,Sales,Mid,29,9,4,Badge,0.75,5.9,0.46,8.1,4.4,6,0
EMP-02584,Sales,Mid,24,10,3,Points,0.83,35.46,0.42,5.4,3.7,4,0
EMP-02585,Marketing,Mid,12,7,5,Points,0.58,30.18,0.37,6.8,4.4,4,0
EMP-02586,Marketing,Mid,3,3,2,Monetary,0.25,157.23,0.69,4.8,2.4,12,0
EMP-02587,Engineering,Junior,7,2,1,Monetary,0.17,90.75,0.84,5.9,4.1,6,0
EMP-02588,Operations,Manager,47,9,5,Points,0.75,22.77,0.74,7.1,3.9,5,0
EMP-02589,Engineering,Senior,78,14,5,Badge,1.17,9.42,0.62,7.9,3.6,2,0
EMP-02590,Operations,Junior,33,2,3,Points,0.17,45.95,0.56,5.2,3.3,10,0
EMP-02591,Operations,Senior,33,7,3,Badge,0.58,1.81,0.74,8.2,5.0,4,0
EMP-02592,Operations,Mid,30,10,2,Badge,0.83,2.45,0.56,7.6,5.0,1,0
EMP-02593,Marketing,Mid,46,10,2,Badge,0.83,5.67,0.26,6.6,3.8,3,0
EMP-02594,Marketing,Junior,17,3,0,Monetary,0.25,122.65,0.95,7.1,4.5,1,0
EMP-02595,Engineering,Senior,57,10,3,PTO,0.83,69.64,0.86,10.0,3.9,6,0
EMP-02596,Operations,Senior,40,10,5,Monetary,0.83,184.95,0.47,6.5,4.5,5,0
EMP-02597,Engineering,Mid,32,4,0,PTO,0.33,243.49,0.47,7.0,5.0,3,0
EMP-02598,Sales,Mid,39,14,3,Badge,1.17,7.97,0.87,9.1,5.0,6,0
EMP-02599,Sales,Junior,1,4,1,Points,0.33,36.12,0.42,4.6,,2,0
EMP-02600,Engineering,Mid,32,6,4,PTO,0.5,91.64,0.74,8.1,4.8,2,0
EMP-02601,Marketing,Junior,16,1,1,Points,0.08,21.38,0.37,6.2,3.7,5,0
EMP-02602,Engineering,Junior,1,2,2,Badge,0.17,3.26,0.72,6.1,3.4,5,0
EMP-02603,Operations,Senior,51,9,1,PTO,0.75,297.09,0.45,8.0,4.1,4,0
EMP-02604,Sales,Manager,53,15,9,Points,1.25,10.09,0.73,10.0,3.3,3,0
EMP-02605,Engineering,Mid,34,3,2,Badge,0.25,5.55,0.4,5.5,4.2,1,0
EMP-02606,Sales,Junior,3,5,2,Badge,0.42,7.72,0.44,5.0,3.5,7,0
EMP-02607,Engineering,Mid,7,10,5,Badge,0.83,4.07,0.61,5.9,4.2,7,0
EMP-02608,Engineering,Manager,69,10,6,Points,0.83,28.71,0.53,6.2,3.6,2,0
EMP-02609,Operations,Senior,65,12,6,Points,1.0,12.47,0.5,8.6,4.7,3,0
EMP-02610,Engineering,Senior,73,8,3,Monetary,0.67,61.39,0.44,8.5,5.0,6,0
EMP-02611,Operations,Mid,34,4,2,Points,0.33,36.29,0.55,6.2,3.1,3,0
EMP-02612,Engineering,Senior,35,10,6,Points,0.83,37.58,0.59,7.0,4.3,2,0
EMP-02613,Engineering,Junior,30,12,2,Monetary,1.0,122.68,0.84,8.8,5.0,4,0
EMP-02614,Operations,Mid,34,3,2,Monetary,0.25,183.44,0.39,5.9,3.2,4,0
EMP-02615,Sales,Mid,14,7,0,Points,0.58,21.76,0.52,6.3,4.0,5,0
EMP-02616,Engineering,Mid,22,5,6,Monetary,0.42,152.02,0.43,4.7,2.9,8,0
EMP-02617,Sales,Manager,23,13,4,Badge,1.08,7.25,0.85,8.7,4.6,2,0
EMP-02618,Engineering,Manager,43,4,8,PTO,0.33,165.76,0.15,6.6,3.2,6,0
EMP-02619,Operations,Junior,1,3,1,Points,0.25,42.28,0.34,5.3,3.5,5,0
EMP-02620,Sales,Junior,47,6,1,Badge,0.5,5.26,0.96,7.0,4.1,3,0
EMP-02621,Operations,Mid,11,8,2,Badge,0.67,6.26,0.68,9.0,3.9,3,0
EMP-02622,Customer Support,Junior,11,1,2,Points,0.08,6.97,0.54,4.7,3.5,7,0
EMP-02623,Sales,Mid,3,3,3,Badge,0.25,6.9,0.33,4.3,2.8,6,0
EMP-02624,Customer Support,Manager,60,11,9,Badge,0.92,6.51,0.77,6.5,2.8,5,0
EMP-02625,Sales,Manager,19,16,8,PTO,1.33,276.7,0.51,8.6,3.5,3,0
EMP-02626,Customer Support,Senior,59,6,4,PTO,0.5,85.21,0.62,8.2,4.0,6,0
EMP-02627,Engineering,Senior,39,9,5,Badge,0.75,1.9,0.91,9.3,5.0,3,0
EMP-02628,Operations,Mid,3,3,4,PTO,0.25,170.27,0.55,7.1,4.3,6,0
EMP-02629,Sales,Junior,3,9,2,Monetary,0.75,85.75,0.38,4.9,2.9,8,0
EMP-02630,Sales,Mid,33,9,1,Points,0.75,11.3,0.51,7.9,4.3,2,0
EMP-02631,Marketing,Mid,11,7,1,Points,0.58,11.89,0.72,6.6,3.8,8,0
EMP-02632,Operations,Senior,44,9,3,Badge,0.75,7.15,0.83,7.9,5.0,2,0
EMP-02633,Engineering,Junior,1,4,2,Monetary,0.33,156.0,0.6,4.0,2.8,6,0
EMP-02634,Engineering,Mid,33,9,2,Badge,0.75,8.92,0.99,8.5,4.1,3,0
EMP-02635,Operations,Mid,34,6,4,Badge,0.5,3.1,0.84,6.6,4.4,0,0
EMP-02636,Marketing,Manager,81,13,8,Badge,1.08,4.54,0.67,9.1,5.0,3,0
EMP-02637,Customer Support,Mid,28,10,3,Monetary,0.83,49.28,0.59,6.0,4.1,4,0
EMP-02638,Operations,Senior,60,14,3,Badge,1.17,1.24,0.67,9.9,5.0,4,0
EMP-02639,Customer Support,Senior,58,7,7,Monetary,0.58,26.96,0.54,6.2,3.3,6,0
EMP-02640,Operations,Junior,5,6,2,Monetary,0.5,54.64,0.57,4.4,3.9,5,0
EMP-02641,Sales,Mid,11,8,3,PTO,0.67,119.96,0.89,8.7,4.5,7,0
EMP-02642,Engineering,Manager,33,11,7,Points,0.92,30.44,0.55,8.0,5.0,1,0
EMP-02643,Operations,Mid,43,7,1,Points,0.58,32.96,0.82,8.2,3.1,3,0
EMP-02644,Marketing,Manager,33,10,6,Badge,0.83,5.48,0.49,7.5,4.5,4,0
EMP-02645,Engineering,Junior,1,4,1,Points,0.33,6.46,0.58,4.1,3.2,7,0
EMP-02646,Sales,Junior,29,9,3,Badge,0.75,5.21,0.39,5.2,4.6,5,0
EMP-02647,Customer Support,Manager,73,10,6,Badge,0.83,4.51,0.69,8.9,3.7,8,0
EMP-02648,Sales,Senior,63,11,1,Points,0.92,39.72,0.77,8.4,4.4,3,0
EMP-02649,Sales,Manager,80,9,7,Points,0.75,45.86,0.64,9.9,4.4,2,0
EMP-02650,Sales,Senior,31,7,6,Badge,0.58,6.64,0.56,6.7,4.6,1,0
EMP-02651,Engineering,Manager,62,9,11,Badge,0.75,7.11,0.22,7.5,5.0,5,0
EMP-02652,Sales,Senior,38,12,7,Points,1.0,22.47,0.36,7.1,3.4,2,0
EMP-02653,Sales,Senior,33,11,3,Points,0.92,31.63,0.73,7.7,4.0,2,0
EMP-02654,Engineering,Mid,30,3,4,PTO,0.25,186.61,0.77,7.3,3.6,3,0
EMP-02655,Operations,Mid,41,9,1,Points,0.75,48.78,0.83,7.7,4.3,7,0
EMP-02656,Sales,Manager,49,15,5,Badge,1.25,7.32,0.71,8.9,3.7,5,0
EMP-02657,Operations,Mid,34,5,3,Badge,0.42,2.77,0.61,6.8,5.0,9,0
EMP-02658,Operations,Mid,17,4,0,Monetary,0.33,180.27,0.75,6.7,3.6,2,0
EMP-02659,Engineering,Mid,15,8,1,Points,0.67,29.13,0.58,8.2,4.6,4,0
EMP-02660,Marketing,Mid,25,8,2,Points,0.67,12.14,0.83,7.6,4.5,2,0
EMP-02661,Sales,Mid,26,10,3,Points,0.83,42.51,1.0,8.3,5.0,0,0
EMP-02662,Customer Support,Junior,3,2,0,Monetary,0.17,117.25,0.51,5.2,3.3,7,0
EMP-02663,Engineering,Manager,48,8,6,Monetary,0.67,38.86,0.45,8.1,4.5,5,0
EMP-02664,Marketing,Mid,59,8,5,Badge,0.67,3.91,0.17,7.1,4.9,6,0
EMP-02665,Marketing,Mid,15,3,1,Badge,0.25,4.88,0.42,5.8,4.5,9,0
EMP-02666,Sales,Junior,19,2,0,Badge,0.17,2.77,0.42,6.5,4.4,1,0
EMP-02667,Engineering,Junior,18,3,0,Points,0.25,18.21,0.22,5.6,3.5,4,0
EMP-02668,Marketing,Junior,1,3,1,Points,0.25,10.86,0.3,4.8,,8,0
EMP-02669,Operations,Senior,50,8,6,Points,0.67,36.97,0.26,8.0,4.7,3,0
EMP-02670,Sales,Junior,5,5,2,Monetary,0.42,34.35,0.54,4.6,3.4,6,0
EMP-02671,Marketing,Manager,68,14,6,Points,1.17,17.71,0.69,10.0,5.0,3,0
EMP-02672,Sales,Junior,3,5,1,PTO,0.42,102.88,1.0,5.3,3.9,3,0
EMP-02673,Operations,Junior,7,3,0,Monetary,0.25,103.51,0.88,5.0,2.9,2,0
EMP-02674,Engineering,Junior,2,0,2,Monetary,0.0,162.53,0.0,2.4,2.9,8,1
EMP-02675,Customer Support,Junior,5,1,1,Badge,0.08,2.99,0.58,5.4,3.4,8,0
EMP-02676,Sales,Senior,52,13,9,PTO,1.08,268.26,0.53,9.2,3.8,3,0
EMP-02677,Sales,Manager,47,11,11,PTO,0.92,266.78,0.46,7.8,3.9,2,0
EMP-02678,Engineering,Mid,30,7,0,Badge,0.58,4.08,0.52,7.0,3.9,4,0
EMP-02679,Engineering,Junior,15,3,1,Badge,0.25,8.29,0.84,6.6,3.9,3,0
EMP-02680,Sales,Junior,9,0,3,PTO,0.0,124.89,0.0,1.7,2.5,9,1
EMP-02681,Engineering,Mid,22,3,2,Points,0.25,16.64,0.05,6.5,4.3,5,0
EMP-02682,Operations,Manager,73,7,9,Points,0.58,44.12,0.28,8.6,4.4,5,0
EMP-02683,Engineering,Junior,28,3,4,Badge,0.25,6.74,0.34,6.4,5.0,7,0
EMP-02684,Sales,Senior,58,9,1,Points,0.75,15.98,0.23,5.7,4.4,13,0
EMP-02685,Sales,Mid,37,11,3,Points,0.92,6.15,0.77,8.0,5.0,6,0
EMP-02686,Engineering,Junior,10,4,3,Points,0.33,38.73,0.42,4.8,4.0,7,0
EMP-02687,Engineering,Mid,38,9,1,Badge,0.75,3.12,0.31,5.0,5.0,7,0
EMP-02688,Sales,Junior,14,6,1,PTO,0.5,74.39,0.93,6.9,3.4,3,0
EMP-02689,Sales,Senior,31,12,2,PTO,1.0,122.11,0.86,9.7,5.0,3,0
EMP-02690,Sales,Junior,50,11,0,Badge,0.92,4.33,0.89,5.2,4.2,7,0
EMP-02691,Marketing,Senior,20,3,6,Monetary,0.25,63.2,0.39,5.8,3.3,5,0
EMP-02692,Marketing,Junior,13,6,6,Points,0.5,7.7,0.57,8.1,3.7,4,0
EMP-02693,Engineering,Manager,65,11,7,Monetary,0.92,83.34,0.49,7.1,4.0,3,0
EMP-02694,Sales,Junior,46,14,0,Points,1.17,27.57,0.7,7.7,4.9,3,0
EMP-02695,Customer Support,Manager,50,15,9,Points,1.25,40.78,0.95,10.0,4.9,1,0
EMP-02696,Sales,Senior,32,6,5,Badge,0.5,7.82,0.58,5.5,3.7,1,0
EMP-02697,Marketing,Manager,37,10,9,Badge,0.83,1.61,0.82,7.6,4.3,5,0
EMP-02698,Sales,Mid,32,9,2,Points,0.75,26.11,0.71,6.7,3.9,9,0
EMP-02699,Operations,Senior,72,14,9,Monetary,1.17,176.6,0.72,9.0,4.0,4,0
EMP-02700,Operations,Mid,24,8,1,Monetary,0.67,33.89,0.74,7.9,4.5,3,0
EMP-02701,Marketing,Junior,36,8,2,Badge,0.67,4.85,0.93,7.9,5.0,6,0
EMP-02702,Customer Support,Mid,29,4,2,Points,0.33,27.6,0.88,5.7,3.0,5,0
EMP-02703,Engineering,Junior,36,1,4,Points,0.08,42.33,0.51,6.5,3.7,2,0
EMP-02704,Engineering,Manager,64,15,12,Points,1.25,27.37,0.62,10.0,4.7,3,0
EMP-02705,Operations,Junior,1,4,2,Badge,0.33,1.01,0.52,4.6,4.1,7,0
EMP-02706,Operations,Mid,40,7,1,Monetary,0.58,145.73,0.69,9.0,4.9,7,0
EMP-02707,Engineering,Mid,48,8,0,Points,0.67,30.57,0.72,8.3,4.0,5,0
EMP-02708,Engineering,Mid,30,3,2,Monetary,0.25,106.73,0.32,5.3,4.1,7,0
EMP-02709,Engineering,Senior,21,4,4,Monetary,0.33,75.28,0.4,7.0,3.8,3,0
EMP-02710,Sales,Junior,1,4,1,Monetary,0.33,38.42,0.8,4.8,3.9,6,0
EMP-02711,Operations,Mid,25,8,1,Points,0.67,46.31,0.33,6.5,3.9,4,0
EMP-02712,Sales,Junior,11,7,0,Badge,0.58,8.42,0.78,5.7,4.9,6,0
EMP-02713,Sales,Manager,76,13,5,Points,1.08,47.29,0.57,10.0,3.9,6,0
EMP-02714,Sales,Senior,41,6,2,Points,0.5,47.33,0.51,7.4,4.4,5,0
EMP-02715,Engineering,Manager,51,14,7,Badge,1.17,1.74,0.84,10.0,5.0,3,0
EMP-02716,Sales,Junior,57,4,4,Points,0.33,19.47,0.28,6.1,5.0,1,0
EMP-02717,Marketing,Junior,16,3,1,Points,0.25,26.49,0.66,5.3,2.9,10,0
EMP-02718,Customer Support,Junior,39,1,3,PTO,0.08,151.61,0.49,6.3,3.6,2,0
EMP-02719,Operations,Junior,4,5,1,Badge,0.42,9.64,0.39,5.4,5.0,5,0
EMP-02720,Engineering,Junior,2,3,2,PTO,0.25,123.67,0.9,4.9,2.8,10,0
EMP-02721,Customer Support,Senior,12,5,3,Monetary,0.42,46.2,0.68,5.5,3.8,5,0
EMP-02722,Operations,Junior,2,6,1,Badge,0.5,4.65,0.49,5.1,3.7,3,0
EMP-02723,Operations,Mid,59,7,2,Points,0.58,27.89,0.82,7.7,3.5,3,0
EMP-02724,Sales,Manager,45,14,8,Badge,1.17,4.09,0.35,8.4,4.7,4,0
EMP-02725,Sales,Senior,69,10,4,Points,0.83,40.46,0.54,7.5,5.0,3,0
EMP-02726,Sales,Mid,22,10,2,Badge,0.83,4.94,0.49,6.7,3.6,3,0
EMP-02727,Engineering,Mid,15,6,3,Points,0.5,18.76,0.94,9.5,4.1,6,0
EMP-02728,Engineering,Mid,53,7,3,Monetary,0.58,110.11,0.62,7.9,5.0,1,0
EMP-02729,Engineering,Junior,7,6,1,Badge,0.5,9.0,0.91,6.0,,4,0
EMP-02730,Sales,Mid,36,8,3,Badge,0.67,8.62,0.6,7.9,4.0,5,0
EMP-02731,Operations,Mid,14,7,5,Badge,0.58,6.55,0.54,6.7,4.1,5,0
EMP-02732,Sales,Senior,49,11,4,Monetary,0.92,138.91,0.32,7.7,4.6,9,0
EMP-02733,Engineering,Senior,83,12,3,PTO,1.0,200.62,0.37,9.2,4.4,4,0
EMP-02734,Customer Support,Mid,38,6,3,PTO,0.5,107.29,0.77,6.1,4.7,7,0
EMP-02735,Customer Support,Mid,31,7,1,Badge,0.58,6.16,0.77,7.9,4.9,5,0
EMP-02736,Operations,Junior,19,4,0,Points,0.33,32.02,0.41,5.5,4.3,4,0
EMP-02737,Customer Support,Senior,56,9,4,Points,0.75,30.6,0.4,7.3,3.4,6,0
EMP-02738,Marketing,Mid,6,6,2,Monetary,0.5,165.91,0.56,5.8,3.8,4,0
EMP-02739,Customer Support,Junior,7,5,4,PTO,0.42,61.36,0.6,5.1,4.2,5,0
EMP-02740,Engineering,Junior,1,6,3,Points,0.5,25.57,0.33,5.4,4.0,8,0
EMP-02741,Sales,Junior,5,4,2,Points,0.33,7.41,0.03,5.1,2.7,8,0
EMP-02742,Engineering,Senior,34,8,4,Points,0.67,40.81,0.5,8.5,4.7,5,0
EMP-02743,Engineering,Junior,23,4,0,Points,0.33,15.49,0.36,7.7,3.9,4,0
EMP-02744,Engineering,Mid,26,5,0,Points,0.42,21.45,0.64,6.6,3.8,6,0
EMP-02745,Marketing,Mid,16,5,2,Badge,0.42,3.28,0.44,5.6,3.9,9,0
EMP-02746,Operations,Mid,40,8,2,Badge,0.67,9.37,0.83,7.3,5.0,2,0
EMP-02747,Marketing,Manager,82,12,15,Monetary,1.0,84.33,0.95,8.6,4.3,4,0
EMP-02748,Engineering,Senior,47,3,3,Badge,0.25,0.52,0.48,5.4,3.9,13,0
EMP-02749,Operations,Mid,52,4,1,Badge,0.33,0.38,0.61,7.7,4.1,3,0
EMP-02750,Marketing,Junior,57,6,3,Monetary,0.5,62.86,0.32,6.8,4.4,4,0
EMP-02751,Sales,Mid,15,4,3,Points,0.33,9.03,0.55,6.2,3.7,3,0
EMP-02752,Marketing,Mid,3,10,0,Monetary,0.83,163.93,0.76,6.4,3.6,5,0
EMP-02753,Engineering,Mid,31,8,7,Points,0.67,35.35,0.56,7.7,5.0,2,0
EMP-02754,Sales,Senior,60,16,5,PTO,1.33,243.93,0.68,10.0,4.8,2,0
EMP-02755,Customer Support,Junior,1,1,5,Badge,0.08,5.32,0.5,2.6,2.5,10,1
EMP-02756,Sales,Mid,7,5,1,Badge,0.42,4.74,0.97,4.9,3.2,10,0
EMP-02757,Sales,Junior,40,5,1,Monetary,0.42,88.35,0.27,7.8,,3,0
EMP-02758,Customer Support,Senior,20,7,5,PTO,0.58,253.37,0.47,6.5,3.7,2,0
EMP-02759,Operations,Mid,53,10,2,Monetary,0.83,25.31,0.37,6.5,4.1,1,0
EMP-02760,Engineering,Senior,67,5,3,Badge,0.42,5.16,0.63,7.3,4.8,8,0
EMP-02761,Engineering,Junior,14,7,0,Points,0.58,21.82,0.63,6.9,4.0,5,0
EMP-02762,Engineering,Mid,38,8,2,Points,0.67,11.93,0.51,7.2,4.4,6,0
EMP-02763,Marketing,Senior,68,5,5,Badge,0.42,7.12,0.91,6.4,4.4,3,0
EMP-02764,Sales,Junior,3,6,1,Badge,0.5,2.68,0.65,7.0,3.6,2,0
EMP-02765,Engineering,Senior,54,9,4,Points,0.75,23.8,0.84,9.5,5.0,5,0
EMP-02766,Customer Support,Mid,38,6,1,Badge,0.5,2.9,0.82,7.8,4.3,4,0
EMP-02767,Marketing,Mid,36,3,4,Badge,0.25,6.1,0.52,7.1,4.4,3,0
EMP-02768,Engineering,Mid,36,8,2,Badge,0.67,0.11,0.65,8.0,5.0,4,0
EMP-02769,Sales,Mid,67,6,2,Points,0.5,34.51,0.73,9.4,4.2,6,0
EMP-02770,Marketing,Mid,28,7,2,Monetary,0.58,97.3,0.45,6.7,4.7,3,0
EMP-02771,Engineering,Mid,43,7,1,Points,0.58,37.14,0.62,8.3,4.1,2,0
EMP-02772,Engineering,Senior,40,9,6,Points,0.75,42.75,0.44,8.0,5.0,1,0
EMP-02773,Operations,Mid,41,6,1,Monetary,0.5,114.99,0.42,6.4,4.7,1,0
EMP-02774,Sales,Junior,70,10,1,Points,0.83,44.11,0.69,7.7,5.0,0,0
EMP-02775,Marketing,Junior,3,1,3,Badge,0.08,1.33,0.62,4.6,3.4,9,0
EMP-02776,Sales,Junior,15,6,0,Monetary,0.5,31.04,0.34,7.5,4.0,2,0
EMP-02777,Engineering,Mid,43,6,1,Points,0.5,44.85,0.37,8.9,4.7,3,0
EMP-02778,Engineering,Senior,17,8,3,Monetary,0.67,45.62,0.64,8.2,4.7,4,0
EMP-02779,Sales,Senior,56,16,6,Monetary,1.33,56.68,1.0,8.4,5.0,6,0
EMP-02780,Engineering,Junior,2,2,0,Points,0.17,10.46,0.86,6.9,3.8,4,0
EMP-02781,Engineering,Manager,63,8,8,Monetary,0.67,54.99,0.48,7.9,4.9,4,0
EMP-02782,Operations,Mid,42,10,1,Points,0.83,45.46,0.61,7.9,5.0,3,0
EMP-02783,Customer Support,Manager,63,11,8,Badge,0.92,8.48,0.42,7.2,3.0,4,0
EMP-02784,Operations,Senior,68,13,4,Points,1.08,16.95,0.91,9.6,4.5,7,0
EMP-02785,Operations,Senior,37,8,5,PTO,0.67,226.16,0.63,7.5,4.3,5,0
EMP-02786,Engineering,Junior,5,3,0,Badge,0.25,7.88,0.59,5.3,3.8,8,0
EMP-02787,Customer Support,Junior,43,6,0,PTO,0.5,88.72,0.61,7.1,4.2,1,0
EMP-02788,Engineering,Junior,1,3,3,Badge,0.25,2.28,0.26,6.8,4.2,7,0
EMP-02789,Customer Support,Senior,29,9,4,Points,0.75,26.5,0.65,8.3,4.1,4,0
EMP-02790,Customer Support,Mid,29,5,4,Badge,0.42,6.37,0.33,5.6,5.0,4,0
EMP-02791,Operations,Senior,50,6,7,Points,0.5,23.94,0.75,7.3,4.9,6,0
EMP-02792,Customer Support,Mid,28,8,2,Monetary,0.67,161.98,0.48,7.1,4.2,1,0
EMP-02793,Marketing,Senior,55,5,1,Points,0.42,49.56,0.65,8.0,3.3,7,0
EMP-02794,Engineering,Junior,1,3,1,Points,0.25,43.92,0.54,4.9,3.8,4,0
EMP-02795,Sales,Junior,3,7,0,Points,0.58,43.32,1.0,6.4,3.9,6,0
EMP-02796,Marketing,Mid,18,6,0,Badge,0.5,2.02,0.6,7.0,3.9,2,0
EMP-02797,Engineering,Mid,31,4,3,Points,0.33,45.7,0.49,5.2,3.7,2,0
EMP-02798,Marketing,Mid,23,9,5,Monetary,0.75,198.42,0.46,8.5,4.8,7,0
EMP-02799,Customer Support,Senior,43,10,3,Points,0.83,30.46,0.19,6.3,3.2,4,0
EMP-02800,Engineering,Junior,23,3,2,Monetary,0.25,158.02,0.56,7.4,5.0,4,0
EMP-02801,Operations,Mid,41,5,3,Monetary,0.42,129.88,0.47,6.6,4.5,6,0
EMP-02802,Customer Support,Senior,51,7,6,Monetary,0.58,198.61,0.56,5.3,4.3,1,0
EMP-02803,Customer Support,Junior,13,3,0,Points,0.25,32.21,0.35,6.8,4.9,1,0
EMP-02804,Customer Support,Manager,60,9,10,Badge,0.75,4.74,0.59,7.9,4.6,1,0
EMP-02805,Marketing,Manager,68,13,5,Points,1.08,12.01,0.88,8.9,4.6,6,0
EMP-02806,Customer Support,Junior,12,1,0,Points,0.08,42.98,0.2,4.7,2.9,9,0
EMP-02807,Operations,Junior,10,7,2,Points,0.58,14.11,0.92,6.7,4.1,4,0
EMP-02808,Engineering,Mid,46,6,3,Points,0.5,35.51,0.71,7.0,4.1,8,0
EMP-02809,Sales,Senior,47,12,4,Monetary,1.0,67.86,0.52,7.9,4.3,8,0
EMP-02810,Operations,Mid,46,6,3,PTO,0.5,224.61,0.26,7.7,3.7,4,0
EMP-02811,Engineering,Mid,37,6,2,Monetary,0.5,33.07,0.51,7.6,5.0,8,0
EMP-02812,Marketing,Senior,38,12,7,Monetary,1.0,55.67,0.93,9.0,4.6,7,0
EMP-02813,Marketing,Junior,12,3,2,Points,0.25,37.38,0.63,6.1,3.0,0,0
EMP-02814,Engineering,Senior,57,4,6,Badge,0.33,5.91,0.83,8.9,4.7,5,0
EMP-02815,Marketing,Senior,53,10,9,Points,0.83,30.02,0.34,6.6,4.6,4,0
EMP-02816,Operations,Mid,11,7,1,Points,0.58,9.22,0.65,5.8,3.5,6,0
EMP-02817,Sales,Manager,56,12,7,Badge,1.0,8.62,0.48,10.0,4.2,6,0
EMP-02818,Engineering,Senior,36,12,2,Monetary,1.0,136.03,0.58,8.2,4.4,6,0
EMP-02819,Engineering,Junior,20,5,0,PTO,0.42,194.47,0.34,6.1,5.0,3,0
EMP-02820,Sales,Mid,36,14,3,Points,1.17,48.21,0.64,9.4,5.0,6,0
EMP-02821,Customer Support,Mid,39,7,0,Badge,0.58,5.51,0.57,6.0,4.8,2,0
EMP-02822,Engineering,Junior,27,2,0,Points,0.17,41.34,0.54,6.6,4.1,8,0
EMP-02823,Marketing,Manager,49,17,8,Points,1.42,14.66,0.61,8.5,4.1,1,0
EMP-02824,Engineering,Junior,1,3,1,Monetary,0.25,82.66,0.3,6.2,2.7,11,0
EMP-02825,Sales,Senior,43,14,5,Points,1.17,34.71,0.35,8.2,4.2,1,0
EMP-02826,Operations,Mid,36,8,1,Points,0.67,33.35,0.63,8.2,5.0,4,0
EMP-02827,Operations,Junior,14,2,1,PTO,0.17,71.6,0.28,6.0,3.5,0,0
EMP-02828,Engineering,Manager,72,7,5,Points,0.58,7.45,0.45,7.7,4.9,5,0
EMP-02829,Sales,Senior,29,8,6,Points,0.67,14.61,0.53,8.0,4.5,3,0
EMP-02830,Engineering,Mid,8,5,4,Monetary,0.42,118.42,0.22,6.7,4.3,6,0
EMP-02831,Sales,Junior,38,8,0,PTO,0.67,243.3,0.54,8.2,4.5,4,0
EMP-02832,Marketing,Junior,1,5,2,Points,0.42,22.5,0.84,6.1,3.8,9,0
EMP-02833,Engineering,Mid,19,2,3,Points,0.17,16.33,0.46,6.2,3.0,3,0
EMP-02834,Sales,Junior,1,4,3,Monetary,0.33,128.43,0.37,6.2,4.2,3,0
EMP-02835,Sales,Mid,44,9,4,Badge,0.75,0.99,0.72,6.0,4.4,8,0
EMP-02836,Customer Support,Manager,45,7,6,Badge,0.58,1.72,0.78,6.2,4.1,3,0
EMP-02837,Customer Support,Mid,46,4,7,PTO,0.33,163.21,0.11,5.8,2.8,5,0
EMP-02838,Engineering,Manager,77,11,5,Points,0.92,48.5,0.68,8.3,4.9,2,0
EMP-02839,Operations,Senior,64,9,3,Badge,0.75,3.26,0.75,8.0,4.4,9,0
EMP-02840,Sales,Mid,51,7,0,Points,0.58,43.3,0.87,9.1,4.4,6,0
EMP-02841,Sales,Senior,51,13,7,Points,1.08,48.94,0.6,8.7,3.9,7,0
EMP-02842,Operations,Mid,6,3,2,Badge,0.25,8.23,0.44,5.8,3.0,8,0
EMP-02843,Customer Support,Senior,58,8,5,Monetary,0.67,102.33,0.47,6.9,4.2,7,0
EMP-02844,Customer Support,Junior,15,2,1,Badge,0.17,8.11,0.63,5.1,3.3,6,0
EMP-02845,Marketing,Junior,10,2,2,Monetary,0.17,32.85,0.44,4.3,3.3,11,0
EMP-02846,Sales,Senior,65,18,6,Points,1.5,43.89,0.68,7.6,3.4,4,0
EMP-02847,Operations,Mid,31,7,3,Monetary,0.58,110.67,0.78,7.8,5.0,5,0
EMP-02848,Engineering,Manager,57,18,8,Points,1.5,25.26,0.39,7.6,5.0,9,0
EMP-02849,Marketing,Manager,78,9,5,PTO,0.75,233.16,0.66,7.8,3.9,4,0
EMP-02850,Sales,Junior,8,3,0,Monetary,0.25,187.95,0.93,4.6,3.7,5,0
EMP-02851,Marketing,Mid,11,2,1,Monetary,0.17,69.52,0.51,6.8,3.2,7,0
EMP-02852,Engineering,Mid,3,5,0,Points,0.42,24.06,0.82,5.9,4.0,10,0
EMP-02853,Engineering,Mid,32,5,0,PTO,0.42,212.68,0.69,8.9,4.9,1,0
EMP-02854,Customer Support,Senior,51,4,3,Points,0.33,32.29,0.67,7.5,3.4,1,0
EMP-02855,Engineering,Junior,1,2,0,Badge,0.17,2.35,0.74,6.9,4.3,4,0
EMP-02856,Sales,Mid,48,2,2,Points,0.17,5.81,0.99,5.7,3.6,2,0
EMP-02857,Engineering,Senior,55,6,3,Badge,0.5,1.63,0.18,7.3,4.2,4,0
EMP-02858,Engineering,Junior,17,6,1,Badge,0.5,0.4,0.91,6.5,4.2,5,0
EMP-02859,Engineering,Senior,27,11,8,PTO,0.92,65.11,0.39,7.6,5.0,3,0
EMP-02860,Engineering,Mid,9,2,2,Points,0.17,16.06,0.58,6.0,2.6,8,0
EMP-02861,Customer Support,Manager,59,9,8,Points,0.75,37.58,0.46,8.6,4.9,1,0
EMP-02862,Sales,Mid,55,5,3,Badge,0.42,2.57,0.28,7.0,4.3,5,0
EMP-02863,Customer Support,Junior,10,2,2,Monetary,0.17,64.4,0.75,4.7,2.9,11,0
EMP-02864,Marketing,Mid,43,5,2,Badge,0.42,6.37,0.7,6.0,5.0,5,0
EMP-02865,Sales,Junior,3,4,1,Badge,0.33,5.63,0.37,4.2,3.3,6,0
EMP-02866,Marketing,Manager,73,14,4,Badge,1.17,5.08,0.41,9.0,4.8,5,0
EMP-02867,Sales,Junior,1,7,0,Badge,0.58,6.46,0.5,3.8,3.1,8,1
EMP-02868,Operations,Senior,49,11,2,Monetary,0.92,87.48,0.37,6.7,4.5,2,0
EMP-02869,Sales,Mid,3,9,1,Points,0.75,5.67,0.33,6.5,3.4,1,0
EMP-02870,Sales,Mid,41,7,2,Monetary,0.58,100.25,0.5,7.4,5.0,4,0
EMP-02871,Customer Support,Junior,1,3,1,Badge,0.25,3.67,0.56,4.1,2.8,7,0
EMP-02872,Customer Support,Mid,3,2,2,Badge,0.17,7.72,0.75,6.9,3.6,7,0
EMP-02873,Customer Support,Mid,3,3,2,Points,0.25,9.06,0.86,5.4,3.4,7,0
EMP-02874,Sales,Junior,9,6,2,PTO,0.5,245.28,0.91,7.4,4.5,7,0
EMP-02875,Operations,Manager,63,14,10,Points,1.17,37.0,0.82,9.5,4.6,4,0
EMP-02876,Sales,Mid,6,4,2,PTO,0.33,133.55,0.56,7.6,3.7,8,0
EMP-02877,Sales,Mid,21,2,0,Points,0.17,33.24,0.84,6.0,3.4,1,0
EMP-02878,Engineering,Mid,37,11,3,PTO,0.92,181.66,0.21,7.8,4.3,2,0
EMP-02879,Marketing,Junior,9,2,1,Points,0.17,14.58,0.65,5.4,3.8,4,0
EMP-02880,Engineering,Manager,63,18,4,Badge,1.5,9.04,0.78,10.0,5.0,3,0
EMP-02881,Sales,Mid,3,7,2,Monetary,0.58,58.2,0.86,5.5,4.5,4,0
EMP-02882,Operations,Junior,1,0,1,Points,0.0,11.21,0.0,1.4,3.5,10,1
EMP-02883,Engineering,Mid,23,6,2,PTO,0.5,152.47,0.93,8.7,4.5,5,0
EMP-02884,Engineering,Mid,3,8,6,Points,0.67,38.43,0.66,8.5,4.7,5,0
EMP-02885,Engineering,Mid,17,9,6,Badge,0.75,2.21,0.68,8.1,4.0,3,0
EMP-02886,Customer Support,Senior,55,5,2,Points,0.42,44.0,0.62,7.9,3.4,6,0
EMP-02887,Sales,Junior,1,2,2,Badge,0.17,5.78,0.91,3.1,2.7,10,1
EMP-02888,Sales,Junior,4,3,2,Badge,0.25,1.9,0.55,4.5,3.4,7,0
EMP-02889,Operations,Senior,50,13,9,Points,1.08,29.42,0.78,9.7,5.0,3,0
EMP-02890,Operations,Junior,7,2,2,Points,0.17,15.47,0.62,5.6,4.3,7,0
EMP-02891,Sales,Senior,72,15,7,Points,1.25,14.1,0.57,9.0,4.4,6,0
EMP-02892,Operations,Junior,7,2,1,Monetary,0.17,51.84,0.43,5.1,4.0,6,0
EMP-02893,Operations,Senior,44,5,2,Badge,0.42,5.88,0.6,5.6,3.8,5,0
EMP-02894,Marketing,Mid,30,8,2,Badge,0.67,0.1,0.71,7.9,3.7,3,0
EMP-02895,Engineering,Mid,44,4,1,Badge,0.33,9.53,0.73,7.4,3.9,4,0
EMP-02896,Customer Support,Junior,10,2,2,PTO,0.17,56.72,0.89,6.0,3.4,3,0
EMP-02897,Marketing,Junior,2,4,1,Monetary,0.33,187.78,0.75,5.6,3.6,6,0
EMP-02898,Sales,Junior,2,5,0,PTO,0.42,132.97,0.92,7.0,4.8,6,0
EMP-02899,Sales,Junior,3,2,2,Points,0.17,30.65,0.53,4.0,3.4,9,0
EMP-02900,Engineering,Mid,40,6,4,Points,0.5,27.51,0.45,7.7,4.1,6,0
EMP-02901,Engineering,Mid,28,4,1,Points,0.33,18.85,0.63,6.9,4.4,3,0
EMP-02902,Operations,Mid,10,7,2,Monetary,0.58,79.57,0.48,7.7,4.5,4,0
EMP-02903,Engineering,Senior,49,9,2,Monetary,0.75,48.62,0.66,9.0,4.6,6,0
EMP-02904,Sales,Senior,36,12,7,Points,1.0,20.18,0.74,8.8,3.3,4,0
EMP-02905,Marketing,Mid,9,2,2,PTO,0.17,208.48,0.33,4.3,2.7,9,0
EMP-02906,Engineering,Mid,16,5,1,Points,0.42,31.63,0.51,7.5,4.5,6,0
EMP-02907,Customer Support,Mid,58,7,0,Monetary,0.58,174.55,0.9,8.9,4.6,6,0
EMP-02908,Engineering,Mid,46,4,1,Badge,0.33,2.24,0.66,6.4,5.0,5,0
EMP-02909,Sales,Senior,15,10,1,Points,0.83,12.27,0.6,7.2,5.0,5,0
EMP-02910,Sales,Junior,3,5,0,Monetary,0.42,165.78,0.75,4.7,4.2,9,0
EMP-02911,Engineering,Junior,1,4,2,Badge,0.33,8.07,0.89,5.7,3.9,7,0
EMP-02912,Engineering,Senior,43,15,5,Points,1.25,37.78,0.62,9.0,5.0,2,0
EMP-02913,Operations,Junior,17,8,1,PTO,0.67,85.06,0.81,8.5,4.3,4,0
EMP-02914,Customer Support,Manager,48,7,7,Badge,0.58,8.98,0.74,7.4,4.8,4,0
EMP-02915,Engineering,Senior,60,10,4,Points,0.83,22.93,0.61,9.4,4.0,5,0
EMP-02916,Marketing,Junior,22,4,1,PTO,0.33,139.08,0.28,5.8,3.4,5,0
EMP-02917,Operations,Junior,3,3,0,Badge,0.25,1.47,0.48,5.2,3.8,6,0
EMP-02918,Operations,Mid,51,8,1,Points,0.67,13.05,0.53,8.3,4.2,4,0
EMP-02919,Sales,Mid,26,7,2,Points,0.58,9.37,0.73,9.1,4.6,4,0
EMP-02920,Sales,Junior,6,1,0,Points,0.08,29.04,0.68,5.5,4.0,5,0
EMP-02921,Sales,Senior,62,14,7,Points,1.17,22.05,0.74,8.8,4.0,5,0
EMP-02922,Operations,Mid,18,5,2,Points,0.42,11.8,0.72,6.5,3.6,4,0
EMP-02923,Operations,Mid,27,7,1,Points,0.58,35.51,0.31,6.8,2.9,6,0
EMP-02924,Engineering,Junior,44,3,1,Monetary,0.25,82.08,0.77,6.0,4.2,3,0
EMP-02925,Sales,Senior,41,10,2,Points,0.83,35.41,0.75,7.7,4.8,3,0
EMP-02926,Customer Support,Junior,4,1,2,Badge,0.08,8.0,0.72,5.0,3.3,5,0
EMP-02927,Operations,Senior,33,7,2,PTO,0.58,206.81,0.82,8.1,4.6,4,0
EMP-02928,Customer Support,Mid,24,3,1,Points,0.25,5.43,0.31,6.6,3.8,3,0
EMP-02929,Operations,Mid,42,8,2,Monetary,0.67,74.61,0.87,7.6,4.6,4,0
EMP-02930,Sales,Manager,66,14,6,Points,1.17,6.15,0.95,10.0,4.4,5,0
EMP-02931,Marketing,Senior,34,2,4,Monetary,0.17,87.52,0.86,6.3,4.1,8,0
EMP-02932,Marketing,Mid,30,9,2,Monetary,0.75,171.9,0.7,9.2,5.0,5,0
EMP-02933,Engineering,Junior,3,2,0,Points,0.17,41.41,0.44,5.5,2.4,11,0
EMP-02934,Marketing,Senior,26,14,4,Badge,1.17,1.63,0.37,7.9,4.6,1,0
EMP-02935,Operations,Mid,22,8,3,PTO,0.67,218.97,0.62,7.2,4.6,5,0
EMP-02936,Engineering,Junior,6,5,1,Badge,0.42,8.77,0.69,5.0,3.3,8,0
EMP-02937,Operations,Manager,77,15,6,Points,1.25,43.9,0.33,7.8,3.7,6,0
EMP-02938,Marketing,Junior,3,2,1,PTO,0.17,251.0,0.44,5.4,4.2,4,0
EMP-02939,Customer Support,Junior,26,4,1,Badge,0.33,2.42,0.39,7.2,4.5,3,0
EMP-02940,Engineering,Junior,29,3,0,Points,0.25,48.86,0.73,7.0,4.4,4,0
EMP-02941,Engineering,Mid,55,12,3,Points,1.0,37.34,0.61,8.8,4.1,4,0
EMP-02942,Marketing,Senior,32,7,6,Points,0.58,36.28,0.96,8.4,5.0,6,0
EMP-02943,Sales,Mid,26,14,1,Points,1.17,46.35,0.53,8.6,4.7,5,0
EMP-02944,Operations,Mid,12,5,1,Points,0.42,20.47,0.53,6.3,4.3,5,0
EMP-02945,Operations,Mid,11,5,2,PTO,0.42,162.38,0.75,6.0,2.8,5,0
EMP-02946,Engineering,Senior,72,13,7,PTO,1.08,158.88,0.49,9.7,5.0,4,0
EMP-02947,Sales,Junior,5,6,2,Points,0.5,10.23,0.8,6.9,4.5,5,0
EMP-02948,Sales,Manager,66,6,6,Badge,0.5,2.89,0.83,7.9,4.3,3,0
EMP-02949,Sales,Junior,3,0,1,Monetary,0.0,148.17,0.0,2.2,2.9,14,1
EMP-02950,Customer Support,Manager,91,12,8,Badge,1.0,0.39,0.76,9.8,4.0,6,0
EMP-02951,Operations,Junior,72,4,0,Badge,0.33,4.62,0.65,7.4,4.0,3,0
EMP-02952,Operations,Senior,75,12,3,Points,1.0,37.57,0.8,8.4,4.3,3,0
EMP-02953,Operations,Junior,13,5,1,Monetary,0.42,153.74,0.55,4.8,4.5,4,0
EMP-02954,Sales,Junior,22,8,2,Badge,0.67,9.16,1.0,4.9,3.3,5,0
EMP-02955,Customer Support,Manager,75,5,10,Monetary,0.42,123.07,0.45,7.3,3.6,7,0
EMP-02956,Operations,Senior,59,11,2,Badge,0.92,2.07,0.58,8.1,4.5,3,0
EMP-02957,Operations,Mid,34,11,4,Badge,0.92,7.71,0.75,8.5,4.3,3,0
EMP-02958,Customer Support,Senior,35,7,6,Badge,0.58,5.06,0.61,5.6,3.5,7,0
EMP-02959,Engineering,Mid,53,3,6,Points,0.25,41.63,0.73,7.4,4.3,4,0
EMP-02960,Operations,Senior,69,14,7,Points,1.17,14.93,0.75,8.9,5.0,2,0
EMP-02961,Engineering,Mid,19,9,2,PTO,0.75,51.8,0.33,7.6,3.9,8,0
EMP-02962,Sales,Mid,39,7,1,PTO,0.58,120.18,0.66,8.8,5.0,4,0
EMP-02963,Sales,Mid,50,7,4,Monetary,0.58,57.01,0.62,8.8,4.6,3,0
EMP-02964,Customer Support,Mid,35,7,1,Badge,0.58,7.17,0.9,7.2,4.3,4,0
EMP-02965,Operations,Manager,56,9,9,PTO,0.75,175.49,0.73,6.7,4.5,4,0
EMP-02966,Operations,Junior,9,1,1,Points,0.08,21.82,0.88,6.2,3.2,1,0
EMP-02967,Operations,Junior,18,4,0,PTO,0.33,69.25,0.61,6.9,3.6,6,0
EMP-02968,Marketing,Mid,21,6,3,Points,0.5,14.6,0.71,8.1,3.9,2,0
EMP-02969,Customer Support,Senior,29,8,5,Monetary,0.67,187.46,0.66,7.8,4.2,6,0
EMP-02970,Sales,Junior,24,4,3,Points,0.33,14.28,0.65,4.6,3.8,1,0
EMP-02971,Sales,Mid,30,6,1,PTO,0.5,194.96,0.63,8.4,4.9,3,0
EMP-02972,Engineering,Manager,48,6,8,Points,0.5,41.94,0.63,6.4,3.9,2,0
EMP-02973,Operations,Junior,7,3,2,Monetary,0.25,75.93,0.39,6.3,2.8,10,0
EMP-02974,Operations,Senior,34,7,6,Points,0.58,41.08,0.38,6.5,5.0,2,0
EMP-02975,Sales,Senior,63,13,2,Monetary,1.08,81.67,0.9,10.0,4.8,3,0
EMP-02976,Engineering,Mid,17,10,1,Badge,0.83,5.75,0.58,7.2,4.3,0,0
EMP-02977,Operations,Manager,63,14,16,Badge,1.17,2.82,0.7,9.6,3.8,1,0
EMP-02978,Engineering,Senior,55,9,3,Badge,0.75,5.76,0.8,7.4,4.6,2,0
EMP-02979,Operations,Mid,12,5,0,Monetary,0.42,61.91,0.94,5.9,3.2,10,0
EMP-02980,Customer Support,Mid,43,6,1,Badge,0.5,8.09,0.66,7.5,3.2,5,0
EMP-02981,Sales,Senior,44,12,6,PTO,1.0,170.15,0.6,7.6,5.0,9,0
EMP-02982,Engineering,Mid,37,8,4,Points,0.67,46.28,0.59,7.1,4.9,7,0
EMP-02983,Operations,Manager,86,10,8,Badge,0.83,6.3,0.51,7.6,3.8,5,0
EMP-02984,Operations,Mid,40,7,4,Points,0.58,42.26,0.43,8.2,4.4,6,0
EMP-02985,Marketing,Junior,8,4,2,Points,0.33,43.26,0.92,5.7,3.5,11,0
EMP-02986,Customer Support,Junior,14,4,1,Points,0.33,28.68,0.45,6.3,3.6,3,0
EMP-02987,Engineering,Junior,1,3,1,PTO,0.25,229.08,0.48,3.8,2.5,14,1
EMP-02988,Sales,Junior,16,3,1,PTO,0.25,188.92,0.86,7.0,4.6,5,0
EMP-02989,Operations,Manager,58,9,7,Badge,0.75,0.23,0.74,8.1,4.9,5,0
EMP-02990,Customer Support,Senior,28,3,11,Monetary,0.25,150.68,0.59,5.3,3.2,1,0
EMP-02991,Engineering,Senior,26,9,7,Points,0.75,49.71,0.44,6.8,4.5,4,0
EMP-02992,Operations,Mid,22,8,2,Points,0.67,44.15,0.52,6.6,3.0,6,0
EMP-02993,Marketing,Senior,31,10,2,Points,0.83,7.37,0.28,7.0,5.0,2,0
EMP-02994,Sales,Mid,26,11,2,Badge,0.92,9.34,0.43,6.8,4.7,7,0
EMP-02995,Engineering,Manager,74,9,5,Monetary,0.75,60.16,0.82,9.4,4.5,0,0
EMP-02996,Customer Support,Mid,24,3,2,Points,0.25,7.45,0.42,4.9,2.9,6,0
EMP-02997,Engineering,Manager,63,15,6,Badge,1.25,0.12,0.61,10.0,5.0,2,0
EMP-02998,Sales,Senior,39,7,5,Monetary,0.58,99.0,1.0,8.1,4.9,3,0
EMP-02999,Sales,Junior,45,5,2,Badge,0.42,3.01,0.46,5.9,4.0,5,0
EMP-03000,Customer Support,Mid,65,4,2,Points,0.33,13.03,0.72,5.8,3.7,4,0
EMP-03001,Marketing,Mid,27,9,1,PTO,0.75,71.62,0.85,8.8,5.0,8,0
EMP-03002,Operations,Junior,17,5,3,Badge,0.42,3.57,0.41,8.0,4.3,2,0
EMP-03003,Engineering,Mid,46,5,5,PTO,0.42,107.18,0.84,7.1,4.5,3,0
EMP-03004,Marketing,Mid,33,8,3,Monetary,0.67,136.65,0.67,8.8,4.7,2,0
EMP-03005,Marketing,Junior,1,2,2,PTO,0.17,144.21,0.84,4.2,2.2,13,0
EMP-03006,Operations,Manager,35,11,8,Monetary,0.92,103.75,0.53,6.5,4.1,1,0
EMP-03007,Customer Support,Mid,13,4,2,Badge,0.33,7.67,0.61,6.5,2.9,7,0
EMP-03008,Engineering,Manager,48,10,0,Points,0.83,20.7,0.81,9.5,3.7,4,0
EMP-03009,Marketing,Senior,46,12,4,PTO,1.0,91.39,0.81,10.0,4.2,1,0
EMP-03010,Engineering,Mid,55,3,0,Monetary,0.25,76.59,0.77,8.3,4.5,2,0
EMP-03011,Marketing,Mid,31,7,2,Badge,0.58,6.79,0.17,6.5,4.6,1,0
EMP-03012,Sales,Senior,74,11,2,PTO,0.92,79.53,1.0,8.3,4.2,5,0
EMP-03013,Sales,Manager,63,10,4,Badge,0.83,6.55,0.93,8.3,3.7,2,0
EMP-03014,Sales,Junior,21,5,2,Badge,0.42,7.27,0.64,7.3,4.1,8,0
EMP-03015,Marketing,Manager,53,9,7,Badge,0.75,6.44,0.72,8.4,4.4,4,0
EMP-03016,Sales,Manager,62,18,5,PTO,1.5,140.82,0.6,8.4,5.0,2,0
EMP-03017,Operations,Senior,62,7,2,Badge,0.58,6.54,0.48,7.5,4.5,4,0
EMP-03018,Sales,Manager,74,13,6,Points,1.08,42.41,0.68,9.8,4.5,2,0
EMP-03019,Engineering,Mid,41,7,6,Points,0.58,19.19,0.85,7.8,5.0,4,0
EMP-03020,Operations,Manager,55,2,8,Badge,0.17,2.69,0.37,7.5,4.4,2,0
EMP-03021,Sales,Senior,43,16,2,Monetary,1.33,192.5,0.23,7.7,4.5,5,0
EMP-03022,Sales,Junior,1,7,5,Monetary,0.58,180.95,0.98,5.0,4.8,10,0
EMP-03023,Operations,Manager,54,8,5,Badge,0.67,2.7,0.76,8.3,5.0,3,0
EMP-03024,Sales,Mid,3,14,2,Points,1.17,12.68,0.65,8.6,4.0,6,0
EMP-03025,Engineering,Mid,43,9,5,Points,0.75,24.04,0.56,8.0,4.4,8,0
EMP-03026,Sales,Mid,45,8,2,Badge,0.67,5.05,1.0,8.7,4.5,1,0
EMP-03027,Customer Support,Junior,2,2,3,Badge,0.17,1.68,0.76,4.1,3.1,4,0
EMP-03028,Marketing,Mid,31,9,3,Monetary,0.75,29.29,0.52,7.1,4.4,3,0
EMP-03029,Marketing,Senior,37,9,4,Points,0.75,41.83,0.4,6.6,4.4,6,0
EMP-03030,Marketing,Junior,14,4,2,Monetary,0.33,186.81,0.67,6.6,3.3,2,0
EMP-03031,Engineering,Junior,72,15,0,Badge,1.25,0.69,0.47,6.9,4.6,3,0
EMP-03032,Sales,Junior,5,4,1,Monetary,0.33,172.1,0.82,5.2,3.1,5,0
EMP-03033,Operations,Mid,26,8,2,Points,0.67,24.91,0.45,6.4,4.3,8,0
EMP-03034,Engineering,Senior,61,9,5,PTO,0.75,94.54,0.6,8.6,5.0,2,0
EMP-03035,Engineering,Senior,61,9,6,Badge,0.75,3.86,0.46,8.2,,1,0
EMP-03036,Engineering,Manager,89,9,12,Badge,0.75,8.66,0.52,7.3,4.7,5,0
EMP-03037,Sales,Mid,29,7,2,Monetary,0.58,46.37,0.29,6.5,5.0,2,0
EMP-03038,Customer Support,Junior,16,2,2,Monetary,0.17,42.25,0.39,5.5,1.8,8,0
EMP-03039,Engineering,Manager,57,14,12,Points,1.17,48.46,0.48,8.7,4.6,9,0
EMP-03040,Sales,Senior,54,13,5,Badge,1.08,2.94,0.47,8.9,4.9,4,0
EMP-03041,Engineering,Mid,13,5,2,Monetary,0.42,175.73,0.4,7.3,4.3,5,0
EMP-03042,Customer Support,Senior,62,8,4,Monetary,0.67,123.26,0.85,7.5,3.6,2,0
EMP-03043,Engineering,Manager,48,8,8,PTO,0.67,110.1,0.27,7.0,4.0,6,0
EMP-03044,Sales,Senior,57,12,2,Points,1.0,18.28,0.88,8.9,3.7,5,0
EMP-03045,Operations,Mid,39,7,3,Badge,0.58,4.12,0.08,6.5,4.6,2,0
EMP-03046,Operations,Senior,18,8,4,Badge,0.67,1.5,0.25,7.2,4.7,1,0
EMP-03047,Sales,Junior,19,10,1,Monetary,0.83,149.24,0.74,7.5,4.9,3,0
EMP-03048,Sales,Mid,32,9,4,Points,0.75,23.79,0.78,8.5,5.0,2,0
EMP-03049,Sales,Mid,21,11,6,Points,0.92,45.02,1.0,8.3,4.6,5,0
EMP-03050,Engineering,Junior,2,1,1,Monetary,0.08,185.24,0.75,6.4,3.6,8,0
EMP-03051,Engineering,Junior,13,3,0,Points,0.25,46.11,0.85,7.3,3.8,2,0
EMP-03052,Sales,Junior,13,2,0,Badge,0.17,6.49,0.96,5.7,2.7,10,0
EMP-03053,Engineering,Senior,33,9,1,PTO,0.75,169.02,0.55,8.1,4.2,3,0
EMP-03054,Sales,Senior,32,11,4,Points,0.92,8.8,0.39,7.9,4.8,4,0
EMP-03055,Marketing,Manager,92,22,5,PTO,1.83,238.88,0.66,9.9,4.0,0,0
EMP-03056,Customer Support,Mid,3,5,2,PTO,0.42,72.27,0.49,3.0,2.8,10,1
EMP-03057,Marketing,Mid,33,8,3,Points,0.67,13.21,0.71,6.6,3.6,3,0
EMP-03058,Engineering,Manager,36,8,8,Monetary,0.67,172.48,0.5,7.8,4.0,5,0
EMP-03059,Engineering,Junior,1,4,3,Points,0.33,43.42,0.54,4.2,3.7,9,0
EMP-03060,Customer Support,Senior,53,14,9,Points,1.17,24.56,0.87,8.7,3.9,1,0
EMP-03061,Sales,Senior,25,10,6,Points,0.83,37.4,0.73,8.1,3.9,6,0
EMP-03062,Engineering,Junior,3,1,0,Badge,0.08,2.2,0.35,4.0,3.1,3,0
EMP-03063,Marketing,Senior,40,8,4,Badge,0.67,8.97,0.45,7.8,4.5,3,0
EMP-03064,Marketing,Senior,49,8,3,Points,0.67,34.43,0.19,7.1,4.2,5,0
EMP-03065,Marketing,Junior,7,5,1,Points,0.42,43.6,0.74,6.1,4.1,6,0
EMP-03066,Engineering,Junior,14,2,1,Points,0.17,22.64,0.66,8.1,3.3,1,0
EMP-03067,Engineering,Junior,36,5,3,Points,0.42,6.8,0.82,5.4,4.5,6,0
EMP-03068,Customer Support,Mid,43,9,3,Badge,0.75,9.93,0.94,7.3,3.6,4,0
EMP-03069,Engineering,Mid,14,7,4,Monetary,0.58,158.38,0.47,9.0,5.0,2,0
EMP-03070,Marketing,Mid,33,5,4,Points,0.42,12.49,0.47,7.2,4.2,5,0
EMP-03071,Operations,Junior,4,1,3,Points,0.08,33.8,0.73,4.2,3.3,9,0
EMP-03072,Marketing,Manager,95,8,7,Points,0.67,47.55,0.71,8.0,4.7,3,0
EMP-03073,Sales,Mid,27,8,2,Badge,0.67,8.98,0.96,7.1,4.3,7,0
EMP-03074,Engineering,Junior,3,1,2,Badge,0.08,9.4,0.6,4.6,2.8,8,0
EMP-03075,Marketing,Mid,57,7,3,Badge,0.58,1.1,0.43,5.7,,4,0
EMP-03076,Customer Support,Mid,35,8,3,Badge,0.67,8.54,0.81,8.0,4.1,4,0
EMP-03077,Customer Support,Mid,45,6,1,Points,0.5,45.11,0.72,6.9,5.0,2,0
EMP-03078,Engineering,Junior,24,7,1,PTO,0.58,95.2,0.66,7.0,4.4,6,0
EMP-03079,Engineering,Junior,7,4,2,Monetary,0.33,148.82,0.41,5.5,3.4,6,0
EMP-03080,Customer Support,Senior,45,7,2,Points,0.58,36.17,0.84,7.8,4.0,2,0
EMP-03081,Operations,Manager,89,7,10,Monetary,0.58,145.52,0.81,9.0,4.8,0,0
EMP-03082,Customer Support,Mid,48,6,2,Badge,0.5,5.73,0.69,8.3,4.1,3,0
EMP-03083,Engineering,Mid,15,5,3,Monetary,0.42,66.66,0.67,8.2,4.0,5,0
EMP-03084,Marketing,Mid,29,13,4,Badge,1.08,1.08,0.21,8.4,4.3,5,0
EMP-03085,Operations,Senior,52,7,5,Monetary,0.58,68.01,0.71,8.0,4.5,3,0
EMP-03086,Operations,Mid,26,3,5,Monetary,0.25,185.01,0.56,5.9,4.3,5,0
EMP-03087,Sales,Manager,66,12,8,Badge,1.0,2.26,0.63,8.8,3.3,5,0
EMP-03088,Engineering,Mid,41,6,1,Points,0.5,24.43,0.44,7.7,4.5,4,0
EMP-03089,Marketing,Mid,44,6,4,PTO,0.5,160.23,0.39,7.7,4.0,6,0
EMP-03090,Engineering,Mid,53,9,4,Monetary,0.75,186.76,0.75,8.5,5.0,2,0
EMP-03091,Sales,Manager,54,19,9,Points,1.58,10.18,0.87,9.1,3.7,1,0
EMP-03092,Customer Support,Senior,26,7,2,PTO,0.58,169.63,0.28,6.6,4.3,4,0
EMP-03093,Sales,Junior,14,4,0,Points,0.33,41.43,0.91,6.8,3.3,6,0
EMP-03094,Operations,Mid,24,4,5,Points,0.33,7.78,0.44,6.9,4.0,8,0
EMP-03095,Engineering,Mid,30,11,2,PTO,0.92,236.42,0.59,7.6,4.0,5,0
EMP-03096,Marketing,Mid,39,5,2,Points,0.42,9.23,0.58,7.4,4.1,2,0
EMP-03097,Customer Support,Senior,25,6,3,Badge,0.5,4.52,0.82,9.4,4.0,5,0
EMP-03098,Engineering,Senior,12,7,5,PTO,0.58,89.49,0.77,7.4,3.4,4,0
EMP-03099,Engineering,Senior,51,14,4,Monetary,1.17,93.22,0.86,10.0,4.6,6,0
EMP-03100,Sales,Manager,80,20,7,Points,1.67,6.68,0.38,7.6,5.0,7,0
EMP-03101,Engineering,Junior,5,4,5,Badge,0.33,8.42,0.78,4.6,3.4,7,0
EMP-03102,Operations,Manager,54,15,4,Points,1.25,11.02,0.48,8.7,5.0,4,0
EMP-03103,Customer Support,Senior,46,13,3,Badge,1.08,1.87,0.25,7.2,4.0,4,0
EMP-03104,Sales,Mid,22,9,1,Badge,0.75,4.58,1.0,8.1,4.8,5,0
EMP-03105,Engineering,Senior,33,9,3,Points,0.75,5.88,0.61,8.3,5.0,6,0
EMP-03106,Sales,Junior,12,7,3,Points,0.58,46.45,0.86,5.5,3.5,5,0
EMP-03107,Operations,Senior,58,13,8,Monetary,1.08,97.37,0.45,9.6,4.8,4,0
EMP-03108,Engineering,Mid,14,6,1,PTO,0.5,182.44,0.53,7.9,4.3,3,0
EMP-03109,Marketing,Junior,11,3,1,Monetary,0.25,177.16,0.74,5.2,3.4,5,0
EMP-03110,Marketing,Senior,61,10,1,Points,0.83,30.92,0.86,8.5,4.8,2,0
EMP-03111,Marketing,Mid,25,8,2,Points,0.67,8.59,0.33,7.2,4.2,6,0
EMP-03112,Engineering,Junior,4,1,2,Monetary,0.08,165.55,0.95,3.6,3.4,12,1
EMP-03113,Operations,Junior,11,2,0,Points,0.17,46.22,0.49,5.2,3.6,4,0
EMP-03114,Engineering,Mid,57,15,2,Points,1.25,41.37,0.64,9.2,3.6,5,0
EMP-03115,Engineering,Mid,29,9,5,Badge,0.75,1.9,0.76,7.2,5.0,7,0
EMP-03116,Customer Support,Manager,66,8,6,Badge,0.67,4.81,0.58,7.3,3.6,5,0
EMP-03117,Operations,Manager,46,12,11,Points,1.0,18.48,0.51,8.8,4.8,7,0
EMP-03118,Engineering,Mid,3,2,3,Points,0.17,31.91,0.36,5.2,2.5,6,0
EMP-03119,Engineering,Senior,49,15,7,Monetary,1.25,171.51,0.86,9.6,5.0,3,0
EMP-03120,Engineering,Mid,18,7,1,Points,0.58,23.01,0.5,6.6,4.7,4,0
EMP-03121,Engineering,Senior,35,8,6,Points,0.67,31.65,0.47,6.5,5.0,6,0
EMP-03122,Engineering,Junior,7,4,3,Points,0.33,5.46,0.75,7.1,3.2,6,0
EMP-03123,Engineering,Mid,25,5,1,Points,0.42,20.78,0.85,7.9,3.9,2,0
EMP-03124,Sales,Mid,32,8,1,Monetary,0.67,133.68,0.41,6.8,5.0,6,0
EMP-03125,Operations,Junior,3,4,0,Monetary,0.33,198.34,0.39,5.2,3.9,9,0
EMP-03126,Marketing,Senior,24,9,5,Points,0.75,17.52,0.7,8.2,5.0,4,0
EMP-03127,Marketing,Senior,12,6,6,Points,0.5,12.86,0.11,7.4,3.2,1,0
EMP-03128,Engineering,Mid,25,6,0,Monetary,0.5,181.75,0.6,8.7,4.5,5,0
EMP-03129,Customer Support,Mid,42,5,2,Badge,0.42,5.63,0.94,6.6,3.8,6,0
EMP-03130,Operations,Senior,31,6,5,Monetary,0.5,199.26,0.63,6.8,4.3,6,0
EMP-03131,Operations,Senior,59,10,6,Monetary,0.83,69.48,0.44,9.7,4.8,6,0
EMP-03132,Operations,Junior,8,1,0,Badge,0.08,1.96,0.87,4.6,2.9,6,0
EMP-03133,Customer Support,Mid,46,4,3,Monetary,0.33,87.25,0.56,5.8,4.2,6,0
EMP-03134,Marketing,Senior,43,4,1,Monetary,0.33,126.13,0.76,7.6,4.0,4,0
EMP-03135,Engineering,Mid,3,5,4,Monetary,0.42,38.37,0.41,4.7,2.8,8,0
EMP-03136,Marketing,Junior,6,2,1,PTO,0.17,147.22,0.55,6.5,3.4,6,0
EMP-03137,Operations,Mid,29,7,2,Monetary,0.58,36.49,0.25,7.2,4.8,7,0
EMP-03138,Operations,Manager,18,4,7,Badge,0.33,6.58,0.86,6.5,3.7,3,0
EMP-03139,Marketing,Senior,78,15,9,Badge,1.25,3.44,0.39,10.0,4.7,4,0
EMP-03140,Engineering,Manager,65,15,4,Badge,1.25,9.71,0.81,9.5,5.0,1,0
EMP-03141,Sales,Senior,34,11,4,Badge,0.92,1.03,0.85,6.6,,2,0
EMP-03142,Customer Support,Manager,86,11,9,Monetary,0.92,181.51,0.41,7.5,3.5,5,0
EMP-03143,Marketing,Junior,6,1,0,Badge,0.08,0.26,0.57,3.7,2.7,9,1
EMP-03144,Marketing,Senior,58,9,2,Points,0.75,34.47,0.94,8.7,5.0,4,0
EMP-03145,Engineering,Junior,7,3,2,Points,0.25,47.66,0.91,6.4,3.5,4,0
EMP-03146,Sales,Senior,12,12,3,Badge,1.0,7.07,0.9,9.1,3.4,4,0
EMP-03147,Customer Support,Mid,34,7,7,Monetary,0.58,30.36,0.21,6.5,4.3,8,0
EMP-03148,Marketing,Mid,39,9,2,Points,0.75,34.57,0.7,6.8,3.8,5,0
EMP-03149,Operations,Senior,52,10,3,PTO,0.83,122.13,0.55,7.5,4.4,4,0
EMP-03150,Sales,Senior,57,13,2,Badge,1.08,7.3,0.63,7.9,4.4,6,0
EMP-03151,Marketing,Junior,42,2,2,Points,0.17,25.34,0.57,7.1,4.3,5,0
EMP-03152,Engineering,Mid,34,2,3,PTO,0.17,204.61,0.62,6.8,4.2,2,0
EMP-03153,Operations,Mid,31,3,3,Monetary,0.25,29.15,0.81,6.0,3.0,2,0
EMP-03154,Sales,Mid,33,7,2,Points,0.58,17.61,0.75,6.7,3.8,2,0
EMP-03155,Sales,Senior,48,11,2,Points,0.92,18.59,0.71,6.8,3.5,2,0
EMP-03156,Marketing,Mid,10,4,3,Badge,0.33,4.48,0.34,5.5,3.9,12,0
EMP-03157,Customer Support,Manager,52,6,6,Badge,0.5,8.81,0.71,8.5,4.6,5,0
EMP-03158,Engineering,Junior,8,5,5,Badge,0.42,3.69,0.88,7.8,4.1,8,0
EMP-03159,Operations,Senior,26,6,4,Badge,0.5,7.04,0.83,7.3,5.0,3,0
EMP-03160,Sales,Senior,65,11,2,PTO,0.92,139.2,0.86,7.0,4.8,2,0
EMP-03161,Sales,Junior,15,6,2,Badge,0.5,2.01,0.81,7.1,4.6,3,0
EMP-03162,Engineering,Mid,15,7,0,Monetary,0.58,106.01,0.49,6.2,4.6,2,0
EMP-03163,Sales,Senior,28,12,5,Badge,1.0,2.44,0.82,8.5,3.3,4,0
EMP-03164,Sales,Senior,26,12,4,Badge,1.0,0.53,0.5,8.1,5.0,5,0
EMP-03165,Engineering,Mid,7,8,1,PTO,0.67,103.55,0.82,6.9,3.9,8,0
EMP-03166,Sales,Mid,33,6,3,Points,0.5,8.72,0.85,8.4,4.5,3,0
EMP-03167,Customer Support,Junior,5,1,3,Monetary,0.08,33.3,0.84,4.9,1.8,8,0
EMP-03168,Engineering,Junior,25,7,1,Monetary,0.58,154.25,0.77,8.5,4.4,4,0
EMP-03169,Operations,Mid,25,7,0,PTO,0.58,223.78,0.52,8.2,4.8,4,0
EMP-03170,Sales,Junior,31,7,2,PTO,0.58,88.37,0.61,6.4,3.9,3,0
EMP-03171,Marketing,Senior,50,9,5,Points,0.75,6.83,0.77,7.4,5.0,3,0
EMP-03172,Engineering,Senior,77,10,3,Badge,0.83,0.24,0.92,8.9,4.5,8,0
EMP-03173,Engineering,Manager,67,14,7,Points,1.17,37.92,0.13,9.1,5.0,3,0
EMP-03174,Engineering,Senior,12,13,3,Badge,1.08,4.23,0.36,9.4,4.5,3,0
EMP-03175,Engineering,Manager,79,14,9,Monetary,1.17,100.18,0.16,9.0,4.7,6,0
EMP-03176,Engineering,Mid,8,6,2,PTO,0.5,65.93,0.6,7.6,4.1,7,0
EMP-03177,Marketing,Mid,33,8,2,Points,0.67,41.06,0.7,7.5,5.0,5,0
EMP-03178,Customer Support,Manager,46,11,5,Badge,0.92,2.92,0.23,6.9,4.0,4,0
EMP-03179,Operations,Mid,59,4,2,Points,0.33,23.9,0.54,6.5,3.5,2,0
EMP-03180,Operations,Junior,6,1,1,Badge,0.08,4.42,0.22,4.3,4.3,10,0
EMP-03181,Engineering,Senior,71,10,5,Badge,0.83,8.82,0.5,7.9,4.5,3,0
EMP-03182,Sales,Manager,43,10,5,Points,0.83,42.5,0.79,9.7,4.5,2,0
EMP-03183,Sales,Senior,52,17,4,Points,1.42,19.79,0.81,10.0,4.6,2,0
EMP-03184,Engineering,Mid,16,5,2,Badge,0.42,0.74,0.33,7.9,3.5,4,0
EMP-03185,Sales,Senior,108,7,3,Points,0.58,30.07,0.18,6.2,4.6,3,0
EMP-03186,Marketing,Manager,62,12,10,Badge,1.0,2.74,0.52,10.0,4.9,2,0
EMP-03187,Sales,Junior,19,2,3,Badge,0.17,3.09,0.7,5.5,3.1,2,0
EMP-03188,Sales,Senior,38,8,4,Monetary,0.67,179.43,1.0,7.4,4.2,3,0
EMP-03189,Operations,Junior,16,6,2,Badge,0.5,7.36,0.17,5.5,3.5,1,0
EMP-03190,Operations,Mid,35,5,1,Points,0.42,22.54,0.6,7.8,5.0,4,0
EMP-03191,Sales,Mid,25,10,3,PTO,0.83,211.82,0.83,8.6,4.9,0,0
EMP-03192,Customer Support,Junior,5,3,4,Monetary,0.25,58.5,0.31,4.0,3.0,5,0
EMP-03193,Customer Support,Junior,35,5,2,Badge,0.42,6.67,0.55,4.4,3.9,4,0
EMP-03194,Sales,Mid,29,10,4,Badge,0.83,0.63,0.88,8.1,4.6,4,0
EMP-03195,Sales,Junior,10,5,1,Badge,0.42,6.57,0.73,6.6,3.9,3,0
EMP-03196,Sales,Junior,3,10,3,Badge,0.83,8.87,0.74,6.0,4.6,5,0
EMP-03197,Customer Support,Senior,35,7,1,Badge,0.58,5.81,0.75,7.6,4.1,3,0
EMP-03198,Customer Support,Mid,38,12,3,Badge,1.0,3.4,0.36,8.7,4.4,8,0
EMP-03199,Engineering,Mid,48,5,1,PTO,0.42,189.59,0.32,7.7,4.3,3,0
EMP-03200,Sales,Manager,60,9,8,Points,0.75,19.9,0.44,7.8,4.4,2,0
EMP-03201,Marketing,Junior,8,3,0,Points,0.25,18.12,0.32,6.7,5.0,2,0
EMP-03202,Sales,Mid,26,9,1,Points,0.75,5.22,0.23,8.0,4.9,3,0
EMP-03203,Engineering,Mid,25,10,1,Points,0.83,16.33,0.23,7.1,5.0,5,0
EMP-03204,Operations,Senior,57,9,3,Monetary,0.75,181.44,0.86,9.4,4.7,3,0
EMP-03205,Marketing,Manager,25,6,7,Monetary,0.5,56.35,0.54,7.0,4.6,2,0
EMP-03206,Operations,Manager,67,11,8,Badge,0.92,6.33,0.5,7.9,5.0,2,0
EMP-03207,Operations,Senior,66,4,4,Points,0.33,32.61,0.88,7.5,4.4,4,0
EMP-03208,Operations,Junior,8,2,1,Badge,0.17,2.26,0.45,4.7,4.4,4,0
EMP-03209,Sales,Junior,6,6,1,Points,0.5,39.73,0.79,6.9,3.5,5,0
EMP-03210,Marketing,Mid,22,4,0,Badge,0.33,4.39,0.53,8.0,4.7,4,0
EMP-03211,Engineering,Junior,33,5,4,Points,0.42,40.87,0.65,5.1,4.4,5,0
EMP-03212,Marketing,Senior,12,8,6,Badge,0.67,0.12,0.68,7.6,3.3,2,0
EMP-03213,Engineering,Senior,63,7,6,Badge,0.58,1.49,0.63,9.5,4.3,2,0
EMP-03214,Operations,Junior,13,4,0,Points,0.33,21.9,0.62,5.6,4.0,5,0
EMP-03215,Engineering,Senior,34,5,7,PTO,0.42,168.76,0.84,8.3,5.0,4,0
EMP-03216,Engineering,Junior,32,3,1,Points,0.25,29.59,0.67,7.1,5.0,4,0
EMP-03217,Engineering,Mid,13,5,2,Points,0.42,40.49,0.58,6.2,3.8,4,0
EMP-03218,Engineering,Senior,63,8,3,Points,0.67,45.64,0.62,7.8,4.7,3,0
EMP-03219,Operations,Mid,37,4,2,Badge,0.33,3.17,0.73,7.8,3.9,6,0
EMP-03220,Operations,Mid,34,6,2,Points,0.5,44.91,0.37,7.9,4.4,3,0
EMP-03221,Sales,Junior,42,10,3,Monetary,0.83,71.61,0.99,7.0,5.0,2,0
EMP-03222,Engineering,Mid,5,6,1,Monetary,0.5,37.52,0.69,5.6,3.3,2,0
EMP-03223,Engineering,Senior,33,14,7,Badge,1.17,5.8,0.8,7.2,4.8,4,0
EMP-03224,Engineering,Manager,51,12,9,Badge,1.0,6.66,0.97,10.0,4.2,2,0
EMP-03225,Engineering,Mid,3,5,1,Monetary,0.42,76.69,0.63,6.7,4.0,8,0
EMP-03226,Customer Support,Mid,33,1,3,PTO,0.08,92.39,0.43,7.0,4.3,5,0
EMP-03227,Engineering,Senior,48,7,4,Badge,0.58,0.97,0.24,6.2,4.7,3,0
EMP-03228,Sales,Manager,63,11,7,Badge,0.92,4.41,0.85,9.1,4.3,0,0
EMP-03229,Engineering,Junior,17,3,1,Points,0.25,23.4,0.34,6.0,3.7,3,0
EMP-03230,Engineering,Mid,36,3,2,Badge,0.25,2.85,0.91,6.1,4.5,2,0
EMP-03231,Sales,Senior,60,6,4,Badge,0.5,2.21,0.98,7.1,,3,0
EMP-03232,Marketing,Mid,17,10,2,Badge,0.83,0.39,0.59,7.4,4.8,3,0
EMP-03233,Engineering,Junior,3,3,1,Points,0.25,36.0,0.52,5.9,3.5,5,0
EMP-03234,Engineering,Mid,7,5,0,Points,0.42,22.58,0.25,5.9,5.0,5,0
EMP-03235,Sales,Junior,1,5,1,Monetary,0.42,62.78,0.65,3.4,4.1,9,1
EMP-03236,Engineering,Mid,5,8,5,Monetary,0.67,115.3,0.58,5.4,3.3,4,0
EMP-03237,Engineering,Mid,33,6,2,Badge,0.5,8.81,0.38,6.9,5.0,10,0
EMP-03238,Customer Support,Manager,77,6,5,Badge,0.5,2.32,0.86,7.1,3.9,2,0
EMP-03239,Marketing,Mid,42,5,2,Badge,0.42,6.13,0.59,4.0,3.7,5,0
EMP-03240,Marketing,Junior,32,4,0,Points,0.33,46.3,0.71,8.2,4.1,8,0
EMP-03241,Sales,Junior,2,4,3,Points,0.33,22.15,0.57,5.6,3.3,5,0
EMP-03242,Sales,Manager,45,11,2,Badge,0.92,9.49,0.81,9.2,4.6,5,0
EMP-03243,Marketing,Junior,9,5,1,Monetary,0.42,27.21,0.2,6.0,3.6,5,0
EMP-03244,Operations,Mid,48,6,2,Badge,0.5,1.19,0.69,8.4,5.0,3,0
EMP-03245,Operations,Junior,12,3,0,Badge,0.25,5.33,0.48,5.1,4.3,9,0
EMP-03246,Engineering,Senior,71,6,2,Monetary,0.5,112.26,0.23,8.2,5.0,5,0
EMP-03247,Sales,Mid,42,9,4,Points,0.75,49.21,0.29,7.5,3.8,4,0
EMP-03248,Sales,Mid,26,4,4,Points,0.33,11.43,1.0,7.7,3.3,6,0
EMP-03249,Customer Support,Mid,20,5,3,Monetary,0.42,198.38,0.33,5.6,3.8,2,0
EMP-03250,Marketing,Senior,22,7,8,Points,0.58,43.34,0.86,7.7,4.5,4,0
EMP-03251,Marketing,Mid,23,10,3,Monetary,0.83,63.99,0.53,5.3,4.2,4,0
EMP-03252,Engineering,Senior,44,9,8,Points,0.75,21.54,0.45,8.0,5.0,2,0
EMP-03253,Marketing,Manager,56,7,8,PTO,0.58,79.93,0.11,6.9,3.8,5,0
EMP-03254,Engineering,Manager,57,8,11,Points,0.67,45.89,0.64,10.0,5.0,5,0
EMP-03255,Sales,Mid,3,11,3,PTO,0.92,146.41,0.26,6.7,4.2,5,0
EMP-03256,Engineering,Manager,74,13,10,Badge,1.08,0.39,0.66,8.8,4.2,5,0
EMP-03257,Operations,Junior,2,3,0,Points,0.25,30.99,0.04,4.9,3.0,5,0
EMP-03258,Engineering,Mid,42,7,2,PTO,0.58,114.46,0.11,5.9,4.4,3,0
EMP-03259,Sales,Manager,72,12,7,Points,1.0,22.3,0.21,8.0,2.9,5,0
EMP-03260,Customer Support,Junior,48,2,1,Points,0.17,26.13,0.91,7.3,3.5,7,0
EMP-03261,Engineering,Junior,16,2,3,Points,0.17,8.43,0.61,6.1,3.5,3,0
EMP-03262,Sales,Mid,63,9,1,Points,0.75,27.02,0.4,8.0,4.3,7,0
EMP-03263,Sales,Mid,45,4,5,Monetary,0.33,75.5,0.54,6.2,3.5,4,0
EMP-03264,Engineering,Mid,33,11,1,Badge,0.92,7.12,0.43,7.4,4.9,3,0
EMP-03265,Operations,Senior,38,7,0,Monetary,0.58,69.79,0.93,7.3,4.1,3,0
EMP-03266,Engineering,Manager,65,14,6,Points,1.17,47.49,0.68,10.0,5.0,2,0
EMP-03267,Sales,Senior,53,13,1,Monetary,1.08,154.92,0.4,8.8,5.0,2,0
EMP-03268,Marketing,Junior,3,4,2,Badge,0.33,1.2,0.4,5.2,4.6,8,0
EMP-03269,Marketing,Manager,50,5,15,Points,0.42,11.29,0.58,8.2,4.7,7,0
EMP-03270,Operations,Junior,11,5,1,Monetary,0.42,87.88,0.44,2.7,2.9,14,1
EMP-03271,Engineering,Junior,29,5,1,Points,0.42,6.23,0.41,6.6,5.0,5,0
EMP-03272,Engineering,Junior,4,5,1,Points,0.42,7.2,0.72,5.9,3.8,8,0
EMP-03273,Operations,Mid,25,8,1,PTO,0.67,229.68,0.89,7.8,3.8,4,0
EMP-03274,Marketing,Junior,1,2,2,Badge,0.17,3.27,0.95,5.1,2.4,12,0
EMP-03275,Operations,Junior,1,1,1,Badge,0.08,2.04,0.93,3.6,3.2,16,1
EMP-03276,Operations,Mid,27,6,5,Monetary,0.5,89.43,0.5,7.1,4.5,3,0
EMP-03277,Operations,Junior,1,3,2,Monetary,0.25,196.97,0.78,4.9,3.4,5,0
EMP-03278,Sales,Mid,4,5,1,Points,0.42,45.61,0.66,6.3,4.0,2,0
EMP-03279,Sales,Senior,36,11,2,PTO,0.92,113.66,0.75,7.1,4.3,4,0
EMP-03280,Operations,Senior,59,9,4,Monetary,0.75,38.37,0.61,8.1,4.7,4,0
EMP-03281,Sales,Junior,18,5,1,Points,0.42,19.77,0.72,6.0,4.2,6,0
EMP-03282,Engineering,Junior,9,2,3,Monetary,0.17,26.56,0.37,6.6,4.7,5,0
EMP-03283,Operations,Manager,67,12,5,Badge,1.0,2.22,0.55,9.1,5.0,3,0
EMP-03284,Customer Support,Junior,1,2,1,Points,0.17,33.1,0.26,4.4,3.3,12,0
EMP-03285,Sales,Manager,43,11,7,Badge,0.92,0.9,0.36,7.0,5.0,3,0
EMP-03286,Engineering,Junior,1,2,5,Monetary,0.17,55.11,0.55,5.5,3.4,5,0
EMP-03287,Sales,Manager,85,13,11,Points,1.08,24.42,0.72,9.1,5.0,4,0
EMP-03288,Operations,Mid,23,5,0,Monetary,0.42,150.13,0.41,6.7,4.1,4,0
EMP-03289,Customer Support,Mid,43,7,0,Points,0.58,28.73,0.75,6.8,3.3,3,0
EMP-03290,Engineering,Senior,54,16,2,Points,1.33,37.99,0.7,10.0,5.0,2,0
EMP-03291,Engineering,Mid,25,8,2,Points,0.67,9.16,0.53,7.4,5.0,5,0
EMP-03292,Customer Support,Mid,26,7,3,PTO,0.58,90.33,0.71,7.4,4.4,1,0
EMP-03293,Sales,Mid,39,10,2,Points,0.83,45.07,0.75,9.2,5.0,6,0
EMP-03294,Marketing,Senior,64,7,8,PTO,0.58,289.92,0.38,7.9,5.0,3,0
EMP-03295,Customer Support,Junior,15,3,2,Badge,0.25,8.21,0.6,4.6,3.9,3,0
EMP-03296,Engineering,Junior,1,3,1,Badge,0.25,7.2,0.54,3.9,3.8,10,1
EMP-03297,Marketing,Mid,4,3,1,Badge,0.25,0.52,0.67,4.4,3.7,6,0
EMP-03298,Engineering,Junior,10,6,2,Badge,0.5,9.99,0.83,7.0,4.6,9,0
EMP-03299,Sales,Senior,62,4,3,Points,0.33,14.49,0.49,6.4,3.5,3,0
EMP-03300,Operations,Junior,3,1,1,Badge,0.08,4.12,0.43,4.9,3.1,4,0
EMP-03301,Sales,Mid,18,11,3,Points,0.92,33.29,0.64,7.4,3.6,1,0
EMP-03302,Customer Support,Junior,16,4,1,Points,0.33,29.41,0.62,7.0,4.6,8,0
EMP-03303,Marketing,Mid,20,4,3,Badge,0.33,9.91,0.82,5.2,2.9,7,0
EMP-03304,Sales,Junior,15,3,2,Badge,0.25,5.93,0.66,4.8,2.5,9,0
EMP-03305,Engineering,Junior,20,4,2,Points,0.33,14.98,0.47,7.3,4.8,6,0
EMP-03306,Sales,Junior,5,9,2,PTO,0.75,190.87,0.99,6.3,3.9,9,0
EMP-03307,Sales,Manager,73,18,11,Points,1.5,19.64,0.73,10.0,4.5,2,0
EMP-03308,Engineering,Junior,2,1,3,Monetary,0.08,141.46,0.51,6.4,3.0,8,0
EMP-03309,Sales,Senior,50,12,7,Points,1.0,6.77,0.98,9.9,5.0,5,0
EMP-03310,Sales,Junior,45,6,0,PTO,0.5,119.1,0.46,7.3,3.9,2,0
EMP-03311,Operations,Junior,20,4,1,Monetary,0.33,120.96,0.17,6.9,3.8,3,0
EMP-03312,Marketing,Mid,18,7,3,Points,0.58,39.96,0.82,7.6,3.3,3,0
EMP-03313,Operations,Mid,49,4,3,Points,0.33,42.5,0.24,7.8,3.8,0,0
EMP-03314,Engineering,Manager,18,7,12,Points,0.58,46.15,0.1,7.6,5.0,5,0
EMP-03315,Engineering,Manager,45,12,9,Monetary,1.0,91.2,0.75,8.3,5.0,4,0
EMP-03316,Marketing,Senior,39,5,5,Points,0.42,31.43,0.65,7.3,3.6,2,0
EMP-03317,Sales,Mid,3,7,3,Badge,0.58,5.86,0.66,6.7,5.0,5,0
EMP-03318,Engineering,Mid,10,7,1,Points,0.58,45.47,0.69,7.6,3.7,5,0
EMP-03319,Operations,Mid,38,4,5,Badge,0.33,8.46,0.88,6.4,4.8,2,0
EMP-03320,Operations,Manager,60,8,8,Points,0.67,24.1,0.56,8.0,3.6,3,0
EMP-03321,Marketing,Mid,52,6,2,Points,0.5,31.78,0.27,7.4,3.9,4,0
EMP-03322,Engineering,Mid,51,5,2,Points,0.42,46.21,0.82,8.5,5.0,1,0
EMP-03323,Operations,Junior,1,2,1,Points,0.17,49.99,0.65,4.4,3.1,3,0
EMP-03324,Marketing,Junior,67,6,3,Points,0.5,38.23,0.49,7.2,3.8,3,0
EMP-03325,Operations,Manager,67,11,7,Monetary,0.92,36.99,0.65,9.7,4.3,5,0
EMP-03326,Operations,Mid,34,12,3,Points,1.0,45.13,0.43,7.0,3.3,5,0
EMP-03327,Operations,Mid,30,7,2,Points,0.58,26.5,0.28,6.9,3.6,4,0
EMP-03328,Sales,Junior,8,9,2,Points,0.75,20.78,0.8,5.3,4.5,10,0
EMP-03329,Engineering,Senior,12,6,5,Badge,0.5,2.9,0.72,7.1,3.1,4,0
EMP-03330,Marketing,Junior,2,1,3,Badge,0.08,8.04,0.9,5.1,3.1,8,0
EMP-03331,Marketing,Senior,57,8,4,PTO,0.67,274.57,0.28,7.0,5.0,11,0
EMP-03332,Operations,Junior,2,1,0,Monetary,0.08,145.01,0.33,3.7,2.6,4,1
EMP-03333,Engineering,Manager,65,8,8,PTO,0.67,64.9,0.56,8.1,4.9,4,0
EMP-03334,Engineering,Senior,51,9,6,Badge,0.75,9.87,0.66,9.3,4.7,5,0
EMP-03335,Customer Support,Junior,3,1,1,Badge,0.08,5.58,0.65,2.3,3.5,11,1
EMP-03336,Operations,Mid,24,5,3,PTO,0.42,256.86,0.85,7.5,5.0,6,0
EMP-03337,Customer Support,Mid,50,11,4,Monetary,0.92,151.2,0.4,5.6,3.5,1,0
EMP-03338,Operations,Junior,4,2,0,Badge,0.17,3.35,0.48,3.8,3.2,10,1
EMP-03339,Marketing,Senior,63,5,8,Badge,0.42,9.18,0.4,6.9,4.1,4,0
EMP-03340,Marketing,Mid,32,5,1,Monetary,0.42,78.34,0.92,7.4,4.6,2,0
EMP-03341,Customer Support,Mid,48,5,2,Badge,0.42,9.8,0.73,4.3,2.6,9,0
EMP-03342,Marketing,Junior,24,5,1,Points,0.42,49.28,0.38,6.3,4.8,8,0
EMP-03343,Marketing,Mid,37,9,0,Points,0.75,6.94,0.69,9.6,5.0,2,0
EMP-03344,Engineering,Manager,66,8,6,Points,0.67,10.82,0.67,9.7,4.8,3,0
EMP-03345,Sales,Mid,28,4,1,Points,0.33,15.55,0.89,7.0,4.2,5,0
EMP-03346,Operations,Manager,44,7,10,Monetary,0.58,89.62,0.41,7.0,3.6,6,0
EMP-03347,Engineering,Manager,58,6,9,Badge,0.5,6.53,0.65,7.3,3.0,6,0
EMP-03348,Engineering,Junior,22,6,5,Points,0.5,21.43,0.55,7.4,4.2,6,0
EMP-03349,Sales,Junior,4,6,1,Points,0.5,47.18,0.66,4.3,2.9,12,0
EMP-03350,Engineering,Senior,63,6,3,Points,0.5,26.43,0.45,8.8,4.5,3,0
EMP-03351,Engineering,Mid,40,7,2,Points,0.58,30.08,0.72,7.9,4.9,6,0
EMP-03352,Sales,Junior,6,9,2,Points,0.75,33.18,0.94,7.0,4.9,5,0
EMP-03353,Customer Support,Junior,18,3,1,Points,0.25,24.14,0.77,6.0,3.5,4,0
EMP-03354,Sales,Mid,25,6,3,Monetary,0.5,136.06,0.84,7.7,3.6,3,0
EMP-03355,Engineering,Senior,72,11,2,Points,0.92,9.03,0.64,9.0,4.9,5,0
EMP-03356,Engineering,Junior,1,2,2,Points,0.17,27.59,0.76,6.5,4.4,9,0
EMP-03357,Operations,Junior,8,2,1,Points,0.17,19.86,0.57,4.1,3.9,7,0
EMP-03358,Sales,Manager,67,18,12,Badge,1.5,2.02,0.84,8.4,5.0,10,0
EMP-03359,Operations,Senior,46,10,6,Points,0.83,6.7,0.69,7.9,4.3,2,0
EMP-03360,Marketing,Mid,27,6,2,Points,0.5,40.14,0.78,7.5,4.1,4,0
EMP-03361,Operations,Senior,27,7,6,Points,0.58,10.46,0.45,6.9,2.9,6,0
EMP-03362,Engineering,Mid,26,5,2,Badge,0.42,1.71,0.8,7.5,4.2,1,0
EMP-03363,Operations,Senior,35,6,0,Points,0.5,12.57,0.89,8.1,5.0,4,0
EMP-03364,Engineering,Mid,38,11,1,Badge,0.92,9.8,0.89,7.5,3.6,4,0
EMP-03365,Customer Support,Junior,5,3,0,Points,0.25,16.4,0.78,5.5,3.7,5,0
EMP-03366,Marketing,Senior,44,8,1,Badge,0.67,1.86,0.81,8.2,5.0,5,0
EMP-03367,Sales,Mid,59,11,2,Badge,0.92,9.69,0.61,8.7,5.0,2,0
EMP-03368,Engineering,Manager,66,9,4,Badge,0.75,6.27,0.88,7.7,3.6,2,0
EMP-03369,Engineering,Mid,20,7,2,Points,0.58,35.71,0.42,8.0,5.0,4,0
EMP-03370,Operations,Manager,51,6,14,Points,0.5,41.67,0.65,8.2,4.6,4,0
EMP-03371,Engineering,Manager,34,11,7,Badge,0.92,5.46,0.25,7.9,4.7,4,0
EMP-03372,Marketing,Junior,1,5,0,Monetary,0.42,119.99,0.3,4.8,4.3,6,0
EMP-03373,Engineering,Senior,41,5,5,Badge,0.42,9.98,0.8,8.0,4.3,3,0
EMP-03374,Marketing,Mid,18,8,1,Monetary,0.67,145.73,0.68,7.5,3.5,5,0
EMP-03375,Operations,Manager,73,8,6,Badge,0.67,7.12,0.4,8.6,4.0,5,0
EMP-03376,Operations,Mid,25,6,2,PTO,0.5,72.04,0.72,7.1,4.0,1,0
EMP-03377,Operations,Senior,25,13,1,Points,1.08,10.14,0.42,7.9,4.1,3,0
EMP-03378,Engineering,Mid,37,7,2,Badge,0.58,5.08,0.53,5.7,3.7,1,0
EMP-03379,Engineering,Junior,4,4,0,Points,0.33,37.79,0.48,5.1,5.0,5,0
EMP-03380,Operations,Junior,4,4,0,Badge,0.33,7.54,0.46,5.7,5.0,5,0
EMP-03381,Sales,Mid,46,7,4,Badge,0.58,7.83,0.46,7.3,4.6,2,0
EMP-03382,Sales,Senior,28,9,5,Monetary,0.75,149.74,0.8,8.1,4.4,4,0
EMP-03383,Engineering,Mid,3,4,2,Points,0.33,10.28,0.91,5.7,3.2,8,0
EMP-03384,Engineering,Senior,57,10,7,Badge,0.83,8.34,0.55,7.2,4.2,3,0
EMP-03385,Engineering,Junior,1,2,0,Monetary,0.17,159.18,0.72,3.5,3.6,9,1
EMP-03386,Customer Support,Mid,32,2,4,Badge,0.17,3.73,0.56,5.9,4.0,2,0
EMP-03387,Engineering,Junior,1,3,1,Badge,0.25,4.09,0.5,3.6,2.8,9,1
EMP-03388,Marketing,Senior,43,11,3,Points,0.92,29.91,0.85,7.0,4.3,3,0
EMP-03389,Engineering,Manager,46,11,9,Points,0.92,49.68,0.58,8.8,4.3,2,0
EMP-03390,Marketing,Mid,50,7,3,Points,0.58,38.49,0.65,9.1,5.0,3,0
EMP-03391,Sales,Junior,1,2,0,Points,0.17,42.7,0.82,3.9,2.6,12,1
EMP-03392,Customer Support,Junior,20,3,0,PTO,0.25,101.41,0.67,5.6,2.8,2,0
EMP-03393,Customer Support,Senior,24,3,7,Badge,0.25,5.06,0.6,6.2,4.2,2,0
EMP-03394,Sales,Mid,36,8,1,Monetary,0.67,123.46,0.82,8.2,3.9,1,0
EMP-03395,Customer Support,Senior,58,7,0,PTO,0.58,61.06,0.88,6.9,4.2,6,0
EMP-03396,Customer Support,Junior,14,1,0,Monetary,0.08,44.51,0.33,5.0,3.8,2,0
EMP-03397,Operations,Senior,35,13,4,PTO,1.08,103.61,0.65,9.8,5.0,6,0
EMP-03398,Operations,Senior,43,12,4,Points,1.0,44.75,0.83,8.0,4.7,3,0
EMP-03399,Engineering,Mid,27,3,3,Points,0.25,39.88,0.75,7.4,3.1,4,0
EMP-03400,Marketing,Mid,24,9,3,Points,0.75,26.88,0.71,7.2,4.8,8,0
EMP-03401,Engineering,Junior,2,2,0,Monetary,0.17,162.24,0.43,5.0,2.4,7,0
EMP-03402,Engineering,Mid,41,7,2,Badge,0.58,5.21,0.29,6.8,3.8,4,0
EMP-03403,Customer Support,Manager,75,7,4,Badge,0.58,9.22,0.71,8.9,5.0,2,0
EMP-03404,Sales,Mid,30,8,3,Points,0.67,17.84,0.94,7.3,3.6,3,0
EMP-03405,Operations,Senior,19,3,4,PTO,0.25,79.71,0.58,5.7,3.5,5,0
EMP-03406,Operations,Mid,54,4,2,Points,0.33,7.21,0.37,6.5,4.1,4,0
EMP-03407,Operations,Junior,16,5,0,Badge,0.42,4.38,0.74,6.1,3.8,3,0
EMP-03408,Customer Support,Mid,20,4,1,Points,0.33,18.74,0.25,6.6,4.2,4,0
EMP-03409,Engineering,Mid,56,8,3,PTO,0.67,291.85,0.7,8.4,4.5,2,0
EMP-03410,Engineering,Mid,51,6,2,PTO,0.5,270.6,0.28,7.3,4.5,4,0
EMP-03411,Sales,Junior,17,6,0,Points,0.5,24.35,0.44,7.6,5.0,3,0
EMP-03412,Engineering,Mid,36,7,5,Badge,0.58,0.17,0.63,6.0,4.1,3,0
EMP-03413,Engineering,Junior,30,3,2,Points,0.25,9.23,0.74,8.4,4.7,5,0
EMP-03414,Sales,Junior,6,8,1,Badge,0.67,2.15,0.71,5.1,3.3,3,0
EMP-03415,Operations,Mid,43,6,2,Monetary,0.5,93.64,0.62,7.4,4.3,8,0
EMP-03416,Marketing,Mid,10,8,4,Badge,0.67,8.02,0.69,7.3,3.7,2,0
EMP-03417,Sales,Manager,91,16,8,Badge,1.33,8.53,0.83,9.7,4.4,6,0
EMP-03418,Marketing,Mid,8,7,2,PTO,0.58,299.77,0.91,7.1,4.8,11,0
EMP-03419,Engineering,Senior,29,6,4,Badge,0.5,5.31,0.91,9.0,4.5,3,0
EMP-03420,Engineering,Mid,26,2,0,Points,0.17,47.66,0.31,7.4,3.8,2,0
EMP-03421,Operations,Senior,78,9,4,Points,0.75,34.39,0.35,8.5,4.5,1,0
EMP-03422,Marketing,Junior,19,7,0,Points,0.58,26.51,0.92,7.4,4.2,2,0
EMP-03423,Operations,Manager,54,12,6,Badge,1.0,1.35,0.68,7.4,3.5,1,0
EMP-03424,Engineering,Mid,12,8,3,Points,0.67,46.25,0.58,7.4,5.0,4,0
EMP-03425,Operations,Senior,47,1,6,Points,0.08,45.22,0.86,7.0,3.6,6,0
EMP-03426,Marketing,Mid,49,3,1,Badge,0.25,8.79,0.53,6.3,3.8,1,0
EMP-03427,Marketing,Junior,6,5,1,Badge,0.42,9.64,0.22,5.7,4.3,5,0
EMP-03428,Marketing,Senior,41,6,7,Badge,0.5,8.19,0.76,8.2,4.1,3,0
EMP-03429,Customer Support,Junior,14,6,1,Points,0.5,5.25,0.75,7.1,4.7,6,0
EMP-03430,Marketing,Mid,7,4,2,Badge,0.33,7.15,0.78,7.3,5.0,5,0
EMP-03431,Marketing,Junior,19,4,1,PTO,0.33,153.96,0.72,6.0,3.0,4,0
EMP-03432,Customer Support,Mid,30,4,3,Points,0.33,47.49,0.26,5.6,3.3,2,0
EMP-03433,Operations,Manager,60,9,8,Monetary,0.75,162.26,0.42,6.9,5.0,6,0
EMP-03434,Sales,Mid,18,14,1,Points,1.17,41.14,0.78,8.5,4.7,1,0
EMP-03435,Operations,Senior,37,9,4,Monetary,0.75,44.04,0.71,7.2,4.5,8,0
EMP-03436,Sales,Mid,92,16,4,Monetary,1.33,106.24,0.32,8.7,4.7,5,0
EMP-03437,Engineering,Mid,44,8,2,Badge,0.67,4.56,0.81,8.4,4.3,2,0
EMP-03438,Marketing,Manager,75,11,14,Points,0.92,27.26,0.6,8.4,5.0,4,0
EMP-03439,Customer Support,Manager,48,8,6,Monetary,0.67,164.33,0.3,8.4,5.0,3,0
EMP-03440,Customer Support,Senior,73,15,4,Points,1.25,14.92,0.69,7.2,4.4,9,0
EMP-03441,Sales,Junior,11,3,1,Points,0.25,13.07,0.17,3.7,2.5,10,1
EMP-03442,Marketing,Mid,5,2,2,Points,0.17,43.61,0.61,5.6,3.2,4,0
EMP-03443,Engineering,Junior,10,2,1,Monetary,0.17,171.09,0.43,7.5,4.1,6,0
EMP-03444,Customer Support,Mid,54,6,2,Monetary,0.5,141.59,0.27,7.5,4.7,5,0
EMP-03445,Customer Support,Mid,14,10,1,Points,0.83,7.81,0.78,6.7,3.9,5,0
EMP-03446,Marketing,Senior,31,6,3,Badge,0.5,7.2,0.44,5.9,4.5,7,0
EMP-03447,Operations,Manager,43,7,6,Badge,0.58,1.08,0.5,7.6,4.7,6,0
EMP-03448,Operations,Mid,34,4,1,Points,0.33,22.86,0.9,8.4,4.9,5,0
EMP-03449,Marketing,Junior,25,7,1,Monetary,0.58,171.89,0.62,7.8,4.6,3,0
EMP-03450,Engineering,Senior,55,9,7,PTO,0.75,57.65,0.83,8.1,4.8,7,0
EMP-03451,Sales,Junior,7,3,1,Badge,0.25,6.34,0.3,4.2,3.0,2,0
EMP-03452,Marketing,Mid,44,7,3,Monetary,0.58,121.67,0.35,4.6,2.8,15,0
EMP-03453,Marketing,Junior,32,10,1,Points,0.83,21.96,0.12,5.9,5.0,5,0
EMP-03454,Sales,Mid,29,10,2,Monetary,0.83,62.29,0.93,7.0,4.0,4,0
EMP-03455,Customer Support,Manager,83,5,7,PTO,0.42,91.42,0.72,8.5,5.0,5,0
EMP-03456,Engineering,Junior,14,4,1,PTO,0.33,260.01,0.66,7.3,4.2,3,0
EMP-03457,Sales,Mid,57,8,4,Monetary,0.67,44.36,0.53,6.5,3.2,8,0
EMP-03458,Operations,Mid,50,4,2,Monetary,0.33,193.9,0.54,6.8,4.5,2,0
EMP-03459,Operations,Manager,51,15,9,Points,1.25,13.82,0.47,8.6,4.2,7,0
EMP-03460,Marketing,Senior,15,5,1,Points,0.42,37.46,0.69,5.9,3.3,7,0
EMP-03461,Engineering,Junior,1,2,1,PTO,0.17,189.31,0.54,5.1,3.5,3,0
EMP-03462,Engineering,Junior,5,3,3,Points,0.25,21.85,0.88,2.6,3.6,13,1
EMP-03463,Marketing,Mid,32,5,4,Points,0.42,46.14,0.57,7.4,4.1,5,0
EMP-03464,Marketing,Mid,31,5,1,Monetary,0.42,30.98,0.7,6.0,2.4,5,0
EMP-03465,Engineering,Senior,49,4,2,Badge,0.33,7.67,0.49,7.8,4.2,5,0
EMP-03466,Operations,Junior,11,1,1,Points,0.08,38.28,0.74,7.0,3.3,5,0
EMP-03467,Sales,Junior,2,2,1,Points,0.17,42.6,0.71,6.4,5.0,5,0
EMP-03468,Marketing,Senior,56,5,5,PTO,0.42,272.93,0.54,7.7,3.6,4,0
EMP-03469,Operations,Junior,14,5,0,Monetary,0.42,105.03,0.78,8.2,3.7,5,0
EMP-03470,Engineering,Senior,45,17,1,Points,1.42,35.38,0.83,9.1,4.8,3,0
EMP-03471,Engineering,Junior,13,5,0,Points,0.42,30.89,0.45,7.0,4.2,4,0
EMP-03472,Operations,Junior,4,2,2,Points,0.17,31.63,0.54,5.6,3.8,6,0
EMP-03473,Marketing,Manager,53,10,5,Badge,0.83,0.25,0.82,7.6,4.5,5,0
EMP-03474,Operations,Mid,24,6,4,Points,0.5,48.33,0.93,8.1,3.6,3,0
EMP-03475,Operations,Senior,45,9,8,Points,0.75,12.29,0.69,6.1,5.0,6,0
EMP-03476,Operations,Junior,1,5,0,Points,0.42,23.65,0.28,6.8,3.7,6,0
EMP-03477,Customer Support,Mid,19,7,2,Badge,0.58,7.0,0.69,5.8,3.6,2,0
EMP-03478,Marketing,Senior,39,7,11,Points,0.58,14.59,0.48,7.9,4.0,2,0
EMP-03479,Sales,Mid,20,5,0,Points,0.42,10.23,0.72,6.8,4.0,6,0
EMP-03480,Sales,Senior,65,9,3,Badge,0.75,8.96,1.0,7.8,5.0,3,0
EMP-03481,Engineering,Mid,23,2,1,Monetary,0.17,126.58,0.88,6.0,3.2,1,0
EMP-03482,Marketing,Mid,36,11,2,Badge,0.92,1.35,0.31,7.8,5.0,6,0
EMP-03483,Engineering,Mid,57,9,1,Points,0.75,44.29,0.7,9.7,4.9,7,0
EMP-03484,Customer Support,Mid,28,2,2,Badge,0.17,1.89,0.74,5.8,3.5,3,0
EMP-03485,Marketing,Junior,12,1,6,PTO,0.08,214.37,0.73,7.0,3.6,6,0
EMP-03486,Marketing,Mid,40,10,4,Monetary,0.83,174.72,0.93,8.5,4.8,0,0
EMP-03487,Sales,Mid,32,7,3,Points,0.58,32.89,0.81,7.3,4.9,10,0
EMP-03488,Engineering,Mid,29,4,3,Badge,0.33,0.07,0.44,6.3,3.9,5,0
EMP-03489,Engineering,Senior,23,6,7,Monetary,0.5,138.69,0.73,8.1,5.0,3,0
EMP-03490,Sales,Mid,11,7,1,Points,0.58,30.55,0.85,5.5,4.6,2,0
EMP-03491,Engineering,Manager,73,7,7,Monetary,0.58,117.42,0.48,8.0,4.4,4,0
EMP-03492,Marketing,Junior,2,2,0,Points,0.17,18.78,0.63,6.1,3.5,6,0
EMP-03493,Customer Support,Mid,61,4,1,Monetary,0.33,134.63,0.66,7.6,3.6,5,0
EMP-03494,Customer Support,Senior,34,4,3,Monetary,0.33,27.89,0.5,5.7,3.1,4,0
EMP-03495,Marketing,Mid,18,6,4,Points,0.5,28.32,0.59,7.8,4.2,2,0
EMP-03496,Engineering,Mid,15,5,1,Points,0.42,19.77,0.79,8.0,3.9,4,0
EMP-03497,Customer Support,Junior,11,3,2,Points,0.25,7.15,0.42,4.5,3.5,11,0
EMP-03498,Customer Support,Mid,32,7,1,Monetary,0.58,70.92,0.43,7.1,4.6,6,0
EMP-03499,Engineering,Junior,18,6,2,Badge,0.5,8.37,0.29,5.5,4.7,3,0
EMP-03500,Operations,Manager,66,20,3,Points,1.67,16.63,0.23,9.2,3.7,2,0
EMP-03501,Sales,Mid,10,8,2,Points,0.67,26.24,0.65,5.1,4.1,6,0
EMP-03502,Operations,Manager,45,16,7,Points,1.33,30.44,0.65,8.9,3.8,5,0
EMP-03503,Customer Support,Senior,69,6,2,Points,0.5,17.92,0.45,7.0,3.4,8,0
EMP-03504,Engineering,Mid,27,6,4,Points,0.5,29.45,0.5,7.8,3.7,5,0
EMP-03505,Customer Support,Mid,46,10,3,Points,0.83,48.0,0.84,6.8,3.6,5,0
EMP-03506,Marketing,Senior,45,11,4,PTO,0.92,96.06,0.64,6.1,3.9,2,0
EMP-03507,Customer Support,Manager,42,17,7,Badge,1.42,8.92,0.32,6.7,2.9,8,0
EMP-03508,Sales,Junior,24,5,1,Points,0.42,30.25,0.88,7.7,4.0,2,0
EMP-03509,Operations,Mid,25,7,2,Monetary,0.58,161.38,0.26,5.9,3.8,4,0
EMP-03510,Engineering,Mid,38,5,0,Points,0.42,31.96,0.85,6.5,4.0,2,0
EMP-03511,Sales,Junior,43,5,3,Points,0.42,18.74,1.0,7.5,4.0,6,0
EMP-03512,Engineering,Mid,33,11,1,PTO,0.92,193.66,0.62,10.0,4.8,8,0
EMP-03513,Customer Support,Senior,22,7,2,Badge,0.58,4.26,0.73,7.2,4.8,6,0
EMP-03514,Operations,Mid,29,5,3,Points,0.42,31.72,0.25,7.3,3.8,6,0
EMP-03515,Operations,Senior,38,11,5,Points,0.92,30.44,0.46,7.1,4.2,6,0
EMP-03516,Customer Support,Mid,20,3,4,Badge,0.25,6.78,0.33,2.0,2.9,9,1
EMP-03517,Engineering,Mid,31,3,3,Points,0.25,37.63,0.8,7.4,4.4,2,0
EMP-03518,Sales,Junior,12,5,3,Points,0.42,29.65,0.3,6.8,4.8,5,0
EMP-03519,Engineering,Senior,39,9,5,Badge,0.75,8.11,0.58,6.3,4.0,4,0
EMP-03520,Engineering,Senior,29,11,2,Points,0.92,35.86,0.38,7.1,5.0,4,0
EMP-03521,Engineering,Senior,71,16,5,Points,1.33,16.44,0.58,9.1,5.0,5,0
EMP-03522,Sales,Junior,19,5,0,Points,0.42,47.24,0.52,7.4,4.3,4,0
EMP-03523,Engineering,Junior,9,3,2,Badge,0.25,0.71,0.9,6.2,4.2,8,0
EMP-03524,Engineering,Junior,1,1,4,PTO,0.08,208.25,0.57,4.5,3.1,8,0
EMP-03525,Engineering,Mid,27,6,1,Monetary,0.5,132.16,0.3,7.6,3.9,6,0
EMP-03526,Engineering,Senior,38,7,3,Points,0.58,25.0,0.77,10.0,5.0,7,0
EMP-03527,Customer Support,Junior,8,1,0,PTO,0.08,169.31,0.4,5.1,2.8,5,0
EMP-03528,Operations,Senior,62,8,2,Badge,0.67,7.77,0.81,8.5,4.4,3,0
EMP-03529,Customer Support,Mid,20,6,1,Monetary,0.5,151.39,0.6,7.6,4.0,3,0
EMP-03530,Sales,Senior,63,20,3,PTO,1.67,153.57,0.88,9.3,4.6,3,0
EMP-03531,Engineering,Manager,90,12,8,Points,1.0,14.64,0.56,9.5,5.0,1,0
EMP-03532,Operations,Junior,2,6,1,Points,0.5,7.78,0.23,6.2,2.7,7,0
EMP-03533,Sales,Manager,46,16,8,Points,1.33,37.59,0.81,8.3,3.5,5,0
EMP-03534,Sales,Junior,21,2,1,Monetary,0.17,146.85,0.71,6.1,3.3,7,0
EMP-03535,Engineering,Mid,12,3,4,Badge,0.25,2.85,0.88,5.9,3.6,7,0
EMP-03536,Engineering,Senior,69,11,2,Points,0.92,47.88,0.19,6.6,4.4,3,0
EMP-03537,Engineering,Manager,47,11,8,Points,0.92,34.29,0.91,9.1,4.6,1,0
EMP-03538,Sales,Mid,50,9,1,Badge,0.75,6.66,0.25,8.1,3.8,4,0
EMP-03539,Marketing,Mid,25,8,1,Badge,0.67,5.63,0.39,6.5,4.9,3,0
EMP-03540,Engineering,Senior,53,7,12,PTO,0.58,211.53,0.72,8.8,5.0,4,0
EMP-03541,Engineering,Senior,63,14,6,Points,1.17,49.96,0.44,9.8,5.0,5,0
EMP-03542,Operations,Junior,20,4,4,Points,0.33,41.07,0.85,5.6,3.5,3,0
EMP-03543,Engineering,Senior,33,11,12,Monetary,0.92,98.94,0.49,9.1,5.0,7,0
EMP-03544,Sales,Mid,56,8,1,Points,0.67,13.77,0.55,8.4,4.4,2,0
EMP-03545,Customer Support,Mid,33,6,2,Monetary,0.5,156.83,0.81,6.7,4.3,6,0
EMP-03546,Engineering,Mid,30,7,2,Points,0.58,44.56,0.82,7.5,4.0,2,0
EMP-03547,Engineering,Mid,18,5,2,Points,0.42,28.52,0.55,5.9,3.3,4,0
EMP-03548,Sales,Manager,81,13,10,Monetary,1.08,186.61,0.81,9.5,4.6,3,0
EMP-03549,Sales,Mid,37,12,2,Badge,1.0,5.58,0.71,8.3,5.0,3,0
EMP-03550,Marketing,Manager,71,11,12,Points,0.92,14.75,0.44,7.8,4.7,3,0
EMP-03551,Operations,Junior,3,5,0,Monetary,0.42,99.55,0.64,6.0,4.5,3,0
EMP-03552,Engineering,Senior,31,7,8,Points,0.58,23.97,0.66,9.1,5.0,4,0
EMP-03553,Marketing,Senior,32,6,7,Points,0.5,12.84,0.83,6.8,3.8,2,0
EMP-03554,Sales,Senior,56,12,4,Points,1.0,35.95,0.78,9.6,4.4,4,0
EMP-03555,Engineering,Mid,48,3,3,Points,0.25,42.9,0.54,8.1,4.7,2,0
EMP-03556,Marketing,Mid,32,5,6,PTO,0.42,102.23,0.17,6.6,5.0,5,0
EMP-03557,Engineering,Senior,22,5,3,Monetary,0.42,159.38,0.37,8.0,4.2,6,0
EMP-03558,Sales,Senior,58,11,5,Badge,0.92,1.46,0.44,4.8,3.1,9,0
EMP-03559,Engineering,Junior,5,2,0,Points,0.17,19.95,0.7,5.5,4.1,6,0
EMP-03560,Sales,Senior,38,14,5,Points,1.17,38.28,0.78,10.0,5.0,6,0
EMP-03561,Sales,Mid,24,6,5,Badge,0.5,4.0,0.49,7.0,4.5,0,0
EMP-03562,Operations,Junior,20,3,4,Badge,0.25,0.08,0.5,5.4,2.2,5,0
EMP-03563,Engineering,Senior,65,6,7,Monetary,0.5,167.54,0.62,8.6,4.3,4,0
EMP-03564,Sales,Mid,20,5,3,Badge,0.42,2.24,0.92,8.2,2.9,7,0
EMP-03565,Sales,Senior,17,6,6,Monetary,0.5,174.67,0.89,7.1,3.9,5,0
EMP-03566,Operations,Junior,11,5,0,Points,0.42,16.44,0.34,4.5,4.4,0,0
EMP-03567,Marketing,Junior,1,5,4,Points,0.42,16.47,0.97,3.9,4.2,6,1
EMP-03568,Marketing,Mid,31,4,4,Badge,0.33,8.84,0.49,6.4,4.2,2,0
EMP-03569,Operations,Junior,8,4,2,Badge,0.33,3.49,0.74,7.1,4.6,4,0
EMP-03570,Customer Support,Senior,57,9,5,Badge,0.75,6.67,0.73,6.9,4.4,1,0
EMP-03571,Sales,Junior,21,9,1,Points,0.75,21.07,0.39,7.6,5.0,4,0
EMP-03572,Marketing,Mid,30,5,3,Monetary,0.42,119.73,0.72,6.7,4.7,2,0
EMP-03573,Operations,Junior,31,3,0,Badge,0.25,7.71,0.42,5.0,4.2,6,0
EMP-03574,Customer Support,Junior,1,0,3,PTO,0.0,279.62,0.0,1.0,2.4,15,1
EMP-03575,Customer Support,Senior,65,9,6,Badge,0.75,6.52,0.31,6.4,3.3,3,0
EMP-03576,Sales,Junior,1,4,3,Points,0.33,22.13,0.71,6.3,3.4,8,0
EMP-03577,Engineering,Mid,6,5,3,Points,0.42,22.73,0.78,7.2,3.9,4,0
EMP-03578,Sales,Manager,80,16,5,PTO,1.33,89.02,0.48,9.1,4.3,4,0
EMP-03579,Operations,Senior,15,2,2,Monetary,0.17,123.96,0.67,7.0,4.1,2,0
EMP-03580,Sales,Senior,41,10,7,Badge,0.83,8.42,0.49,7.2,5.0,4,0
EMP-03581,Sales,Junior,6,3,1,Monetary,0.25,47.78,0.68,4.8,4.5,8,0
EMP-03582,Operations,Junior,20,1,3,Monetary,0.08,70.68,0.95,4.7,2.8,3,0
EMP-03583,Sales,Manager,47,17,4,Points,1.42,5.87,0.74,8.9,4.7,7,0
EMP-03584,Operations,Senior,62,14,5,Points,1.17,28.67,0.69,8.8,4.7,2,0
EMP-03585,Sales,Mid,18,6,1,Monetary,0.5,35.18,0.54,7.8,3.4,2,0
EMP-03586,Sales,Senior,28,11,6,Badge,0.92,5.79,0.93,6.4,3.5,3,0
EMP-03587,Sales,Mid,33,7,3,Badge,0.58,2.84,0.92,6.1,3.5,4,0
EMP-03588,Operations,Junior,12,4,2,Badge,0.33,8.03,0.83,5.9,2.8,9,0
EMP-03589,Engineering,Senior,45,7,4,Badge,0.58,5.35,0.84,5.9,4.2,1,0
EMP-03590,Engineering,Senior,36,7,3,Monetary,0.58,109.27,0.63,9.3,4.9,8,0
EMP-03591,Customer Support,Mid,20,7,1,Points,0.58,15.42,0.82,6.1,3.7,4,0
EMP-03592,Engineering,Manager,50,15,8,Badge,1.25,9.26,0.68,9.0,4.0,4,0
EMP-03593,Marketing,Mid,8,5,4,PTO,0.42,288.08,0.7,5.4,2.9,10,0
EMP-03594,Marketing,Junior,21,4,1,Badge,0.33,7.54,0.63,6.0,3.7,1,0
EMP-03595,Sales,Manager,71,11,5,Monetary,0.92,78.6,0.45,8.4,4.4,8,0
EMP-03596,Marketing,Senior,57,8,5,Points,0.67,40.48,0.32,7.0,3.9,5,0
EMP-03597,Engineering,Mid,42,2,0,Points,0.17,37.59,0.66,8.0,3.8,8,0
EMP-03598,Marketing,Junior,4,4,0,Badge,0.33,2.12,0.78,5.3,3.5,4,0
EMP-03599,Sales,Junior,2,4,0,Badge,0.33,0.82,0.93,6.3,4.3,5,0
EMP-03600,Marketing,Senior,48,5,4,Badge,0.42,1.93,0.83,6.4,4.0,4,0
EMP-03601,Engineering,Mid,34,6,4,Monetary,0.5,176.69,0.69,7.5,3.9,2,0
EMP-03602,Marketing,Senior,77,8,6,Badge,0.67,1.56,0.21,8.2,5.0,4,0
EMP-03603,Engineering,Manager,51,11,4,Badge,0.92,7.92,0.46,7.9,4.0,1,0
EMP-03604,Engineering,Senior,60,5,3,Points,0.42,19.33,0.63,6.9,4.8,6,0
EMP-03605,Engineering,Mid,25,6,3,Points,0.5,37.56,0.94,8.9,3.9,4,0
EMP-03606,Engineering,Senior,49,9,3,Points,0.75,45.48,0.2,8.1,4.1,2,0
EMP-03607,Operations,Mid,51,5,1,Badge,0.42,7.88,0.76,8.2,3.0,4,0
EMP-03608,Sales,Junior,5,3,0,Points,0.25,29.18,0.18,4.4,4.0,8,0
EMP-03609,Customer Support,Junior,2,3,2,Monetary,0.25,25.85,0.78,2.5,2.6,12,1
EMP-03610,Customer Support,Mid,40,12,2,Points,1.0,11.2,0.32,8.6,4.8,5,0
EMP-03611,Marketing,Manager,82,10,10,Monetary,0.83,162.1,0.76,9.3,4.4,9,0
EMP-03612,Engineering,Junior,4,3,2,Monetary,0.25,42.0,0.63,4.9,3.8,6,0
EMP-03613,Sales,Junior,3,6,0,Points,0.5,48.79,0.68,5.9,4.6,3,0
EMP-03614,Operations,Manager,62,17,9,Badge,1.42,9.7,0.32,9.8,5.0,3,0
EMP-03615,Sales,Junior,3,5,3,PTO,0.42,123.48,0.69,6.1,4.1,4,0
EMP-03616,Engineering,Senior,45,7,6,Points,0.58,6.54,0.58,7.5,5.0,2,0
EMP-03617,Marketing,Mid,36,10,2,Badge,0.83,7.47,0.54,7.3,4.6,2,0
EMP-03618,Operations,Junior,1,3,0,Monetary,0.25,58.45,0.37,4.4,2.7,4,0
EMP-03619,Operations,Manager,72,14,9,Badge,1.17,7.33,0.75,10.0,5.0,2,0
EMP-03620,Engineering,Junior,1,1,1,Points,0.08,20.07,0.84,4.4,3.6,9,0
EMP-03621,Marketing,Mid,43,7,2,Points,0.58,21.78,0.64,8.4,4.7,3,0
EMP-03622,Engineering,Junior,50,5,0,Badge,0.42,6.01,0.35,5.7,4.4,2,0
EMP-03623,Engineering,Junior,11,4,2,Monetary,0.33,53.68,0.7,6.3,4.3,5,0
EMP-03624,Customer Support,Junior,8,1,1,Points,0.08,48.63,0.63,4.2,3.0,5,0
EMP-03625,Engineering,Junior,5,5,1,Points,0.42,6.95,0.39,6.4,4.6,4,0
EMP-03626,Engineering,Junior,27,5,2,Badge,0.42,9.48,0.24,7.1,4.9,4,0
EMP-03627,Engineering,Senior,34,7,3,Badge,0.58,2.99,0.56,8.1,4.2,4,0
EMP-03628,Customer Support,Mid,16,4,1,Badge,0.33,6.66,0.47,7.0,3.4,2,0
EMP-03629,Operations,Mid,34,2,4,Badge,0.17,9.98,0.82,6.4,4.2,3,0
EMP-03630,Marketing,Mid,23,9,0,PTO,0.75,109.24,0.61,7.0,3.3,5,0
EMP-03631,Operations,Manager,90,15,11,Monetary,1.25,108.16,0.38,7.3,4.1,4,0
EMP-03632,Engineering,Manager,86,13,7,Points,1.08,6.06,0.51,9.4,4.6,2,0
EMP-03633,Sales,Senior,58,13,6,Points,1.08,14.66,0.67,9.7,4.1,5,0
EMP-03634,Sales,Manager,38,7,8,Badge,0.58,1.39,0.84,7.3,4.5,2,0
EMP-03635,Engineering,Mid,20,3,2,Points,0.25,38.94,0.71,6.2,3.4,3,0
EMP-03636,Sales,Mid,47,11,3,Monetary,0.92,146.15,0.76,7.0,4.4,7,0
EMP-03637,Customer Support,Mid,22,2,5,Monetary,0.17,110.55,0.7,4.9,2.4,12,0
EMP-03638,Engineering,Mid,45,9,0,PTO,0.75,50.44,0.43,8.7,4.4,3,0
EMP-03639,Sales,Mid,36,5,3,PTO,0.42,101.44,0.51,6.7,4.1,9,0
EMP-03640,Engineering,Mid,30,6,2,Points,0.5,35.44,0.74,8.9,3.9,5,0
EMP-03641,Engineering,Manager,47,15,6,PTO,1.25,53.34,0.77,8.8,4.9,5,0
EMP-03642,Customer Support,Senior,46,9,6,Badge,0.75,5.83,0.62,6.5,4.4,6,0
EMP-03643,Sales,Mid,32,13,2,Badge,1.08,1.61,0.44,8.6,4.9,3,0
EMP-03644,Sales,Senior,64,10,4,Points,0.83,31.19,0.61,7.0,3.3,4,0
EMP-03645,Operations,Junior,5,2,4,Monetary,0.17,163.41,0.61,5.7,4.0,6,0
EMP-03646,Engineering,Junior,1,2,1,Monetary,0.17,177.99,0.37,5.9,4.1,4,0
EMP-03647,Sales,Mid,30,11,1,Points,0.92,24.46,0.9,8.4,4.9,4,0
EMP-03648,Sales,Mid,39,10,0,Badge,0.83,6.03,0.82,7.3,4.2,4,0
EMP-03649,Marketing,Junior,3,3,0,Points,0.25,28.99,0.64,3.8,3.3,10,1
EMP-03650,Customer Support,Senior,27,7,1,Badge,0.58,5.4,0.66,5.9,3.8,1,0
EMP-03651,Operations,Mid,18,8,1,Badge,0.67,3.86,0.78,7.0,4.5,6,0
EMP-03652,Sales,Mid,39,12,1,Points,1.0,40.51,0.77,9.6,4.0,4,0
EMP-03653,Operations,Junior,23,7,2,Points,0.58,20.22,0.87,8.2,3.6,5,0
EMP-03654,Engineering,Junior,7,1,2,Points,0.08,31.65,0.07,6.4,3.2,5,0
EMP-03655,Engineering,Manager,62,13,16,Monetary,1.08,104.73,0.42,9.3,5.0,7,0
EMP-03656,Engineering,Mid,25,7,2,Badge,0.58,3.43,0.97,5.5,3.6,2,0
EMP-03657,Sales,Manager,82,8,10,Badge,0.67,3.65,0.56,8.0,5.0,6,0
EMP-03658,Sales,Manager,40,11,8,PTO,0.92,158.33,0.69,7.7,3.9,3,0
EMP-03659,Marketing,Mid,13,7,3,Badge,0.58,4.08,0.7,8.6,5.0,4,0
EMP-03660,Customer Support,Junior,54,0,1,Badge,0.0,7.09,0.0,4.5,4.2,9,0
EMP-03661,Sales,Senior,54,14,2,Points,1.17,30.41,0.43,7.8,5.0,3,0
EMP-03662,Sales,Manager,50,14,9,Points,1.17,27.98,0.67,9.1,3.9,6,0
EMP-03663,Engineering,Mid,30,8,3,Points,0.67,12.71,0.83,9.4,4.9,3,0
EMP-03664,Engineering,Senior,59,14,3,Badge,1.17,4.71,0.49,8.1,4.2,2,0
EMP-03665,Marketing,Senior,44,4,3,Badge,0.33,4.84,0.76,6.7,3.6,2,0
EMP-03666,Sales,Mid,16,2,1,Badge,0.17,7.07,1.0,7.5,4.0,6,0
EMP-03667,Operations,Mid,25,9,6,PTO,0.75,159.33,0.64,8.5,4.2,5,0
EMP-03668,Engineering,Senior,70,10,2,PTO,0.83,179.89,0.46,8.8,4.8,7,0
EMP-03669,Engineering,Senior,74,9,4,Badge,0.75,4.01,0.66,8.0,4.6,6,0
EMP-03670,Sales,Junior,10,5,2,Badge,0.42,9.78,0.86,6.0,3.0,7,0
EMP-03671,Engineering,Mid,3,6,4,Points,0.5,43.51,0.55,5.5,4.5,8,0
EMP-03672,Engineering,Junior,23,3,0,Monetary,0.25,32.56,0.71,8.8,5.0,6,0
EMP-03673,Operations,Junior,4,7,1,Badge,0.58,8.58,0.62,7.0,5.0,5,0
EMP-03674,Engineering,Manager,64,10,12,Badge,0.83,3.64,0.46,7.8,4.2,4,0
EMP-03675,Marketing,Junior,4,3,0,PTO,0.25,133.18,0.77,5.3,2.8,7,0
EMP-03676,Sales,Junior,4,3,1,Monetary,0.25,41.7,0.24,3.5,2.8,8,1
EMP-03677,Engineering,Mid,47,7,3,Badge,0.58,9.06,0.5,7.6,4.6,4,0
EMP-03678,Sales,Mid,48,7,3,Points,0.58,44.48,0.51,7.3,5.0,3,0
EMP-03679,Operations,Mid,9,7,0,Points,0.58,47.07,0.51,7.4,3.9,4,0
EMP-03680,Sales,Junior,3,2,2,Points,0.17,39.7,0.57,4.6,4.0,9,0
EMP-03681,Operations,Junior,30,4,1,Monetary,0.33,43.52,0.87,6.5,3.9,4,0
EMP-03682,Engineering,Junior,10,4,2,Badge,0.33,0.27,0.86,6.2,3.7,11,0
EMP-03683,Operations,Mid,39,5,0,Monetary,0.42,184.3,0.87,6.7,3.4,1,0
EMP-03684,Engineering,Junior,1,3,1,PTO,0.25,187.34,0.94,6.4,4.1,2,0
EMP-03685,Marketing,Manager,52,12,10,Points,1.0,15.7,0.82,9.3,4.1,4,0
EMP-03686,Marketing,Mid,16,5,2,Points,0.42,8.91,0.8,6.6,3.9,5,0
EMP-03687,Customer Support,Junior,6,1,5,Badge,0.08,1.46,0.61,5.2,3.8,4,0
EMP-03688,Sales,Senior,45,4,2,PTO,0.33,89.35,0.83,7.0,3.2,4,0
EMP-03689,Engineering,Mid,35,7,1,Badge,0.58,6.4,0.42,9.0,4.4,5,0
EMP-03690,Engineering,Senior,65,10,1,Monetary,0.83,69.94,0.62,8.3,4.9,2,0
EMP-03691,Operations,Junior,16,3,0,Points,0.25,18.76,0.61,6.2,3.8,2,0
EMP-03692,Marketing,Mid,36,4,0,Monetary,0.33,129.77,0.9,6.5,3.3,4,0
EMP-03693,Operations,Senior,45,12,8,Badge,1.0,7.9,0.51,8.5,4.3,6,0
EMP-03694,Engineering,Manager,48,15,11,Points,1.25,23.04,0.73,9.2,5.0,4,0
EMP-03695,Sales,Junior,6,3,2,Badge,0.25,0.39,0.59,5.7,3.7,4,0
EMP-03696,Engineering,Mid,53,8,2,Monetary,0.67,139.19,0.46,7.7,4.3,5,0
EMP-03697,Customer Support,Mid,32,7,2,Badge,0.58,6.85,0.25,5.9,3.8,4,0
EMP-03698,Marketing,Manager,74,8,8,Points,0.67,20.14,0.46,8.4,4.8,3,0
EMP-03699,Customer Support,Manager,47,9,4,Badge,0.75,0.01,0.74,7.3,5.0,3,0
EMP-03700,Engineering,Junior,3,2,0,Points,0.17,30.73,0.64,6.2,4.5,7,0
EMP-03701,Marketing,Junior,15,1,3,Points,0.08,39.87,0.65,6.0,3.1,5,0
EMP-03702,Marketing,Mid,53,5,3,Badge,0.42,2.19,0.31,7.6,5.0,5,0
EMP-03703,Sales,Junior,11,8,0,Points,0.67,28.07,0.43,5.9,4.1,6,0
EMP-03704,Operations,Mid,63,10,0,Monetary,0.83,147.07,0.56,9.8,5.0,6,0
EMP-03705,Customer Support,Junior,2,5,0,Badge,0.42,5.89,0.11,2.5,3.9,6,1
EMP-03706,Customer Support,Mid,30,7,0,Badge,0.58,7.71,0.9,8.1,4.8,5,0
EMP-03707,Operations,Manager,54,14,6,Monetary,1.17,96.42,0.38,8.9,5.0,5,0
EMP-03708,Engineering,Manager,72,10,5,PTO,0.83,267.53,0.43,8.9,5.0,2,0
EMP-03709,Sales,Mid,47,5,3,Points,0.42,19.33,0.55,6.9,4.5,1,0
EMP-03710,Customer Support,Mid,24,5,2,Badge,0.42,1.54,0.68,7.1,4.5,4,0
EMP-03711,Engineering,Senior,65,10,7,Monetary,0.83,162.26,0.8,9.0,4.1,2,0
EMP-03712,Operations,Junior,31,5,1,Points,0.42,5.46,0.9,5.9,3.2,4,0
EMP-03713,Operations,Senior,83,14,5,Points,1.17,47.79,0.65,8.7,4.0,2,0
EMP-03714,Marketing,Mid,47,2,2,Points,0.17,8.32,0.9,6.0,3.3,2,0
EMP-03715,Customer Support,Junior,1,1,3,Points,0.08,40.45,0.55,4.7,2.9,10,0
EMP-03716,Sales,Mid,71,9,2,Points,0.75,10.45,0.87,7.6,4.8,2,0
EMP-03717,Sales,Junior,1,6,0,Monetary,0.5,74.11,0.83,6.6,3.6,8,0
EMP-03718,Engineering,Senior,34,8,5,PTO,0.67,200.23,0.77,7.6,4.7,2,0
EMP-03719,Sales,Junior,22,6,4,Badge,0.5,1.4,0.66,7.6,4.9,3,0
EMP-03720,Engineering,Mid,3,11,3,Monetary,0.92,42.03,0.39,5.3,4.1,6,0
EMP-03721,Sales,Junior,11,4,0,PTO,0.33,282.89,0.73,5.5,3.8,3,0
EMP-03722,Operations,Senior,23,5,4,PTO,0.42,230.07,0.51,8.7,4.6,3,0
EMP-03723,Customer Support,Mid,41,2,1,Badge,0.17,1.2,0.98,6.6,3.3,3,0
EMP-03724,Engineering,Mid,25,7,1,Points,0.58,28.36,0.66,7.6,4.5,1,0
EMP-03725,Sales,Mid,34,13,1,PTO,1.08,258.71,0.68,9.2,3.2,3,0
EMP-03726,Customer Support,Mid,17,6,3,Badge,0.5,0.87,0.73,6.6,2.8,11,0
EMP-03727,Engineering,Junior,13,4,1,Points,0.33,41.48,0.86,8.2,4.8,3,0
EMP-03728,Engineering,Senior,32,8,7,Badge,0.67,8.43,0.8,7.9,5.0,4,0
EMP-03729,Engineering,Junior,2,4,0,Badge,0.33,3.42,0.69,4.7,2.9,8,0
EMP-03730,Marketing,Junior,13,2,1,Badge,0.17,9.96,0.49,6.0,3.2,8,0
EMP-03731,Engineering,Senior,61,10,2,PTO,0.83,148.2,0.81,8.4,5.0,6,0
EMP-03732,Customer Support,Junior,23,3,2,Badge,0.25,9.02,0.78,5.3,,5,0
EMP-03733,Sales,Mid,30,9,4,Points,0.75,45.41,0.96,8.8,4.5,3,0
EMP-03734,Sales,Mid,31,8,2,Badge,0.67,7.13,0.81,6.5,5.0,6,0
EMP-03735,Engineering,Mid,33,6,6,Points,0.5,5.04,0.31,9.1,5.0,2,0
EMP-03736,Sales,Senior,65,12,9,Points,1.0,35.72,0.93,9.1,4.6,5,0
EMP-03737,Marketing,Mid,50,7,2,Points,0.58,9.25,0.94,8.8,3.7,5,0
EMP-03738,Operations,Mid,15,6,3,Points,0.5,6.63,0.51,7.3,4.1,6,0
EMP-03739,Operations,Senior,53,11,3,Badge,0.92,1.8,0.47,8.1,5.0,5,0
EMP-03740,Marketing,Junior,9,6,3,Points,0.5,28.01,0.65,7.5,4.7,3,0
EMP-03741,Customer Support,Mid,15,2,1,Points,0.17,25.72,0.74,5.3,1.9,4,0
EMP-03742,Operations,Mid,3,7,5,Points,0.58,22.53,0.87,6.0,4.3,10,0
EMP-03743,Operations,Mid,14,4,5,Points,0.33,29.07,0.24,6.0,4.2,4,0
EMP-03744,Engineering,Manager,61,13,4,Monetary,1.08,71.33,0.71,10.0,4.4,5,0
EMP-03745,Engineering,Senior,39,3,6,Monetary,0.25,79.78,0.7,6.6,5.0,2,0
EMP-03746,Engineering,Junior,46,5,1,Badge,0.42,2.09,0.73,8.1,4.6,2,0
EMP-03747,Marketing,Junior,1,3,2,PTO,0.25,163.07,0.62,4.7,3.8,9,0
EMP-03748,Sales,Junior,3,5,3,Points,0.42,37.14,0.62,7.1,3.8,4,0
EMP-03749,Sales,Junior,26,8,1,Points,0.67,28.02,1.0,8.1,4.2,2,0
EMP-03750,Customer Support,Junior,7,1,1,Monetary,0.08,173.97,0.82,5.2,3.2,3,0
EMP-03751,Customer Support,Mid,27,6,2,PTO,0.5,172.86,0.43,6.9,4.9,6,0
EMP-03752,Customer Support,Senior,42,10,4,Badge,0.83,2.02,0.62,6.1,4.0,4,0
EMP-03753,Sales,Senior,32,7,4,Points,0.58,28.05,0.25,7.7,4.6,3,0
EMP-03754,Operations,Junior,1,2,2,PTO,0.17,142.93,0.91,7.2,3.7,7,0
EMP-03755,Engineering,Mid,48,7,1,Points,0.58,27.13,0.77,7.0,3.9,3,0
EMP-03756,Engineering,Mid,26,9,1,Points,0.75,9.42,0.74,7.2,5.0,4,0
EMP-03757,Engineering,Senior,76,11,6,Badge,0.92,7.77,0.78,9.1,4.5,7,0
EMP-03758,Sales,Senior,70,7,4,Points,0.58,20.61,0.8,8.4,4.0,5,0
EMP-03759,Sales,Manager,49,13,7,PTO,1.08,54.22,0.66,10.0,5.0,3,0
EMP-03760,Operations,Mid,14,5,3,Points,0.42,30.48,0.47,5.8,4.6,9,0
EMP-03761,Engineering,Senior,47,8,7,PTO,0.67,220.95,0.37,9.1,5.0,3,0
EMP-03762,Operations,Junior,21,6,1,PTO,0.5,68.16,0.53,4.1,2.8,10,0
EMP-03763,Marketing,Mid,46,7,1,Points,0.58,21.87,0.81,7.9,3.9,3,0
EMP-03764,Sales,Junior,4,8,1,Badge,0.67,4.8,0.8,6.4,4.2,3,0
EMP-03765,Sales,Mid,46,8,3,Points,0.67,27.62,0.82,7.9,4.6,3,0
EMP-03766,Sales,Mid,19,6,2,Badge,0.5,0.36,0.97,5.9,4.0,2,0
EMP-03767,Marketing,Junior,18,2,3,Monetary,0.17,135.74,0.48,6.3,3.2,3,0
EMP-03768,Sales,Junior,3,4,1,Badge,0.33,0.94,0.82,6.1,3.1,7,0
EMP-03769,Engineering,Junior,43,6,2,Points,0.5,20.77,0.31,6.8,4.2,6,0
EMP-03770,Engineering,Junior,1,4,5,Monetary,0.33,113.78,0.68,5.9,3.4,7,0
EMP-03771,Marketing,Junior,1,4,2,Badge,0.33,7.51,0.61,4.6,3.4,9,0
EMP-03772,Customer Support,Junior,10,1,1,PTO,0.08,141.34,0.65,5.4,2.6,9,0
EMP-03773,Sales,Junior,15,5,4,Monetary,0.42,168.71,0.88,6.0,3.0,3,0
EMP-03774,Operations,Junior,38,5,2,Badge,0.42,7.73,0.83,7.0,4.8,2,0
EMP-03775,Marketing,Manager,53,12,9,Points,1.0,23.24,0.73,8.8,4.8,1,0
EMP-03776,Customer Support,Mid,29,3,6,Monetary,0.25,178.43,0.58,4.1,2.5,7,0
EMP-03777,Operations,Junior,11,2,2,Points,0.17,48.3,0.42,4.8,3.0,8,0
EMP-03778,Marketing,Mid,22,5,3,Points,0.42,17.18,0.63,6.5,4.5,1,0
EMP-03779,Marketing,Senior,20,10,12,Points,0.83,41.97,0.28,7.6,4.5,2,0
EMP-03780,Customer Support,Senior,36,12,4,Points,1.0,17.86,0.58,6.9,4.9,3,0
EMP-03781,Sales,Junior,7,9,3,Points,0.75,35.87,0.66,7.8,4.4,1,0
EMP-03782,Sales,Mid,29,10,3,Points,0.83,35.05,0.55,8.0,4.7,7,0
EMP-03783,Engineering,Senior,75,16,7,Monetary,1.33,163.36,0.52,10.0,5.0,2,0
EMP-03784,Operations,Senior,38,9,5,Badge,0.75,2.17,0.66,7.5,5.0,5,0
EMP-03785,Operations,Senior,30,4,6,Points,0.33,47.04,0.83,7.5,4.2,1,0
EMP-03786,Engineering,Manager,69,12,9,Monetary,1.0,100.15,0.33,10.0,5.0,5,0
EMP-03787,Marketing,Manager,48,13,5,Points,1.08,5.1,0.93,10.0,5.0,5,0
EMP-03788,Sales,Mid,19,8,2,Badge,0.67,7.73,0.19,6.7,4.1,5,0
EMP-03789,Engineering,Mid,37,1,1,PTO,0.08,282.91,0.74,7.7,3.6,3,0
EMP-03790,Customer Support,Mid,15,4,0,Badge,0.33,9.68,0.6,5.9,2.1,9,0
EMP-03791,Engineering,Senior,24,6,3,Badge,0.5,3.63,0.41,6.0,5.0,4,0
EMP-03792,Engineering,Junior,4,5,5,Points,0.42,5.92,0.54,6.2,3.8,3,0
EMP-03793,Marketing,Manager,91,11,9,Points,0.92,20.39,0.62,7.2,5.0,7,0
EMP-03794,Operations,Junior,29,6,3,Points,0.5,44.76,0.85,8.4,4.1,0,0
EMP-03795,Engineering,Mid,29,4,3,Points,0.33,42.97,0.88,8.9,4.4,6,0
EMP-03796,Marketing,Manager,69,8,5,Points,0.67,22.07,0.37,8.2,5.0,5,0
EMP-03797,Marketing,Junior,4,0,1,Badge,0.0,1.53,0.0,1.6,2.1,18,1
EMP-03798,Engineering,Mid,23,8,3,Points,0.67,34.01,0.55,8.4,5.0,5,0
EMP-03799,Engineering,Junior,17,6,1,Points,0.5,34.88,0.82,9.0,4.2,2,0
EMP-03800,Marketing,Mid,35,5,2,Points,0.42,33.38,0.15,6.9,4.3,5,0
EMP-03801,Sales,Junior,20,5,1,Points,0.42,11.78,0.82,7.5,3.0,6,0
EMP-03802,Customer Support,Mid,6,7,0,Badge,0.58,8.24,0.86,6.7,3.6,4,0
EMP-03803,Operations,Mid,29,6,1,PTO,0.5,59.1,0.48,7.3,3.9,5,0
EMP-03804,Customer Support,Manager,29,6,11,PTO,0.5,292.47,0.57,8.1,4.3,5,0
EMP-03805,Engineering,Manager,91,18,11,PTO,1.5,275.41,0.59,9.2,4.5,4,0
EMP-03806,Customer Support,Junior,2,3,0,Points,0.25,49.74,0.42,5.3,3.0,6,0
EMP-03807,Sales,Senior,77,14,5,Points,1.17,31.97,0.89,7.7,4.4,9,0
EMP-03808,Sales,Junior,1,2,3,Monetary,0.17,130.63,0.61,6.2,4.0,8,0
EMP-03809,Engineering,Junior,4,1,0,Monetary,0.08,92.29,0.46,4.1,3.4,5,0
EMP-03810,Engineering,Junior,1,4,2,Badge,0.33,1.13,0.88,5.0,5.0,8,0
EMP-03811,Operations,Manager,44,12,9,Points,1.0,38.97,0.54,8.6,3.2,4,0
EMP-03812,Sales,Manager,73,16,12,Badge,1.33,4.92,0.31,7.6,4.5,3,0
EMP-03813,Engineering,Junior,1,0,0,Points,0.0,21.39,0.0,2.7,3.8,9,1
EMP-03814,Marketing,Junior,40,6,3,PTO,0.5,268.9,0.63,4.9,4.3,4,0
EMP-03815,Engineering,Junior,1,2,2,Badge,0.17,0.02,0.71,4.3,2.6,14,0
EMP-03816,Marketing,Mid,48,6,1,PTO,0.5,169.62,0.58,6.9,4.5,5,0
EMP-03817,Sales,Mid,49,7,2,Points,0.58,34.35,0.26,7.7,3.8,2,0
EMP-03818,Operations,Junior,18,0,2,Points,0.0,5.18,0.0,3.3,3.2,11,1
EMP-03819,Operations,Senior,55,11,5,Points,0.92,37.74,0.67,8.8,4.3,1,0
EMP-03820,Sales,Mid,31,4,2,Points,0.33,12.47,0.77,7.2,4.1,6,0
EMP-03821,Sales,Manager,74,10,5,Points,0.83,43.05,0.47,8.6,4.9,5,0
EMP-03822,Sales,Senior,38,5,3,Badge,0.42,7.65,0.3,5.9,4.8,3,0
EMP-03823,Operations,Mid,29,7,4,Badge,0.58,1.4,0.56,5.2,3.6,3,0
EMP-03824,Sales,Senior,15,11,5,Monetary,0.92,125.45,0.8,9.0,3.9,2,0
EMP-03825,Engineering,Senior,70,2,3,Badge,0.17,7.57,0.3,5.8,2.8,5,0
EMP-03826,Engineering,Junior,17,3,3,Monetary,0.25,30.13,0.61,7.0,4.0,4,0
EMP-03827,Sales,Mid,53,7,3,Points,0.58,29.52,0.72,7.7,4.0,3,0
EMP-03828,Sales,Manager,44,12,8,PTO,1.0,62.65,0.9,10.0,5.0,6,0
EMP-03829,Operations,Junior,1,4,2,Monetary,0.33,133.42,0.72,6.2,4.1,6,0
EMP-03830,Engineering,Junior,1,8,0,PTO,0.67,270.53,0.61,7.7,5.0,8,0
EMP-03831,Sales,Mid,50,6,1,Points,0.5,22.77,0.74,7.8,4.9,7,0
EMP-03832,Operations,Senior,51,13,6,Monetary,1.08,101.3,0.97,10.0,4.6,3,0
EMP-03833,Operations,Senior,68,11,4,Points,0.92,48.98,0.71,9.3,4.8,3,0
EMP-03834,Sales,Manager,94,14,8,PTO,1.17,164.01,0.87,10.0,4.6,0,0
EMP-03835,Sales,Mid,14,2,1,Points,0.17,17.85,0.6,3.3,2.3,15,1
EMP-03836,Sales,Junior,5,9,1,Monetary,0.75,199.36,0.5,5.8,3.8,6,0
EMP-03837,Customer Support,Mid,47,5,2,Points,0.42,35.63,0.35,6.3,3.3,5,0
EMP-03838,Engineering,Senior,66,7,5,Points,0.58,31.17,0.75,9.1,5.0,4,0
EMP-03839,Customer Support,Junior,2,3,0,Badge,0.25,6.6,0.6,2.0,2.0,14,1
EMP-03840,Operations,Junior,1,5,1,Monetary,0.42,163.37,0.66,3.8,3.4,9,1
EMP-03841,Marketing,Junior,10,3,1,Points,0.25,6.68,0.33,5.2,4.2,10,0
EMP-03842,Engineering,Mid,16,5,1,Monetary,0.42,59.98,0.56,6.2,5.0,4,0
EMP-03843,Sales,Manager,62,13,8,Points,1.08,6.65,0.25,8.1,3.3,2,0
EMP-03844,Sales,Senior,57,12,6,PTO,1.0,125.15,0.71,8.9,5.0,3,0
EMP-03845,Engineering,Manager,72,13,8,PTO,1.08,239.72,0.59,9.7,5.0,1,0
EMP-03846,Marketing,Junior,8,3,3,PTO,0.25,150.88,0.55,4.9,3.8,9,0
EMP-03847,Customer Support,Manager,79,10,7,Points,0.83,36.34,0.63,7.6,3.7,7,0
EMP-03848,Marketing,Senior,61,11,9,Badge,0.92,3.06,0.57,6.7,5.0,4,0
EMP-03849,Operations,Mid,37,6,4,Badge,0.5,9.82,0.55,8.0,4.0,7,0
EMP-03850,Engineering,Manager,47,5,8,Points,0.42,9.1,0.65,7.5,4.5,4,0
EMP-03851,Sales,Junior,3,3,2,Points,0.25,30.88,0.52,4.7,3.6,6,0
EMP-03852,Engineering,Manager,39,11,10,Badge,0.92,6.01,0.81,7.3,5.0,3,0
EMP-03853,Marketing,Manager,77,14,4,Points,1.17,37.85,0.92,8.8,4.5,4,0
EMP-03854,Customer Support,Senior,46,4,6,Badge,0.33,0.11,0.6,6.7,5.0,3,0
EMP-03855,Marketing,Mid,13,9,5,Points,0.75,16.78,0.66,9.3,5.0,6,0
EMP-03856,Engineering,Junior,23,3,1,Badge,0.25,4.44,0.42,6.7,4.4,1,0
EMP-03857,Sales,Mid,9,6,3,Badge,0.5,5.27,0.43,6.2,3.8,8,0
EMP-03858,Marketing,Mid,71,11,5,Points,0.92,7.99,0.3,8.4,4.6,4,0
EMP-03859,Sales,Senior,68,10,5,Points,0.83,41.72,0.7,8.2,4.8,8,0
EMP-03860,Operations,Senior,47,6,9,PTO,0.5,83.59,0.74,7.8,4.2,4,0
EMP-03861,Operations,Manager,80,13,3,Points,1.08,30.89,0.57,10.0,5.0,4,0
EMP-03862,Marketing,Junior,13,3,1,Points,0.25,19.76,0.56,5.9,3.7,5,0
EMP-03863,Sales,Senior,45,13,8,PTO,1.08,174.85,0.52,9.5,3.7,3,0
EMP-03864,Engineering,Manager,18,3,10,Monetary,0.25,33.09,0.28,6.6,3.7,3,0
EMP-03865,Engineering,Senior,40,10,5,Badge,0.83,8.46,0.81,7.1,4.0,6,0
EMP-03866,Sales,Junior,39,7,1,Monetary,0.58,73.89,0.24,5.7,3.9,1,0
EMP-03867,Sales,Junior,14,8,0,Points,0.67,18.04,1.0,7.3,4.1,6,0
EMP-03868,Marketing,Junior,5,3,1,Points,0.25,24.37,0.6,6.2,2.9,7,0
EMP-03869,Marketing,Mid,41,9,2,Points,0.75,17.08,0.63,9.3,5.0,3,0
EMP-03870,Engineering,Mid,33,7,3,PTO,0.58,195.38,0.86,8.6,4.4,5,0
EMP-03871,Sales,Manager,55,14,5,Points,1.17,43.88,0.94,9.3,3.5,1,0
EMP-03872,Engineering,Mid,11,8,2,Badge,0.67,4.42,0.1,5.5,5.0,7,0
EMP-03873,Engineering,Mid,49,6,3,Points,0.5,10.08,0.47,8.7,4.9,6,0
EMP-03874,Operations,Mid,42,6,2,PTO,0.5,269.18,0.39,6.7,3.9,1,0
EMP-03875,Engineering,Senior,48,9,1,PTO,0.75,180.63,0.57,8.0,3.8,1,0
EMP-03876,Sales,Manager,36,10,10,Badge,0.83,9.6,0.48,8.5,5.0,3,0
EMP-03877,Engineering,Senior,74,11,6,Badge,0.92,8.71,0.49,10.0,5.0,2,0
EMP-03878,Customer Support,Mid,24,4,2,Points,0.33,44.04,0.71,5.9,3.1,4,0
EMP-03879,Marketing,Mid,20,4,1,Monetary,0.33,46.3,0.84,7.3,3.6,1,0
EMP-03880,Engineering,Senior,47,9,5,PTO,0.75,181.17,0.33,8.5,5.0,3,0
EMP-03881,Sales,Mid,35,9,2,Points,0.75,43.12,0.91,7.7,4.8,2,0
EMP-03882,Operations,Junior,7,8,2,Points,0.67,40.47,0.61,7.2,4.0,6,0
EMP-03883,Customer Support,Junior,8,1,2,Monetary,0.08,116.56,0.93,4.5,2.6,11,0
EMP-03884,Engineering,Junior,25,4,2,Badge,0.33,9.94,0.32,7.0,4.6,4,0
EMP-03885,Customer Support,Senior,73,9,3,Points,0.75,46.34,0.81,7.3,4.6,5,0
EMP-03886,Customer Support,Junior,5,2,1,Points,0.17,24.1,0.3,3.2,3.0,8,1
EMP-03887,Customer Support,Junior,1,3,1,Monetary,0.25,66.34,0.61,3.6,2.7,9,1
EMP-03888,Marketing,Junior,32,2,3,Badge,0.17,3.79,0.79,6.1,3.4,0,0
EMP-03889,Marketing,Mid,42,9,1,Badge,0.75,2.83,0.85,7.3,4.4,3,0
EMP-03890,Sales,Mid,42,5,0,Points,0.42,34.21,0.61,6.2,3.8,6,0
EMP-03891,Operations,Senior,55,11,6,Badge,0.92,7.07,0.32,8.4,5.0,8,0
EMP-03892,Marketing,Junior,11,0,1,Points,0.0,11.23,0.0,2.4,3.0,9,1
EMP-03893,Marketing,Junior,1,3,2,Points,0.25,17.95,0.36,5.2,2.8,10,0
EMP-03894,Sales,Mid,34,4,5,Points,0.33,47.03,0.79,6.4,3.3,4,0
EMP-03895,Operations,Mid,28,10,4,Points,0.83,33.66,0.81,8.8,5.0,4,0
EMP-03896,Operations,Junior,5,1,1,Monetary,0.08,147.05,0.32,4.8,2.6,9,0
EMP-03897,Engineering,Junior,24,4,1,Points,0.33,7.13,0.35,6.0,4.2,3,0
EMP-03898,Operations,Manager,55,15,6,PTO,1.25,153.57,0.18,9.5,4.4,2,0
EMP-03899,Marketing,Senior,37,8,4,Points,0.67,47.73,0.79,8.4,5.0,2,0
EMP-03900,Operations,Junior,5,3,2,Badge,0.25,7.89,0.75,4.2,3.6,4,0
EMP-03901,Sales,Junior,1,3,1,Badge,0.25,7.82,0.52,5.7,4.0,7,0
EMP-03902,Sales,Manager,56,10,6,Points,0.83,45.37,0.93,8.7,4.1,5,0
EMP-03903,Customer Support,Senior,44,1,7,Points,0.08,14.22,0.49,5.2,3.3,3,0
EMP-03904,Engineering,Mid,42,4,2,Points,0.33,49.37,0.48,5.6,2.5,7,0
EMP-03905,Operations,Senior,72,12,3,PTO,1.0,160.7,0.76,9.6,4.5,7,0
EMP-03906,Sales,Senior,27,12,9,Badge,1.0,8.43,0.5,8.8,5.0,2,0
EMP-03907,Sales,Senior,71,17,1,Points,1.42,18.71,0.59,8.3,3.8,4,0
EMP-03908,Sales,Mid,39,9,0,Points,0.75,34.27,0.48,6.4,4.8,5,0
EMP-03909,Marketing,Mid,17,6,3,Badge,0.5,0.63,0.87,7.6,4.1,0,0
EMP-03910,Sales,Junior,19,5,0,Points,0.42,48.13,0.63,6.5,4.1,4,0
EMP-03911,Engineering,Manager,59,14,4,Points,1.17,10.27,0.77,10.0,5.0,4,0
EMP-03912,Engineering,Mid,14,5,1,Monetary,0.42,145.77,0.45,6.9,3.9,2,0
EMP-03913,Engineering,Junior,3,6,0,Points,0.5,5.28,0.55,7.3,4.4,6,0
EMP-03914,Customer Support,Manager,69,10,2,PTO,0.83,178.46,0.42,6.6,3.8,4,0
EMP-03915,Customer Support,Manager,46,9,6,Points,0.75,19.52,0.76,9.0,5.0,2,0
EMP-03916,Sales,Manager,33,17,8,PTO,1.42,108.09,0.08,9.0,3.7,4,0
EMP-03917,Operations,Manager,63,8,12,Badge,0.67,7.14,0.6,7.4,4.7,7,0
EMP-03918,Sales,Manager,99,16,6,Badge,1.33,4.43,0.28,10.0,4.7,1,0
EMP-03919,Marketing,Junior,5,5,3,Badge,0.42,3.18,0.6,4.3,4.1,8,0
EMP-03920,Operations,Senior,36,15,4,Badge,1.25,4.49,0.34,8.7,5.0,6,0
EMP-03921,Customer Support,Senior,45,7,8,Points,0.58,19.18,0.63,6.6,4.2,1,0
EMP-03922,Sales,Junior,10,5,1,Badge,0.42,4.22,0.82,5.7,3.6,5,0
EMP-03923,Operations,Junior,4,2,1,PTO,0.17,91.14,0.14,4.0,2.3,11,0
EMP-03924,Engineering,Manager,46,7,10,Monetary,0.58,186.83,0.78,8.4,4.3,7,0
EMP-03925,Customer Support,Junior,22,2,2,Monetary,0.17,98.63,0.57,4.2,2.7,10,0
EMP-03926,Engineering,Manager,53,9,6,Monetary,0.75,106.56,0.7,9.0,4.6,6,0
EMP-03927,Marketing,Junior,1,3,3,Badge,0.25,7.26,0.74,5.0,3.9,6,0
EMP-03928,Marketing,Junior,6,3,2,Monetary,0.25,46.72,0.62,6.2,4.0,6,0
EMP-03929,Operations,Mid,15,6,3,Points,0.5,13.79,0.85,8.0,4.4,2,0
EMP-03930,Engineering,Junior,1,1,2,Badge,0.08,1.5,0.76,6.4,4.2,4,0
EMP-03931,Customer Support,Senior,37,6,2,Badge,0.5,4.79,0.43,4.6,3.9,4,0
EMP-03932,Engineering,Mid,8,3,2,Badge,0.25,5.87,0.67,7.2,4.3,5,0
EMP-03933,Marketing,Junior,7,5,0,PTO,0.42,228.66,0.61,5.7,4.8,4,0
EMP-03934,Engineering,Junior,9,4,0,Points,0.33,47.46,0.38,5.8,4.1,6,0
EMP-03935,Sales,Mid,32,6,3,Badge,0.5,0.86,0.6,6.2,3.0,4,0
EMP-03936,Marketing,Junior,8,2,1,Badge,0.17,6.73,0.5,1.7,2.8,15,1
EMP-03937,Sales,Senior,19,5,4,Points,0.42,38.97,0.47,8.1,4.3,3,0
EMP-03938,Engineering,Mid,42,6,2,Points,0.5,34.9,0.64,6.8,3.2,3,0
EMP-03939,Engineering,Junior,9,4,2,Badge,0.33,8.55,0.66,5.8,4.3,6,0
EMP-03940,Sales,Mid,22,10,1,Points,0.83,28.41,0.43,9.1,4.1,3,0
EMP-03941,Operations,Junior,4,4,1,Points,0.33,41.81,0.76,4.5,4.5,5,0
EMP-03942,Customer Support,Junior,35,4,2,PTO,0.33,67.41,0.84,5.9,2.8,4,0
EMP-03943,Engineering,Junior,22,6,5,Monetary,0.5,136.43,0.92,7.9,4.5,1,0
EMP-03944,Sales,Senior,24,11,4,Points,0.92,47.34,0.99,7.3,3.7,3,0
EMP-03945,Engineering,Manager,45,8,8,Badge,0.67,4.55,0.54,6.3,4.1,5,0
EMP-03946,Engineering,Senior,62,10,5,Points,0.83,10.48,0.45,7.2,4.1,3,0
EMP-03947,Marketing,Mid,34,4,2,Points,0.33,21.37,0.8,7.2,3.8,7,0
EMP-03948,Marketing,Junior,4,2,3,Monetary,0.17,173.81,0.74,4.9,3.9,13,0
EMP-03949,Engineering,Mid,41,6,3,Badge,0.5,1.27,0.7,9.2,5.0,4,0
EMP-03950,Engineering,Senior,44,15,3,Monetary,1.25,117.27,0.56,8.6,4.9,5,0
EMP-03951,Engineering,Manager,54,5,8,Badge,0.42,8.57,0.78,8.9,4.6,4,0
EMP-03952,Operations,Junior,9,4,0,Points,0.33,40.38,0.86,6.9,3.8,7,0
EMP-03953,Customer Support,Junior,27,2,1,Points,0.17,28.06,0.49,6.4,3.4,4,0
EMP-03954,Engineering,Senior,71,8,4,Points,0.67,33.09,0.62,7.6,4.6,9,0
EMP-03955,Engineering,Senior,21,16,5,Monetary,1.33,73.96,0.62,9.5,5.0,5,0
EMP-03956,Customer Support,Senior,53,13,5,PTO,1.08,283.27,0.66,9.3,4.2,2,0
EMP-03957,Customer Support,Senior,59,8,4,PTO,0.67,57.76,0.84,8.3,4.1,6,0
EMP-03958,Sales,Manager,18,8,6,Points,0.67,21.45,0.34,8.8,5.0,3,0
EMP-03959,Engineering,Mid,33,10,1,Monetary,0.83,94.21,0.66,8.0,4.8,2,0
EMP-03960,Engineering,Manager,52,11,5,Points,0.92,39.9,0.31,8.1,3.3,4,0
EMP-03961,Marketing,Manager,56,11,4,Points,0.92,26.28,0.77,9.0,4.8,2,0
EMP-03962,Sales,Senior,33,11,7,Points,0.92,43.6,0.9,6.8,4.5,2,0
EMP-03963,Engineering,Mid,27,5,4,PTO,0.42,121.05,0.71,7.6,4.4,3,0
EMP-03964,Marketing,Junior,22,7,2,Badge,0.58,1.78,0.66,8.1,5.0,3,0
EMP-03965,Engineering,Mid,49,8,4,Badge,0.67,2.47,0.81,8.0,5.0,12,0
EMP-03966,Operations,Mid,34,4,1,Monetary,0.33,55.31,0.89,5.6,3.5,7,0
EMP-03967,Sales,Manager,57,12,15,Points,1.0,20.35,0.58,9.8,4.9,4,0
EMP-03968,Engineering,Junior,2,4,1,Points,0.33,15.94,0.42,5.5,4.9,9,0
EMP-03969,Marketing,Junior,1,3,0,Badge,0.25,6.17,0.75,6.3,5.0,3,0
EMP-03970,Sales,Senior,53,12,6,Monetary,1.0,27.33,0.71,9.9,3.6,5,0
EMP-03971,Customer Support,Junior,3,5,0,PTO,0.42,176.14,0.76,4.4,2.9,18,0
EMP-03972,Marketing,Mid,37,3,4,Points,0.25,22.68,0.36,5.8,3.4,3,0
EMP-03973,Engineering,Mid,30,10,2,Points,0.83,19.95,0.8,8.8,5.0,3,0
EMP-03974,Operations,Mid,34,7,2,Badge,0.58,0.75,0.72,8.8,4.9,5,0
EMP-03975,Engineering,Junior,36,5,1,Monetary,0.42,152.31,0.45,6.4,4.2,4,0
EMP-03976,Customer Support,Senior,12,6,5,Points,0.5,21.3,0.86,7.8,3.7,5,0
EMP-03977,Sales,Mid,38,13,0,Badge,1.08,9.4,0.69,8.7,4.3,4,0
EMP-03978,Marketing,Manager,24,9,9,PTO,0.75,287.54,0.42,6.8,4.0,4,0
EMP-03979,Engineering,Mid,21,7,3,Points,0.58,30.82,0.8,6.7,4.2,5,0
EMP-03980,Sales,Junior,9,5,1,Badge,0.42,3.52,0.39,5.2,4.3,8,0
EMP-03981,Operations,Junior,7,4,3,Points,0.33,22.98,0.7,5.1,3.4,3,0
EMP-03982,Operations,Junior,1,4,3,Points,0.33,17.94,0.57,7.0,3.9,3,0
EMP-03983,Engineering,Mid,18,4,3,Points,0.33,35.77,0.82,7.8,4.4,3,0
EMP-03984,Engineering,Junior,24,5,0,Badge,0.42,5.34,0.42,5.3,3.7,2,0
EMP-03985,Operations,Mid,20,11,1,Badge,0.92,4.22,0.47,7.3,3.8,5,0
EMP-03986,Customer Support,Mid,49,2,6,Monetary,0.17,116.6,0.68,6.0,3.7,6,0
EMP-03987,Engineering,Junior,37,4,2,Monetary,0.33,46.27,0.77,6.2,4.4,1,0
EMP-03988,Sales,Junior,12,8,1,Badge,0.67,6.63,1.0,7.9,3.6,1,0
EMP-03989,Sales,Senior,56,4,4,Monetary,0.33,115.11,1.0,6.7,5.0,4,0
EMP-03990,Customer Support,Manager,53,20,6,Badge,1.67,6.15,0.26,8.9,4.4,5,0
EMP-03991,Engineering,Junior,7,3,1,Badge,0.25,2.78,0.42,4.9,3.5,5,0
EMP-03992,Engineering,Junior,27,2,1,PTO,0.17,235.76,0.5,6.2,3.1,2,0
EMP-03993,Operations,Manager,37,15,3,Badge,1.25,4.79,0.21,8.1,5.0,4,0
EMP-03994,Engineering,Junior,9,3,1,Points,0.25,9.44,0.95,5.5,4.2,3,0
EMP-03995,Sales,Manager,78,10,8,Points,0.83,35.12,0.93,7.3,4.6,2,0
EMP-03996,Sales,Junior,8,6,2,Monetary,0.5,44.75,0.42,7.5,4.5,5,0
EMP-03997,Sales,Manager,44,7,7,Badge,0.58,0.59,0.52,9.3,4.5,1,0
EMP-03998,Sales,Mid,33,2,1,Points,0.17,38.5,0.62,7.6,3.1,1,0
EMP-03999,Marketing,Manager,38,9,7,Monetary,0.75,107.47,0.64,8.8,4.0,5,0
EMP-04000,Engineering,Mid,4,6,2,Points,0.5,6.14,0.67,4.8,2.5,10,0
EMP-04001,Marketing,Senior,68,16,6,Badge,1.33,5.13,0.71,9.7,5.0,2,0
EMP-04002,Operations,Junior,1,1,0,Points,0.08,45.29,0.62,4.2,3.4,6,0
EMP-04003,Operations,Junior,7,1,1,Badge,0.08,0.95,0.53,5.9,2.8,12,0
EMP-04004,Engineering,Senior,36,10,2,Points,0.83,20.61,0.59,6.3,5.0,4,0
EMP-04005,Engineering,Mid,48,7,1,Monetary,0.58,170.3,0.8,8.3,4.3,4,0
EMP-04006,Engineering,Manager,68,12,5,PTO,1.0,113.54,0.91,10.0,4.6,3,0
EMP-04007,Sales,Mid,45,9,2,Monetary,0.75,43.99,0.67,7.6,3.7,2,0
EMP-04008,Sales,Senior,51,7,6,PTO,0.58,160.88,0.45,8.2,4.4,8,0
EMP-04009,Marketing,Mid,18,4,0,Badge,0.33,8.65,0.44,5.6,4.1,4,0
EMP-04010,Engineering,Manager,92,13,12,Monetary,1.08,81.86,0.53,8.1,5.0,2,0
EMP-04011,Engineering,Manager,52,8,4,PTO,0.67,259.12,0.59,9.2,4.4,1,0
EMP-04012,Sales,Mid,41,3,3,Badge,0.25,1.14,0.78,7.3,3.4,5,0
EMP-04013,Operations,Manager,79,16,3,Badge,1.33,4.07,0.71,9.7,4.2,8,0
EMP-04014,Engineering,Senior,48,13,11,Badge,1.08,4.88,0.89,7.2,4.2,6,0
EMP-04015,Marketing,Junior,18,7,2,PTO,0.58,148.75,0.34,6.2,2.9,6,0
EMP-04016,Engineering,Mid,14,4,1,Badge,0.33,8.87,0.37,6.1,3.9,4,0
EMP-04017,Customer Support,Junior,2,2,2,Points,0.17,19.07,0.47,2.2,2.9,8,1
EMP-04018,Customer Support,Senior,56,13,4,Monetary,1.08,176.23,0.27,8.4,5.0,3,0
EMP-04019,Sales,Junior,4,7,2,Points,0.58,42.51,0.89,6.2,4.1,4,0
EMP-04020,Engineering,Junior,15,6,2,Badge,0.5,7.79,0.68,8.6,3.7,1,0
EMP-04021,Sales,Mid,48,5,2,Points,0.42,16.48,0.45,6.5,3.2,6,0
EMP-04022,Engineering,Mid,50,6,2,Points,0.5,21.4,0.45,6.7,4.4,1,0
EMP-04023,Marketing,Senior,31,9,1,Monetary,0.75,123.41,0.44,6.4,3.6,4,0
EMP-04024,Operations,Manager,70,12,7,PTO,1.0,87.23,0.38,10.0,4.9,1,0
EMP-04025,Marketing,Mid,63,7,1,Monetary,0.58,101.27,0.08,7.4,3.6,4,0
EMP-04026,Operations,Junior,26,7,1,Monetary,0.58,26.24,0.71,8.9,4.8,5,0
EMP-04027,Sales,Senior,27,9,3,Badge,0.75,2.19,0.7,7.1,5.0,2,0
EMP-04028,Engineering,Mid,32,5,2,Badge,0.42,8.71,0.65,8.5,5.0,6,0
EMP-04029,Operations,Mid,33,9,1,Points,0.75,5.47,0.65,7.4,4.8,4,0
EMP-04030,Sales,Mid,39,7,1,Points,0.58,21.77,0.58,5.9,4.3,4,0
EMP-04031,Marketing,Mid,48,10,2,PTO,0.83,282.21,0.64,7.0,4.1,5,0
EMP-04032,Engineering,Mid,28,9,5,Points,0.75,40.55,0.66,8.2,4.9,4,0
EMP-04033,Engineering,Senior,81,11,2,Points,0.92,11.7,0.64,8.1,5.0,2,0
EMP-04034,Customer Support,Mid,5,5,2,PTO,0.42,126.74,0.48,4.1,2.2,16,0
EMP-04035,Engineering,Manager,67,9,6,PTO,0.75,232.25,0.68,10.0,4.0,8,0
EMP-04036,Customer Support,Mid,18,2,2,Points,0.17,29.77,0.68,7.0,3.2,2,0
EMP-04037,Customer Support,Junior,7,3,3,Points,0.25,40.85,0.53,2.8,3.2,9,1
EMP-04038,Operations,Senior,43,12,5,Monetary,1.0,54.1,0.76,9.1,5.0,2,0
EMP-04039,Marketing,Mid,3,5,4,Badge,0.42,3.68,0.77,5.5,3.8,6,0
EMP-04040,Marketing,Junior,2,3,2,Badge,0.25,7.57,0.36,3.9,3.7,9,1
EMP-04041,Customer Support,Mid,30,5,3,Monetary,0.42,97.21,0.5,5.9,3.7,5,0
EMP-04042,Sales,Mid,45,13,2,Badge,1.08,6.65,0.83,8.5,4.1,6,0
EMP-04043,Sales,Senior,23,11,2,PTO,0.92,98.92,0.36,8.7,5.0,3,0
EMP-04044,Marketing,Mid,42,4,2,Monetary,0.33,139.08,0.58,6.5,3.1,4,0
EMP-04045,Sales,Senior,49,11,5,Points,0.92,12.78,1.0,8.0,3.6,2,0
EMP-04046,Sales,Junior,55,5,0,Points,0.42,39.29,0.57,7.2,5.0,5,0
EMP-04047,Sales,Mid,44,10,3,Badge,0.83,5.42,1.0,5.6,4.3,6,0
EMP-04048,Marketing,Manager,42,10,6,Monetary,0.83,100.31,0.69,9.0,5.0,4,0
EMP-04049,Operations,Senior,58,13,2,Monetary,1.08,37.34,0.48,8.2,4.1,6,0
EMP-04050,Engineering,Junior,6,8,1,Points,0.67,34.93,0.8,6.6,5.0,5,0
EMP-04051,Customer Support,Junior,4,1,1,Badge,0.08,1.9,0.4,4.9,2.5,8,0
EMP-04052,Operations,Mid,46,6,1,PTO,0.5,80.5,0.71,7.3,3.5,4,0
EMP-04053,Operations,Senior,36,11,3,Points,0.92,12.03,0.37,7.9,3.9,7,0
EMP-04054,Marketing,Senior,40,12,4,Monetary,1.0,57.36,0.77,9.5,5.0,5,0
EMP-04055,Operations,Senior,49,8,7,PTO,0.67,221.17,0.51,7.0,4.7,3,0
EMP-04056,Engineering,Mid,24,8,0,Monetary,0.67,110.24,0.47,6.7,3.8,6,0
EMP-04057,Operations,Senior,59,9,4,Points,0.75,26.03,0.48,6.6,4.7,5,0
EMP-04058,Engineering,Mid,32,2,1,Badge,0.17,4.63,0.42,5.7,3.4,3,0
EMP-04059,Customer Support,Junior,3,1,1,Monetary,0.08,97.05,0.36,6.3,3.3,4,0
EMP-04060,Customer Support,Mid,8,6,2,Points,0.5,28.19,0.88,6.6,3.7,8,0
EMP-04061,Sales,Manager,72,14,9,Points,1.17,12.22,0.77,8.6,4.6,7,0
EMP-04062,Engineering,Senior,24,4,5,PTO,0.33,120.88,0.62,7.4,4.1,4,0
EMP-04063,Operations,Mid,27,9,4,Points,0.75,9.51,0.31,7.2,4.2,1,0
EMP-04064,Engineering,Mid,40,3,1,PTO,0.25,259.16,0.5,5.8,4.5,0,0
EMP-04065,Customer Support,Manager,18,7,7,Monetary,0.58,199.99,0.47,6.5,3.3,3,0
EMP-04066,Engineering,Mid,48,10,4,Points,0.83,36.67,0.62,6.9,3.5,5,0
EMP-04067,Engineering,Mid,34,12,2,Badge,1.0,0.48,0.82,8.6,5.0,4,0
EMP-04068,Customer Support,Manager,72,7,9,Monetary,0.58,107.59,0.78,8.9,5.0,8,0
EMP-04069,Marketing,Senior,41,12,4,Badge,1.0,0.07,0.76,8.5,5.0,3,0
EMP-04070,Operations,Mid,5,4,1,Badge,0.33,2.76,0.57,6.0,4.3,6,0
EMP-04071,Sales,Mid,37,5,4,Badge,0.42,0.8,0.71,7.2,4.6,4,0
EMP-04072,Marketing,Mid,28,4,4,Points,0.33,23.91,0.6,8.2,4.1,2,0
EMP-04073,Marketing,Junior,2,4,1,Badge,0.33,4.32,0.16,4.2,3.1,5,0
EMP-04074,Marketing,Manager,98,9,3,Points,0.75,12.94,0.6,8.1,3.7,3,0
EMP-04075,Operations,Mid,32,6,2,Monetary,0.5,170.15,0.44,6.9,5.0,4,0
EMP-04076,Marketing,Manager,46,9,11,Points,0.75,39.52,0.74,6.9,3.7,5,0
EMP-04077,Sales,Junior,10,5,4,Points,0.42,42.22,0.99,6.3,3.1,6,0
EMP-04078,Engineering,Mid,31,9,1,Points,0.75,29.58,0.9,8.5,4.1,2,0
EMP-04079,Operations,Junior,1,2,1,Points,0.17,5.37,0.63,5.4,3.1,12,0
EMP-04080,Engineering,Senior,55,7,5,Points,0.58,46.57,0.42,8.0,4.0,5,0
EMP-04081,Operations,Mid,27,6,4,PTO,0.5,279.78,0.52,6.9,3.6,2,0
EMP-04082,Engineering,Mid,34,7,3,PTO,0.58,185.92,0.28,8.1,5.0,5,0
EMP-04083,Marketing,Junior,3,4,3,Points,0.33,45.67,0.41,4.9,3.3,5,0
EMP-04084,Operations,Junior,4,2,3,Monetary,0.17,71.68,0.53,4.2,4.4,6,0
EMP-04085,Engineering,Junior,11,7,2,Points,0.58,28.27,0.62,8.0,4.7,4,0
EMP-04086,Engineering,Junior,17,9,1,Badge,0.75,6.89,0.33,6.2,4.7,6,0
EMP-04087,Engineering,Mid,27,6,2,Points,0.5,27.63,0.47,7.9,,4,0
EMP-04088,Marketing,Mid,44,10,4,PTO,0.83,262.35,0.7,6.3,4.3,3,0
EMP-04089,Operations,Mid,30,4,3,Points,0.33,29.39,0.86,8.3,4.8,8,0
EMP-04090,Engineering,Mid,33,2,1,Points,0.17,12.53,0.84,6.1,2.9,5,0
EMP-04091,Operations,Junior,6,5,3,PTO,0.42,257.26,0.18,6.2,5.0,5,0
EMP-04092,Sales,Junior,21,10,1,Monetary,0.83,148.73,0.57,6.4,4.4,6,0
EMP-04093,Sales,Junior,13,7,0,Points,0.58,28.07,0.77,8.7,5.0,2,0
EMP-04094,Customer Support,Senior,45,9,2,Badge,0.75,4.98,0.58,6.4,4.7,3,0
EMP-04095,Sales,Mid,18,6,4,Badge,0.5,6.91,0.76,6.8,3.4,4,0
EMP-04096,Sales,Junior,20,11,0,Badge,0.92,6.64,0.67,7.5,3.9,7,0
EMP-04097,Engineering,Junior,1,1,1,Badge,0.08,2.61,0.89,3.9,3.9,9,1
EMP-04098,Engineering,Manager,45,13,7,Points,1.08,38.74,0.77,9.2,4.9,3,0
EMP-04099,Engineering,Senior,48,12,2,Badge,1.0,8.55,0.9,9.8,4.7,4,0
EMP-04100,Engineering,Senior,23,8,4,Monetary,0.67,66.32,1.0,8.7,3.8,4,0
EMP-04101,Marketing,Mid,26,5,4,Points,0.42,25.24,0.76,7.7,4.7,5,0
EMP-04102,Sales,Junior,9,3,0,Badge,0.25,3.05,0.97,5.3,2.8,6,0
EMP-04103,Marketing,Manager,64,7,13,Points,0.58,13.0,0.76,9.2,4.8,5,0
EMP-04104,Engineering,Senior,59,7,5,Monetary,0.58,41.13,0.62,9.0,4.9,2,0
EMP-04105,Sales,Mid,35,11,5,Badge,0.92,8.29,0.91,6.1,2.5,3,0
EMP-04106,Marketing,Senior,34,10,2,Badge,0.83,2.26,0.24,7.1,5.0,6,0
EMP-04107,Customer Support,Senior,78,11,8,Badge,0.92,6.28,0.16,5.8,4.5,5,0
EMP-04108,Engineering,Junior,1,4,3,Badge,0.33,4.37,0.67,5.6,4.1,10,0
EMP-04109,Customer Support,Mid,63,6,1,Badge,0.5,5.05,0.69,8.5,4.2,7,0
EMP-04110,Marketing,Junior,14,3,1,Badge,0.25,5.35,0.56,4.5,2.8,11,0
EMP-04111,Marketing,Junior,15,2,1,Points,0.17,32.82,0.32,6.2,3.3,4,0
EMP-04112,Sales,Senior,46,6,4,Badge,0.5,7.97,1.0,9.0,4.8,4,0
EMP-04113,Engineering,Junior,9,4,1,Points,0.33,12.95,0.7,6.2,4.2,3,0
EMP-04114,Engineering,Senior,31,5,7,Points,0.42,19.12,1.0,8.3,5.0,3,0
EMP-04115,Marketing,Manager,73,5,10,Points,0.42,10.12,0.83,7.7,3.0,4,0
EMP-04116,Sales,Junior,4,5,3,Badge,0.42,6.96,0.14,2.4,3.0,9,1
EMP-04117,Customer Support,Mid,23,4,4,Points,0.33,19.09,0.86,8.3,5.0,3,0
EMP-04118,Sales,Senior,46,8,5,Points,0.67,40.75,0.8,7.4,4.3,4,0
EMP-04119,Engineering,Senior,66,4,6,Badge,0.33,7.27,0.9,6.6,4.6,4,0
EMP-04120,Operations,Senior,77,6,7,PTO,0.5,60.78,0.79,8.9,4.7,6,0
EMP-04121,Sales,Mid,49,13,2,Badge,1.08,1.02,0.74,6.9,4.6,4,0
EMP-04122,Marketing,Mid,42,5,0,Points,0.42,32.11,0.88,5.5,4.3,5,0
EMP-04123,Operations,Mid,15,6,3,Monetary,0.5,147.81,0.46,7.2,4.2,1,0
EMP-04124,Customer Support,Manager,52,10,10,Badge,0.83,3.71,0.41,7.9,4.4,4,0
EMP-04125,Operations,Mid,32,11,2,Badge,0.92,1.99,0.32,6.7,3.9,6,0
EMP-04126,Marketing,Manager,48,11,4,Points,0.92,12.13,0.62,8.0,4.9,4,0
EMP-04127,Marketing,Junior,20,6,2,Badge,0.5,2.41,0.41,7.2,4.6,2,0
EMP-04128,Customer Support,Manager,72,10,6,Monetary,0.83,54.07,0.52,8.4,4.2,4,0
EMP-04129,Sales,Senior,57,10,3,PTO,0.83,130.31,0.77,8.3,3.8,2,0
EMP-04130,Engineering,Mid,47,6,4,Points,0.5,27.07,0.76,7.7,3.6,5,0
EMP-04131,Engineering,Mid,41,4,1,Points,0.33,35.51,0.76,6.4,4.4,4,0
EMP-04132,Engineering,Junior,3,2,1,Points,0.17,44.0,0.52,3.9,3.0,8,1
EMP-04133,Marketing,Junior,59,5,0,Points,0.42,37.61,0.53,7.8,4.6,2,0
EMP-04134,Marketing,Junior,2,0,1,Badge,0.0,6.52,0.0,1.3,2.7,16,1
EMP-04135,Marketing,Junior,2,2,1,Monetary,0.17,162.8,0.7,5.8,2.6,7,0
EMP-04136,Engineering,Mid,34,3,1,PTO,0.25,276.06,0.65,7.3,4.4,4,0
EMP-04137,Operations,Senior,84,6,2,Points,0.5,15.34,0.64,8.3,4.9,4,0
EMP-04138,Sales,Mid,27,11,1,Badge,0.92,6.22,0.81,9.2,5.0,1,0
EMP-04139,Marketing,Junior,4,7,1,Monetary,0.58,31.6,0.73,6.6,4.5,4,0
EMP-04140,Marketing,Senior,53,11,4,Points,0.92,49.62,0.65,8.8,4.2,2,0
EMP-04141,Sales,Mid,28,2,4,Badge,0.17,8.58,0.41,6.1,3.8,6,0
EMP-04142,Engineering,Manager,61,13,4,Points,1.08,21.61,0.58,10.0,3.9,2,0
EMP-04143,Engineering,Senior,48,4,3,Points,0.33,32.69,0.27,8.0,4.0,4,0
EMP-04144,Operations,Junior,31,6,3,Badge,0.5,5.45,0.75,9.0,4.9,6,0
EMP-04145,Customer Support,Mid,39,5,3,Monetary,0.42,172.73,0.72,7.4,3.9,3,0
EMP-04146,Marketing,Mid,47,3,3,Points,0.25,26.53,0.09,5.3,4.3,5,0
EMP-04147,Engineering,Junior,7,2,3,Badge,0.17,1.31,0.74,4.9,2.9,8,0
EMP-04148,Sales,Junior,11,6,1,Badge,0.5,4.8,0.77,6.6,2.9,6,0
EMP-04149,Operations,Junior,8,3,0,Points,0.25,10.33,0.43,3.3,3.5,6,1
EMP-04150,Operations,Junior,40,5,0,Badge,0.42,8.08,0.63,6.4,3.8,5,0
EMP-04151,Engineering,Mid,16,7,4,Points,0.58,12.48,0.55,6.2,4.3,9,0
EMP-04152,Engineering,Mid,14,10,2,PTO,0.83,142.3,0.77,8.8,4.7,2,0
EMP-04153,Operations,Junior,28,4,0,PTO,0.33,76.5,0.85,6.7,4.5,3,0
EMP-04154,Sales,Senior,61,15,3,Monetary,1.25,91.25,0.84,10.0,4.2,3,0
EMP-04155,Engineering,Mid,17,4,2,Monetary,0.33,193.58,0.35,8.0,4.3,2,0
EMP-04156,Engineering,Junior,1,2,1,Monetary,0.17,187.68,0.68,4.4,3.3,6,0
EMP-04157,Marketing,Junior,27,3,4,Points,0.25,30.35,0.8,5.3,3.8,4,0
EMP-04158,Operations,Junior,4,1,1,Badge,0.08,6.38,0.58,3.9,3.8,8,1
EMP-04159,Customer Support,Mid,9,3,4,Points,0.25,20.84,0.82,4.5,2.5,8,0
EMP-04160,Marketing,Junior,3,1,2,Monetary,0.08,61.83,0.74,3.9,4.0,2,1
EMP-04161,Sales,Mid,35,9,3,Points,0.75,17.51,0.8,8.1,3.4,5,0
EMP-04162,Engineering,Mid,22,6,2,Badge,0.5,0.79,0.64,8.5,4.5,4,0
EMP-04163,Marketing,Mid,32,5,3,Monetary,0.42,102.91,0.63,7.2,5.0,5,0
EMP-04164,Sales,Junior,13,6,2,Monetary,0.5,39.93,0.44,6.3,3.4,6,0
EMP-04165,Marketing,Mid,47,7,1,Points,0.58,21.76,0.72,6.5,4.1,5,0
EMP-04166,Sales,Mid,56,10,3,Badge,0.83,8.51,0.58,6.6,4.6,11,0
EMP-04167,Engineering,Senior,46,16,3,Monetary,1.33,93.4,0.96,7.2,4.1,6,0
EMP-04168,Engineering,Senior,47,11,4,Monetary,0.92,101.22,0.55,6.6,4.6,4,0
EMP-04169,Sales,Mid,22,11,2,Badge,0.92,5.27,0.73,6.8,4.8,9,0
EMP-04170,Engineering,Mid,34,1,0,Points,0.08,19.15,0.75,7.1,3.8,4,0
EMP-04171,Engineering,Mid,25,7,3,Monetary,0.58,39.38,0.38,6.6,3.4,6,0
EMP-04172,Customer Support,Manager,51,10,7,PTO,0.83,240.39,0.47,8.9,4.6,1,0
EMP-04173,Sales,Junior,6,4,2,Points,0.33,15.85,0.29,6.3,3.3,7,0
EMP-04174,Marketing,Manager,25,12,6,Points,1.0,11.54,0.56,9.4,5.0,5,0
EMP-04175,Customer Support,Senior,46,6,3,PTO,0.5,71.85,0.33,7.1,4.9,2,0
EMP-04176,Customer Support,Senior,72,8,4,Badge,0.67,6.8,0.79,7.6,4.0,1,0
EMP-04177,Marketing,Junior,18,1,1,PTO,0.08,54.29,0.6,6.6,3.9,3,0
EMP-04178,Operations,Mid,39,6,3,Points,0.5,31.7,0.56,4.6,3.8,2,0
EMP-04179,Sales,Mid,31,14,1,Badge,1.17,3.48,0.83,8.3,5.0,4,0
EMP-04180,Sales,Junior,1,3,1,Points,0.25,27.81,0.85,5.3,3.8,3,0
EMP-04181,Sales,Junior,1,8,2,PTO,0.67,276.85,0.91,6.5,4.7,6,0
EMP-04182,Marketing,Manager,67,9,8,Points,0.75,5.03,0.51,8.6,3.8,3,0
EMP-04183,Operations,Mid,15,8,1,Badge,0.67,6.35,0.65,8.2,4.1,4,0
EMP-04184,Sales,Mid,46,17,0,Points,1.42,45.22,0.54,7.7,5.0,2,0
EMP-04185,Engineering,Junior,1,6,1,Monetary,0.5,67.77,0.84,6.9,5.0,5,0
EMP-04186,Marketing,Senior,42,8,4,Monetary,0.67,45.37,0.85,6.7,4.2,5,0
EMP-04187,Engineering,Senior,38,12,5,Points,1.0,22.53,0.95,8.6,3.9,4,0
EMP-04188,Marketing,Mid,16,4,2,Badge,0.33,9.51,0.37,7.1,3.8,8,0
EMP-04189,Operations,Mid,50,4,3,Badge,0.33,5.84,0.35,6.6,3.8,3,0
EMP-04190,Operations,Mid,44,6,2,Monetary,0.5,190.73,0.48,7.7,4.6,2,0
EMP-04191,Operations,Mid,47,9,2,Badge,0.75,2.7,0.12,7.3,4.9,4,0
EMP-04192,Customer Support,Junior,8,1,2,PTO,0.08,230.32,0.21,4.9,2.7,10,0
EMP-04193,Sales,Manager,42,4,8,Badge,0.33,2.75,0.36,6.7,3.7,5,0
EMP-04194,Operations,Mid,37,3,0,Monetary,0.25,115.3,0.67,6.4,3.6,4,0
EMP-04195,Marketing,Mid,23,1,4,Badge,0.08,9.04,0.81,7.0,3.4,6,0
EMP-04196,Engineering,Mid,24,4,1,Points,0.33,8.97,0.44,6.7,4.3,3,0
EMP-04197,Engineering,Senior,67,5,6,Badge,0.42,2.96,0.45,7.6,4.2,2,0
EMP-04198,Sales,Junior,10,5,1,Points,0.42,20.96,0.62,5.5,3.0,4,0
EMP-04199,Sales,Junior,3,5,1,Badge,0.42,0.58,0.61,4.9,4.3,9,0
EMP-04200,Marketing,Senior,30,8,5,Points,0.67,15.67,0.66,7.8,3.7,4,0
EMP-04201,Operations,Mid,45,6,1,Monetary,0.5,36.02,0.63,6.1,4.2,0,0
EMP-04202,Engineering,Senior,41,7,2,PTO,0.58,123.59,0.74,6.8,,3,0
EMP-04203,Engineering,Junior,1,4,1,Badge,0.33,0.28,0.38,4.0,4.5,9,0
EMP-04204,Customer Support,Senior,56,10,5,PTO,0.83,59.66,0.56,7.1,4.6,7,0
EMP-04205,Engineering,Junior,3,3,4,Badge,0.25,2.35,0.86,5.7,3.5,3,0
EMP-04206,Sales,Junior,2,7,1,Points,0.58,22.05,0.9,5.7,4.8,7,0
EMP-04207,Marketing,Manager,33,12,2,Badge,1.0,3.98,0.63,10.0,5.0,4,0
EMP-04208,Marketing,Mid,30,4,3,Points,0.33,20.79,0.7,6.2,3.4,3,0
EMP-04209,Engineering,Mid,19,3,2,Points,0.25,28.11,0.9,7.6,4.2,2,0
EMP-04210,Engineering,Junior,14,2,3,Badge,0.17,9.13,0.68,5.9,3.7,4,0
EMP-04211,Engineering,Mid,41,5,3,Badge,0.42,4.58,0.49,7.0,4.1,4,0
EMP-04212,Marketing,Mid,33,5,4,Monetary,0.42,42.49,0.79,4.9,3.5,3,0
EMP-04213,Marketing,Manager,60,9,11,Points,0.75,35.68,0.53,8.8,5.0,4,0
EMP-04214,Engineering,Manager,49,7,4,Badge,0.58,9.56,0.54,8.1,5.0,6,0
EMP-04215,Marketing,Mid,49,11,1,Monetary,0.92,59.22,0.87,8.7,4.2,4,0
EMP-04216,Operations,Mid,30,11,2,PTO,0.92,98.41,0.66,7.7,4.1,2,0
EMP-04217,Engineering,Mid,24,4,4,Badge,0.33,2.51,0.54,7.0,3.9,3,0
EMP-04218,Sales,Senior,52,19,4,Badge,1.58,0.49,0.59,7.5,4.1,4,0
EMP-04219,Operations,Junior,7,3,1,Points,0.25,41.27,0.84,5.1,4.1,6,0
EMP-04220,Engineering,Mid,9,3,3,Points,0.25,22.15,0.92,6.3,3.4,7,0
EMP-04221,Sales,Junior,10,7,1,Badge,0.58,7.75,0.7,7.7,4.2,7,0
EMP-04222,Marketing,Junior,9,3,2,Points,0.25,33.18,0.85,5.3,3.1,3,0
EMP-04223,Customer Support,Junior,38,5,1,Badge,0.42,1.12,0.82,5.9,3.8,7,0
EMP-04224,Operations,Mid,46,9,2,Points,0.75,29.56,0.29,4.8,3.4,7,0
EMP-04225,Marketing,Senior,50,8,4,Monetary,0.67,150.34,0.36,8.6,5.0,6,0
EMP-04226,Operations,Mid,21,8,3,Points,0.67,7.19,0.41,7.1,3.7,2,0
EMP-04227,Sales,Mid,3,10,2,Points,0.83,23.95,0.89,7.5,3.2,4,0
EMP-04228,Marketing,Junior,7,8,2,Monetary,0.67,166.77,0.4,5.8,4.6,7,0
EMP-04229,Sales,Mid,18,8,0,Monetary,0.67,196.94,0.17,6.0,3.7,2,0
EMP-04230,Engineering,Junior,10,2,0,Points,0.17,36.42,0.66,7.3,3.9,2,0
EMP-04231,Operations,Mid,9,2,2,Points,0.17,18.94,0.6,5.2,4.0,9,0
EMP-04232,Marketing,Manager,93,7,5,Points,0.58,17.64,0.65,9.3,4.4,6,0
EMP-04233,Sales,Junior,5,7,0,Points,0.58,31.4,1.0,5.2,4.0,1,0
EMP-04234,Customer Support,Junior,4,2,2,Badge,0.17,9.33,0.62,1.5,2.8,14,1
EMP-04235,Engineering,Mid,45,10,2,Badge,0.83,2.28,0.39,5.9,4.6,7,0
EMP-04236,Sales,Manager,42,19,6,Points,1.58,15.38,0.59,8.4,5.0,1,0
EMP-04237,Engineering,Senior,52,9,3,Points,0.75,28.07,0.39,8.3,4.3,4,0
EMP-04238,Operations,Manager,58,13,13,Points,1.08,30.91,0.42,9.2,4.2,1,0
EMP-04239,Operations,Mid,28,6,0,Badge,0.5,9.37,0.65,9.1,3.7,1,0
EMP-04240,Sales,Manager,50,7,3,Points,0.58,19.54,0.76,8.4,5.0,6,0
EMP-04241,Marketing,Junior,6,2,2,Points,0.17,24.25,0.62,6.7,3.0,3,0
EMP-04242,Sales,Junior,29,6,2,Badge,0.5,3.57,0.82,7.0,4.1,4,0
EMP-04243,Operations,Senior,50,13,4,Badge,1.08,7.34,0.52,7.9,3.4,1,0
EMP-04244,Sales,Manager,48,12,5,Badge,1.0,3.56,0.87,7.9,4.9,2,0
EMP-04245,Sales,Junior,31,6,2,Points,0.5,24.59,0.66,9.4,5.0,2,0
EMP-04246,Customer Support,Junior,4,1,3,Monetary,0.08,88.82,0.79,5.1,2.7,12,0
EMP-04247,Engineering,Junior,1,4,0,Badge,0.33,0.28,0.56,4.8,2.9,9,0
EMP-04248,Engineering,Junior,61,8,1,Points,0.67,29.39,0.6,7.8,3.8,4,0
EMP-04249,Marketing,Junior,24,2,2,PTO,0.17,148.55,0.95,5.7,4.8,4,0
EMP-04250,Customer Support,Manager,77,9,10,Badge,0.75,1.29,0.51,6.6,2.8,12,0
EMP-04251,Sales,Senior,80,16,3,Points,1.33,32.03,0.19,7.9,3.5,6,0
EMP-04252,Engineering,Senior,41,10,7,Badge,0.83,6.89,0.55,8.0,5.0,2,0
EMP-04253,Sales,Senior,31,10,6,PTO,0.83,177.95,0.85,9.3,5.0,2,0
EMP-04254,Sales,Mid,38,9,2,Points,0.75,16.18,0.75,8.2,3.8,8,0
EMP-04255,Engineering,Senior,45,7,7,Points,0.58,29.02,0.85,8.4,,1,0
EMP-04256,Marketing,Mid,10,4,2,Points,0.33,17.5,0.18,6.4,4.8,5,0
EMP-04257,Customer Support,Mid,61,6,1,Badge,0.5,1.5,0.34,6.5,3.6,6,0
EMP-04258,Sales,Mid,25,11,6,Badge,0.92,0.96,0.99,7.0,4.8,7,0
EMP-04259,Sales,Mid,24,10,3,Badge,0.83,1.69,0.38,7.0,4.5,2,0
EMP-04260,Sales,Senior,50,7,6,Badge,0.58,9.41,0.86,4.9,2.9,10,0
EMP-04261,Engineering,Manager,91,15,8,PTO,1.25,122.46,0.75,9.5,5.0,5,0
EMP-04262,Customer Support,Mid,6,2,5,Points,0.17,33.85,0.39,5.0,3.1,6,0
EMP-04263,Sales,Senior,52,8,4,Monetary,0.67,158.66,0.36,5.4,3.6,2,0
EMP-04264,Sales,Junior,2,1,0,Monetary,0.08,123.96,0.96,3.4,4.0,10,1
EMP-04265,Marketing,Senior,81,13,5,Monetary,1.08,113.71,0.67,7.7,3.5,8,0
EMP-04266,Sales,Mid,42,9,5,Monetary,0.75,86.04,0.68,7.6,4.5,6,0
EMP-04267,Marketing,Junior,1,2,1,Points,0.17,14.23,0.52,4.3,2.8,9,0
EMP-04268,Engineering,Mid,31,9,1,Points,0.75,45.44,0.42,7.5,4.8,4,0
EMP-04269,Operations,Mid,21,8,3,Monetary,0.67,129.85,0.43,5.4,4.4,9,0
EMP-04270,Customer Support,Junior,1,2,1,Points,0.17,11.45,0.96,5.3,3.0,6,0
EMP-04271,Marketing,Manager,63,7,4,Monetary,0.58,155.36,0.94,10.0,4.8,4,0
EMP-04272,Customer Support,Junior,1,1,3,Monetary,0.08,41.69,0.77,4.2,4.0,3,0
EMP-04273,Engineering,Manager,83,8,6,Badge,0.67,5.2,0.85,7.5,4.2,4,0
EMP-04274,Sales,Senior,42,6,4,Points,0.5,7.76,0.59,7.1,4.0,5,0
EMP-04275,Marketing,Mid,41,9,1,Monetary,0.75,108.33,0.49,8.8,3.9,5,0
EMP-04276,Marketing,Mid,9,11,5,Monetary,0.92,119.66,0.86,6.9,4.1,5,0
EMP-04277,Sales,Senior,24,8,6,Badge,0.67,5.03,0.85,8.3,4.7,2,0
EMP-04278,Sales,Mid,23,3,3,Points,0.25,24.76,0.92,6.4,5.0,4,0
EMP-04279,Engineering,Senior,71,9,4,Points,0.75,15.98,0.79,9.1,4.4,4,0
EMP-04280,Sales,Mid,30,6,1,Points,0.5,9.12,0.89,8.6,4.3,3,0
EMP-04281,Engineering,Mid,34,8,3,Points,0.67,33.19,0.61,7.7,5.0,4,0
EMP-04282,Operations,Manager,65,12,11,Badge,1.0,1.54,0.55,7.8,4.7,3,0
EMP-04283,Engineering,Junior,4,7,4,Badge,0.58,3.81,0.56,7.3,4.4,7,0
EMP-04284,Engineering,Mid,21,3,2,Points,0.25,38.12,0.67,7.3,5.0,4,0
EMP-04285,Marketing,Junior,16,4,1,Points,0.33,32.29,0.29,6.4,4.4,8,0
EMP-04286,Marketing,Senior,58,13,6,Badge,1.08,8.73,0.48,8.7,5.0,4,0
EMP-04287,Customer Support,Senior,79,6,4,Badge,0.5,6.81,0.98,7.1,3.5,7,0
EMP-04288,Marketing,Junior,14,4,4,Points,0.33,47.29,0.82,6.7,4.3,5,0
EMP-04289,Sales,Junior,2,9,0,Badge,0.75,2.15,0.78,5.6,3.2,4,0
EMP-04290,Operations,Junior,42,4,2,Points,0.33,6.86,0.61,6.2,4.1,2,0
EMP-04291,Marketing,Mid,18,6,4,PTO,0.5,69.81,0.12,6.6,3.7,3,0
EMP-04292,Engineering,Mid,14,8,5,Points,0.67,14.16,0.8,8.3,4.4,2,0
EMP-04293,Marketing,Manager,66,8,7,Monetary,0.67,34.26,0.73,8.8,4.9,4,0
EMP-04294,Customer Support,Mid,56,5,1,Monetary,0.42,71.35,0.37,6.7,3.5,8,0
EMP-04295,Sales,Junior,13,5,1,Monetary,0.42,174.27,0.42,6.1,3.2,2,0
EMP-04296,Sales,Manager,84,17,5,Points,1.42,16.81,0.38,10.0,4.7,5,0
EMP-04297,Engineering,Mid,49,5,4,Points,0.42,41.72,0.24,8.0,5.0,4,0
EMP-04298,Engineering,Mid,22,4,2,Badge,0.33,3.2,0.78,5.6,5.0,9,0
EMP-04299,Sales,Junior,43,5,2,Monetary,0.42,101.59,0.34,5.9,4.5,6,0
EMP-04300,Marketing,Mid,43,6,3,Badge,0.5,8.53,0.63,8.1,4.4,3,0
EMP-04301,Engineering,Manager,41,4,9,Points,0.33,27.17,0.44,8.4,3.8,4,0
EMP-04302,Customer Support,Mid,32,8,3,Badge,0.67,1.23,0.56,6.5,3.5,4,0
EMP-04303,Operations,Mid,36,8,2,Points,0.67,21.19,0.49,7.7,5.0,6,0
EMP-04304,Marketing,Mid,14,5,1,Badge,0.42,8.14,0.34,5.3,3.8,2,0
EMP-04305,Operations,Manager,72,10,2,Points,0.83,8.19,0.56,7.4,4.4,2,0
EMP-04306,Engineering,Junior,9,5,0,Monetary,0.42,154.24,0.54,6.7,5.0,8,0
EMP-04307,Sales,Mid,54,13,3,Monetary,1.08,154.03,0.45,7.4,4.8,6,0
EMP-04308,Marketing,Manager,70,10,7,Badge,0.83,4.44,0.27,10.0,5.0,5,0
EMP-04309,Operations,Junior,69,4,1,Points,0.33,5.91,0.47,7.3,4.1,10,0
EMP-04310,Operations,Senior,50,9,1,Points,0.75,16.0,0.64,8.9,4.9,6,0
EMP-04311,Engineering,Mid,26,6,2,Badge,0.5,2.74,0.82,8.4,4.8,4,0
EMP-04312,Customer Support,Senior,53,8,4,Points,0.67,39.32,0.7,9.3,4.1,6,0
EMP-04313,Engineering,Mid,16,5,2,Badge,0.42,5.38,0.81,8.4,,3,0
EMP-04314,Customer Support,Mid,23,2,1,Badge,0.17,3.36,0.62,6.3,3.5,1,0
EMP-04315,Customer Support,Senior,16,6,5,Points,0.5,32.72,0.61,7.2,3.8,3,0
EMP-04316,Engineering,Junior,2,8,2,Monetary,0.67,43.36,0.4,6.8,4.1,4,0
EMP-04317,Operations,Mid,33,6,1,Points,0.5,49.8,0.7,8.0,3.8,6,0
EMP-04318,Engineering,Junior,34,2,5,Points,0.17,8.44,0.66,7.4,4.8,6,0
EMP-04319,Sales,Junior,10,3,0,Badge,0.25,8.23,0.87,6.3,2.9,10,0
EMP-04320,Sales,Manager,78,12,4,Monetary,1.0,102.29,0.71,8.4,4.4,0,0
EMP-04321,Marketing,Mid,29,2,3,Badge,0.17,8.88,0.63,7.0,4.1,4,0
EMP-04322,Customer Support,Manager,59,12,7,Points,1.0,13.95,0.51,8.5,2.5,4,0
EMP-04323,Marketing,Junior,54,4,0,PTO,0.33,187.7,0.59,5.3,3.6,2,0
EMP-04324,Sales,Mid,20,6,1,Badge,0.5,5.94,0.73,7.4,5.0,2,0
EMP-04325,Operations,Junior,4,2,3,Points,0.17,25.92,0.66,5.5,3.9,3,0
EMP-04326,Customer Support,Senior,74,9,5,Points,0.75,17.62,0.58,6.8,4.5,5,0
EMP-04327,Engineering,Senior,51,10,4,Points,0.83,41.46,0.42,9.9,5.0,4,0
EMP-04328,Customer Support,Junior,1,3,1,Badge,0.25,2.07,0.49,4.2,3.5,3,0
EMP-04329,Engineering,Manager,55,12,5,Badge,1.0,2.61,0.59,9.8,5.0,4,0
EMP-04330,Operations,Junior,4,1,0,Points,0.08,23.57,0.48,6.4,3.6,3,0
EMP-04331,Sales,Mid,17,8,4,Points,0.67,42.37,0.87,7.1,3.7,4,0
EMP-04332,Engineering,Manager,51,11,8,Monetary,0.92,26.41,0.82,9.2,5.0,2,0
EMP-04333,Sales,Manager,54,8,5,Points,0.67,45.24,0.52,6.7,4.0,4,0
EMP-04334,Marketing,Manager,60,12,10,Badge,1.0,5.44,0.85,8.1,4.3,3,0
EMP-04335,Sales,Mid,35,1,2,Points,0.08,9.26,0.6,4.8,3.8,2,0
EMP-04336,Engineering,Junior,4,3,2,PTO,0.25,105.66,0.87,6.3,3.3,8,0
EMP-04337,Marketing,Junior,5,2,0,Monetary,0.17,37.51,0.95,5.4,3.0,6,0
EMP-04338,Customer Support,Mid,27,6,2,PTO,0.5,162.28,0.97,7.3,3.9,2,0
EMP-04339,Sales,Senior,89,10,5,Monetary,0.83,28.29,0.5,7.1,3.9,4,0
EMP-04340,Engineering,Junior,19,3,1,PTO,0.25,218.98,0.68,6.1,4.3,1,0
EMP-04341,Sales,Senior,29,9,6,Points,0.75,10.33,0.4,6.5,4.3,1,0
EMP-04342,Engineering,Mid,33,9,4,Monetary,0.75,60.78,0.61,6.4,4.1,5,0
EMP-04343,Operations,Mid,26,9,4,PTO,0.75,53.65,0.7,8.9,4.6,3,0
EMP-04344,Operations,Senior,60,10,3,Badge,0.83,2.34,0.35,6.8,4.4,6,0
EMP-04345,Marketing,Mid,43,7,1,Points,0.58,6.69,0.7,8.9,4.9,4,0
EMP-04346,Sales,Senior,64,13,3,Points,1.08,9.31,0.81,9.9,5.0,2,0
EMP-04347,Operations,Junior,10,3,3,Points,0.25,48.3,0.47,6.2,3.7,5,0
EMP-04348,Marketing,Senior,52,10,9,Badge,0.83,0.9,0.42,7.7,5.0,7,0
EMP-04349,Operations,Junior,2,1,2,Points,0.08,40.37,0.39,4.8,3.8,10,0
EMP-04350,Marketing,Junior,1,4,1,Points,0.33,34.01,0.52,4.6,4.1,4,0
EMP-04351,Operations,Senior,65,8,6,Points,0.67,18.17,0.94,7.1,3.8,4,0
EMP-04352,Marketing,Senior,63,14,5,Badge,1.17,8.61,0.66,8.7,3.9,7,0
EMP-04353,Sales,Junior,2,6,3,PTO,0.5,168.72,0.91,6.8,4.2,8,0
EMP-04354,Customer Support,Mid,28,8,4,PTO,0.67,123.76,0.68,7.4,3.9,6,0
EMP-04355,Marketing,Mid,24,5,5,Badge,0.42,7.98,0.14,5.8,4.9,6,0
EMP-04356,Marketing,Junior,10,2,3,Points,0.17,36.31,0.79,5.8,3.1,2,0
EMP-04357,Engineering,Senior,62,11,4,Points,0.92,8.6,0.53,8.5,3.8,5,0
EMP-04358,Marketing,Senior,57,9,3,Points,0.75,19.83,0.64,7.3,3.4,3,0
EMP-04359,Marketing,Junior,11,6,1,PTO,0.5,216.23,0.62,5.4,5.0,13,0
EMP-04360,Engineering,Mid,34,11,1,Points,0.92,16.52,0.59,8.7,5.0,5,0
EMP-04361,Engineering,Senior,36,8,1,Monetary,0.67,132.63,0.68,8.7,5.0,4,0
EMP-04362,Marketing,Mid,24,9,1,Badge,0.75,3.02,0.8,6.0,4.1,4,0
EMP-04363,Operations,Mid,40,6,1,Badge,0.5,2.07,0.68,6.5,3.1,5,0
EMP-04364,Marketing,Junior,16,4,0,Points,0.33,20.95,0.76,6.2,3.3,10,0
EMP-04365,Engineering,Mid,36,8,3,Badge,0.67,3.61,0.97,8.8,4.2,5,0
EMP-04366,Marketing,Junior,3,2,3,Points,0.17,34.52,0.69,3.4,2.8,11,1
EMP-04367,Engineering,Senior,61,11,4,Points,0.92,31.59,0.79,7.9,4.5,8,0
EMP-04368,Sales,Mid,29,7,4,Points,0.58,24.52,0.86,6.9,3.8,2,0
EMP-04369,Engineering,Junior,1,2,0,Badge,0.17,7.47,0.91,3.8,3.8,10,1
EMP-04370,Engineering,Senior,57,8,4,Points,0.67,43.84,0.38,8.9,4.0,1,0
EMP-04371,Engineering,Junior,1,4,0,Monetary,0.33,39.4,0.52,4.5,3.5,7,0
EMP-04372,Sales,Mid,18,11,3,Monetary,0.92,136.6,0.66,7.0,4.6,5,0
EMP-04373,Engineering,Mid,57,9,1,Badge,0.75,7.13,0.67,9.4,4.8,5,0
EMP-04374,Sales,Junior,1,5,1,Badge,0.42,4.38,0.33,4.8,3.7,5,0
EMP-04375,Sales,Manager,74,11,10,Points,0.92,7.55,0.74,7.7,4.0,2,0
EMP-04376,Sales,Senior,58,8,3,Monetary,0.67,101.81,0.59,7.7,4.0,5,0
EMP-04377,Sales,Junior,15,6,2,Monetary,0.5,177.77,0.84,7.3,3.8,6,0
EMP-04378,Operations,Senior,58,12,2,Points,1.0,12.26,0.86,7.5,4.0,8,0
EMP-04379,Engineering,Mid,16,6,1,Points,0.5,21.4,0.65,7.6,4.7,4,0
EMP-04380,Sales,Manager,80,9,8,PTO,0.75,235.72,0.45,9.0,5.0,4,0
EMP-04381,Engineering,Mid,25,7,4,Points,0.58,44.37,0.66,8.0,4.6,4,0
EMP-04382,Engineering,Mid,29,4,2,Points,0.33,46.14,0.49,6.5,3.6,7,0
EMP-04383,Marketing,Mid,3,4,2,Badge,0.33,7.78,0.4,5.8,4.1,4,0
EMP-04384,Marketing,Mid,23,6,2,Points,0.5,31.75,0.3,7.3,4.4,3,0
EMP-04385,Customer Support,Mid,23,7,0,Badge,0.58,3.49,0.53,5.7,3.8,2,0
EMP-04386,Marketing,Junior,2,3,5,Points,0.25,26.93,0.52,4.8,3.9,11,0
EMP-04387,Customer Support,Senior,49,6,4,Badge,0.5,0.08,0.71,8.8,4.6,4,0
EMP-04388,Engineering,Mid,15,5,2,Points,0.42,20.76,0.73,8.3,5.0,6,0
EMP-04389,Engineering,Manager,53,11,7,PTO,0.92,231.26,0.26,9.2,4.0,3,0
EMP-04390,Engineering,Junior,5,1,1,Points,0.08,34.49,0.59,2.8,3.2,13,1
EMP-04391,Engineering,Senior,44,3,2,Badge,0.25,0.08,0.34,6.4,4.3,6,0
EMP-04392,Marketing,Manager,61,8,13,Monetary,0.67,120.77,0.39,8.0,4.4,5,0
EMP-04393,Marketing,Senior,19,7,4,Badge,0.58,0.07,0.79,7.3,4.7,3,0
EMP-04394,Engineering,Manager,71,14,6,Monetary,1.17,88.58,0.85,10.0,3.8,2,0
EMP-04395,Customer Support,Senior,45,11,4,PTO,0.92,297.66,0.71,7.1,4.5,1,0
EMP-04396,Operations,Mid,26,7,5,PTO,0.58,152.38,0.49,7.2,4.6,3,0
EMP-04397,Sales,Mid,43,7,2,Points,0.58,45.18,0.67,7.3,4.3,2,0
EMP-04398,Engineering,Junior,14,8,1,Points,0.67,5.72,0.46,7.9,4.3,5,0
EMP-04399,Engineering,Mid,33,2,2,Points,0.17,37.39,0.23,7.2,5.0,3,0
EMP-04400,Engineering,Junior,43,4,1,Badge,0.33,4.57,0.37,5.5,4.0,2,0
EMP-04401,Engineering,Senior,40,9,1,Points,0.75,29.61,0.83,7.6,,3,0
EMP-04402,Sales,Mid,28,8,1,Badge,0.67,9.93,0.4,6.8,4.2,4,0
EMP-04403,Engineering,Mid,75,6,1,Monetary,0.5,78.42,0.95,7.4,4.8,5,0
EMP-04404,Sales,Junior,2,7,1,Badge,0.58,8.62,0.69,6.4,4.7,6,0
EMP-04405,Customer Support,Manager,81,9,9,Monetary,0.75,185.31,0.78,8.5,4.6,5,0
EMP-04406,Operations,Junior,12,7,0,PTO,0.58,124.41,0.14,5.7,4.5,5,0
EMP-04407,Customer Support,Junior,1,2,2,Monetary,0.17,33.31,0.39,3.5,2.7,11,1
EMP-04408,Engineering,Junior,9,3,4,Badge,0.25,7.86,0.53,6.6,4.2,4,0
EMP-04409,Sales,Manager,91,18,9,Badge,1.5,9.33,0.68,8.9,4.6,3,0
EMP-04410,Marketing,Manager,36,11,11,Badge,0.92,4.78,0.3,7.9,5.0,2,0
EMP-04411,Engineering,Senior,54,15,6,Monetary,1.25,178.09,0.72,10.0,4.8,3,0
EMP-04412,Engineering,Manager,47,7,4,Points,0.58,14.93,0.43,9.4,5.0,3,0
EMP-04413,Marketing,Junior,14,4,1,Monetary,0.33,157.46,0.8,7.5,4.6,2,0
EMP-04414,Marketing,Manager,44,7,6,Points,0.58,36.65,0.47,9.1,5.0,3,0
EMP-04415,Sales,Junior,11,4,1,Badge,0.33,5.27,0.63,6.6,3.6,3,0
EMP-04416,Sales,Junior,22,6,1,PTO,0.5,129.77,0.64,6.5,4.5,3,0
EMP-04417,Sales,Junior,4,1,2,Points,0.08,16.28,0.44,4.7,3.0,5,0
EMP-04418,Engineering,Mid,32,5,1,Points,0.42,37.34,0.61,7.5,4.3,4,0
EMP-04419,Sales,Senior,53,10,6,Points,0.83,30.7,0.38,7.5,3.1,2,0
EMP-04420,Engineering,Mid,18,4,3,Monetary,0.33,176.07,0.83,6.4,4.5,3,0
EMP-04421,Engineering,Manager,56,9,8,Badge,0.75,8.2,0.61,9.1,5.0,8,0
EMP-04422,Customer Support,Mid,14,5,1,Monetary,0.42,55.76,0.19,4.4,3.7,3,0
EMP-04423,Marketing,Junior,2,1,1,Badge,0.08,2.14,0.6,5.3,3.6,6,0
EMP-04424,Operations,Mid,12,9,2,Points,0.75,47.48,0.79,6.2,3.4,3,0
EMP-04425,Sales,Senior,38,8,7,Badge,0.67,3.76,0.51,5.7,4.2,3,0
EMP-04426,Sales,Senior,61,7,2,Badge,0.58,5.47,0.71,7.0,3.9,4,0
EMP-04427,Engineering,Mid,17,2,2,Badge,0.17,4.23,0.91,5.7,2.8,6,0
EMP-04428,Engineering,Mid,5,4,1,Points,0.33,30.39,0.39,4.3,4.7,9,0
EMP-04429,Engineering,Junior,6,4,0,Badge,0.33,6.75,0.33,6.2,4.4,6,0
EMP-04430,Operations,Mid,31,7,3,Points,0.58,21.39,0.95,7.9,4.2,5,0
EMP-04431,Marketing,Manager,18,7,6,Monetary,0.58,83.06,0.14,7.1,4.3,4,0
EMP-04432,Marketing,Junior,20,0,0,PTO,0.0,261.26,0.0,4.4,4.2,5,0
EMP-04433,Sales,Manager,69,12,6,Points,1.0,32.8,1.0,8.3,4.5,4,0
EMP-04434,Customer Support,Mid,37,4,2,PTO,0.33,263.38,0.56,6.7,4.4,3,0
EMP-04435,Engineering,Junior,1,2,1,Points,0.17,44.09,0.89,5.6,3.0,4,0
EMP-04436,Sales,Manager,54,17,14,Monetary,1.42,53.29,0.64,9.7,4.3,5,0
EMP-04437,Sales,Mid,33,12,2,Badge,1.0,8.01,0.53,7.7,4.4,4,0
EMP-04438,Operations,Mid,32,5,1,Monetary,0.42,182.55,0.39,7.4,3.7,2,0
EMP-04439,Customer Support,Junior,24,2,2,Monetary,0.17,101.8,0.85,5.9,4.2,5,0
EMP-04440,Engineering,Junior,54,8,1,Points,0.67,27.72,0.94,8.0,4.2,4,0
EMP-04441,Customer Support,Senior,68,9,4,Badge,0.75,3.75,0.13,6.7,3.7,3,0
EMP-04442,Operations,Mid,51,4,1,Points,0.33,11.78,0.79,6.4,3.0,2,0
EMP-04443,Engineering,Manager,87,7,5,Points,0.58,29.01,0.64,9.2,4.7,1,0
EMP-04444,Sales,Junior,16,3,3,Points,0.25,22.9,0.85,5.9,3.8,6,0
EMP-04445,Sales,Junior,3,2,2,Monetary,0.17,168.99,0.97,4.5,2.5,11,0
EMP-04446,Customer Support,Junior,2,3,0,Badge,0.25,4.86,0.44,4.4,4.0,3,0
EMP-04447,Engineering,Mid,19,4,3,Points,0.33,48.05,0.71,4.7,3.5,2,0
EMP-04448,Operations,Manager,81,18,6,Points,1.5,38.15,0.83,10.0,5.0,5,0
EMP-04449,Sales,Senior,41,7,6,PTO,0.58,108.19,0.14,6.9,4.4,2,0
EMP-04450,Operations,Mid,18,7,2,PTO,0.58,150.64,0.46,8.3,4.3,3,0
EMP-04451,Sales,Manager,65,9,3,Badge,0.75,6.13,0.53,8.3,5.0,4,0
EMP-04452,Marketing,Senior,46,7,3,PTO,0.58,83.67,0.62,10.0,5.0,5,0
EMP-04453,Operations,Junior,14,3,0,Badge,0.25,5.08,0.48,5.0,4.0,4,0
EMP-04454,Operations,Senior,55,14,1,Badge,1.17,8.69,0.81,10.0,5.0,5,0
EMP-04455,Customer Support,Mid,30,6,4,Points,0.5,12.86,0.79,7.8,4.5,4,0
EMP-04456,Engineering,Junior,28,3,1,Points,0.25,8.8,0.7,6.2,4.1,4,0
EMP-04457,Operations,Junior,8,7,1,Points,0.58,27.36,0.26,5.2,3.7,8,0
EMP-04458,Engineering,Mid,27,4,1,Monetary,0.33,180.92,0.16,6.9,3.1,4,0
EMP-04459,Sales,Mid,41,10,0,Points,0.83,36.63,0.66,6.4,4.1,7,0
EMP-04460,Marketing,Junior,3,4,1,Points,0.33,30.85,0.72,6.0,3.6,4,0
EMP-04461,Sales,Junior,3,3,0,Badge,0.25,1.75,0.57,3.5,2.3,14,1
EMP-04462,Sales,Senior,48,15,5,Points,1.25,38.43,0.83,9.1,4.0,1,0
EMP-04463,Customer Support,Manager,98,7,4,Points,0.58,35.35,0.51,6.2,3.8,6,0
EMP-04464,Engineering,Senior,68,9,5,Monetary,0.75,192.64,0.34,7.4,4.5,7,0
EMP-04465,Marketing,Junior,1,3,3,Points,0.25,10.57,0.52,4.7,4.8,3,0
EMP-04466,Sales,Junior,1,5,2,Badge,0.42,3.3,0.63,6.8,4.9,5,0
EMP-04467,Engineering,Junior,9,4,2,Badge,0.33,4.83,0.37,6.5,4.5,5,0
EMP-04468,Engineering,Junior,2,3,3,PTO,0.25,210.09,0.66,6.0,4.7,4,0
EMP-04469,Customer Support,Mid,45,6,2,Points,0.5,26.14,0.6,5.9,4.2,3,0
EMP-04470,Customer Support,Mid,41,2,2,Monetary,0.17,93.08,0.89,7.8,4.3,4,0
EMP-04471,Customer Support,Senior,81,5,8,Points,0.42,21.63,0.43,6.9,4.2,5,0
EMP-04472,Customer Support,Senior,21,6,6,Points,0.5,9.31,0.66,8.2,3.7,3,0
EMP-04473,Engineering,Junior,12,2,1,Badge,0.17,4.09,0.64,6.0,3.6,7,0
EMP-04474,Sales,Mid,40,16,4,Badge,1.33,2.52,1.0,8.3,4.8,3,0
EMP-04475,Marketing,Senior,51,10,6,Points,0.83,18.11,0.45,7.6,4.4,5,0
EMP-04476,Sales,Mid,46,7,2,Badge,0.58,0.03,0.71,7.8,3.7,4,0
EMP-04477,Sales,Junior,2,4,2,Badge,0.33,0.36,1.0,5.1,3.2,10,0
EMP-04478,Sales,Mid,36,10,3,Monetary,0.83,74.84,0.29,7.9,5.0,3,0
EMP-04479,Marketing,Junior,2,5,3,Badge,0.42,1.91,0.49,5.2,4.2,6,0
EMP-04480,Marketing,Junior,3,6,1,Badge,0.5,5.58,0.84,6.0,3.2,5,0
EMP-04481,Engineering,Senior,50,7,6,Points,0.58,28.08,0.06,7.2,5.0,9,0
EMP-04482,Sales,Senior,55,21,7,PTO,1.75,263.53,0.61,9.5,4.9,4,0
EMP-04483,Marketing,Junior,6,2,0,Badge,0.17,0.61,0.59,6.9,3.5,7,0
EMP-04484,Marketing,Junior,1,0,1,Points,0.0,35.93,0.0,4.3,3.9,5,0
EMP-04485,Engineering,Senior,37,8,5,Points,0.67,45.92,0.47,7.9,4.4,3,0
EMP-04486,Operations,Junior,24,3,1,PTO,0.25,204.76,0.85,7.2,4.7,3,0
EMP-04487,Engineering,Mid,3,4,2,Badge,0.33,8.5,0.28,2.4,2.6,15,1
EMP-04488,Sales,Junior,5,6,0,Badge,0.5,5.74,0.96,5.8,3.6,4,0
EMP-04489,Operations,Junior,4,3,2,PTO,0.25,244.39,0.77,4.9,,1,0
EMP-04490,Marketing,Senior,58,5,4,Monetary,0.42,36.71,0.33,7.4,3.9,4,0
EMP-04491,Engineering,Senior,15,12,6,Monetary,1.0,54.09,0.85,9.1,4.1,5,0
EMP-04492,Operations,Junior,9,5,0,Points,0.42,9.04,0.6,6.4,4.4,8,0
EMP-04493,Marketing,Mid,22,8,3,PTO,0.67,277.93,0.89,8.8,5.0,7,0
EMP-04494,Operations,Junior,17,2,4,Points,0.17,30.61,0.85,5.6,3.6,6,0
EMP-04495,Operations,Junior,13,0,0,PTO,0.0,135.46,0.0,4.5,3.3,4,0
EMP-04496,Marketing,Manager,64,11,7,Monetary,0.92,118.15,0.74,9.6,5.0,4,0
EMP-04497,Sales,Senior,18,9,5,Badge,0.75,0.09,0.38,7.3,4.3,5,0
EMP-04498,Engineering,Mid,31,6,3,Points,0.5,36.18,0.51,7.3,4.4,3,0
EMP-04499,Engineering,Senior,35,10,5,Badge,0.83,2.63,0.83,6.7,4.0,2,0
EMP-04500,Sales,Senior,28,9,5,Points,0.75,16.09,0.36,6.2,4.5,1,0
EMP-04501,Marketing,Senior,57,12,8,Points,1.0,15.98,0.94,8.4,5.0,3,0
EMP-04502,Sales,Junior,16,8,1,Badge,0.67,3.1,0.48,7.9,4.4,4,0
EMP-04503,Sales,Junior,12,10,1,Points,0.83,34.88,0.79,6.7,4.3,1,0
EMP-04504,Engineering,Senior,43,4,3,Points,0.33,33.02,0.72,8.3,4.8,5,0
EMP-04505,Sales,Mid,32,10,1,Monetary,0.83,129.07,0.67,8.2,4.9,4,0
EMP-04506,Sales,Manager,89,14,6,Monetary,1.17,78.14,0.79,8.3,3.5,3,0
EMP-04507,Operations,Senior,81,17,3,Points,1.42,38.72,0.86,8.7,4.4,1,0
EMP-04508,Engineering,Manager,79,13,7,Monetary,1.08,196.97,0.77,9.2,5.0,2,0
EMP-04509,Marketing,Junior,1,3,2,Monetary,0.25,134.96,0.33,5.3,3.7,8,0
EMP-04510,Customer Support,Senior,42,15,4,Points,1.25,29.05,0.61,8.1,4.6,2,0
EMP-04511,Engineering,Mid,8,4,5,Badge,0.33,1.74,0.68,6.0,3.2,5,0
EMP-04512,Sales,Manager,61,15,7,Badge,1.25,0.79,0.65,8.0,3.6,3,0
EMP-04513,Engineering,Junior,16,5,0,PTO,0.42,106.43,0.71,9.1,3.9,3,0
EMP-04514,Marketing,Mid,34,11,4,Points,0.92,26.88,0.56,5.9,3.8,3,0
EMP-04515,Marketing,Senior,53,8,4,Points,0.67,17.85,0.63,7.8,3.4,1,0
EMP-04516,Sales,Mid,35,10,3,Badge,0.83,9.85,0.32,6.1,3.9,3,0
EMP-04517,Marketing,Mid,15,8,0,Monetary,0.67,133.03,0.56,7.7,4.0,4,0
EMP-04518,Customer Support,Manager,64,11,5,Badge,0.92,3.37,0.85,8.5,4.1,4,0
EMP-04519,Engineering,Mid,54,4,3,Badge,0.33,7.37,0.68,7.4,2.6,8,0
EMP-04520,Engineering,Mid,23,2,3,Points,0.17,14.91,0.46,6.1,4.2,3,0
EMP-04521,Customer Support,Junior,9,2,1,Monetary,0.17,184.3,0.12,4.1,4.1,12,0
EMP-04522,Marketing,Senior,52,5,5,Points,0.42,26.93,0.26,7.3,5.0,7,0
EMP-04523,Customer Support,Mid,36,3,2,Badge,0.25,5.12,0.92,5.7,2.8,8,0
EMP-04524,Marketing,Mid,39,4,3,Badge,0.33,2.26,0.55,5.7,3.1,0,0
EMP-04525,Operations,Junior,32,1,1,Points,0.08,5.75,0.81,5.7,4.4,5,0
EMP-04526,Sales,Mid,40,11,3,Points,0.92,49.61,0.77,8.0,5.0,3,0
EMP-04527,Operations,Junior,4,4,1,Monetary,0.33,156.35,0.78,5.5,4.1,8,0
EMP-04528,Customer Support,Junior,15,4,2,Points,0.33,40.35,0.47,4.0,2.1,10,0
EMP-04529,Marketing,Mid,26,5,2,Points,0.42,19.86,0.36,5.6,4.0,7,0
EMP-04530,Engineering,Junior,16,5,1,Points,0.42,31.87,0.67,5.0,3.4,4,0
EMP-04531,Engineering,Junior,1,2,0,Monetary,0.17,92.28,0.79,5.1,3.3,4,0
EMP-04532,Engineering,Senior,71,18,3,PTO,1.5,53.84,0.46,8.2,4.8,4,0
EMP-04533,Engineering,Junior,2,3,4,Points,0.25,40.91,0.21,4.1,3.1,4,0
EMP-04534,Sales,Mid,32,7,0,Badge,0.58,0.08,0.47,7.1,3.9,4,0
EMP-04535,Marketing,Junior,7,7,3,Points,0.58,29.26,0.89,6.6,4.4,9,0
EMP-04536,Marketing,Mid,14,6,1,Badge,0.5,5.21,0.52,6.6,4.8,3,0
EMP-04537,Sales,Senior,53,8,5,Points,0.67,20.98,0.52,7.9,5.0,2,0
EMP-04538,Marketing,Senior,36,6,2,Badge,0.5,0.17,0.66,6.1,4.8,6,0
EMP-04539,Engineering,Junior,2,4,3,Badge,0.33,6.29,0.37,4.6,4.4,9,0
EMP-04540,Engineering,Junior,9,4,1,Monetary,0.33,148.74,0.62,6.2,4.3,9,0
EMP-04541,Engineering,Junior,6,1,1,PTO,0.08,52.41,0.73,5.3,3.5,2,0
EMP-04542,Sales,Mid,43,8,5,Points,0.67,19.62,0.67,6.1,4.1,4,0
EMP-04543,Engineering,Manager,19,4,6,Badge,0.33,5.35,0.74,9.0,4.4,6,0
EMP-04544,Sales,Junior,4,5,0,Points,0.42,48.84,0.82,6.6,4.9,7,0
EMP-04545,Sales,Junior,3,4,1,Points,0.33,29.84,0.54,5.9,3.5,4,0
EMP-04546,Operations,Junior,9,1,2,Points,0.08,42.26,0.19,6.3,3.7,8,0
EMP-04547,Engineering,Mid,26,2,3,Monetary,0.17,101.81,0.82,7.0,4.4,4,0
EMP-04548,Marketing,Senior,38,11,1,Points,0.92,6.42,0.06,5.1,3.9,4,0
EMP-04549,Marketing,Mid,43,6,4,Points,0.5,19.63,0.75,6.4,4.2,2,0
EMP-04550,Operations,Senior,46,12,6,Points,1.0,24.55,0.75,10.0,4.7,4,0
EMP-04551,Customer Support,Mid,10,1,0,Badge,0.08,5.06,0.85,5.6,4.1,4,0
EMP-04552,Engineering,Junior,1,5,1,Monetary,0.42,70.46,0.63,6.3,3.9,2,0
EMP-04553,Engineering,Junior,14,6,1,Badge,0.5,4.38,0.55,6.6,4.5,6,0
EMP-04554,Customer Support,Senior,36,4,4,Points,0.33,22.58,0.67,7.4,3.3,3,0
EMP-04555,Sales,Mid,79,20,5,Points,1.67,11.8,0.72,9.0,4.0,2,0
EMP-04556,Marketing,Mid,38,7,3,Points,0.58,37.3,0.54,5.9,4.9,5,0
EMP-04557,Marketing,Senior,43,12,7,PTO,1.0,132.87,0.77,7.6,5.0,1,0
EMP-04558,Marketing,Mid,42,8,4,Badge,0.67,3.14,0.64,7.3,4.7,2,0
EMP-04559,Customer Support,Manager,54,11,9,Points,0.92,8.44,0.25,6.6,3.9,5,0
EMP-04560,Customer Support,Mid,22,8,3,Points,0.67,46.56,0.47,5.3,3.6,4,0
EMP-04561,Operations,Senior,52,11,5,Monetary,0.92,141.91,0.5,8.2,5.0,4,0
EMP-04562,Sales,Junior,21,9,0,PTO,0.75,235.61,0.74,6.9,4.4,2,0
EMP-04563,Customer Support,Senior,53,9,2,Points,0.75,36.53,0.77,6.3,3.0,1,0
EMP-04564,Engineering,Manager,43,11,6,Monetary,0.92,52.85,0.48,8.5,4.0,4,0
EMP-04565,Engineering,Mid,46,9,4,Monetary,0.75,47.61,0.38,7.7,4.5,4,0
EMP-04566,Customer Support,Senior,60,9,8,Points,0.75,47.55,0.7,7.6,4.9,5,0
EMP-04567,Engineering,Senior,62,7,5,Points,0.58,5.71,0.6,8.1,4.6,4,0
EMP-04568,Engineering,Junior,17,2,1,Badge,0.17,8.84,0.27,6.0,3.3,2,0
EMP-04569,Engineering,Mid,47,5,3,Points,0.42,46.3,0.32,5.8,3.0,2,0
EMP-04570,Operations,Junior,10,0,1,Points,0.0,29.92,0.0,2.3,3.6,9,1
EMP-04571,Sales,Manager,66,20,7,Badge,1.67,3.73,0.89,10.0,4.1,5,0
EMP-04572,Marketing,Senior,44,11,5,PTO,0.92,198.48,0.61,8.0,4.8,5,0
EMP-04573,Engineering,Junior,1,1,0,PTO,0.08,185.76,0.85,6.7,3.0,1,0
EMP-04574,Operations,Junior,5,2,1,Points,0.17,48.93,0.77,5.4,3.9,5,0
EMP-04575,Operations,Mid,22,12,1,PTO,1.0,137.72,0.31,8.9,5.0,5,0
EMP-04576,Sales,Mid,52,8,4,PTO,0.67,198.77,0.78,8.3,5.0,4,0
EMP-04577,Sales,Junior,1,5,0,Badge,0.42,5.25,0.41,4.5,3.3,7,0
EMP-04578,Engineering,Mid,32,5,3,Monetary,0.42,54.86,0.3,6.5,3.2,2,0
EMP-04579,Customer Support,Mid,22,3,2,Points,0.25,44.37,0.75,8.0,3.3,4,0
EMP-04580,Marketing,Junior,40,5,0,Monetary,0.42,61.25,0.34,6.7,3.7,3,0
EMP-04581,Customer Support,Senior,54,8,3,Badge,0.67,6.05,0.79,8.1,3.8,3,0
EMP-04582,Sales,Manager,113,13,4,Points,1.08,21.0,0.71,8.4,4.2,5,0
EMP-04583,Operations,Senior,29,9,5,Points,0.75,43.12,0.62,7.6,5.0,4,0
EMP-04584,Operations,Senior,34,11,4,Points,0.92,43.18,0.7,6.3,3.7,8,0
EMP-04585,Operations,Junior,1,3,2,Points,0.25,11.39,0.65,6.8,3.9,7,0
EMP-04586,Customer Support,Junior,3,2,0,Badge,0.17,9.53,0.78,4.1,3.1,4,0
EMP-04587,Sales,Junior,7,6,2,Badge,0.5,1.45,0.36,6.0,4.1,8,0
EMP-04588,Engineering,Senior,57,8,3,Monetary,0.67,104.55,0.87,8.2,4.7,3,0
EMP-04589,Marketing,Manager,65,13,5,PTO,1.08,224.58,0.58,8.0,4.6,2,0
EMP-04590,Operations,Senior,50,9,4,Monetary,0.75,96.07,0.27,8.3,5.0,3,0
EMP-04591,Marketing,Manager,70,7,7,PTO,0.58,188.66,0.64,9.2,4.1,5,0
EMP-04592,Engineering,Mid,34,6,6,Points,0.5,49.83,0.26,6.3,4.3,6,0
EMP-04593,Sales,Mid,19,11,4,PTO,0.92,114.52,1.0,8.6,4.0,2,0
EMP-04594,Sales,Mid,40,12,1,PTO,1.0,240.55,0.46,9.5,5.0,3,0
EMP-04595,Sales,Junior,36,5,1,Points,0.42,34.65,0.53,6.0,4.4,4,0
EMP-04596,Marketing,Junior,16,2,2,Badge,0.17,9.47,0.65,4.4,2.6,9,0
EMP-04597,Operations,Senior,62,8,3,Badge,0.67,1.0,0.36,7.5,4.4,7,0
EMP-04598,Engineering,Mid,14,4,1,Badge,0.33,2.68,0.86,6.9,4.3,4,0
EMP-04599,Sales,Mid,42,9,2,Points,0.75,39.48,0.86,8.0,3.7,5,0
EMP-04600,Engineering,Mid,26,6,4,Points,0.5,41.82,0.61,7.0,5.0,6,0
EMP-04601,Engineering,Junior,1,2,1,Points,0.17,37.22,0.83,4.9,3.8,7,0
EMP-04602,Operations,Mid,38,4,3,Monetary,0.33,51.57,0.46,7.0,4.8,9,0
EMP-04603,Customer Support,Mid,22,2,4,Points,0.17,19.87,0.54,6.7,3.6,2,0
EMP-04604,Sales,Mid,40,8,3,PTO,0.67,106.18,0.83,7.6,3.8,6,0
EMP-04605,Operations,Senior,53,9,7,Points,0.75,39.42,0.74,7.3,4.2,6,0
EMP-04606,Customer Support,Mid,39,6,0,Badge,0.5,8.94,0.33,5.0,3.4,2,0
EMP-04607,Operations,Mid,13,6,2,Points,0.5,32.58,0.57,5.5,2.9,10,0
EMP-04608,Engineering,Manager,85,16,7,Badge,1.33,1.56,0.73,9.1,5.0,6,0
EMP-04609,Customer Support,Senior,41,7,3,Points,0.58,44.08,0.4,7.0,5.0,3,0
EMP-04610,Sales,Manager,40,13,8,Badge,1.08,4.36,0.2,8.6,5.0,4,0
EMP-04611,Sales,Junior,11,5,1,Points,0.42,12.86,0.6,6.2,3.8,6,0
EMP-04612,Engineering,Junior,7,3,0,PTO,0.25,205.13,0.57,5.8,3.9,7,0
EMP-04613,Sales,Junior,2,6,0,Points,0.5,8.77,0.75,7.4,4.3,8,0
EMP-04614,Engineering,Junior,1,2,3,Points,0.17,31.96,0.71,6.2,4.7,5,0
EMP-04615,Engineering,Manager,56,11,5,Monetary,0.92,195.02,0.83,10.0,5.0,2,0
EMP-04616,Sales,Mid,27,8,4,Points,0.67,31.71,0.74,8.2,3.4,3,0
EMP-04617,Operations,Junior,10,3,3,Points,0.25,43.56,0.93,5.8,3.5,4,0
EMP-04618,Customer Support,Junior,1,4,2,Monetary,0.33,176.41,0.86,3.7,2.4,11,1
EMP-04619,Sales,Junior,11,1,2,Monetary,0.08,54.2,0.18,5.3,4.4,7,0
EMP-04620,Operations,Mid,23,4,2,Badge,0.33,6.7,0.45,6.7,3.9,3,0
EMP-04621,Operations,Senior,68,9,6,Points,0.75,29.03,0.78,8.5,4.4,1,0
EMP-04622,Operations,Senior,42,9,4,Badge,0.75,0.46,0.74,7.1,3.7,4,0
EMP-04623,Engineering,Manager,53,10,4,Points,0.83,13.34,0.6,8.3,4.5,5,0
EMP-04624,Operations,Junior,30,4,0,Badge,0.33,1.7,0.85,6.8,4.6,6,0
EMP-04625,Customer Support,Mid,22,3,2,Points,0.25,32.9,0.82,7.1,3.1,2,0
EMP-04626,Operations,Junior,7,2,4,Monetary,0.17,52.59,0.53,6.1,3.6,6,0
EMP-04627,Sales,Mid,30,8,1,Points,0.67,18.7,0.47,8.2,4.3,3,0
EMP-04628,Sales,Manager,70,19,10,Badge,1.58,1.08,0.63,9.0,4.1,4,0
EMP-04629,Marketing,Mid,41,10,1,PTO,0.83,65.31,0.89,7.4,4.3,4,0
EMP-04630,Sales,Senior,66,11,9,Badge,0.92,9.97,0.65,7.1,4.2,2,0
EMP-04631,Engineering,Mid,29,7,2,Badge,0.58,3.96,0.77,7.7,4.7,3,0
EMP-04632,Sales,Junior,1,6,1,Badge,0.5,5.02,0.54,4.4,3.2,12,0
EMP-04633,Operations,Junior,28,5,2,PTO,0.42,59.11,0.76,7.5,4.6,3,0
EMP-04634,Customer Support,Mid,36,6,0,Badge,0.5,1.6,0.7,6.2,3.1,2,0
EMP-04635,Engineering,Senior,60,13,9,Badge,1.08,5.99,0.78,8.8,4.0,5,0
EMP-04636,Customer Support,Junior,20,6,3,Points,0.5,23.01,0.4,5.9,3.8,4,0
EMP-04637,Sales,Senior,79,8,7,Points,0.67,32.55,0.52,9.1,4.5,8,0
EMP-04638,Marketing,Senior,55,14,4,Points,1.17,18.95,0.79,9.5,4.7,3,0
EMP-04639,Operations,Mid,3,3,2,Monetary,0.25,111.02,0.48,4.5,3.9,4,0
EMP-04640,Operations,Senior,61,11,4,Points,0.92,45.97,0.73,7.0,4.7,3,0
EMP-04641,Customer Support,Mid,7,5,4,Points,0.42,32.76,0.36,4.6,3.1,6,0
EMP-04642,Sales,Senior,55,17,4,Monetary,1.42,149.61,0.66,9.2,3.9,3,0
EMP-04643,Operations,Senior,20,4,4,Monetary,0.33,186.92,0.51,6.0,3.9,5,0
EMP-04644,Engineering,Manager,51,13,7,Points,1.08,37.2,0.54,8.8,4.7,5,0
EMP-04645,Operations,Mid,24,10,2,Points,0.83,34.13,0.34,7.3,4.9,5,0
EMP-04646,Operations,Mid,19,2,5,Points,0.17,43.41,0.8,7.6,4.1,5,0
EMP-04647,Marketing,Junior,22,10,2,PTO,0.83,223.21,0.7,8.6,4.5,5,0
EMP-04648,Engineering,Junior,5,5,2,Monetary,0.42,130.39,0.7,5.5,3.3,8,0
EMP-04649,Customer Support,Senior,36,6,5,Monetary,0.5,67.0,0.92,8.0,4.1,4,0
EMP-04650,Engineering,Manager,69,11,6,Badge,0.92,0.26,0.68,8.1,4.5,7,0
EMP-04651,Engineering,Mid,16,7,2,Points,0.58,23.94,0.72,8.2,4.7,5,0
EMP-04652,Operations,Junior,1,2,2,Points,0.17,41.88,0.26,3.7,3.2,10,1
EMP-04653,Sales,Junior,11,7,1,Badge,0.58,5.23,0.97,6.1,3.4,8,0
EMP-04654,Operations,Mid,27,6,3,Points,0.5,8.77,0.67,6.9,3.7,4,0
EMP-04655,Sales,Junior,11,6,1,PTO,0.5,160.14,0.84,6.9,3.6,2,0
EMP-04656,Engineering,Junior,2,3,4,Badge,0.25,6.05,0.84,5.2,2.9,10,0
EMP-04657,Operations,Senior,65,11,8,Badge,0.92,2.37,0.5,6.4,3.5,5,0
EMP-04658,Marketing,Junior,2,5,2,Badge,0.42,0.84,0.38,5.3,4.4,4,0
EMP-04659,Engineering,Mid,28,11,2,Points,0.92,30.11,0.66,7.4,4.6,6,0
EMP-04660,Operations,Senior,37,13,5,Monetary,1.08,40.37,0.7,8.1,4.0,4,0
EMP-04661,Sales,Junior,6,5,3,Badge,0.42,0.12,0.98,7.3,3.9,4,0
EMP-04662,Marketing,Mid,62,7,4,PTO,0.58,235.11,0.33,7.4,3.2,4,0
EMP-04663,Sales,Senior,34,13,6,Monetary,1.08,105.21,0.51,8.4,3.8,3,0
EMP-04664,Operations,Senior,50,6,5,Points,0.5,6.87,0.55,6.8,3.4,2,0
EMP-04665,Operations,Mid,32,7,2,Monetary,0.58,129.49,0.46,6.6,3.7,6,0
EMP-04666,Operations,Mid,38,8,3,Monetary,0.67,27.32,0.78,6.3,4.5,4,0
EMP-04667,Engineering,Senior,52,12,4,Points,1.0,19.69,0.98,9.3,4.5,6,0
EMP-04668,Operations,Senior,27,14,5,Badge,1.17,1.71,0.58,8.8,4.3,4,0
EMP-04669,Marketing,Mid,50,9,2,Points,0.75,22.79,0.78,8.0,3.9,5,0
EMP-04670,Operations,Junior,10,3,1,Badge,0.25,0.14,0.59,4.8,3.3,3,0
EMP-04671,Sales,Junior,2,1,2,Points,0.08,48.72,1.0,6.3,3.7,6,0
EMP-04672,Customer Support,Junior,11,2,1,PTO,0.17,87.03,0.68,4.6,2.9,7,0
EMP-04673,Operations,Mid,47,5,4,Points,0.42,48.11,0.43,7.5,4.5,3,0
EMP-04674,Engineering,Junior,1,4,2,Points,0.33,27.78,0.32,4.5,3.9,4,0
EMP-04675,Sales,Mid,44,10,4,Points,0.83,8.04,0.89,6.8,4.1,2,0
EMP-04676,Customer Support,Senior,82,7,5,Points,0.58,44.59,0.35,7.1,3.8,3,0
EMP-04677,Engineering,Junior,12,2,5,Points,0.17,23.63,0.46,6.6,3.3,5,0
EMP-04678,Customer Support,Senior,54,12,2,Points,1.0,11.61,0.33,7.3,3.4,3,0
EMP-04679,Marketing,Senior,58,6,6,Badge,0.5,2.71,0.79,8.6,4.0,4,0
EMP-04680,Marketing,Junior,1,5,1,Monetary,0.42,76.36,0.81,7.7,3.7,8,0
EMP-04681,Engineering,Senior,69,15,5,Points,1.25,32.38,0.49,8.4,4.6,11,0
EMP-04682,Engineering,Senior,47,11,4,Monetary,0.92,195.08,0.47,7.1,5.0,5,0
EMP-04683,Customer Support,Mid,17,2,5,Points,0.17,13.37,0.74,7.4,3.7,3,0
EMP-04684,Sales,Junior,14,4,0,Badge,0.33,2.13,0.61,6.9,3.7,3,0
EMP-04685,Operations,Mid,7,8,3,Points,0.67,48.62,0.58,7.6,4.2,4,0
EMP-04686,Sales,Manager,66,10,13,Points,0.83,14.89,0.31,7.9,4.5,1,0
EMP-04687,Engineering,Mid,35,8,5,Points,0.67,15.35,0.62,9.3,3.9,1,0
EMP-04688,Engineering,Junior,4,3,4,Points,0.25,49.62,0.41,5.3,3.6,3,0
EMP-04689,Marketing,Senior,41,12,5,Badge,1.0,6.55,0.69,8.4,4.7,5,0
EMP-04690,Customer Support,Mid,28,4,2,Points,0.33,18.83,0.67,6.5,4.1,4,0
EMP-04691,Sales,Mid,29,6,4,Badge,0.5,2.42,0.64,5.8,4.3,12,0
EMP-04692,Sales,Senior,42,14,8,Monetary,1.17,108.67,0.54,8.5,4.7,3,0
EMP-04693,Sales,Mid,33,8,2,Badge,0.67,3.2,0.44,7.1,4.5,2,0
EMP-04694,Marketing,Senior,66,10,5,Monetary,0.83,26.6,0.76,7.9,4.8,3,0
EMP-04695,Sales,Senior,29,7,2,Badge,0.58,0.7,0.65,7.0,4.0,4,0
EMP-04696,Customer Support,Mid,36,6,2,PTO,0.5,184.87,0.54,7.1,2.8,11,0
EMP-04697,Sales,Junior,21,11,2,PTO,0.92,115.68,0.96,7.9,4.7,3,0
EMP-04698,Sales,Senior,49,12,3,PTO,1.0,285.5,0.58,8.0,5.0,3,0
EMP-04699,Engineering,Manager,79,8,8,Points,0.67,36.29,0.49,7.3,5.0,2,0
EMP-04700,Customer Support,Junior,29,5,1,PTO,0.42,294.45,0.42,6.5,3.3,3,0
EMP-04701,Engineering,Mid,36,4,2,Monetary,0.33,165.89,0.6,7.6,4.4,4,0
EMP-04702,Engineering,Junior,15,5,1,Monetary,0.42,79.87,0.28,5.7,2.8,5,0
EMP-04703,Marketing,Senior,59,4,6,Points,0.33,38.51,0.39,6.8,4.2,7,0
EMP-04704,Marketing,Senior,43,14,9,Points,1.17,25.91,0.81,9.6,5.0,3,0
EMP-04705,Sales,Junior,1,5,0,Monetary,0.42,114.88,0.67,5.3,4.1,7,0
EMP-04706,Sales,Manager,50,11,4,Badge,0.92,5.3,0.88,7.4,3.4,8,0
EMP-04707,Operations,Junior,1,6,3,Points,0.5,35.79,0.52,4.6,3.3,7,0
EMP-04708,Engineering,Senior,25,6,7,PTO,0.5,140.3,0.76,9.3,4.9,3,0
EMP-04709,Operations,Mid,37,10,3,Points,0.83,40.29,0.64,8.1,3.7,3,0
EMP-04710,Marketing,Mid,8,4,1,Monetary,0.33,55.4,0.74,6.9,4.6,10,0
EMP-04711,Sales,Junior,49,7,2,Badge,0.58,3.57,0.84,9.4,4.9,6,0
EMP-04712,Sales,Junior,22,6,2,Monetary,0.5,143.29,0.75,8.8,5.0,2,0
EMP-04713,Engineering,Senior,47,7,4,Badge,0.58,8.46,0.18,7.2,5.0,4,0
EMP-04714,Operations,Mid,24,6,1,PTO,0.5,264.05,0.76,8.2,4.4,3,0
EMP-04715,Sales,Junior,13,5,1,Points,0.42,20.13,0.63,5.5,4.1,4,0
EMP-04716,Sales,Junior,12,4,4,Badge,0.33,4.21,0.51,6.1,4.8,5,0
EMP-04717,Marketing,Junior,2,3,3,PTO,0.25,115.53,0.88,5.3,2.6,8,0
EMP-04718,Customer Support,Senior,51,6,4,Points,0.5,32.92,0.95,7.1,3.6,0,0
EMP-04719,Sales,Senior,43,15,5,Badge,1.25,3.74,0.47,8.8,4.6,3,0
EMP-04720,Customer Support,Junior,8,4,0,Monetary,0.33,187.31,0.39,5.0,3.6,7,0
EMP-04721,Sales,Mid,32,7,3,Badge,0.58,3.5,0.4,5.9,3.9,5,0
EMP-04722,Engineering,Junior,1,1,0,Points,0.08,35.47,0.84,5.6,3.7,7,0
EMP-04723,Engineering,Manager,51,11,3,Points,0.92,34.99,0.8,8.8,5.0,1,0
EMP-04724,Sales,Manager,42,14,15,Points,1.17,27.23,0.91,9.1,4.3,1,0
EMP-04725,Engineering,Senior,55,7,5,Points,0.58,5.95,0.88,8.1,4.3,5,0
EMP-04726,Engineering,Manager,49,5,12,Badge,0.42,2.93,0.63,8.5,4.9,4,0
EMP-04727,Customer Support,Senior,50,14,5,Points,1.17,36.8,0.91,9.6,5.0,5,0
EMP-04728,Operations,Senior,54,16,7,Monetary,1.33,96.85,0.87,9.1,3.1,3,0
EMP-04729,Operations,Mid,21,7,3,Monetary,0.58,37.16,0.33,6.6,3.5,3,0
EMP-04730,Engineering,Mid,13,2,3,Points,0.17,45.4,0.51,5.9,3.3,6,0
EMP-04731,Engineering,Junior,7,4,2,Points,0.33,31.35,0.75,7.3,3.7,7,0
EMP-04732,Engineering,Mid,52,7,0,Badge,0.58,0.83,0.11,7.0,5.0,5,0
EMP-04733,Operations,Mid,44,8,2,Points,0.67,7.08,0.51,8.1,5.0,2,0
EMP-04734,Customer Support,Junior,9,2,0,Badge,0.17,0.96,0.84,1.3,1.7,17,1
EMP-04735,Sales,Junior,5,5,2,Badge,0.42,9.99,0.87,4.7,4.4,3,0
EMP-04736,Engineering,Mid,51,2,1,Points,0.17,17.7,0.58,6.6,4.0,1,0
EMP-04737,Sales,Junior,1,2,1,Badge,0.17,7.03,0.3,4.4,3.1,5,0
EMP-04738,Sales,Mid,27,11,2,Badge,0.92,1.67,0.62,7.7,4.2,2,0
EMP-04739,Sales,Manager,75,14,14,Monetary,1.17,70.56,0.21,9.5,5.0,4,0
EMP-04740,Marketing,Senior,57,8,2,Badge,0.67,0.07,0.86,8.3,4.8,0,0
EMP-04741,Operations,Senior,39,10,6,Points,0.83,43.53,0.77,8.6,5.0,4,0
EMP-04742,Engineering,Mid,15,5,1,Points,0.42,49.63,0.7,8.2,2.8,4,0
EMP-04743,Engineering,Mid,11,6,2,Badge,0.5,3.78,0.69,8.6,3.4,8,0
EMP-04744,Customer Support,Junior,31,2,2,Badge,0.17,2.13,0.88,5.3,4.0,4,0
EMP-04745,Engineering,Manager,77,11,5,Monetary,0.92,53.57,0.73,8.3,4.1,2,0
EMP-04746,Engineering,Junior,16,3,1,Points,0.25,16.75,0.87,6.0,4.4,7,0
EMP-04747,Engineering,Junior,4,5,1,PTO,0.42,145.82,0.96,6.8,3.5,6,0
EMP-04748,Engineering,Senior,28,8,4,Points,0.67,37.51,0.84,7.6,5.0,2,0
EMP-04749,Sales,Junior,42,4,2,Points,0.33,36.95,0.67,8.0,4.8,2,0
EMP-04750,Operations,Mid,23,6,4,Points,0.5,28.12,0.56,7.0,3.7,6,0
EMP-04751,Sales,Junior,8,7,3,Points,0.58,22.8,0.72,7.4,4.3,3,0
EMP-04752,Sales,Junior,27,8,0,PTO,0.67,177.62,0.45,8.4,5.0,2,0
EMP-04753,Marketing,Junior,5,3,0,Monetary,0.25,123.55,0.41,5.0,2.8,5,0
EMP-04754,Sales,Junior,23,5,1,Points,0.42,32.66,0.97,5.2,4.3,4,0
EMP-04755,Customer Support,Senior,44,10,7,Points,0.83,34.33,0.42,6.3,4.7,3,0
EMP-04756,Customer Support,Senior,59,9,4,Points,0.75,34.04,0.6,8.2,4.0,2,0
EMP-04757,Engineering,Mid,40,5,4,PTO,0.42,102.58,0.28,7.8,5.0,3,0
EMP-04758,Operations,Manager,74,5,9,Points,0.42,26.66,0.65,8.1,3.2,4,0
EMP-04759,Sales,Junior,27,3,0,Points,0.25,20.11,0.87,6.3,3.3,7,0
EMP-04760,Customer Support,Mid,25,9,3,Points,0.75,31.78,0.34,7.4,2.8,7,0
EMP-04761,Sales,Junior,24,3,4,Badge,0.25,4.98,0.73,7.9,4.0,3,0
EMP-04762,Customer Support,Mid,3,3,1,Points,0.25,14.01,0.56,3.7,3.3,14,1
EMP-04763,Operations,Mid,22,10,2,Badge,0.83,6.8,0.41,7.1,4.4,3,0
EMP-04764,Engineering,Mid,48,6,2,Monetary,0.5,28.4,0.67,7.8,4.5,7,0
EMP-04765,Marketing,Senior,37,4,3,Monetary,0.33,79.85,0.45,6.4,4.0,3,0
EMP-04766,Customer Support,Mid,38,4,4,Points,0.33,40.31,0.74,6.7,4.1,7,0
EMP-04767,Operations,Mid,29,7,3,Monetary,0.58,159.19,0.61,8.3,4.3,5,0
EMP-04768,Engineering,Manager,26,4,7,Points,0.33,47.73,0.78,8.4,5.0,3,0
EMP-04769,Operations,Junior,7,4,1,PTO,0.33,196.72,0.13,4.0,3.1,3,0
EMP-04770,Sales,Mid,68,7,6,Points,0.58,26.57,0.49,8.2,4.0,2,0
EMP-04771,Engineering,Senior,68,8,13,Monetary,0.67,141.7,0.75,8.1,5.0,0,0
EMP-04772,Sales,Mid,16,4,4,Badge,0.33,8.45,0.94,5.7,3.6,3,0
EMP-04773,Engineering,Junior,17,4,4,Points,0.33,31.98,0.18,6.3,4.3,4,0
EMP-04774,Operations,Mid,22,4,0,PTO,0.33,236.02,0.11,8.5,5.0,4,0
EMP-04775,Sales,Mid,32,9,2,Points,0.75,19.11,0.54,8.5,4.6,7,0
EMP-04776,Operations,Mid,3,5,3,PTO,0.42,131.75,0.57,6.3,3.1,3,0
EMP-04777,Engineering,Junior,12,4,0,Monetary,0.33,37.35,0.69,5.9,4.3,4,0
EMP-04778,Sales,Manager,64,13,4,PTO,1.08,117.34,0.16,9.9,4.7,5,0
EMP-04779,Engineering,Senior,56,13,6,Points,1.08,27.1,0.46,8.9,5.0,4,0
EMP-04780,Engineering,Mid,29,4,4,Badge,0.33,6.64,0.75,6.2,3.3,3,0
EMP-04781,Engineering,Senior,52,16,4,Points,1.33,29.64,0.79,8.4,4.2,3,0
EMP-04782,Engineering,Manager,60,9,7,Points,0.75,37.38,0.59,6.4,4.2,4,0
EMP-04783,Marketing,Junior,7,5,3,PTO,0.42,163.44,0.22,6.5,4.4,8,0
EMP-04784,Sales,Junior,4,1,4,PTO,0.08,178.25,0.62,5.5,3.0,4,0
EMP-04785,Sales,Mid,36,4,5,Badge,0.33,4.68,0.67,7.2,4.8,3,0
EMP-04786,Sales,Senior,29,11,5,PTO,0.92,200.4,1.0,7.8,4.3,3,0
EMP-04787,Customer Support,Junior,1,2,2,Badge,0.17,3.39,0.64,4.5,3.0,5,0
EMP-04788,Customer Support,Manager,72,11,11,Points,0.92,32.6,0.85,8.5,4.9,1,0
EMP-04789,Sales,Mid,45,8,2,PTO,0.67,151.66,0.47,6.8,2.8,5,0
EMP-04790,Sales,Mid,3,4,2,Points,0.33,31.96,0.66,7.7,4.3,4,0
EMP-04791,Engineering,Junior,4,4,0,PTO,0.33,135.68,0.9,6.4,4.2,5,0
EMP-04792,Customer Support,Junior,49,6,1,Points,0.5,12.32,0.67,7.2,3.4,6,0
EMP-04793,Engineering,Senior,40,7,5,Badge,0.58,1.95,0.91,7.2,4.8,6,0
EMP-04794,Sales,Manager,28,10,9,Badge,0.83,1.45,0.27,8.2,4.9,2,0
EMP-04795,Sales,Mid,26,13,0,Badge,1.08,1.59,0.49,7.1,4.5,2,0
EMP-04796,Sales,Manager,51,16,3,Points,1.33,32.88,0.85,10.0,4.9,2,0
EMP-04797,Engineering,Senior,49,10,2,PTO,0.83,269.62,0.56,9.5,4.9,3,0
EMP-04798,Operations,Mid,21,10,4,Badge,0.83,8.82,0.65,8.2,4.4,2,0
EMP-04799,Engineering,Senior,35,14,2,Badge,1.17,7.29,0.43,8.0,4.8,1,0
EMP-04800,Marketing,Mid,38,11,2,Points,0.92,29.46,0.58,6.8,4.5,2,0
EMP-04801,Engineering,Mid,36,9,3,Points,0.75,25.82,0.81,9.1,4.5,6,0
EMP-04802,Engineering,Junior,1,2,0,Points,0.17,10.72,0.8,6.2,4.9,3,0
EMP-04803,Customer Support,Senior,56,4,4,Monetary,0.33,59.79,0.65,5.0,2.1,17,0
EMP-04804,Engineering,Junior,5,3,0,PTO,0.25,285.22,0.42,6.2,3.8,3,0
EMP-04805,Operations,Senior,46,10,8,Badge,0.83,3.21,0.55,7.2,4.7,8,0
EMP-04806,Marketing,Senior,56,11,6,PTO,0.92,197.2,0.42,8.0,5.0,2,0
EMP-04807,Engineering,Junior,8,3,2,Badge,0.25,6.17,0.9,5.6,3.7,12,0
EMP-04808,Customer Support,Mid,45,2,2,Points,0.17,14.78,0.45,5.7,3.8,4,0
EMP-04809,Engineering,Mid,6,6,2,Points,0.5,39.17,0.38,7.3,4.4,5,0
EMP-04810,Operations,Mid,23,7,1,Badge,0.58,0.96,0.59,6.4,4.4,9,0
EMP-04811,Engineering,Junior,8,6,0,Points,0.5,17.1,0.69,7.0,3.8,1,0
EMP-04812,Operations,Mid,49,6,4,Monetary,0.5,122.52,0.57,8.5,3.8,8,0
EMP-04813,Engineering,Junior,5,4,3,Monetary,0.33,110.02,0.45,3.6,3.0,9,1
EMP-04814,Sales,Junior,50,9,3,Monetary,0.75,153.28,0.86,8.0,4.3,4,0
EMP-04815,Operations,Junior,14,1,4,Points,0.08,48.14,0.57,5.7,3.8,6,0
EMP-04816,Customer Support,Junior,7,2,3,Badge,0.17,2.47,0.74,5.7,3.9,2,0
EMP-04817,Customer Support,Senior,48,3,9,PTO,0.25,58.81,0.33,7.4,4.1,6,0
EMP-04818,Operations,Manager,54,12,9,Points,1.0,19.85,0.63,9.3,3.8,3,0
EMP-04819,Customer Support,Mid,30,5,2,Points,0.42,42.07,0.54,6.0,4.0,3,0
EMP-04820,Engineering,Mid,34,6,2,Points,0.5,38.19,0.91,6.8,4.6,7,0
EMP-04821,Sales,Junior,2,4,2,Points,0.33,28.1,0.69,5.1,3.2,5,0
EMP-04822,Sales,Mid,29,11,1,Monetary,0.92,104.01,0.45,6.8,4.3,6,0
EMP-04823,Sales,Junior,30,5,4,Badge,0.42,3.8,0.36,5.1,4.4,6,0
EMP-04824,Sales,Mid,29,8,3,Monetary,0.67,62.26,0.35,6.9,4.5,2,0
EMP-04825,Marketing,Manager,67,8,7,Badge,0.67,3.41,0.23,8.4,5.0,2,0
EMP-04826,Engineering,Junior,10,0,1,Badge,0.0,1.93,0.0,2.4,3.5,16,1
EMP-04827,Operations,Senior,74,14,6,PTO,1.17,66.34,0.63,10.0,4.0,4,0
EMP-04828,Engineering,Junior,9,5,1,Monetary,0.42,180.4,0.64,6.4,3.7,4,0
EMP-04829,Sales,Mid,20,5,1,Points,0.42,15.96,0.89,8.7,3.3,4,0
EMP-04830,Sales,Junior,13,4,2,Monetary,0.33,41.98,1.0,6.0,3.3,7,0
EMP-04831,Operations,Mid,53,12,1,PTO,1.0,175.23,0.58,8.9,4.9,2,0
EMP-04832,Operations,Junior,1,3,1,Points,0.25,16.27,0.59,6.3,3.2,2,0
EMP-04833,Marketing,Mid,40,6,2,PTO,0.5,150.92,0.9,6.8,3.3,2,0
EMP-04834,Engineering,Mid,22,4,1,Monetary,0.33,193.6,0.75,7.3,4.6,8,0
EMP-04835,Marketing,Mid,31,4,3,Points,0.33,13.42,0.51,6.3,3.7,3,0
EMP-04836,Engineering,Senior,62,12,3,Badge,1.0,3.08,0.79,9.6,5.0,2,0
EMP-04837,Sales,Manager,47,10,7,Points,0.83,28.11,0.89,7.7,4.9,7,0
EMP-04838,Sales,Mid,53,12,2,PTO,1.0,156.33,0.7,9.5,4.1,4,0
EMP-04839,Engineering,Junior,10,6,0,Points,0.5,9.44,0.65,8.0,3.9,4,0
EMP-04840,Engineering,Junior,6,3,5,Badge,0.25,7.45,0.82,6.9,4.1,5,0
EMP-04841,Customer Support,Senior,64,6,3,Points,0.5,26.17,0.54,7.8,4.6,3,0
EMP-04842,Customer Support,Mid,28,7,0,Points,0.58,16.65,0.79,7.0,3.3,2,0
EMP-04843,Sales,Mid,24,9,0,Badge,0.75,7.7,0.89,6.4,5.0,5,0
EMP-04844,Engineering,Junior,1,3,2,Badge,0.25,3.82,0.61,4.9,4.2,5,0
EMP-04845,Engineering,Mid,22,5,5,Badge,0.42,3.18,0.62,8.3,4.3,5,0
EMP-04846,Sales,Junior,3,5,2,Points,0.42,38.89,1.0,5.8,4.4,4,0
EMP-04847,Customer Support,Manager,57,9,7,Badge,0.75,1.11,0.49,8.3,4.8,5,0
EMP-04848,Engineering,Manager,59,13,6,Points,1.08,45.89,0.29,9.3,4.3,4,0
EMP-04849,Operations,Junior,11,8,0,Points,0.67,7.11,0.31,5.1,3.9,4,0
EMP-04850,Engineering,Mid,17,5,3,Points,0.42,11.3,0.73,7.0,3.4,2,0
EMP-04851,Customer Support,Junior,10,3,0,Points,0.25,15.44,0.97,5.7,3.5,7,0
EMP-04852,Sales,Mid,32,8,1,Monetary,0.67,143.2,0.41,7.6,4.0,1,0
EMP-04853,Operations,Manager,50,9,4,Points,0.75,35.92,0.74,9.8,3.8,3,0
EMP-04854,Sales,Mid,27,7,4,Points,0.58,49.78,0.61,9.1,4.7,2,0
EMP-04855,Marketing,Mid,15,5,1,Badge,0.42,5.47,0.77,7.4,4.6,6,0
EMP-04856,Engineering,Junior,8,6,0,Badge,0.5,8.28,0.67,6.8,4.3,5,0
EMP-04857,Engineering,Senior,29,10,4,Points,0.83,25.33,0.68,7.5,3.9,5,0
EMP-04858,Customer Support,Mid,46,4,3,Points,0.33,33.91,0.44,5.1,3.0,2,0
EMP-04859,Customer Support,Mid,40,2,3,PTO,0.17,65.22,0.47,7.5,3.6,4,0
EMP-04860,Customer Support,Junior,3,3,2,Badge,0.25,8.22,0.21,5.6,3.7,10,0
EMP-04861,Marketing,Mid,13,3,2,Badge,0.25,6.51,0.69,8.0,4.3,3,0
EMP-04862,Operations,Manager,40,12,6,PTO,1.0,207.21,0.58,9.1,4.5,6,0
EMP-04863,Engineering,Mid,18,9,3,Badge,0.75,2.2,0.58,6.1,4.1,5,0
EMP-04864,Sales,Mid,53,10,2,Points,0.83,23.21,0.65,7.4,5.0,11,0
EMP-04865,Sales,Mid,26,7,1,Points,0.58,15.31,0.73,9.1,4.6,1,0
EMP-04866,Marketing,Senior,12,7,1,Monetary,0.58,148.27,0.37,6.1,3.3,4,0
EMP-04867,Sales,Mid,46,14,1,Monetary,1.17,199.21,0.42,7.7,5.0,3,0
EMP-04868,Engineering,Junior,7,4,2,Points,0.33,13.69,0.66,5.6,3.9,3,0
EMP-04869,Marketing,Mid,25,9,2,Points,0.75,10.58,0.88,7.0,4.6,2,0
EMP-04870,Operations,Senior,63,8,4,Badge,0.67,3.37,0.52,7.5,4.9,4,0
EMP-04871,Sales,Senior,36,11,6,Points,0.92,27.72,0.71,7.9,4.8,5,0
EMP-04872,Engineering,Manager,55,10,7,Badge,0.83,7.02,0.47,8.2,4.2,5,0
EMP-04873,Engineering,Mid,45,6,2,Monetary,0.5,111.82,0.57,6.9,3.1,6,0
EMP-04874,Engineering,Junior,13,5,2,Points,0.42,49.35,0.79,7.3,4.2,6,0
EMP-04875,Sales,Manager,60,15,9,PTO,1.25,235.15,0.94,10.0,5.0,3,0
EMP-04876,Marketing,Mid,20,10,3,Monetary,0.83,57.68,0.34,7.6,4.9,5,0
EMP-04877,Marketing,Mid,8,5,3,Badge,0.42,2.94,0.8,5.4,4.0,9,0
EMP-04878,Operations,Senior,62,8,5,Points,0.67,41.13,0.24,7.2,4.2,5,0
EMP-04879,Sales,Mid,36,8,2,Monetary,0.67,178.68,0.65,9.5,3.7,7,0
EMP-04880,Operations,Junior,1,4,1,Monetary,0.33,117.95,0.6,4.7,3.5,6,0
EMP-04881,Engineering,Senior,52,8,1,Points,0.67,25.28,0.57,7.8,4.1,3,0
EMP-04882,Sales,Senior,49,10,3,Monetary,0.83,51.72,0.82,8.3,4.7,3,0
EMP-04883,Operations,Mid,54,10,1,Points,0.83,16.08,0.63,9.0,4.8,9,0
EMP-04884,Engineering,Mid,34,2,2,Badge,0.17,7.04,0.76,6.7,3.2,3,0
EMP-04885,Engineering,Junior,11,4,1,Badge,0.33,0.49,0.62,7.7,4.8,2,0
EMP-04886,Customer Support,Junior,8,1,2,Points,0.08,32.24,0.59,2.8,2.2,13,1
EMP-04887,Sales,Mid,18,7,4,PTO,0.58,106.65,0.82,6.9,3.8,6,0
EMP-04888,Operations,Mid,30,7,5,Badge,0.58,2.22,0.57,7.9,4.6,3,0
EMP-04889,Engineering,Manager,74,7,9,Monetary,0.58,98.68,0.48,7.9,5.0,4,0
EMP-04890,Operations,Senior,48,9,5,Badge,0.75,4.52,0.58,8.3,4.5,3,0
EMP-04891,Sales,Senior,52,12,5,Points,1.0,34.21,0.74,9.2,5.0,2,0
EMP-04892,Engineering,Mid,28,5,1,Badge,0.42,1.5,0.73,7.1,4.2,3,0
EMP-04893,Marketing,Junior,2,6,1,Points,0.5,20.47,0.76,5.8,3.2,6,0
EMP-04894,Engineering,Manager,41,11,6,Points,0.92,12.27,0.54,7.5,5.0,4,0
EMP-04895,Sales,Mid,52,7,2,Badge,0.58,5.3,0.29,9.4,4.9,4,0
EMP-04896,Engineering,Junior,7,2,0,Monetary,0.17,58.66,0.74,6.3,4.0,5,0
EMP-04897,Engineering,Mid,41,9,6,Points,0.75,44.6,0.65,6.5,4.1,3,0
EMP-04898,Sales,Manager,58,14,9,Monetary,1.17,34.86,0.88,10.0,5.0,3,0
EMP-04899,Engineering,Manager,43,10,11,Points,0.83,30.52,0.26,6.7,4.7,4,0
EMP-04900,Customer Support,Junior,1,2,0,Badge,0.17,7.07,0.68,3.6,2.9,9,1
EMP-04901,Engineering,Manager,78,12,10,PTO,1.0,274.26,0.43,9.1,4.8,4,0
EMP-04902,Sales,Junior,39,9,3,Points,0.75,16.06,0.64,7.6,4.7,2,0
EMP-04903,Engineering,Junior,1,1,1,Badge,0.08,6.78,0.36,6.6,4.0,5,0
EMP-04904,Sales,Senior,58,13,5,Points,1.08,36.94,0.74,9.7,4.7,5,0
EMP-04905,Customer Support,Senior,87,12,4,Badge,1.0,5.75,0.74,7.5,4.4,2,0
EMP-04906,Engineering,Mid,46,10,5,PTO,0.83,262.8,0.88,6.8,3.8,1,0
EMP-04907,Customer Support,Mid,32,9,2,Badge,0.75,4.57,0.08,6.4,3.6,5,0
EMP-04908,Engineering,Senior,58,9,6,PTO,0.75,228.66,0.7,9.6,4.8,2,0
EMP-04909,Operations,Senior,44,10,3,Points,0.83,13.28,0.84,7.5,5.0,5,0
EMP-04910,Marketing,Manager,39,11,8,Points,0.92,48.65,0.84,8.7,4.3,6,0
EMP-04911,Customer Support,Mid,48,5,2,Badge,0.42,6.15,0.66,5.3,3.9,8,0
EMP-04912,Marketing,Manager,78,12,10,Badge,1.0,7.35,0.67,10.0,4.5,4,0
EMP-04913,Marketing,Manager,55,10,6,Monetary,0.83,77.65,0.15,8.7,4.3,3,0
EMP-04914,Engineering,Junior,36,7,4,Points,0.58,24.12,0.43,7.9,4.3,1,0
EMP-04915,Engineering,Senior,52,13,13,Points,1.08,12.96,0.47,9.3,4.2,4,0
EMP-04916,Customer Support,Mid,35,4,2,Badge,0.33,9.51,0.83,4.5,3.1,2,0
EMP-04917,Sales,Mid,42,7,4,Badge,0.58,9.06,0.96,7.4,5.0,4,0
EMP-04918,Sales,Mid,26,10,3,Badge,0.83,1.51,0.24,6.4,3.7,5,0
EMP-04919,Operations,Junior,1,9,1,Points,0.75,16.03,0.7,6.1,4.3,6,0
EMP-04920,Sales,Mid,32,5,4,Points,0.42,28.94,0.84,6.2,4.2,6,0
EMP-04921,Customer Support,Manager,33,11,5,Monetary,0.92,45.87,0.3,9.1,4.2,3,0
EMP-04922,Operations,Junior,23,4,0,Points,0.33,31.3,0.56,5.7,4.5,3,0
EMP-04923,Marketing,Mid,33,4,1,Badge,0.33,2.66,0.49,5.4,4.0,3,0
EMP-04924,Customer Support,Manager,92,10,11,Badge,0.83,6.41,0.62,7.4,4.2,7,0
EMP-04925,Engineering,Mid,22,5,2,Points,0.42,8.54,0.65,8.1,3.8,1,0
EMP-04926,Engineering,Mid,11,4,2,Badge,0.33,1.63,0.23,4.3,2.4,9,0
EMP-04927,Sales,Mid,45,4,3,Points,0.33,28.74,0.81,8.7,5.0,4,0
EMP-04928,Engineering,Mid,19,6,2,Points,0.5,36.28,0.78,7.5,4.5,4,0
EMP-04929,Operations,Mid,13,7,2,Badge,0.58,5.84,0.63,7.8,5.0,4,0
EMP-04930,Customer Support,Senior,54,4,4,Points,0.33,19.08,0.64,7.2,3.4,0,0
EMP-04931,Sales,Mid,48,9,2,Badge,0.75,5.82,0.71,6.7,4.3,2,0
EMP-04932,Sales,Senior,59,17,4,Badge,1.42,2.74,0.53,7.7,4.6,3,0
EMP-04933,Customer Support,Mid,21,3,3,Badge,0.25,9.59,0.4,6.4,3.1,4,0
EMP-04934,Sales,Mid,31,6,3,Monetary,0.5,53.19,0.53,5.7,4.1,4,0
EMP-04935,Sales,Senior,43,20,3,Points,1.67,32.46,0.53,7.9,5.0,4,0
EMP-04936,Sales,Senior,74,16,8,Points,1.33,25.71,0.68,10.0,5.0,3,0
EMP-04937,Customer Support,Mid,23,3,4,PTO,0.25,136.12,0.92,7.7,4.1,8,0
EMP-04938,Marketing,Junior,31,5,1,Monetary,0.42,111.61,0.51,6.3,3.8,3,0
EMP-04939,Operations,Junior,16,4,0,Badge,0.33,1.19,0.95,6.2,3.8,3,0
EMP-04940,Operations,Junior,7,3,3,Points,0.25,24.33,0.17,6.5,4.0,9,0
EMP-04941,Sales,Junior,1,3,0,Badge,0.25,8.99,0.75,5.9,4.0,4,0
EMP-04942,Sales,Senior,45,10,4,Badge,0.83,1.53,0.69,8.6,4.1,2,0
EMP-04943,Operations,Junior,1,5,1,Points,0.42,30.25,0.48,5.1,3.2,5,0
EMP-04944,Sales,Senior,70,14,6,Monetary,1.17,161.66,0.9,9.2,5.0,5,0
EMP-04945,Operations,Junior,15,4,4,Points,0.33,41.88,0.61,7.6,3.4,3,0
EMP-04946,Customer Support,Mid,27,3,2,Badge,0.25,1.73,0.71,5.2,3.7,1,0
EMP-04947,Marketing,Mid,29,4,4,Badge,0.33,7.4,0.75,6.8,4.8,4,0
EMP-04948,Operations,Junior,27,3,1,Points,0.25,39.29,0.58,6.8,4.5,3,0
EMP-04949,Operations,Manager,27,13,8,Points,1.08,29.6,0.76,10.0,4.8,3,0
EMP-04950,Operations,Junior,15,4,0,Monetary,0.33,99.08,0.32,5.0,3.5,3,0
EMP-04951,Sales,Mid,28,8,3,Badge,0.67,0.62,0.42,6.5,4.7,6,0
EMP-04952,Engineering,Senior,65,10,3,Monetary,0.83,26.47,0.33,7.7,5.0,2,0
EMP-04953,Sales,Mid,40,12,2,Badge,1.0,5.83,0.85,8.5,4.5,5,0
EMP-04954,Marketing,Junior,2,3,0,Badge,0.25,3.61,0.59,3.6,3.5,7,1
EMP-04955,Sales,Mid,17,2,1,Badge,0.17,2.8,0.86,5.9,3.6,2,0
EMP-04956,Operations,Senior,47,7,2,Badge,0.58,1.14,0.81,6.5,4.7,3,0
EMP-04957,Sales,Manager,71,11,4,Points,0.92,46.98,0.89,7.6,3.8,5,0
EMP-04958,Marketing,Manager,68,9,6,Points,0.75,13.21,0.62,8.8,4.9,6,0
EMP-04959,Engineering,Mid,20,9,2,PTO,0.75,215.41,0.65,8.1,4.7,1,0
EMP-04960,Operations,Manager,81,6,8,Badge,0.5,0.39,0.62,9.7,4.1,2,0
EMP-04961,Marketing,Junior,14,5,1,Monetary,0.42,140.1,0.58,6.4,4.2,2,0
EMP-04962,Engineering,Junior,1,6,1,Monetary,0.5,139.34,0.76,6.4,3.5,8,0
EMP-04963,Sales,Senior,49,13,2,PTO,1.08,276.53,0.96,9.5,3.6,7,0
EMP-04964,Operations,Junior,11,4,2,Badge,0.33,5.92,0.82,5.2,3.1,8,0
EMP-04965,Sales,Junior,13,8,3,Badge,0.67,0.25,0.4,7.8,4.7,3,0
EMP-04966,Engineering,Junior,9,4,5,PTO,0.33,289.66,0.26,5.3,4.5,11,0
EMP-04967,Customer Support,Mid,40,7,0,Points,0.58,9.43,0.8,9.1,3.5,1,0
EMP-04968,Operations,Senior,53,7,7,Badge,0.58,2.4,0.38,7.0,4.2,7,0
EMP-04969,Customer Support,Mid,44,6,5,Monetary,0.5,155.09,0.59,7.5,4.8,2,0
EMP-04970,Sales,Junior,28,11,2,Points,0.92,36.61,0.91,7.1,3.7,2,0
EMP-04971,Sales,Mid,13,7,3,Points,0.58,37.48,0.87,6.6,3.8,2,0
EMP-04972,Customer Support,Manager,65,7,4,Monetary,0.58,98.43,0.31,6.6,5.0,5,0
EMP-04973,Marketing,Senior,52,11,3,Points,0.92,22.17,0.31,8.0,4.6,6,0
EMP-04974,Operations,Mid,38,3,1,Badge,0.25,5.89,0.57,7.5,3.8,3,0
EMP-04975,Engineering,Manager,57,9,10,Points,0.75,17.26,0.7,9.2,3.8,6,0
EMP-04976,Sales,Senior,35,12,3,Badge,1.0,1.98,1.0,9.3,4.0,4,0
EMP-04977,Engineering,Junior,3,3,4,Badge,0.25,1.59,0.14,5.1,4.7,2,0
EMP-04978,Engineering,Junior,11,2,4,Points,0.17,22.33,0.28,5.0,3.9,9,0
EMP-04979,Engineering,Junior,19,5,2,PTO,0.42,274.31,0.66,7.9,4.5,2,0
EMP-04980,Engineering,Senior,47,5,5,Monetary,0.42,186.82,0.57,6.8,4.7,9,0
EMP-04981,Customer Support,Junior,18,2,1,Monetary,0.17,181.18,0.76,5.3,3.4,3,0
EMP-04982,Engineering,Mid,37,6,4,Points,0.5,14.18,0.71,7.1,4.9,5,0
EMP-04983,Marketing,Junior,29,3,3,Points,0.25,31.72,0.65,6.5,5.0,4,0
EMP-04984,Operations,Manager,40,5,4,Monetary,0.42,138.87,0.82,6.0,3.9,4,0
EMP-04985,Marketing,Mid,41,4,1,Badge,0.33,4.61,0.45,6.6,4.7,5,0
EMP-04986,Engineering,Manager,66,11,4,Points,0.92,30.67,0.33,8.8,5.0,5,0
EMP-04987,Operations,Manager,61,10,8,PTO,0.83,81.31,0.64,8.7,4.6,4,0
EMP-04988,Marketing,Junior,52,10,0,Badge,0.83,8.99,0.53,8.5,5.0,5,0
EMP-04989,Operations,Mid,41,9,3,Badge,0.75,1.35,0.57,7.1,5.0,1,0
EMP-04990,Operations,Junior,2,3,1,Points,0.25,42.56,0.55,3.5,3.1,7,1
EMP-04991,Customer Support,Manager,65,9,8,Points,0.75,7.35,0.66,8.4,5.0,4,0
EMP-04992,Marketing,Mid,26,7,2,PTO,0.58,150.5,0.62,7.1,5.0,1,0
EMP-04993,Sales,Junior,6,6,1,Monetary,0.5,59.12,0.98,6.8,5.0,5,0
EMP-04994,Marketing,Junior,10,1,1,Badge,0.08,1.59,0.14,4.9,4.5,9,0
EMP-04995,Engineering,Mid,25,7,4,Monetary,0.58,142.96,0.53,7.1,3.3,4,0
EMP-04996,Customer Support,Manager,31,10,7,PTO,0.83,272.06,0.39,7.0,4.0,1,0
EMP-04997,Engineering,Senior,60,13,2,Badge,1.08,7.9,0.73,9.0,4.3,3,0
EMP-04998,Sales,Senior,28,13,6,Monetary,1.08,75.92,0.66,7.9,4.1,3,0
EMP-04999,Operations,Mid,3,4,1,Points,0.33,32.34,0.58,5.1,3.5,2,0
EMP-05000,Marketing,Junior,14,8,1,PTO,0.67,123.65,0.55,7.3,3.7,3,0
EMP-05001,Sales,Manager,39,14,6,Monetary,1.17,40.86,0.29,9.0,4.4,1,0
EMP-05002,Sales,Junior,6,4,1,Points,0.33,10.25,0.32,5.1,3.8,8,0
EMP-05003,Operations,Manager,87,7,9,Points,0.58,12.8,0.21,8.1,4.4,8,0
EMP-05004,Sales,Mid,12,5,3,PTO,0.42,215.2,0.87,8.2,4.4,4,0
EMP-05005,Customer Support,Junior,7,0,1,Points,0.0,11.03,0.0,2.8,3.4,9,1
EMP-05006,Engineering,Senior,36,6,5,Badge,0.5,5.76,0.56,7.1,4.6,6,0
EMP-05007,Operations,Manager,80,14,8,Points,1.17,5.06,0.18,8.9,4.7,3,0
EMP-05008,Operations,Manager,75,14,7,Monetary,1.17,153.03,0.4,9.5,4.6,3,0
EMP-05009,Engineering,Junior,18,4,0,Badge,0.33,2.58,0.81,7.4,5.0,3,0
EMP-05010,Sales,Junior,5,10,1,Points,0.83,30.61,0.97,7.1,4.7,7,0
EMP-05011,Engineering,Mid,50,7,2,Points,0.58,20.61,0.64,8.9,3.7,4,0
EMP-05012,Operations,Mid,28,6,1,Badge,0.5,5.34,0.44,6.9,3.9,3,0
EMP-05013,Marketing,Senior,40,10,4,Badge,0.83,1.94,0.47,8.5,5.0,7,0
EMP-05014,Marketing,Junior,12,7,2,Badge,0.58,6.19,0.71,7.0,3.5,2,0
EMP-05015,Engineering,Manager,100,4,10,Points,0.33,44.7,0.91,6.9,3.5,6,0
EMP-05016,Engineering,Mid,31,10,2,Badge,0.83,5.79,0.78,8.0,4.5,0,0
EMP-05017,Engineering,Senior,61,13,6,Badge,1.08,4.42,0.62,9.3,4.1,0,0
EMP-05018,Sales,Mid,38,10,2,PTO,0.83,168.4,0.47,7.2,3.7,3,0
EMP-05019,Marketing,Mid,54,6,5,Points,0.5,23.2,0.33,7.9,3.9,3,0
EMP-05020,Operations,Manager,58,14,8,Points,1.17,15.6,0.76,8.8,4.3,4,0
EMP-05021,Marketing,Mid,24,9,3,Monetary,0.75,91.49,0.34,6.6,3.8,6,0
EMP-05022,Sales,Senior,70,13,4,Badge,1.08,4.22,0.58,7.6,3.7,2,0
EMP-05023,Customer Support,Manager,65,9,8,Monetary,0.75,145.55,0.76,9.1,4.7,3,0
EMP-05024,Operations,Senior,56,10,3,Points,0.83,19.33,0.8,7.4,4.3,1,0
EMP-05025,Customer Support,Mid,28,7,1,Badge,0.58,3.77,0.59,6.3,3.5,0,0
EMP-05026,Marketing,Junior,3,3,0,Badge,0.25,6.23,0.94,4.8,2.9,7,0
EMP-05027,Engineering,Junior,16,4,4,Points,0.33,40.53,0.3,6.0,4.0,0,0
EMP-05028,Engineering,Junior,6,2,0,Badge,0.17,8.42,0.56,6.9,4.3,4,0
EMP-05029,Operations,Junior,7,2,3,Points,0.17,31.91,0.76,7.3,4.0,9,0
EMP-05030,Engineering,Junior,19,4,3,PTO,0.33,164.52,0.33,6.7,4.8,6,0
EMP-05031,Sales,Mid,22,8,2,PTO,0.67,215.3,0.62,7.4,4.7,7,0
EMP-05032,Marketing,Mid,25,8,6,PTO,0.67,57.72,0.71,8.7,4.8,3,0
EMP-05033,Marketing,Mid,67,10,2,Badge,0.83,5.61,0.83,6.6,3.9,3,0
EMP-05034,Marketing,Junior,19,4,2,Monetary,0.33,78.87,0.54,6.6,3.8,6,0
EMP-05035,Engineering,Junior,41,4,1,Badge,0.33,5.19,0.55,8.1,4.6,5,0
EMP-05036,Sales,Senior,77,16,2,Points,1.33,18.06,0.51,8.9,4.6,4,0
EMP-05037,Marketing,Mid,31,5,3,Points,0.42,13.15,0.65,7.9,4.3,3,0
EMP-05038,Customer Support,Mid,21,3,1,Monetary,0.25,67.48,0.22,7.7,3.9,3,0
EMP-05039,Operations,Mid,31,4,2,Badge,0.33,7.43,0.5,7.1,4.9,4,0
EMP-05040,Customer Support,Senior,51,5,4,Badge,0.42,3.75,0.88,6.7,3.6,3,0
EMP-05041,Operations,Mid,12,11,2,Points,0.92,37.62,0.46,7.2,4.7,3,0
EMP-05042,Marketing,Mid,31,9,2,PTO,0.75,237.89,0.69,7.9,5.0,2,0
EMP-05043,Engineering,Manager,83,11,12,Monetary,0.92,28.44,0.46,8.0,5.0,2,0
EMP-05044,Marketing,Senior,19,3,5,Badge,0.25,9.39,0.71,4.8,2.7,10,0
EMP-05045,Marketing,Mid,41,4,1,Badge,0.33,1.0,0.54,6.2,4.4,2,0
EMP-05046,Marketing,Mid,49,6,3,Points,0.5,26.22,0.59,7.7,4.3,6,0
EMP-05047,Sales,Junior,15,9,2,PTO,0.75,287.59,0.94,7.5,5.0,7,0
EMP-05048,Marketing,Mid,53,2,0,Badge,0.17,1.58,0.28,6.5,4.3,4,0
EMP-05049,Sales,Manager,50,17,6,Badge,1.42,1.92,0.61,8.5,4.1,0,0
EMP-05050,Sales,Mid,27,12,1,Points,1.0,15.53,0.79,9.6,4.6,2,0
EMP-05051,Engineering,Manager,56,18,6,Monetary,1.5,170.3,0.8,8.9,4.0,6,0
EMP-05052,Operations,Mid,27,8,2,Points,0.67,42.86,0.39,7.4,4.7,1,0
EMP-05053,Engineering,Manager,31,9,3,PTO,0.75,275.14,0.41,8.2,5.0,8,0
EMP-05054,Engineering,Mid,32,5,0,Points,0.42,27.74,0.26,8.5,4.9,2,0
EMP-05055,Sales,Junior,2,4,1,Badge,0.33,9.02,0.51,5.1,3.7,7,0
EMP-05056,Marketing,Mid,41,8,2,Badge,0.67,2.69,0.6,7.2,4.5,1,0
EMP-05057,Sales,Junior,4,6,2,Monetary,0.5,131.78,0.79,7.0,4.3,4,0
EMP-05058,Engineering,Junior,30,4,4,Monetary,0.33,99.96,0.31,7.9,3.6,1,0
EMP-05059,Marketing,Senior,77,7,5,Points,0.58,17.95,0.51,7.2,3.6,5,0
EMP-05060,Sales,Junior,7,6,2,PTO,0.5,240.64,0.84,5.6,3.4,3,0
EMP-05061,Customer Support,Senior,22,5,9,Monetary,0.42,153.72,0.52,5.7,4.5,3,0
EMP-05062,Customer Support,Junior,5,2,2,Points,0.17,38.7,0.79,4.9,4.0,8,0
EMP-05063,Sales,Junior,3,3,2,Badge,0.25,5.98,0.38,2.0,2.3,17,1
EMP-05064,Sales,Manager,80,14,6,Monetary,1.17,83.99,0.77,8.6,3.8,4,0
EMP-05065,Operations,Mid,43,6,3,Points,0.5,35.23,0.58,8.2,5.0,5,0
EMP-05066,Engineering,Mid,42,9,3,Points,0.75,14.05,0.59,8.1,4.5,3,0
EMP-05067,Sales,Mid,20,12,1,Monetary,1.0,68.49,0.48,8.6,3.8,1,0
EMP-05068,Sales,Mid,23,2,4,Badge,0.17,9.57,0.62,5.4,3.1,1,0
EMP-05069,Customer Support,Manager,44,12,5,Badge,1.0,5.44,0.91,8.8,4.5,4,0
EMP-05070,Engineering,Senior,42,12,6,Badge,1.0,7.16,0.56,8.7,5.0,5,0
EMP-05071,Marketing,Mid,35,8,6,Monetary,0.67,104.7,0.65,7.3,4.8,4,0
EMP-05072,Operations,Senior,34,11,5,Monetary,0.92,25.3,0.9,7.6,4.8,2,0
EMP-05073,Sales,Junior,7,4,4,Badge,0.33,5.11,0.96,5.3,3.8,6,0
EMP-05074,Engineering,Mid,5,9,2,Points,0.75,29.28,0.83,4.7,2.8,9,0
EMP-05075,Customer Support,Manager,52,9,7,Points,0.75,9.36,0.14,5.8,4.2,4,0
EMP-05076,Sales,Mid,43,8,5,PTO,0.67,102.95,1.0,6.7,4.3,2,0
EMP-05077,Marketing,Senior,52,6,1,Points,0.5,10.64,0.66,8.1,4.0,4,0
EMP-05078,Engineering,Senior,61,6,5,Points,0.5,44.71,0.72,7.8,3.9,1,0
EMP-05079,Sales,Senior,15,12,6,Points,1.0,6.36,0.55,9.4,4.0,5,0
EMP-05080,Sales,Manager,65,11,9,Points,0.92,39.19,0.95,10.0,5.0,5,0
EMP-05081,Engineering,Junior,3,2,2,Badge,0.17,4.31,0.49,3.8,2.4,13,1
EMP-05082,Engineering,Junior,11,2,1,Points,0.17,5.12,0.35,7.3,3.7,6,0
EMP-05083,Operations,Mid,42,9,2,Badge,0.75,4.49,0.6,7.4,4.2,1,0
EMP-05084,Engineering,Senior,46,9,2,Points,0.75,48.99,0.59,6.8,5.0,7,0
EMP-05085,Engineering,Junior,8,1,1,Points,0.08,25.25,0.94,5.0,3.5,11,0
EMP-05086,Sales,Junior,8,4,0,Badge,0.33,2.73,0.24,4.0,2.9,13,0
EMP-05087,Operations,Mid,49,8,1,Monetary,0.67,186.01,0.78,8.6,4.1,5,0
EMP-05088,Engineering,Manager,52,13,3,PTO,1.08,70.12,0.96,9.7,3.8,8,0
EMP-05089,Marketing,Senior,22,6,3,Points,0.5,39.06,0.74,8.5,4.3,4,0
EMP-05090,Engineering,Mid,22,3,1,Points,0.25,16.12,0.55,5.5,4.0,2,0
EMP-05091,Engineering,Junior,23,6,3,Monetary,0.5,148.91,0.12,6.6,4.2,3,0
EMP-05092,Engineering,Mid,52,9,2,Points,0.75,11.24,0.67,7.5,4.5,6,0
EMP-05093,Operations,Junior,11,5,3,Points,0.42,7.17,0.56,6.1,4.3,6,0
EMP-05094,Engineering,Junior,15,4,1,Points,0.33,35.62,0.73,6.6,4.7,6,0
EMP-05095,Engineering,Manager,90,10,7,Monetary,0.83,91.05,0.29,7.6,3.4,3,0
EMP-05096,Sales,Manager,55,18,6,Monetary,1.5,198.14,0.81,10.0,3.7,3,0
EMP-05097,Operations,Junior,15,3,1,Monetary,0.25,123.25,0.28,6.1,4.0,6,0
EMP-05098,Engineering,Junior,1,2,1,Points,0.17,7.45,0.23,2.7,3.4,7,1
EMP-05099,Sales,Mid,33,14,0,Monetary,1.17,49.7,0.96,8.1,5.0,7,0
EMP-05100,Engineering,Mid,21,6,2,Monetary,0.5,182.28,0.31,8.0,5.0,2,0
EMP-05101,Sales,Junior,8,1,1,PTO,0.08,67.68,0.7,8.2,3.8,7,0
EMP-05102,Marketing,Mid,27,5,3,Points,0.42,29.26,0.54,5.7,3.8,11,0
EMP-05103,Marketing,Junior,12,3,2,PTO,0.25,54.35,0.47,6.2,4.6,1,0
EMP-05104,Sales,Senior,41,12,3,Points,1.0,37.31,0.65,8.1,4.2,5,0
EMP-05105,Sales,Senior,30,10,3,Badge,0.83,1.4,1.0,7.1,4.5,5,0
EMP-05106,Engineering,Mid,28,11,1,Badge,0.92,1.8,0.52,8.2,5.0,4,0
EMP-05107,Sales,Mid,40,6,2,Monetary,0.5,74.47,0.85,6.6,3.8,3,0
EMP-05108,Engineering,Manager,62,16,6,Points,1.33,5.13,0.68,9.7,5.0,4,0
EMP-05109,Operations,Manager,59,10,2,Monetary,0.83,116.75,0.77,9.2,5.0,7,0
EMP-05110,Customer Support,Junior,20,2,1,Points,0.17,48.69,0.47,6.1,3.1,3,0
EMP-05111,Customer Support,Junior,21,5,1,Points,0.42,36.27,0.39,5.9,3.8,4,0
EMP-05112,Customer Support,Mid,39,8,2,Badge,0.67,9.53,0.49,6.6,4.6,4,0
EMP-05113,Marketing,Junior,1,4,0,Badge,0.33,1.3,0.55,3.1,3.8,11,1
EMP-05114,Operations,Mid,40,10,2,PTO,0.83,110.26,0.72,6.8,4.2,2,0
EMP-05115,Sales,Mid,3,8,3,Monetary,0.67,85.81,0.85,7.8,4.8,5,0
EMP-05116,Marketing,Mid,30,8,2,Badge,0.67,7.43,0.61,6.9,4.1,5,0
EMP-05117,Sales,Mid,4,5,4,Monetary,0.42,199.29,0.34,6.7,3.9,3,0
EMP-05118,Sales,Mid,12,4,3,Badge,0.33,8.56,0.87,6.5,3.7,3,0
EMP-05119,Operations,Manager,35,6,13,Badge,0.5,5.86,0.58,8.5,5.0,3,0
EMP-05120,Sales,Junior,2,7,1,PTO,0.58,196.19,1.0,4.9,3.6,3,0
EMP-05121,Sales,Senior,31,11,1,Monetary,0.92,159.8,0.84,7.1,4.2,5,0
EMP-05122,Customer Support,Junior,2,3,2,Points,0.25,13.48,0.96,3.1,2.6,10,1
EMP-05123,Engineering,Junior,12,3,0,Points,0.25,42.03,0.57,7.1,3.1,5,0
EMP-05124,Sales,Mid,30,5,1,Badge,0.42,7.39,0.78,7.5,4.0,3,0
EMP-05125,Customer Support,Junior,4,0,0,PTO,0.0,67.09,0.0,1.7,3.2,5,1
EMP-05126,Marketing,Junior,2,3,3,Monetary,0.25,32.28,0.49,5.1,3.5,6,0
EMP-05127,Marketing,Junior,21,3,1,Badge,0.25,1.54,0.93,5.3,3.5,3,0
EMP-05128,Engineering,Mid,41,4,2,Monetary,0.33,139.34,0.37,7.3,4.7,2,0
EMP-05129,Sales,Senior,47,13,4,Points,1.08,47.93,0.85,10.0,5.0,1,0
EMP-05130,Operations,Junior,4,1,2,Badge,0.08,1.12,0.52,6.4,3.9,7,0
EMP-05131,Marketing,Senior,51,7,5,Points,0.58,32.4,0.8,7.2,4.3,4,0
EMP-05132,Sales,Junior,11,4,1,Badge,0.33,5.95,0.88,5.1,3.9,8,0
EMP-05133,Engineering,Mid,26,3,3,Badge,0.25,1.7,0.61,6.6,3.9,3,0
EMP-05134,Engineering,Mid,51,8,3,PTO,0.67,115.78,0.73,10.0,5.0,6,0
EMP-05135,Customer Support,Senior,70,12,3,Badge,1.0,5.39,0.54,8.0,4.1,7,0
EMP-05136,Sales,Manager,75,7,12,Badge,0.58,3.36,0.86,7.6,4.2,4,0
EMP-05137,Marketing,Manager,69,11,9,Badge,0.92,1.58,0.59,7.4,4.7,3,0
EMP-05138,Engineering,Junior,8,2,2,Points,0.17,24.33,0.97,7.2,4.4,6,0
EMP-05139,Operations,Manager,89,16,5,Badge,1.33,0.9,0.6,9.5,4.4,3,0
EMP-05140,Customer Support,Junior,14,1,1,Points,0.08,31.11,0.73,3.9,2.7,10,1
EMP-05141,Marketing,Manager,42,9,7,Monetary,0.75,50.27,0.52,7.7,,3,0
EMP-05142,Engineering,Junior,8,6,1,Badge,0.5,7.29,0.91,5.2,3.6,4,0
EMP-05143,Marketing,Mid,26,3,2,Badge,0.25,5.47,0.64,6.6,4.3,1,0
EMP-05144,Operations,Junior,8,2,0,Monetary,0.17,38.77,0.53,3.9,3.1,6,1
EMP-05145,Sales,Junior,2,6,2,Points,0.5,15.03,0.56,4.9,3.4,5,0
EMP-05146,Customer Support,Senior,30,5,7,Points,0.42,24.31,0.76,7.4,5.0,8,0
EMP-05147,Marketing,Manager,54,11,10,Badge,0.92,3.94,0.53,9.1,5.0,5,0
EMP-05148,Customer Support,Mid,3,4,1,Points,0.33,42.15,0.58,5.2,3.0,5,0
EMP-05149,Marketing,Senior,53,12,9,Monetary,1.0,134.86,0.89,9.5,4.3,5,0
EMP-05150,Engineering,Senior,23,11,7,Points,0.92,44.9,0.52,8.7,4.5,4,0
EMP-05151,Sales,Junior,1,6,2,Monetary,0.5,121.48,0.45,5.7,4.4,6,0
EMP-05152,Engineering,Junior,18,4,0,Monetary,0.33,80.06,0.51,7.1,4.2,3,0
EMP-05153,Customer Support,Junior,12,3,1,Monetary,0.25,30.56,0.69,6.4,3.2,8,0
EMP-05154,Operations,Mid,29,4,4,Points,0.33,14.5,0.31,7.2,3.8,8,0
EMP-05155,Marketing,Junior,4,7,2,Monetary,0.58,70.03,0.28,4.6,3.6,4,0
EMP-05156,Sales,Junior,1,3,1,PTO,0.25,72.78,1.0,5.1,3.1,8,0
EMP-05157,Engineering,Junior,24,5,0,Badge,0.42,5.3,0.46,6.7,5.0,2,0
EMP-05158,Operations,Junior,2,4,1,Badge,0.33,6.38,0.73,6.2,4.0,3,0
EMP-05159,Sales,Manager,59,11,5,Points,0.92,7.27,0.85,8.9,4.7,3,0
EMP-05160,Engineering,Junior,4,3,0,PTO,0.25,136.3,0.94,4.8,4.0,8,0
EMP-05161,Marketing,Mid,40,6,1,Badge,0.5,0.27,0.84,8.1,4.1,5,0
EMP-05162,Engineering,Mid,37,12,3,Points,1.0,37.79,0.71,8.4,4.5,4,0
EMP-05163,Sales,Mid,35,13,2,Monetary,1.08,112.35,0.7,9.2,5.0,6,0
EMP-05164,Sales,Junior,5,5,1,Points,0.42,36.14,0.84,6.1,3.7,5,0
EMP-05165,Engineering,Mid,10,9,3,Points,0.75,32.85,0.4,5.2,3.5,4,0
EMP-05166,Customer Support,Junior,30,5,3,Points,0.42,43.44,0.57,4.0,4.0,3,0
EMP-05167,Engineering,Mid,3,6,1,PTO,0.5,269.47,0.6,6.1,3.5,7,0
EMP-05168,Engineering,Junior,14,1,2,Badge,0.08,5.59,0.38,6.8,3.8,5,0
EMP-05169,Engineering,Mid,19,10,2,Points,0.83,25.8,0.59,7.7,5.0,2,0
EMP-05170,Operations,Senior,38,8,4,Badge,0.67,9.91,0.51,6.2,3.3,4,0
EMP-05171,Sales,Mid,19,4,3,Points,0.33,13.69,0.71,7.3,3.5,3,0
EMP-05172,Marketing,Mid,17,3,1,Badge,0.25,6.39,0.82,7.5,3.0,4,0
EMP-05173,Engineering,Mid,39,7,2,PTO,0.58,205.01,0.74,8.4,4.4,4,0
EMP-05174,Engineering,Senior,29,6,1,PTO,0.5,289.23,0.69,9.5,4.4,4,0
EMP-05175,Sales,Junior,1,2,1,Monetary,0.17,41.5,0.59,4.5,4.3,5,0
EMP-05176,Operations,Senior,72,9,3,Points,0.75,47.65,0.92,6.8,4.8,6,0
EMP-05177,Customer Support,Senior,25,5,5,Monetary,0.42,158.72,0.85,5.5,3.8,3,0
EMP-05178,Engineering,Mid,25,5,8,Badge,0.42,1.29,0.17,7.3,4.9,2,0
EMP-05179,Marketing,Junior,1,0,1,Points,0.0,13.79,0.0,1.5,3.5,10,1
EMP-05180,Customer Support,Mid,27,2,3,Points,0.17,17.39,0.71,6.5,3.3,0,0
EMP-05181,Sales,Junior,1,4,2,Badge,0.33,6.77,0.34,5.1,4.2,6,0
EMP-05182,Operations,Junior,21,4,3,Badge,0.33,7.49,0.25,6.4,4.4,3,0
EMP-05183,Engineering,Junior,12,3,0,Badge,0.25,7.37,0.62,7.6,3.9,4,0
EMP-05184,Customer Support,Junior,1,2,1,Points,0.17,34.36,0.61,4.4,2.5,7,0
EMP-05185,Operations,Mid,8,6,0,Monetary,0.5,48.47,0.4,7.2,3.3,2,0
EMP-05186,Customer Support,Senior,36,2,5,Badge,0.17,0.43,0.58,4.5,3.6,1,0
EMP-05187,Marketing,Junior,10,1,1,Badge,0.08,2.77,0.47,5.7,4.2,7,0
EMP-05188,Sales,Manager,21,10,5,Points,0.83,32.03,0.48,9.4,4.6,3,0
EMP-05189,Customer Support,Manager,106,8,4,Badge,0.67,3.53,0.89,9.0,4.6,2,0
EMP-05190,Engineering,Manager,45,12,6,Points,1.0,43.24,0.64,9.7,4.1,3,0
EMP-05191,Sales,Senior,41,7,6,Badge,0.58,8.21,0.77,7.4,4.6,3,0
EMP-05192,Operations,Mid,37,11,2,Monetary,0.92,63.14,0.55,7.4,4.0,2,0
EMP-05193,Operations,Junior,34,6,1,PTO,0.5,214.77,0.99,8.7,4.8,7,0
EMP-05194,Customer Support,Mid,34,3,2,Points,0.25,42.36,0.32,6.4,4.7,1,0
EMP-05195,Engineering,Mid,41,10,5,Badge,0.83,9.0,0.8,9.0,4.7,3,0
EMP-05196,Operations,Senior,34,6,3,Points,0.5,24.24,0.64,7.9,4.8,5,0
EMP-05197,Operations,Manager,62,16,10,Badge,1.33,9.07,0.63,9.7,3.8,3,0
EMP-05198,Engineering,Mid,22,7,4,PTO,0.58,235.19,0.64,9.2,4.4,6,0
EMP-05199,Sales,Mid,47,9,1,Points,0.75,18.35,0.66,7.1,5.0,6,0
EMP-05200,Sales,Junior,23,9,1,Points,0.75,20.37,0.89,8.6,4.1,6,0
EMP-05201,Sales,Junior,5,5,1,Points,0.42,11.25,0.86,5.5,3.8,1,0
EMP-05202,Customer Support,Mid,20,7,1,PTO,0.58,144.79,0.66,6.0,4.1,6,0
EMP-05203,Marketing,Mid,15,3,3,Badge,0.25,3.64,0.73,7.2,3.2,7,0
EMP-05204,Operations,Senior,49,8,5,PTO,0.67,206.08,0.63,7.8,5.0,3,0
EMP-05205,Customer Support,Mid,4,4,6,Badge,0.33,3.07,0.56,6.1,4.0,5,0
EMP-05206,Sales,Manager,40,15,9,Badge,1.25,4.21,0.41,7.3,5.0,2,0
EMP-05207,Operations,Mid,35,6,4,Points,0.5,10.92,0.2,6.1,4.7,3,0
EMP-05208,Sales,Senior,32,12,5,PTO,1.0,232.83,0.44,7.5,4.1,7,0
EMP-05209,Customer Support,Junior,26,0,3,Badge,0.0,0.41,0.0,2.9,4.0,8,1
EMP-05210,Engineering,Senior,54,11,5,Points,0.92,38.68,0.77,8.5,4.7,1,0
EMP-05211,Customer Support,Senior,40,10,6,Points,0.83,13.01,0.23,4.6,3.5,5,0
EMP-05212,Engineering,Junior,3,3,1,PTO,0.25,295.26,0.3,5.6,3.4,4,0
EMP-05213,Sales,Junior,30,9,2,Monetary,0.75,198.05,0.67,6.8,4.0,4,0
EMP-05214,Operations,Manager,77,10,4,Badge,0.83,9.94,0.44,7.2,5.0,2,0
EMP-05215,Sales,Junior,1,5,3,Badge,0.42,0.13,0.97,5.9,4.5,3,0
EMP-05216,Marketing,Mid,39,6,5,Monetary,0.5,62.97,0.39,8.7,5.0,7,0
EMP-05217,Sales,Mid,47,10,3,PTO,0.83,188.39,0.7,9.2,4.6,3,0
EMP-05218,Operations,Senior,53,13,5,Points,1.08,38.03,0.91,9.2,3.9,3,0
EMP-05219,Engineering,Senior,72,10,5,Badge,0.83,8.16,0.78,8.0,4.6,1,0
EMP-05220,Engineering,Mid,42,8,4,Points,0.67,11.09,0.55,6.6,4.8,5,0
EMP-05221,Sales,Mid,22,5,1,Points,0.42,43.51,0.86,6.0,3.8,4,0
EMP-05222,Sales,Manager,83,14,11,Points,1.17,36.45,0.92,10.0,4.7,2,0
EMP-05223,Engineering,Senior,52,5,2,PTO,0.42,122.46,0.33,8.0,4.3,1,0
EMP-05224,Sales,Manager,52,12,6,Badge,1.0,0.08,0.83,9.4,4.5,4,0
EMP-05225,Sales,Mid,33,14,1,Badge,1.17,9.13,0.66,8.6,4.1,4,0
EMP-05226,Engineering,Junior,2,4,1,Points,0.33,13.92,0.47,4.3,3.9,6,0
EMP-05227,Marketing,Mid,45,9,4,Points,0.75,21.4,0.77,8.1,4.5,3,0
EMP-05228,Customer Support,Senior,80,9,7,Badge,0.75,8.5,0.74,7.0,4.0,3,0
EMP-05229,Engineering,Junior,20,1,3,Monetary,0.08,141.07,0.36,5.4,4.0,5,0
EMP-05230,Marketing,Junior,6,3,0,Points,0.25,10.96,0.79,5.3,2.8,7,0
EMP-05231,Marketing,Junior,1,4,3,Points,0.33,49.07,0.7,5.7,3.6,5,0
EMP-05232,Sales,Mid,39,9,2,Badge,0.75,3.19,0.96,7.8,5.0,4,0
EMP-05233,Operations,Senior,49,14,8,Points,1.17,31.76,0.54,9.6,4.7,5,0
EMP-05234,Sales,Junior,11,5,0,Monetary,0.42,134.92,0.97,5.3,3.6,7,0
EMP-05235,Sales,Senior,59,17,7,Points,1.42,30.54,0.59,9.2,5.0,6,0
EMP-05236,Engineering,Manager,28,11,3,Badge,0.92,5.79,0.76,7.6,4.2,5,0
EMP-05237,Operations,Junior,70,9,1,Points,0.75,15.92,0.39,6.8,3.6,4,0
EMP-05238,Marketing,Senior,57,10,4,Points,0.83,48.2,0.66,9.6,5.0,5,0
EMP-05239,Engineering,Manager,44,5,5,Badge,0.42,4.88,0.82,8.2,4.5,3,0
EMP-05240,Sales,Manager,90,13,8,Monetary,1.08,49.56,0.69,10.0,4.8,3,0
EMP-05241,Customer Support,Junior,9,1,1,PTO,0.08,262.38,0.46,4.9,2.8,15,0
EMP-05242,Sales,Junior,6,9,2,Points,0.75,11.62,0.67,5.5,3.7,6,0
EMP-05243,Sales,Junior,26,4,2,Points,0.33,43.81,0.25,6.6,4.5,5,0
EMP-05244,Customer Support,Senior,69,4,4,Points,0.33,30.21,0.42,5.7,3.5,0,0
EMP-05245,Operations,Senior,46,4,1,PTO,0.33,60.98,0.4,4.8,,4,0
EMP-05246,Marketing,Senior,53,8,4,PTO,0.67,80.68,0.54,8.0,4.7,4,0
EMP-05247,Operations,Mid,35,8,1,Badge,0.67,9.44,0.14,7.6,5.0,4,0
EMP-05248,Customer Support,Junior,15,4,0,Badge,0.33,1.28,0.53,4.0,3.4,2,0
EMP-05249,Sales,Mid,25,6,2,Points,0.5,31.4,0.87,7.3,3.4,4,0
EMP-05250,Sales,Mid,44,11,3,PTO,0.92,128.47,0.73,8.6,4.5,2,0
EMP-05251,Sales,Senior,30,11,2,Monetary,0.92,164.52,0.49,7.2,5.0,2,0
EMP-05252,Customer Support,Mid,29,6,2,Points,0.5,40.75,0.62,5.8,3.8,3,0
EMP-05253,Operations,Mid,41,7,3,Badge,0.58,7.97,0.79,8.3,3.7,7,0
EMP-05254,Engineering,Junior,2,2,2,Points,0.17,14.34,0.35,3.1,4.0,10,1
EMP-05255,Customer Support,Junior,22,3,1,Badge,0.25,7.11,0.72,6.4,4.6,3,0
EMP-05256,Sales,Junior,3,5,0,Monetary,0.42,40.98,0.44,2.6,2.8,10,1
EMP-05257,Engineering,Junior,18,3,4,Monetary,0.25,38.41,0.68,8.2,4.9,2,0
EMP-05258,Marketing,Mid,43,9,3,Points,0.75,23.4,0.78,8.8,5.0,5,0
EMP-05259,Sales,Junior,8,4,0,Badge,0.33,5.97,1.0,5.8,3.5,6,0
EMP-05260,Customer Support,Junior,15,4,0,Points,0.33,19.09,0.59,5.1,3.7,4,0
EMP-05261,Engineering,Senior,23,10,1,Points,0.83,18.74,0.66,9.0,4.5,2,0
EMP-05262,Operations,Mid,13,6,4,Badge,0.5,0.75,0.38,6.9,3.9,5,0
EMP-05263,Marketing,Senior,48,11,4,PTO,0.92,99.0,0.92,6.8,,3,0
EMP-05264,Engineering,Senior,50,9,7,Points,0.75,32.46,0.84,8.4,3.9,2,0
EMP-05265,Customer Support,Mid,57,7,1,Monetary,0.58,144.2,0.72,7.2,4.6,4,0
EMP-05266,Sales,Manager,41,11,8,Points,0.92,45.84,0.28,6.9,5.0,7,0
EMP-05267,Sales,Junior,1,0,0,Badge,0.0,3.75,0.0,1.7,3.2,6,1
EMP-05268,Sales,Senior,53,15,3,Points,1.25,15.64,1.0,10.0,4.8,7,0
EMP-05269,Operations,Manager,60,17,6,Points,1.42,37.37,0.44,8.6,5.0,3,0
EMP-05270,Sales,Senior,60,13,4,Badge,1.08,6.73,0.84,7.5,3.7,5,0
EMP-05271,Engineering,Junior,6,1,0,Monetary,0.08,73.18,0.45,3.1,2.3,14,1
EMP-05272,Engineering,Mid,16,4,0,Points,0.33,39.6,0.58,8.8,4.3,5,0
EMP-05273,Sales,Junior,12,5,3,Badge,0.42,2.01,0.71,6.4,3.4,6,0
EMP-05274,Operations,Mid,27,6,0,Points,0.5,20.65,0.51,7.5,3.2,2,0
EMP-05275,Sales,Senior,24,11,2,Monetary,0.92,67.91,0.65,8.6,4.3,6,0
EMP-05276,Engineering,Mid,44,7,3,Badge,0.58,6.49,0.62,8.4,5.0,9,0
EMP-05277,Engineering,Mid,56,4,1,Points,0.33,27.13,0.78,8.8,5.0,6,0
EMP-05278,Sales,Senior,80,16,7,Monetary,1.33,153.44,0.52,8.6,3.3,7,0
EMP-05279,Customer Support,Mid,45,15,4,Badge,1.25,1.08,0.89,6.8,2.9,4,0
EMP-05280,Sales,Senior,42,11,5,PTO,0.92,114.19,0.79,7.7,3.8,3,0
EMP-05281,Customer Support,Senior,48,8,4,Points,0.67,26.83,0.66,7.1,4.4,5,0
EMP-05282,Sales,Junior,27,5,2,Points,0.42,7.55,0.97,6.8,4.8,3,0
EMP-05283,Engineering,Mid,24,8,3,Badge,0.67,7.31,0.43,7.0,3.7,3,0
EMP-05284,Customer Support,Junior,6,3,2,Badge,0.25,2.82,0.69,6.1,4.1,8,0
EMP-05285,Sales,Mid,35,14,4,PTO,1.17,200.95,0.28,8.6,5.0,6,0
EMP-05286,Operations,Manager,54,11,10,PTO,0.92,275.34,0.59,6.9,3.4,3,0
EMP-05287,Customer Support,Manager,76,10,5,Points,0.83,16.4,0.76,8.2,4.2,6,0
EMP-05288,Engineering,Mid,17,4,4,Badge,0.33,7.47,0.8,7.0,3.8,4,0
EMP-05289,Engineering,Junior,12,4,0,Badge,0.33,6.33,0.61,6.5,3.8,7,0
EMP-05290,Operations,Junior,3,7,3,Badge,0.58,1.8,0.69,6.9,4.8,3,0
EMP-05291,Sales,Mid,3,7,1,Badge,0.58,7.34,1.0,7.9,4.8,4,0
EMP-05292,Engineering,Junior,1,4,4,Points,0.33,7.76,0.27,4.9,3.6,3,0
EMP-05293,Engineering,Mid,27,5,4,Badge,0.42,5.19,0.54,7.0,3.9,2,0
EMP-05294,Engineering,Junior,3,3,0,Monetary,0.25,45.8,0.47,6.6,4.5,5,0
EMP-05295,Operations,Mid,14,4,1,Points,0.33,35.89,0.75,7.4,4.3,1,0
EMP-05296,Engineering,Junior,17,4,0,Monetary,0.33,78.23,0.5,7.3,4.2,7,0
EMP-05297,Sales,Manager,51,8,4,Badge,0.67,8.06,0.64,7.7,4.6,6,0
EMP-05298,Marketing,Senior,52,13,4,Points,1.08,27.03,0.87,9.0,4.1,2,0
EMP-05299,Sales,Mid,15,7,2,PTO,0.58,70.13,0.32,7.4,4.4,3,0
EMP-05300,Engineering,Junior,52,4,1,Monetary,0.33,129.65,0.65,6.5,3.4,3,0
EMP-05301,Operations,Mid,27,10,1,Monetary,0.83,27.28,0.58,7.2,4.0,5,0
EMP-05302,Engineering,Junior,4,4,3,Points,0.33,18.22,0.91,6.8,4.4,5,0
EMP-05303,Operations,Mid,49,9,4,PTO,0.75,117.23,0.96,8.8,4.8,6,0
EMP-05304,Customer Support,Senior,54,11,7,PTO,0.92,295.13,0.53,6.8,4.2,5,0
EMP-05305,Sales,Mid,31,8,3,Badge,0.67,2.44,0.54,8.3,4.8,2,0
EMP-05306,Marketing,Mid,33,6,2,Points,0.5,35.45,0.31,6.7,3.5,8,0
EMP-05307,Sales,Mid,24,10,5,Points,0.83,16.57,0.74,7.1,5.0,6,0
EMP-05308,Sales,Manager,95,19,8,PTO,1.58,69.87,0.13,8.8,4.3,7,0
EMP-05309,Customer Support,Manager,45,8,6,Badge,0.67,0.63,0.32,6.2,4.4,3,0
EMP-05310,Customer Support,Mid,32,6,4,Badge,0.5,9.26,0.91,7.2,4.3,3,0
EMP-05311,Sales,Mid,31,4,5,PTO,0.33,74.14,0.23,6.7,4.1,3,0
EMP-05312,Marketing,Mid,44,7,2,Badge,0.58,8.31,0.67,7.4,4.3,3,0
EMP-05313,Customer Support,Junior,1,2,3,Points,0.17,29.46,0.47,3.4,3.2,6,1
EMP-05314,Customer Support,Mid,29,2,6,Points,0.17,24.44,0.75,6.2,3.5,3,0
EMP-05315,Sales,Mid,41,8,2,Points,0.67,49.87,1.0,7.9,4.6,1,0
EMP-05316,Sales,Junior,24,7,4,Points,0.58,45.1,0.69,7.2,5.0,4,0
EMP-05317,Engineering,Junior,23,3,1,PTO,0.25,109.66,0.5,7.2,3.9,4,0
EMP-05318,Customer Support,Mid,37,6,2,Points,0.5,31.95,0.5,7.0,4.0,5,0
EMP-05319,Engineering,Manager,53,10,4,Points,0.83,12.11,0.75,8.5,4.2,7,0
EMP-05320,Marketing,Mid,28,6,5,Points,0.5,31.89,0.41,8.0,4.1,6,0
EMP-05321,Sales,Senior,62,13,5,Points,1.08,10.66,0.33,7.8,3.0,2,0
EMP-05322,Engineering,Mid,12,9,2,Monetary,0.75,134.78,0.84,7.2,4.7,1,0
EMP-05323,Sales,Mid,26,11,0,Badge,0.92,9.73,0.76,7.7,4.7,5,0
EMP-05324,Customer Support,Mid,37,3,0,Points,0.25,31.18,0.61,6.2,3.4,3,0
EMP-05325,Engineering,Senior,30,9,6,Points,0.75,10.65,0.58,8.6,5.0,3,0
EMP-05326,Marketing,Junior,3,5,1,PTO,0.42,249.95,0.47,5.6,4.0,3,0
EMP-05327,Engineering,Mid,30,6,1,Badge,0.5,3.32,0.73,8.9,4.4,4,0
EMP-05328,Engineering,Junior,8,4,0,Points,0.33,9.23,0.48,4.4,2.6,9,0
EMP-05329,Sales,Mid,26,8,3,Points,0.67,34.51,0.31,6.4,3.8,1,0
EMP-05330,Sales,Manager,59,11,14,Points,0.92,42.38,0.78,8.7,5.0,3,0
EMP-05331,Engineering,Junior,6,3,2,Points,0.25,26.72,0.95,7.2,3.1,5,0
EMP-05332,Sales,Mid,12,5,1,Points,0.42,46.92,0.44,7.0,4.5,6,0
EMP-05333,Engineering,Mid,30,4,2,Badge,0.33,6.82,0.33,6.1,4.0,4,0
EMP-05334,Sales,Senior,51,10,3,Points,0.83,33.13,0.59,7.4,4.3,4,0
EMP-05335,Customer Support,Mid,8,3,2,Monetary,0.25,86.89,0.5,4.5,3.4,3,0
EMP-05336,Customer Support,Senior,51,10,3,Points,0.83,19.04,0.48,6.5,4.1,6,0
EMP-05337,Sales,Senior,31,21,3,PTO,1.75,120.73,0.71,9.3,4.7,2,0
EMP-05338,Marketing,Mid,18,8,3,Badge,0.67,9.58,0.6,6.2,4.7,5,0
EMP-05339,Customer Support,Mid,40,2,4,Points,0.17,34.27,0.83,8.4,3.7,4,0
EMP-05340,Engineering,Mid,58,8,5,Points,0.67,31.74,0.69,8.9,4.8,4,0
EMP-05341,Operations,Senior,48,5,8,Badge,0.42,3.2,0.12,6.6,3.7,0,0
EMP-05342,Customer Support,Junior,18,2,2,Monetary,0.17,86.91,0.33,5.9,3.5,8,0
EMP-05343,Engineering,Mid,18,3,4,Points,0.25,17.56,0.73,7.0,3.8,5,0
EMP-05344,Engineering,Senior,57,7,5,Points,0.58,12.05,0.58,9.3,4.3,3,0
EMP-05345,Customer Support,Mid,31,4,2,Badge,0.33,9.2,0.72,6.1,4.4,5,0
EMP-05346,Marketing,Mid,42,3,2,Points,0.25,31.21,0.81,7.0,3.6,6,0
EMP-05347,Engineering,Mid,57,15,2,Badge,1.25,7.33,0.66,9.5,5.0,3,0
EMP-05348,Engineering,Junior,8,1,2,Points,0.08,26.38,0.31,7.5,4.8,5,0
EMP-05349,Sales,Mid,19,8,3,Monetary,0.67,34.97,0.46,8.7,5.0,4,0
EMP-05350,Operations,Mid,33,7,3,Points,0.58,26.15,0.19,7.9,4.8,3,0
EMP-05351,Operations,Manager,87,5,8,PTO,0.42,60.58,0.86,8.7,4.3,5,0
EMP-05352,Customer Support,Junior,8,2,2,Points,0.17,47.58,0.62,6.3,2.7,8,0
EMP-05353,Sales,Senior,71,8,4,Points,0.67,20.43,0.57,6.9,3.1,5,0
EMP-05354,Marketing,Mid,34,8,3,Points,0.67,11.93,0.68,8.9,4.3,5,0
EMP-05355,Marketing,Junior,8,4,1,Monetary,0.33,64.73,0.44,6.7,3.8,5,0
EMP-05356,Sales,Senior,17,9,5,Badge,0.75,9.11,0.86,7.3,3.7,2,0
EMP-05357,Engineering,Junior,1,3,1,Points,0.25,14.32,0.53,5.4,3.2,6,0
EMP-05358,Customer Support,Manager,57,12,14,Points,1.0,10.99,0.59,8.0,3.9,2,0
EMP-05359,Operations,Manager,58,16,11,Badge,1.33,6.17,0.43,8.6,4.4,2,0
EMP-05360,Sales,Junior,27,6,0,Points,0.5,9.24,0.55,6.9,3.7,0,0
EMP-05361,Marketing,Junior,15,4,1,PTO,0.33,168.01,0.16,7.2,5.0,4,0
EMP-05362,Engineering,Mid,33,7,3,Points,0.58,35.53,0.59,7.7,4.6,6,0
EMP-05363,Marketing,Mid,43,8,1,Monetary,0.67,49.55,0.18,6.1,4.6,1,0
EMP-05364,Operations,Mid,9,3,1,Monetary,0.25,161.33,0.41,6.9,4.8,5,0
EMP-05365,Sales,Mid,26,14,5,Badge,1.17,4.29,0.6,8.5,4.6,2,0
EMP-05366,Customer Support,Mid,36,5,3,Points,0.42,37.02,0.78,6.8,4.2,5,0
EMP-05367,Marketing,Junior,3,1,1,Badge,0.08,2.53,0.29,4.8,4.3,7,0
EMP-05368,Sales,Senior,52,13,6,Badge,1.08,4.37,0.35,8.7,5.0,2,0
EMP-05369,Operations,Senior,56,9,2,PTO,0.75,169.1,0.74,9.9,5.0,11,0
EMP-05370,Engineering,Mid,17,6,2,Monetary,0.5,76.75,0.6,6.5,3.3,0,0
EMP-05371,Sales,Senior,38,16,5,Points,1.33,40.6,1.0,8.1,3.6,0,0
EMP-05372,Sales,Junior,5,4,3,Badge,0.33,1.78,0.54,4.9,4.5,4,0
EMP-05373,Sales,Junior,22,7,1,Points,0.58,34.84,0.36,7.1,3.5,1,0
EMP-05374,Operations,Mid,6,6,4,Badge,0.5,9.32,0.68,7.2,3.6,1,0
EMP-05375,Sales,Mid,36,4,2,Points,0.33,42.7,0.33,6.6,4.3,4,0
EMP-05376,Operations,Mid,49,1,5,Points,0.08,39.38,0.61,8.0,5.0,2,0
EMP-05377,Marketing,Manager,63,13,8,Points,1.08,11.43,0.27,8.2,5.0,5,0
EMP-05378,Sales,Manager,57,20,3,Points,1.67,39.15,0.71,9.6,4.0,7,0
EMP-05379,Operations,Mid,32,4,4,Badge,0.33,3.75,0.78,6.2,3.4,4,0
EMP-05380,Engineering,Senior,49,11,3,PTO,0.92,75.84,0.78,9.4,5.0,8,0
EMP-05381,Engineering,Junior,10,2,2,Badge,0.17,6.98,0.55,4.3,4.7,3,0
EMP-05382,Sales,Junior,20,9,3,Points,0.75,7.97,0.4,5.8,3.4,5,0
EMP-05383,Engineering,Senior,39,3,3,Monetary,0.25,91.73,0.69,7.5,3.9,3,0
EMP-05384,Engineering,Mid,44,6,3,Monetary,0.5,175.46,0.3,7.1,4.2,5,0
EMP-05385,Marketing,Mid,47,10,1,Points,0.83,35.9,0.58,7.9,4.9,4,0
EMP-05386,Sales,Mid,11,7,5,PTO,0.58,179.32,0.82,6.8,5.0,4,0
EMP-05387,Sales,Mid,51,11,5,Points,0.92,44.71,0.85,7.8,4.3,4,0
EMP-05388,Customer Support,Junior,24,2,1,Monetary,0.17,156.15,0.64,5.6,2.7,6,0
EMP-05389,Marketing,Mid,35,2,4,Points,0.17,26.14,0.3,7.9,4.0,5,0
EMP-05390,Customer Support,Junior,11,1,1,Badge,0.08,7.47,0.6,4.0,4.0,10,0
EMP-05391,Engineering,Junior,20,2,2,Badge,0.17,8.83,0.71,7.0,3.5,7,0
EMP-05392,Marketing,Mid,15,4,4,Points,0.33,11.47,0.96,7.7,4.4,3,0
EMP-05393,Customer Support,Junior,6,0,0,Points,0.0,14.01,0.0,1.5,2.8,7,1
EMP-05394,Marketing,Manager,46,9,15,Badge,0.75,7.26,0.71,8.6,4.2,4,0
EMP-05395,Operations,Junior,13,2,4,Points,0.17,12.66,0.63,8.0,3.5,3,0
EMP-05396,Sales,Junior,2,4,2,Points,0.33,12.49,0.71,4.0,3.3,3,0
EMP-05397,Engineering,Mid,16,3,5,Badge,0.25,6.56,0.88,6.2,3.1,3,0
EMP-05398,Sales,Mid,52,9,2,Points,0.75,29.1,0.34,7.1,5.0,4,0
EMP-05399,Sales,Junior,19,5,2,Points,0.42,39.06,0.94,7.3,4.2,7,0
EMP-05400,Customer Support,Junior,1,1,1,Points,0.08,19.35,0.9,6.3,3.0,8,0
EMP-05401,Engineering,Manager,81,9,10,Badge,0.75,6.08,0.63,9.6,5.0,3,0
EMP-05402,Customer Support,Senior,69,7,1,Points,0.58,45.35,0.4,6.2,4.4,4,0
EMP-05403,Customer Support,Mid,31,8,3,Badge,0.67,9.03,0.82,8.1,5.0,5,0
EMP-05404,Engineering,Mid,33,5,0,Points,0.42,34.39,0.32,8.5,5.0,4,0
EMP-05405,Sales,Junior,19,8,1,Points,0.67,6.05,0.34,6.0,5.0,3,0
EMP-05406,Customer Support,Mid,33,7,1,Points,0.58,28.78,0.4,7.5,5.0,1,0
EMP-05407,Customer Support,Mid,39,5,1,PTO,0.42,67.03,0.32,5.4,2.5,4,0
EMP-05408,Sales,Manager,72,16,6,Badge,1.33,9.9,0.79,7.4,4.9,2,0
EMP-05409,Sales,Junior,16,5,2,Points,0.42,49.87,0.27,7.1,4.7,5,0
EMP-05410,Marketing,Senior,41,8,3,Points,0.67,10.22,0.67,8.8,4.8,3,0
EMP-05411,Operations,Junior,6,2,1,Badge,0.17,4.56,0.44,4.1,2.8,8,0
EMP-05412,Engineering,Junior,14,5,3,Points,0.42,43.75,0.5,7.8,4.5,5,0
EMP-05413,Operations,Junior,24,3,0,Badge,0.25,1.16,0.69,7.4,4.5,6,0
EMP-05414,Engineering,Junior,44,5,5,Points,0.42,29.85,0.11,8.4,3.8,4,0
EMP-05415,Engineering,Manager,57,12,8,Badge,1.0,2.0,0.74,9.6,4.8,2,0
EMP-05416,Sales,Mid,34,9,4,Points,0.75,26.86,0.62,6.5,4.0,7,0
EMP-05417,Sales,Junior,6,6,0,Badge,0.5,2.02,0.55,5.5,3.3,8,0
EMP-05418,Sales,Manager,54,18,14,Points,1.5,28.86,0.64,9.5,4.6,2,0
EMP-05419,Sales,Manager,51,15,7,Monetary,1.25,97.03,0.67,8.4,3.9,3,0
EMP-05420,Sales,Senior,43,13,2,Points,1.08,22.72,0.58,7.4,4.1,5,0
EMP-05421,Engineering,Manager,75,9,6,Points,0.75,12.22,0.62,9.6,5.0,2,0
EMP-05422,Sales,Junior,11,7,2,Points,0.58,34.69,1.0,6.6,4.3,5,0
EMP-05423,Customer Support,Senior,65,8,3,Badge,0.67,0.7,0.28,5.1,4.1,6,0
EMP-05424,Sales,Senior,58,10,6,Points,0.83,47.02,0.52,7.4,5.0,6,0
EMP-05425,Sales,Senior,38,10,4,Monetary,0.83,35.33,0.8,8.5,4.8,4,0
EMP-05426,Marketing,Senior,33,11,2,Points,0.92,23.52,0.86,6.4,3.7,7,0
EMP-05427,Customer Support,Mid,3,5,4,Points,0.42,17.91,0.44,5.2,3.2,3,0
EMP-05428,Engineering,Senior,35,6,4,Points,0.5,29.83,0.14,6.2,4.4,3,0
EMP-05429,Operations,Junior,48,5,2,Monetary,0.42,29.36,0.79,7.7,4.8,5,0
EMP-05430,Operations,Mid,28,6,0,Monetary,0.5,101.83,0.64,7.2,2.5,5,0
EMP-05431,Marketing,Junior,25,5,3,Badge,0.42,7.54,0.59,5.3,4.1,3,0
EMP-05432,Engineering,Manager,82,8,5,Points,0.67,41.32,0.55,7.8,5.0,5,0
EMP-05433,Marketing,Junior,5,4,3,Points,0.33,47.04,0.7,6.8,3.8,5,0
EMP-05434,Engineering,Mid,20,5,1,Monetary,0.42,43.97,0.44,5.3,3.2,1,0
EMP-05435,Marketing,Mid,39,9,4,Points,0.75,29.93,0.59,6.4,4.9,2,0
EMP-05436,Operations,Manager,55,6,7,Monetary,0.5,95.24,0.85,8.5,3.8,3,0
EMP-05437,Engineering,Mid,51,4,2,Points,0.33,34.13,0.45,7.7,3.7,6,0
EMP-05438,Operations,Senior,42,9,5,Monetary,0.75,170.58,0.55,6.9,4.6,5,0
EMP-05439,Engineering,Senior,39,7,4,Badge,0.58,5.99,0.76,7.2,3.5,2,0
EMP-05440,Operations,Mid,50,7,1,Points,0.58,15.31,0.79,8.3,4.6,3,0
EMP-05441,Sales,Mid,21,7,4,Monetary,0.58,81.23,0.55,7.0,4.4,3,0
EMP-05442,Engineering,Senior,51,11,5,Badge,0.92,8.93,0.45,8.0,4.8,3,0
EMP-05443,Engineering,Manager,49,10,4,Badge,0.83,6.72,0.55,9.9,5.0,3,0
EMP-05444,Customer Support,Senior,62,5,4,PTO,0.42,199.01,0.52,7.8,4.4,7,0
EMP-05445,Engineering,Junior,17,5,1,Badge,0.42,1.39,0.51,6.5,5.0,8,0
EMP-05446,Engineering,Manager,83,10,5,Badge,0.83,3.41,0.5,7.5,4.0,1,0
EMP-05447,Sales,Mid,34,6,2,Points,0.5,19.54,0.98,7.7,3.8,6,0
EMP-05448,Marketing,Mid,12,8,3,Badge,0.67,0.26,0.34,8.1,4.9,5,0
EMP-05449,Marketing,Senior,50,13,6,Badge,1.08,9.29,0.79,8.9,4.7,2,0
EMP-05450,Engineering,Junior,11,7,2,Monetary,0.58,83.04,0.76,7.9,4.3,3,0
EMP-05451,Sales,Senior,57,11,1,Monetary,0.92,42.97,0.49,7.3,4.8,3,0
EMP-05452,Engineering,Mid,18,5,2,Badge,0.42,4.94,0.52,7.3,5.0,3,0
EMP-05453,Engineering,Manager,81,9,7,Points,0.75,25.19,0.44,7.7,4.7,6,0
EMP-05454,Sales,Junior,14,4,1,Points,0.33,43.25,0.81,6.3,3.3,4,0
EMP-05455,Operations,Mid,25,9,3,Points,0.75,40.99,0.81,8.5,4.5,4,0
EMP-05456,Engineering,Senior,54,8,5,Points,0.67,40.17,0.56,7.7,4.5,8,0
EMP-05457,Sales,Junior,7,3,0,Badge,0.25,9.32,0.92,5.3,3.3,6,0
EMP-05458,Sales,Junior,22,6,2,Badge,0.5,3.75,0.6,6.7,4.1,1,0
EMP-05459,Customer Support,Manager,58,8,4,Points,0.67,31.53,0.12,7.5,4.5,2,0
EMP-05460,Customer Support,Junior,12,6,3,Points,0.5,35.13,0.75,6.3,3.0,2,0
EMP-05461,Operations,Manager,72,10,12,Points,0.83,26.25,0.21,8.4,5.0,4,0
EMP-05462,Engineering,Junior,5,3,0,Badge,0.25,2.44,0.65,7.1,4.4,4,0
EMP-05463,Engineering,Mid,17,6,0,Points,0.5,45.46,0.1,6.1,3.7,5,0
EMP-05464,Sales,Senior,17,8,2,Points,0.67,45.53,0.72,7.7,5.0,10,0
EMP-05465,Engineering,Senior,48,9,4,Badge,0.75,7.68,0.29,7.9,4.5,4,0
EMP-05466,Sales,Mid,53,8,3,Badge,0.67,3.46,0.46,7.0,4.5,4,0
EMP-05467,Operations,Mid,38,5,1,PTO,0.42,50.71,0.45,7.9,4.7,8,0
EMP-05468,Operations,Senior,60,9,8,Points,0.75,27.1,0.84,8.9,3.8,3,0
EMP-05469,Operations,Junior,1,1,0,Badge,0.08,5.25,0.75,4.3,4.3,9,0
EMP-05470,Sales,Mid,16,12,1,Badge,1.0,4.88,0.46,7.0,4.6,4,0
EMP-05471,Operations,Junior,7,1,0,Monetary,0.08,41.89,0.18,5.4,3.6,8,0
EMP-05472,Sales,Mid,58,10,3,Badge,0.83,7.88,0.04,6.8,4.1,6,0
EMP-05473,Engineering,Junior,20,2,1,Badge,0.17,5.32,0.33,7.1,4.4,4,0
EMP-05474,Operations,Mid,43,8,3,Monetary,0.67,63.81,0.75,6.3,5.0,0,0
EMP-05475,Engineering,Mid,31,9,2,Points,0.75,48.04,0.35,9.7,4.4,4,0
EMP-05476,Sales,Junior,14,4,1,PTO,0.33,125.52,0.44,4.8,4.5,4,0
EMP-05477,Sales,Junior,9,7,1,PTO,0.58,145.48,0.7,6.5,4.6,7,0
EMP-05478,Operations,Senior,23,9,5,Badge,0.75,4.01,0.75,7.7,4.3,2,0
EMP-05479,Operations,Mid,24,1,3,Badge,0.08,4.01,0.69,7.4,4.9,3,0
EMP-05480,Sales,Senior,48,8,9,Points,0.67,33.92,0.25,5.9,3.1,2,0
EMP-05481,Operations,Senior,53,13,7,Points,1.08,17.77,0.56,9.8,4.1,8,0
EMP-05482,Sales,Junior,13,5,1,PTO,0.42,275.85,0.72,6.1,4.2,2,0
EMP-05483,Sales,Mid,16,5,1,Badge,0.42,5.73,0.74,7.5,3.8,5,0
EMP-05484,Operations,Junior,4,4,2,Monetary,0.33,178.98,0.42,4.6,,4,0
EMP-05485,Operations,Senior,29,9,0,Monetary,0.75,185.54,0.6,7.1,4.9,3,0
EMP-05486,Customer Support,Manager,55,10,5,Points,0.83,39.59,0.73,8.0,3.8,4,0
EMP-05487,Engineering,Mid,56,6,1,Points,0.5,15.96,0.73,9.2,4.9,2,0
EMP-05488,Marketing,Senior,88,10,4,Points,0.83,19.84,0.55,7.0,4.8,1,0
EMP-05489,Marketing,Junior,17,3,2,Points,0.25,15.31,0.67,6.6,3.7,4,0
EMP-05490,Customer Support,Mid,36,7,5,PTO,0.58,164.22,0.19,5.8,4.2,7,0
EMP-05491,Engineering,Senior,49,9,7,Points,0.75,27.99,0.56,9.0,4.2,8,0
EMP-05492,Operations,Junior,9,4,1,Points,0.33,20.24,0.87,6.5,3.9,4,0
EMP-05493,Marketing,Junior,13,3,1,Points,0.25,44.26,0.8,6.6,3.9,4,0
EMP-05494,Engineering,Mid,27,4,3,Monetary,0.33,94.22,0.38,3.9,3.9,2,1
EMP-05495,Sales,Senior,33,5,4,Points,0.42,36.69,0.65,7.3,5.0,3,0
EMP-05496,Sales,Mid,5,2,3,Badge,0.17,8.34,0.53,4.7,4.0,4,0
EMP-05497,Marketing,Manager,63,5,3,Points,0.42,12.24,0.8,8.5,,4,0
EMP-05498,Customer Support,Junior,8,1,0,Badge,0.08,7.15,0.57,4.5,3.1,6,0
EMP-05499,Marketing,Mid,29,11,1,Points,0.92,12.18,0.18,8.2,5.0,5,0
EMP-05500,Marketing,Senior,48,10,3,Badge,0.83,7.64,0.54,5.7,4.4,3,0
EMP-05501,Sales,Junior,1,4,2,PTO,0.33,191.84,0.61,3.4,2.3,15,1
EMP-05502,Engineering,Senior,23,10,4,Points,0.83,28.14,0.53,7.9,4.9,4,0
EMP-05503,Engineering,Junior,28,7,1,PTO,0.58,182.54,0.7,8.1,3.1,2,0
EMP-05504,Sales,Junior,20,14,3,Badge,1.17,4.02,0.7,9.2,4.9,2,0
EMP-05505,Sales,Junior,15,5,1,Badge,0.42,0.5,1.0,7.3,4.4,7,0
EMP-05506,Engineering,Manager,84,10,8,Points,0.83,29.87,0.65,8.3,4.9,2,0
EMP-05507,Sales,Mid,55,9,2,Points,0.75,6.01,0.36,6.7,5.0,4,0
EMP-05508,Sales,Senior,54,14,4,PTO,1.17,278.17,0.41,9.7,5.0,2,0
EMP-05509,Engineering,Mid,49,6,2,PTO,0.5,112.27,0.96,9.1,4.9,3,0
EMP-05510,Sales,Mid,30,11,1,Badge,0.92,6.49,0.72,9.9,4.9,6,0
EMP-05511,Engineering,Mid,9,5,2,Points,0.42,30.21,0.63,5.8,3.7,5,0
EMP-05512,Customer Support,Manager,77,8,10,Monetary,0.67,132.93,0.37,6.6,4.7,7,0
EMP-05513,Customer Support,Senior,59,7,5,Monetary,0.58,81.75,0.2,8.0,4.5,1,0
EMP-05514,Operations,Senior,48,8,3,Points,0.67,25.23,0.4,7.1,4.1,2,0
EMP-05515,Engineering,Junior,3,4,3,Points,0.33,38.71,0.89,4.4,3.4,9,0
EMP-05516,Operations,Mid,29,6,0,Badge,0.5,3.91,0.27,5.9,4.6,3,0
EMP-05517,Operations,Mid,13,7,3,Points,0.58,17.82,0.87,7.5,4.7,5,0
EMP-05518,Operations,Manager,75,15,6,PTO,1.25,57.77,0.84,9.2,3.9,2,0
EMP-05519,Engineering,Junior,5,4,1,Badge,0.33,4.76,0.53,5.2,3.7,9,0
EMP-05520,Marketing,Junior,33,2,2,Points,0.17,36.26,0.4,6.4,3.3,8,0
EMP-05521,Operations,Mid,25,6,4,Badge,0.5,2.89,0.84,7.6,3.8,3,0
EMP-05522,Marketing,Junior,1,2,2,PTO,0.17,266.42,0.65,5.4,2.9,10,0
EMP-05523,Marketing,Junior,8,3,0,Points,0.25,10.21,0.79,6.0,3.6,3,0
EMP-05524,Sales,Senior,44,9,10,Points,0.75,21.8,0.89,7.6,4.1,1,0
EMP-05525,Marketing,Mid,10,5,3,Points,0.42,38.28,0.37,5.5,3.8,4,0
EMP-05526,Engineering,Senior,66,8,4,Badge,0.67,9.7,0.89,7.3,4.1,3,0
EMP-05527,Marketing,Senior,41,7,9,PTO,0.58,144.46,0.54,7.4,4.9,9,0
EMP-05528,Engineering,Junior,23,7,1,Points,0.58,38.36,0.59,8.0,3.8,3,0
EMP-05529,Sales,Mid,32,7,4,Badge,0.58,6.92,0.78,7.2,4.4,4,0
EMP-05530,Sales,Junior,20,6,1,Monetary,0.5,188.95,0.97,7.1,3.9,6,0
EMP-05531,Marketing,Manager,38,7,8,Badge,0.58,5.01,0.69,8.4,5.0,4,0
EMP-05532,Engineering,Mid,6,5,4,Badge,0.42,5.9,0.31,6.9,4.4,2,0
EMP-05533,Operations,Mid,21,6,1,Points,0.5,12.3,0.28,8.2,5.0,6,0
EMP-05534,Operations,Mid,35,6,2,Badge,0.5,2.67,0.89,7.8,3.8,5,0
EMP-05535,Engineering,Mid,19,6,5,Points,0.5,33.48,0.87,8.8,4.3,2,0
EMP-05536,Engineering,Junior,7,3,0,Points,0.25,30.2,0.42,6.0,4.3,7,0
EMP-05537,Engineering,Mid,25,7,4,Badge,0.58,4.46,0.5,7.6,4.2,1,0
EMP-05538,Customer Support,Senior,25,10,4,Points,0.83,36.52,0.63,6.2,3.6,4,0
EMP-05539,Marketing,Senior,52,6,1,Monetary,0.5,67.86,0.22,6.0,3.9,4,0
EMP-05540,Sales,Mid,39,10,1,Badge,0.83,6.99,0.68,6.3,4.7,3,0
EMP-05541,Engineering,Mid,14,4,1,Points,0.33,13.45,0.74,6.0,3.8,3,0
EMP-05542,Marketing,Manager,47,10,8,Points,0.83,27.26,0.8,9.2,5.0,2,0
EMP-05543,Customer Support,Junior,7,2,0,PTO,0.17,78.37,0.5,6.1,3.4,8,0
EMP-05544,Operations,Manager,58,9,6,Monetary,0.75,115.51,0.21,6.8,4.1,4,0
EMP-05545,Marketing,Junior,8,3,2,Badge,0.25,8.21,0.89,7.5,4.2,8,0
EMP-05546,Engineering,Senior,55,13,1,Points,1.08,26.77,0.37,8.9,4.5,8,0
EMP-05547,Engineering,Mid,39,11,3,Monetary,0.92,82.39,0.64,7.4,5.0,3,0
EMP-05548,Engineering,Mid,20,13,4,Monetary,1.08,49.14,0.32,8.0,4.6,5,0
EMP-05549,Engineering,Senior,42,10,6,Points,0.83,21.15,0.64,8.0,5.0,2,0
EMP-05550,Engineering,Junior,7,4,2,Points,0.33,43.56,0.21,5.7,3.5,6,0
EMP-05551,Engineering,Mid,30,11,4,Points,0.92,22.6,0.38,7.0,5.0,3,0
EMP-05552,Sales,Mid,34,9,0,Badge,0.75,1.85,0.78,7.2,4.1,3,0
EMP-05553,Customer Support,Senior,61,4,6,Badge,0.33,8.88,0.89,7.0,4.0,5,0
EMP-05554,Marketing,Junior,22,3,0,Points,0.25,46.76,0.6,7.7,4.7,4,0
EMP-05555,Operations,Senior,66,14,3,Points,1.17,47.93,0.56,10.0,4.9,6,0
EMP-05556,Operations,Mid,39,4,2,Badge,0.33,5.19,0.53,6.4,4.6,5,0
EMP-05557,Engineering,Junior,25,1,1,Monetary,0.08,123.39,0.47,7.5,4.6,3,0
EMP-05558,Operations,Senior,35,7,3,Badge,0.58,3.04,0.54,7.5,5.0,5,0
EMP-05559,Engineering,Junior,2,0,1,Badge,0.0,3.37,0.0,2.0,3.0,9,1
EMP-05560,Marketing,Mid,32,7,3,PTO,0.58,178.81,0.75,7.5,4.8,6,0
EMP-05561,Sales,Junior,18,5,3,Points,0.42,12.28,0.72,7.1,3.5,3,0
EMP-05562,Customer Support,Mid,29,5,2,Badge,0.42,9.62,0.59,6.2,3.5,1,0
EMP-05563,Engineering,Mid,37,3,6,Badge,0.25,6.85,0.46,5.5,4.4,6,0
EMP-05564,Engineering,Mid,6,6,5,Badge,0.5,0.47,0.61,6.5,3.9,8,0
EMP-05565,Customer Support,Mid,26,7,1,Badge,0.58,2.58,0.79,7.6,4.5,1,0
EMP-05566,Engineering,Mid,3,3,3,Points,0.25,18.51,0.67,6.2,5.0,3,0
EMP-05567,Operations,Junior,5,3,2,PTO,0.25,52.57,0.72,7.0,3.3,5,0
EMP-05568,Operations,Mid,43,5,6,Badge,0.42,9.84,0.9,5.8,3.7,8,0
EMP-05569,Operations,Manager,38,9,4,Points,0.75,17.59,0.71,7.4,4.7,5,0
EMP-05570,Customer Support,Senior,54,11,6,Monetary,0.92,34.04,0.48,7.5,3.7,3,0
EMP-05571,Customer Support,Junior,2,0,1,Monetary,0.0,178.33,0.0,1.3,3.2,9,1
EMP-05572,Engineering,Junior,20,5,0,Badge,0.42,1.1,0.99,6.3,4.5,4,0
EMP-05573,Operations,Manager,65,7,9,Badge,0.58,4.56,0.78,8.6,5.0,4,0
EMP-05574,Marketing,Mid,23,8,8,Monetary,0.67,88.81,0.75,8.4,4.7,5,0
EMP-05575,Marketing,Mid,8,8,1,Badge,0.67,0.78,0.36,7.7,3.9,4,0
EMP-05576,Engineering,Senior,46,13,5,Points,1.08,6.47,0.76,9.6,4.5,3,0
EMP-05577,Marketing,Mid,42,6,2,Badge,0.5,2.69,0.75,8.4,4.1,3,0
EMP-05578,Customer Support,Mid,23,2,3,Badge,0.17,3.6,0.44,5.9,3.9,2,0
EMP-05579,Customer Support,Manager,52,8,7,Points,0.67,38.6,0.45,6.1,2.2,12,0
EMP-05580,Sales,Senior,73,6,4,Points,0.5,37.59,0.96,9.2,4.7,4,0
EMP-05581,Engineering,Junior,70,5,1,Monetary,0.42,106.26,0.75,8.2,4.3,1,0
EMP-05582,Sales,Junior,18,4,1,PTO,0.33,102.55,0.62,7.9,4.2,6,0
EMP-05583,Operations,Junior,25,3,1,Badge,0.25,8.42,0.41,5.9,3.8,2,0
EMP-05584,Operations,Senior,45,11,4,Monetary,0.92,138.62,0.81,7.0,4.9,3,0
EMP-05585,Sales,Junior,16,16,6,Monetary,1.33,86.04,0.93,7.2,3.9,1,0
EMP-05586,Engineering,Junior,27,7,0,Badge,0.58,8.71,0.3,6.5,3.8,2,0
EMP-05587,Sales,Manager,73,18,8,Points,1.5,41.81,1.0,8.5,4.5,3,0
EMP-05588,Sales,Junior,1,4,0,Badge,0.33,0.01,0.8,4.4,3.7,9,0
EMP-05589,Customer Support,Junior,15,4,2,Points,0.33,44.1,0.6,5.2,3.6,5,0
EMP-05590,Marketing,Junior,15,5,4,Monetary,0.42,117.65,0.55,5.9,2.8,5,0
EMP-05591,Sales,Junior,69,8,1,Points,0.67,46.6,0.99,9.9,4.7,6,0
EMP-05592,Marketing,Mid,27,11,2,Points,0.92,39.68,0.59,6.8,4.5,4,0
EMP-05593,Engineering,Manager,49,14,7,Points,1.17,11.58,0.79,9.8,4.9,3,0
EMP-05594,Customer Support,Manager,84,10,7,Points,0.83,20.35,0.4,7.3,4.1,3,0
EMP-05595,Sales,Mid,3,5,2,PTO,0.42,127.92,0.67,6.8,5.0,6,0
EMP-05596,Sales,Mid,42,15,1,PTO,1.25,225.73,0.78,7.8,4.5,5,0
EMP-05597,Sales,Mid,21,6,4,Points,0.5,29.23,0.85,7.8,4.7,3,0
EMP-05598,Operations,Junior,3,1,1,Badge,0.08,2.7,0.98,7.5,4.4,7,0
EMP-05599,Marketing,Junior,9,3,2,Points,0.25,39.27,0.68,7.1,4.1,11,0
EMP-05600,Operations,Manager,46,9,15,PTO,0.75,213.48,0.72,8.6,4.7,7,0
EMP-05601,Engineering,Junior,28,4,3,Points,0.33,40.69,0.39,7.7,5.0,5,0
EMP-05602,Sales,Junior,29,3,3,Badge,0.25,7.47,0.03,5.4,3.5,4,0
EMP-05603,Engineering,Mid,18,8,2,Points,0.67,32.61,0.63,8.3,5.0,7,0
EMP-05604,Marketing,Mid,18,11,3,Monetary,0.92,54.06,0.86,8.0,3.7,3,0
EMP-05605,Engineering,Junior,1,5,0,Monetary,0.42,59.06,0.41,5.4,4.1,6,0
EMP-05606,Marketing,Junior,5,4,0,PTO,0.33,246.83,0.46,6.4,3.2,5,0
EMP-05607,Customer Support,Mid,52,5,3,Points,0.42,43.53,0.44,4.6,2.9,3,0
EMP-05608,Customer Support,Senior,76,7,3,PTO,0.58,175.55,0.31,6.4,3.2,5,0
EMP-05609,Sales,Junior,9,5,5,Points,0.42,49.42,0.41,6.5,4.8,2,0
EMP-05610,Sales,Mid,47,7,1,Points,0.58,18.28,0.28,5.9,3.9,3,0
EMP-05611,Engineering,Mid,16,5,4,Points,0.42,37.93,0.31,5.9,4.1,4,0
EMP-05612,Marketing,Manager,51,7,11,Monetary,0.58,142.2,0.56,7.9,4.1,4,0
EMP-05613,Operations,Mid,44,9,3,Badge,0.75,7.46,0.55,5.6,5.0,5,0
EMP-05614,Engineering,Junior,1,4,2,Points,0.33,23.72,0.91,4.1,2.9,3,0
EMP-05615,Sales,Mid,19,13,3,Badge,1.08,2.44,0.79,7.1,3.9,4,0
EMP-05616,Operations,Senior,41,7,4,Points,0.58,23.22,0.98,8.1,5.0,2,0
EMP-05617,Customer Support,Junior,7,3,0,PTO,0.25,97.42,0.23,5.2,4.2,4,0
EMP-05618,Engineering,Mid,28,4,1,PTO,0.33,77.95,0.68,7.5,3.8,3,0
EMP-05619,Marketing,Junior,2,3,1,Badge,0.25,6.84,0.72,5.5,4.3,7,0
EMP-05620,Engineering,Junior,16,1,1,Badge,0.08,9.86,0.86,7.4,3.6,2,0
EMP-05621,Engineering,Mid,13,5,2,Badge,0.42,6.67,0.54,5.8,4.5,4,0
EMP-05622,Customer Support,Junior,1,1,1,Badge,0.08,1.34,0.72,3.2,2.4,13,1
EMP-05623,Operations,Senior,28,7,4,Badge,0.58,5.21,0.68,6.9,4.3,6,0
EMP-05624,Operations,Mid,32,3,2,Points,0.25,32.19,0.48,6.7,4.4,1,0
EMP-05625,Engineering,Mid,20,2,3,Badge,0.17,7.36,0.91,5.0,3.4,4,0
EMP-05626,Operations,Mid,34,5,1,Badge,0.42,7.75,0.85,5.6,4.1,4,0
EMP-05627,Sales,Mid,45,10,4,Badge,0.83,1.98,0.98,7.6,4.7,6,0
EMP-05628,Sales,Junior,7,6,0,Monetary,0.5,82.28,0.28,6.9,4.4,7,0
EMP-05629,Marketing,Manager,88,9,8,Badge,0.75,5.43,0.87,6.6,4.8,7,0
EMP-05630,Engineering,Manager,77,15,9,Points,1.25,5.21,0.59,9.0,5.0,1,0
EMP-05631,Operations,Junior,3,5,4,Badge,0.42,1.98,0.76,3.9,2.6,8,1
EMP-05632,Marketing,Junior,6,2,2,Badge,0.17,9.57,0.88,3.5,2.2,13,1
EMP-05633,Engineering,Junior,4,5,0,Monetary,0.42,87.52,0.51,6.3,3.9,3,0
EMP-05634,Engineering,Senior,44,7,4,Points,0.58,38.55,0.82,8.3,5.0,6,0
EMP-05635,Engineering,Senior,50,4,2,PTO,0.33,168.08,0.36,7.3,4.1,3,0
EMP-05636,Engineering,Senior,49,7,8,Points,0.58,49.96,0.75,7.5,4.0,2,0
EMP-05637,Marketing,Senior,54,8,5,Points,0.67,45.57,0.07,6.9,3.2,2,0
EMP-05638,Operations,Mid,36,9,2,Points,0.75,17.9,0.22,9.0,4.5,6,0
EMP-05639,Engineering,Mid,34,9,3,Monetary,0.75,165.46,0.41,6.7,3.8,11,0
EMP-05640,Engineering,Senior,51,8,0,Monetary,0.67,121.65,0.71,8.2,4.3,4,0
EMP-05641,Marketing,Mid,30,2,2,Monetary,0.17,78.47,0.65,5.4,3.5,2,0
EMP-05642,Operations,Mid,39,7,2,Monetary,0.58,115.18,0.85,8.4,3.2,4,0
EMP-05643,Sales,Mid,3,8,0,Monetary,0.67,83.35,0.79,7.0,3.9,4,0
EMP-05644,Sales,Mid,51,11,4,PTO,0.92,95.19,0.66,9.1,5.0,1,0
EMP-05645,Marketing,Mid,3,5,7,Points,0.42,26.04,0.43,6.7,5.0,7,0
EMP-05646,Engineering,Mid,14,3,2,Points,0.25,24.12,0.42,8.5,4.9,6,0
EMP-05647,Engineering,Senior,44,9,7,Badge,0.75,3.15,0.42,6.4,4.1,2,0
EMP-05648,Operations,Mid,39,4,2,Badge,0.33,6.19,0.55,7.3,5.0,3,0
EMP-05649,Marketing,Mid,3,1,1,Badge,0.08,1.28,0.43,5.8,3.2,8,0
EMP-05650,Marketing,Senior,47,12,2,Points,1.0,48.8,0.55,7.6,3.9,4,0
EMP-05651,Operations,Mid,41,10,1,Badge,0.83,2.12,0.36,7.4,4.2,6,0
EMP-05652,Marketing,Junior,4,3,1,Monetary,0.25,132.22,0.31,4.6,4.0,7,0
EMP-05653,Engineering,Junior,1,5,4,Badge,0.42,4.02,0.57,4.9,3.4,4,0
EMP-05654,Sales,Mid,43,10,5,Badge,0.83,0.1,0.93,7.8,4.6,2,0
EMP-05655,Engineering,Mid,21,5,1,PTO,0.42,103.14,0.44,5.7,3.8,9,0
EMP-05656,Engineering,Manager,52,7,9,Badge,0.58,5.51,0.64,8.1,5.0,3,0
EMP-05657,Marketing,Mid,15,6,0,Points,0.5,20.71,0.36,7.0,4.4,7,0
EMP-05658,Operations,Mid,17,7,3,PTO,0.58,259.09,0.41,8.2,3.8,5,0
EMP-05659,Customer Support,Junior,12,1,0,Badge,0.08,6.73,0.39,4.5,2.7,9,0
EMP-05660,Marketing,Junior,37,2,5,Points,0.17,12.05,0.81,8.0,4.4,3,0
EMP-05661,Engineering,Senior,55,11,1,Badge,0.92,9.35,0.4,6.4,5.0,0,0
EMP-05662,Engineering,Junior,18,4,1,Monetary,0.33,67.24,0.84,6.9,3.7,2,0
EMP-05663,Operations,Mid,32,7,4,Points,0.58,7.73,0.76,7.0,3.9,6,0
EMP-05664,Marketing,Senior,38,10,5,Monetary,0.83,110.06,0.96,6.4,3.2,6,0
EMP-05665,Marketing,Mid,52,7,3,Points,0.58,24.7,0.82,7.2,4.5,7,0
EMP-05666,Operations,Manager,76,9,6,Badge,0.75,4.91,0.51,8.5,4.7,3,0
EMP-05667,Operations,Mid,23,7,1,Badge,0.58,0.72,0.87,6.3,3.8,1,0
EMP-05668,Operations,Junior,28,6,2,Points,0.5,18.36,0.91,7.2,3.9,5,0
EMP-05669,Engineering,Manager,55,20,3,Monetary,1.67,186.32,0.54,9.0,5.0,12,0
EMP-05670,Operations,Senior,47,11,6,Badge,0.92,7.96,0.57,7.3,4.5,2,0
EMP-05671,Operations,Junior,18,6,0,Monetary,0.5,50.86,0.69,7.0,4.2,2,0
EMP-05672,Sales,Junior,4,6,2,Points,0.5,17.97,0.85,6.7,3.1,2,0
EMP-05673,Marketing,Junior,1,4,4,Badge,0.33,7.47,0.8,6.7,3.2,6,0
EMP-05674,Sales,Junior,19,10,0,Points,0.83,43.61,0.51,7.6,4.5,1,0
EMP-05675,Customer Support,Manager,95,12,6,PTO,1.0,85.08,0.52,8.3,4.6,2,0
EMP-05676,Engineering,Mid,32,8,3,Badge,0.67,5.97,0.79,8.5,5.0,5,0
EMP-05677,Marketing,Mid,31,5,1,Points,0.42,24.76,0.52,6.2,3.7,2,0
EMP-05678,Engineering,Manager,75,9,6,Monetary,0.75,110.01,0.31,9.5,5.0,6,0
EMP-05679,Operations,Mid,3,11,1,Points,0.92,40.68,0.59,5.6,3.6,3,0
EMP-05680,Engineering,Mid,30,2,2,Monetary,0.17,128.81,0.74,8.9,3.7,6,0
EMP-05681,Engineering,Manager,77,9,11,Badge,0.75,5.57,0.41,8.4,4.9,4,0
EMP-05682,Sales,Senior,37,20,6,Monetary,1.67,91.53,1.0,10.0,5.0,4,0
EMP-05683,Customer Support,Senior,28,5,4,PTO,0.42,130.73,0.66,7.1,5.0,3,0
EMP-05684,Engineering,Mid,27,8,2,Points,0.67,37.82,0.52,6.4,5.0,1,0
EMP-05685,Engineering,Senior,47,9,6,Monetary,0.75,185.11,0.66,7.2,4.4,3,0
EMP-05686,Operations,Junior,7,4,2,Badge,0.33,0.25,0.68,5.9,4.6,9,0
EMP-05687,Sales,Mid,17,8,1,Points,0.67,26.43,1.0,9.1,4.7,5,0
EMP-05688,Customer Support,Manager,52,7,7,Badge,0.58,5.67,0.51,6.6,3.3,5,0
EMP-05689,Engineering,Junior,1,3,1,Badge,0.25,2.84,0.88,4.4,3.7,7,0
EMP-05690,Marketing,Senior,81,8,7,Monetary,0.67,40.42,0.61,9.0,5.0,3,0
EMP-05691,Engineering,Mid,42,7,3,Monetary,0.58,54.47,0.9,6.5,4.7,2,0
EMP-05692,Engineering,Junior,2,6,2,Monetary,0.5,148.75,0.78,8.0,4.7,5,0
EMP-05693,Operations,Senior,48,5,4,Points,0.42,14.84,0.5,6.0,4.1,2,0
EMP-05694,Marketing,Junior,14,7,1,Points,0.58,22.89,0.87,7.9,3.9,1,0
EMP-05695,Operations,Mid,50,9,2,PTO,0.75,53.95,0.43,7.7,4.2,4,0
EMP-05696,Sales,Junior,1,6,1,Points,0.5,12.66,0.35,4.6,3.0,7,0
EMP-05697,Sales,Manager,70,12,8,Badge,1.0,8.16,0.33,8.9,5.0,5,0
EMP-05698,Sales,Junior,34,6,0,Points,0.5,28.69,0.52,7.2,3.6,3,0
EMP-05699,Customer Support,Junior,11,2,0,PTO,0.17,74.46,0.53,6.6,4.1,4,0
EMP-05700,Sales,Junior,22,4,1,Badge,0.33,0.83,0.78,7.1,4.5,6,0
EMP-05701,Sales,Manager,74,15,9,PTO,1.25,280.21,0.81,9.7,4.6,10,0
EMP-05702,Sales,Senior,34,6,6,Badge,0.5,3.72,1.0,8.5,4.9,5,0
EMP-05703,Marketing,Senior,40,5,2,Badge,0.42,7.67,0.84,5.1,4.4,8,0
EMP-05704,Engineering,Mid,48,3,1,Monetary,0.25,101.42,0.57,7.2,4.1,5,0
EMP-05705,Customer Support,Mid,51,6,3,Badge,0.5,1.24,0.8,6.6,3.8,7,0
EMP-05706,Engineering,Junior,1,4,2,Points,0.33,28.64,0.66,5.2,4.5,10,0
EMP-05707,Customer Support,Mid,13,5,0,Points,0.42,9.47,0.41,4.5,2.7,5,0
EMP-05708,Engineering,Junior,15,1,0,Points,0.08,43.84,0.72,5.8,2.5,3,0
EMP-05709,Marketing,Manager,47,6,4,Badge,0.5,0.49,0.67,8.1,4.7,3,0
EMP-05710,Customer Support,Senior,52,9,6,Monetary,0.75,147.51,0.75,7.9,4.1,6,0
EMP-05711,Engineering,Mid,45,7,3,PTO,0.58,294.37,0.8,8.8,5.0,5,0
EMP-05712,Customer Support,Junior,26,2,1,Badge,0.17,8.86,0.88,5.5,2.9,8,0
EMP-05713,Sales,Senior,55,13,5,Points,1.08,45.79,0.39,8.8,4.2,4,0
EMP-05714,Customer Support,Junior,3,4,0,Points,0.33,16.5,0.7,5.0,4.0,9,0
EMP-05715,Marketing,Junior,22,1,3,Monetary,0.08,106.83,0.31,6.2,3.6,2,0
EMP-05716,Sales,Junior,2,7,2,Badge,0.58,2.31,0.67,5.5,3.5,5,0
EMP-05717,Engineering,Mid,49,8,1,Monetary,0.67,145.49,0.54,7.0,3.0,4,0
EMP-05718,Sales,Senior,14,14,3,Points,1.17,34.5,0.58,8.5,5.0,6,0
EMP-05719,Engineering,Mid,41,7,3,Points,0.58,18.34,0.58,9.6,4.8,8,0
EMP-05720,Engineering,Junior,5,2,3,Points,0.17,23.43,0.46,3.5,4.0,9,1
EMP-05721,Engineering,Mid,8,5,2,Badge,0.42,3.8,0.56,6.5,4.6,4,0
EMP-05722,Sales,Senior,58,8,3,Points,0.67,36.39,0.7,7.9,3.8,5,0
EMP-05723,Operations,Junior,3,2,1,Monetary,0.17,28.28,0.63,5.1,3.1,6,0
EMP-05724,Engineering,Junior,1,1,2,Badge,0.08,9.25,0.91,3.9,3.0,7,1
EMP-05725,Engineering,Manager,81,18,6,Points,1.5,11.35,0.27,10.0,4.6,3,0
EMP-05726,Marketing,Manager,45,6,6,Points,0.5,19.18,0.75,8.9,3.1,7,0
EMP-05727,Engineering,Manager,98,14,9,Points,1.17,7.11,0.74,10.0,4.0,3,0
EMP-05728,Engineering,Senior,39,12,6,Monetary,1.0,101.85,0.87,8.5,5.0,7,0
EMP-05729,Engineering,Junior,4,3,1,Points,0.25,38.19,0.5,4.2,3.0,5,0
EMP-05730,Customer Support,Junior,1,1,1,Badge,0.08,7.84,0.34,3.9,2.8,11,1
EMP-05731,Operations,Mid,16,3,2,Badge,0.25,3.62,0.73,6.8,4.1,3,0
EMP-05732,Sales,Mid,51,10,6,PTO,0.83,145.49,0.13,7.1,5.0,3,0
EMP-05733,Marketing,Manager,64,12,10,Monetary,1.0,84.44,0.7,10.0,5.0,4,0
EMP-05734,Marketing,Senior,67,10,4,PTO,0.83,104.94,0.82,8.2,4.8,6,0
EMP-05735,Marketing,Senior,52,11,4,Points,0.92,37.15,0.87,8.3,4.1,6,0
EMP-05736,Operations,Junior,1,1,0,Badge,0.08,8.94,0.71,6.4,3.0,1,0
EMP-05737,Marketing,Manager,96,11,7,Badge,0.92,4.07,0.59,7.8,4.5,1,0
EMP-05738,Engineering,Senior,28,9,6,Monetary,0.75,151.07,0.44,5.8,5.0,2,0
EMP-05739,Engineering,Junior,13,5,1,Monetary,0.42,110.58,0.66,5.0,3.4,4,0
EMP-05740,Sales,Manager,79,14,11,Points,1.17,10.77,0.88,9.2,5.0,8,0
EMP-05741,Customer Support,Junior,12,4,1,Points,0.33,28.03,0.69,4.2,2.5,12,0
EMP-05742,Marketing,Junior,1,1,0,Points,0.08,17.02,0.16,4.3,3.3,8,0
EMP-05743,Operations,Senior,62,3,4,Points,0.25,35.11,0.59,6.9,3.3,4,0
EMP-05744,Customer Support,Senior,65,7,6,Points,0.58,25.21,0.39,8.8,4.3,3,0
EMP-05745,Engineering,Junior,60,5,0,Badge,0.42,6.77,0.39,7.2,4.7,3,0
EMP-05746,Operations,Mid,43,8,2,Monetary,0.67,109.22,0.93,8.0,4.0,6,0
EMP-05747,Marketing,Manager,79,9,5,PTO,0.75,240.31,0.73,9.5,5.0,8,0
EMP-05748,Customer Support,Senior,66,6,6,Badge,0.5,9.97,0.78,6.4,3.8,5,0
EMP-05749,Customer Support,Senior,65,12,5,Monetary,1.0,175.55,0.86,8.3,3.5,3,0
EMP-05750,Operations,Junior,69,5,2,Points,0.42,36.82,0.64,5.7,3.4,4,0
EMP-05751,Engineering,Junior,18,4,1,Badge,0.33,2.45,0.82,6.7,4.5,5,0
EMP-05752,Operations,Junior,11,2,4,Points,0.17,30.64,0.66,5.8,3.2,3,0
EMP-05753,Engineering,Junior,1,7,3,Points,0.58,33.5,0.51,5.9,4.0,2,0
EMP-05754,Operations,Junior,15,2,1,PTO,0.17,233.11,0.85,7.6,4.0,0,0
EMP-05755,Customer Support,Junior,14,6,2,Badge,0.5,1.94,0.29,6.9,2.7,5,0
EMP-05756,Sales,Mid,30,6,1,Points,0.5,28.26,0.86,6.6,3.9,5,0
EMP-05757,Marketing,Mid,23,8,3,Points,0.67,25.81,0.67,7.2,4.7,4,0
EMP-05758,Sales,Senior,53,13,6,Badge,1.08,2.63,1.0,8.4,4.4,2,0
EMP-05759,Sales,Junior,12,4,1,Points,0.33,29.25,0.74,6.8,4.0,6,0
EMP-05760,Sales,Mid,44,8,1,Monetary,0.67,184.08,0.5,7.5,4.1,4,0
EMP-05761,Operations,Junior,3,2,3,Points,0.17,39.61,0.71,6.9,3.6,3,0
EMP-05762,Customer Support,Mid,18,4,4,PTO,0.33,189.47,0.66,6.1,4.0,3,0
EMP-05763,Customer Support,Junior,13,3,0,Points,0.25,37.84,0.77,4.6,2.4,8,0
EMP-05764,Engineering,Manager,44,10,6,Badge,0.83,7.89,0.47,7.6,5.0,4,0
EMP-05765,Customer Support,Senior,52,10,3,Monetary,0.83,151.52,0.78,8.9,5.0,3,0
EMP-05766,Operations,Mid,38,4,0,Points,0.33,43.73,0.56,6.4,3.6,5,0
EMP-05767,Engineering,Junior,41,3,1,Badge,0.25,7.77,0.74,7.9,4.4,2,0
EMP-05768,Engineering,Mid,33,6,2,Badge,0.5,8.28,0.83,7.0,4.5,6,0
EMP-05769,Engineering,Senior,59,11,10,Monetary,0.92,115.85,0.44,8.1,5.0,6,0
EMP-05770,Customer Support,Junior,5,4,3,Badge,0.33,5.03,0.82,3.9,3.3,5,1
EMP-05771,Marketing,Mid,21,3,3,Points,0.25,21.12,0.67,6.9,4.4,8,0
EMP-05772,Operations,Senior,50,8,2,Points,0.67,27.2,0.52,6.9,3.8,4,0
EMP-05773,Engineering,Senior,51,7,4,Monetary,0.58,147.0,0.74,7.1,3.8,0,0
EMP-05774,Operations,Senior,45,9,3,Monetary,0.75,79.44,0.54,7.2,3.6,0,0
EMP-05775,Engineering,Manager,46,14,7,Points,1.17,15.04,0.49,10.0,4.8,1,0
EMP-05776,Sales,Manager,80,17,5,Badge,1.42,8.81,0.73,8.7,3.5,6,0
EMP-05777,Marketing,Mid,21,5,0,Points,0.42,6.23,0.55,4.9,3.6,2,0
EMP-05778,Engineering,Mid,53,1,1,Badge,0.08,9.35,0.83,6.9,4.1,4,0
EMP-05779,Operations,Senior,34,7,5,Monetary,0.58,173.84,0.17,6.4,3.6,7,0
EMP-05780,Engineering,Senior,53,12,6,Monetary,1.0,140.27,0.58,9.0,5.0,7,0
EMP-05781,Marketing,Manager,61,15,6,Points,1.25,39.19,0.89,10.0,4.7,4,0
EMP-05782,Sales,Junior,33,9,1,Monetary,0.75,129.96,0.7,6.4,4.7,7,0
EMP-05783,Marketing,Mid,53,8,2,Points,0.67,30.78,0.56,8.2,5.0,1,0
EMP-05784,Engineering,Junior,21,4,3,Points,0.33,34.2,0.24,5.2,3.3,5,0
EMP-05785,Engineering,Junior,27,3,1,Monetary,0.25,25.94,0.66,6.8,5.0,3,0
EMP-05786,Customer Support,Junior,1,4,2,Badge,0.33,8.34,0.79,3.7,2.5,6,1
EMP-05787,Engineering,Senior,39,9,5,Points,0.75,41.73,0.79,7.8,5.0,5,0
EMP-05788,Operations,Junior,4,3,2,Points,0.25,26.89,0.46,5.7,3.3,4,0
EMP-05789,Customer Support,Senior,37,6,2,Points,0.5,15.66,0.35,6.7,4.4,5,0
EMP-05790,Engineering,Senior,18,12,7,Monetary,1.0,83.5,0.29,9.3,5.0,2,0
EMP-05791,Engineering,Junior,2,3,4,Badge,0.25,4.27,0.52,4.2,3.3,4,0
EMP-05792,Marketing,Junior,8,1,0,Badge,0.08,1.59,0.58,4.7,3.6,7,0
EMP-05793,Customer Support,Mid,29,9,2,Badge,0.75,6.08,0.62,6.4,4.8,8,0
EMP-05794,Customer Support,Senior,81,7,2,Monetary,0.58,51.57,0.93,9.1,4.1,1,0
EMP-05795,Sales,Manager,50,13,3,Monetary,1.08,144.58,0.67,10.0,3.7,4,0
EMP-05796,Operations,Senior,51,5,3,Monetary,0.42,123.67,0.53,7.1,4.4,6,0
EMP-05797,Engineering,Manager,76,9,7,Points,0.75,42.61,0.51,8.7,4.2,2,0
EMP-05798,Customer Support,Mid,33,4,4,Badge,0.33,3.98,0.82,7.5,4.5,3,0
EMP-05799,Customer Support,Manager,65,6,9,PTO,0.5,276.46,0.72,9.4,3.6,6,0
EMP-05800,Engineering,Senior,42,8,6,Points,0.67,34.38,0.37,6.1,5.0,6,0
EMP-05801,Sales,Manager,55,15,4,Points,1.25,5.04,0.47,10.0,4.7,3,0
EMP-05802,Engineering,Junior,4,4,2,Badge,0.33,4.37,0.17,5.3,4.5,8,0
EMP-05803,Engineering,Manager,42,10,3,Badge,0.83,9.67,0.69,7.9,4.6,5,0
EMP-05804,Operations,Mid,6,5,1,Monetary,0.42,193.11,0.35,5.7,5.0,6,0
EMP-05805,Sales,Senior,59,17,9,Monetary,1.42,125.03,0.5,9.0,4.6,8,0
EMP-05806,Engineering,Junior,12,12,0,Badge,1.0,6.62,0.34,9.4,5.0,5,0
EMP-05807,Sales,Mid,43,11,4,Monetary,0.92,66.43,0.36,6.4,4.3,2,0
EMP-05808,Customer Support,Junior,12,3,3,Badge,0.25,3.21,0.54,5.0,3.6,9,0
EMP-05809,Marketing,Junior,2,3,0,PTO,0.25,148.87,0.37,5.3,3.0,7,0
EMP-05810,Sales,Junior,4,6,0,Points,0.5,23.61,0.65,7.3,3.9,6,0
EMP-05811,Engineering,Senior,42,12,4,Points,1.0,36.81,0.52,8.5,4.4,5,0
EMP-05812,Customer Support,Junior,22,1,2,Points,0.08,8.42,0.89,5.4,2.6,5,0
EMP-05813,Operations,Mid,40,12,3,Points,1.0,7.06,0.81,8.5,5.0,3,0
EMP-05814,Sales,Junior,12,6,1,Badge,0.5,5.21,0.75,6.8,4.9,5,0
EMP-05815,Engineering,Mid,3,5,6,Monetary,0.42,126.24,0.14,3.8,3.7,6,1
EMP-05816,Engineering,Junior,5,2,2,PTO,0.17,146.86,0.96,4.2,3.9,9,0
EMP-05817,Engineering,Junior,4,10,2,Points,0.83,38.61,0.7,5.6,4.7,8,0
EMP-05818,Marketing,Mid,9,3,3,Points,0.25,12.58,0.49,5.8,3.8,4,0
EMP-05819,Customer Support,Senior,45,10,7,Monetary,0.83,198.41,0.54,6.6,3.6,1,0
EMP-05820,Sales,Junior,4,3,1,PTO,0.25,137.62,0.53,5.2,3.7,3,0
EMP-05821,Operations,Junior,1,3,2,Badge,0.25,3.32,0.9,4.8,3.5,5,0
EMP-05822,Sales,Junior,4,6,0,Points,0.5,22.7,0.95,4.4,3.8,4,0
EMP-05823,Operations,Manager,63,11,9,Badge,0.92,8.37,0.09,7.5,3.9,2,0
EMP-05824,Operations,Mid,29,13,1,Points,1.08,14.91,0.7,8.9,3.7,3,0
EMP-05825,Engineering,Mid,49,6,3,Badge,0.5,4.56,0.96,7.9,5.0,6,0
EMP-05826,Sales,Junior,1,6,1,PTO,0.5,116.48,0.81,6.9,3.9,8,0
EMP-05827,Marketing,Mid,35,8,3,Badge,0.67,0.42,0.4,6.7,4.6,3,0
EMP-05828,Engineering,Junior,1,3,2,Points,0.25,21.53,0.06,4.1,3.0,7,0
EMP-05829,Sales,Junior,20,7,0,PTO,0.58,69.0,0.85,6.0,3.5,6,0
EMP-05830,Marketing,Mid,13,8,4,Monetary,0.67,194.8,0.61,6.1,5.0,5,0
EMP-05831,Customer Support,Mid,36,6,3,PTO,0.5,85.19,0.7,7.0,5.0,4,0
EMP-05832,Sales,Junior,6,3,3,PTO,0.25,296.11,0.83,5.5,3.5,6,0
EMP-05833,Operations,Senior,67,10,5,Monetary,0.83,105.52,0.44,7.4,4.3,9,0
EMP-05834,Sales,Manager,62,7,9,Monetary,0.58,54.01,0.71,9.2,5.0,6,0
EMP-05835,Operations,Mid,31,7,4,Badge,0.58,2.66,0.63,8.0,4.5,3,0
EMP-05836,Marketing,Mid,21,5,1,Monetary,0.42,92.73,0.31,4.7,3.0,4,0
EMP-05837,Customer Support,Manager,48,6,14,Badge,0.5,6.78,0.6,7.3,5.0,2,0
EMP-05838,Sales,Senior,61,7,3,Points,0.58,37.11,0.64,7.6,4.3,3,0
EMP-05839,Marketing,Mid,43,8,1,Monetary,0.67,63.18,0.42,8.2,5.0,3,0
EMP-05840,Marketing,Senior,60,15,5,Badge,1.25,1.97,0.61,8.6,4.2,4,0
EMP-05841,Sales,Junior,15,5,2,Points,0.42,46.1,0.58,7.8,5.0,4,0
EMP-05842,Engineering,Mid,20,5,3,Monetary,0.42,104.12,0.5,5.8,5.0,8,0
EMP-05843,Engineering,Junior,1,0,1,Points,0.0,21.16,0.0,2.7,3.4,2,1
EMP-05844,Engineering,Junior,6,2,0,Monetary,0.17,134.57,0.67,3.5,2.7,13,1
EMP-05845,Customer Support,Mid,40,3,1,Points,0.25,29.7,0.55,7.1,3.8,2,0
EMP-05846,Engineering,Junior,20,2,1,Badge,0.17,8.94,0.82,5.4,4.5,3,0
EMP-05847,Engineering,Senior,53,14,3,Badge,1.17,1.58,0.23,6.8,4.7,9,0
EMP-05848,Operations,Mid,18,8,1,Points,0.67,25.32,0.23,6.7,3.7,6,0
EMP-05849,Sales,Mid,20,13,4,Monetary,1.08,59.91,0.61,9.2,5.0,3,0
EMP-05850,Sales,Junior,22,9,1,Badge,0.75,1.07,0.77,6.7,4.5,7,0
EMP-05851,Engineering,Junior,23,1,2,Points,0.08,17.97,0.71,6.5,3.8,3,0
EMP-05852,Customer Support,Mid,26,4,1,Points,0.33,8.04,0.85,6.8,3.4,1,0
EMP-05853,Operations,Manager,45,7,8,Points,0.58,32.12,0.72,7.8,3.9,6,0
EMP-05854,Customer Support,Junior,8,3,0,Badge,0.25,8.52,0.78,5.0,3.5,3,0
EMP-05855,Sales,Junior,2,6,2,Points,0.5,18.6,0.78,6.3,3.9,6,0
EMP-05856,Operations,Senior,60,12,6,Monetary,1.0,135.75,0.49,7.2,3.9,1,0
EMP-05857,Engineering,Junior,3,6,3,Badge,0.5,1.3,0.63,6.6,3.8,5,0
EMP-05858,Engineering,Manager,91,9,3,Badge,0.75,2.35,0.52,7.5,5.0,6,0
EMP-05859,Engineering,Mid,31,5,1,Points,0.42,35.41,0.62,8.0,4.4,5,0
EMP-05860,Marketing,Mid,26,5,3,Points,0.42,46.37,0.62,7.0,4.6,4,0
EMP-05861,Sales,Mid,22,7,4,Badge,0.58,0.19,0.7,7.2,4.3,1,0
EMP-05862,Sales,Junior,31,4,1,Points,0.33,33.92,0.88,7.3,3.4,3,0
EMP-05863,Engineering,Mid,39,11,3,Badge,0.92,7.05,0.86,8.2,5.0,4,0
EMP-05864,Sales,Manager,58,10,9,Badge,0.83,5.97,0.93,9.6,5.0,4,0
EMP-05865,Operations,Senior,48,11,7,Points,0.92,24.24,0.63,6.9,5.0,3,0
EMP-05866,Sales,Senior,52,11,6,Monetary,0.92,197.91,0.37,9.0,3.6,3,0
EMP-05867,Operations,Senior,62,5,6,PTO,0.42,118.19,0.41,7.6,4.2,3,0
EMP-05868,Engineering,Junior,2,3,2,Monetary,0.25,106.62,0.43,5.9,3.3,4,0
EMP-05869,Operations,Mid,20,7,0,Points,0.58,35.32,0.59,7.1,4.2,5,0
EMP-05870,Marketing,Mid,41,6,3,Badge,0.5,0.0,0.81,6.9,4.6,2,0
EMP-05871,Engineering,Senior,36,11,4,Monetary,0.92,88.2,0.71,9.1,4.4,4,0
EMP-05872,Engineering,Mid,10,4,0,Badge,0.33,3.93,0.57,6.2,4.8,8,0
EMP-05873,Marketing,Mid,25,5,4,Badge,0.42,0.11,0.76,6.8,4.0,4,0
EMP-05874,Operations,Manager,83,17,5,Badge,1.42,0.26,0.64,9.8,4.8,5,0
EMP-05875,Sales,Mid,41,8,3,Monetary,0.67,198.0,0.99,9.0,4.8,5,0
EMP-05876,Engineering,Junior,1,3,1,Points,0.25,9.9,0.96,6.3,4.1,3,0
EMP-05877,Customer Support,Mid,17,1,1,Points,0.08,15.63,0.47,5.8,3.4,2,0
EMP-05878,Marketing,Mid,19,3,5,Monetary,0.25,49.26,0.41,7.4,3.7,3,0
EMP-05879,Sales,Senior,69,7,11,Points,0.58,28.12,0.65,6.7,3.9,5,0
EMP-05880,Sales,Manager,48,10,7,Monetary,0.83,153.81,0.56,8.0,4.8,2,0
EMP-05881,Engineering,Mid,43,7,4,Points,0.58,8.46,0.65,7.1,4.1,3,0
EMP-05882,Marketing,Mid,47,5,3,Badge,0.42,5.86,0.79,5.3,3.5,4,0
EMP-05883,Sales,Senior,36,6,5,Points,0.5,20.89,0.63,8.4,4.3,7,0
EMP-05884,Customer Support,Junior,1,2,3,Points,0.17,27.08,0.9,3.3,3.0,4,1
EMP-05885,Sales,Junior,6,7,3,Monetary,0.58,71.55,0.64,5.9,3.4,4,0
EMP-05886,Sales,Manager,43,13,9,Badge,1.08,8.64,0.38,7.0,5.0,3,0
EMP-05887,Marketing,Senior,49,6,6,Points,0.5,25.36,0.72,7.5,5.0,5,0
EMP-05888,Customer Support,Junior,18,1,6,Points,0.08,12.22,0.83,4.6,2.8,10,0
EMP-05889,Operations,Junior,10,3,2,Points,0.25,40.63,0.32,4.9,3.3,3,0
EMP-05890,Sales,Senior,44,12,5,PTO,1.0,237.96,1.0,9.7,4.3,2,0
EMP-05891,Operations,Senior,61,11,7,Monetary,0.92,109.86,0.71,10.0,5.0,1,0
EMP-05892,Marketing,Senior,55,16,7,Badge,1.33,7.22,0.37,7.1,4.6,5,0
EMP-05893,Sales,Junior,9,6,1,PTO,0.5,200.52,0.4,6.4,4.9,3,0
EMP-05894,Engineering,Manager,55,12,11,Points,1.0,12.42,0.79,9.5,5.0,2,0
EMP-05895,Sales,Mid,3,4,4,Points,0.33,49.97,0.06,4.5,3.5,4,0
EMP-05896,Engineering,Senior,12,13,5,Badge,1.08,7.72,0.72,10.0,5.0,6,0
EMP-05897,Customer Support,Mid,34,7,0,Monetary,0.58,141.63,0.18,6.0,3.3,5,0
EMP-05898,Sales,Junior,31,6,0,Points,0.5,42.4,0.42,7.2,4.0,6,0
EMP-05899,Customer Support,Manager,44,8,7,Badge,0.67,9.28,0.75,6.2,3.5,5,0
EMP-05900,Marketing,Junior,10,1,1,Points,0.08,31.0,0.3,4.3,4.4,5,0
EMP-05901,Marketing,Junior,14,9,1,PTO,0.75,197.11,0.77,8.8,4.6,4,0
EMP-05902,Marketing,Senior,60,5,7,Points,0.42,6.06,0.51,8.8,4.6,4,0
EMP-05903,Engineering,Mid,24,5,6,PTO,0.42,153.72,0.82,6.8,2.9,5,0
EMP-05904,Sales,Senior,32,18,4,PTO,1.5,177.18,0.71,9.5,4.0,6,0
EMP-05905,Engineering,Mid,32,3,2,Monetary,0.25,65.99,0.85,7.9,4.3,3,0
EMP-05906,Marketing,Mid,42,9,1,Points,0.75,21.18,0.81,8.2,4.0,1,0
EMP-05907,Sales,Manager,53,14,4,PTO,1.17,141.57,0.18,8.5,4.4,3,0
EMP-05908,Operations,Junior,8,0,2,PTO,0.0,141.96,0.0,2.9,2.1,15,1
EMP-05909,Engineering,Senior,43,5,5,Monetary,0.42,192.26,0.43,7.2,5.0,3,0
EMP-05910,Engineering,Junior,9,5,0,Points,0.42,31.44,0.6,6.8,5.0,4,0
EMP-05911,Sales,Senior,66,12,5,Badge,1.0,3.14,0.61,8.6,3.6,3,0
EMP-05912,Customer Support,Junior,1,2,1,Points,0.17,18.71,0.78,3.1,2.2,11,1
EMP-05913,Operations,Mid,9,7,3,Points,0.58,43.11,0.74,6.6,3.9,7,0
EMP-05914,Sales,Manager,62,11,11,Points,0.92,33.88,0.77,10.0,4.0,3,0
EMP-05915,Sales,Mid,13,8,0,Points,0.67,43.3,0.84,7.1,3.8,4,0
EMP-05916,Engineering,Senior,54,8,3,Points,0.67,33.96,0.92,8.9,5.0,4,0
EMP-05917,Customer Support,Senior,34,5,8,Points,0.42,46.16,0.18,4.0,2.8,11,0
EMP-05918,Marketing,Senior,24,8,4,Badge,0.67,4.02,0.86,7.3,3.2,1,0
EMP-05919,Sales,Manager,30,14,9,Points,1.17,42.91,0.24,8.9,4.1,2,0
EMP-05920,Marketing,Mid,29,9,4,Points,0.75,12.92,0.76,7.9,5.0,6,0
EMP-05921,Engineering,Junior,15,3,1,Badge,0.25,6.69,0.75,5.3,3.8,1,0
EMP-05922,Customer Support,Junior,8,4,1,Badge,0.33,3.64,0.51,5.8,4.4,2,0
EMP-05923,Engineering,Junior,10,2,1,Badge,0.17,5.25,0.71,5.7,2.6,9,0
EMP-05924,Marketing,Junior,17,7,0,Badge,0.58,7.37,0.55,6.0,,3,0
EMP-05925,Engineering,Mid,52,8,4,Points,0.67,30.4,0.66,8.1,4.0,7,0
EMP-05926,Operations,Junior,11,2,0,PTO,0.17,232.5,0.71,4.9,3.4,8,0
EMP-05927,Operations,Junior,11,1,0,Badge,0.08,0.37,0.36,3.6,2.5,7,1
EMP-05928,Marketing,Junior,18,7,1,Badge,0.58,4.0,0.56,5.1,3.4,5,0
EMP-05929,Marketing,Senior,45,4,3,Monetary,0.33,191.98,0.55,6.0,3.3,3,0
EMP-05930,Customer Support,Mid,37,7,3,Badge,0.58,7.62,0.73,6.9,4.2,4,0
EMP-05931,Engineering,Mid,18,4,2,Monetary,0.33,109.54,0.3,6.5,4.5,2,0
EMP-05932,Sales,Manager,62,7,4,Monetary,0.58,149.0,0.87,7.6,4.3,4,0
EMP-05933,Engineering,Junior,5,4,1,Badge,0.33,0.27,0.41,4.2,3.9,7,0
EMP-05934,Customer Support,Manager,81,12,6,Badge,1.0,2.93,0.61,7.8,3.9,2,0
EMP-05935,Sales,Mid,25,10,2,Points,0.83,45.64,0.51,7.0,4.5,4,0
EMP-05936,Operations,Junior,8,4,0,Badge,0.33,4.96,0.75,5.7,4.4,6,0
EMP-05937,Operations,Senior,62,6,4,Badge,0.5,9.53,0.29,6.7,3.2,5,0
EMP-05938,Engineering,Senior,46,9,3,Badge,0.75,2.65,0.74,8.6,4.8,6,0
EMP-05939,Engineering,Mid,54,8,3,PTO,0.67,258.6,0.27,8.3,4.4,4,0
EMP-05940,Sales,Senior,38,7,5,PTO,0.58,54.89,0.82,7.7,3.7,5,0
EMP-05941,Sales,Junior,7,0,1,Points,0.0,5.18,0.0,4.3,3.2,7,0
EMP-05942,Engineering,Junior,7,2,0,Points,0.17,11.16,0.17,5.1,3.8,7,0
EMP-05943,Engineering,Junior,13,6,2,Monetary,0.5,70.77,0.57,7.6,4.5,6,0
EMP-05944,Customer Support,Junior,3,3,1,PTO,0.25,60.65,0.21,4.6,4.3,10,0
EMP-05945,Customer Support,Junior,16,4,3,Points,0.33,14.51,0.61,7.8,4.8,7,0
EMP-05946,Sales,Manager,54,17,5,Badge,1.42,8.73,1.0,9.7,5.0,5,0
EMP-05947,Sales,Junior,12,7,2,Points,0.58,46.19,0.74,8.6,4.9,3,0
EMP-05948,Engineering,Mid,14,6,0,Points,0.5,10.33,0.7,6.0,3.4,3,0
EMP-05949,Operations,Mid,36,5,7,Points,0.42,19.19,0.68,7.1,4.3,2,0
EMP-05950,Operations,Manager,69,8,4,Badge,0.67,6.1,0.19,7.4,5.0,3,0
EMP-05951,Engineering,Manager,44,8,3,Points,0.67,34.74,0.23,8.6,4.2,4,0
EMP-05952,Engineering,Senior,69,7,7,PTO,0.58,56.95,0.88,8.7,4.5,3,0
EMP-05953,Operations,Manager,54,8,7,Badge,0.67,9.12,0.49,7.0,4.1,3,0
EMP-05954,Marketing,Senior,41,7,8,Points,0.58,24.22,0.51,7.2,4.6,2,0
EMP-05955,Engineering,Manager,98,10,3,Badge,0.83,4.41,0.57,7.7,4.7,6,0
EMP-05956,Marketing,Senior,56,9,7,Badge,0.75,0.86,0.43,6.9,5.0,5,0
EMP-05957,Sales,Junior,14,7,0,PTO,0.58,181.28,0.71,7.6,3.3,3,0
EMP-05958,Sales,Mid,47,11,1,Monetary,0.92,127.82,0.56,7.2,3.3,7,0
EMP-05959,Operations,Mid,39,10,0,Badge,0.83,4.57,0.5,6.9,4.7,1,0
EMP-05960,Operations,Mid,14,8,3,Points,0.67,44.94,0.65,7.6,4.5,8,0
EMP-05961,Sales,Junior,2,9,0,PTO,0.75,77.19,0.68,5.8,3.8,9,0
EMP-05962,Customer Support,Mid,23,3,1,Points,0.25,13.31,0.2,5.7,2.8,11,0
EMP-05963,Sales,Manager,55,9,5,Monetary,0.75,90.66,0.69,7.6,3.6,7,0
EMP-05964,Operations,Junior,11,3,1,Points,0.25,32.41,0.39,5.5,3.9,6,0
EMP-05965,Sales,Senior,38,10,3,Badge,0.83,4.24,0.79,8.2,4.6,3,0
EMP-05966,Customer Support,Senior,38,7,4,Monetary,0.58,173.91,0.42,5.5,3.1,1,0
EMP-05967,Customer Support,Manager,52,7,6,Monetary,0.58,62.21,0.72,7.7,3.1,6,0
EMP-05968,Engineering,Manager,36,9,7,Badge,0.75,2.4,0.76,8.5,5.0,6,0
EMP-05969,Customer Support,Senior,51,12,8,Badge,1.0,8.92,0.63,9.1,4.9,4,0
EMP-05970,Operations,Mid,25,6,4,Points,0.5,26.07,0.77,7.5,3.8,4,0
EMP-05971,Operations,Junior,27,10,0,Badge,0.83,6.52,0.9,6.6,3.9,1,0
EMP-05972,Engineering,Mid,45,8,2,Monetary,0.67,90.75,0.72,8.7,4.9,2,0
EMP-05973,Operations,Senior,37,4,5,Badge,0.33,3.75,0.7,5.1,4.1,9,0
EMP-05974,Operations,Manager,33,5,8,Monetary,0.42,50.34,0.64,7.5,3.1,6,0
EMP-05975,Sales,Senior,63,16,5,Points,1.33,44.93,0.95,7.4,3.2,2,0
EMP-05976,Customer Support,Junior,24,1,3,Monetary,0.08,169.62,0.38,5.1,2.8,5,0
EMP-05977,Engineering,Mid,30,10,1,Points,0.83,29.11,0.48,8.3,4.3,1,0
EMP-05978,Engineering,Mid,9,6,2,Monetary,0.5,31.8,0.74,8.3,4.0,5,0
EMP-05979,Marketing,Junior,6,3,1,PTO,0.25,106.25,0.62,7.1,3.6,6,0
EMP-05980,Marketing,Junior,44,3,1,PTO,0.25,97.85,0.42,7.4,5.0,4,0
EMP-05981,Marketing,Junior,11,2,1,Points,0.17,29.16,0.66,5.9,3.1,7,0
EMP-05982,Engineering,Senior,54,8,3,PTO,0.67,89.44,0.37,7.4,4.2,1,0
EMP-05983,Customer Support,Junior,18,0,3,PTO,0.0,158.17,0.0,3.8,2.9,12,1
EMP-05984,Engineering,Junior,7,1,3,Points,0.08,13.76,0.8,6.4,3.5,1,0
EMP-05985,Engineering,Manager,18,10,5,Badge,0.83,2.86,0.46,9.9,3.8,7,0
EMP-05986,Engineering,Mid,45,4,3,Points,0.33,18.56,0.7,8.0,4.9,5,0
EMP-05987,Marketing,Junior,14,1,0,Badge,0.08,2.27,0.78,7.5,3.4,3,0
EMP-05988,Customer Support,Junior,22,2,1,Monetary,0.17,71.04,0.77,7.0,3.8,2,0
EMP-05989,Marketing,Junior,8,2,2,Badge,0.17,1.54,0.53,5.2,3.2,7,0
EMP-05990,Operations,Junior,7,2,0,Badge,0.17,7.73,0.64,6.7,3.9,6,0
EMP-05991,Engineering,Junior,4,3,1,Monetary,0.25,195.22,0.91,6.1,4.4,4,0
EMP-05992,Marketing,Mid,44,4,2,Points,0.33,40.19,0.48,6.5,4.2,5,0
EMP-05993,Sales,Junior,15,8,0,Points,0.67,21.49,1.0,6.6,3.6,11,0
EMP-05994,Sales,Mid,21,5,1,Monetary,0.42,157.36,0.93,7.6,3.8,5,0
EMP-05995,Engineering,Senior,61,13,4,Monetary,1.08,36.01,0.53,8.6,4.9,8,0
EMP-05996,Operations,Mid,33,7,1,Points,0.58,20.91,0.73,8.2,5.0,2,0
EMP-05997,Sales,Manager,67,12,10,PTO,1.0,149.21,1.0,8.9,4.2,5,0
EMP-05998,Operations,Mid,14,4,5,PTO,0.33,53.19,0.52,6.5,3.5,7,0
EMP-05999,Sales,Mid,19,10,2,Points,0.83,47.76,0.38,6.2,3.0,2,0
EMP-06000,Engineering,Senior,62,11,7,Points,0.92,25.9,0.67,8.6,5.0,1,0
EMP-06001,Marketing,Junior,16,4,1,Points,0.33,49.45,0.91,5.9,3.8,4,0
EMP-06002,Engineering,Junior,18,4,0,Badge,0.33,2.79,0.64,5.4,3.3,3,0
EMP-06003,Customer Support,Senior,39,4,2,Points,0.33,49.05,0.57,6.3,2.6,6,0
EMP-06004,Marketing,Mid,42,9,2,Badge,0.75,6.13,0.69,8.4,4.2,2,0
EMP-06005,Engineering,Senior,29,9,5,Points,0.75,23.73,0.5,7.2,4.5,4,0
EMP-06006,Customer Support,Manager,79,12,10,Monetary,1.0,170.68,0.5,7.2,4.3,3,0
EMP-06007,Sales,Mid,26,7,5,Monetary,0.58,119.8,0.81,7.2,4.4,4,0
EMP-06008,Engineering,Mid,53,11,3,Badge,0.92,8.27,0.5,8.1,4.8,1,0
EMP-06009,Marketing,Mid,8,6,1,Badge,0.5,5.06,0.64,7.7,3.3,5,0
EMP-06010,Engineering,Manager,91,8,10,Points,0.67,23.83,0.6,7.7,4.9,1,0
EMP-06011,Operations,Senior,42,6,2,PTO,0.5,202.04,0.3,6.8,4.2,3,0
EMP-06012,Operations,Manager,53,4,5,Points,0.33,39.04,0.26,6.0,2.9,7,0
EMP-06013,Customer Support,Junior,1,3,3,Points,0.25,7.12,0.39,3.1,2.8,13,1
EMP-06014,Sales,Senior,64,14,3,Points,1.17,23.14,0.31,8.7,4.9,1,0
EMP-06015,Sales,Junior,1,5,1,Points,0.42,12.59,0.76,4.5,4.0,6,0
EMP-06016,Operations,Junior,1,2,1,Points,0.17,47.74,0.83,5.4,3.7,5,0
EMP-06017,Engineering,Manager,66,7,8,Points,0.58,48.74,0.46,8.4,5.0,7,0
EMP-06018,Marketing,Junior,7,2,2,PTO,0.17,277.45,0.29,6.3,4.1,5,0
EMP-06019,Marketing,Manager,47,12,5,Points,1.0,28.09,0.91,8.9,4.1,4,0
EMP-06020,Engineering,Junior,3,3,1,PTO,0.25,238.98,0.59,4.5,3.2,4,0
EMP-06021,Sales,Senior,55,15,6,PTO,1.25,280.53,0.85,8.9,4.3,2,0
EMP-06022,Operations,Junior,3,4,0,Badge,0.33,8.72,0.77,4.8,3.7,8,0
EMP-06023,Operations,Mid,10,3,2,Badge,0.25,5.36,0.69,4.2,2.3,13,0
EMP-06024,Engineering,Junior,5,4,1,Badge,0.33,1.49,0.5,3.3,2.3,8,1
EMP-06025,Engineering,Mid,22,8,5,Badge,0.67,9.1,0.92,6.3,4.1,4,0
EMP-06026,Engineering,Mid,40,7,2,Badge,0.58,8.21,0.49,8.4,3.5,6,0
EMP-06027,Customer Support,Senior,71,15,5,Badge,1.25,4.01,0.66,8.5,3.7,6,0
EMP-06028,Engineering,Junior,1,3,2,Badge,0.25,4.64,0.69,5.7,3.8,5,0
EMP-06029,Operations,Junior,12,3,0,Points,0.25,49.51,0.69,3.3,2.3,12,1
EMP-06030,Engineering,Junior,7,3,1,Points,0.25,32.06,0.63,6.3,3.4,6,0
EMP-06031,Marketing,Mid,27,6,2,PTO,0.5,92.36,0.6,7.6,4.3,3,0
EMP-06032,Sales,Senior,53,9,5,Monetary,0.75,53.62,0.51,8.6,4.6,3,0
EMP-06033,Operations,Manager,76,11,7,Badge,0.92,0.65,0.55,8.6,4.9,4,0
EMP-06034,Engineering,Junior,3,2,0,Badge,0.17,5.88,0.82,6.7,4.3,3,0
EMP-06035,Marketing,Mid,42,9,3,Monetary,0.75,29.7,0.75,7.8,3.9,4,0
EMP-06036,Engineering,Senior,47,8,3,Points,0.67,41.76,0.91,7.2,4.5,7,0
EMP-06037,Operations,Junior,13,0,2,Badge,0.0,3.18,0.0,1.5,2.1,16,1
EMP-06038,Customer Support,Mid,42,6,2,Badge,0.5,3.42,0.55,6.0,3.7,4,0
EMP-06039,Engineering,Mid,23,12,5,Badge,1.0,7.61,0.35,9.1,4.5,2,0
EMP-06040,Customer Support,Junior,10,0,1,Monetary,0.0,43.5,0.0,1.7,2.7,13,1
EMP-06041,Marketing,Junior,4,0,1,Badge,0.0,5.28,0.0,3.7,4.5,3,1
EMP-06042,Engineering,Junior,8,3,0,Monetary,0.25,89.74,0.83,7.4,4.8,3,0
EMP-06043,Sales,Mid,20,6,1,PTO,0.5,75.21,0.75,8.1,4.7,3,0
EMP-06044,Engineering,Junior,5,5,4,Monetary,0.42,77.04,0.69,6.2,3.1,3,0
EMP-06045,Operations,Junior,12,4,2,Badge,0.33,6.29,0.86,6.7,3.6,5,0
EMP-06046,Operations,Mid,27,3,1,Badge,0.25,6.63,0.44,6.2,4.0,1,0
EMP-06047,Engineering,Junior,12,2,1,Monetary,0.17,47.09,0.66,6.3,4.0,6,0
EMP-06048,Sales,Junior,6,6,5,Badge,0.5,9.39,0.8,6.1,3.8,6,0
EMP-06049,Operations,Manager,59,16,10,Points,1.33,13.25,0.96,10.0,4.6,5,0
EMP-06050,Customer Support,Junior,5,1,1,Points,0.08,34.84,0.89,3.5,3.6,11,1
EMP-06051,Sales,Senior,45,14,6,Monetary,1.17,81.95,0.68,9.9,3.8,2,0
EMP-06052,Customer Support,Mid,27,6,5,Points,0.5,36.62,0.64,6.3,3.4,4,0
EMP-06053,Marketing,Senior,39,4,0,Badge,0.33,8.13,0.75,6.2,4.2,5,0
EMP-06054,Sales,Mid,28,5,4,PTO,0.42,70.18,0.89,6.8,3.6,5,0
EMP-06055,Operations,Junior,1,3,1,Points,0.25,40.87,0.28,4.0,2.9,13,0
EMP-06056,Sales,Senior,50,8,6,Badge,0.67,1.21,0.78,7.3,5.0,4,0
EMP-06057,Sales,Mid,19,14,2,Points,1.17,28.35,1.0,9.9,4.4,2,0
EMP-06058,Sales,Senior,47,14,5,Monetary,1.17,84.15,0.64,9.8,5.0,3,0
EMP-06059,Operations,Mid,10,2,2,Badge,0.17,3.07,0.76,7.5,3.6,8,0
EMP-06060,Operations,Manager,81,12,7,Monetary,1.0,51.64,0.53,9.6,4.5,4,0
EMP-06061,Sales,Senior,39,9,3,Badge,0.75,6.77,0.87,7.4,3.7,6,0
EMP-06062,Sales,Manager,51,12,7,Badge,1.0,3.03,0.65,8.0,4.4,2,0
EMP-06063,Sales,Mid,3,6,1,Points,0.5,27.75,0.95,7.1,5.0,4,0
EMP-06064,Marketing,Mid,22,10,3,Badge,0.83,0.15,0.9,6.6,4.6,5,0
EMP-06065,Engineering,Senior,74,12,4,PTO,1.0,201.07,0.79,10.0,5.0,6,0
EMP-06066,Operations,Manager,71,6,5,Points,0.5,35.48,0.33,8.3,5.0,4,0
EMP-06067,Sales,Manager,79,9,6,Points,0.75,7.81,0.73,7.6,4.6,3,0
EMP-06068,Sales,Mid,31,9,1,Points,0.75,28.96,0.91,7.5,3.4,5,0
EMP-06069,Engineering,Senior,12,7,6,Badge,0.58,7.14,0.52,7.2,5.0,4,0
EMP-06070,Engineering,Junior,41,4,1,Badge,0.33,1.42,0.74,7.8,4.4,8,0
EMP-06071,Customer Support,Mid,39,4,0,Points,0.33,6.97,0.9,6.0,3.3,2,0
EMP-06072,Sales,Junior,2,6,1,Points,0.5,13.71,0.67,3.9,3.6,11,1
EMP-06073,Engineering,Mid,33,3,2,Monetary,0.25,86.54,0.56,6.7,4.9,6,0
EMP-06074,Sales,Manager,76,16,6,Monetary,1.33,99.65,0.67,9.8,4.9,3,0
EMP-06075,Sales,Junior,4,1,2,Points,0.08,8.28,0.41,5.8,3.3,2,0
EMP-06076,Engineering,Mid,29,4,3,Badge,0.33,9.79,0.38,6.9,4.6,2,0
EMP-06077,Sales,Mid,28,9,7,Monetary,0.75,145.65,0.82,7.6,4.5,4,0
EMP-06078,Marketing,Junior,1,3,1,Badge,0.25,1.34,0.48,5.3,4.6,8,0
EMP-06079,Marketing,Mid,42,5,2,Points,0.42,40.89,0.75,8.1,4.0,3,0
EMP-06080,Sales,Mid,25,15,3,Badge,1.25,3.2,0.88,9.1,4.5,3,0
EMP-06081,Sales,Junior,1,2,0,Points,0.17,21.88,1.0,5.7,2.5,8,0
EMP-06082,Customer Support,Senior,56,18,7,Points,1.5,8.26,0.61,9.1,4.0,3,0
EMP-06083,Sales,Manager,66,10,9,Points,0.83,24.03,0.71,8.6,4.5,3,0
EMP-06084,Engineering,Junior,45,1,4,Monetary,0.08,38.61,0.67,7.4,4.6,3,0
EMP-06085,Engineering,Junior,1,2,0,Monetary,0.17,144.05,0.39,3.0,2.4,17,1
EMP-06086,Sales,Mid,17,4,1,Badge,0.33,3.43,0.58,6.1,3.6,3,0
EMP-06087,Operations,Senior,26,8,1,Points,0.67,18.33,0.64,6.3,3.3,7,0
EMP-06088,Engineering,Junior,16,4,1,PTO,0.33,212.09,0.69,5.5,4.4,4,0
EMP-06089,Operations,Junior,1,3,1,Badge,0.25,6.88,0.66,2.4,2.7,13,1
EMP-06090,Engineering,Mid,27,5,3,Monetary,0.42,136.78,0.35,6.7,4.5,4,0
EMP-06091,Sales,Manager,47,13,3,Badge,1.08,7.89,0.92,9.4,5.0,6,0
EMP-06092,Operations,Mid,21,6,4,Badge,0.5,6.38,0.78,7.3,4.5,2,0
EMP-06093,Sales,Mid,44,11,2,PTO,0.92,286.27,0.61,9.6,5.0,4,0
EMP-06094,Marketing,Manager,62,10,5,PTO,0.83,191.56,0.54,8.7,5.0,3,0
EMP-06095,Engineering,Senior,36,9,6,Points,0.75,44.82,0.95,6.6,4.8,7,0
EMP-06096,Operations,Senior,48,13,2,Badge,1.08,9.61,0.44,7.3,3.8,3,0
EMP-06097,Engineering,Mid,49,4,1,Badge,0.33,1.64,0.57,8.3,5.0,2,0
EMP-06098,Operations,Manager,65,14,7,PTO,1.17,219.2,0.81,10.0,5.0,2,0
EMP-06099,Engineering,Senior,57,8,5,Monetary,0.67,139.83,0.45,7.7,5.0,2,0
EMP-06100,Customer Support,Manager,46,10,3,Points,0.83,44.13,0.86,9.7,4.2,4,0
EMP-06101,Sales,Senior,64,5,5,Badge,0.42,3.37,0.56,6.8,4.4,4,0
EMP-06102,Operations,Senior,85,10,12,Monetary,0.83,93.94,0.46,7.4,2.9,7,0
EMP-06103,Sales,Junior,3,11,1,Monetary,0.92,33.25,0.34,6.6,5.0,9,0
EMP-06104,Customer Support,Mid,32,8,3,Badge,0.67,7.66,0.88,7.2,4.7,4,0
EMP-06105,Engineering,Senior,46,8,9,Points,0.67,16.98,0.22,7.5,4.7,2,0
EMP-06106,Engineering,Junior,3,0,4,Points,0.0,46.8,0.0,2.0,3.2,11,1
EMP-06107,Sales,Mid,32,8,1,Points,0.67,34.84,0.73,7.9,4.1,5,0
EMP-06108,Engineering,Junior,1,3,1,Badge,0.25,3.33,0.83,5.9,4.3,6,0
EMP-06109,Engineering,Senior,62,10,1,Points,0.83,41.83,0.69,7.7,4.7,3,0
EMP-06110,Customer Support,Junior,7,1,3,Points,0.08,41.78,0.2,3.1,1.8,16,1
EMP-06111,Customer Support,Senior,46,12,2,Points,1.0,12.27,0.35,6.9,3.6,1,0
EMP-06112,Sales,Mid,38,8,6,Badge,0.67,5.42,0.67,7.4,4.2,5,0
EMP-06113,Customer Support,Junior,23,1,1,Points,0.08,5.46,0.19,6.0,3.7,7,0
EMP-06114,Marketing,Mid,36,3,1,Points,0.25,20.48,0.75,7.0,4.1,5,0
EMP-06115,Engineering,Junior,22,3,0,Points,0.25,36.25,0.86,6.5,3.8,2,0
EMP-06116,Operations,Mid,7,3,8,Monetary,0.25,82.77,0.7,5.1,2.1,13,0
EMP-06117,Marketing,Mid,29,8,5,Badge,0.67,1.34,0.38,6.4,4.4,5,0
EMP-06118,Customer Support,Junior,12,0,0,Monetary,0.0,126.03,0.0,3.9,2.7,8,1
EMP-06119,Engineering,Manager,74,10,6,PTO,0.83,290.38,0.24,8.5,3.8,5,0
EMP-06120,Marketing,Junior,1,2,3,Points,0.17,23.58,0.89,5.0,3.4,2,0
EMP-06121,Engineering,Senior,34,6,5,PTO,0.5,279.5,0.25,7.9,4.7,5,0
EMP-06122,Engineering,Mid,16,5,4,Points,0.42,45.75,0.52,7.1,4.8,3,0
EMP-06123,Engineering,Mid,26,9,2,PTO,0.75,217.13,0.82,7.6,3.7,9,0
EMP-06124,Customer Support,Mid,23,5,6,Badge,0.42,0.7,0.65,7.6,3.1,6,0
EMP-06125,Operations,Senior,35,6,5,Monetary,0.5,139.42,0.89,8.5,5.0,3,0
EMP-06126,Operations,Senior,77,17,2,Points,1.42,31.6,0.17,7.9,4.5,2,0
EMP-06127,Sales,Senior,82,16,4,Monetary,1.33,126.74,0.55,8.5,4.7,5,0
EMP-06128,Sales,Junior,1,5,1,Points,0.42,20.23,0.59,6.6,4.5,5,0
EMP-06129,Engineering,Senior,42,11,4,Badge,0.92,7.51,0.53,4.6,4.2,5,0
EMP-06130,Sales,Junior,15,7,2,Monetary,0.58,179.52,0.7,7.1,3.3,2,0
EMP-06131,Sales,Junior,1,4,2,Monetary,0.33,143.09,0.18,4.8,3.6,3,0
EMP-06132,Operations,Mid,28,8,3,Badge,0.67,1.48,0.62,6.3,4.5,4,0
EMP-06133,Marketing,Mid,27,9,2,Points,0.75,40.31,0.56,7.5,4.8,6,0
EMP-06134,Engineering,Mid,32,9,4,Badge,0.75,1.56,0.54,7.0,5.0,6,0
EMP-06135,Engineering,Senior,55,9,2,Badge,0.75,8.0,0.73,8.6,5.0,8,0
EMP-06136,Engineering,Mid,39,6,1,Points,0.5,32.35,0.6,8.5,5.0,3,0
EMP-06137,Sales,Mid,57,16,1,Points,1.33,20.42,0.48,8.3,5.0,5,0
EMP-06138,Customer Support,Junior,4,3,0,PTO,0.25,191.64,0.41,4.8,3.1,5,0
EMP-06139,Marketing,Senior,27,5,4,Badge,0.42,8.23,0.37,5.8,3.8,7,0
EMP-06140,Operations,Mid,54,7,2,Monetary,0.58,114.54,0.78,8.8,4.8,2,0
EMP-06141,Sales,Mid,36,10,4,Points,0.83,26.44,1.0,7.4,4.6,3,0
EMP-06142,Sales,Senior,34,8,1,Monetary,0.67,62.15,0.47,6.8,4.5,6,0
EMP-06143,Engineering,Mid,26,7,5,Badge,0.58,3.66,0.39,7.2,5.0,6,0
EMP-06144,Customer Support,Mid,25,5,1,Points,0.42,28.39,0.77,7.3,4.4,3,0
EMP-06145,Operations,Mid,37,11,0,Monetary,0.92,45.0,0.49,6.5,3.9,9,0
EMP-06146,Engineering,Mid,44,13,2,PTO,1.08,228.12,0.79,10.0,5.0,2,0
EMP-06147,Sales,Senior,29,14,5,Points,1.17,45.27,0.87,8.6,4.1,3,0
EMP-06148,Sales,Junior,6,4,2,Monetary,0.33,163.32,0.95,6.7,4.4,4,0
EMP-06149,Marketing,Junior,14,6,3,Points,0.5,26.89,0.62,7.5,4.2,4,0
EMP-06150,Customer Support,Junior,16,4,1,Points,0.33,5.37,0.61,4.8,3.0,3,0
EMP-06151,Marketing,Mid,55,4,5,Badge,0.33,4.56,0.44,6.6,2.5,5,0
EMP-06152,Marketing,Manager,69,15,7,Monetary,1.25,46.66,0.65,10.0,5.0,1,0
EMP-06153,Engineering,Mid,30,4,3,Monetary,0.33,154.85,0.38,7.5,4.8,2,0
EMP-06154,Engineering,Junior,37,2,2,Points,0.17,10.71,0.44,6.1,3.6,6,0
EMP-06155,Engineering,Senior,67,8,4,Points,0.67,10.54,0.41,9.1,4.9,5,0
EMP-06156,Engineering,Senior,42,14,4,Points,1.17,28.09,0.69,9.5,4.7,6,0
EMP-06157,Operations,Manager,74,7,8,Points,0.58,15.85,0.73,10.0,4.2,7,0
EMP-06158,Operations,Mid,71,4,5,Points,0.33,15.87,0.64,8.0,,5,0
EMP-06159,Engineering,Senior,49,12,2,Points,1.0,48.18,0.18,9.1,5.0,6,0
EMP-06160,Operations,Junior,27,5,1,PTO,0.42,123.51,0.24,7.7,5.0,3,0
EMP-06161,Engineering,Junior,18,3,0,Points,0.25,46.37,0.97,7.4,4.2,10,0
EMP-06162,Sales,Junior,18,2,1,Points,0.17,15.47,0.43,6.0,3.5,4,0
EMP-06163,Engineering,Senior,37,2,2,Monetary,0.17,182.22,0.43,6.4,3.6,2,0
EMP-06164,Sales,Junior,2,3,0,Monetary,0.25,60.61,0.77,5.7,3.3,8,0
EMP-06165,Engineering,Mid,12,8,1,Badge,0.67,1.75,0.63,7.9,4.2,1,0
EMP-06166,Sales,Mid,20,9,2,PTO,0.75,119.4,1.0,8.5,4.4,2,0
EMP-06167,Sales,Mid,40,13,2,Points,1.08,23.98,0.27,7.6,4.8,2,0
EMP-06168,Customer Support,Manager,28,9,9,PTO,0.75,102.17,0.83,7.0,4.2,3,0
EMP-06169,Engineering,Junior,5,5,1,Points,0.42,32.74,0.53,4.2,3.8,8,0
EMP-06170,Engineering,Mid,3,4,5,PTO,0.33,167.05,0.37,4.6,3.4,5,0
EMP-06171,Engineering,Senior,77,14,4,Badge,1.17,5.39,0.62,9.7,4.0,6,0
EMP-06172,Marketing,Junior,4,5,2,Monetary,0.42,141.32,0.7,7.2,3.6,5,0
EMP-06173,Engineering,Senior,52,10,3,Monetary,0.83,105.84,0.7,7.4,4.1,4,0
EMP-06174,Operations,Senior,69,12,1,PTO,1.0,73.6,0.5,8.3,4.4,8,0
EMP-06175,Sales,Manager,61,9,5,Points,0.75,20.9,0.66,10.0,4.8,3,0
EMP-06176,Marketing,Manager,55,4,6,Monetary,0.33,115.62,0.81,8.6,4.2,7,0
EMP-06177,Marketing,Mid,38,5,1,Monetary,0.42,56.31,0.62,6.7,4.4,3,0
EMP-06178,Engineering,Mid,17,8,3,Points,0.67,27.17,0.85,7.2,4.4,6,0
EMP-06179,Engineering,Junior,2,6,0,Points,0.5,10.55,0.3,6.7,3.7,7,0
EMP-06180,Sales,Junior,9,8,2,Badge,0.67,3.52,0.43,5.0,4.2,8,0
EMP-06181,Marketing,Junior,1,6,2,PTO,0.5,259.72,0.7,6.8,4.4,7,0
EMP-06182,Engineering,Mid,36,7,3,Points,0.58,7.11,0.28,8.2,5.0,7,0
EMP-06183,Engineering,Manager,86,8,7,Badge,0.67,0.36,0.64,9.0,5.0,3,0
EMP-06184,Customer Support,Mid,41,5,2,Badge,0.42,3.99,0.43,5.5,3.7,3,0
EMP-06185,Engineering,Mid,31,10,4,Points,0.83,46.16,0.67,8.1,4.5,6,0
EMP-06186,Operations,Mid,29,6,3,Points,0.5,32.65,0.57,8.0,4.6,4,0
EMP-06187,Operations,Mid,34,7,2,Badge,0.58,6.87,0.6,8.3,4.6,8,0
EMP-06188,Sales,Manager,73,11,10,Monetary,0.92,122.4,0.87,7.6,4.7,1,0
EMP-06189,Engineering,Junior,3,3,1,Monetary,0.25,160.65,0.49,4.4,2.7,5,0
EMP-06190,Engineering,Mid,19,5,2,Monetary,0.42,96.33,0.28,7.6,3.5,4,0
EMP-06191,Operations,Mid,40,8,4,Points,0.67,38.71,0.27,8.5,4.5,2,0
EMP-06192,Marketing,Junior,18,1,1,Points,0.08,47.04,0.47,6.0,3.8,9,0
EMP-06193,Operations,Mid,37,12,5,Points,1.0,20.52,0.46,7.7,5.0,2,0
EMP-06194,Customer Support,Senior,37,7,5,Monetary,0.58,96.87,0.72,6.0,3.2,0,0
EMP-06195,Operations,Junior,6,5,1,Points,0.42,12.88,0.79,6.2,4.0,5,0
EMP-06196,Engineering,Junior,8,1,3,Points,0.08,10.3,0.43,6.3,4.2,6,0
EMP-06197,Engineering,Junior,2,2,1,PTO,0.17,237.42,0.78,6.5,3.7,5,0
EMP-06198,Operations,Senior,23,7,7,PTO,0.58,197.03,0.63,6.9,4.4,0,0
EMP-06199,Engineering,Senior,58,6,4,Points,0.5,37.21,0.47,8.5,4.6,6,0
EMP-06200,Engineering,Mid,3,2,1,PTO,0.17,92.03,0.21,6.1,3.9,3,0
EMP-06201,Operations,Mid,48,6,4,Points,0.5,39.07,0.47,7.0,3.9,5,0
EMP-06202,Sales,Manager,62,13,10,Badge,1.08,3.14,0.71,9.9,4.6,2,0
EMP-06203,Customer Support,Senior,22,9,5,Monetary,0.75,133.47,0.51,6.6,3.8,2,0
EMP-06204,Marketing,Senior,49,9,7,Monetary,0.75,173.31,0.44,7.0,4.4,6,0
EMP-06205,Engineering,Senior,65,15,4,Points,1.25,32.69,0.54,10.0,4.9,1,0
EMP-06206,Customer Support,Mid,38,8,2,Points,0.67,12.71,0.35,5.4,3.6,2,0
EMP-06207,Engineering,Mid,45,6,1,Points,0.5,27.5,0.84,8.0,,2,0
EMP-06208,Sales,Senior,26,9,5,Points,0.75,16.39,0.79,5.6,4.7,4,0
EMP-06209,Sales,Manager,52,14,9,Points,1.17,29.88,0.95,10.0,5.0,5,0
EMP-06210,Engineering,Junior,28,4,2,Badge,0.33,0.79,0.64,6.7,3.1,7,0
EMP-06211,Sales,Junior,29,6,1,Monetary,0.5,196.93,0.56,6.0,3.7,3,0
EMP-06212,Engineering,Manager,43,9,8,Points,0.75,32.91,0.83,8.4,4.8,4,0
EMP-06213,Sales,Junior,10,7,1,Points,0.58,22.17,0.84,7.1,5.0,9,0
EMP-06214,Sales,Manager,74,7,3,PTO,0.58,136.22,0.73,8.8,4.9,7,0
EMP-06215,Operations,Mid,36,8,2,PTO,0.67,195.24,0.48,6.0,4.0,4,0
EMP-06216,Operations,Junior,38,3,1,Badge,0.25,6.72,0.67,4.9,4.0,2,0
EMP-06217,Engineering,Junior,8,6,1,Monetary,0.5,66.02,0.55,5.5,4.1,2,0
EMP-06218,Sales,Junior,9,3,0,PTO,0.25,187.74,1.0,7.4,2.6,6,0
EMP-06219,Sales,Junior,6,1,1,Badge,0.08,8.57,0.78,5.7,3.0,10,0
EMP-06220,Engineering,Mid,28,5,3,Monetary,0.42,166.81,0.63,5.9,3.1,2,0
EMP-06221,Operations,Senior,36,7,7,Badge,0.58,1.85,0.42,6.0,4.8,2,0
EMP-06222,Operations,Manager,70,13,12,Badge,1.08,3.83,0.62,10.0,5.0,3,0
EMP-06223,Engineering,Mid,38,11,3,Badge,0.92,7.91,0.58,6.4,4.4,4,0
EMP-06224,Sales,Mid,16,4,2,Points,0.33,18.91,0.64,5.7,3.6,10,0
EMP-06225,Engineering,Mid,30,5,3,Monetary,0.42,159.54,0.78,7.4,4.1,3,0
EMP-06226,Marketing,Mid,30,7,6,Points,0.58,36.92,0.91,7.7,3.7,4,0
EMP-06227,Engineering,Mid,29,7,2,PTO,0.58,95.69,0.68,7.7,5.0,3,0
EMP-06228,Customer Support,Junior,8,1,4,Badge,0.08,6.97,0.72,5.3,3.9,5,0
EMP-06229,Operations,Junior,17,2,1,Points,0.17,42.68,0.78,6.5,3.0,1,0
EMP-06230,Sales,Junior,1,3,2,Badge,0.25,9.07,0.65,3.7,3.7,6,1
EMP-06231,Marketing,Junior,6,2,0,Points,0.17,16.02,0.75,6.0,3.9,3,0
EMP-06232,Customer Support,Senior,34,9,2,Points,0.75,49.86,0.63,8.5,4.6,8,0
EMP-06233,Marketing,Junior,4,3,0,Monetary,0.25,110.8,0.11,5.2,4.0,4,0
EMP-06234,Engineering,Manager,67,6,9,PTO,0.5,112.88,0.52,8.1,4.7,1,0
EMP-06235,Sales,Manager,63,15,10,Badge,1.25,7.22,0.47,8.7,4.6,4,0
EMP-06236,Operations,Manager,50,11,3,Points,0.92,37.08,0.73,9.1,4.2,5,0
EMP-06237,Marketing,Manager,64,13,6,Badge,1.08,6.14,0.5,9.8,4.5,2,0
EMP-06238,Marketing,Junior,8,7,2,Badge,0.58,1.45,0.8,6.8,4.8,8,0
EMP-06239,Customer Support,Mid,45,11,2,Badge,0.92,0.32,0.53,5.9,5.0,4,0
EMP-06240,Customer Support,Junior,6,1,1,Points,0.08,38.09,0.78,4.8,2.6,12,0
EMP-06241,Customer Support,Senior,40,10,6,Points,0.83,20.71,0.63,8.1,4.8,4,0
EMP-06242,Engineering,Manager,68,10,6,Monetary,0.83,42.1,0.4,7.0,5.0,4,0
EMP-06243,Marketing,Senior,33,3,7,Points,0.25,46.9,0.5,7.2,4.2,4,0
EMP-06244,Operations,Mid,46,5,2,PTO,0.42,281.57,0.69,7.3,4.3,3,0
EMP-06245,Operations,Senior,62,9,3,Points,0.75,33.9,0.25,7.0,4.0,3,0
EMP-06246,Marketing,Junior,3,0,0,Points,0.0,15.92,0.0,2.4,3.9,12,1
EMP-06247,Engineering,Junior,17,2,1,Monetary,0.17,197.31,0.3,5.4,3.5,6,0
EMP-06248,Operations,Senior,57,9,6,Badge,0.75,2.41,0.91,8.8,5.0,4,0
EMP-06249,Operations,Mid,21,8,2,Badge,0.67,0.11,0.88,7.4,4.9,7,0
EMP-06250,Engineering,Manager,73,13,11,Points,1.08,45.48,0.78,10.0,4.1,3,0
EMP-06251,Sales,Junior,1,7,0,Monetary,0.58,59.32,0.68,7.5,3.9,3,0
EMP-06252,Engineering,Senior,38,8,6,Badge,0.67,6.3,0.86,7.0,4.3,2,0
EMP-06253,Sales,Mid,21,6,5,Points,0.5,15.73,0.98,9.0,5.0,3,0
EMP-06254,Engineering,Senior,50,9,6,PTO,0.75,161.72,0.23,7.9,4.8,4,0
EMP-06255,Sales,Senior,43,8,3,Points,0.67,23.14,0.54,6.5,5.0,1,0
EMP-06256,Marketing,Manager,75,4,5,Monetary,0.33,90.62,0.75,7.4,5.0,5,0
EMP-06257,Marketing,Junior,3,3,1,Badge,0.25,3.18,0.88,6.0,3.2,6,0
EMP-06258,Marketing,Manager,55,10,10,PTO,0.83,53.8,0.47,6.9,3.5,4,0
EMP-06259,Operations,Junior,7,5,0,Monetary,0.42,62.56,0.41,5.5,2.8,6,0
EMP-06260,Engineering,Junior,12,3,2,Badge,0.25,9.94,0.72,6.2,4.8,4,0
EMP-06261,Engineering,Mid,30,5,2,Points,0.42,5.35,0.89,7.3,3.8,4,0
EMP-06262,Operations,Senior,64,9,3,Points,0.75,8.23,0.55,7.1,4.5,0,0
EMP-06263,Engineering,Mid,43,9,2,Badge,0.75,0.32,0.41,8.3,5.0,3,0
EMP-06264,Customer Support,Senior,42,8,4,PTO,0.67,178.52,0.47,7.3,4.7,2,0
EMP-06265,Operations,Senior,39,9,2,Monetary,0.75,31.45,0.43,6.6,3.6,6,0
EMP-06266,Sales,Junior,7,7,3,Monetary,0.58,118.89,0.52,4.4,3.3,14,0
EMP-06267,Customer Support,Manager,55,7,7,Badge,0.58,3.26,0.57,7.0,5.0,3,0
EMP-06268,Engineering,Junior,18,6,4,Badge,0.5,8.78,0.24,7.1,5.0,8,0
EMP-06269,Sales,Manager,61,12,5,PTO,1.0,139.74,1.0,9.5,5.0,2,0
EMP-06270,Marketing,Mid,24,9,1,Monetary,0.75,168.48,0.32,7.0,5.0,2,0
EMP-06271,Sales,Mid,39,3,3,Points,0.25,36.7,1.0,6.8,3.4,3,0
EMP-06272,Customer Support,Mid,32,4,4,Badge,0.33,9.7,0.69,5.9,3.5,4,0
EMP-06273,Engineering,Junior,4,2,3,Points,0.17,24.91,0.84,5.8,3.4,10,0
EMP-06274,Marketing,Mid,23,4,1,PTO,0.33,288.68,0.84,7.3,4.3,4,0
EMP-06275,Marketing,Junior,5,4,0,Monetary,0.33,138.17,0.66,5.2,3.7,10,0
EMP-06276,Marketing,Junior,15,8,1,Monetary,0.67,91.97,0.25,6.5,4.6,7,0
EMP-06277,Engineering,Junior,12,8,2,Badge,0.67,4.9,0.5,7.5,4.8,4,0
EMP-06278,Sales,Mid,6,10,2,Badge,0.83,7.3,0.83,6.2,4.0,5,0
EMP-06279,Operations,Senior,58,6,4,Points,0.5,44.83,0.63,7.8,4.5,6,0
EMP-06280,Engineering,Mid,37,11,4,Badge,0.92,4.06,0.64,8.3,3.4,3,0
EMP-06281,Operations,Manager,57,15,6,Points,1.25,47.43,0.35,9.5,4.9,8,0
EMP-06282,Marketing,Mid,40,7,3,Points,0.58,26.53,0.69,6.6,4.9,6,0
EMP-06283,Operations,Senior,52,8,3,Points,0.67,39.67,0.9,9.3,4.3,1,0
EMP-06284,Operations,Senior,76,9,7,Badge,0.75,9.08,0.47,7.4,5.0,6,0
EMP-06285,Engineering,Mid,28,12,5,Badge,1.0,2.2,0.22,8.1,4.5,6,0
EMP-06286,Marketing,Senior,69,10,3,Monetary,0.83,60.16,0.93,8.3,3.7,3,0
EMP-06287,Customer Support,Junior,18,2,0,Monetary,0.17,144.33,0.74,5.8,2.7,4,0
EMP-06288,Sales,Senior,50,12,1,Badge,1.0,6.32,0.42,8.2,5.0,6,0
EMP-06289,Customer Support,Senior,52,8,2,Monetary,0.67,169.97,0.9,6.3,3.6,3,0
EMP-06290,Sales,Junior,17,5,1,Monetary,0.42,119.75,0.7,5.6,4.3,7,0
EMP-06291,Engineering,Senior,15,12,1,Points,1.0,37.7,0.87,9.1,4.5,0,0
EMP-06292,Sales,Junior,1,9,0,Points,0.75,12.65,0.89,5.9,4.1,4,0
EMP-06293,Customer Support,Junior,5,3,3,Badge,0.25,5.45,0.7,5.8,4.1,7,0
EMP-06294,Sales,Junior,8,4,2,Badge,0.33,0.1,0.25,5.1,5.0,7,0
EMP-06295,Customer Support,Senior,62,8,3,Points,0.67,35.69,0.83,7.1,5.0,3,0
EMP-06296,Customer Support,Senior,39,9,4,Points,0.75,48.68,0.51,4.8,3.3,5,0
EMP-06297,Sales,Senior,40,9,5,Monetary,0.75,55.7,0.63,7.7,5.0,6,0
EMP-06298,Engineering,Junior,8,2,1,Monetary,0.17,48.91,0.87,7.0,3.4,6,0
EMP-06299,Operations,Mid,9,7,5,PTO,0.58,168.39,0.81,8.0,4.5,8,0
EMP-06300,Sales,Senior,55,10,3,Monetary,0.83,103.12,0.97,8.5,4.0,2,0
EMP-06301,Operations,Junior,10,2,2,Points,0.17,24.93,0.38,5.2,2.5,7,0
EMP-06302,Sales,Mid,29,10,1,Points,0.83,18.07,0.82,6.7,5.0,5,0
EMP-06303,Sales,Junior,23,6,1,Badge,0.5,1.38,0.45,5.3,4.4,3,0
EMP-06304,Operations,Junior,31,4,2,PTO,0.33,280.72,0.85,6.4,3.7,3,0
EMP-06305,Sales,Mid,43,10,0,Points,0.83,20.69,1.0,8.8,5.0,5,0
EMP-06306,Sales,Senior,88,10,2,Points,0.83,23.33,0.67,8.2,3.8,3,0
EMP-06307,Sales,Junior,6,3,1,Points,0.25,23.96,0.82,6.4,4.7,5,0
EMP-06308,Sales,Junior,4,0,3,Badge,0.0,1.28,0.0,1.0,2.9,15,1
EMP-06309,Marketing,Junior,12,2,5,Points,0.17,13.91,0.81,7.2,4.1,1,0
EMP-06310,Operations,Junior,1,1,3,Monetary,0.08,27.25,0.91,3.5,2.9,14,1
EMP-06311,Sales,Junior,41,9,1,Badge,0.75,4.97,0.87,8.3,4.7,4,0
EMP-06312,Marketing,Mid,20,7,3,Points,0.58,29.94,0.52,7.5,4.2,5,0
EMP-06313,Marketing,Senior,50,6,8,Badge,0.5,2.14,0.36,8.6,4.6,3,0
EMP-06314,Engineering,Mid,28,6,1,Points,0.5,24.03,0.6,8.3,5.0,7,0
EMP-06315,Engineering,Senior,43,5,6,Badge,0.42,6.91,0.45,6.9,3.9,4,0
EMP-06316,Customer Support,Senior,41,11,2,Points,0.92,16.67,0.38,7.4,3.7,5,0
EMP-06317,Operations,Junior,3,4,7,Badge,0.33,3.67,0.75,5.6,4.2,3,0
EMP-06318,Marketing,Junior,66,7,1,Points,0.58,36.68,0.59,5.5,4.1,0,0
EMP-06319,Marketing,Manager,66,13,4,Points,1.08,31.86,0.95,9.4,4.9,3,0
EMP-06320,Engineering,Junior,5,4,1,Points,0.33,27.78,0.71,6.5,4.4,2,0
EMP-06321,Marketing,Junior,38,6,0,Badge,0.5,8.68,0.64,6.0,2.9,5,0
EMP-06322,Sales,Junior,26,8,1,Monetary,0.67,37.32,0.73,6.6,4.7,10,0
EMP-06323,Marketing,Mid,41,6,1,Points,0.5,28.67,0.71,6.0,3.8,1,0
EMP-06324,Sales,Mid,56,10,1,Points,0.83,36.49,0.65,10.0,5.0,3,0
EMP-06325,Engineering,Manager,29,8,14,Points,0.67,17.43,0.66,8.8,4.4,5,0
EMP-06326,Engineering,Manager,81,8,4,PTO,0.67,121.91,0.3,9.8,5.0,4,0
EMP-06327,Customer Support,Mid,27,4,0,Badge,0.33,4.99,0.66,7.4,3.3,4,0
EMP-06328,Sales,Mid,16,6,3,Badge,0.5,3.41,0.44,4.9,4.2,5,0
EMP-06329,Sales,Junior,2,6,4,Points,0.5,24.07,0.59,5.6,3.3,5,0
EMP-06330,Engineering,Junior,2,7,1,Points,0.58,36.1,0.48,5.7,4.2,3,0
EMP-06331,Engineering,Junior,12,4,2,Badge,0.33,3.73,0.76,6.5,3.9,2,0
EMP-06332,Operations,Junior,8,7,0,Badge,0.58,0.27,0.58,6.0,4.6,4,0
EMP-06333,Marketing,Junior,3,3,3,PTO,0.25,73.3,0.6,4.8,2.7,6,0
EMP-06334,Sales,Junior,6,5,1,Points,0.42,27.76,0.79,6.2,4.5,7,0
EMP-06335,Engineering,Mid,9,4,1,Badge,0.33,9.35,0.63,7.7,5.0,4,0
EMP-06336,Operations,Manager,54,10,9,Badge,0.83,2.85,0.52,7.7,4.7,6,0
EMP-06337,Engineering,Mid,44,7,3,PTO,0.58,55.97,0.3,7.0,3.9,2,0
EMP-06338,Engineering,Manager,55,13,6,Badge,1.08,8.14,0.59,7.6,4.3,1,0
EMP-06339,Sales,Mid,39,8,5,Points,0.67,39.73,0.78,7.2,4.1,9,0
EMP-06340,Sales,Mid,32,5,2,Badge,0.42,8.71,0.48,6.4,4.4,2,0
EMP-06341,Engineering,Mid,30,4,1,Points,0.33,25.98,0.55,6.0,4.4,4,0
EMP-06342,Marketing,Junior,5,2,0,PTO,0.17,68.92,0.54,6.5,4.2,5,0
EMP-06343,Marketing,Junior,13,4,0,Points,0.33,11.65,0.8,4.9,3.8,3,0
EMP-06344,Operations,Manager,41,13,5,Monetary,1.08,193.07,0.88,10.0,3.8,2,0
EMP-06345,Sales,Manager,43,14,8,Badge,1.17,8.56,0.58,7.6,3.9,4,0
EMP-06346,Engineering,Junior,10,3,3,Points,0.25,32.3,0.38,6.5,3.6,3,0
EMP-06347,Engineering,Junior,46,2,2,Badge,0.17,0.52,0.42,6.7,4.1,2,0
EMP-06348,Customer Support,Mid,39,7,2,Monetary,0.58,36.66,0.49,6.2,3.8,2,0
EMP-06349,Marketing,Junior,29,5,1,PTO,0.42,95.79,0.52,6.1,4.7,5,0
EMP-06350,Operations,Mid,28,10,2,Badge,0.83,6.59,0.41,7.7,4.7,3,0
EMP-06351,Engineering,Junior,3,5,0,Badge,0.42,9.73,0.42,4.9,3.2,2,0
EMP-06352,Sales,Mid,53,6,2,Badge,0.5,5.79,0.4,6.7,3.7,5,0
EMP-06353,Engineering,Junior,8,1,3,Monetary,0.08,171.65,0.47,6.5,5.0,4,0
EMP-06354,Marketing,Mid,13,11,1,Monetary,0.92,159.03,0.74,8.2,4.9,7,0
EMP-06355,Customer Support,Junior,1,4,1,Monetary,0.33,70.87,0.51,5.6,,7,0
EMP-06356,Customer Support,Mid,58,4,3,Badge,0.33,5.83,0.32,5.8,3.1,4,0
EMP-06357,Marketing,Manager,40,5,6,Badge,0.42,7.07,0.79,7.4,3.7,3,0
EMP-06358,Sales,Mid,29,10,3,Badge,0.83,3.22,0.95,6.8,4.4,9,0
EMP-06359,Customer Support,Manager,44,11,9,Badge,0.92,6.11,0.82,7.4,4.6,4,0
EMP-06360,Marketing,Senior,54,8,7,Points,0.67,10.82,0.84,9.4,5.0,3,0
EMP-06361,Engineering,Manager,22,8,7,PTO,0.67,250.19,0.6,8.0,4.3,3,0
EMP-06362,Sales,Senior,31,8,3,Badge,0.67,3.11,0.63,7.3,5.0,1,0
EMP-06363,Engineering,Senior,68,7,5,Monetary,0.58,78.32,0.44,7.4,5.0,4,0
EMP-06364,Sales,Senior,48,11,3,PTO,0.92,232.38,0.38,7.3,4.8,3,0
EMP-06365,Sales,Junior,11,6,1,Badge,0.5,7.84,0.95,6.1,3.4,3,0
EMP-06366,Marketing,Mid,19,8,1,Badge,0.67,7.3,0.39,7.3,4.2,2,0
EMP-06367,Sales,Manager,49,13,9,PTO,1.08,133.16,0.81,9.3,4.3,2,0
EMP-06368,Engineering,Senior,29,5,6,Points,0.42,46.42,0.41,7.8,4.7,2,0
EMP-06369,Sales,Manager,27,10,6,Badge,0.83,5.95,0.64,7.5,4.1,3,0
EMP-06370,Operations,Senior,53,5,3,PTO,0.42,139.87,0.47,8.2,5.0,6,0
EMP-06371,Marketing,Manager,71,10,10,Badge,0.83,3.47,0.64,7.0,3.6,4,0
EMP-06372,Sales,Senior,41,14,4,Badge,1.17,0.79,0.64,7.9,4.2,3,0
EMP-06373,Customer Support,Senior,47,9,2,Points,0.75,12.52,0.36,5.7,4.3,2,0
EMP-06374,Customer Support,Mid,13,6,5,Points,0.5,34.41,0.88,6.5,,10,0
EMP-06375,Engineering,Manager,62,15,12,PTO,1.25,128.64,0.12,9.0,4.8,3,0
EMP-06376,Engineering,Senior,55,9,9,Monetary,0.75,70.14,0.95,8.1,3.7,5,0
EMP-06377,Operations,Senior,39,10,5,Monetary,0.83,25.89,0.52,7.8,4.8,6,0
EMP-06378,Operations,Senior,75,13,4,Badge,1.08,8.44,0.69,8.4,4.9,2,0
EMP-06379,Customer Support,Mid,18,6,4,Points,0.5,17.23,0.53,4.2,3.8,2,0
EMP-06380,Customer Support,Junior,7,2,4,Badge,0.17,3.07,0.48,3.6,2.8,9,1
EMP-06381,Marketing,Manager,65,10,13,PTO,0.83,298.49,0.25,7.3,4.2,2,0
EMP-06382,Marketing,Mid,3,5,2,Points,0.42,26.54,0.45,5.9,,3,0
EMP-06383,Engineering,Junior,19,2,2,Points,0.17,29.16,0.46,5.8,3.3,6,0
EMP-06384,Engineering,Junior,20,5,1,Badge,0.42,0.59,0.4,6.4,4.4,5,0
EMP-06385,Sales,Senior,14,8,2,Badge,0.67,5.08,0.82,7.3,3.6,3,0
EMP-06386,Marketing,Senior,37,6,4,PTO,0.5,156.46,0.83,8.5,4.2,2,0
EMP-06387,Marketing,Senior,68,17,3,Points,1.42,44.16,0.73,7.6,2.9,9,0
EMP-06388,Operations,Mid,27,7,1,Points,0.58,28.53,0.73,8.8,4.4,1,0
EMP-06389,Engineering,Mid,21,9,3,PTO,0.75,267.3,0.88,9.1,5.0,6,0
EMP-06390,Marketing,Mid,46,4,2,Badge,0.33,7.55,0.61,7.1,3.2,5,0
EMP-06391,Engineering,Junior,40,6,1,Badge,0.5,0.13,0.65,7.7,5.0,4,0
EMP-06392,Sales,Senior,64,14,3,Badge,1.17,9.73,0.68,9.4,5.0,2,0
EMP-06393,Operations,Junior,7,3,0,Monetary,0.25,37.81,0.6,5.2,3.9,4,0
EMP-06394,Operations,Mid,39,7,2,Points,0.58,6.57,0.89,8.6,4.8,5,0
EMP-06395,Customer Support,Mid,60,7,2,PTO,0.58,127.53,0.62,7.9,4.2,0,0
EMP-06396,Engineering,Mid,28,5,3,Monetary,0.42,99.24,0.93,7.1,4.7,6,0
EMP-06397,Sales,Manager,38,12,4,Points,1.0,15.05,0.74,8.8,4.8,3,0
EMP-06398,Sales,Junior,9,8,4,Points,0.67,27.37,0.62,5.6,3.2,6,0
EMP-06399,Sales,Senior,45,14,5,Points,1.17,48.56,1.0,8.9,4.9,3,0
EMP-06400,Operations,Junior,47,8,0,Monetary,0.67,122.2,0.82,7.5,4.8,4,0
EMP-06401,Operations,Junior,9,4,0,Points,0.33,10.03,0.66,5.4,3.7,8,0
EMP-06402,Customer Support,Mid,36,4,4,Points,0.33,46.03,0.72,7.4,3.3,5,0
EMP-06403,Engineering,Junior,3,1,0,Monetary,0.08,44.25,0.5,3.7,3.9,9,1
EMP-06404,Customer Support,Senior,42,5,2,Points,0.42,25.59,0.72,5.7,3.6,7,0
EMP-06405,Engineering,Mid,25,8,1,Monetary,0.67,105.8,0.52,7.3,4.5,6,0
EMP-06406,Customer Support,Junior,7,3,2,Points,0.25,37.77,0.99,4.8,3.0,7,0
EMP-06407,Sales,Junior,1,5,3,Points,0.42,35.59,0.71,4.7,3.9,9,0
EMP-06408,Sales,Mid,33,8,2,Points,0.67,32.74,0.79,7.3,4.0,1,0
EMP-06409,Sales,Senior,47,12,4,Points,1.0,33.64,0.75,8.8,2.9,7,0
EMP-06410,Customer Support,Mid,46,8,1,Monetary,0.67,158.09,0.62,6.4,4.5,6,0
EMP-06411,Engineering,Mid,40,11,0,Badge,0.92,1.72,0.13,6.5,3.8,1,0
EMP-06412,Sales,Senior,46,6,5,Monetary,0.5,195.86,0.9,8.8,3.7,6,0
EMP-06413,Operations,Mid,15,6,1,Badge,0.5,5.46,0.5,7.6,4.2,4,0
EMP-06414,Sales,Junior,4,5,0,Points,0.42,37.47,0.67,4.9,3.7,3,0
EMP-06415,Engineering,Mid,62,6,0,Points,0.5,31.05,0.5,8.6,4.0,4,0
EMP-06416,Sales,Mid,14,11,4,Badge,0.92,8.75,0.32,7.6,4.2,4,0
EMP-06417,Sales,Senior,68,19,4,Badge,1.58,5.87,0.46,8.8,5.0,5,0
EMP-06418,Customer Support,Mid,30,9,5,Badge,0.75,0.96,0.3,7.0,4.0,3,0
EMP-06419,Operations,Manager,49,14,12,Points,1.17,44.32,0.78,9.1,5.0,9,0
EMP-06420,Sales,Junior,18,3,2,Points,0.25,9.61,0.65,6.9,4.0,2,0
EMP-06421,Customer Support,Manager,36,11,8,Points,0.92,28.47,0.66,9.4,4.7,7,0
EMP-06422,Sales,Mid,3,10,2,Points,0.83,14.08,0.83,7.1,3.9,7,0
EMP-06423,Engineering,Senior,59,4,4,Points,0.33,10.44,0.33,7.8,4.6,3,0
EMP-06424,Engineering,Junior,1,5,1,Badge,0.42,1.22,0.52,5.1,5.0,11,0
EMP-06425,Sales,Mid,44,9,6,PTO,0.75,266.47,1.0,6.5,4.3,2,0
EMP-06426,Engineering,Senior,53,9,4,Points,0.75,20.56,0.53,7.7,4.8,0,0
EMP-06427,Customer Support,Senior,22,5,5,Badge,0.42,3.53,0.81,4.8,3.3,1,0
EMP-06428,Operations,Junior,1,4,3,Badge,0.33,6.85,0.81,4.5,2.8,12,0
EMP-06429,Engineering,Mid,31,3,0,Points,0.25,42.43,0.71,7.9,3.5,5,0
EMP-06430,Marketing,Junior,12,4,2,Badge,0.33,8.19,0.77,6.3,4.0,10,0
EMP-06431,Operations,Manager,87,11,7,Monetary,0.92,138.35,0.47,9.3,5.0,1,0
EMP-06432,Customer Support,Manager,59,12,6,Badge,1.0,7.18,0.85,8.6,4.1,3,0
EMP-06433,Customer Support,Junior,14,3,1,Points,0.25,32.71,0.76,5.5,3.2,4,0
EMP-06434,Sales,Senior,48,11,4,PTO,0.92,257.96,0.88,10.0,5.0,1,0
EMP-06435,Operations,Manager,65,8,9,Badge,0.67,3.45,0.88,7.2,4.2,1,0
EMP-06436,Marketing,Mid,6,6,3,Badge,0.5,2.38,0.73,6.5,3.9,1,0
EMP-06437,Marketing,Senior,38,11,3,PTO,0.92,99.16,0.74,7.8,5.0,4,0
EMP-06438,Engineering,Mid,45,8,1,Badge,0.67,6.04,0.76,7.1,5.0,1,0
EMP-06439,Engineering,Senior,46,5,6,Points,0.42,15.67,0.8,7.8,5.0,1,0
EMP-06440,Marketing,Mid,14,4,5,Badge,0.33,1.3,0.21,3.9,4.1,2,1
EMP-06441,Engineering,Mid,20,6,2,PTO,0.5,291.12,0.41,7.3,5.0,1,0
EMP-06442,Engineering,Mid,20,4,6,PTO,0.33,144.51,0.48,6.2,2.9,9,0
EMP-06443,Operations,Junior,15,3,3,Points,0.25,45.23,0.95,6.6,3.4,4,0
EMP-06444,Engineering,Senior,47,10,6,Points,0.83,36.7,0.4,7.0,4.8,5,0
EMP-06445,Marketing,Mid,13,9,2,Badge,0.75,3.48,0.76,6.7,3.3,3,0
EMP-06446,Marketing,Mid,22,4,0,PTO,0.33,85.53,0.57,7.3,3.8,9,0
EMP-06447,Customer Support,Manager,67,7,2,Monetary,0.58,172.27,0.65,9.2,3.8,3,0
EMP-06448,Sales,Mid,30,9,3,Badge,0.75,8.92,0.83,8.2,4.7,7,0
EMP-06449,Engineering,Mid,28,4,2,Points,0.33,13.22,0.53,6.3,4.4,7,0
EMP-06450,Marketing,Manager,94,13,7,Badge,1.08,6.28,0.51,9.0,3.6,3,0
EMP-06451,Operations,Manager,73,12,3,Badge,1.0,5.63,0.72,10.0,4.5,4,0
EMP-06452,Customer Support,Junior,26,5,4,Points,0.42,46.78,0.85,6.4,5.0,5,0
EMP-06453,Sales,Mid,41,13,3,PTO,1.08,211.91,0.52,9.7,5.0,1,0
EMP-06454,Sales,Manager,67,5,11,Points,0.42,17.18,0.64,7.2,3.8,3,0
EMP-06455,Customer Support,Mid,25,1,1,Points,0.08,37.21,0.65,6.5,2.7,5,0
EMP-06456,Engineering,Mid,34,6,4,Badge,0.5,5.28,0.73,7.8,4.6,5,0
EMP-06457,Marketing,Junior,3,4,2,Points,0.33,20.63,0.43,5.2,3.3,8,0
EMP-06458,Sales,Junior,31,14,2,Badge,1.17,6.08,0.57,8.3,4.5,2,0
EMP-06459,Engineering,Senior,45,8,5,Badge,0.67,9.62,0.45,7.5,5.0,8,0
EMP-06460,Sales,Senior,43,12,8,Badge,1.0,8.17,0.82,9.3,3.9,4,0
EMP-06461,Engineering,Manager,33,14,6,Points,1.17,38.41,0.55,10.0,4.8,2,0
EMP-06462,Operations,Senior,47,5,1,Points,0.42,8.44,0.72,7.4,3.5,5,0
EMP-06463,Customer Support,Junior,9,6,3,Points,0.5,10.44,0.61,5.2,3.1,6,0
EMP-06464,Engineering,Junior,14,1,1,Monetary,0.08,132.15,0.7,5.9,3.8,0,0
EMP-06465,Operations,Manager,64,14,4,Points,1.17,6.43,0.61,8.1,4.6,3,0
EMP-06466,Engineering,Mid,19,7,1,Monetary,0.58,137.45,0.22,8.1,4.8,4,0
EMP-06467,Marketing,Mid,15,6,1,Points,0.5,18.59,0.1,7.0,,5,0
EMP-06468,Engineering,Manager,64,17,10,PTO,1.42,90.24,0.75,10.0,5.0,3,0
EMP-06469,Customer Support,Mid,19,0,3,Monetary,0.0,33.08,0.0,2.4,3.3,7,1
EMP-06470,Operations,Junior,2,2,2,Points,0.17,14.52,0.8,5.3,4.4,5,0
EMP-06471,Marketing,Manager,69,15,8,Points,1.25,36.32,0.53,8.1,3.7,5,0
EMP-06472,Operations,Manager,54,4,8,Badge,0.33,4.5,0.31,8.4,4.1,1,0
EMP-06473,Marketing,Junior,4,1,2,PTO,0.08,58.19,0.43,5.6,3.7,5,0
EMP-06474,Customer Support,Senior,16,8,5,Points,0.67,8.11,0.49,4.6,3.3,3,0
EMP-06475,Operations,Mid,48,8,2,Points,0.67,31.26,0.65,7.1,4.3,4,0
EMP-06476,Customer Support,Mid,27,3,2,Monetary,0.25,171.52,0.85,5.9,3.5,3,0
EMP-06477,Sales,Manager,48,12,7,PTO,1.0,199.02,0.44,10.0,4.2,3,0
EMP-06478,Engineering,Manager,75,6,10,Points,0.5,22.33,0.47,9.3,5.0,2,0
EMP-06479,Marketing,Junior,4,3,1,Monetary,0.25,101.38,0.57,4.2,3.8,12,0
EMP-06480,Engineering,Junior,5,2,0,Points,0.17,23.0,0.53,5.6,3.9,6,0
EMP-06481,Marketing,Junior,18,6,1,Badge,0.5,8.97,0.74,5.8,3.8,2,0
EMP-06482,Sales,Mid,27,6,3,Badge,0.5,1.53,0.81,7.7,4.5,3,0
EMP-06483,Marketing,Junior,17,3,1,Badge,0.25,3.82,0.62,5.9,3.0,5,0
EMP-06484,Engineering,Mid,24,6,1,Monetary,0.5,78.95,0.77,9.3,4.3,4,0
EMP-06485,Engineering,Junior,20,4,1,PTO,0.33,197.3,0.71,7.4,4.5,2,0
EMP-06486,Sales,Mid,48,11,3,Points,0.92,36.14,0.26,7.1,4.2,1,0
EMP-06487,Customer Support,Junior,8,3,1,Monetary,0.25,115.54,0.33,3.9,3.1,4,1
EMP-06488,Sales,Senior,32,9,5,Monetary,0.75,198.51,0.76,6.2,4.0,2,0
EMP-06489,Sales,Junior,3,1,1,Badge,0.08,2.54,0.79,4.4,3.0,4,0
EMP-06490,Operations,Mid,14,4,2,Points,0.33,5.83,0.83,6.2,4.3,9,0
EMP-06491,Marketing,Manager,54,11,7,Monetary,0.92,151.61,0.72,7.7,3.5,4,0
EMP-06492,Sales,Senior,42,12,8,Monetary,1.0,67.84,0.75,9.5,4.7,4,0
EMP-06493,Sales,Junior,1,3,0,Points,0.25,48.68,0.77,4.9,3.4,6,0
EMP-06494,Engineering,Junior,26,4,2,Badge,0.33,8.04,0.66,6.8,3.9,2,0
EMP-06495,Customer Support,Senior,50,11,3,Monetary,0.92,134.57,0.51,7.4,4.4,2,0
EMP-06496,Engineering,Mid,39,8,1,Monetary,0.67,148.26,0.49,7.5,4.1,2,0
EMP-06497,Sales,Senior,42,11,5,Points,0.92,40.99,0.39,7.0,4.7,3,0
EMP-06498,Engineering,Mid,35,7,6,Points,0.58,35.8,0.65,8.9,4.3,7,0
EMP-06499,Engineering,Mid,30,14,3,Points,1.17,19.13,0.91,8.8,4.2,4,0
EMP-06500,Operations,Mid,43,10,3,Points,0.83,27.79,0.37,7.7,4.4,1,0
EMP-06501,Engineering,Senior,44,7,3,PTO,0.58,128.56,0.48,9.9,4.9,7,0
EMP-06502,Engineering,Manager,58,13,2,Points,1.08,36.62,0.68,9.3,4.8,4,0
EMP-06503,Sales,Junior,4,4,1,Monetary,0.33,26.46,0.39,4.6,3.5,7,0
EMP-06504,Engineering,Mid,19,7,2,Monetary,0.58,92.48,0.35,6.4,4.2,4,0
EMP-06505,Engineering,Junior,13,3,1,Points,0.25,12.14,0.57,6.1,3.4,5,0
EMP-06506,Operations,Mid,19,3,2,PTO,0.25,287.35,0.67,7.7,3.5,6,0
EMP-06507,Operations,Manager,54,10,11,Badge,0.83,7.19,0.47,6.9,4.3,4,0
EMP-06508,Customer Support,Mid,44,5,4,Points,0.42,27.65,0.58,5.9,3.1,5,0
EMP-06509,Operations,Manager,53,9,4,Badge,0.75,2.42,0.4,8.4,3.2,7,0
EMP-06510,Operations,Mid,41,7,3,Monetary,0.58,28.37,0.52,7.7,3.8,5,0
EMP-06511,Engineering,Manager,49,11,6,Points,0.92,39.01,0.18,9.8,5.0,3,0
EMP-06512,Operations,Senior,31,13,2,Badge,1.08,4.96,0.55,7.1,5.0,2,0
EMP-06513,Operations,Junior,11,4,4,Monetary,0.33,40.67,0.59,6.5,4.5,6,0
EMP-06514,Operations,Junior,5,3,0,Points,0.25,30.88,0.17,4.4,3.6,6,0
EMP-06515,Sales,Mid,14,6,3,PTO,0.5,60.0,0.64,7.8,4.4,8,0
EMP-06516,Engineering,Junior,14,4,1,Badge,0.33,4.33,0.26,5.7,4.0,2,0
EMP-06517,Operations,Mid,40,7,2,Badge,0.58,4.4,0.52,6.5,3.0,3,0
EMP-06518,Operations,Mid,21,2,3,Points,0.17,43.86,0.64,7.2,4.1,3,0
EMP-06519,Customer Support,Manager,22,6,7,Monetary,0.5,197.79,0.46,6.4,3.1,1,0
EMP-06520,Engineering,Mid,55,4,2,Badge,0.33,1.44,0.68,6.2,3.8,7,0
EMP-06521,Engineering,Senior,57,18,4,Points,1.5,36.59,0.44,9.9,5.0,5,0
EMP-06522,Engineering,Manager,71,16,13,Monetary,1.33,177.55,0.74,9.7,3.8,6,0
EMP-06523,Operations,Manager,51,14,14,PTO,1.17,157.52,0.87,8.8,3.3,3,0
EMP-06524,Engineering,Junior,15,3,1,Points,0.25,19.7,0.27,6.9,4.6,3,0
EMP-06525,Engineering,Mid,21,6,3,Points,0.5,5.9,0.6,6.4,3.2,5,0
EMP-06526,Customer Support,Mid,57,9,3,Points,0.75,30.36,0.7,6.0,2.5,6,0
EMP-06527,Engineering,Mid,31,5,4,Points,0.42,13.12,0.26,7.3,3.5,7,0
EMP-06528,Operations,Mid,12,4,4,Badge,0.33,0.74,0.39,5.2,3.9,3,0
EMP-06529,Sales,Senior,43,8,1,Points,0.67,5.18,0.5,8.1,4.8,1,0
EMP-06530,Operations,Mid,13,5,4,Points,0.42,48.24,0.83,7.2,4.2,4,0
EMP-06531,Marketing,Mid,52,8,4,Monetary,0.67,175.15,0.93,8.2,4.9,3,0
EMP-06532,Customer Support,Manager,48,8,3,Monetary,0.67,193.4,0.26,6.9,3.9,4,0
EMP-06533,Customer Support,Junior,2,4,2,PTO,0.33,285.43,0.45,4.8,4.1,4,0
EMP-06534,Engineering,Mid,22,4,4,Badge,0.33,6.25,0.41,6.9,4.7,5,0
EMP-06535,Engineering,Senior,63,9,4,Points,0.75,32.28,0.81,6.8,4.3,4,0
EMP-06536,Engineering,Junior,7,5,1,Points,0.42,43.12,0.91,6.2,4.0,9,0
EMP-06537,Marketing,Mid,38,8,3,Badge,0.67,9.47,0.58,8.8,5.0,4,0
EMP-06538,Customer Support,Junior,4,3,3,Points,0.25,31.52,0.88,4.8,3.5,4,0
EMP-06539,Sales,Senior,68,10,6,Monetary,0.83,45.98,0.45,7.8,5.0,8,0
EMP-06540,Marketing,Mid,8,5,4,Points,0.42,10.92,0.88,4.8,2.4,11,0
EMP-06541,Engineering,Mid,17,3,0,PTO,0.25,214.98,0.32,6.8,3.6,3,0
EMP-06542,Operations,Mid,6,9,1,Points,0.75,8.63,0.82,6.1,3.6,5,0
EMP-06543,Customer Support,Junior,15,3,2,PTO,0.25,202.92,0.27,5.1,2.7,5,0
EMP-06544,Engineering,Junior,10,4,3,Monetary,0.33,193.68,0.57,6.1,3.3,5,0
EMP-06545,Sales,Mid,43,11,1,Points,0.92,5.15,0.38,7.5,4.7,3,0
EMP-06546,Engineering,Mid,23,9,1,Badge,0.75,1.86,0.93,7.8,4.2,7,0
EMP-06547,Marketing,Mid,18,7,1,Monetary,0.58,190.3,0.74,8.1,4.3,7,0
EMP-06548,Sales,Mid,22,3,1,Monetary,0.25,110.55,0.64,7.4,3.4,2,0
EMP-06549,Engineering,Mid,11,9,1,Monetary,0.75,75.2,0.58,6.0,4.1,7,0
EMP-06550,Sales,Senior,70,8,7,Points,0.67,16.2,0.64,7.5,3.0,4,0
EMP-06551,Sales,Mid,77,9,1,PTO,0.75,265.98,0.94,10.0,5.0,2,0
EMP-06552,Marketing,Junior,16,5,1,Monetary,0.42,100.17,0.92,7.1,5.0,5,0
EMP-06553,Marketing,Senior,27,5,2,Monetary,0.42,136.24,0.46,7.3,4.1,5,0
EMP-06554,Engineering,Senior,31,8,4,Badge,0.67,3.1,0.73,10.0,4.9,2,0
EMP-06555,Operations,Junior,13,4,2,Points,0.33,29.53,0.8,6.0,3.2,5,0
EMP-06556,Operations,Mid,23,9,1,PTO,0.75,249.01,0.76,7.0,3.2,4,0
EMP-06557,Sales,Mid,46,9,4,Points,0.75,20.24,0.64,8.2,4.3,5,0
EMP-06558,Engineering,Mid,37,7,3,Monetary,0.58,94.62,0.59,6.2,3.8,4,0
EMP-06559,Operations,Senior,53,3,3,Monetary,0.25,102.58,0.51,8.3,4.9,7,0
EMP-06560,Customer Support,Junior,17,3,3,Points,0.25,31.95,0.65,7.9,4.1,3,0
EMP-06561,Engineering,Senior,59,9,0,Points,0.75,18.69,0.67,10.0,5.0,3,0
EMP-06562,Sales,Junior,17,8,0,Points,0.67,25.06,0.71,6.9,3.6,3,0
EMP-06563,Engineering,Mid,45,5,2,Points,0.42,29.65,0.85,8.1,4.2,5,0
EMP-06564,Marketing,Senior,47,5,10,Badge,0.42,3.55,0.73,8.0,5.0,4,0
EMP-06565,Engineering,Mid,34,4,4,PTO,0.33,51.76,0.76,7.0,3.9,6,0
EMP-06566,Sales,Junior,1,6,0,Badge,0.5,2.7,0.74,5.4,3.5,4,0
EMP-06567,Operations,Manager,49,9,7,Points,0.75,41.72,0.98,10.0,5.0,6,0
EMP-06568,Marketing,Manager,59,6,3,Points,0.5,17.76,0.74,8.1,4.1,1,0
EMP-06569,Sales,Senior,59,8,8,PTO,0.67,255.59,0.55,7.2,3.9,7,0
EMP-06570,Sales,Mid,6,9,3,PTO,0.75,152.25,0.8,8.5,4.3,4,0
EMP-06571,Marketing,Junior,4,6,2,Monetary,0.5,176.6,0.81,5.1,4.6,12,0
EMP-06572,Engineering,Manager,77,9,8,Badge,0.75,3.75,0.46,9.2,5.0,5,0
EMP-06573,Engineering,Mid,37,7,1,Points,0.58,18.16,0.68,8.9,5.0,1,0
EMP-06574,Customer Support,Senior,62,7,6,Points,0.58,15.69,0.65,8.6,4.4,4,0
EMP-06575,Engineering,Mid,27,6,2,PTO,0.5,125.67,0.37,7.7,5.0,10,0
EMP-06576,Operations,Mid,22,5,2,Monetary,0.42,59.71,0.64,6.8,4.7,9,0
EMP-06577,Customer Support,Manager,77,8,9,Monetary,0.67,156.35,0.76,9.0,3.3,2,0
EMP-06578,Engineering,Mid,15,7,1,Points,0.58,49.18,0.68,7.4,4.4,5,0
EMP-06579,Sales,Junior,20,6,2,Points,0.5,22.88,0.77,6.6,3.8,9,0
EMP-06580,Marketing,Junior,21,6,4,Monetary,0.5,83.32,0.6,6.7,4.1,3,0
EMP-06581,Customer Support,Mid,14,8,5,PTO,0.67,209.39,0.73,8.1,4.9,5,0
EMP-06582,Customer Support,Junior,4,0,1,Monetary,0.0,100.33,0.0,2.2,3.6,11,1
EMP-06583,Operations,Mid,15,3,3,Badge,0.25,0.48,0.92,5.4,2.8,4,0
EMP-06584,Engineering,Mid,33,4,2,Points,0.33,20.5,0.65,7.0,3.7,7,0
EMP-06585,Marketing,Senior,48,10,2,Points,0.83,41.01,0.09,8.3,4.2,5,0
EMP-06586,Sales,Mid,29,7,1,Points,0.58,8.09,1.0,9.0,4.7,6,0
EMP-06587,Sales,Manager,50,12,8,Monetary,1.0,70.27,0.39,8.9,4.8,6,0
EMP-06588,Engineering,Junior,1,3,5,Points,0.25,48.87,0.57,5.3,4.4,9,0
EMP-06589,Engineering,Mid,21,5,6,Monetary,0.42,74.54,0.91,7.7,4.7,4,0
EMP-06590,Operations,Junior,15,4,0,Badge,0.33,8.52,0.63,7.0,3.3,3,0
EMP-06591,Sales,Senior,30,12,3,Points,1.0,45.46,0.79,8.9,4.2,4,0
EMP-06592,Sales,Manager,68,12,13,Points,1.0,35.68,0.51,9.3,4.9,3,0
EMP-06593,Sales,Senior,37,7,4,Monetary,0.58,108.02,0.24,6.9,4.9,4,0
EMP-06594,Operations,Mid,43,11,2,Points,0.92,48.0,0.44,8.2,5.0,2,0
EMP-06595,Operations,Mid,26,5,2,Badge,0.42,9.64,0.67,7.7,5.0,4,0
EMP-06596,Engineering,Senior,31,4,3,Monetary,0.33,136.34,0.71,7.7,4.4,1,0
EMP-06597,Engineering,Manager,55,5,9,Badge,0.42,7.46,0.97,8.1,4.8,2,0
EMP-06598,Engineering,Manager,52,19,6,Points,1.58,44.63,0.61,10.0,5.0,4,0
EMP-06599,Customer Support,Mid,44,9,4,Points,0.75,9.82,0.6,7.3,4.1,1,0
EMP-06600,Marketing,Manager,53,16,15,Monetary,1.33,123.91,0.62,10.0,4.6,6,0
EMP-06601,Marketing,Junior,18,6,0,PTO,0.5,265.89,0.32,5.8,3.3,5,0
EMP-06602,Marketing,Junior,7,7,4,Points,0.58,46.09,0.7,5.5,4.4,9,0
EMP-06603,Sales,Junior,15,6,0,Points,0.5,49.98,0.49,8.0,4.0,5,0
EMP-06604,Operations,Junior,10,3,0,Badge,0.25,7.33,0.29,5.1,3.8,3,0
EMP-06605,Marketing,Senior,68,12,6,Points,1.0,14.41,0.81,8.2,4.5,2,0
EMP-06606,Engineering,Senior,33,10,7,Points,0.83,33.54,0.78,6.1,3.4,4,0
EMP-06607,Engineering,Senior,63,4,5,PTO,0.33,297.38,0.6,8.1,4.3,1,0
EMP-06608,Marketing,Mid,51,8,6,Points,0.67,31.44,0.69,7.4,4.3,6,0
EMP-06609,Customer Support,Mid,51,5,1,Points,0.42,22.35,0.41,4.5,2.7,12,0
EMP-06610,Sales,Senior,63,8,5,Badge,0.67,2.71,0.78,7.4,4.4,3,0
EMP-06611,Customer Support,Mid,43,7,2,Monetary,0.58,86.09,0.58,4.9,3.5,3,0
EMP-06612,Operations,Senior,43,9,6,Points,0.75,38.12,0.58,7.7,4.2,3,0
EMP-06613,Engineering,Senior,34,9,6,Badge,0.75,2.1,0.32,8.6,4.0,4,0
EMP-06614,Engineering,Senior,42,5,2,PTO,0.42,210.22,0.82,6.5,4.9,2,0
EMP-06615,Engineering,Mid,6,8,2,Badge,0.67,6.27,0.63,7.0,3.6,2,0
EMP-06616,Operations,Manager,84,9,6,Points,0.75,16.88,0.69,8.5,4.5,6,0
EMP-06617,Engineering,Junior,20,2,1,Points,0.17,27.69,0.62,8.1,4.5,0,0
EMP-06618,Sales,Mid,56,9,0,Points,0.75,43.99,0.67,8.6,4.0,4,0
EMP-06619,Sales,Senior,35,13,4,Points,1.08,40.79,0.51,8.8,4.2,3,0
EMP-06620,Operations,Mid,15,2,3,PTO,0.17,196.54,0.79,5.8,3.2,3,0
EMP-06621,Engineering,Manager,48,5,7,Badge,0.42,6.67,0.47,6.8,3.6,0,0
EMP-06622,Sales,Mid,50,6,3,Points,0.5,6.58,0.8,7.5,3.9,3,0
EMP-06623,Sales,Mid,8,11,3,Monetary,0.92,40.62,0.26,6.4,4.9,4,0
EMP-06624,Marketing,Manager,76,8,2,Badge,0.67,3.75,0.75,8.7,5.0,6,0
EMP-06625,Operations,Mid,55,7,1,Badge,0.58,3.84,0.4,7.3,3.6,5,0
EMP-06626,Engineering,Mid,27,6,0,Badge,0.5,2.98,0.67,9.0,5.0,3,0
EMP-06627,Operations,Mid,24,7,2,Points,0.58,34.28,0.68,7.2,4.2,6,0
EMP-06628,Operations,Junior,1,4,1,Badge,0.33,6.07,0.71,4.6,3.5,8,0
EMP-06629,Marketing,Senior,79,9,3,Badge,0.75,6.85,0.99,8.0,5.0,3,0
EMP-06630,Operations,Junior,10,6,2,Monetary,0.5,65.43,0.54,6.8,4.2,7,0
EMP-06631,Sales,Manager,108,17,7,Badge,1.42,0.03,0.46,9.2,4.3,1,0
EMP-06632,Engineering,Senior,28,5,5,Badge,0.42,9.67,0.43,6.1,3.8,5,0
EMP-06633,Marketing,Junior,2,3,2,Points,0.25,39.77,0.19,4.5,3.1,8,0
EMP-06634,Marketing,Senior,35,15,3,Monetary,1.25,104.97,0.96,8.0,4.2,5,0
EMP-06635,Marketing,Mid,60,7,2,Points,0.58,6.97,0.76,7.0,2.7,7,0
EMP-06636,Sales,Junior,3,9,2,Badge,0.75,1.99,0.84,5.8,4.0,6,0
EMP-06637,Customer Support,Junior,14,2,1,Points,0.17,7.38,0.77,4.1,3.3,4,0
EMP-06638,Marketing,Mid,55,6,2,PTO,0.5,169.3,0.12,7.6,5.0,6,0
EMP-06639,Engineering,Senior,62,11,5,Badge,0.92,2.17,0.66,7.7,5.0,1,0
EMP-06640,Sales,Mid,26,10,1,Badge,0.83,5.39,0.65,6.6,3.6,2,0
EMP-06641,Operations,Mid,3,6,3,Badge,0.5,0.62,0.03,6.4,4.5,8,0
EMP-06642,Operations,Senior,52,11,4,Points,0.92,36.99,0.66,8.7,5.0,2,0
EMP-06643,Sales,Senior,34,12,6,Points,1.0,9.53,0.78,8.1,4.0,5,0
EMP-06644,Customer Support,Mid,18,7,4,Badge,0.58,3.09,0.89,6.0,4.0,11,0
EMP-06645,Engineering,Senior,43,9,2,PTO,0.75,211.3,0.42,6.7,4.8,6,0
EMP-06646,Sales,Mid,23,5,2,Badge,0.42,1.08,0.15,6.2,4.5,2,0
EMP-06647,Customer Support,Manager,59,7,9,Points,0.58,49.03,0.5,7.8,4.9,2,0
EMP-06648,Customer Support,Mid,28,7,3,Points,0.58,13.61,0.35,6.3,3.9,2,0
EMP-06649,Operations,Senior,17,12,4,Badge,1.0,0.36,0.74,8.6,4.8,3,0
EMP-06650,Operations,Mid,51,6,3,Monetary,0.5,142.0,0.45,7.9,3.3,2,0
EMP-06651,Engineering,Junior,3,1,2,Points,0.08,22.17,0.67,5.6,3.6,7,0
EMP-06652,Customer Support,Mid,42,5,2,Points,0.42,48.53,0.41,6.9,4.1,4,0
EMP-06653,Sales,Mid,20,9,1,Badge,0.75,0.87,0.43,8.0,5.0,4,0
EMP-06654,Engineering,Senior,47,5,4,Badge,0.42,3.55,0.74,6.1,4.1,4,0
EMP-06655,Engineering,Mid,31,4,3,Monetary,0.33,128.83,0.58,7.5,4.2,4,0
EMP-06656,Sales,Senior,53,6,4,Points,0.5,29.49,0.76,8.6,4.7,3,0
EMP-06657,Engineering,Senior,73,11,2,Badge,0.92,4.88,0.41,7.5,4.7,5,0
EMP-06658,Sales,Senior,59,9,5,Monetary,0.75,92.18,0.37,7.7,4.6,4,0
EMP-06659,Engineering,Junior,28,12,3,Points,1.0,42.56,0.57,8.9,4.4,5,0
EMP-06660,Sales,Manager,77,19,7,Badge,1.58,1.38,0.58,9.7,4.9,3,0
EMP-06661,Marketing,Senior,51,7,2,Points,0.58,27.56,0.77,7.3,4.9,3,0
EMP-06662,Sales,Senior,52,14,6,PTO,1.17,193.11,0.39,8.5,4.3,5,0
EMP-06663,Sales,Mid,3,8,8,Points,0.67,44.81,0.81,5.8,4.2,7,0
EMP-06664,Operations,Mid,26,6,1,Badge,0.5,2.82,0.48,6.5,5.0,0,0
EMP-06665,Customer Support,Junior,8,1,2,Points,0.08,17.32,0.71,4.2,2.0,7,0
EMP-06666,Operations,Mid,64,10,5,Badge,0.83,8.1,0.36,7.9,5.0,2,0
EMP-06667,Sales,Junior,2,0,5,Badge,0.0,2.77,0.0,1.6,2.1,14,1
EMP-06668,Operations,Mid,30,7,3,PTO,0.58,63.47,0.4,8.3,4.8,2,0
EMP-06669,Engineering,Mid,22,5,5,Points,0.42,28.5,0.39,7.3,4.7,3,0
EMP-06670,Engineering,Mid,58,10,2,Badge,0.83,7.59,0.69,7.7,3.8,5,0
EMP-06671,Sales,Mid,11,8,4,Points,0.67,11.91,0.74,6.6,4.6,10,0
EMP-06672,Operations,Manager,71,8,12,Points,0.67,39.29,0.54,7.9,3.9,3,0
EMP-06673,Engineering,Junior,6,6,3,Badge,0.5,3.55,0.82,7.7,5.0,7,0
EMP-06674,Engineering,Senior,53,7,2,Monetary,0.58,190.99,0.86,8.9,4.2,2,0
EMP-06675,Engineering,Junior,8,2,4,Badge,0.17,0.87,0.29,6.8,4.6,7,0
EMP-06676,Operations,Junior,3,2,2,Points,0.17,19.19,0.25,4.8,3.3,6,0
EMP-06677,Marketing,Junior,1,2,1,Points,0.17,14.46,0.62,3.7,3.4,9,1
EMP-06678,Engineering,Senior,43,13,7,Points,1.08,45.36,0.81,8.8,4.8,3,0
EMP-06679,Marketing,Mid,14,2,0,Monetary,0.17,73.87,0.85,7.2,4.2,5,0
EMP-06680,Marketing,Manager,71,18,5,Monetary,1.5,71.49,0.53,7.2,3.9,3,0
EMP-06681,Marketing,Mid,30,8,1,Monetary,0.67,148.32,0.41,5.4,4.0,4,0
EMP-06682,Engineering,Junior,4,4,0,Points,0.33,47.71,0.7,5.2,4.2,5,0
EMP-06683,Customer Support,Senior,52,6,7,Points,0.5,31.56,0.29,7.0,4.1,3,0
EMP-06684,Sales,Junior,12,5,3,Monetary,0.42,189.83,0.9,5.8,3.8,8,0
EMP-06685,Operations,Senior,60,11,5,Badge,0.92,6.58,0.59,6.8,4.4,3,0
EMP-06686,Engineering,Junior,4,2,1,Badge,0.17,1.97,0.93,4.2,3.8,4,0
EMP-06687,Sales,Mid,22,11,3,PTO,0.92,236.14,0.89,7.9,4.7,7,0
EMP-06688,Sales,Senior,48,4,4,Badge,0.33,2.96,0.71,6.7,3.6,6,0
EMP-06689,Marketing,Manager,61,14,12,Badge,1.17,3.09,0.4,9.3,5.0,5,0
EMP-06690,Engineering,Mid,47,10,2,Badge,0.83,8.09,0.66,7.9,5.0,5,0
EMP-06691,Operations,Senior,34,7,4,PTO,0.58,114.69,0.94,6.7,5.0,4,0
EMP-06692,Engineering,Junior,12,1,2,Points,0.08,20.0,0.78,7.6,4.3,2,0
EMP-06693,Marketing,Senior,39,11,4,Monetary,0.92,197.76,0.6,7.6,4.5,3,0
EMP-06694,Operations,Senior,29,5,3,Points,0.42,12.65,0.8,7.1,4.4,2,0
EMP-06695,Marketing,Junior,3,5,3,Badge,0.42,6.32,0.42,4.0,3.0,7,0
EMP-06696,Operations,Mid,7,1,0,Monetary,0.08,94.06,0.72,4.6,3.0,9,0
EMP-06697,Marketing,Junior,4,1,1,Badge,0.08,3.2,0.19,3.5,3.4,6,1
EMP-06698,Sales,Mid,46,5,1,Monetary,0.42,48.28,0.73,6.4,3.3,3,0
EMP-06699,Operations,Junior,2,5,1,Monetary,0.42,118.19,0.77,3.1,2.8,10,1
EMP-06700,Sales,Mid,11,15,2,Badge,1.25,5.7,0.77,9.2,4.2,3,0
EMP-06701,Marketing,Manager,53,9,4,Badge,0.75,6.88,0.32,8.3,5.0,4,0
EMP-06702,Operations,Junior,39,4,3,Badge,0.33,7.88,0.82,6.7,3.3,4,0
EMP-06703,Sales,Mid,3,7,3,Badge,0.58,4.13,0.28,6.2,4.7,5,0
EMP-06704,Sales,Mid,14,10,2,Points,0.83,29.24,0.18,6.4,3.8,6,0
EMP-06705,Sales,Manager,71,18,9,PTO,1.5,66.3,0.51,9.5,4.2,2,0
EMP-06706,Operations,Mid,12,5,4,PTO,0.42,154.3,0.91,9.0,4.2,2,0
EMP-06707,Customer Support,Mid,25,5,1,PTO,0.42,82.99,0.61,7.1,4.7,3,0
EMP-06708,Marketing,Mid,57,8,3,Badge,0.67,0.01,0.79,6.6,5.0,2,0
EMP-06709,Marketing,Junior,1,5,3,Badge,0.42,0.6,0.89,6.2,3.9,2,0
EMP-06710,Customer Support,Junior,30,3,3,Points,0.25,6.11,0.3,4.8,4.0,3,0
EMP-06711,Engineering,Mid,29,7,4,Badge,0.58,3.92,0.7,7.6,3.2,2,0
EMP-06712,Engineering,Junior,11,3,0,Points,0.25,22.3,0.87,5.5,4.9,2,0
EMP-06713,Operations,Mid,34,5,4,Points,0.42,13.95,0.6,5.6,4.9,4,0
EMP-06714,Operations,Mid,3,6,3,Badge,0.5,4.65,0.74,6.6,3.7,6,0
EMP-06715,Operations,Mid,22,6,6,Badge,0.5,0.8,0.84,8.0,5.0,5,0
EMP-06716,Sales,Junior,1,9,3,PTO,0.75,122.96,0.31,5.4,3.3,6,0
EMP-06717,Engineering,Manager,83,9,8,Badge,0.75,0.45,0.36,7.5,4.2,3,0
EMP-06718,Sales,Manager,56,21,9,Points,1.75,5.3,0.17,8.0,4.3,4,0
EMP-06719,Engineering,Junior,1,2,3,PTO,0.17,196.76,0.53,5.4,4.1,8,0
EMP-06720,Sales,Mid,43,9,2,Monetary,0.75,150.52,0.82,8.0,4.6,4,0
EMP-06721,Operations,Mid,32,8,2,Monetary,0.67,70.25,0.6,5.4,3.1,5,0
EMP-06722,Engineering,Junior,2,3,1,Points,0.25,36.17,0.32,4.4,4.3,4,0
EMP-06723,Operations,Mid,37,4,2,Badge,0.33,6.28,0.42,6.8,3.2,7,0
EMP-06724,Sales,Junior,3,4,3,PTO,0.33,243.88,0.93,5.2,3.7,5,0
EMP-06725,Marketing,Manager,48,9,4,Badge,0.75,2.05,0.92,8.5,4.8,7,0
EMP-06726,Engineering,Senior,40,8,8,PTO,0.67,170.2,0.47,7.5,4.9,3,0
EMP-06727,Sales,Mid,13,6,1,Badge,0.5,2.11,0.67,7.0,4.2,3,0
EMP-06728,Engineering,Mid,43,7,5,PTO,0.58,267.66,0.55,6.5,4.9,4,0
EMP-06729,Customer Support,Manager,55,13,5,Points,1.08,34.05,0.72,9.8,5.0,5,0
EMP-06730,Operations,Manager,35,14,10,PTO,1.17,71.31,0.66,9.1,4.8,1,0
EMP-06731,Sales,Manager,90,9,7,Points,0.75,21.46,0.55,8.7,5.0,4,0
EMP-06732,Engineering,Junior,9,2,1,Points,0.17,6.73,0.21,5.9,4.3,10,0
EMP-06733,Customer Support,Junior,36,1,0,Points,0.08,49.31,0.76,6.5,3.2,2,0
EMP-06734,Sales,Senior,44,8,4,Monetary,0.67,169.08,0.45,7.9,4.2,3,0
EMP-06735,Engineering,Mid,26,10,2,Points,0.83,20.88,0.46,7.7,4.5,2,0
EMP-06736,Marketing,Junior,39,6,1,Points,0.5,22.29,0.88,8.0,4.7,2,0
EMP-06737,Customer Support,Junior,37,3,0,Badge,0.25,3.69,0.88,5.0,3.7,5,0
EMP-06738,Engineering,Manager,54,5,7,Points,0.42,34.59,0.59,8.2,4.3,4,0
EMP-06739,Engineering,Senior,43,8,2,PTO,0.67,137.04,0.9,8.5,5.0,1,0
EMP-06740,Customer Support,Mid,21,3,4,Badge,0.25,2.12,0.79,6.8,4.5,3,0
EMP-06741,Engineering,Manager,58,7,5,Badge,0.58,2.68,0.41,8.8,4.5,4,0
EMP-06742,Engineering,Mid,21,10,4,PTO,0.83,248.9,0.37,7.9,3.7,5,0
EMP-06743,Marketing,Senior,51,11,6,Monetary,0.92,43.01,0.43,6.3,3.5,2,0
EMP-06744,Customer Support,Mid,29,7,3,PTO,0.58,157.52,0.43,6.7,4.2,3,0
EMP-06745,Sales,Junior,37,6,2,Points,0.5,22.81,0.61,9.1,4.9,2,0
EMP-06746,Customer Support,Mid,20,10,4,Monetary,0.83,122.47,0.47,5.5,3.1,3,0
EMP-06747,Marketing,Mid,3,7,4,Points,0.58,7.73,0.73,5.1,3.0,10,0
EMP-06748,Engineering,Mid,16,9,0,Badge,0.75,0.34,0.83,7.6,4.4,4,0
EMP-06749,Customer Support,Junior,72,3,1,Points,0.25,36.26,0.55,6.5,3.9,4,0
EMP-06750,Sales,Manager,19,12,9,Points,1.0,28.54,0.88,10.0,5.0,2,0
EMP-06751,Sales,Junior,5,3,1,Points,0.25,10.46,0.95,5.2,3.6,5,0
EMP-06752,Marketing,Junior,2,1,1,Monetary,0.08,92.39,0.82,6.7,3.5,7,0
EMP-06753,Sales,Mid,38,11,2,PTO,0.92,180.99,0.62,8.1,3.9,2,0
EMP-06754,Engineering,Mid,3,2,3,Points,0.17,20.9,0.64,6.1,3.7,7,0
EMP-06755,Engineering,Mid,37,4,2,Monetary,0.33,44.94,0.37,6.9,4.7,4,0
EMP-06756,Sales,Senior,36,11,4,Points,0.92,11.77,0.88,8.2,4.3,1,0
EMP-06757,Operations,Mid,23,4,1,Monetary,0.33,67.93,0.77,7.3,3.8,4,0
EMP-06758,Marketing,Mid,31,9,5,Monetary,0.75,25.21,0.52,6.3,4.6,5,0
EMP-06759,Customer Support,Senior,16,3,2,Points,0.25,37.79,0.78,5.3,3.3,6,0
EMP-06760,Sales,Junior,1,9,5,Points,0.75,35.9,0.72,7.8,5.0,6,0
EMP-06761,Sales,Mid,19,10,2,Badge,0.83,8.81,0.11,8.0,4.5,4,0
EMP-06762,Engineering,Manager,61,18,7,Points,1.5,10.15,0.6,7.4,5.0,7,0
EMP-06763,Engineering,Junior,14,5,5,Monetary,0.42,132.74,0.26,5.8,3.6,6,0
EMP-06764,Sales,Mid,30,6,4,Points,0.5,37.49,0.32,8.3,5.0,4,0
EMP-06765,Operations,Manager,58,11,7,Badge,0.92,6.07,0.65,7.8,5.0,3,0
EMP-06766,Customer Support,Mid,40,3,2,Points,0.25,21.01,0.73,6.7,3.7,5,0
EMP-06767,Customer Support,Mid,47,4,1,Points,0.33,19.67,0.27,7.0,5.0,3,0
EMP-06768,Engineering,Manager,52,8,4,Monetary,0.67,49.21,0.66,9.4,5.0,3,0
EMP-06769,Customer Support,Junior,15,1,2,Points,0.08,48.71,0.78,6.0,3.7,1,0
EMP-06770,Sales,Junior,1,3,1,Badge,0.25,1.11,0.72,5.2,4.0,5,0
EMP-06771,Engineering,Senior,51,6,3,Monetary,0.5,144.43,0.57,7.7,4.7,1,0
EMP-06772,Customer Support,Senior,55,12,6,PTO,1.0,271.36,0.4,9.8,4.9,7,0
EMP-06773,Marketing,Mid,27,6,2,Points,0.5,45.51,0.39,7.8,4.8,8,0
EMP-06774,Engineering,Mid,37,4,2,Points,0.33,46.6,0.58,6.2,4.4,3,0
EMP-06775,Sales,Senior,48,12,5,Points,1.0,34.69,0.72,8.3,4.1,3,0
EMP-06776,Sales,Senior,47,15,7,PTO,1.25,82.62,0.55,8.6,4.5,3,0
EMP-06777,Operations,Junior,1,2,3,PTO,0.17,179.99,0.64,5.6,3.2,5,0
EMP-06778,Sales,Junior,11,4,2,PTO,0.33,159.59,0.58,5.5,3.4,5,0
EMP-06779,Customer Support,Mid,17,6,4,Badge,0.5,6.72,0.56,6.5,4.3,6,0
EMP-06780,Engineering,Senior,61,13,3,Points,1.08,25.63,0.78,9.2,3.7,3,0
EMP-06781,Sales,Manager,44,15,9,Badge,1.25,8.22,0.87,9.5,4.1,5,0
EMP-06782,Sales,Manager,64,8,8,Points,0.67,23.54,0.9,7.6,4.5,5,0
EMP-06783,Sales,Manager,55,17,10,Points,1.42,38.92,0.42,9.2,4.3,6,0
EMP-06784,Sales,Mid,33,5,3,Monetary,0.42,191.51,0.79,7.3,4.5,1,0
EMP-06785,Operations,Mid,29,5,2,Points,0.42,37.71,0.6,7.5,3.9,4,0
EMP-06786,Customer Support,Senior,34,9,4,Badge,0.75,7.63,0.82,7.9,5.0,5,0
EMP-06787,Customer Support,Senior,65,11,2,Badge,0.92,7.11,0.55,7.8,4.2,4,0
EMP-06788,Operations,Mid,17,7,1,Points,0.58,42.82,0.65,8.4,4.7,3,0
EMP-06789,Operations,Junior,7,3,2,Badge,0.25,2.92,0.22,5.0,3.6,3,0
EMP-06790,Marketing,Manager,71,11,8,Badge,0.92,9.92,0.34,7.8,4.5,7,0
EMP-06791,Operations,Mid,25,3,2,Points,0.25,40.81,0.46,6.3,2.8,6,0
EMP-06792,Sales,Mid,6,12,1,Points,1.0,39.11,0.85,9.5,4.5,7,0
EMP-06793,Sales,Mid,40,5,4,Monetary,0.42,40.66,0.71,7.3,3.7,5,0
EMP-06794,Sales,Senior,60,7,1,Monetary,0.58,83.29,1.0,8.5,4.4,5,0
EMP-06795,Sales,Junior,8,6,2,PTO,0.5,113.35,0.31,8.1,5.0,3,0
EMP-06796,Sales,Senior,45,14,3,Badge,1.17,1.12,0.51,7.9,3.5,4,0
EMP-06797,Customer Support,Junior,3,2,1,Points,0.17,46.13,0.57,2.9,3.4,3,1
EMP-06798,Sales,Junior,11,4,0,Points,0.33,32.45,0.6,5.0,5.0,6,0
EMP-06799,Engineering,Mid,33,11,2,Points,0.92,45.36,0.36,6.7,4.7,7,0
EMP-06800,Marketing,Senior,40,7,3,Points,0.58,28.96,0.6,6.8,4.3,6,0
EMP-06801,Engineering,Manager,62,12,4,Monetary,1.0,184.38,0.87,10.0,5.0,3,0
EMP-06802,Engineering,Senior,22,9,4,PTO,0.75,281.53,0.22,9.5,4.6,6,0
EMP-06803,Engineering,Manager,84,13,5,Badge,1.08,6.52,0.34,9.0,3.6,5,0
EMP-06804,Sales,Junior,16,9,2,Points,0.75,27.54,1.0,7.9,5.0,3,0
EMP-06805,Sales,Junior,19,7,1,Badge,0.58,2.22,0.61,7.0,5.0,6,0
EMP-06806,Operations,Mid,48,4,1,Points,0.33,46.13,0.85,7.5,4.5,8,0
EMP-06807,Operations,Junior,3,2,3,Monetary,0.17,161.44,0.39,6.1,3.5,7,0
EMP-06808,Sales,Senior,59,6,6,Points,0.5,20.1,0.53,7.2,4.5,2,0
EMP-06809,Sales,Senior,56,13,2,Points,1.08,35.03,0.73,8.9,4.3,7,0
EMP-06810,Sales,Manager,59,13,11,Badge,1.08,6.11,0.49,7.2,5.0,6,0
EMP-06811,Operations,Junior,4,7,1,Points,0.58,9.84,0.52,6.7,4.5,3,0
EMP-06812,Engineering,Mid,20,7,5,Points,0.58,46.9,0.35,7.0,4.6,0,0
EMP-06813,Engineering,Mid,20,6,4,PTO,0.5,51.48,0.82,7.4,4.5,1,0
EMP-06814,Operations,Junior,9,4,0,PTO,0.33,257.03,0.7,5.5,4.4,4,0
EMP-06815,Sales,Mid,31,8,2,PTO,0.67,177.86,0.64,7.7,4.5,6,0
EMP-06816,Engineering,Mid,37,10,1,Points,0.83,42.16,0.74,8.9,4.8,4,0
EMP-06817,Engineering,Mid,43,9,1,Badge,0.75,5.56,0.55,8.0,4.4,6,0
EMP-06818,Customer Support,Mid,10,4,4,PTO,0.33,88.31,0.43,5.0,2.4,5,0
EMP-06819,Operations,Junior,11,3,0,PTO,0.25,168.42,0.5,4.8,4.2,4,0
EMP-06820,Operations,Mid,14,9,2,Points,0.75,44.55,0.41,7.0,4.2,3,0
EMP-06821,Sales,Mid,34,9,7,Points,0.75,15.33,0.65,8.6,4.5,3,0
EMP-06822,Marketing,Junior,12,2,2,Points,0.17,10.39,0.75,4.6,3.2,4,0
EMP-06823,Customer Support,Mid,25,7,1,Badge,0.58,4.14,0.36,6.6,4.0,4,0
EMP-06824,Customer Support,Junior,9,3,1,Points,0.25,41.5,0.56,5.8,3.9,5,0
EMP-06825,Engineering,Mid,29,11,1,Badge,0.92,7.06,0.69,8.9,4.6,3,0
EMP-06826,Operations,Junior,54,2,0,Points,0.17,49.85,0.42,7.2,3.5,3,0
EMP-06827,Engineering,Mid,33,7,2,Badge,0.58,8.8,0.66,8.6,4.1,8,0
EMP-06828,Engineering,Senior,46,12,2,Points,1.0,12.71,0.75,8.7,4.9,3,0
EMP-06829,Marketing,Mid,33,9,2,Badge,0.75,7.88,0.74,8.3,4.4,3,0
EMP-06830,Sales,Senior,40,13,5,Badge,1.08,7.18,0.79,7.4,5.0,8,0
EMP-06831,Customer Support,Mid,25,6,0,Points,0.5,13.8,0.61,6.5,3.3,4,0
EMP-06832,Engineering,Mid,21,2,3,Badge,0.17,7.8,0.55,8.5,4.7,1,0
EMP-06833,Sales,Senior,78,17,7,Monetary,1.42,67.46,0.39,8.9,4.4,3,0
EMP-06834,Customer Support,Mid,50,5,1,Badge,0.42,4.56,0.55,5.6,3.9,2,0
EMP-06835,Customer Support,Senior,56,6,8,Badge,0.5,2.77,0.35,8.8,4.1,4,0
EMP-06836,Engineering,Mid,48,5,7,Badge,0.42,4.51,0.12,7.0,5.0,3,0
EMP-06837,Sales,Mid,41,9,6,Points,0.75,18.59,0.83,8.9,5.0,3,0
EMP-06838,Marketing,Senior,50,9,6,Monetary,0.75,140.35,0.69,8.0,4.4,6,0
EMP-06839,Engineering,Junior,7,3,1,Monetary,0.25,165.37,0.64,3.9,2.7,12,1
EMP-06840,Customer Support,Mid,21,1,2,Monetary,0.08,28.26,0.58,5.7,3.4,5,0
EMP-06841,Customer Support,Junior,6,2,4,Points,0.17,23.12,0.61,6.0,3.6,3,0
EMP-06842,Engineering,Mid,23,3,5,Points,0.25,11.55,0.26,4.9,3.7,1,0
EMP-06843,Engineering,Junior,14,4,0,Badge,0.33,0.19,0.69,3.9,4.0,2,1
EMP-06844,Engineering,Mid,32,4,4,Monetary,0.33,197.05,0.44,8.4,5.0,4,0
EMP-06845,Customer Support,Senior,33,8,3,Badge,0.67,6.74,0.59,7.5,3.2,2,0
EMP-06846,Engineering,Senior,37,10,2,PTO,0.83,163.08,0.58,7.2,4.1,4,0
EMP-06847,Sales,Mid,22,8,4,PTO,0.67,157.75,0.81,8.4,5.0,5,0
EMP-06848,Sales,Manager,86,9,10,Badge,0.75,8.41,0.51,7.5,5.0,6,0
EMP-06849,Marketing,Mid,37,10,1,Points,0.83,30.68,0.73,8.3,5.0,4,0
EMP-06850,Engineering,Mid,41,10,2,Points,0.83,38.71,0.55,8.3,4.3,0,0
EMP-06851,Engineering,Senior,19,6,5,Points,0.5,46.42,0.41,7.6,3.7,2,0
EMP-06852,Customer Support,Senior,48,9,6,Badge,0.75,8.84,0.75,7.5,4.0,4,0
EMP-06853,Customer Support,Senior,41,13,3,Points,1.08,9.27,0.65,7.2,4.7,4,0
EMP-06854,Operations,Junior,1,0,0,Points,0.0,26.87,0.0,2.0,2.7,8,1
EMP-06855,Engineering,Mid,32,12,3,Points,1.0,33.51,0.44,8.1,5.0,3,0
EMP-06856,Sales,Senior,51,9,2,Monetary,0.75,106.06,0.89,7.9,5.0,3,0
EMP-06857,Marketing,Mid,31,6,4,Points,0.5,18.06,0.24,8.5,4.9,3,0
EMP-06858,Engineering,Senior,53,5,8,Points,0.42,46.24,0.84,7.9,4.3,6,0
EMP-06859,Customer Support,Mid,60,4,6,Badge,0.33,8.99,0.76,6.2,3.9,5,0
EMP-06860,Marketing,Senior,88,5,3,Points,0.42,42.88,0.5,6.4,4.2,2,0
EMP-06861,Engineering,Junior,5,5,1,Points,0.42,47.0,0.32,4.5,3.2,8,0
EMP-06862,Customer Support,Mid,60,11,1,Badge,0.92,7.43,0.67,7.6,4.3,5,0
EMP-06863,Customer Support,Junior,32,0,0,Badge,0.0,3.9,0.0,1.4,2.8,9,1
EMP-06864,Engineering,Senior,39,6,4,Badge,0.5,4.98,0.66,7.4,4.6,5,0
EMP-06865,Marketing,Senior,64,7,6,Points,0.58,42.08,0.29,7.0,3.9,4,0
EMP-06866,Sales,Junior,23,3,0,Points,0.25,45.98,0.8,6.3,3.0,3,0
EMP-06867,Sales,Senior,52,12,4,Points,1.0,35.17,1.0,9.6,3.8,5,0
EMP-06868,Engineering,Mid,3,8,8,Points,0.67,31.15,0.61,7.7,4.8,4,0
EMP-06869,Marketing,Junior,12,2,2,Badge,0.17,8.93,0.54,5.7,2.9,3,0
EMP-06870,Customer Support,Mid,33,2,3,Badge,0.17,7.5,0.25,5.5,3.9,6,0
EMP-06871,Sales,Junior,7,7,0,Monetary,0.58,184.82,0.91,5.8,3.7,7,0
EMP-06872,Engineering,Mid,27,6,2,Badge,0.5,8.83,0.52,6.8,4.3,8,0
EMP-06873,Marketing,Mid,20,10,4,Badge,0.83,3.29,0.46,7.5,4.7,2,0
EMP-06874,Sales,Senior,61,11,7,Badge,0.92,1.31,0.4,8.4,5.0,3,0
EMP-06875,Operations,Senior,55,10,3,Badge,0.83,7.02,0.8,7.5,4.1,3,0
EMP-06876,Sales,Mid,42,8,1,PTO,0.67,283.44,0.31,8.2,5.0,8,0
EMP-06877,Engineering,Junior,14,4,2,Points,0.33,45.93,0.35,6.7,4.4,6,0
EMP-06878,Engineering,Manager,94,8,7,Badge,0.67,9.2,0.49,8.1,4.4,1,0
EMP-06879,Operations,Senior,34,5,3,PTO,0.42,267.77,0.7,7.8,3.9,8,0
EMP-06880,Engineering,Junior,39,1,0,Points,0.08,24.73,0.84,8.4,5.0,4,0
EMP-06881,Operations,Senior,45,10,2,Points,0.83,47.15,0.76,8.2,4.0,8,0
EMP-06882,Engineering,Junior,6,3,4,Badge,0.25,6.37,0.87,4.8,3.6,5,0
EMP-06883,Sales,Mid,35,8,4,Points,0.67,42.36,0.91,7.1,3.8,3,0
EMP-06884,Sales,Mid,58,12,3,Points,1.0,18.46,0.72,10.0,3.7,3,0
EMP-06885,Customer Support,Mid,23,9,1,Badge,0.75,5.0,0.76,6.7,,2,0
EMP-06886,Customer Support,Manager,66,7,13,Badge,0.58,1.17,0.39,8.5,5.0,2,0
EMP-06887,Engineering,Mid,62,11,2,Monetary,0.92,51.98,0.28,7.6,,3,0
EMP-06888,Sales,Junior,1,5,3,Points,0.42,41.33,0.84,6.3,4.7,6,0
EMP-06889,Engineering,Manager,49,8,12,PTO,0.67,285.98,0.23,7.6,4.1,4,0
EMP-06890,Sales,Manager,46,10,6,Badge,0.83,5.28,0.76,7.5,4.6,3,0
EMP-06891,Sales,Senior,49,19,8,PTO,1.58,171.45,0.29,8.1,4.8,6,0
EMP-06892,Customer Support,Mid,59,10,2,Badge,0.83,9.42,0.37,5.8,3.9,2,0
EMP-06893,Customer Support,Junior,24,3,0,Points,0.25,42.4,0.47,4.1,3.2,6,0
EMP-06894,Sales,Senior,77,17,2,Monetary,1.42,56.97,0.51,8.0,4.8,7,0
EMP-06895,Sales,Junior,15,3,3,Points,0.25,6.88,0.42,5.6,4.9,3,0
EMP-06896,Customer Support,Junior,3,3,3,Points,0.25,47.76,0.48,2.3,2.2,10,1
EMP-06897,Operations,Mid,32,5,4,Monetary,0.42,119.56,0.32,6.3,3.4,1,0
EMP-06898,Engineering,Junior,11,7,0,Points,0.58,34.09,0.38,6.4,3.5,3,0
EMP-06899,Sales,Junior,2,6,1,Points,0.5,28.89,0.45,5.5,4.7,7,0
EMP-06900,Sales,Mid,43,9,2,Points,0.75,38.24,0.97,6.8,3.8,2,0
EMP-06901,Engineering,Junior,23,3,1,Badge,0.25,8.98,0.54,6.5,4.0,7,0
EMP-06902,Engineering,Junior,32,5,1,Badge,0.42,9.94,0.87,6.4,3.7,2,0
EMP-06903,Engineering,Junior,17,10,2,Points,0.83,21.36,0.77,8.2,5.0,2,0
EMP-06904,Marketing,Junior,33,3,2,Monetary,0.25,115.91,0.58,7.1,4.6,3,0
EMP-06905,Engineering,Senior,60,11,5,PTO,0.92,270.88,0.9,8.8,4.5,4,0
EMP-06906,Engineering,Senior,41,13,7,Badge,1.08,4.36,0.6,8.2,4.6,3,0
EMP-06907,Engineering,Mid,12,5,0,Badge,0.42,3.59,0.74,7.8,3.9,5,0
EMP-06908,Operations,Mid,29,7,1,Badge,0.58,9.69,0.55,6.1,4.9,4,0
EMP-06909,Operations,Junior,13,4,1,Badge,0.33,7.32,0.4,7.7,,5,0
EMP-06910,Sales,Junior,13,7,4,Points,0.58,27.81,0.46,6.6,3.6,1,0
EMP-06911,Sales,Junior,4,5,2,Points,0.42,40.82,0.76,5.8,5.0,7,0
EMP-06912,Customer Support,Mid,13,1,0,Monetary,0.08,80.82,0.31,5.9,3.5,3,0
EMP-06913,Engineering,Senior,42,8,4,Points,0.67,31.51,0.92,8.3,5.0,5,0
EMP-06914,Engineering,Mid,23,5,2,Badge,0.42,7.11,0.76,7.6,4.5,6,0
EMP-06915,Sales,Mid,12,5,2,Monetary,0.42,150.29,0.89,7.1,3.9,2,0
EMP-06916,Engineering,Junior,39,6,2,Points,0.5,13.81,0.74,9.0,4.0,2,0
EMP-06917,Sales,Senior,35,9,5,Badge,0.75,9.95,1.0,6.7,3.7,8,0
EMP-06918,Customer Support,Mid,45,10,3,Badge,0.83,7.54,0.58,6.3,3.8,3,0
EMP-06919,Marketing,Senior,50,20,6,Points,1.67,38.44,0.65,7.8,4.8,6,0
EMP-06920,Sales,Mid,36,5,2,Points,0.42,31.36,0.29,8.8,4.1,2,0
EMP-06921,Customer Support,Senior,20,8,3,Points,0.67,20.43,0.91,7.6,4.8,3,0
EMP-06922,Engineering,Manager,18,9,8,Points,0.75,26.99,0.54,7.6,4.1,4,0
EMP-06923,Engineering,Manager,34,9,6,Points,0.75,24.16,0.48,8.8,5.0,4,0
EMP-06924,Marketing,Mid,23,11,2,Badge,0.92,1.15,0.29,7.4,4.1,1,0
EMP-06925,Marketing,Mid,38,6,2,Badge,0.5,9.25,0.57,5.8,3.6,1,0
EMP-06926,Engineering,Junior,9,2,1,Points,0.17,27.84,0.48,6.6,3.8,4,0
EMP-06927,Sales,Manager,18,10,7,Points,0.83,6.94,0.53,7.1,4.4,4,0
EMP-06928,Marketing,Mid,20,6,1,PTO,0.5,154.87,0.6,5.6,3.0,2,0
EMP-06929,Operations,Junior,15,8,2,Monetary,0.67,98.6,0.56,6.5,4.7,3,0
EMP-06930,Marketing,Mid,47,5,4,Badge,0.42,0.87,0.81,7.0,4.4,2,0
EMP-06931,Sales,Junior,10,9,5,Points,0.75,13.81,0.6,6.5,4.6,7,0
EMP-06932,Engineering,Mid,28,7,2,Monetary,0.58,38.61,0.34,6.7,4.5,4,0
EMP-06933,Sales,Mid,36,6,2,Monetary,0.5,53.05,0.4,7.0,4.6,3,0
EMP-06934,Engineering,Mid,49,6,1,Badge,0.5,1.14,0.75,8.4,4.8,4,0
EMP-06935,Customer Support,Junior,1,1,0,Badge,0.08,9.02,0.68,3.8,3.1,6,1
EMP-06936,Sales,Manager,82,21,8,Monetary,1.75,160.8,0.83,9.0,3.8,2,0
EMP-06937,Sales,Senior,17,7,5,Points,0.58,44.28,0.82,7.2,3.9,5,0
EMP-06938,Operations,Senior,59,15,2,Points,1.25,11.23,0.35,7.3,5.0,7,0
EMP-06939,Sales,Mid,57,7,0,Points,0.58,35.12,0.72,7.8,4.7,2,0
EMP-06940,Sales,Senior,28,9,5,Points,0.75,45.58,1.0,7.3,5.0,8,0
EMP-06941,Operations,Mid,28,4,2,Badge,0.33,9.53,0.71,6.4,4.0,2,0
EMP-06942,Customer Support,Junior,52,7,3,Points,0.58,7.62,0.45,5.9,3.9,4,0
EMP-06943,Marketing,Junior,10,4,2,Points,0.33,22.06,0.21,5.4,3.1,6,0
EMP-06944,Engineering,Mid,42,13,4,Points,1.08,21.36,0.42,8.2,4.1,1,0
EMP-06945,Marketing,Junior,2,2,1,Monetary,0.17,57.74,0.84,5.5,3.5,5,0
EMP-06946,Operations,Manager,70,15,8,Points,1.25,11.95,0.48,9.6,5.0,0,0
EMP-06947,Engineering,Junior,1,2,0,Points,0.17,21.69,0.76,5.5,3.2,3,0
EMP-06948,Engineering,Mid,17,3,4,Monetary,0.25,149.57,0.88,7.7,3.4,3,0
EMP-06949,Customer Support,Mid,13,5,4,PTO,0.42,232.66,0.78,5.7,3.8,3,0
EMP-06950,Engineering,Mid,29,8,5,Points,0.67,30.98,0.37,6.7,4.3,3,0
EMP-06951,Operations,Mid,51,8,5,Badge,0.67,7.86,0.41,7.9,4.3,5,0
EMP-06952,Sales,Junior,7,12,3,Badge,1.0,7.04,0.82,7.7,3.4,7,0
EMP-06953,Sales,Senior,41,17,1,Monetary,1.42,164.22,0.56,9.5,4.1,2,0
EMP-06954,Engineering,Mid,22,3,4,Badge,0.25,9.75,0.51,5.7,5.0,6,0
EMP-06955,Operations,Mid,20,4,3,Points,0.33,31.08,0.78,6.0,4.5,7,0
EMP-06956,Sales,Senior,38,13,6,Badge,1.08,7.66,0.92,8.6,4.4,4,0
EMP-06957,Marketing,Manager,56,6,7,Badge,0.5,8.33,0.61,6.3,4.0,3,0
EMP-06958,Marketing,Senior,76,15,6,Badge,1.25,9.13,0.74,8.6,5.0,4,0
EMP-06959,Operations,Mid,49,11,3,Badge,0.92,5.45,0.89,7.6,3.7,4,0
EMP-06960,Customer Support,Mid,27,5,1,Monetary,0.42,185.81,0.32,6.3,5.0,4,0
EMP-06961,Marketing,Mid,21,15,2,PTO,1.25,184.75,0.47,9.5,4.8,1,0
EMP-06962,Sales,Senior,19,10,6,Points,0.83,36.19,0.31,8.3,4.5,7,0
EMP-06963,Customer Support,Manager,43,7,9,PTO,0.58,137.03,0.48,6.5,3.4,6,0
EMP-06964,Marketing,Junior,9,3,4,Monetary,0.25,197.38,0.74,4.4,3.8,9,0
EMP-06965,Sales,Mid,16,8,4,Points,0.67,14.78,0.39,6.7,4.6,3,0
EMP-06966,Engineering,Senior,19,8,1,PTO,0.67,114.5,0.69,8.3,5.0,4,0
EMP-06967,Operations,Mid,23,6,9,Badge,0.5,2.52,0.78,9.3,4.4,6,0
EMP-06968,Sales,Mid,35,12,1,Badge,1.0,4.21,0.53,8.7,3.8,6,0
EMP-06969,Marketing,Mid,31,5,3,Points,0.42,39.56,0.66,6.1,4.3,5,0
EMP-06970,Sales,Mid,63,6,6,Badge,0.5,9.84,0.85,7.8,3.4,6,0
EMP-06971,Engineering,Manager,79,17,5,Points,1.42,32.79,0.88,9.9,4.4,3,0
EMP-06972,Marketing,Mid,16,7,2,Badge,0.58,6.18,0.54,6.6,4.1,2,0
EMP-06973,Engineering,Junior,9,1,0,PTO,0.08,181.91,0.66,7.6,3.4,6,0
EMP-06974,Sales,Junior,7,7,0,Points,0.58,45.59,1.0,5.8,3.5,4,0
EMP-06975,Marketing,Junior,13,2,1,Points,0.17,19.93,0.65,6.0,3.4,4,0
EMP-06976,Sales,Mid,42,7,3,Points,0.58,13.54,0.84,8.0,4.7,2,0
EMP-06977,Operations,Mid,34,5,2,Monetary,0.42,65.05,0.37,7.1,3.7,5,0
EMP-06978,Operations,Junior,1,6,3,PTO,0.5,265.0,0.16,4.6,4.5,0,0
EMP-06979,Operations,Senior,24,7,4,Points,0.58,12.64,0.65,7.9,4.9,2,0
EMP-06980,Engineering,Senior,50,9,5,PTO,0.75,174.88,0.88,9.8,4.9,1,0
EMP-06981,Engineering,Junior,1,6,3,Badge,0.5,3.22,0.78,6.8,3.8,2,0
EMP-06982,Marketing,Mid,53,7,2,Points,0.58,13.25,0.52,8.4,3.5,3,0
EMP-06983,Customer Support,Manager,63,10,12,Badge,0.83,5.72,0.69,6.3,2.8,8,0
EMP-06984,Operations,Mid,54,4,0,Monetary,0.33,174.65,0.92,7.3,3.9,4,0
EMP-06985,Operations,Senior,33,9,4,Points,0.75,19.38,0.76,8.0,5.0,3,0
EMP-06986,Sales,Mid,3,8,4,Monetary,0.67,45.96,0.81,7.4,3.8,7,0
EMP-06987,Sales,Senior,40,2,5,Monetary,0.17,134.02,0.9,7.2,4.4,5,0
EMP-06988,Sales,Senior,34,8,4,Badge,0.67,7.4,0.96,8.3,5.0,2,0
EMP-06989,Engineering,Senior,24,9,3,Points,0.75,30.16,0.4,7.1,5.0,9,0
EMP-06990,Engineering,Senior,68,6,5,Badge,0.5,1.17,0.6,9.2,5.0,6,0
EMP-06991,Customer Support,Manager,35,7,12,Points,0.58,5.21,0.38,6.9,3.2,2,0
EMP-06992,Engineering,Mid,38,7,5,Badge,0.58,0.86,0.86,8.1,5.0,0,0
EMP-06993,Engineering,Junior,6,5,1,Points,0.42,46.52,0.48,6.2,4.6,5,0
EMP-06994,Engineering,Mid,58,8,2,Points,0.67,30.99,0.74,7.9,4.2,8,0
EMP-06995,Customer Support,Senior,43,10,3,Monetary,0.83,90.25,0.3,8.2,4.4,2,0
EMP-06996,Marketing,Senior,30,8,6,Badge,0.67,1.83,0.69,7.4,4.3,1,0
EMP-06997,Marketing,Junior,18,4,0,PTO,0.33,224.74,0.87,6.3,3.5,1,0
EMP-06998,Customer Support,Junior,26,3,1,Points,0.25,39.39,0.88,6.9,3.0,1,0
EMP-06999,Sales,Senior,42,11,0,Badge,0.92,8.08,0.75,7.0,4.9,4,0
EMP-07000,Marketing,Junior,13,0,1,Badge,0.0,0.18,0.0,2.4,2.6,12,1
EMP-07001,Engineering,Mid,32,3,5,Points,0.25,39.65,0.68,7.6,5.0,7,0
EMP-07002,Engineering,Senior,35,6,6,Points,0.5,12.19,0.3,7.0,4.1,7,0
EMP-07003,Operations,Mid,14,2,2,Monetary,0.17,164.41,0.71,7.0,3.8,6,0
EMP-07004,Operations,Junior,2,0,1,PTO,0.0,87.77,0.0,1.8,2.6,17,1
EMP-07005,Sales,Junior,17,5,2,Points,0.42,16.02,0.75,6.1,3.8,5,0
EMP-07006,Sales,Junior,12,5,1,Points,0.42,40.0,0.74,6.4,3.8,4,0
EMP-07007,Marketing,Junior,11,2,2,PTO,0.17,207.28,0.44,5.6,3.6,8,0
EMP-07008,Engineering,Mid,13,9,3,Monetary,0.75,31.09,0.82,8.9,4.0,8,0
EMP-07009,Engineering,Mid,40,9,1,Badge,0.75,1.66,0.58,7.5,5.0,4,0
EMP-07010,Engineering,Junior,7,1,3,Monetary,0.08,65.42,0.57,4.8,3.6,9,0
EMP-07011,Engineering,Junior,12,2,3,Badge,0.17,8.43,0.53,5.7,3.3,3,0
EMP-07012,Operations,Junior,12,4,2,Badge,0.33,6.14,0.35,6.9,4.0,6,0
EMP-07013,Engineering,Manager,47,13,3,Points,1.08,13.3,0.82,9.9,5.0,7,0
EMP-07014,Engineering,Mid,42,10,4,Points,0.83,16.49,0.67,7.8,5.0,5,0
EMP-07015,Sales,Senior,42,10,5,Points,0.83,25.47,0.47,8.7,4.9,1,0
EMP-07016,Customer Support,Senior,72,5,2,PTO,0.42,70.94,0.92,7.8,3.8,5,0
EMP-07017,Engineering,Mid,22,9,1,Monetary,0.75,97.28,0.36,9.1,5.0,6,0
EMP-07018,Engineering,Senior,79,12,3,Badge,1.0,7.93,0.1,8.1,4.1,6,0
EMP-07019,Sales,Junior,35,6,0,Points,0.5,22.8,1.0,6.7,3.8,4,0
EMP-07020,Operations,Senior,56,7,7,Points,0.58,40.36,0.97,8.6,5.0,3,0
EMP-07021,Marketing,Junior,10,2,1,Badge,0.17,6.25,0.76,4.6,3.9,2,0
EMP-07022,Operations,Senior,32,8,4,Points,0.67,23.2,0.77,6.7,4.4,2,0
EMP-07023,Customer Support,Junior,2,3,0,Points,0.25,45.2,0.68,4.5,2.5,7,0
EMP-07024,Operations,Senior,42,7,2,Badge,0.58,4.41,0.5,7.5,4.6,2,0
EMP-07025,Marketing,Junior,46,5,0,Points,0.42,38.07,0.75,7.0,4.1,4,0
EMP-07026,Sales,Manager,52,17,8,Points,1.42,40.98,0.6,9.0,4.4,6,0
EMP-07027,Engineering,Mid,16,5,3,Badge,0.42,9.16,0.47,6.9,4.2,0,0
EMP-07028,Customer Support,Senior,61,9,6,Badge,0.75,2.78,0.45,5.9,3.6,7,0
EMP-07029,Sales,Mid,42,6,3,Points,0.5,14.05,0.81,8.8,4.6,3,0
EMP-07030,Engineering,Mid,63,5,3,Badge,0.42,4.48,0.54,6.6,4.5,3,0
EMP-07031,Marketing,Mid,36,8,2,Badge,0.67,8.75,0.55,6.5,4.4,9,0
EMP-07032,Sales,Manager,73,11,5,Monetary,0.92,82.66,0.48,9.3,4.1,2,0
EMP-07033,Marketing,Junior,21,4,2,PTO,0.33,118.34,0.51,7.5,5.0,6,0
EMP-07034,Marketing,Manager,70,13,6,Monetary,1.08,31.24,0.36,10.0,4.2,2,0
EMP-07035,Sales,Mid,13,7,3,Points,0.58,36.52,0.99,6.6,3.2,3,0
EMP-07036,Operations,Senior,66,11,2,PTO,0.92,224.95,0.6,6.7,5.0,3,0
EMP-07037,Engineering,Mid,33,4,2,Points,0.33,42.55,0.76,8.8,5.0,6,0
EMP-07038,Sales,Mid,23,7,3,Badge,0.58,4.96,0.79,7.1,3.7,3,0
EMP-07039,Marketing,Senior,45,7,5,Monetary,0.58,180.82,0.53,7.4,5.0,2,0
EMP-07040,Marketing,Mid,35,4,3,Points,0.33,8.87,0.9,7.8,5.0,1,0
EMP-07041,Operations,Mid,32,9,2,Badge,0.75,5.63,0.94,8.2,4.3,5,0
EMP-07042,Sales,Junior,15,6,1,Points,0.5,26.46,0.67,7.4,3.9,3,0
EMP-07043,Marketing,Junior,10,2,0,Monetary,0.17,182.07,0.18,4.4,4.5,9,0
EMP-07044,Engineering,Mid,15,2,3,Monetary,0.17,183.95,0.49,7.4,4.5,2,0
EMP-07045,Customer Support,Senior,60,13,3,Points,1.08,48.94,0.6,7.7,4.8,8,0
EMP-07046,Sales,Mid,28,12,3,Points,1.0,20.85,0.85,7.7,5.0,3,0
EMP-07047,Operations,Junior,9,3,3,Points,0.25,22.09,0.68,6.0,3.2,7,0
EMP-07048,Engineering,Mid,45,6,3,Badge,0.5,1.93,0.31,6.3,3.8,6,0
EMP-07049,Engineering,Mid,40,12,1,Points,1.0,38.42,0.27,8.7,5.0,4,0
EMP-07050,Sales,Mid,39,4,1,Monetary,0.33,170.81,0.78,5.9,3.5,4,0
EMP-07051,Customer Support,Manager,69,10,12,Badge,0.83,8.52,0.52,8.5,4.7,1,0
EMP-07052,Marketing,Senior,50,7,5,Points,0.58,49.57,0.68,7.8,5.0,7,0
EMP-07053,Customer Support,Junior,48,4,1,Monetary,0.33,123.36,0.76,6.2,3.8,5,0
EMP-07054,Sales,Manager,77,15,8,Badge,1.25,2.14,0.74,9.9,4.5,6,0
EMP-07055,Sales,Mid,47,3,4,PTO,0.25,200.3,0.89,7.2,4.0,3,0
EMP-07056,Engineering,Senior,43,8,6,Badge,0.67,3.63,0.16,6.7,4.7,2,0
EMP-07057,Operations,Junior,1,5,1,PTO,0.42,133.45,0.68,5.6,2.6,11,0
EMP-07058,Engineering,Senior,39,5,9,Monetary,0.42,147.57,0.25,7.5,3.9,4,0
EMP-07059,Customer Support,Junior,1,0,3,Points,0.0,14.14,0.0,3.8,2.8,8,1
EMP-07060,Customer Support,Mid,14,7,3,Monetary,0.58,120.37,0.53,6.4,5.0,5,0
EMP-07061,Customer Support,Junior,27,2,1,PTO,0.17,85.27,0.52,5.8,4.5,7,0
EMP-07062,Marketing,Junior,19,3,2,Points,0.25,45.09,0.75,6.1,4.0,9,0
EMP-07063,Marketing,Junior,1,7,2,PTO,0.58,72.18,0.33,7.2,4.6,5,0
EMP-07064,Operations,Junior,3,1,0,Points,0.08,46.94,0.31,2.3,2.3,15,1
EMP-07065,Engineering,Junior,20,3,2,Badge,0.25,10.0,0.46,8.1,4.4,6,0
EMP-07066,Marketing,Senior,44,8,6,PTO,0.67,108.86,0.7,7.6,4.1,5,0
EMP-07067,Engineering,Junior,19,2,0,Points,0.17,9.17,0.75,7.1,3.8,4,0
EMP-07068,Sales,Mid,29,8,3,Badge,0.67,0.32,0.84,8.5,4.4,6,0
EMP-07069,Engineering,Junior,3,5,0,PTO,0.42,86.43,0.82,4.9,3.8,10,0
EMP-07070,Engineering,Manager,66,6,4,Points,0.5,46.18,0.35,7.2,4.1,2,0
EMP-07071,Sales,Manager,45,8,9,Badge,0.67,7.3,0.36,8.6,3.8,6,0
EMP-07072,Sales,Junior,19,6,0,Points,0.5,9.15,0.58,6.8,3.5,1,0
EMP-07073,Marketing,Mid,44,7,1,Points,0.58,48.26,0.11,8.0,5.0,5,0
EMP-07074,Engineering,Junior,9,1,2,Monetary,0.08,139.62,0.72,6.0,2.9,3,0
EMP-07075,Sales,Manager,48,9,11,Badge,0.75,9.3,0.65,9.8,4.6,4,0
EMP-07076,Engineering,Mid,42,5,0,Monetary,0.42,149.84,0.42,5.5,3.7,5,0
EMP-07077,Marketing,Junior,8,4,0,Points,0.33,21.9,0.8,3.6,2.9,13,1
EMP-07078,Marketing,Mid,39,3,3,Points,0.25,8.03,0.75,7.3,3.6,4,0
EMP-07079,Marketing,Junior,3,2,0,Points,0.17,5.74,0.91,4.5,3.8,4,0
EMP-07080,Operations,Mid,31,7,3,Badge,0.58,6.1,0.76,6.7,3.6,6,0
EMP-07081,Sales,Senior,61,11,6,Points,0.92,27.62,0.96,7.9,3.7,2,0
EMP-07082,Operations,Mid,39,15,4,Points,1.25,31.1,0.49,7.3,4.2,4,0
EMP-07083,Sales,Mid,10,7,3,Monetary,0.58,193.67,0.76,7.2,5.0,8,0
EMP-07084,Sales,Junior,2,7,0,Badge,0.58,9.03,0.33,4.6,4.8,5,0
EMP-07085,Marketing,Junior,24,9,2,Points,0.75,21.06,0.72,7.8,5.0,3,0
EMP-07086,Engineering,Junior,15,5,2,Monetary,0.42,80.73,0.46,6.7,4.0,6,0
EMP-07087,Marketing,Senior,57,11,3,Badge,0.92,2.84,0.53,7.7,5.0,4,0
EMP-07088,Marketing,Junior,2,3,1,Points,0.25,47.33,0.64,5.9,2.9,6,0
EMP-07089,Sales,Mid,16,7,0,Monetary,0.58,183.94,0.47,7.8,3.5,3,0
EMP-07090,Engineering,Mid,59,6,4,Monetary,0.5,188.97,0.77,7.4,4.2,3,0
EMP-07091,Engineering,Junior,2,4,1,Points,0.33,15.43,0.43,5.6,3.3,6,0
EMP-07092,Customer Support,Mid,4,6,4,PTO,0.5,167.46,0.57,6.2,3.6,7,0
EMP-07093,Operations,Mid,33,3,2,Badge,0.25,3.55,0.4,7.2,3.2,6,0
EMP-07094,Engineering,Mid,28,9,1,Monetary,0.75,81.5,0.7,7.8,4.7,4,0
EMP-07095,Sales,Mid,17,6,1,Points,0.5,9.34,0.89,8.3,5.0,2,0
EMP-07096,Marketing,Mid,22,5,5,Points,0.42,42.82,0.79,7.4,4.6,3,0
EMP-07097,Operations,Mid,31,13,1,Badge,1.08,2.97,0.47,8.1,4.5,3,0
EMP-07098,Engineering,Mid,9,5,3,Badge,0.42,3.51,0.59,4.6,4.2,10,0
EMP-07099,Engineering,Senior,38,10,6,PTO,0.83,201.48,0.34,7.0,4.4,4,0
EMP-07100,Customer Support,Junior,1,0,2,Points,0.0,46.68,0.0,1.0,2.8,13,1
EMP-07101,Engineering,Mid,36,11,4,Monetary,0.92,151.73,0.63,9.1,4.5,4,0
EMP-07102,Engineering,Junior,6,4,0,PTO,0.33,210.73,0.05,5.6,3.9,6,0
EMP-07103,Customer Support,Junior,1,2,2,Monetary,0.17,41.75,0.55,4.8,3.3,7,0
EMP-07104,Marketing,Mid,22,7,4,Badge,0.58,6.24,0.86,7.5,3.5,3,0
EMP-07105,Engineering,Senior,43,6,2,Points,0.5,16.98,0.61,8.6,5.0,3,0
EMP-07106,Engineering,Manager,49,6,8,PTO,0.5,209.86,0.69,9.6,5.0,4,0
EMP-07107,Engineering,Junior,19,4,2,Points,0.33,19.73,0.67,5.4,2.7,8,0
EMP-07108,Engineering,Mid,15,5,0,Points,0.42,8.45,0.36,9.2,4.4,5,0
EMP-07109,Customer Support,Mid,24,5,4,Monetary,0.42,172.81,0.27,4.6,2.9,10,0
EMP-07110,Sales,Junior,6,4,0,Badge,0.33,5.55,0.89,6.8,4.9,3,0
EMP-07111,Operations,Senior,40,14,4,Monetary,1.17,74.2,0.61,8.6,4.2,3,0
EMP-07112,Customer Support,Senior,48,8,2,Monetary,0.67,87.53,0.46,8.0,4.5,4,0
EMP-07113,Sales,Manager,35,6,4,Badge,0.5,6.18,0.59,6.5,3.5,2,0
EMP-07114,Engineering,Junior,1,3,1,Points,0.25,35.58,0.33,4.6,2.8,6,0
EMP-07115,Sales,Junior,13,8,2,PTO,0.67,171.7,0.69,8.4,4.8,7,0
EMP-07116,Customer Support,Senior,74,9,7,Points,0.75,28.66,0.33,7.4,4.4,2,0
EMP-07117,Operations,Senior,61,6,2,Points,0.5,9.8,0.82,8.5,4.8,1,0
EMP-07118,Engineering,Manager,85,15,9,Points,1.25,11.61,0.22,9.6,4.7,5,0
EMP-07119,Operations,Junior,5,5,1,Points,0.42,14.45,0.45,5.7,3.3,6,0
EMP-07120,Marketing,Mid,3,4,2,Badge,0.33,5.3,0.74,6.2,3.8,3,0
EMP-07121,Customer Support,Mid,38,4,5,PTO,0.33,154.96,0.58,6.3,3.6,4,0
EMP-07122,Engineering,Junior,14,4,0,Points,0.33,30.69,0.6,6.1,3.9,8,0
EMP-07123,Marketing,Mid,19,6,5,Monetary,0.5,55.25,0.61,9.0,4.4,5,0
EMP-07124,Customer Support,Mid,32,2,2,Points,0.17,48.56,0.61,7.1,3.9,2,0
EMP-07125,Sales,Junior,12,5,1,Badge,0.42,6.15,0.94,6.5,4.4,7,0
EMP-07126,Sales,Junior,13,4,2,Points,0.33,10.76,0.65,7.2,2.8,6,0
EMP-07127,Engineering,Mid,42,5,0,Badge,0.42,3.7,0.47,4.9,4.2,3,0
EMP-07128,Engineering,Mid,25,5,5,Badge,0.42,9.8,0.65,6.8,3.9,7,0
EMP-07129,Sales,Senior,42,13,3,Badge,1.08,9.66,0.2,7.1,4.4,5,0
EMP-07130,Customer Support,Mid,34,5,6,Badge,0.42,0.7,0.35,4.4,4.0,2,0
EMP-07131,Sales,Junior,28,9,1,Monetary,0.75,170.41,0.86,7.3,3.8,4,0
EMP-07132,Sales,Manager,90,14,5,Badge,1.17,6.42,0.68,10.0,4.0,5,0
EMP-07133,Marketing,Manager,51,8,0,Points,0.67,13.33,0.57,8.5,5.0,4,0
EMP-07134,Engineering,Junior,20,4,2,Badge,0.33,8.33,0.37,7.6,5.0,3,0
EMP-07135,Sales,Senior,12,15,5,Points,1.25,33.78,0.84,7.9,4.1,4,0
EMP-07136,Operations,Junior,29,5,3,Badge,0.42,1.13,0.6,5.5,4.6,4,0
EMP-07137,Customer Support,Junior,3,5,3,Monetary,0.42,173.39,0.85,6.0,3.9,5,0
EMP-07138,Marketing,Junior,3,3,1,Badge,0.25,7.59,0.77,5.0,3.2,3,0
EMP-07139,Marketing,Junior,5,3,1,Points,0.25,5.33,0.77,4.1,2.9,12,0
EMP-07140,Engineering,Senior,50,7,6,PTO,0.58,113.62,0.74,9.0,5.0,7,0
EMP-07141,Customer Support,Senior,55,11,5,Points,0.92,17.12,0.64,7.4,3.8,2,0
EMP-07142,Engineering,Manager,53,10,2,Points,0.83,25.67,0.75,8.9,4.3,5,0
EMP-07143,Operations,Senior,57,7,7,Monetary,0.58,65.31,0.36,8.8,4.7,2,0
EMP-07144,Engineering,Mid,20,10,6,PTO,0.83,256.93,0.49,8.7,4.9,4,0
EMP-07145,Customer Support,Senior,70,5,2,Points,0.42,36.58,0.76,7.9,4.2,0,0
EMP-07146,Operations,Manager,78,11,12,Badge,0.92,0.3,0.64,8.1,3.7,4,0
EMP-07147,Operations,Senior,52,2,4,Points,0.17,36.81,0.64,7.8,2.6,3,0
EMP-07148,Engineering,Senior,44,6,4,Points,0.5,47.81,0.77,9.5,4.6,3,0
EMP-07149,Sales,Manager,75,9,10,Points,0.75,27.23,0.77,9.6,5.0,5,0
EMP-07150,Marketing,Junior,37,5,1,Points,0.42,13.19,0.57,7.3,3.7,2,0
EMP-07151,Operations,Senior,54,8,4,Points,0.67,44.62,0.45,7.3,5.0,5,0
EMP-07152,Engineering,Senior,53,14,5,Badge,1.17,6.59,0.42,9.5,4.5,5,0
EMP-07153,Customer Support,Manager,65,10,8,Points,0.83,24.26,0.86,7.7,3.9,5,0
EMP-07154,Customer Support,Junior,10,4,3,Monetary,0.33,97.13,0.75,3.9,3.8,5,1
EMP-07155,Engineering,Mid,49,6,3,Points,0.5,17.69,0.29,9.0,4.9,2,0
EMP-07156,Operations,Senior,27,10,2,Monetary,0.83,43.6,0.89,7.6,4.7,5,0
EMP-07157,Sales,Junior,4,8,2,Badge,0.67,8.72,0.89,6.3,4.1,10,0
EMP-07158,Sales,Mid,28,8,2,Badge,0.67,9.83,0.52,7.3,4.1,4,0
EMP-07159,Sales,Junior,2,6,1,Points,0.5,47.57,0.87,6.7,3.6,8,0
EMP-07160,Marketing,Mid,7,7,5,Points,0.58,12.62,0.88,6.7,4.4,5,0
EMP-07161,Operations,Mid,38,6,3,Points,0.5,23.85,0.92,6.5,4.2,3,0
EMP-07162,Sales,Mid,29,7,3,PTO,0.58,122.97,0.61,9.0,4.5,5,0
EMP-07163,Marketing,Mid,22,5,0,Points,0.42,20.44,0.64,7.5,4.9,2,0
EMP-07164,Operations,Mid,45,10,8,PTO,0.83,130.78,0.51,8.1,4.8,4,0
EMP-07165,Operations,Junior,20,2,1,Monetary,0.17,187.65,0.93,7.6,4.7,4,0
EMP-07166,Engineering,Junior,30,2,0,Points,0.17,47.61,0.54,6.1,3.9,5,0
EMP-07167,Operations,Junior,35,6,3,PTO,0.5,60.12,0.34,6.9,5.0,4,0
EMP-07168,Sales,Junior,13,8,2,Badge,0.67,5.36,0.42,6.5,4.0,2,0
EMP-07169,Engineering,Mid,46,6,4,Monetary,0.5,140.83,0.63,7.7,4.8,5,0
EMP-07170,Engineering,Senior,46,10,7,Points,0.83,16.06,0.89,7.0,5.0,3,0
EMP-07171,Sales,Junior,7,9,2,Monetary,0.75,35.73,0.33,4.9,3.4,2,0
EMP-07172,Customer Support,Junior,12,3,1,Monetary,0.25,38.14,0.63,5.6,3.5,3,0
EMP-07173,Sales,Senior,79,9,6,Points,0.75,38.2,0.64,9.5,5.0,4,0
EMP-07174,Operations,Mid,16,5,2,Badge,0.42,3.65,0.54,5.4,3.8,3,0
EMP-07175,Engineering,Manager,69,10,6,Points,0.83,30.39,0.47,9.6,4.1,3,0
EMP-07176,Sales,Senior,37,8,7,Badge,0.67,3.17,0.7,7.0,5.0,6,0
EMP-07177,Customer Support,Mid,45,12,1,Points,1.0,41.67,0.61,7.9,4.2,5,0
EMP-07178,Operations,Junior,1,4,2,Points,0.33,9.2,0.36,2.7,4.2,9,1
EMP-07179,Engineering,Mid,23,4,3,Monetary,0.33,27.68,0.7,8.6,4.1,5,0
EMP-07180,Sales,Junior,13,8,2,Monetary,0.67,102.22,0.71,5.1,3.9,7,0
EMP-07181,Engineering,Junior,4,1,1,Badge,0.08,4.04,0.6,3.1,2.6,12,1
EMP-07182,Sales,Junior,19,3,2,Monetary,0.25,27.92,0.62,5.6,3.0,6,0
EMP-07183,Operations,Senior,74,1,3,Badge,0.08,8.29,0.88,7.9,4.0,4,0
EMP-07184,Operations,Mid,16,8,1,Badge,0.67,5.38,0.24,6.9,3.6,8,0
EMP-07185,Engineering,Junior,32,3,2,Points,0.25,42.83,0.63,7.5,3.6,8,0
EMP-07186,Customer Support,Senior,58,12,1,Badge,1.0,4.58,0.35,8.7,4.5,2,0
EMP-07187,Marketing,Mid,47,7,1,Badge,0.58,6.2,0.46,8.2,4.9,3,0
EMP-07188,Sales,Mid,29,9,0,Badge,0.75,0.28,0.3,6.0,3.7,2,0
EMP-07189,Sales,Junior,1,5,0,Badge,0.42,7.84,0.73,6.1,3.4,5,0
EMP-07190,Marketing,Mid,3,3,1,Monetary,0.25,35.96,0.64,6.3,3.1,2,0
EMP-07191,Marketing,Manager,54,4,8,Badge,0.33,2.73,0.77,7.7,5.0,3,0
EMP-07192,Sales,Junior,21,4,2,Points,0.33,26.13,0.77,6.1,4.2,2,0
EMP-07193,Sales,Junior,7,5,0,PTO,0.42,112.93,0.47,5.9,4.0,6,0
EMP-07194,Engineering,Junior,10,4,3,Badge,0.33,0.59,0.55,6.0,4.5,6,0
EMP-07195,Operations,Junior,24,3,1,Badge,0.25,7.05,0.73,5.8,3.1,4,0
EMP-07196,Marketing,Mid,11,3,2,PTO,0.25,148.73,0.6,3.1,3.4,14,1
EMP-07197,Engineering,Senior,65,11,5,Points,0.92,38.29,0.69,8.4,3.5,4,0
EMP-07198,Operations,Manager,40,8,3,Badge,0.67,2.39,0.83,7.9,4.6,5,0
EMP-07199,Customer Support,Junior,23,0,2,Monetary,0.0,107.76,0.0,2.4,3.1,5,1
EMP-07200,Customer Support,Mid,22,3,1,Points,0.25,20.96,0.83,4.8,2.9,6,0
EMP-07201,Sales,Mid,13,7,1,Badge,0.58,4.35,0.59,7.0,3.5,7,0
EMP-07202,Engineering,Mid,20,4,1,Points,0.33,48.78,0.4,7.0,4.3,3,0
EMP-07203,Sales,Mid,8,6,4,Points,0.5,22.97,0.77,6.4,4.5,6,0
EMP-07204,Engineering,Junior,6,4,4,Points,0.33,28.17,0.31,4.0,3.8,15,0
EMP-07205,Customer Support,Mid,41,8,0,Points,0.67,48.18,0.64,7.9,5.0,3,0
EMP-07206,Engineering,Mid,33,3,2,Badge,0.25,0.49,0.77,6.8,4.0,3,0
EMP-07207,Engineering,Senior,62,11,5,Badge,0.92,3.19,0.38,8.4,4.4,4,0
EMP-07208,Sales,Senior,41,16,5,Monetary,1.33,60.7,0.7,8.5,5.0,5,0
EMP-07209,Sales,Junior,1,13,1,Monetary,1.08,104.11,0.57,6.9,4.0,10,0
EMP-07210,Operations,Junior,1,3,1,PTO,0.25,79.71,0.2,4.9,3.5,3,0
EMP-07211,Sales,Manager,47,11,9,Monetary,0.92,105.58,0.76,9.3,4.8,3,0
EMP-07212,Engineering,Mid,30,8,4,Monetary,0.67,75.96,0.63,7.8,5.0,5,0
EMP-07213,Engineering,Senior,61,8,3,Badge,0.67,9.68,0.56,7.9,4.8,1,0
EMP-07214,Sales,Junior,3,4,0,Badge,0.33,1.6,0.71,4.6,3.8,6,0
EMP-07215,Engineering,Mid,26,9,2,PTO,0.75,166.13,0.69,10.0,5.0,6,0
EMP-07216,Marketing,Mid,15,10,2,Badge,0.83,6.86,0.71,7.3,4.1,0,0
EMP-07217,Marketing,Senior,65,14,1,Points,1.17,32.14,0.61,8.5,4.5,2,0
EMP-07218,Operations,Junior,1,1,0,Badge,0.08,3.31,0.79,4.8,3.2,3,0
EMP-07219,Customer Support,Junior,9,0,0,Points,0.0,17.0,0.0,2.1,3.3,15,1
EMP-07220,Customer Support,Mid,25,5,3,Badge,0.42,4.1,0.55,3.4,2.4,11,1
EMP-07221,Customer Support,Senior,66,5,6,Points,0.42,8.15,0.43,6.9,4.4,6,0
EMP-07222,Engineering,Manager,74,9,3,Points,0.75,20.37,0.83,9.7,4.9,5,0
EMP-07223,Engineering,Manager,64,5,8,Points,0.42,31.89,0.83,7.5,4.3,3,0
EMP-07224,Sales,Manager,49,13,15,Monetary,1.08,198.02,0.92,9.3,4.3,4,0
EMP-07225,Customer Support,Junior,15,2,1,Badge,0.17,6.32,0.68,5.9,4.3,4,0
EMP-07226,Customer Support,Junior,8,3,3,Monetary,0.25,190.67,0.94,5.1,4.3,4,0
EMP-07227,Operations,Junior,16,4,0,Monetary,0.33,25.94,0.65,5.7,5.0,3,0
EMP-07228,Engineering,Mid,37,8,2,Points,0.67,39.79,0.17,8.3,5.0,5,0
EMP-07229,Customer Support,Senior,30,9,1,Points,0.75,25.88,0.46,7.3,4.2,4,0
EMP-07230,Sales,Manager,59,9,9,Points,0.75,32.82,0.18,9.0,4.9,3,0
EMP-07231,Engineering,Junior,10,0,2,Badge,0.0,3.58,0.0,2.7,3.9,9,1
EMP-07232,Sales,Mid,76,11,1,Monetary,0.92,76.46,0.36,8.2,4.7,3,0
EMP-07233,Engineering,Manager,33,8,12,Points,0.67,20.81,0.77,8.4,4.1,5,0
EMP-07234,Marketing,Mid,3,7,3,Points,0.58,31.93,0.64,6.7,4.2,8,0
EMP-07235,Sales,Junior,8,9,1,Points,0.75,32.79,0.77,3.2,3.9,12,1
EMP-07236,Sales,Mid,3,6,8,Points,0.5,29.84,0.62,7.0,4.8,6,0
EMP-07237,Marketing,Mid,39,4,5,Badge,0.33,4.07,0.91,6.5,3.7,3,0
EMP-07238,Customer Support,Mid,30,6,4,Badge,0.5,7.83,0.68,6.0,4.5,3,0
EMP-07239,Marketing,Mid,11,7,1,Points,0.58,40.86,0.68,5.3,3.3,8,0
EMP-07240,Sales,Junior,9,4,0,Badge,0.33,7.22,0.69,5.5,4.0,9,0
EMP-07241,Operations,Manager,75,10,10,Points,0.83,12.76,0.34,8.0,4.1,2,0
EMP-07242,Customer Support,Mid,50,5,2,PTO,0.42,142.18,0.89,7.5,3.8,6,0
EMP-07243,Engineering,Mid,48,4,2,Monetary,0.33,184.3,0.29,8.1,5.0,3,0
EMP-07244,Marketing,Manager,37,12,5,Monetary,1.0,106.68,0.89,10.0,5.0,8,0
EMP-07245,Sales,Junior,1,6,4,Points,0.5,28.5,0.63,5.7,4.4,3,0
EMP-07246,Engineering,Junior,4,4,0,Monetary,0.33,168.63,0.59,5.2,4.1,4,0
EMP-07247,Marketing,Senior,53,11,6,Monetary,0.92,189.23,0.73,8.6,4.1,2,0
EMP-07248,Customer Support,Junior,6,1,3,Points,0.08,47.13,0.72,6.8,3.3,5,0
EMP-07249,Engineering,Senior,58,15,10,Monetary,1.25,69.64,0.31,9.6,3.7,5,0
EMP-07250,Operations,Junior,2,3,3,Badge,0.25,0.73,0.61,5.3,4.0,6,0
EMP-07251,Operations,Junior,1,2,1,Badge,0.17,5.19,0.44,4.5,,5,0
EMP-07252,Customer Support,Mid,26,5,1,Points,0.42,36.38,0.38,6.5,3.7,2,0
EMP-07253,Engineering,Junior,7,6,1,Badge,0.5,7.68,0.16,5.3,3.9,0,0
EMP-07254,Customer Support,Senior,47,6,8,Points,0.5,34.96,0.8,8.6,4.6,5,0
EMP-07255,Sales,Mid,28,8,1,Points,0.67,8.99,0.79,8.5,4.5,0,0
EMP-07256,Marketing,Manager,56,8,3,Points,0.67,20.05,0.33,7.5,4.2,4,0
EMP-07257,Engineering,Senior,58,7,9,Monetary,0.58,26.04,0.71,8.4,3.7,4,0
EMP-07258,Engineering,Junior,1,4,0,PTO,0.33,248.32,0.61,7.6,4.6,5,0
EMP-07259,Operations,Senior,47,13,5,Monetary,1.08,39.95,0.13,8.8,4.9,4,0
EMP-07260,Sales,Mid,3,4,1,Points,0.33,32.05,0.67,5.2,4.1,10,0
EMP-07261,Engineering,Senior,45,11,3,Points,0.92,20.46,0.48,6.8,4.0,6,0
EMP-07262,Engineering,Senior,26,11,0,Badge,0.92,4.61,0.39,6.2,3.8,3,0
EMP-07263,Marketing,Mid,39,8,3,Points,0.67,18.16,0.69,8.7,4.1,2,0
EMP-07264,Engineering,Mid,8,5,3,Badge,0.42,7.39,0.5,3.8,3.5,3,1
EMP-07265,Operations,Mid,44,9,2,Badge,0.75,3.31,0.81,4.9,4.0,9,0
EMP-07266,Engineering,Junior,15,3,1,Monetary,0.25,150.23,0.76,8.1,4.5,3,0
EMP-07267,Engineering,Junior,1,4,0,Badge,0.33,3.84,0.21,3.2,2.6,9,1
EMP-07268,Sales,Mid,24,7,2,Points,0.58,23.38,0.7,6.1,3.5,4,0
EMP-07269,Sales,Junior,11,8,1,PTO,0.67,186.33,0.86,7.1,5.0,9,0
EMP-07270,Sales,Junior,1,6,1,PTO,0.5,158.78,1.0,6.5,3.9,8,0
EMP-07271,Sales,Junior,3,4,4,Badge,0.33,5.91,0.93,4.8,3.2,5,0
EMP-07272,Customer Support,Mid,24,3,5,Points,0.25,46.3,0.54,5.1,3.0,2,0
EMP-07273,Marketing,Mid,24,7,6,Points,0.58,21.28,0.52,7.3,4.3,3,0
EMP-07274,Engineering,Senior,65,8,3,Points,0.67,36.95,0.54,9.2,4.8,2,0
EMP-07275,Sales,Mid,58,9,3,Points,0.75,44.31,0.75,8.2,5.0,2,0
EMP-07276,Customer Support,Mid,17,3,1,Points,0.25,8.69,0.16,4.7,2.9,6,0
EMP-07277,Sales,Mid,27,4,5,Points,0.33,30.11,0.83,7.9,4.2,3,0
EMP-07278,Engineering,Senior,51,13,4,Badge,1.08,1.19,0.71,7.2,3.8,5,0
EMP-07279,Operations,Mid,16,6,1,Badge,0.5,7.88,0.3,6.6,3.6,3,0
EMP-07280,Marketing,Manager,60,13,3,Points,1.08,21.69,0.44,8.7,3.6,6,0
EMP-07281,Marketing,Manager,66,11,7,Points,0.92,28.02,0.43,9.1,4.2,4,0
EMP-07282,Engineering,Senior,46,7,7,Badge,0.58,5.32,0.59,8.8,5.0,5,0
EMP-07283,Engineering,Manager,71,13,5,Badge,1.08,5.83,0.63,10.0,4.8,3,0
EMP-07284,Marketing,Mid,30,5,2,Monetary,0.42,196.43,0.57,8.2,4.7,8,0
EMP-07285,Engineering,Mid,3,5,3,Badge,0.42,5.12,0.86,7.0,3.5,7,0
EMP-07286,Sales,Senior,32,14,1,PTO,1.17,237.51,0.43,8.2,4.6,4,0
EMP-07287,Marketing,Senior,70,8,3,Points,0.67,48.95,0.92,8.2,4.3,4,0
EMP-07288,Sales,Manager,69,11,3,Points,0.92,39.36,0.31,7.1,4.2,6,0
EMP-07289,Customer Support,Senior,12,9,5,Monetary,0.75,170.92,0.55,5.6,3.9,5,0
EMP-07290,Operations,Manager,32,10,12,Badge,0.83,0.44,0.32,7.3,5.0,2,0
EMP-07291,Operations,Mid,40,0,3,Badge,0.0,1.89,0.0,4.1,3.2,5,0
EMP-07292,Engineering,Senior,38,11,6,PTO,0.92,219.71,0.26,7.9,4.4,3,0
EMP-07293,Engineering,Senior,12,11,5,Badge,0.92,9.02,0.75,7.0,4.4,5,0
EMP-07294,Sales,Senior,64,9,4,Points,0.75,7.84,0.89,8.0,4.7,2,0
EMP-07295,Engineering,Mid,40,4,2,Points,0.33,41.43,0.55,7.2,4.7,2,0
EMP-07296,Customer Support,Senior,34,11,7,Points,0.92,13.39,0.56,6.2,3.8,2,0
EMP-07297,Engineering,Manager,82,8,13,Points,0.67,25.04,0.46,7.7,3.8,5,0
EMP-07298,Sales,Junior,72,6,2,Monetary,0.5,172.69,0.49,7.8,4.2,4,0
EMP-07299,Sales,Mid,23,12,1,Points,1.0,12.72,0.33,8.0,4.9,3,0
EMP-07300,Marketing,Mid,39,3,3,Points,0.25,34.49,0.56,6.3,4.5,6,0
EMP-07301,Engineering,Manager,49,6,5,Monetary,0.5,170.15,0.81,8.3,2.8,6,0
EMP-07302,Sales,Mid,16,8,1,Points,0.67,33.2,0.68,7.7,3.9,2,0
EMP-07303,Engineering,Junior,7,1,1,Points,0.08,6.26,0.78,6.4,3.5,7,0
EMP-07304,Customer Support,Mid,35,7,2,Points,0.58,34.48,0.31,7.8,4.5,6,0
EMP-07305,Engineering,Senior,56,9,5,Monetary,0.75,57.0,0.3,6.1,5.0,3,0
EMP-07306,Customer Support,Junior,22,3,0,Points,0.25,13.1,0.63,7.2,3.1,6,0
EMP-07307,Operations,Mid,38,7,3,Badge,0.58,3.91,0.41,8.1,5.0,2,0
EMP-07308,Sales,Manager,31,12,9,Badge,1.0,7.73,0.55,8.2,4.4,8,0
EMP-07309,Operations,Senior,38,7,5,Badge,0.58,0.97,0.64,7.3,4.5,5,0
EMP-07310,Engineering,Junior,13,4,3,Badge,0.33,4.87,0.72,5.8,4.4,4,0
EMP-07311,Customer Support,Manager,54,13,7,Badge,1.08,8.89,0.76,8.6,4.0,5,0
EMP-07312,Marketing,Senior,54,10,3,Monetary,0.83,109.42,0.43,8.3,5.0,4,0
EMP-07313,Sales,Junior,12,6,0,Badge,0.5,3.12,1.0,7.0,3.7,2,0
EMP-07314,Sales,Junior,19,5,1,Points,0.42,17.53,0.27,7.0,4.3,3,0
EMP-07315,Engineering,Junior,1,4,1,Points,0.33,49.47,0.91,5.0,3.8,6,0
EMP-07316,Customer Support,Senior,33,7,6,Monetary,0.58,43.87,0.66,6.6,3.9,2,0
EMP-07317,Engineering,Junior,18,8,2,Points,0.67,23.53,0.75,7.5,3.9,4,0
EMP-07318,Marketing,Junior,72,8,2,Badge,0.67,7.5,0.41,8.4,5.0,9,0
EMP-07319,Sales,Senior,55,9,5,Badge,0.75,3.07,0.96,8.3,4.1,4,0
EMP-07320,Customer Support,Mid,38,6,4,Points,0.5,42.99,0.61,6.3,3.0,3,0
EMP-07321,Engineering,Senior,33,8,4,Points,0.67,32.71,0.6,8.2,4.6,4,0
EMP-07322,Marketing,Senior,77,10,4,Monetary,0.83,105.66,0.5,8.3,4.2,4,0
EMP-07323,Sales,Junior,15,4,2,Points,0.33,46.63,0.73,7.5,4.4,2,0
EMP-07324,Operations,Manager,74,9,10,Points,0.75,21.86,0.75,8.5,5.0,6,0
EMP-07325,Engineering,Junior,19,5,1,Monetary,0.42,194.0,0.43,6.5,3.3,3,0
EMP-07326,Engineering,Mid,49,6,4,Points,0.5,8.25,0.51,7.9,4.6,3,0
EMP-07327,Engineering,Mid,15,6,5,PTO,0.5,59.83,0.62,8.5,3.7,3,0
EMP-07328,Operations,Junior,9,3,1,Badge,0.25,0.82,0.65,5.6,2.8,6,0
EMP-07329,Engineering,Manager,57,12,4,Badge,1.0,0.85,0.81,9.7,3.6,10,0
EMP-07330,Marketing,Mid,20,4,3,Points,0.33,15.44,0.49,5.5,3.8,2,0
EMP-07331,Engineering,Junior,1,3,3,Points,0.25,23.33,0.83,4.6,3.6,9,0
EMP-07332,Customer Support,Manager,34,4,11,Badge,0.33,8.11,0.19,4.0,2.7,9,0
EMP-07333,Customer Support,Mid,46,6,3,Points,0.5,22.58,0.88,7.2,4.8,5,0
EMP-07334,Sales,Senior,40,11,5,Points,0.92,10.7,0.66,8.5,4.0,5,0
EMP-07335,Sales,Mid,26,12,2,Monetary,1.0,30.42,0.52,7.0,3.6,2,0
EMP-07336,Engineering,Senior,48,10,3,Badge,0.83,5.58,0.56,7.9,4.9,1,0
EMP-07337,Engineering,Junior,7,0,3,Monetary,0.0,65.47,0.0,1.3,1.6,13,1
EMP-07338,Engineering,Junior,4,2,0,Points,0.17,21.24,0.49,2.5,2.9,5,1
EMP-07339,Marketing,Mid,3,9,2,Points,0.75,15.89,0.7,5.9,4.7,9,0
EMP-07340,Marketing,Junior,32,5,0,Monetary,0.42,95.96,0.68,6.2,4.7,5,0
EMP-07341,Customer Support,Senior,38,12,4,Monetary,1.0,195.29,0.57,5.9,3.6,2,0
EMP-07342,Sales,Mid,31,8,1,Points,0.67,48.79,0.39,7.8,5.0,3,0
EMP-07343,Operations,Junior,22,3,4,Monetary,0.25,149.78,0.5,6.4,3.8,2,0
EMP-07344,Sales,Junior,38,5,3,Points,0.42,15.64,0.37,7.5,4.1,7,0
EMP-07345,Sales,Senior,44,4,3,PTO,0.33,263.48,0.53,6.2,3.9,3,0
EMP-07346,Engineering,Senior,50,7,5,Points,0.58,5.48,0.49,7.4,5.0,4,0
EMP-07347,Sales,Mid,11,4,4,Badge,0.33,5.15,0.75,6.8,4.3,5,0
EMP-07348,Sales,Mid,29,7,4,Monetary,0.58,178.47,0.89,8.2,5.0,4,0
EMP-07349,Operations,Junior,1,6,0,Badge,0.5,4.19,0.55,6.1,4.5,5,0
EMP-07350,Customer Support,Mid,21,3,3,Points,0.25,16.03,0.63,6.3,4.0,1,0
EMP-07351,Sales,Junior,21,5,4,Points,0.42,33.17,1.0,6.2,3.9,2,0
EMP-07352,Engineering,Mid,30,10,2,Monetary,0.83,168.21,0.46,7.1,4.9,5,0
EMP-07353,Sales,Mid,15,8,3,Badge,0.67,6.69,0.65,7.6,4.3,3,0
EMP-07354,Marketing,Manager,68,13,3,Badge,1.08,2.53,0.6,9.4,4.1,3,0
EMP-07355,Engineering,Mid,30,1,0,Monetary,0.08,46.95,0.63,7.6,4.7,3,0
EMP-07356,Operations,Senior,27,8,7,Badge,0.67,2.74,0.69,7.7,4.3,3,0
EMP-07357,Customer Support,Mid,43,9,2,Badge,0.75,1.43,0.41,5.2,4.0,2,0
EMP-07358,Customer Support,Manager,50,6,11,Badge,0.5,9.58,0.66,7.5,3.5,3,0
EMP-07359,Engineering,Mid,24,3,1,Badge,0.25,3.68,0.48,6.0,3.3,3,0
EMP-07360,Customer Support,Mid,41,9,2,Badge,0.75,9.68,0.47,5.2,4.1,10,0
EMP-07361,Operations,Manager,79,9,1,Badge,0.75,5.76,0.94,9.3,4.9,4,0
EMP-07362,Sales,Junior,11,7,1,Badge,0.58,6.9,0.9,6.7,3.0,4,0
EMP-07363,Marketing,Junior,1,2,0,Points,0.17,45.94,0.82,5.7,3.8,7,0
EMP-07364,Operations,Junior,17,6,3,Badge,0.5,9.94,0.35,7.3,3.6,2,0
EMP-07365,Sales,Senior,53,21,5,Badge,1.75,9.49,0.79,9.7,4.7,2,0
EMP-07366,Sales,Junior,10,14,1,Points,1.17,25.14,0.28,7.0,3.8,3,0
EMP-07367,Sales,Senior,49,14,8,Points,1.17,36.17,0.64,9.6,5.0,2,0
EMP-07368,Marketing,Mid,17,8,4,Badge,0.67,3.88,0.64,6.5,5.0,5,0
EMP-07369,Engineering,Junior,2,5,0,Points,0.42,33.36,0.68,6.0,3.3,6,0
EMP-07370,Customer Support,Mid,8,6,2,PTO,0.5,180.55,0.19,6.7,4.1,7,0
EMP-07371,Marketing,Junior,15,9,0,Badge,0.75,0.19,0.55,7.4,4.0,5,0
EMP-07372,Marketing,Mid,17,8,5,Monetary,0.67,176.54,0.77,7.3,4.3,4,0
EMP-07373,Engineering,Senior,58,6,2,Points,0.5,21.04,0.85,8.9,4.9,2,0
EMP-07374,Marketing,Mid,27,4,1,Badge,0.33,4.49,0.43,6.1,3.2,4,0
EMP-07375,Engineering,Junior,5,2,2,Points,0.17,20.51,0.05,4.1,3.5,7,0
EMP-07376,Engineering,Senior,51,8,6,Points,0.67,26.75,0.9,8.8,4.7,7,0
EMP-07377,Marketing,Senior,37,7,5,Points,0.58,27.34,0.51,6.5,5.0,9,0
EMP-07378,Sales,Senior,22,8,5,Points,0.67,33.46,0.77,9.2,4.6,2,0
EMP-07379,Marketing,Senior,58,10,4,Points,0.83,21.91,0.84,8.3,4.3,4,0
EMP-07380,Engineering,Junior,2,3,2,Points,0.25,15.26,0.81,6.9,3.6,6,0
EMP-07381,Sales,Manager,67,17,4,Badge,1.42,3.97,0.63,9.3,5.0,5,0
EMP-07382,Engineering,Mid,15,5,3,Badge,0.42,3.22,0.34,6.2,4.5,3,0
EMP-07383,Customer Support,Junior,47,2,3,Points,0.17,30.57,0.67,7.3,3.9,4,0
EMP-07384,Marketing,Senior,69,6,4,Badge,0.5,7.26,0.33,8.6,5.0,2,0
EMP-07385,Operations,Manager,38,3,7,Badge,0.25,7.17,0.5,7.2,5.0,4,0
EMP-07386,Sales,Senior,48,13,5,Points,1.08,45.12,0.67,8.9,4.2,7,0
EMP-07387,Engineering,Junior,1,3,1,Badge,0.25,2.05,0.6,6.0,4.3,5,0
EMP-07388,Customer Support,Junior,14,2,2,Points,0.17,27.65,0.46,6.5,4.0,6,0
EMP-07389,Sales,Mid,25,6,2,Badge,0.5,6.24,0.37,7.6,4.0,3,0
EMP-07390,Sales,Manager,90,19,9,Points,1.58,28.2,0.8,9.0,4.8,4,0
EMP-07391,Marketing,Junior,13,3,3,Points,0.25,33.83,0.78,6.5,3.5,2,0
EMP-07392,Engineering,Senior,83,9,6,Badge,0.75,8.57,0.87,8.0,4.4,1,0
EMP-07393,Operations,Junior,10,4,1,Points,0.33,9.14,0.39,4.7,3.1,5,0
EMP-07394,Marketing,Senior,58,17,4,Points,1.42,21.77,0.64,10.0,4.3,2,0
EMP-07395,Engineering,Manager,40,9,6,Badge,0.75,5.05,0.76,7.7,4.6,4,0
EMP-07396,Engineering,Mid,38,5,3,Points,0.42,28.55,0.39,8.6,5.0,5,0
EMP-07397,Engineering,Mid,23,6,2,PTO,0.5,53.06,0.8,8.6,3.7,7,0
EMP-07398,Customer Support,Senior,21,4,5,Badge,0.33,5.77,0.76,7.7,5.0,2,0
EMP-07399,Operations,Mid,50,7,5,Points,0.58,36.31,0.62,7.9,4.8,5,0
EMP-07400,Engineering,Senior,43,16,6,Badge,1.33,3.9,0.41,8.0,4.4,6,0
EMP-07401,Engineering,Mid,15,4,2,Badge,0.33,9.13,0.6,7.0,4.0,4,0
EMP-07402,Operations,Junior,3,4,0,Badge,0.33,6.8,0.23,2.7,2.2,13,1
EMP-07403,Marketing,Senior,41,7,7,PTO,0.58,207.57,0.63,7.1,3.5,5,0
EMP-07404,Sales,Junior,2,7,3,Monetary,0.58,60.91,1.0,5.5,3.2,5,0
EMP-07405,Sales,Manager,56,8,10,Points,0.67,49.15,0.43,8.5,4.6,3,0
EMP-07406,Engineering,Junior,14,2,3,PTO,0.17,166.27,0.81,5.2,2.7,7,0
EMP-07407,Marketing,Senior,75,12,2,Badge,1.0,0.35,0.84,8.7,3.4,3,0
EMP-07408,Customer Support,Junior,6,5,2,PTO,0.42,68.52,0.66,6.0,3.7,6,0
EMP-07409,Engineering,Mid,41,6,7,Points,0.5,20.12,0.54,7.9,5.0,4,0
EMP-07410,Marketing,Mid,35,8,5,Badge,0.67,0.41,0.61,6.7,5.0,6,0
EMP-07411,Sales,Senior,59,10,3,Points,0.83,12.58,0.32,8.5,4.8,2,0
EMP-07412,Sales,Mid,30,7,5,Badge,0.58,6.78,0.87,6.6,3.9,4,0
EMP-07413,Engineering,Manager,83,18,8,Points,1.5,20.42,0.51,8.8,4.0,5,0
EMP-07414,Operations,Mid,37,2,3,Badge,0.17,4.12,0.88,8.0,4.7,2,0
EMP-07415,Sales,Senior,21,7,2,Points,0.58,47.87,0.58,5.9,3.6,5,0
EMP-07416,Marketing,Senior,52,8,5,PTO,0.67,211.4,0.95,8.7,4.6,7,0
EMP-07417,Sales,Junior,5,9,2,Points,0.75,18.13,0.45,3.3,2.9,13,1
EMP-07418,Engineering,Mid,5,6,6,Badge,0.5,3.41,0.92,7.2,3.8,4,0
EMP-07419,Engineering,Mid,47,6,2,Monetary,0.5,190.46,0.85,8.2,3.7,4,0
EMP-07420,Operations,Mid,42,6,4,Monetary,0.5,103.04,0.52,8.1,4.3,3,0
EMP-07421,Engineering,Mid,26,3,1,Points,0.25,24.68,0.63,7.4,,4,0
EMP-07422,Operations,Senior,52,7,8,Badge,0.58,2.75,0.76,7.4,3.4,7,0
EMP-07423,Sales,Junior,3,4,3,Points,0.33,19.43,1.0,5.5,3.6,2,0
EMP-07424,Sales,Senior,65,9,7,Badge,0.75,7.58,0.66,8.3,4.7,2,0
EMP-07425,Sales,Manager,18,10,4,Monetary,0.83,167.24,0.34,6.2,3.7,2,0
EMP-07426,Sales,Mid,20,9,3,Points,0.75,15.96,0.59,8.1,4.0,4,0
EMP-07427,Engineering,Mid,19,1,2,Points,0.08,47.25,0.73,6.6,4.4,4,0
EMP-07428,Sales,Junior,9,6,3,Monetary,0.5,80.63,0.73,7.8,5.0,7,0
EMP-07429,Marketing,Senior,43,6,1,Badge,0.5,7.1,0.56,5.7,4.0,9,0
EMP-07430,Marketing,Junior,4,6,2,Badge,0.5,6.19,0.57,5.9,3.9,5,0
EMP-07431,Sales,Mid,12,7,2,Badge,0.58,0.3,0.62,7.7,4.4,5,0
EMP-07432,Sales,Manager,80,11,5,Points,0.92,43.76,0.65,9.4,5.0,4,0
EMP-07433,Engineering,Mid,21,7,5,PTO,0.58,207.81,0.84,8.5,4.5,4,0
EMP-07434,Engineering,Senior,46,12,5,Badge,1.0,5.79,0.8,9.1,4.3,2,0
EMP-07435,Engineering,Mid,30,6,4,Points,0.5,29.85,0.74,9.0,4.0,3,0
EMP-07436,Customer Support,Junior,1,2,0,Badge,0.17,6.65,0.43,4.1,3.3,4,0
EMP-07437,Engineering,Senior,51,6,2,Points,0.5,8.71,0.61,9.8,3.9,5,0
EMP-07438,Engineering,Junior,9,7,4,Monetary,0.58,157.56,0.74,7.6,4.6,3,0
EMP-07439,Engineering,Senior,53,13,6,Badge,1.08,3.05,0.65,9.4,4.3,1,0
EMP-07440,Engineering,Junior,14,0,2,PTO,0.0,155.4,0.0,5.0,4.2,6,0
EMP-07441,Marketing,Senior,55,13,7,Points,1.08,6.86,0.78,9.3,4.9,6,0
EMP-07442,Engineering,Junior,1,3,5,Badge,0.25,1.38,0.58,3.5,3.6,8,1
EMP-07443,Engineering,Mid,46,10,2,Points,0.83,41.31,0.58,9.0,4.8,6,0
EMP-07444,Marketing,Mid,39,8,2,Badge,0.67,3.67,0.65,7.2,3.6,4,0
EMP-07445,Sales,Mid,43,8,2,Badge,0.67,7.27,0.58,5.3,4.0,2,0
EMP-07446,Operations,Mid,32,3,1,Points,0.25,21.79,0.1,4.7,3.3,5,0
EMP-07447,Marketing,Mid,16,6,4,Badge,0.5,8.68,0.78,8.2,3.8,8,0
EMP-07448,Engineering,Mid,18,5,4,PTO,0.42,172.58,0.32,7.5,3.8,2,0
EMP-07449,Marketing,Mid,34,7,4,Badge,0.58,3.22,0.84,7.7,5.0,8,0
EMP-07450,Engineering,Mid,43,7,2,Badge,0.58,7.89,0.55,8.1,5.0,4,0
EMP-07451,Marketing,Mid,69,12,1,Points,1.0,30.6,0.66,8.4,2.8,5,0
EMP-07452,Sales,Junior,4,8,0,Badge,0.67,5.64,0.77,6.4,,5,0
EMP-07453,Engineering,Manager,77,7,4,Points,0.58,37.52,0.85,8.9,5.0,2,0
EMP-07454,Marketing,Mid,39,9,1,Monetary,0.75,197.89,0.76,6.9,3.5,3,0
EMP-07455,Customer Support,Junior,1,4,2,Badge,0.33,3.71,0.7,6.1,4.0,4,0
EMP-07456,Customer Support,Mid,21,6,1,Badge,0.5,5.33,0.22,6.6,4.4,3,0
EMP-07457,Marketing,Senior,84,12,4,Badge,1.0,2.96,0.64,7.6,4.3,4,0
EMP-07458,Sales,Junior,1,8,1,PTO,0.67,146.98,0.47,6.4,4.5,8,0
EMP-07459,Engineering,Senior,44,11,4,Monetary,0.92,35.91,0.7,8.1,4.4,3,0
EMP-07460,Engineering,Mid,66,6,3,Points,0.5,22.94,0.77,8.5,3.8,4,0
EMP-07461,Sales,Junior,16,6,3,PTO,0.5,98.77,0.41,6.6,5.0,3,0
EMP-07462,Sales,Senior,58,18,4,Badge,1.5,6.09,0.65,9.7,4.4,6,0
EMP-07463,Customer Support,Mid,19,10,0,Points,0.83,6.93,0.91,7.5,3.9,1,0
EMP-07464,Sales,Junior,10,15,3,Monetary,1.25,47.55,0.58,7.9,,9,0
EMP-07465,Sales,Senior,32,7,5,Badge,0.58,5.37,0.56,6.8,4.6,5,0
EMP-07466,Sales,Mid,25,13,4,Points,1.08,23.43,0.51,8.4,5.0,4,0
EMP-07467,Operations,Manager,57,7,5,Badge,0.58,4.09,0.5,7.6,5.0,3,0
EMP-07468,Marketing,Mid,31,6,5,Points,0.5,29.37,0.5,7.6,4.2,3,0
EMP-07469,Marketing,Senior,47,11,8,Points,0.92,15.41,0.41,7.6,5.0,7,0
EMP-07470,Sales,Senior,50,10,4,Badge,0.83,1.44,0.9,8.3,4.6,5,0
EMP-07471,Operations,Junior,1,4,1,Points,0.33,8.88,0.28,4.9,3.2,8,0
EMP-07472,Engineering,Senior,33,7,4,Monetary,0.58,178.93,0.52,6.6,5.0,2,0
EMP-07473,Customer Support,Mid,17,5,1,Badge,0.42,7.75,0.74,5.2,2.9,11,0
EMP-07474,Sales,Junior,1,10,2,Points,0.83,21.72,1.0,5.5,4.9,6,0
EMP-07475,Sales,Mid,38,10,3,Points,0.83,17.39,0.85,8.1,5.0,1,0
EMP-07476,Sales,Junior,4,6,1,Badge,0.5,5.19,0.91,6.1,3.7,8,0
EMP-07477,Marketing,Senior,42,10,2,Monetary,0.83,39.85,0.58,7.9,4.9,2,0
EMP-07478,Engineering,Mid,33,8,1,Points,0.67,46.29,0.55,8.4,4.6,4,0
EMP-07479,Customer Support,Manager,61,5,1,Points,0.42,30.94,0.91,7.3,4.3,1,0
EMP-07480,Sales,Junior,15,3,4,Points,0.25,46.9,0.26,4.9,2.9,11,0
EMP-07481,Sales,Mid,35,13,2,Monetary,1.08,190.48,1.0,10.0,4.5,1,0
EMP-07482,Engineering,Junior,12,3,1,Monetary,0.25,120.42,0.7,6.6,3.4,1,0
EMP-07483,Sales,Mid,33,9,5,Points,0.75,27.39,0.55,7.7,5.0,2,0
EMP-07484,Sales,Senior,30,18,7,Badge,1.5,3.03,0.63,7.5,4.6,4,0
EMP-07485,Sales,Senior,43,11,10,Badge,0.92,8.19,0.54,6.3,4.5,6,0
EMP-07486,Marketing,Senior,31,10,3,Monetary,0.83,190.68,0.37,7.4,4.5,8,0
EMP-07487,Sales,Senior,75,18,6,Monetary,1.5,55.89,0.34,7.1,4.1,2,0
EMP-07488,Customer Support,Junior,1,2,0,Points,0.17,40.27,0.93,4.0,3.5,11,0
EMP-07489,Marketing,Mid,57,8,2,Points,0.67,13.23,0.32,9.3,4.7,4,0
EMP-07490,Operations,Senior,41,4,5,Points,0.33,13.04,0.4,6.0,3.4,5,0
EMP-07491,Engineering,Mid,32,4,2,Points,0.33,16.82,0.66,7.0,4.1,5,0
EMP-07492,Sales,Junior,1,4,1,Points,0.33,36.13,0.57,4.5,2.9,10,0
EMP-07493,Sales,Mid,33,9,3,Monetary,0.75,37.28,0.65,7.4,4.6,2,0
EMP-07494,Marketing,Mid,35,8,3,Monetary,0.67,80.97,0.7,8.5,4.6,5,0
EMP-07495,Customer Support,Mid,7,7,2,Monetary,0.58,116.86,0.58,8.6,3.9,4,0
EMP-07496,Engineering,Senior,46,11,4,Points,0.92,40.85,0.26,6.7,4.2,7,0
EMP-07497,Engineering,Mid,17,7,3,Badge,0.58,3.34,0.81,7.4,4.6,3,0
EMP-07498,Operations,Junior,1,5,2,Badge,0.42,4.98,0.84,3.5,2.6,14,1
EMP-07499,Engineering,Junior,1,1,0,PTO,0.08,207.31,0.25,5.8,3.5,8,0
EMP-07500,Marketing,Senior,52,9,3,Badge,0.75,2.56,0.45,6.5,4.1,4,0
EMP-07501,Marketing,Manager,58,6,12,Points,0.5,46.85,0.56,8.4,4.5,1,0
EMP-07502,Operations,Senior,79,15,6,Monetary,1.25,88.31,0.64,10.0,4.9,4,0
EMP-07503,Engineering,Mid,42,9,0,Points,0.75,38.63,0.83,7.7,4.3,8,0
EMP-07504,Engineering,Manager,65,6,8,Points,0.5,35.02,0.62,10.0,5.0,2,0
EMP-07505,Marketing,Senior,43,7,3,Points,0.58,33.88,0.59,8.0,2.9,5,0
EMP-07506,Customer Support,Senior,74,10,8,Points,0.83,23.38,0.67,7.2,3.6,6,0
EMP-07507,Sales,Senior,47,11,5,PTO,0.92,266.39,0.98,7.2,4.0,5,0
EMP-07508,Sales,Mid,34,9,2,Points,0.75,40.27,0.16,7.6,4.8,4,0
EMP-07509,Marketing,Mid,30,10,6,Monetary,0.83,123.68,0.11,6.9,4.6,3,0
EMP-07510,Customer Support,Junior,4,1,4,Points,0.08,19.09,0.74,4.8,2.7,9,0
EMP-07511,Operations,Junior,8,1,3,Monetary,0.08,122.84,0.5,5.4,3.2,7,0
EMP-07512,Customer Support,Senior,41,11,7,Badge,0.92,0.87,0.8,7.2,4.5,3,0
EMP-07513,Engineering,Manager,32,6,5,Badge,0.5,5.42,0.88,8.5,3.9,5,0
EMP-07514,Engineering,Senior,53,6,5,Points,0.5,36.47,0.69,8.3,5.0,7,0
EMP-07515,Marketing,Mid,51,9,2,Points,0.75,46.45,0.95,6.9,3.9,10,0
EMP-07516,Operations,Junior,3,9,3,Badge,0.75,7.18,0.68,5.7,3.7,6,0
EMP-07517,Sales,Junior,5,4,4,Points,0.33,15.55,0.91,5.3,4.0,8,0
EMP-07518,Engineering,Mid,34,8,1,Monetary,0.67,34.05,0.73,7.9,5.0,1,0
EMP-07519,Operations,Mid,40,7,8,Points,0.58,17.85,0.8,8.3,3.8,5,0
EMP-07520,Engineering,Mid,22,7,1,Points,0.58,22.86,0.29,7.6,4.5,7,0
EMP-07521,Sales,Junior,15,3,3,Badge,0.25,0.14,0.44,6.9,3.4,6,0
EMP-07522,Sales,Manager,58,8,10,Monetary,0.67,190.55,0.33,6.9,3.6,3,0
EMP-07523,Marketing,Mid,31,7,2,Monetary,0.58,127.44,0.82,6.3,5.0,5,0
EMP-07524,Operations,Senior,49,11,2,PTO,0.92,286.28,0.88,8.3,5.0,5,0
EMP-07525,Sales,Mid,12,6,2,Points,0.5,20.64,0.37,7.2,5.0,3,0
EMP-07526,Marketing,Junior,42,1,1,Points,0.08,37.29,0.69,6.7,3.9,5,0
EMP-07527,Marketing,Senior,54,7,5,Badge,0.58,6.42,0.52,7.2,5.0,0,0
EMP-07528,Marketing,Senior,46,9,5,Badge,0.75,2.44,0.36,7.2,5.0,5,0
EMP-07529,Marketing,Mid,21,3,1,Badge,0.25,2.74,0.26,6.7,3.2,5,0
EMP-07530,Engineering,Mid,16,6,1,Points,0.5,23.18,0.52,7.3,3.5,4,0
EMP-07531,Engineering,Junior,8,2,1,Badge,0.17,1.94,0.67,6.2,3.3,6,0
EMP-07532,Engineering,Senior,72,11,6,Badge,0.92,3.3,0.77,5.4,3.7,5,0
EMP-07533,Engineering,Manager,40,12,7,Badge,1.0,5.71,0.33,8.3,4.6,5,0
EMP-07534,Sales,Junior,44,10,2,Points,0.83,15.97,1.0,8.7,4.0,3,0
EMP-07535,Operations,Junior,11,4,4,Monetary,0.33,75.24,0.62,5.6,3.8,9,0
EMP-07536,Operations,Manager,51,7,4,Monetary,0.58,181.81,0.75,7.9,4.3,6,0
EMP-07537,Operations,Junior,11,4,4,Points,0.33,26.23,0.42,5.6,4.8,5,0
EMP-07538,Sales,Senior,51,14,7,Points,1.17,36.88,0.73,9.9,4.7,5,0
EMP-07539,Sales,Mid,43,13,4,Monetary,1.08,72.15,0.68,8.1,4.1,6,0
EMP-07540,Sales,Mid,28,5,3,Badge,0.42,5.96,0.43,7.0,3.5,4,0
EMP-07541,Engineering,Mid,52,6,1,Badge,0.5,6.83,0.22,6.8,3.8,3,0
EMP-07542,Engineering,Junior,3,3,3,Points,0.25,18.65,0.58,5.8,4.8,5,0
EMP-07543,Marketing,Junior,3,1,2,Monetary,0.08,101.58,0.6,5.3,3.5,10,0
EMP-07544,Customer Support,Senior,32,5,7,Points,0.42,42.92,0.6,6.1,2.7,4,0
EMP-07545,Engineering,Senior,24,8,3,Badge,0.67,7.04,0.77,8.8,4.9,5,0
EMP-07546,Engineering,Senior,33,9,4,Badge,0.75,8.94,0.44,7.7,5.0,6,0
EMP-07547,Operations,Mid,31,8,3,Badge,0.67,1.85,0.62,7.2,4.2,2,0
EMP-07548,Engineering,Junior,8,6,2,Badge,0.5,6.73,0.27,6.3,4.5,9,0
EMP-07549,Operations,Junior,8,2,0,PTO,0.17,53.85,0.78,7.7,3.6,3,0
EMP-07550,Operations,Senior,36,5,2,PTO,0.42,110.24,0.7,7.5,4.6,4,0
EMP-07551,Customer Support,Mid,6,4,1,Points,0.33,7.64,0.41,5.5,4.4,2,0
EMP-07552,Sales,Mid,38,6,0,PTO,0.5,239.22,0.46,6.9,3.4,5,0
EMP-07553,Marketing,Junior,13,5,4,Badge,0.42,5.05,0.5,5.2,3.9,5,0
EMP-07554,Sales,Junior,8,4,2,Monetary,0.33,113.23,0.42,4.4,3.0,6,0
EMP-07555,Marketing,Mid,43,5,6,Badge,0.42,4.06,0.51,5.8,3.7,4,0
EMP-07556,Sales,Senior,39,11,3,Points,0.92,7.58,0.88,8.0,4.5,7,0
EMP-07557,Engineering,Manager,47,12,10,Monetary,1.0,158.37,0.28,8.2,4.5,2,0
EMP-07558,Sales,Manager,87,8,12,Points,0.67,37.26,0.5,7.8,5.0,3,0
EMP-07559,Marketing,Manager,33,9,9,Badge,0.75,7.16,0.46,7.6,5.0,3,0
EMP-07560,Operations,Manager,63,15,6,Points,1.25,49.74,0.61,10.0,3.9,5,0
EMP-07561,Operations,Mid,28,7,0,Badge,0.58,8.38,0.32,8.5,5.0,4,0
EMP-07562,Marketing,Junior,15,5,2,PTO,0.42,116.72,0.74,6.5,4.4,5,0
EMP-07563,Engineering,Senior,42,6,3,Badge,0.5,1.46,0.7,9.1,4.9,8,0
EMP-07564,Operations,Junior,30,4,0,PTO,0.33,162.42,0.31,6.3,4.3,3,0
EMP-07565,Sales,Junior,12,5,3,Points,0.42,42.48,0.44,7.6,3.9,3,0
EMP-07566,Customer Support,Junior,36,6,6,Badge,0.5,1.58,0.6,6.6,3.4,5,0
EMP-07567,Customer Support,Mid,35,5,1,PTO,0.42,243.97,0.59,5.8,3.4,5,0
EMP-07568,Engineering,Mid,31,6,2,Points,0.5,47.27,0.77,7.4,4.8,2,0
EMP-07569,Operations,Junior,8,2,1,Points,0.17,11.24,0.85,5.5,4.0,5,0
EMP-07570,Engineering,Mid,19,5,2,Points,0.42,35.74,0.44,6.0,4.2,2,0
EMP-07571,Sales,Manager,38,16,5,Points,1.33,14.67,0.57,10.0,4.3,3,0
EMP-07572,Marketing,Mid,58,7,4,Badge,0.58,9.96,0.68,7.7,4.0,4,0
EMP-07573,Engineering,Manager,63,11,5,Points,0.92,45.11,0.4,7.5,5.0,1,0
EMP-07574,Operations,Junior,1,0,3,Badge,0.0,3.71,0.0,1.4,3.2,4,1
EMP-07575,Engineering,Junior,1,3,1,Badge,0.25,0.44,0.95,5.6,3.5,5,0
EMP-07576,Engineering,Mid,43,7,4,Points,0.58,7.03,0.49,7.3,5.0,2,0
EMP-07577,Marketing,Mid,32,7,2,Badge,0.58,4.92,0.57,7.8,3.8,7,0
EMP-07578,Operations,Senior,64,12,1,Badge,1.0,9.58,0.72,8.6,4.2,1,0
EMP-07579,Customer Support,Senior,49,8,6,Badge,0.67,8.46,0.82,6.5,2.6,8,0
EMP-07580,Operations,Senior,57,5,6,Points,0.42,26.55,0.61,7.4,3.9,3,0
EMP-07581,Marketing,Manager,40,11,8,Points,0.92,14.74,0.62,9.0,5.0,7,0
EMP-07582,Sales,Mid,5,6,2,Points,0.5,7.98,0.67,7.2,5.0,5,0
EMP-07583,Engineering,Junior,6,3,0,Monetary,0.25,92.36,0.81,7.1,4.0,3,0
EMP-07584,Engineering,Mid,23,4,2,PTO,0.33,254.1,0.55,8.4,4.2,3,0
EMP-07585,Marketing,Junior,7,5,3,Badge,0.42,4.85,0.89,5.2,3.4,8,0
EMP-07586,Marketing,Junior,28,6,0,Points,0.5,26.33,0.49,6.4,3.6,6,0
EMP-07587,Sales,Junior,1,2,3,Points,0.17,26.42,0.71,6.0,4.1,6,0
EMP-07588,Operations,Mid,34,4,0,PTO,0.33,102.83,0.65,8.0,3.7,5,0
EMP-07589,Marketing,Junior,14,4,1,Monetary,0.33,167.0,0.61,7.3,3.5,1,0
EMP-07590,Engineering,Junior,11,5,3,Points,0.42,38.89,0.79,7.1,3.4,7,0
EMP-07591,Engineering,Senior,19,5,4,PTO,0.42,124.76,0.65,7.0,4.6,4,0
EMP-07592,Operations,Mid,9,6,3,Monetary,0.5,57.16,0.72,7.3,4.1,6,0
EMP-07593,Operations,Senior,52,9,4,Badge,0.75,7.89,0.69,6.0,4.3,3,0
EMP-07594,Customer Support,Senior,77,8,5,Points,0.67,48.98,0.76,8.0,4.7,4,0
EMP-07595,Engineering,Junior,21,6,2,PTO,0.5,84.71,0.75,8.8,4.4,3,0
EMP-07596,Customer Support,Junior,38,5,1,Points,0.42,12.17,0.2,4.3,3.5,2,0
EMP-07597,Engineering,Junior,11,2,0,PTO,0.17,197.57,0.82,7.3,4.2,6,0
EMP-07598,Engineering,Senior,40,9,5,Monetary,0.75,109.47,0.73,8.0,5.0,4,0
EMP-07599,Customer Support,Senior,42,6,4,Points,0.5,11.84,0.45,6.4,2.8,4,0
EMP-07600,Sales,Junior,1,2,2,Points,0.17,32.0,0.92,5.3,3.2,2,0
EMP-07601,Marketing,Mid,30,7,4,Monetary,0.58,29.01,0.76,7.3,3.5,7,0
EMP-07602,Engineering,Manager,29,8,12,PTO,0.67,173.29,0.48,8.1,5.0,5,0
EMP-07603,Marketing,Mid,15,6,3,PTO,0.5,78.98,0.6,7.2,3.3,6,0
EMP-07604,Customer Support,Senior,57,8,1,Monetary,0.67,91.51,0.78,8.3,4.5,7,0
EMP-07605,Sales,Junior,10,5,1,Points,0.42,49.24,0.77,6.0,3.9,3,0
EMP-07606,Marketing,Junior,7,4,0,Monetary,0.33,89.43,0.56,4.8,4.5,7,0
EMP-07607,Engineering,Senior,82,11,4,Monetary,0.92,86.11,0.57,8.6,5.0,3,0
EMP-07608,Marketing,Senior,50,8,4,Badge,0.67,4.34,0.19,8.9,4.8,4,0
EMP-07609,Sales,Senior,16,10,4,Badge,0.83,5.52,0.71,7.0,3.8,1,0
EMP-07610,Engineering,Mid,52,3,2,Badge,0.25,0.1,0.88,6.8,3.4,4,0
EMP-07611,Sales,Mid,23,13,2,Monetary,1.08,167.85,0.44,8.7,4.3,6,0
EMP-07612,Engineering,Senior,55,15,3,Badge,1.25,2.97,0.52,7.8,4.1,4,0
EMP-07613,Customer Support,Junior,3,3,1,Badge,0.25,8.47,0.32,3.1,2.8,9,1
EMP-07614,Sales,Mid,6,10,2,Points,0.83,11.33,0.77,7.2,5.0,5,0
EMP-07615,Engineering,Manager,74,8,3,Points,0.67,24.39,0.76,9.1,5.0,3,0
EMP-07616,Sales,Mid,26,8,4,Points,0.67,49.46,0.8,7.6,5.0,5,0
EMP-07617,Sales,Mid,30,8,2,Badge,0.67,1.93,0.91,6.9,2.9,7,0
EMP-07618,Operations,Senior,66,9,3,PTO,0.75,177.98,0.62,8.6,3.7,3,0
EMP-07619,Customer Support,Manager,47,15,5,PTO,1.25,130.41,0.91,9.3,4.3,5,0
EMP-07620,Sales,Mid,21,5,3,Badge,0.42,6.47,0.54,6.9,4.0,4,0
EMP-07621,Customer Support,Mid,23,4,1,Points,0.33,8.24,0.55,6.7,3.5,6,0
EMP-07622,Marketing,Senior,66,7,8,Points,0.58,41.24,0.54,8.5,4.0,2,0
EMP-07623,Engineering,Senior,68,5,5,Badge,0.42,6.38,0.34,7.3,5.0,3,0
EMP-07624,Operations,Senior,25,4,7,Badge,0.33,8.68,0.88,5.6,3.5,2,0
EMP-07625,Sales,Mid,44,16,6,PTO,1.33,240.12,0.39,8.5,4.7,3,0
EMP-07626,Marketing,Mid,41,6,3,Badge,0.5,1.37,0.56,6.1,3.4,4,0
EMP-07627,Customer Support,Mid,51,9,2,PTO,0.75,267.15,0.61,7.4,4.7,4,0
EMP-07628,Sales,Manager,66,12,8,Points,1.0,22.61,0.97,10.0,4.0,4,0
EMP-07629,Customer Support,Manager,59,6,9,PTO,0.5,172.61,0.91,8.1,3.2,7,0
EMP-07630,Operations,Junior,11,5,0,PTO,0.42,65.12,0.28,4.7,3.1,4,0
EMP-07631,Sales,Mid,46,5,1,PTO,0.42,106.71,0.42,8.6,4.5,4,0
EMP-07632,Marketing,Mid,63,8,1,Monetary,0.67,75.89,0.81,9.4,5.0,4,0
EMP-07633,Sales,Manager,85,10,0,PTO,0.83,251.3,0.74,9.0,3.7,4,0
EMP-07634,Customer Support,Senior,43,4,2,Badge,0.33,4.75,0.79,6.5,3.9,4,0
EMP-07635,Marketing,Mid,41,4,1,Points,0.33,21.38,0.49,6.6,4.2,3,0
EMP-07636,Engineering,Junior,2,5,0,Points,0.42,47.69,0.67,4.5,2.4,10,0
EMP-07637,Sales,Mid,9,5,1,Monetary,0.42,66.51,0.77,6.1,3.8,7,0
EMP-07638,Marketing,Junior,8,4,1,Points,0.33,26.68,0.52,4.4,3.1,3,0
EMP-07639,Engineering,Senior,44,6,5,Points,0.5,16.64,0.45,6.8,4.4,2,0
EMP-07640,Engineering,Senior,51,11,6,Badge,0.92,2.34,0.13,6.4,4.3,4,0
EMP-07641,Sales,Mid,41,9,1,Points,0.75,44.88,0.91,8.2,5.0,3,0
EMP-07642,Sales,Mid,26,9,3,PTO,0.75,190.71,0.65,8.7,4.8,4,0
EMP-07643,Sales,Manager,64,12,2,Badge,1.0,0.0,0.53,8.0,4.7,4,0
EMP-07644,Engineering,Junior,27,4,0,Badge,0.33,1.48,0.87,6.5,3.2,7,0
EMP-07645,Engineering,Junior,11,4,3,Badge,0.33,8.8,0.77,6.5,4.3,9,0
EMP-07646,Operations,Manager,61,17,7,Monetary,1.42,35.89,0.55,10.0,4.8,6,0
EMP-07647,Sales,Senior,42,10,1,Badge,0.83,8.93,0.29,8.8,4.6,4,0
EMP-07648,Engineering,Senior,60,11,1,Monetary,0.92,60.96,0.78,8.0,5.0,4,0
EMP-07649,Sales,Junior,1,8,1,Points,0.67,49.17,0.43,5.7,4.5,6,0
EMP-07650,Marketing,Junior,11,3,3,Points,0.25,33.05,0.83,5.9,4.1,7,0
EMP-07651,Engineering,Junior,7,4,1,Points,0.33,49.14,0.65,7.1,5.0,6,0
EMP-07652,Engineering,Junior,5,1,3,PTO,0.08,179.04,0.88,5.1,2.6,9,0
EMP-07653,Engineering,Senior,50,9,8,Points,0.75,40.25,0.97,7.2,4.9,4,0
EMP-07654,Operations,Junior,11,5,2,Points,0.42,17.33,0.91,7.3,5.0,5,0
EMP-07655,Operations,Senior,12,13,6,Badge,1.08,1.56,0.24,8.3,4.8,3,0
EMP-07656,Operations,Junior,4,5,1,Points,0.42,9.72,0.26,4.8,3.6,9,0
EMP-07657,Operations,Mid,31,3,1,Badge,0.25,3.32,0.48,7.4,4.7,3,0
EMP-07658,Marketing,Manager,61,10,9,Points,0.83,22.36,0.71,7.3,4.2,1,0
EMP-07659,Sales,Junior,25,6,0,Points,0.5,19.4,0.67,7.7,4.7,5,0
EMP-07660,Marketing,Mid,45,7,0,PTO,0.58,290.23,0.61,6.4,4.0,8,0
EMP-07661,Engineering,Mid,27,3,3,Points,0.25,11.27,0.56,7.8,4.1,2,0
EMP-07662,Marketing,Junior,3,2,0,PTO,0.17,100.37,0.95,6.7,3.9,6,0
EMP-07663,Operations,Mid,40,2,2,Points,0.17,14.18,0.85,5.9,3.0,5,0
EMP-07664,Sales,Mid,29,5,2,Monetary,0.42,153.11,0.78,7.1,4.6,3,0
EMP-07665,Sales,Senior,33,10,2,Badge,0.83,6.67,0.76,7.3,5.0,6,0
EMP-07666,Engineering,Senior,49,13,3,Points,1.08,12.97,0.74,10.0,4.7,7,0
EMP-07667,Marketing,Mid,38,9,2,Badge,0.75,0.26,0.67,6.7,4.1,4,0
EMP-07668,Operations,Junior,13,2,2,Points,0.17,6.78,0.58,5.3,4.2,5,0
EMP-07669,Customer Support,Mid,38,8,2,PTO,0.67,110.81,0.41,6.2,4.7,6,0
EMP-07670,Sales,Junior,5,4,1,Points,0.33,39.01,0.23,4.1,4.0,9,0
EMP-07671,Operations,Mid,29,5,1,PTO,0.42,274.19,0.63,6.8,4.6,6,0
EMP-07672,Marketing,Senior,70,8,2,Badge,0.67,9.03,0.79,7.3,4.0,2,0
EMP-07673,Customer Support,Junior,23,0,4,Monetary,0.0,100.65,0.0,4.1,3.5,12,0
EMP-07674,Marketing,Senior,74,7,9,Badge,0.58,8.22,0.47,6.2,4.3,7,0
EMP-07675,Sales,Manager,95,14,8,Badge,1.17,7.18,0.39,9.3,4.7,3,0
EMP-07676,Marketing,Senior,86,12,4,PTO,1.0,68.02,0.74,10.0,3.9,4,0
EMP-07677,Operations,Mid,40,8,6,Points,0.67,46.46,0.72,7.3,4.9,7,0
EMP-07678,Customer Support,Mid,30,3,6,Points,0.25,29.42,0.25,6.6,4.3,2,0
EMP-07679,Engineering,Manager,42,11,8,Badge,0.92,4.63,0.25,7.2,4.3,4,0
EMP-07680,Engineering,Mid,42,10,2,Badge,0.83,5.87,0.29,8.1,5.0,2,0
EMP-07681,Customer Support,Senior,51,7,6,Badge,0.58,1.77,0.15,5.9,4.5,2,0
EMP-07682,Marketing,Junior,6,4,0,Points,0.33,12.19,0.68,5.4,3.8,12,0
EMP-07683,Marketing,Junior,13,6,1,Badge,0.5,4.36,0.61,5.4,3.0,1,0
EMP-07684,Sales,Senior,56,7,4,Monetary,0.58,125.46,0.99,9.1,4.9,4,0
EMP-07685,Engineering,Senior,33,4,5,Monetary,0.33,35.0,0.34,6.6,4.5,2,0
EMP-07686,Operations,Senior,44,8,4,Badge,0.67,0.85,0.83,10.0,4.6,6,0
EMP-07687,Operations,Manager,74,8,5,PTO,0.67,285.05,0.89,8.2,5.0,4,0
EMP-07688,Sales,Junior,15,5,0,Badge,0.42,3.57,0.31,5.9,4.4,3,0
EMP-07689,Sales,Junior,3,4,1,Monetary,0.33,44.07,0.77,6.1,4.1,8,0
EMP-07690,Operations,Manager,69,9,9,Points,0.75,11.69,0.47,7.8,4.0,5,0
EMP-07691,Engineering,Junior,37,3,0,Points,0.25,22.81,0.48,4.9,3.1,5,0
EMP-07692,Customer Support,Senior,75,13,6,Points,1.08,43.14,0.54,7.8,3.9,2,0
EMP-07693,Engineering,Mid,11,5,2,Points,0.42,20.56,0.49,5.2,4.8,10,0
EMP-07694,Marketing,Junior,25,4,1,Monetary,0.33,153.58,0.28,6.3,4.2,3,0
EMP-07695,Customer Support,Junior,54,2,1,Points,0.17,18.11,0.7,8.4,4.6,4,0
EMP-07696,Marketing,Mid,28,8,2,PTO,0.67,161.42,0.73,7.0,3.9,4,0
EMP-07697,Sales,Senior,70,14,1,Monetary,1.17,68.08,0.63,10.0,5.0,1,0
EMP-07698,Operations,Senior,59,10,7,Monetary,0.83,153.33,0.3,7.2,3.6,1,0
EMP-07699,Sales,Mid,36,8,3,Points,0.67,40.41,1.0,6.2,4.6,10,0
EMP-07700,Engineering,Mid,50,8,4,Points,0.67,25.7,0.12,7.4,3.5,3,0
EMP-07701,Customer Support,Junior,7,4,0,Monetary,0.33,150.35,0.36,3.3,2.4,13,1
EMP-07702,Operations,Junior,5,3,2,Points,0.25,19.43,0.81,6.3,3.7,7,0
EMP-07703,Marketing,Mid,27,9,2,Badge,0.75,4.6,0.55,8.1,3.6,3,0
EMP-07704,Sales,Junior,8,7,1,Points,0.58,44.41,0.75,6.5,3.5,6,0
EMP-07705,Engineering,Junior,13,2,1,Badge,0.17,0.47,0.35,6.7,4.2,4,0
EMP-07706,Engineering,Mid,18,7,3,Points,0.58,25.56,0.52,6.9,4.4,9,0
EMP-07707,Marketing,Mid,48,6,0,Monetary,0.5,34.67,0.07,5.1,4.0,5,0
EMP-07708,Operations,Junior,10,1,3,Badge,0.08,4.32,0.53,4.9,4.2,10,0
EMP-07709,Marketing,Mid,20,3,1,Points,0.25,28.45,0.87,8.0,3.1,5,0
EMP-07710,Operations,Mid,21,8,2,Points,0.67,39.01,0.81,8.3,4.9,1,0
EMP-07711,Engineering,Junior,13,3,3,PTO,0.25,126.49,0.41,4.7,3.3,4,0
EMP-07712,Sales,Manager,53,16,9,Points,1.33,40.2,0.56,10.0,5.0,4,0
EMP-07713,Engineering,Junior,5,1,2,Badge,0.08,0.58,0.72,7.1,3.1,6,0
EMP-07714,Sales,Senior,46,15,4,Points,1.25,15.29,0.66,8.3,5.0,8,0
EMP-07715,Engineering,Junior,19,1,3,PTO,0.08,201.21,0.64,6.8,3.3,6,0
EMP-07716,Customer Support,Manager,59,6,3,PTO,0.5,51.9,0.71,7.7,3.8,6,0
EMP-07717,Engineering,Junior,7,4,1,Badge,0.33,6.41,0.91,4.7,3.9,5,0
EMP-07718,Customer Support,Senior,71,10,3,Points,0.83,37.35,0.78,6.5,3.4,6,0
EMP-07719,Sales,Mid,10,6,1,PTO,0.5,260.55,0.47,7.2,3.9,7,0
EMP-07720,Customer Support,Senior,54,9,6,Badge,0.75,7.63,0.56,8.5,5.0,4,0
EMP-07721,Marketing,Mid,25,8,1,PTO,0.67,283.55,0.89,7.4,3.6,4,0
EMP-07722,Customer Support,Junior,7,2,1,PTO,0.17,182.62,0.33,3.8,3.8,6,1
EMP-07723,Engineering,Senior,48,9,4,Points,0.75,38.43,0.35,6.7,3.4,4,0
EMP-07724,Operations,Junior,4,3,1,Monetary,0.25,167.03,0.45,4.8,4.0,7,0
EMP-07725,Customer Support,Manager,80,8,9,Points,0.67,33.55,0.51,9.0,5.0,2,0
EMP-07726,Engineering,Junior,5,1,0,Monetary,0.08,187.82,0.16,5.6,3.5,5,0
EMP-07727,Engineering,Mid,49,7,1,Points,0.58,26.29,0.78,9.1,4.5,5,0
EMP-07728,Sales,Senior,37,14,6,Points,1.17,15.13,0.66,8.5,3.5,8,0
EMP-07729,Customer Support,Mid,32,2,3,Points,0.17,16.92,0.33,4.4,2.7,10,0
EMP-07730,Marketing,Junior,1,4,2,Monetary,0.33,87.79,0.59,4.6,4.0,3,0
EMP-07731,Marketing,Senior,68,11,1,Badge,0.92,7.37,0.64,8.8,4.9,2,0
EMP-07732,Engineering,Senior,59,9,1,Points,0.75,30.05,0.25,9.4,5.0,6,0
EMP-07733,Engineering,Manager,57,11,5,Badge,0.92,9.35,0.77,7.4,5.0,2,0
EMP-07734,Operations,Mid,3,7,2,Monetary,0.58,182.24,0.86,5.2,3.4,4,0
EMP-07735,Engineering,Mid,43,4,3,Badge,0.33,4.57,0.79,7.8,4.2,7,0
EMP-07736,Marketing,Mid,21,11,1,Points,0.92,22.82,0.48,5.6,3.3,2,0
EMP-07737,Customer Support,Junior,10,4,1,Badge,0.33,9.7,0.54,4.5,3.3,5,0
EMP-07738,Engineering,Senior,47,11,3,PTO,0.92,170.33,0.18,6.9,,4,0
EMP-07739,Marketing,Mid,36,7,3,Badge,0.58,9.91,0.3,6.4,4.0,1,0
EMP-07740,Engineering,Mid,40,8,2,Badge,0.67,2.37,0.62,9.2,4.7,4,0
EMP-07741,Marketing,Mid,40,7,0,Badge,0.58,8.91,0.87,5.9,5.0,6,0
EMP-07742,Engineering,Senior,71,14,4,Badge,1.17,2.69,0.75,7.2,4.0,5,0
EMP-07743,Operations,Manager,59,8,7,Points,0.67,33.94,0.87,10.0,4.9,6,0
EMP-07744,Sales,Senior,38,5,2,Badge,0.42,9.99,0.59,6.2,3.2,6,0
EMP-07745,Sales,Mid,24,7,2,Points,0.58,30.8,0.78,8.4,5.0,4,0
EMP-07746,Marketing,Senior,58,6,6,Badge,0.5,8.28,0.76,8.9,3.7,4,0
EMP-07747,Engineering,Mid,28,9,5,Points,0.75,16.2,0.59,8.3,5.0,6,0
EMP-07748,Operations,Junior,8,2,0,PTO,0.17,191.1,0.69,5.0,2.9,9,0
EMP-07749,Sales,Junior,12,7,2,Points,0.58,26.0,0.53,8.4,4.6,6,0
EMP-07750,Marketing,Junior,11,4,1,Points,0.33,21.84,0.66,6.9,4.9,5,0
EMP-07751,Engineering,Mid,25,10,3,Points,0.83,7.77,0.69,9.2,4.5,1,0
EMP-07752,Operations,Senior,32,7,3,Monetary,0.58,154.99,0.8,7.0,5.0,6,0
EMP-07753,Engineering,Mid,25,3,3,Monetary,0.25,195.93,0.71,7.3,4.8,4,0
EMP-07754,Sales,Mid,13,9,4,PTO,0.75,205.72,0.69,7.3,5.0,1,0
EMP-07755,Engineering,Manager,56,9,8,Badge,0.75,0.77,0.89,8.5,4.7,6,0
EMP-07756,Operations,Senior,42,9,6,Monetary,0.75,141.48,0.58,6.6,5.0,4,0
EMP-07757,Engineering,Senior,59,9,6,Badge,0.75,9.98,0.75,7.6,4.1,1,0
EMP-07758,Customer Support,Junior,3,1,3,Points,0.08,38.79,0.36,3.7,3.1,7,1
EMP-07759,Customer Support,Junior,3,2,3,Monetary,0.17,99.08,0.6,5.3,3.3,6,0
EMP-07760,Engineering,Junior,18,3,0,Points,0.25,49.04,0.85,6.8,5.0,3,0
EMP-07761,Marketing,Junior,39,7,3,Points,0.58,45.99,0.43,7.3,4.3,6,0
EMP-07762,Engineering,Junior,4,2,1,Points,0.17,39.96,0.67,5.8,3.2,7,0
EMP-07763,Sales,Mid,3,5,0,Points,0.42,46.9,0.79,5.2,4.1,5,0
EMP-07764,Operations,Junior,13,1,4,Badge,0.08,7.73,0.83,5.1,3.5,7,0
EMP-07765,Marketing,Junior,3,8,0,Points,0.67,48.96,0.44,6.0,4.9,6,0
EMP-07766,Marketing,Junior,31,5,0,Points,0.42,39.13,0.54,7.6,5.0,5,0
EMP-07767,Sales,Mid,44,9,2,Badge,0.75,1.48,0.47,7.9,4.1,4,0
EMP-07768,Sales,Mid,38,4,2,PTO,0.33,74.83,0.5,5.1,2.7,11,0
EMP-07769,Engineering,Mid,31,9,1,PTO,0.75,111.55,0.7,8.2,5.0,0,0
EMP-07770,Operations,Junior,8,0,2,PTO,0.0,84.37,0.0,4.8,3.5,7,0
EMP-07771,Sales,Mid,22,10,2,Points,0.83,30.4,0.68,8.8,5.0,0,0
EMP-07772,Operations,Junior,4,2,0,Monetary,0.17,140.63,0.67,3.9,2.8,8,1
EMP-07773,Engineering,Junior,3,3,1,Badge,0.25,1.25,0.55,4.8,3.9,12,0
EMP-07774,Sales,Manager,90,7,7,Badge,0.58,0.07,0.68,8.1,3.6,2,0
EMP-07775,Sales,Manager,71,15,4,PTO,1.25,224.29,0.13,8.4,4.3,4,0
EMP-07776,Engineering,Mid,30,10,2,Points,0.83,7.26,0.35,7.5,4.2,5,0
EMP-07777,Sales,Manager,51,19,4,PTO,1.58,230.33,0.82,10.0,5.0,4,0
EMP-07778,Operations,Mid,26,7,1,Monetary,0.58,37.34,0.87,8.0,4.9,4,0
EMP-07779,Customer Support,Junior,11,2,0,Points,0.17,48.35,0.38,1.9,2.7,9,1
EMP-07780,Sales,Manager,56,13,8,Badge,1.08,2.5,0.73,8.3,3.2,5,0
EMP-07781,Sales,Junior,4,6,2,Badge,0.5,0.68,0.82,7.7,4.1,8,0
EMP-07782,Engineering,Senior,15,7,3,Points,0.58,32.99,0.41,7.9,5.0,2,0
EMP-07783,Customer Support,Junior,12,2,2,Points,0.17,37.52,0.43,6.2,3.3,2,0
EMP-07784,Engineering,Mid,18,7,2,Monetary,0.58,186.73,0.83,8.3,4.9,2,0
EMP-07785,Customer Support,Mid,37,4,4,PTO,0.33,256.44,0.72,8.1,4.4,1,0
EMP-07786,Sales,Mid,29,11,3,Points,0.92,17.67,0.97,8.3,4.5,2,0
EMP-07787,Sales,Junior,5,5,0,Badge,0.42,2.0,0.55,4.7,4.2,10,0
EMP-07788,Customer Support,Mid,17,3,2,Points,0.25,18.75,0.67,2.5,1.9,12,1
EMP-07789,Engineering,Mid,42,8,3,Points,0.67,15.87,0.71,8.4,4.0,3,0
EMP-07790,Marketing,Manager,113,9,4,Points,0.75,37.4,0.28,8.4,5.0,1,0
EMP-07791,Marketing,Senior,55,9,6,Badge,0.75,6.99,0.75,8.9,4.9,5,0
EMP-07792,Engineering,Mid,25,8,4,PTO,0.67,189.99,0.7,9.5,5.0,4,0
EMP-07793,Sales,Junior,3,7,2,Points,0.58,8.15,0.59,6.4,4.2,7,0
EMP-07794,Marketing,Senior,15,7,2,Monetary,0.58,191.84,0.49,7.0,4.6,5,0
EMP-07795,Operations,Junior,1,1,1,Monetary,0.08,86.22,0.53,5.8,3.5,5,0
EMP-07796,Engineering,Junior,2,4,3,Points,0.33,41.65,0.29,5.6,3.0,7,0
EMP-07797,Customer Support,Mid,44,4,3,Badge,0.33,7.97,0.46,5.8,4.1,1,0
EMP-07798,Engineering,Manager,73,9,10,Badge,0.75,2.97,0.67,9.3,4.1,2,0
EMP-07799,Engineering,Junior,3,2,0,Points,0.17,16.17,0.65,4.4,3.3,9,0
EMP-07800,Engineering,Junior,6,7,2,PTO,0.58,183.8,0.59,8.2,4.6,7,0
EMP-07801,Engineering,Mid,37,7,1,Points,0.58,21.1,0.54,6.8,3.6,4,0
EMP-07802,Engineering,Junior,2,3,4,Points,0.25,46.39,0.7,5.6,4.1,10,0
EMP-07803,Customer Support,Mid,48,7,4,PTO,0.58,278.15,0.51,7.6,3.4,3,0
EMP-07804,Sales,Mid,40,8,1,Monetary,0.67,160.06,0.68,7.6,4.5,4,0
EMP-07805,Engineering,Mid,21,8,5,Badge,0.67,0.21,0.55,7.1,5.0,2,0
EMP-07806,Engineering,Junior,2,4,1,Points,0.33,43.06,0.56,5.7,3.8,1,0
EMP-07807,Operations,Junior,4,2,0,Points,0.17,34.51,0.6,5.1,3.4,6,0
EMP-07808,Operations,Senior,59,4,7,Points,0.33,28.59,0.56,5.9,4.4,3,0
EMP-07809,Engineering,Manager,94,9,5,Badge,0.75,3.9,0.55,8.0,5.0,9,0
EMP-07810,Engineering,Junior,7,1,2,Points,0.08,32.74,0.55,5.9,4.4,6,0
EMP-07811,Engineering,Junior,27,1,0,Badge,0.08,2.56,0.66,7.3,4.3,2,0
EMP-07812,Engineering,Junior,2,4,0,Points,0.33,30.91,0.77,5.2,5.0,10,0
EMP-07813,Engineering,Mid,20,3,4,Points,0.25,34.29,0.96,5.7,3.3,3,0
EMP-07814,Sales,Senior,55,10,5,Points,0.83,35.44,0.76,8.4,4.3,3,0
EMP-07815,Engineering,Mid,43,11,5,Points,0.92,23.94,0.86,9.1,4.4,8,0
EMP-07816,Sales,Senior,52,8,7,Badge,0.67,0.7,0.53,7.8,4.5,8,0
EMP-07817,Engineering,Senior,75,16,5,Badge,1.33,4.18,0.81,9.6,5.0,6,0
EMP-07818,Customer Support,Manager,54,4,6,Monetary,0.33,182.75,0.43,7.1,3.3,5,0
EMP-07819,Customer Support,Junior,20,4,2,Monetary,0.33,118.98,0.53,5.7,4.0,5,0
EMP-07820,Marketing,Junior,1,3,2,Points,0.25,6.76,0.7,5.2,3.2,3,0
EMP-07821,Sales,Junior,14,3,2,Monetary,0.25,90.44,0.41,5.9,3.2,4,0
EMP-07822,Sales,Senior,50,16,4,Points,1.33,32.71,0.92,9.4,3.5,4,0
EMP-07823,Sales,Senior,60,13,5,Monetary,1.08,74.04,0.79,8.6,4.6,6,0
EMP-07824,Operations,Mid,26,8,1,Badge,0.67,1.88,0.68,7.9,3.4,8,0
EMP-07825,Sales,Junior,3,4,4,Badge,0.33,5.78,0.94,5.7,3.7,5,0
EMP-07826,Operations,Junior,1,1,1,Points,0.08,32.34,0.78,4.3,3.3,4,0
EMP-07827,Customer Support,Junior,8,4,2,Points,0.33,25.66,0.33,4.8,3.3,4,0
EMP-07828,Sales,Mid,27,3,5,Points,0.25,9.16,0.57,6.2,3.6,1,0
EMP-07829,Marketing,Junior,1,2,1,PTO,0.17,234.66,0.14,4.3,4.4,8,0
EMP-07830,Engineering,Junior,3,5,1,PTO,0.42,238.95,0.34,5.3,3.5,8,0
EMP-07831,Engineering,Senior,29,10,2,Points,0.83,22.59,0.8,8.2,4.6,1,0
EMP-07832,Sales,Junior,9,3,1,Points,0.25,5.4,0.67,6.5,3.6,2,0
EMP-07833,Engineering,Mid,3,4,3,Points,0.33,33.69,0.44,5.6,4.5,8,0
EMP-07834,Customer Support,Junior,14,5,1,Points,0.42,49.01,0.74,7.8,4.1,3,0
EMP-07835,Engineering,Senior,46,7,5,Points,0.58,26.91,0.25,8.1,4.2,6,0
EMP-07836,Sales,Mid,20,8,2,Monetary,0.67,145.34,0.61,7.9,4.9,2,0
EMP-07837,Marketing,Manager,18,9,6,Points,0.75,28.73,0.25,9.5,4.4,3,0
EMP-07838,Operations,Mid,19,10,2,PTO,0.83,109.4,0.95,8.1,4.9,5,0
EMP-07839,Sales,Manager,72,9,8,Points,0.75,20.31,0.95,8.4,4.0,4,0
EMP-07840,Customer Support,Manager,76,16,9,Badge,1.33,9.61,0.71,9.2,4.2,3,0
EMP-07841,Marketing,Mid,38,7,2,PTO,0.58,198.8,0.81,8.6,4.8,3,0
EMP-07842,Sales,Manager,62,13,11,Points,1.08,13.46,0.66,9.7,4.7,1,0
EMP-07843,Engineering,Mid,48,4,2,Points,0.33,7.24,0.56,6.7,4.7,2,0
EMP-07844,Sales,Mid,25,2,0,Points,0.17,7.4,0.85,7.5,4.5,2,0
EMP-07845,Operations,Junior,5,2,0,Points,0.17,27.53,0.76,5.2,3.8,7,0
EMP-07846,Marketing,Mid,23,4,4,Points,0.33,9.73,0.96,6.4,4.0,4,0
EMP-07847,Operations,Senior,59,9,7,Badge,0.75,8.33,0.95,7.9,4.5,5,0
EMP-07848,Sales,Senior,63,11,4,Points,0.92,20.41,0.57,7.2,4.6,4,0
EMP-07849,Engineering,Junior,2,3,0,Monetary,0.25,92.2,0.76,4.9,3.4,5,0
EMP-07850,Engineering,Mid,13,4,3,Points,0.33,20.49,0.69,6.3,3.0,4,0
EMP-07851,Sales,Junior,3,9,1,Points,0.75,29.08,0.57,5.9,3.7,5,0
EMP-07852,Operations,Senior,65,10,5,Monetary,0.83,199.68,0.49,8.2,4.1,5,0
EMP-07853,Operations,Junior,26,3,3,Monetary,0.25,181.91,0.82,5.5,3.6,5,0
EMP-07854,Sales,Manager,38,12,9,Points,1.0,15.43,0.47,8.5,4.5,4,0
EMP-07855,Sales,Junior,13,5,2,Badge,0.42,8.98,0.59,5.4,3.8,2,0
EMP-07856,Sales,Junior,21,14,0,Monetary,1.17,126.9,0.67,8.3,5.0,5,0
EMP-07857,Sales,Senior,35,10,5,Points,0.83,37.91,0.44,9.4,4.3,4,0
EMP-07858,Engineering,Mid,31,3,3,Monetary,0.25,116.11,0.4,7.6,4.2,2,0
EMP-07859,Engineering,Junior,1,0,3,Points,0.0,34.74,0.0,2.0,3.4,10,1
EMP-07860,Engineering,Mid,3,8,5,Badge,0.67,3.92,0.76,5.9,3.6,3,0
EMP-07861,Engineering,Junior,2,3,3,Points,0.25,17.69,0.47,4.4,3.3,8,0
EMP-07862,Engineering,Manager,70,11,6,Badge,0.92,5.03,0.83,7.5,4.6,1,0
EMP-07863,Engineering,Mid,58,9,7,PTO,0.75,168.85,0.76,9.5,4.8,3,0
EMP-07864,Marketing,Junior,5,2,1,Points,0.17,22.79,0.44,3.5,3.3,9,1
EMP-07865,Sales,Mid,24,7,0,Badge,0.58,7.89,0.94,7.4,3.6,6,0
EMP-07866,Customer Support,Junior,19,4,0,Points,0.33,37.28,0.31,3.0,3.8,4,1
EMP-07867,Engineering,Senior,62,8,3,Points,0.67,17.92,0.79,8.6,5.0,3,0
EMP-07868,Sales,Manager,76,16,5,Monetary,1.33,59.53,0.82,9.1,4.9,9,0
EMP-07869,Sales,Manager,77,16,4,Badge,1.33,0.05,0.29,8.3,5.0,6,0
EMP-07870,Engineering,Mid,35,6,3,Monetary,0.5,196.45,0.44,7.9,5.0,7,0
EMP-07871,Operations,Mid,49,9,2,Points,0.75,20.83,0.68,9.1,4.3,3,0
EMP-07872,Engineering,Junior,6,2,0,Points,0.17,32.55,0.53,7.0,4.5,8,0
EMP-07873,Customer Support,Senior,54,7,5,Badge,0.58,7.48,0.77,8.9,5.0,2,0
EMP-07874,Customer Support,Mid,21,0,0,Points,0.0,14.26,0.0,3.1,2.7,11,1
EMP-07875,Marketing,Mid,31,4,3,PTO,0.33,216.86,0.63,6.6,3.8,6,0
EMP-07876,Marketing,Manager,67,9,8,Monetary,0.75,45.0,0.5,9.2,4.4,2,0
EMP-07877,Marketing,Junior,2,0,2,Points,0.0,9.35,0.0,2.6,3.4,6,1
EMP-07878,Sales,Junior,1,4,6,Badge,0.33,3.03,0.79,4.5,3.4,6,0
EMP-07879,Marketing,Junior,23,5,1,Monetary,0.42,81.06,0.46,5.4,3.8,3,0
EMP-07880,Engineering,Junior,6,4,0,Points,0.33,13.09,0.42,7.1,3.2,4,0
EMP-07881,Engineering,Junior,3,5,2,Points,0.42,26.03,0.13,5.5,3.9,6,0
EMP-07882,Sales,Mid,40,7,4,Badge,0.58,6.18,0.93,8.1,3.7,3,0
EMP-07883,Marketing,Mid,3,4,2,Badge,0.33,9.27,0.46,4.7,4.2,6,0
EMP-07884,Customer Support,Junior,12,3,2,Badge,0.25,7.02,0.28,4.8,3.6,6,0
EMP-07885,Engineering,Senior,72,13,8,Points,1.08,28.52,0.68,9.4,4.5,7,0
EMP-07886,Operations,Junior,7,8,5,Monetary,0.67,119.39,0.69,5.2,4.1,6,0
EMP-07887,Engineering,Senior,60,8,2,Badge,0.67,5.74,0.64,7.1,4.8,2,0
EMP-07888,Sales,Mid,36,13,4,Monetary,1.08,75.38,0.77,9.2,4.2,0,0
EMP-07889,Sales,Mid,21,6,1,Points,0.5,38.52,0.46,5.5,4.9,9,0
EMP-07890,Sales,Manager,41,10,11,Badge,0.83,6.54,0.45,8.0,5.0,2,0
EMP-07891,Engineering,Junior,6,3,2,Badge,0.25,4.89,0.34,5.8,4.2,7,0
EMP-07892,Sales,Mid,28,8,1,Badge,0.67,2.14,0.71,8.7,4.5,6,0
EMP-07893,Operations,Senior,54,10,10,Badge,0.83,8.5,0.07,7.4,5.0,3,0
EMP-07894,Sales,Mid,51,12,4,Points,1.0,13.91,0.89,8.4,4.9,5,0
EMP-07895,Sales,Junior,6,7,4,Monetary,0.58,59.55,1.0,8.0,4.6,6,0
EMP-07896,Operations,Mid,13,6,2,Monetary,0.5,50.63,0.66,6.5,3.5,8,0
EMP-07897,Operations,Senior,83,7,5,Points,0.58,49.84,0.65,8.0,3.9,3,0
EMP-07898,Sales,Manager,63,15,6,Badge,1.25,2.45,0.64,9.4,5.0,1,0
EMP-07899,Engineering,Junior,1,3,0,Badge,0.25,8.51,0.73,5.5,3.7,6,0
EMP-07900,Customer Support,Junior,14,3,4,Points,0.25,6.56,0.9,6.8,3.5,4,0
EMP-07901,Marketing,Mid,16,2,2,Badge,0.17,7.07,0.74,6.6,2.8,6,0
EMP-07902,Engineering,Junior,2,5,2,PTO,0.42,57.58,0.84,5.8,3.4,6,0
EMP-07903,Engineering,Junior,29,5,0,Points,0.42,33.09,0.37,6.8,4.3,8,0
EMP-07904,Operations,Junior,6,2,1,Points,0.17,16.98,0.71,4.6,3.9,3,0
EMP-07905,Engineering,Junior,12,2,1,Points,0.17,8.09,0.78,6.1,3.9,4,0
EMP-07906,Customer Support,Junior,1,1,1,Points,0.08,17.35,0.36,2.9,3.2,10,1
EMP-07907,Engineering,Manager,84,10,7,Badge,0.83,1.25,0.42,7.5,5.0,4,0
EMP-07908,Operations,Junior,6,4,2,PTO,0.33,105.01,0.76,5.7,3.8,9,0
EMP-07909,Sales,Junior,20,3,3,Points,0.25,35.93,0.76,4.9,4.0,9,0
EMP-07910,Sales,Junior,5,7,3,Points,0.58,42.49,0.63,5.7,4.4,2,0
EMP-07911,Customer Support,Manager,36,9,7,Points,0.75,24.72,0.74,9.8,4.9,4,0
EMP-07912,Sales,Senior,55,7,6,Badge,0.58,4.17,0.81,8.4,5.0,1,0
EMP-07913,Marketing,Senior,59,8,2,Badge,0.67,4.62,0.35,6.8,4.7,6,0
EMP-07914,Engineering,Junior,10,1,1,Points,0.08,26.2,0.53,6.2,4.2,5,0
EMP-07915,Engineering,Senior,45,8,1,Badge,0.67,2.35,0.57,8.1,4.7,4,0
EMP-07916,Engineering,Mid,27,6,3,Points,0.5,49.51,0.42,7.4,4.4,8,0
EMP-07917,Operations,Junior,11,7,2,Points,0.58,35.07,0.51,7.7,3.8,8,0
EMP-07918,Engineering,Mid,23,5,3,Monetary,0.42,160.4,0.92,7.1,4.1,5,0
EMP-07919,Engineering,Senior,42,12,8,Points,1.0,24.9,0.4,7.6,4.0,4,0
EMP-07920,Sales,Senior,46,14,4,Badge,1.17,7.61,0.54,9.3,5.0,3,0
EMP-07921,Marketing,Manager,18,9,7,PTO,0.75,220.85,0.43,9.2,4.9,2,0
EMP-07922,Operations,Manager,40,14,4,Monetary,1.17,169.75,0.75,9.5,4.7,3,0
EMP-07923,Engineering,Junior,16,6,2,PTO,0.5,61.05,0.16,6.7,3.7,4,0
EMP-07924,Engineering,Mid,17,4,2,Monetary,0.33,32.9,0.42,7.4,4.7,3,0
EMP-07925,Customer Support,Junior,3,5,2,Badge,0.42,5.69,0.15,3.8,3.6,8,1
EMP-07926,Engineering,Manager,47,11,8,Points,0.92,22.05,0.71,7.9,4.2,7,0
EMP-07927,Operations,Junior,4,2,3,Badge,0.17,8.03,0.83,6.0,4.5,3,0
EMP-07928,Customer Support,Senior,36,6,5,Points,0.5,12.46,0.4,6.1,3.8,1,0
EMP-07929,Operations,Mid,63,8,3,Points,0.67,16.28,0.41,8.3,4.7,4,0
EMP-07930,Engineering,Mid,13,5,1,Monetary,0.42,98.6,0.53,6.7,4.8,2,0
EMP-07931,Operations,Junior,5,0,1,Monetary,0.0,181.42,0.0,3.2,2.1,9,1
EMP-07932,Operations,Mid,9,8,4,Points,0.67,10.97,0.55,6.1,3.4,5,0
EMP-07933,Marketing,Manager,70,20,7,Badge,1.67,7.76,0.97,8.5,4.3,1,0
EMP-07934,Sales,Junior,1,1,1,Badge,0.08,9.89,0.56,4.1,4.2,10,0
EMP-07935,Engineering,Mid,42,7,4,Points,0.58,38.75,0.32,7.8,5.0,3,0
EMP-07936,Engineering,Junior,59,13,3,Points,1.08,29.76,0.55,9.4,5.0,4,0
EMP-07937,Sales,Mid,41,12,4,Badge,1.0,5.58,0.82,6.6,4.1,5,0
EMP-07938,Marketing,Junior,6,4,5,Monetary,0.33,53.74,0.61,5.7,,6,0
EMP-07939,Sales,Junior,9,6,1,Points,0.5,24.76,0.74,4.7,4.3,7,0
EMP-07940,Sales,Manager,79,16,2,Badge,1.33,5.3,1.0,9.7,4.1,6,0
EMP-07941,Sales,Mid,36,14,2,Badge,1.17,4.98,0.78,8.2,4.8,4,0
EMP-07942,Marketing,Junior,16,3,3,Monetary,0.25,44.53,0.31,6.8,4.0,6,0
EMP-07943,Customer Support,Mid,22,2,0,Points,0.17,11.83,0.77,6.0,3.2,3,0
EMP-07944,Engineering,Junior,2,2,4,Points,0.17,16.33,0.65,5.2,3.6,4,0
EMP-07945,Sales,Junior,6,3,1,Points,0.25,28.47,0.75,5.5,3.4,4,0
EMP-07946,Engineering,Mid,50,8,2,PTO,0.67,90.16,0.67,9.9,5.0,2,0
EMP-07947,Marketing,Junior,21,4,1,Points,0.33,17.55,0.66,7.6,4.9,5,0
EMP-07948,Operations,Senior,40,4,4,Monetary,0.33,84.86,0.63,8.0,4.5,3,0
EMP-07949,Customer Support,Mid,31,0,2,Badge,0.0,6.69,0.0,3.1,4.3,7,1
EMP-07950,Engineering,Senior,33,8,8,Badge,0.67,3.33,0.7,8.3,5.0,4,0
EMP-07951,Customer Support,Manager,73,10,9,Badge,0.83,6.98,0.65,9.7,5.0,5,0
EMP-07952,Engineering,Junior,1,4,0,Points,0.33,11.8,0.84,6.2,4.2,7,0
EMP-07953,Marketing,Mid,39,7,0,PTO,0.58,120.92,0.57,7.3,3.0,2,0
EMP-07954,Engineering,Mid,46,8,4,Badge,0.67,4.23,0.33,7.9,4.5,4,0
EMP-07955,Customer Support,Junior,4,1,0,Monetary,0.08,71.47,0.92,5.4,3.0,8,0
EMP-07956,Marketing,Senior,49,9,6,Badge,0.75,1.84,0.7,7.6,3.9,4,0
EMP-07957,Marketing,Senior,69,12,3,Monetary,1.0,195.15,0.72,9.0,4.9,9,0
EMP-07958,Operations,Mid,25,5,3,Monetary,0.42,139.87,0.26,6.2,4.7,4,0
EMP-07959,Engineering,Mid,26,4,3,Monetary,0.33,28.7,0.34,8.1,4.6,5,0
EMP-07960,Engineering,Junior,1,3,0,PTO,0.25,96.74,0.35,5.5,3.3,5,0
EMP-07961,Customer Support,Mid,27,4,6,Points,0.33,34.71,0.78,5.6,3.6,6,0
EMP-07962,Sales,Senior,31,4,4,Points,0.33,20.95,0.71,8.6,4.6,1,0
EMP-07963,Engineering,Mid,39,2,5,Monetary,0.17,114.14,0.71,9.3,4.7,2,0
EMP-07964,Sales,Junior,32,6,1,Monetary,0.5,164.95,0.89,7.8,5.0,6,0
EMP-07965,Marketing,Senior,12,8,4,Points,0.67,10.21,0.51,6.0,4.5,3,0
EMP-07966,Engineering,Mid,46,10,3,Points,0.83,33.85,0.72,8.6,5.0,7,0
EMP-07967,Engineering,Mid,55,6,2,Monetary,0.5,110.71,0.66,6.7,3.9,3,0
EMP-07968,Engineering,Mid,21,7,3,Monetary,0.58,64.51,0.33,6.2,4.4,3,0
EMP-07969,Sales,Mid,15,7,3,Points,0.58,19.5,0.88,7.8,3.1,1,0
EMP-07970,Customer Support,Senior,45,9,3,Points,0.75,6.27,0.52,6.7,3.8,4,0
EMP-07971,Customer Support,Manager,56,6,4,Points,0.5,49.16,0.6,7.1,4.0,6,0
EMP-07972,Marketing,Junior,1,3,0,Points,0.25,10.75,0.52,6.9,4.0,5,0
EMP-07973,Engineering,Manager,77,8,11,Monetary,0.67,155.61,0.67,8.5,4.5,3,0
EMP-07974,Customer Support,Mid,60,5,3,Badge,0.42,4.38,0.75,5.4,2.5,9,0
EMP-07975,Sales,Senior,54,9,3,Badge,0.75,4.68,0.67,9.8,5.0,5,0
EMP-07976,Engineering,Senior,61,4,5,Badge,0.33,5.92,0.67,7.7,4.6,4,0
EMP-07977,Customer Support,Mid,21,7,5,PTO,0.58,277.95,0.33,6.4,3.4,2,0
EMP-07978,Operations,Senior,66,12,3,Monetary,1.0,123.11,0.72,9.8,3.9,5,0
EMP-07979,Operations,Junior,6,0,1,Points,0.0,41.13,0.0,2.1,3.2,8,1
EMP-07980,Operations,Junior,39,7,1,Points,0.58,42.89,0.85,7.9,4.9,6,0
EMP-07981,Engineering,Senior,69,7,2,Monetary,0.58,138.64,0.44,8.8,5.0,5,0
EMP-07982,Engineering,Manager,70,12,12,Monetary,1.0,136.75,0.29,9.5,4.5,8,0
EMP-07983,Operations,Manager,30,13,7,Points,1.08,43.82,0.81,9.8,4.1,7,0
EMP-07984,Engineering,Mid,45,5,4,Points,0.42,7.3,0.74,6.7,4.1,3,0
EMP-07985,Sales,Mid,18,8,3,Badge,0.67,6.37,0.6,8.4,4.1,5,0
EMP-07986,Operations,Mid,26,6,1,Points,0.5,28.46,0.67,7.4,5.0,2,0
EMP-07987,Operations,Manager,83,8,5,Badge,0.67,2.66,0.55,8.5,4.1,4,0
EMP-07988,Sales,Mid,45,7,1,Points,0.58,40.17,0.99,7.9,4.5,6,0
EMP-07989,Operations,Senior,22,3,2,Points,0.25,18.37,0.56,6.6,2.7,8,0
EMP-07990,Operations,Mid,16,6,1,Badge,0.5,7.79,0.45,7.0,4.0,4,0
EMP-07991,Marketing,Mid,38,10,4,Points,0.83,46.06,0.54,5.4,5.0,9,0
EMP-07992,Engineering,Mid,5,4,4,Points,0.33,30.75,0.55,5.4,3.8,3,0
EMP-07993,Engineering,Manager,85,12,14,Points,1.0,41.17,0.7,9.3,4.6,7,0
EMP-07994,Sales,Mid,31,5,0,Points,0.42,16.73,0.46,7.2,3.4,5,0
EMP-07995,Engineering,Manager,85,8,8,PTO,0.67,89.11,0.33,7.9,4.4,1,0
EMP-07996,Engineering,Junior,3,4,2,Badge,0.33,5.67,0.58,6.0,4.4,7,0
EMP-07997,Engineering,Mid,23,7,2,Badge,0.58,4.26,0.3,7.0,4.4,3,0
EMP-07998,Sales,Senior,27,9,6,Badge,0.75,4.24,0.65,6.5,3.8,1,0
EMP-07999,Customer Support,Senior,52,10,3,Points,0.83,10.74,0.34,7.9,3.8,2,0
EMP-08000,Engineering,Manager,56,19,10,Monetary,1.58,189.01,0.92,10.0,4.8,3,0
