amount,time_hour,merchant_category,distance_from_home,distance_from_last_transaction,ratio_to_median_purchase,is_weekend,is_night,num_transactions_last_hour,num_transactions_last_day,is_fraud
463.07,22,3,11.5,8.78,0.871,0,0,0,6,0
11.74,17,8,1.9,16.19,1.015,0,0,2,3,0
23.35,19,4,4.4,9.1,0.747,0,0,1,3,0
33.17,17,9,0.84,4.25,0.572,0,0,3,7,0
96.96,9,7,9.25,5.86,1.376,0,0,1,11,0
13.12,20,4,2.54,0.03,1.35,0,1,1,3,0
41.91,22,0,13.57,4.87,1.815,0,1,0,1,0
38.45,16,5,3.95,1.68,0.728,0,0,1,8,0
65.58,21,3,26.51,1.65,1.266,0,0,1,6,0
31.33,12,6,4.65,16.66,0.737,0,0,2,3,0
191.61,21,8,1.12,1.21,1.404,0,0,0,7,0
52.51,8,0,1.27,5.92,0.671,0,0,1,6,0
9.98,9,3,8.73,3.61,1.281,0,0,0,7,0
102.33,12,4,6.62,0.43,2.034,0,0,0,7,0
47.5,17,6,1.51,0.68,1.127,1,0,2,3,0
13.59,17,2,0.17,5.47,0.6,1,0,0,2,0
62.35,22,4,9.79,3.2,0.705,0,0,1,6,0
138.88,6,7,48.62,85.3,4.933,0,0,4,10,1
49.35,8,7,0.35,2.18,1.03,0,0,2,3,0
51.21,12,8,0.13,4.61,0.537,1,0,0,4,0
6.06,6,4,18.32,94.8,3.501,1,0,4,21,1
83.23,18,1,8.04,1.77,0.888,0,0,1,8,0
74.74,19,7,2.53,5.35,1.953,1,0,0,5,0
120.93,18,2,9.23,0.73,0.554,0,0,2,7,0
8.72,12,4,17.11,1.62,1.162,1,0,0,5,0
1035.98,4,6,31.94,15.93,17.431,0,1,4,15,1
63.13,16,6,24.13,6.11,0.784,0,0,1,3,0
126.29,13,0,14.94,22.31,1.114,0,0,1,11,0
26.69,0,8,19.83,3.51,0.561,0,0,1,5,0
37.39,10,3,5.48,0.31,0.556,1,0,2,2,0
60.05,11,8,5.2,2.83,0.733,1,0,0,6,0
36.43,10,0,10.59,11.77,0.474,0,0,1,4,0
116.92,9,0,0.23,9.31,1.397,0,0,0,6,0
51.14,17,8,7.22,1.44,0.599,1,0,1,6,0
35.04,11,4,2.0,3.59,0.776,0,0,2,2,0
28.53,11,0,20.45,14.29,0.7,0,0,1,11,0
154.52,18,7,0.78,0.58,0.965,0,0,0,6,0
82.92,18,2,0.47,1.36,1.068,1,0,1,4,0
36.11,22,5,10.38,8.65,1.111,0,0,0,1,0
6.9,14,2,11.72,1.37,0.562,0,0,1,7,0
52.93,16,4,10.15,1.72,0.813,0,0,2,4,0
9.77,11,7,0.21,7.16,1.093,0,1,1,10,0
8.81,14,7,5.61,7.3,0.373,0,0,1,6,0
5.12,18,7,1.96,6.06,1.529,1,0,0,8,0
12.22,11,1,9.51,10.48,0.472,1,0,1,2,0
40.32,18,0,1.5,0.84,1.111,0,0,0,5,0
25.04,10,6,1.75,0.12,0.584,0,0,1,4,0
8.7,21,3,1.16,9.94,1.078,1,0,0,8,0
170.71,15,1,0.38,2.02,1.205,0,0,0,5,0
243.63,21,0,32.73,4.96,0.941,0,0,1,4,0
5.55,17,8,5.57,16.1,0.89,0,0,0,7,0
12.13,14,5,23.78,6.03,0.93,0,0,0,4,0
58.37,12,2,17.25,3.63,0.836,0,0,1,8,0
12.85,14,5,0.2,6.15,0.468,0,0,0,0,0
52.12,19,6,1.89,1.39,0.817,0,0,0,7,0
147.74,12,9,1.25,3.53,0.666,0,0,2,4,0
26.93,11,5,5.4,2.63,1.088,0,0,1,3,0
122.11,12,0,2.96,7.76,0.757,0,0,0,6,0
51.06,16,9,6.96,1.29,1.324,0,1,1,7,0
31.73,14,5,5.05,8.24,1.193,0,0,0,6,0
57.4,12,8,9.24,4.39,0.966,1,0,0,5,0
92.78,12,2,1.41,7.85,0.947,0,0,0,4,0
13.53,12,8,3.42,5.75,0.549,0,0,2,8,0
39.43,16,1,4.45,3.15,1.301,1,1,2,9,0
8.92,20,5,0.53,10.0,0.685,0,0,1,6,0
62.32,14,1,7.9,2.83,0.879,0,0,2,3,0
28.48,11,4,10.21,2.42,0.778,0,0,0,6,0
46.37,7,0,0.72,3.4,1.144,0,0,2,5,0
23.02,16,8,38.78,0.83,1.054,0,0,0,6,0
12.98,23,1,30.03,5.91,0.763,0,0,0,1,0
40.87,11,4,29.96,2.42,0.633,1,0,2,5,0
34.12,20,1,1.86,3.66,1.709,0,0,1,5,0
24.59,21,2,2.82,0.02,1.072,0,0,1,4,0
55.05,18,4,5.38,8.3,1.783,1,0,0,6,0
41.05,14,4,2.94,2.6,1.623,1,0,0,9,0
70.6,22,0,23.12,1.09,0.853,0,0,0,7,0
16.76,9,1,8.7,25.74,0.888,0,0,1,2,0
13.13,12,0,1.41,1.18,1.371,0,0,2,6,0
49.69,13,7,6.3,1.36,1.643,0,0,0,4,0
35.16,12,3,27.7,2.54,1.68,0,0,1,7,0
5.79,2,8,0.9,0.19,1.191,0,0,1,6,0
9.47,20,6,2.24,2.05,0.945,0,0,0,3,0
25.16,1,9,8.0,1.45,0.812,0,0,0,6,0
59.82,18,0,4.07,2.35,1.652,0,0,2,5,0
113.07,15,7,0.96,5.57,0.343,0,0,0,3,0
52.99,13,8,19.73,2.11,1.249,1,0,1,4,0
95.71,10,5,12.49,3.59,1.559,0,0,2,6,0
53.84,16,7,13.94,2.74,1.078,0,0,1,5,0
96.87,18,0,2.93,11.31,0.599,0,0,1,6,0
80.75,12,1,4.16,1.87,0.918,0,0,1,5,0
7.29,10,7,0.37,0.63,0.994,1,0,2,6,0
7.82,21,8,15.15,5.42,0.599,0,0,2,5,0
14.32,9,8,3.45,2.9,0.899,0,0,1,9,0
32.28,17,1,9.81,11.03,0.843,0,0,1,6,0
11.72,18,6,2.21,3.66,0.738,1,0,0,2,0
13.66,8,8,0.99,5.4,2.026,1,0,2,7,0
165.72,19,3,1.36,10.02,0.472,0,0,1,2,0
106.23,12,8,2.16,3.68,0.604,0,0,0,3,0
24.27,20,6,3.53,0.35,0.576,0,1,1,2,0
179.03,17,5,0.27,2.75,1.122,0,0,0,4,0
104.51,21,3,8.26,4.15,0.602,0,0,3,6,0
49.31,9,9,16.87,13.01,0.592,1,0,1,1,0
22.8,11,5,5.45,7.84,1.323,0,0,1,6,0
20.3,20,2,26.52,9.03,1.144,1,0,0,6,0
14.14,18,9,0.35,1.11,1.091,0,1,1,4,0
12.0,8,9,9.87,1.75,1.166,0,0,1,2,0
73.22,8,0,1.39,4.55,1.241,1,1,0,4,0
245.29,18,3,0.9,4.97,0.809,0,0,1,6,0
33.59,19,2,18.25,2.76,0.434,0,0,0,2,0
66.61,21,8,13.16,0.81,0.721,1,0,1,5,0
33.55,14,0,9.61,1.31,1.104,1,0,0,4,0
7.44,12,9,13.99,6.01,0.448,0,0,0,4,0
53.12,15,6,7.01,5.77,1.362,0,0,0,6,0
10.56,15,1,21.35,6.95,1.837,0,0,0,4,0
13.82,16,0,0.37,1.6,0.919,1,1,2,5,0
49.07,12,0,7.38,1.14,0.748,0,0,1,3,0
4.19,21,9,2.28,0.94,0.768,0,0,1,4,0
16.39,22,7,19.13,2.6,0.869,0,0,0,8,0
3.84,10,9,15.24,8.68,0.761,0,0,0,6,0
16.37,13,5,24.93,4.58,2.07,0,0,0,8,0
18.33,11,3,0.65,6.68,1.098,1,0,0,1,0
212.01,16,8,3.47,5.57,0.762,0,0,1,1,0
25.27,15,1,3.23,4.01,0.597,0,0,1,4,0
87.86,8,4,11.39,1.67,1.205,0,0,0,9,0
19.7,22,0,1.96,3.87,1.26,0,0,1,10,0
27.16,11,7,3.45,1.25,2.078,1,0,0,2,0
22.1,15,3,5.51,4.63,0.569,1,0,0,7,0
16.47,12,0,5.59,9.65,0.822,1,0,1,5,0
50.24,7,0,0.82,0.35,1.531,0,0,1,3,0
27.51,14,7,12.22,2.55,0.984,0,0,0,6,0
54.9,14,1,4.41,1.08,1.213,0,0,0,1,0
54.12,16,6,18.28,1.62,0.669,0,0,0,2,0
43.4,16,6,10.09,4.65,0.479,0,0,0,8,0
24.91,8,8,1.08,3.65,1.366,0,0,1,1,0
44.57,17,0,0.59,4.51,1.155,1,0,1,6,0
48.63,19,2,0.83,0.55,1.059,0,0,1,3,0
44.53,7,4,13.61,1.12,0.491,0,0,2,7,0
43.3,11,5,4.22,3.79,0.709,1,0,1,1,0
16.17,17,9,0.21,4.24,0.862,0,0,2,5,0
21.67,8,5,5.33,13.46,1.143,0,0,2,7,0
70.24,10,5,11.05,17.03,1.28,0,0,1,4,0
14.98,12,7,16.66,11.08,0.899,1,0,1,5,0
38.26,8,4,0.41,3.68,1.386,1,0,0,1,0
11.5,13,3,7.1,1.95,0.959,1,0,1,5,0
6.33,11,1,1.9,2.59,1.611,0,1,0,8,0
51.54,9,7,8.03,10.58,1.065,1,0,0,4,0
10.07,11,1,4.49,10.2,1.032,0,0,2,3,0
20.74,11,5,0.48,6.36,0.943,0,0,1,6,0
84.29,19,5,13.3,9.65,0.934,0,0,2,6,0
11.18,10,1,17.81,1.01,1.033,0,0,0,5,0
76.49,9,2,13.47,3.62,0.792,1,0,0,7,0
74.99,9,1,0.65,17.46,2.613,1,1,0,7,0
29.26,16,0,0.66,4.58,1.452,1,0,1,8,0
64.41,16,2,17.56,0.87,1.979,1,0,0,4,0
68.32,12,1,7.96,0.84,1.42,0,0,0,9,0
10.74,22,0,3.97,15.83,1.1,0,0,2,4,0
12.44,14,2,6.4,0.05,0.689,0,0,3,7,0
211.09,9,0,1.88,1.84,0.71,0,0,1,1,0
8.86,11,5,1.18,0.53,1.087,0,0,0,5,0
16.67,17,6,5.2,20.43,0.975,0,1,0,6,0
24.74,19,6,2.38,8.75,0.909,0,0,1,3,0
12.36,14,3,10.02,3.71,1.327,0,0,1,3,0
15.25,18,2,5.64,12.74,0.892,0,0,0,3,0
53.12,9,2,9.23,3.65,1.027,0,0,2,2,0
28.95,18,1,2.48,6.21,1.15,0,0,1,3,0
218.37,10,7,0.62,7.13,1.16,0,0,1,6,0
26.66,21,0,3.7,10.77,1.792,0,0,0,4,0
10.77,18,4,16.88,1.5,0.715,0,0,1,5,0
3.05,10,9,0.53,19.99,1.188,0,1,0,3,0
4.62,17,5,4.05,5.84,1.722,1,0,2,5,0
16.74,22,4,2.4,4.78,1.262,1,0,0,4,0
57.9,17,7,2.12,1.0,1.842,1,1,1,5,0
233.48,16,8,1.37,12.69,0.676,0,0,0,10,0
65.85,11,3,5.64,4.37,1.267,0,0,2,10,0
55.66,15,4,9.34,0.58,1.152,0,0,1,8,0
32.43,15,5,14.98,5.33,0.825,0,0,1,6,0
66.55,18,8,10.2,6.7,0.411,0,1,1,4,0
7.06,10,0,5.73,0.63,0.807,1,0,1,6,0
12.99,11,5,12.2,10.71,1.711,0,0,0,2,0
54.91,12,3,12.8,10.28,1.09,0,0,2,4,0
14.14,6,3,2.78,0.94,1.552,0,1,1,8,0
16.33,14,4,2.61,13.26,1.371,0,0,1,4,0
18.1,23,3,1.51,3.41,1.565,0,0,2,2,0
50.87,22,4,4.69,3.36,0.859,0,0,0,6,0
18.14,18,1,1.33,2.48,0.998,0,0,0,6,0
60.84,21,7,4.25,1.39,0.561,0,0,1,4,0
53.06,16,1,9.35,13.02,1.826,1,0,1,3,0
119.87,13,2,3.15,2.77,0.569,0,0,2,8,0
72.99,21,4,10.53,6.37,1.505,1,0,1,8,0
49.36,0,7,3.39,13.64,0.519,0,0,0,7,0
27.96,11,2,0.26,6.24,0.937,1,0,1,6,0
19.82,22,5,1.99,11.37,1.858,0,0,2,6,0
83.88,9,5,1.48,10.51,1.399,1,0,3,7,0
21.12,15,4,3.99,1.01,1.224,0,0,1,3,0
16.49,13,7,11.49,0.09,0.724,1,0,1,5,0
21.81,17,5,1.38,3.24,3.256,0,0,3,4,0
35.73,10,2,16.43,7.06,0.525,0,0,2,4,0
18.06,8,4,10.74,1.1,0.899,0,0,0,3,0
37.64,7,3,0.74,0.58,0.532,1,0,0,4,0
90.87,12,5,10.64,0.01,0.894,0,0,1,3,0
14.2,21,2,8.82,0.28,0.745,0,0,1,1,0
23.48,14,3,17.57,5.25,1.14,0,1,2,6,0
71.85,10,0,9.2,7.96,1.548,0,0,0,8,0
59.51,12,6,9.24,6.24,1.075,1,0,1,5,0
20.27,19,7,5.62,13.61,0.951,0,0,2,7,0
11.23,22,4,0.17,0.58,0.647,0,0,0,1,0
25.07,16,0,25.43,2.35,1.047,0,0,1,5,0
36.57,1,5,1.86,14.04,0.821,1,0,0,4,0
438.59,21,9,5.89,5.34,0.953,1,0,1,2,0
99.36,13,6,25.38,1.22,1.919,1,0,2,4,0
4.37,11,0,8.59,1.26,0.895,1,0,1,2,0
27.81,13,4,15.2,5.65,1.085,0,1,1,5,0
70.77,18,1,5.07,0.62,0.616,1,0,0,5,0
45.75,11,6,3.2,0.58,1.379,0,0,1,9,0
47.82,13,1,11.29,1.07,1.307,0,1,0,7,0
30.49,13,7,7.32,10.84,0.971,1,0,0,6,0
9.87,12,4,3.27,1.88,0.985,0,0,0,3,0
30.31,14,5,2.37,7.97,1.412,1,0,0,5,0
24.77,14,6,6.89,1.79,0.525,0,0,2,2,0
46.63,14,5,8.64,5.02,0.818,0,0,0,5,0
21.16,8,0,1.3,0.58,0.396,0,0,3,10,0
71.75,8,3,8.2,0.61,1.02,0,0,1,7,0
21.19,21,0,0.39,1.94,0.927,0,0,0,8,0
15.33,4,5,0.46,6.94,0.89,0,0,1,5,0
27.46,12,3,8.6,3.49,0.649,1,0,3,3,0
3.04,7,3,5.63,17.18,1.239,0,0,0,5,0
32.04,21,4,1.34,5.99,1.067,0,0,0,5,0
60.89,8,1,7.41,1.02,2.048,0,0,1,3,0
321.32,3,0,3.3,0.04,1.278,0,0,1,3,0
17.82,13,0,7.18,2.28,1.232,0,0,0,3,0
58.54,17,1,17.12,4.65,1.614,0,0,1,6,0
156.2,19,3,2.91,2.34,1.479,0,0,0,7,0
12.27,13,1,4.34,11.41,0.516,0,1,3,3,0
26.48,17,6,28.27,8.85,1.222,0,0,2,5,0
39.5,22,0,18.93,1.22,1.002,1,0,0,9,0
92.71,6,1,2.23,0.17,0.564,1,0,0,3,0
79.05,12,3,4.16,0.15,0.88,1,0,0,6,0
70.58,20,0,14.76,1.62,0.894,0,1,1,3,0
37.69,16,5,3.92,2.45,0.968,0,1,0,8,0
43.27,12,5,1.73,6.04,1.339,0,0,1,6,0
185.5,12,0,4.83,1.41,0.533,0,0,2,4,0
16.86,18,4,4.43,0.81,1.582,1,0,0,5,0
26.58,12,3,0.48,4.81,2.362,1,0,0,5,0
19.84,9,3,4.4,9.97,1.218,0,0,2,3,0
6.6,15,0,2.62,2.9,0.522,1,0,0,4,0
145.12,22,7,2.26,3.97,0.886,0,0,0,6,0
8.3,10,3,6.26,0.03,1.125,0,0,1,4,0
9.31,12,1,10.22,2.93,0.811,0,0,0,4,0
93.54,3,3,9.44,7.11,0.602,1,0,0,3,0
14.22,0,0,3.06,1.27,0.677,0,0,3,5,0
77.74,11,5,22.22,0.13,0.621,0,0,1,5,0
16.41,13,6,2.09,8.93,1.114,0,0,2,5,0
44.35,18,0,0.88,7.34,1.192,0,0,1,5,0
188.85,21,5,3.15,2.06,1.115,1,0,0,7,0
57.51,19,8,2.25,4.38,2.721,0,1,0,6,0
19.9,12,2,2.38,4.19,1.756,0,0,2,6,0
12.55,2,9,23.7,4.0,1.427,1,0,0,3,0
51.76,8,4,6.41,1.46,1.201,1,0,0,5,0
29.75,14,3,1.92,2.71,0.703,0,0,3,8,0
30.7,21,0,6.58,5.24,1.688,0,0,0,9,0
25.63,17,6,9.7,3.17,1.135,0,0,1,4,0
38.89,17,2,1.33,0.45,0.96,0,0,0,2,0
12.94,18,8,3.94,13.29,1.021,0,1,0,5,0
11.83,13,1,3.22,0.16,1.634,0,0,0,3,0
7.85,5,9,7.14,0.71,1.182,0,0,1,6,0
7.88,8,4,1.89,1.21,0.552,0,0,0,4,0
4.17,16,3,15.36,2.3,1.226,0,0,0,7,0
35.98,17,7,10.68,9.09,0.403,0,0,0,5,0
48.1,15,2,5.02,3.75,1.045,0,0,1,2,0
2.93,0,5,2.8,3.5,0.853,0,0,0,7,0
157.4,16,8,21.94,18.95,1.106,1,0,1,4,0
81.19,22,1,6.53,2.34,0.538,1,0,1,4,0
5.12,19,1,1.12,2.89,1.246,1,0,0,5,0
180.84,9,0,4.61,3.61,1.44,0,0,1,4,0
11.23,19,1,27.78,1.99,1.103,0,0,1,9,0
12.45,12,2,4.47,1.71,1.078,0,0,1,3,0
8.91,17,4,2.77,5.24,0.772,1,0,1,3,0
81.77,2,2,1.97,9.36,1.082,1,0,2,6,0
13.31,15,8,7.49,1.69,0.733,0,0,0,3,0
98.7,11,4,3.79,8.4,0.585,1,0,0,2,0
59.72,14,8,10.16,7.27,0.749,0,0,1,4,0
19.5,9,0,8.45,0.65,0.742,0,0,1,8,0
31.99,11,2,5.61,1.99,0.944,0,0,2,4,0
105.28,12,3,0.99,8.34,0.983,0,0,1,6,0
5.82,10,9,7.19,15.47,1.013,0,0,0,5,0
47.74,7,5,5.44,13.52,1.148,0,0,0,5,0
17.68,20,0,10.37,4.37,1.001,1,0,1,6,0
80.85,17,3,3.73,2.46,1.358,0,0,0,4,0
46.98,9,3,18.46,0.27,0.772,1,0,1,9,0
85.27,17,7,5.37,7.86,1.006,0,0,2,1,0
33.36,12,0,4.26,6.62,1.188,1,1,1,8,0
34.42,8,7,3.26,8.13,1.304,0,0,1,3,0
12.55,12,3,2.82,5.4,1.108,0,0,1,4,0
14.46,21,3,4.63,2.99,0.845,1,0,0,6,0
22.09,11,5,6.55,4.55,0.628,1,0,1,4,0
32.58,12,1,19.85,3.75,1.145,0,0,1,7,0
21.27,11,0,3.94,3.59,0.902,1,0,1,7,0
7.15,17,1,10.28,6.67,1.181,0,0,1,6,0
154.8,21,2,2.01,8.37,0.595,0,0,1,7,0
141.97,12,2,12.74,4.63,1.004,0,0,1,9,0
108.99,0,4,1.81,5.65,0.578,0,1,3,6,0
23.98,17,3,25.65,0.38,0.827,0,0,0,2,0
53.15,12,3,4.78,4.56,1.478,1,0,1,4,0
54.13,8,1,19.23,7.64,0.862,0,0,0,6,0
42.84,7,3,1.98,4.57,1.329,0,0,2,6,0
67.16,13,0,2.02,10.7,0.76,0,0,1,4,0
32.06,21,8,19.98,3.02,1.033,0,0,2,7,0
50.49,16,9,3.24,14.07,1.205,0,0,0,7,0
30.83,7,1,2.91,0.87,1.083,0,0,0,8,0
71.89,10,8,9.28,1.37,0.99,0,0,2,5,0
13.37,22,9,11.43,6.96,0.926,0,0,1,5,0
7.8,17,1,8.36,10.69,2.845,1,0,1,6,0
174.86,19,8,45.15,1.89,1.361,0,1,3,0,0
124.98,9,3,5.21,2.53,1.291,0,0,0,9,0
127.16,15,1,1.29,4.83,0.409,0,0,0,7,0
49.85,21,1,11.0,16.3,1.535,0,0,3,6,0
14.82,13,1,7.43,3.37,1.808,0,0,1,5,0
49.27,16,5,1.24,1.87,1.737,0,0,1,8,0
4.27,16,5,5.87,1.2,1.041,0,0,1,4,0
29.78,17,2,4.43,9.15,0.574,0,0,0,3,0
15.29,17,0,6.1,10.97,0.898,0,1,0,7,0
20.46,11,0,8.28,0.13,0.541,1,0,0,2,0
8.84,12,8,3.14,3.72,1.86,0,0,1,3,0
405.63,21,7,4.03,10.6,0.757,0,0,0,3,0
128.1,9,5,8.26,0.29,1.035,1,0,2,3,0
7.42,18,1,3.79,2.86,0.752,1,1,1,6,0
25.97,21,9,5.56,0.47,0.727,0,0,1,4,0
16.78,13,4,18.99,3.95,1.336,0,0,1,3,0
16.04,3,6,3.09,0.55,0.606,0,1,0,4,0
55.59,17,1,2.0,8.3,1.044,0,0,2,3,0
59.12,9,6,5.45,1.98,1.01,0,0,0,7,0
61.49,20,2,1.39,4.02,1.16,0,0,3,9,0
15.61,9,0,3.98,0.19,1.346,0,0,1,3,0
20.25,22,8,39.53,2.41,0.981,0,0,1,4,0
120.11,18,7,4.87,4.36,1.693,0,0,0,3,0
26.53,9,1,6.26,0.77,0.735,0,0,0,9,0
4.59,22,2,26.82,2.35,1.569,1,0,0,4,0
52.68,21,1,7.62,4.21,0.403,0,0,1,3,0
42.85,17,2,0.89,6.01,1.021,0,0,0,8,0
43.29,9,8,11.38,0.89,0.964,0,1,1,4,0
11.8,23,0,0.43,7.34,1.243,0,0,3,7,0
19.71,11,4,6.7,14.31,1.592,1,1,0,5,0
31.5,12,7,3.49,0.52,0.867,1,0,1,9,0
69.4,15,3,20.25,0.35,0.892,0,1,1,5,0
7.17,8,7,2.95,5.7,0.956,0,0,0,5,0
37.44,13,3,0.02,5.41,1.092,1,0,1,9,0
33.76,14,8,5.85,4.71,1.258,0,0,0,4,0
50.14,10,3,10.62,8.69,0.882,0,0,0,5,0
106.82,14,3,1.53,9.57,1.891,0,0,0,7,0
26.73,12,1,1.93,5.22,0.635,1,0,1,7,0
48.07,10,2,8.55,1.59,0.916,0,0,2,0,0
141.32,12,2,22.25,0.18,1.278,0,0,0,5,0
85.66,11,7,4.31,5.96,0.454,0,0,0,4,0
40.98,11,1,3.51,0.14,1.227,1,0,1,5,0
29.06,14,2,14.09,4.73,1.236,0,0,2,4,0
120.63,11,3,0.89,5.57,1.431,1,0,0,6,0
23.25,0,3,2.91,3.17,1.253,0,0,2,6,0
11.05,10,4,1.29,10.84,1.291,0,0,2,2,0
34.62,12,5,2.52,2.43,0.86,0,0,0,2,0
9.47,13,4,8.35,6.7,1.142,0,0,0,7,0
242.63,20,7,0.76,0.63,0.537,0,0,0,3,0
27.02,16,9,10.95,1.23,1.247,0,0,0,7,0
8.25,11,7,22.15,6.99,0.989,0,0,0,6,0
132.78,14,3,1.06,10.17,1.067,0,0,1,4,0
16.29,18,8,7.13,2.28,1.344,1,0,1,6,0
129.74,14,5,2.56,0.6,1.141,0,0,1,6,0
326.62,9,2,6.8,2.8,0.981,1,0,1,6,0
23.54,15,8,1.36,9.89,0.9,1,0,1,11,0
423.69,13,3,1.13,1.38,0.805,1,0,0,7,0
39.8,21,6,9.93,1.37,1.4,1,0,0,2,0
64.61,13,8,9.83,10.52,0.996,1,0,1,5,0
51.37,20,5,7.54,3.57,0.619,0,0,2,5,0
29.48,0,4,0.72,3.07,1.035,0,0,1,7,0
108.53,17,1,0.01,15.44,1.581,0,0,0,8,0
19.39,14,0,10.54,1.26,0.804,0,0,0,2,0
62.03,17,8,0.64,1.72,1.953,0,0,1,10,0
14.94,1,5,1.12,0.02,0.588,0,0,0,6,0
23.07,21,5,13.79,5.31,1.655,0,0,1,3,0
94.93,12,5,8.95,3.96,1.94,1,0,1,5,0
31.96,18,5,24.29,2.99,1.711,0,0,2,5,0
28.3,12,3,27.71,5.8,0.553,0,0,0,8,0
35.64,15,8,0.41,4.25,1.083,1,0,0,2,0
54.58,15,8,16.9,0.05,0.772,0,0,0,4,0
266.68,11,6,5.81,3.28,0.92,1,0,0,4,0
48.14,20,0,11.04,0.27,0.731,0,0,2,5,0
48.71,9,2,1.05,0.7,0.85,1,0,1,4,0
10.4,20,1,5.09,0.14,0.904,1,0,2,3,0
48.41,18,5,0.37,8.79,2.262,0,0,1,3,0
97.52,10,8,3.51,0.2,1.415,0,0,1,6,0
104.21,22,4,0.01,3.56,0.731,1,0,1,3,0
40.15,9,4,11.39,2.92,0.674,0,0,1,4,0
36.33,20,8,11.77,6.13,0.631,0,0,1,12,0
33.87,15,6,26.58,12.92,1.396,0,0,0,5,0
39.83,14,3,7.04,0.08,2.3,0,0,1,0,0
36.27,9,6,2.06,0.0,1.816,0,0,0,5,0
52.88,15,3,3.91,10.38,1.43,1,0,0,4,0
114.96,12,2,17.48,1.67,0.899,0,1,0,6,0
101.6,10,1,10.42,0.39,0.511,0,0,1,3,0
15.89,16,2,13.16,12.88,1.536,0,0,1,7,0
5.9,10,7,3.96,1.0,1.109,1,0,1,5,0
19.32,15,4,8.04,4.96,0.534,0,0,1,10,0
31.97,14,4,5.14,2.11,0.595,0,0,2,3,0
24.3,16,7,2.93,4.87,1.431,0,0,1,5,0
64.66,15,5,0.52,4.07,1.732,0,1,1,1,0
64.04,10,3,26.42,2.25,0.56,0,0,0,5,0
48.52,12,4,0.37,0.96,0.914,0,0,0,4,0
28.58,14,0,7.97,3.85,2.189,0,0,1,7,0
4.17,10,8,26.75,1.85,1.452,1,0,0,7,0
2.12,19,8,4.89,8.04,0.57,1,0,3,4,0
16.82,20,5,1.29,1.36,0.797,0,0,1,1,0
5.79,17,1,0.98,14.5,0.932,1,0,1,7,0
34.21,6,1,2.6,2.14,0.832,0,0,2,6,0
25.83,21,1,3.26,2.29,0.748,0,0,0,5,0
14.24,17,3,9.13,11.26,1.563,0,0,1,6,0
20.93,2,8,10.51,59.64,7.201,0,0,3,7,1
53.06,8,3,8.63,4.88,1.841,0,0,1,6,0
11.89,9,6,10.04,9.6,0.927,0,0,1,5,0
54.78,21,3,4.21,2.15,1.411,0,0,0,2,0
256.12,12,2,5.98,4.31,0.627,0,0,3,3,0
301.75,15,5,21.39,11.58,1.671,0,0,1,6,0
95.6,9,7,0.05,5.57,0.647,0,0,1,10,0
92.21,11,1,4.2,6.73,1.482,0,0,0,1,0
49.2,15,3,3.9,5.77,0.869,0,0,1,6,0
17.68,18,0,0.41,0.78,1.62,0,0,2,6,0
35.29,19,4,13.71,1.25,0.41,1,0,0,2,0
13.43,12,9,4.84,0.26,1.495,0,0,2,8,0
14.2,12,2,10.99,3.1,0.856,1,0,2,2,0
83.61,13,6,2.26,1.91,1.001,1,0,0,6,0
20.85,8,6,8.79,19.13,1.005,0,0,1,4,0
9.73,12,6,0.75,0.4,1.016,0,0,2,0,0
119.04,16,4,0.42,0.77,0.681,0,0,2,4,0
19.31,8,2,6.06,2.73,1.549,0,1,2,13,0
33.54,9,9,4.84,10.19,0.827,0,0,2,2,0
86.66,6,4,2.51,6.78,0.682,0,0,1,4,0
20.68,22,5,4.81,3.68,0.98,0,0,0,4,0
7.06,14,1,2.06,1.16,0.562,1,0,1,4,0
58.94,14,4,4.71,2.03,0.816,0,0,1,4,0
52.63,15,9,3.53,20.16,1.244,0,0,0,7,0
34.4,18,9,18.65,1.09,0.852,0,0,2,6,0
176.15,12,4,19.64,1.4,1.514,0,0,0,2,0
68.65,12,2,5.33,7.16,0.904,1,0,1,8,0
133.22,11,1,5.74,5.18,0.776,0,1,2,8,0
9.53,15,8,9.52,4.85,0.898,1,0,0,4,0
20.6,12,1,7.11,4.0,1.499,0,0,0,3,0
22.84,7,2,6.81,0.01,0.719,0,0,1,7,0
23.48,18,8,5.67,2.16,1.518,1,1,1,6,0
61.96,12,2,10.54,11.71,0.731,1,0,0,4,0
37.99,14,8,0.43,13.46,2.601,0,0,2,10,0
6.03,9,2,7.83,3.11,0.763,1,0,3,4,0
27.17,21,8,4.09,1.91,0.638,0,0,0,4,0
5.1,8,3,25.95,9.66,1.118,0,0,3,3,0
48.99,20,1,2.61,6.68,1.457,0,0,0,8,0
27.26,12,1,4.19,1.74,0.881,0,0,1,6,0
58.25,12,2,5.36,0.01,1.708,1,0,0,6,0
147.33,11,8,10.72,1.58,1.542,0,0,4,7,0
21.74,15,4,15.81,10.36,1.803,0,0,1,7,0
7.05,22,1,0.63,0.45,2.539,1,0,1,8,0
35.34,11,8,1.99,0.92,1.849,0,0,2,6,0
60.97,19,6,0.65,6.09,0.938,0,1,2,5,0
36.13,18,2,6.88,9.1,0.851,0,0,0,4,0
4.75,17,5,5.43,2.21,0.458,0,0,0,4,0
16.7,13,0,1.0,0.79,1.174,1,0,2,7,0
8.14,9,7,3.9,1.03,0.977,0,1,3,12,0
17.62,13,2,15.06,3.22,1.063,0,0,0,3,0
19.95,19,0,20.52,2.07,1.037,0,0,1,5,0
12.33,17,4,20.91,1.98,1.135,0,0,1,5,0
42.98,12,1,1.27,3.16,1.279,0,0,1,6,0
8.85,15,5,3.59,10.56,0.668,0,0,1,7,0
11.47,20,4,4.74,1.81,1.047,0,0,0,4,0
40.59,19,2,11.41,2.82,2.538,0,0,3,5,0
59.65,17,4,24.55,1.01,0.998,0,0,2,4,0
7.78,17,1,7.74,0.11,0.342,0,0,1,2,0
51.97,21,4,2.42,0.6,0.762,1,0,1,8,0
42.82,9,4,15.67,6.05,0.529,0,0,3,4,0
28.96,15,7,21.53,8.62,0.897,0,0,1,8,0
92.64,10,6,4.0,3.24,0.566,0,0,0,4,0
50.08,17,1,1.34,2.99,1.874,1,0,1,6,0
40.64,21,3,3.15,6.35,0.94,1,0,1,7,0
28.7,9,5,0.95,14.11,0.774,0,1,1,2,0
37.01,9,0,3.56,0.23,0.744,0,0,0,5,0
118.5,20,7,20.13,10.73,0.84,0,0,0,4,0
151.87,15,2,2.33,7.0,1.686,0,0,0,5,0
21.07,13,5,2.77,2.46,0.679,0,0,1,5,0
73.55,15,0,55.95,0.22,1.093,0,0,0,6,0
14.41,18,5,1.41,1.1,1.006,1,0,0,3,0
90.22,14,7,1.12,2.39,0.883,0,0,3,4,0
176.31,11,0,1.86,8.47,1.416,0,0,0,7,0
162.91,22,3,8.74,1.42,1.419,0,0,2,3,0
26.89,9,4,0.04,7.13,1.367,1,0,1,6,0
62.52,9,3,14.39,4.51,1.13,1,0,0,2,0
2.34,9,5,45.49,5.62,0.836,0,0,0,6,0
49.05,16,0,9.72,17.27,1.027,0,1,2,10,0
3.61,19,0,7.09,16.13,0.671,0,0,1,5,0
37.48,19,0,4.19,0.59,1.478,0,0,0,9,0
14.21,19,9,9.89,7.8,0.726,0,0,3,0,0
45.15,18,2,3.41,12.27,1.689,0,0,1,3,0
38.74,16,0,2.26,2.2,1.023,0,0,2,6,0
47.82,7,0,9.39,10.29,0.716,0,0,3,2,0
43.2,16,3,5.55,0.81,0.519,0,0,0,1,0
31.24,9,3,10.94,11.49,1.976,1,0,1,7,0
89.77,13,0,15.57,0.67,0.603,0,0,1,3,0
8.98,14,3,1.96,6.54,1.431,0,0,1,10,0
54.65,8,0,17.4,1.14,1.076,0,0,0,5,0
21.58,17,1,3.71,12.01,1.489,1,0,1,3,0
11.55,13,6,7.96,3.27,0.696,1,0,1,4,0
31.1,22,3,14.43,5.48,1.318,1,0,1,3,0
24.17,19,3,0.46,9.48,0.959,0,0,1,5,0
1426.87,23,3,23.59,3.0,15.141,1,0,5,9,1
156.01,15,2,8.39,3.08,0.923,0,0,1,5,0
7.71,3,0,4.3,1.17,0.627,1,0,2,10,0
51.21,11,7,0.59,6.74,1.002,0,0,2,4,0
21.84,7,4,10.42,1.83,1.047,1,1,1,1,0
76.06,23,5,3.9,14.6,0.697,0,0,2,6,0
18.13,12,0,3.66,4.85,0.527,1,0,1,4,0
18.4,11,9,4.73,0.51,1.552,0,0,1,4,0
26.73,7,5,14.07,4.99,0.874,0,0,0,4,0
25.25,20,3,11.99,5.74,0.803,0,0,0,4,0
75.73,20,0,15.86,11.94,1.134,0,0,1,2,0
62.41,10,0,6.41,5.54,1.054,1,0,0,3,0
190.74,18,8,1.03,2.14,0.813,0,0,0,5,0
3.16,14,8,6.11,2.17,1.321,1,0,0,8,0
105.62,18,2,8.7,0.81,0.954,0,0,0,8,0
31.0,22,7,7.57,0.48,0.881,0,0,0,9,0
78.95,15,6,1.63,8.91,1.46,1,1,0,1,0
32.39,9,2,12.28,6.13,0.75,0,0,0,5,0
122.87,10,2,1.49,7.3,1.437,0,0,0,4,0
12.78,20,2,7.77,0.81,1.662,1,0,1,8,0
12.44,7,6,0.77,4.67,0.677,0,0,0,7,0
32.71,16,7,0.83,6.78,1.77,0,0,0,5,0
95.59,18,5,57.77,14.32,1.366,1,0,0,3,0
12.4,2,7,0.69,10.71,3.63,0,0,0,3,0
89.51,16,1,1.6,3.24,0.843,1,0,0,1,0
259.17,11,6,2.58,6.44,1.04,0,0,2,3,0
201.85,23,7,5.59,19.37,1.955,1,1,3,12,1
90.66,17,4,19.82,17.81,0.933,0,0,0,3,0
71.81,18,6,23.47,1.81,1.397,0,0,0,4,0
20.01,14,2,5.8,5.3,0.438,0,0,0,6,0
35.57,22,3,12.25,12.52,0.931,0,0,2,6,0
31.37,19,5,6.35,0.15,0.602,0,0,0,2,0
68.94,16,2,2.56,2.85,0.702,1,0,0,11,0
127.08,7,0,4.87,2.71,0.85,0,0,1,6,0
20.13,15,2,8.32,6.57,1.42,0,0,1,5,0
32.87,15,6,0.31,1.02,0.858,0,0,2,3,0
36.03,14,8,13.56,3.16,0.466,0,0,2,9,0
119.77,12,0,8.82,4.36,0.861,0,0,1,5,0
32.16,15,5,0.09,15.35,1.198,1,0,0,8,0
25.63,12,8,6.2,16.92,1.107,1,0,0,7,0
67.12,14,1,11.59,7.21,0.739,1,0,2,2,0
10.17,18,7,6.83,10.25,0.887,1,0,1,3,0
15.61,14,1,6.21,3.09,0.992,0,0,0,9,0
8.85,7,0,8.9,1.26,1.266,0,0,0,1,0
86.12,21,6,3.49,4.09,0.669,1,0,1,5,0
76.63,20,2,0.02,16.9,1.428,0,0,0,5,0
47.44,14,5,0.59,0.48,0.965,0,1,1,6,0
46.33,0,2,2.87,1.23,1.03,0,0,0,2,0
8.4,20,3,24.0,6.43,1.81,1,0,0,6,0
45.05,8,2,5.05,3.11,0.719,0,0,0,6,0
80.23,10,2,14.11,12.02,0.936,0,1,1,7,0
101.59,20,6,1.55,4.9,0.683,0,0,1,2,0
92.7,12,8,2.19,6.02,0.642,0,0,1,6,0
263.0,4,3,3.29,12.14,9.132,0,0,4,18,1
45.14,8,0,14.2,0.97,0.487,0,0,0,6,0
70.66,11,9,16.03,0.37,0.858,0,0,1,4,0
391.59,3,7,4.69,62.6,7.157,0,0,3,4,1
1358.2,6,6,74.94,63.64,0.537,0,0,8,10,1
24.14,13,7,3.95,5.98,1.33,0,0,2,5,0
12.5,6,8,0.93,0.17,0.922,0,0,1,9,0
10.86,8,2,6.3,0.32,0.743,0,1,1,2,0
6.4,19,6,11.13,3.47,1.156,1,0,1,5,0
42.94,15,8,3.29,4.56,0.916,1,0,2,4,0
45.11,14,8,7.72,7.73,1.011,0,0,0,4,0
15.46,10,9,4.2,10.01,0.75,0,0,0,5,0
32.72,17,4,2.02,2.79,0.507,0,0,1,6,0
72.43,18,0,0.27,7.16,0.999,1,0,0,6,0
12.35,13,0,6.58,0.54,1.291,1,0,0,11,0
133.21,9,9,3.99,3.91,0.557,1,0,1,1,0
81.12,18,8,22.78,20.19,2.543,1,0,5,9,1
17.86,20,4,1.59,11.54,1.575,0,1,1,4,0
34.79,15,0,25.46,4.29,0.495,0,1,0,9,0
34.18,8,7,1.26,6.1,0.595,0,0,0,6,0
39.73,20,0,4.42,15.24,0.937,0,1,2,7,0
12.4,17,6,40.25,7.61,1.466,0,0,1,2,0
273.5,15,4,9.77,1.39,1.301,0,0,1,4,0
23.74,19,1,8.42,4.16,0.472,0,1,4,12,0
2.48,17,4,1.41,7.49,0.668,0,0,3,2,0
27.72,20,3,0.98,0.91,1.066,1,0,1,3,0
76.84,19,2,1.55,3.54,1.207,1,0,0,5,0
12.61,15,0,3.42,3.91,1.767,0,1,0,7,0
95.37,13,5,11.6,2.83,1.647,1,0,2,1,0
26.48,18,4,3.17,0.41,0.716,0,0,3,4,0
166.05,20,6,5.39,2.13,0.498,0,0,3,6,0
42.83,13,6,2.07,0.94,0.826,1,1,1,5,0
57.56,9,8,7.36,18.63,0.802,1,0,0,3,0
3529.74,19,7,51.84,105.27,4.65,1,1,5,9,1
33.26,14,3,9.26,12.3,1.03,0,0,0,6,0
32.1,15,1,0.08,2.48,1.27,0,1,1,8,0
30.89,14,1,27.26,1.77,1.431,0,0,1,2,0
54.42,17,2,0.43,7.97,3.035,0,0,0,1,0
122.04,18,2,3.2,0.96,0.94,0,1,0,10,0
139.99,17,0,2.34,1.35,1.134,1,1,0,3,0
26.75,12,5,7.91,0.61,1.249,1,0,1,8,0
10.34,8,8,23.31,4.53,1.728,1,0,0,7,0
24.49,17,2,0.02,2.95,1.442,1,0,0,3,0
24.2,13,7,10.77,0.36,1.405,0,0,0,4,0
39.46,14,0,28.18,1.87,1.459,0,0,1,8,0
11.76,18,1,20.44,8.04,1.042,0,1,0,3,0
104.99,11,4,0.51,8.1,0.787,0,0,3,6,0
33.51,14,0,0.42,10.31,1.839,0,0,0,3,0
8.61,19,7,17.23,0.1,0.902,1,0,2,1,0
581.27,17,6,8.45,6.94,2.093,0,0,0,3,0
4.27,12,5,6.75,0.8,0.696,0,0,0,7,0
21.82,16,0,11.04,3.01,1.363,0,0,1,2,0
35.47,14,0,28.35,10.15,0.482,0,0,0,7,0
28.78,20,4,0.25,2.46,0.754,0,0,1,5,0
8.4,22,0,18.29,2.74,1.237,1,0,0,2,0
19.06,22,5,13.82,6.35,1.466,0,0,1,5,0
79.1,12,9,0.03,3.68,0.782,1,0,0,3,0
49.88,15,6,0.58,9.24,0.823,0,0,1,5,0
22.98,13,0,9.59,2.04,1.065,1,0,1,3,0
288.59,19,4,39.5,10.65,1.48,0,0,1,3,0
7.17,12,1,15.47,6.73,0.822,1,0,0,3,0
35.14,21,9,5.61,2.51,1.101,1,1,1,5,0
60.59,7,1,19.61,0.11,0.66,0,0,0,4,0
29.02,19,2,34.87,8.42,1.181,0,0,1,4,0
53.46,19,4,8.83,1.69,1.157,0,0,1,3,0
136.3,13,9,7.99,2.73,0.79,0,0,2,7,0
23.15,11,1,10.97,4.01,1.2,1,1,0,5,0
23.66,18,3,5.14,0.48,0.738,1,1,1,5,0
28.16,20,9,1.75,14.51,0.59,0,0,3,2,0
25.0,18,1,4.94,0.33,1.294,0,0,1,8,0
3.63,14,3,2.56,2.98,1.111,1,0,0,3,0
146.92,13,5,4.94,3.79,1.038,0,0,1,3,0
30.18,22,3,0.7,11.93,0.863,0,0,0,1,0
47.53,14,3,0.79,0.37,1.002,0,0,2,7,0
29.0,0,4,14.48,2.17,1.164,0,0,0,5,0
9.37,6,1,4.3,10.73,1.971,0,0,2,4,0
27.21,11,1,0.31,2.63,1.444,1,0,0,6,0
33.56,19,3,2.91,7.26,1.561,0,0,0,4,0
75.23,11,7,10.59,0.81,0.937,0,0,1,6,0
32.48,20,5,36.89,5.43,0.949,1,0,1,5,0
9.51,13,8,40.95,25.98,0.413,0,0,1,6,0
82.1,18,5,26.01,1.86,1.561,1,0,1,8,0
11.38,21,7,4.61,5.0,1.171,1,0,0,7,0
8.73,11,2,1.26,9.09,1.224,1,0,1,3,0
37.41,19,7,7.84,0.59,0.908,0,0,2,2,0
100.15,17,7,1.69,24.86,1.072,0,0,1,7,0
55.18,22,8,13.67,4.18,1.741,1,0,0,7,0
16.24,0,0,7.0,0.27,1.567,1,0,0,3,0
4.21,9,5,9.9,1.2,0.558,0,0,1,8,0
43.67,12,6,6.42,16.76,1.283,0,0,0,2,0
65.49,17,8,19.33,35.12,2.204,0,0,1,5,0
23.05,15,8,11.85,12.27,0.822,0,0,2,5,0
195.45,10,0,9.47,16.46,0.977,0,1,0,10,0
19.11,6,5,12.93,3.43,1.758,0,1,0,8,0
1573.37,20,3,4.98,58.13,1.56,0,1,2,15,1
49.65,18,0,10.09,7.39,1.322,0,0,1,6,0
148.53,9,2,7.64,3.27,2.14,0,1,1,10,0
18.83,9,7,3.8,10.84,0.922,0,0,2,6,0
133.68,14,6,3.73,13.96,1.16,1,0,2,4,0
53.36,12,4,21.58,1.0,0.601,0,0,1,6,0
14.85,0,4,0.87,5.32,1.953,0,0,1,8,0
32.53,9,7,4.19,7.17,0.94,0,0,1,2,0
152.7,11,0,0.95,13.26,1.277,0,0,3,2,0
12.1,22,3,1.29,8.49,2.177,0,0,2,1,0
167.13,20,4,10.67,4.7,0.699,1,0,1,5,0
14.2,14,6,0.1,7.15,1.074,0,1,0,1,0
65.8,18,3,5.31,0.27,1.329,1,0,0,3,0
6.94,10,3,3.76,10.13,0.702,0,0,0,5,0
42.05,21,6,1.48,2.15,1.447,0,0,1,5,0
23.74,13,7,3.27,2.07,1.927,0,0,1,5,0
23.52,14,0,2.52,0.81,0.75,0,0,1,7,0
32.59,10,3,11.43,17.58,1.004,0,0,0,5,0
27.72,1,2,2.38,3.78,0.901,1,0,0,8,0
30.11,8,6,0.77,1.95,0.778,0,0,2,5,0
63.88,18,3,11.35,5.53,1.033,0,0,0,5,0
44.44,19,9,9.4,5.32,0.623,0,0,0,6,0
79.15,12,4,12.19,10.29,0.75,0,0,0,8,0
44.3,17,3,2.17,14.05,1.005,1,0,2,3,0
35.81,7,2,4.36,3.71,1.617,1,0,1,5,0
42.89,11,1,4.73,12.61,1.059,0,0,1,9,0
45.8,11,4,18.02,1.07,2.086,1,0,0,6,0
20.71,20,1,7.89,11.48,0.933,0,0,1,4,0
22.98,10,5,22.35,0.08,0.821,1,0,0,8,0
179.89,17,2,1.64,8.57,1.305,0,1,2,5,0
40.76,7,8,1.48,0.54,1.826,0,0,0,4,0
26.23,17,2,3.14,4.52,2.002,0,0,0,5,0
21.84,11,8,9.08,4.26,0.792,0,0,0,2,0
12.08,14,6,0.78,10.92,1.106,0,0,2,9,0
29.9,1,9,5.66,2.59,0.763,1,0,1,3,0
7.29,0,0,4.2,3.96,0.683,0,0,0,4,0
21.08,20,1,39.29,2.93,0.625,0,0,0,6,0
22.38,14,1,6.7,7.11,2.386,0,0,1,6,0
15.99,10,7,6.75,2.62,0.559,0,0,2,5,0
127.22,19,7,7.22,4.97,1.103,0,0,1,9,0
69.83,16,1,8.6,2.09,0.928,0,0,1,3,0
8.12,11,3,13.96,1.2,1.769,1,0,0,3,0
42.5,17,7,8.89,16.41,0.721,1,0,0,4,0
11.57,12,1,7.02,10.62,0.572,0,0,0,8,0
76.04,14,6,37.28,3.1,1.449,0,0,0,4,0
90.91,17,0,0.19,6.83,1.481,0,0,0,2,0
14.62,11,0,0.46,0.09,1.001,0,1,2,4,0
29.05,9,3,4.63,4.86,0.718,0,0,1,6,0
14.85,7,0,4.9,4.74,0.933,0,0,0,5,0
238.43,19,0,2.56,5.56,0.683,0,0,1,5,0
11.7,19,2,0.82,4.95,0.857,0,0,0,5,0
7.22,19,6,2.1,6.03,0.448,1,0,1,5,0
13.65,19,1,7.5,4.95,1.448,0,0,0,2,0
29.69,9,1,14.59,1.07,1.854,0,0,0,2,0
36.8,14,5,12.62,5.51,0.893,0,0,0,7,0
5.58,16,9,0.1,6.53,1.385,0,1,1,5,0
26.22,18,5,5.62,7.85,1.258,0,0,1,3,0
62.97,13,0,8.23,1.92,0.39,1,0,0,7,0
11.52,14,8,8.58,7.3,1.151,1,0,4,8,0
40.81,9,8,1.75,0.24,1.516,0,0,1,8,0
196.94,8,6,0.75,3.33,0.676,0,0,0,7,0
85.23,13,1,28.42,17.7,0.786,0,0,2,5,0
23.56,11,5,1.62,6.87,1.408,1,0,2,5,0
79.16,10,1,2.96,6.83,1.86,0,0,1,4,0
48.7,13,0,1.07,11.57,0.512,0,0,0,5,0
59.2,17,7,1.0,6.79,1.223,0,0,1,5,0
33.47,3,9,0.42,9.56,0.73,0,0,1,5,0
30.65,18,3,10.48,17.48,0.923,0,1,0,7,0
57.74,17,6,4.44,5.91,0.789,0,1,0,10,0
71.58,1,7,6.8,4.4,1.152,0,0,2,1,0
57.41,23,3,99.99,39.52,1.268,0,0,3,19,1
127.88,13,2,0.76,0.64,0.36,1,0,0,4,0
5.09,13,6,14.23,0.1,1.132,0,0,0,3,0
102.29,23,3,7.44,8.44,1.213,0,0,1,7,0
30.29,12,4,2.07,4.59,0.993,0,0,0,5,0
14.55,14,9,10.33,11.04,1.657,1,0,1,4,0
157.43,21,2,31.05,1.07,3.11,0,1,5,9,1
24.39,18,5,2.26,7.91,1.32,1,0,0,2,0
44.13,21,0,3.71,0.08,0.735,0,0,1,3,0
19.77,16,1,1.9,8.85,0.986,1,0,3,3,0
9.78,17,3,2.86,0.69,0.876,0,0,1,3,0
25.75,7,5,7.29,3.59,1.028,0,0,3,3,0
153.05,10,1,13.91,5.8,0.9,0,0,1,4,0
15.7,12,2,0.02,2.08,0.983,0,0,0,2,0
397.5,12,5,1.11,7.78,1.026,0,0,0,1,0
1.75,13,2,5.77,3.76,0.478,0,0,0,7,0
107.88,18,2,1.53,10.92,0.833,0,0,2,4,0
35.63,11,1,3.05,5.87,0.703,1,0,1,3,0
95.31,17,4,2.15,4.14,0.996,1,0,1,6,0
17.54,11,3,3.68,4.61,0.947,1,0,1,4,0
36.22,11,5,12.82,8.53,1.253,0,0,0,5,0
26.21,19,5,0.78,4.37,1.181,0,0,1,6,0
27.48,12,0,11.35,2.25,0.894,0,0,0,5,0
134.24,8,6,11.83,1.77,0.937,0,1,0,5,0
57.5,15,3,16.86,1.01,0.722,0,0,2,8,0
31.05,11,3,1.3,3.77,1.086,0,0,0,9,0
116.47,21,4,9.73,0.06,1.092,1,0,2,4,0
32.61,11,5,6.92,0.23,2.041,1,0,0,6,0
55.15,19,2,5.92,2.26,1.365,0,0,1,5,0
67.71,11,8,1.03,0.65,1.266,0,0,2,3,0
44.62,19,7,0.62,0.53,1.422,0,0,3,5,0
26.53,0,0,5.13,3.84,0.574,0,0,1,7,0
150.08,6,3,0.14,8.85,0.626,0,0,0,6,0
7.34,15,9,8.77,0.86,0.732,0,0,2,4,0
25.01,21,1,24.45,0.4,0.614,0,0,1,3,0
108.6,17,8,4.64,5.74,0.776,0,0,1,4,0
57.63,5,2,21.14,10.09,2.06,0,1,0,3,0
241.6,18,2,6.03,6.84,1.023,0,1,2,4,0
54.9,8,8,13.99,1.05,0.804,0,0,3,3,0
9.02,17,5,3.92,0.45,1.042,0,0,0,8,0
139.79,9,3,2.63,14.27,0.551,0,0,0,6,0
28.65,13,3,1.62,3.52,0.421,0,0,1,3,0
17.73,12,7,30.99,6.29,1.522,1,0,2,4,0
10.2,12,5,8.67,4.08,0.716,0,0,0,2,0
23.07,12,4,1.74,3.57,0.696,0,0,1,7,0
64.77,16,2,2.39,11.07,0.313,0,0,1,5,0
13.01,15,8,0.38,0.91,0.938,1,0,0,7,0
53.53,18,0,0.35,6.42,0.974,0,0,0,4,0
66.27,23,7,2.8,0.76,0.68,1,0,0,2,0
43.77,14,7,1.8,3.42,0.842,0,0,1,8,0
12.63,14,1,8.62,1.88,0.346,0,0,0,2,0
155.81,16,8,0.05,6.39,1.428,0,1,0,4,0
60.27,19,5,0.5,1.17,1.423,1,0,1,5,0
66.99,17,0,23.04,2.36,0.809,0,0,1,6,0
100.26,9,2,1.92,1.34,0.817,0,0,0,4,0
236.73,12,4,8.41,1.4,1.174,0,0,0,3,0
15.99,13,1,1.55,0.31,1.877,0,0,0,4,0
19.79,17,3,17.42,0.77,1.232,0,0,1,7,0
211.62,2,9,34.72,21.46,1.17,0,0,3,9,1
41.29,17,1,6.49,3.8,0.748,0,0,1,4,0
107.09,1,0,44.64,69.78,16.855,0,1,5,10,1
29.76,11,2,12.02,1.47,1.053,1,0,0,6,0
17.56,19,4,3.14,0.97,1.123,1,0,0,4,0
10.8,12,5,0.63,4.78,1.242,1,1,0,6,0
150.42,9,4,7.94,0.78,0.974,1,0,0,7,0
15.38,13,8,17.05,3.31,0.766,0,0,0,3,0
11.05,13,2,24.51,14.93,1.082,0,1,0,5,0
22.11,12,4,18.38,2.19,1.13,0,0,0,8,0
12.8,9,2,8.14,5.45,0.755,0,0,2,6,0
7.41,13,1,4.36,3.75,0.811,0,0,0,2,0
20.92,15,3,3.2,5.64,0.968,0,0,1,5,0
3.61,9,2,11.72,4.18,1.198,0,0,3,5,0
53.67,13,7,12.52,3.41,0.705,0,0,1,6,0
27.14,14,2,5.08,17.53,0.758,0,0,1,4,0
17.76,17,4,1.66,2.06,0.446,1,0,1,7,0
28.59,12,3,16.34,4.69,0.656,0,0,1,2,0
15.48,9,3,5.98,1.24,0.87,0,0,0,6,0
17.13,16,7,0.06,1.46,1.155,0,0,2,7,0
33.17,10,0,17.55,5.16,1.156,0,0,1,3,0
56.53,17,2,19.29,22.42,1.021,1,0,0,3,0
9.54,20,3,9.36,10.91,1.352,0,0,1,7,0
19.46,17,8,1.11,2.91,0.755,0,0,0,8,0
88.14,21,9,10.84,18.48,0.895,1,0,0,8,0
48.74,13,7,7.72,8.96,1.12,0,0,0,4,0
18.23,9,1,7.8,5.02,1.288,0,1,1,4,0
7.97,23,7,19.19,7.57,1.098,0,0,0,6,0
446.61,12,4,3.49,2.0,0.523,1,0,0,4,0
10.19,19,5,14.29,11.16,0.758,1,0,3,5,0
24.03,15,0,4.65,2.53,0.41,1,0,1,6,0
15.06,7,8,0.34,4.17,1.104,0,0,1,2,0
9.99,12,0,5.68,5.46,1.006,0,0,0,8,0
18.19,19,9,33.03,0.78,0.676,0,0,0,3,0
2.9,9,4,3.21,5.02,0.902,0,0,0,5,0
12.52,15,4,16.78,5.11,0.813,1,0,0,5,0
41.27,13,1,5.02,2.87,1.01,0,0,0,7,0
21.62,16,8,1.71,5.05,0.951,0,0,0,5,0
6.29,21,7,16.05,6.48,1.617,0,0,0,5,0
49.05,19,0,2.85,4.4,1.655,1,0,1,5,0
30.96,18,7,1.48,0.92,1.62,0,0,0,4,0
55.37,19,3,33.44,1.57,0.668,0,0,1,4,0
9.29,14,0,2.23,4.75,1.59,1,0,0,5,0
97.33,12,4,16.36,8.84,1.227,0,0,1,1,0
140.86,19,2,23.19,2.51,1.017,0,0,0,5,0
33.52,19,7,3.45,1.21,1.531,1,1,0,7,0
72.49,13,2,0.72,10.06,0.531,0,0,0,4,0
774.79,12,7,25.4,97.95,2.156,0,1,5,17,1
18.88,12,0,12.15,8.14,1.662,1,0,0,3,0
6.89,17,7,17.95,2.57,0.872,0,0,2,3,0
17.62,12,5,4.92,10.06,0.671,0,0,1,6,0
5.36,17,0,2.1,15.05,1.366,0,0,2,9,0
36.09,14,2,7.13,1.24,1.531,0,1,0,7,0
86.3,23,1,4.7,1.2,0.632,0,1,1,5,0
17.09,11,1,31.86,5.8,1.04,0,0,1,5,0
85.84,19,4,0.69,2.74,0.529,0,0,0,6,0
63.77,17,9,3.67,0.35,1.09,0,0,1,3,0
47.48,7,2,7.58,4.25,0.895,0,0,0,0,0
41.21,14,7,14.19,0.23,1.126,0,0,2,2,0
6.58,7,2,6.05,0.36,1.646,0,0,1,7,0
46.43,10,9,1.12,0.45,1.098,0,0,1,7,0
39.64,1,4,0.05,4.72,0.575,1,0,1,3,0
10.1,14,1,4.25,4.38,1.033,1,0,0,6,0
72.84,9,6,6.63,2.4,0.699,0,0,0,5,0
49.1,13,4,10.15,3.64,1.071,0,0,2,6,0
17929.56,3,8,5.11,8.62,1.072,0,1,2,13,1
62.69,18,3,5.64,13.12,0.582,0,0,0,4,0
15.07,21,1,2.36,11.77,0.825,0,0,0,2,0
25.06,9,0,4.2,1.73,1.117,0,0,1,3,0
11.29,14,0,10.15,0.08,1.393,1,0,3,6,0
51.25,18,8,14.77,5.19,0.793,0,1,1,6,0
65.78,14,4,4.76,6.79,1.184,0,0,0,6,0
49.36,9,9,5.82,1.93,1.004,0,0,0,7,0
48.43,16,2,3.27,2.78,1.154,0,0,2,4,0
7.78,6,4,11.17,10.83,0.742,1,0,0,2,0
327.64,8,2,23.08,6.43,1.178,1,0,0,6,0
10.78,13,1,1.19,12.32,0.882,0,0,1,0,0
19.54,15,4,17.54,2.97,0.644,0,0,0,8,0
82.35,19,2,1.98,4.38,1.208,0,0,1,8,0
16.64,9,8,2.15,4.26,0.596,1,0,0,6,0
75.1,15,2,3.08,2.59,0.442,1,0,0,2,0
37.97,10,8,6.22,4.75,1.286,0,0,0,3,0
87.17,8,8,14.01,0.15,1.392,0,0,2,3,0
33.11,12,0,15.57,16.96,1.759,1,0,0,2,0
28.8,12,3,13.46,9.28,0.478,0,0,2,6,0
62.47,17,1,0.0,7.89,1.002,0,0,0,10,0
20.22,18,3,6.74,0.99,0.643,0,0,1,6,0
19.6,18,1,3.33,0.61,0.762,0,0,1,10,0
387.56,20,9,1.98,2.56,1.294,0,0,0,7,0
28.45,9,3,3.56,2.11,0.866,1,0,0,6,0
45.74,20,3,13.89,4.92,0.988,0,0,1,2,0
52.31,23,6,10.14,9.27,1.587,1,0,2,8,0
13.95,13,0,7.61,13.72,0.353,1,0,0,5,0
154.35,12,4,10.27,2.45,0.849,0,0,0,6,0
7.76,10,6,5.31,2.49,1.636,1,0,1,4,0
5.68,20,5,8.78,2.74,1.429,1,0,0,6,0
47.07,20,7,2.69,1.63,0.691,1,0,0,4,0
33.33,17,1,9.56,3.44,0.958,0,0,2,3,0
23.68,13,0,1.51,9.6,0.932,0,0,2,7,0
29.53,12,5,10.41,4.56,0.77,1,0,1,8,0
23.9,0,9,21.76,7.69,1.446,0,0,2,7,0
20.23,8,8,2.83,1.52,0.566,1,0,0,5,0
360.82,17,1,4.02,0.48,1.015,1,0,1,4,0
16.01,19,9,27.07,0.0,0.477,0,0,0,2,0
16.1,15,4,18.67,0.16,1.707,0,1,2,3,0
15.58,13,1,7.27,5.36,0.8,1,0,0,3,0
7.92,17,2,5.84,18.27,1.774,0,0,2,4,0
4.4,20,1,11.86,1.63,0.994,1,0,0,2,0
259.78,13,1,16.56,7.01,1.173,1,1,3,5,0
28.06,23,9,3.88,4.82,1.838,0,0,1,4,0
103.09,20,9,9.33,0.23,1.599,0,0,0,6,0
33.82,18,0,1.91,2.97,0.928,0,0,1,6,0
11.65,8,3,13.63,0.13,0.798,0,0,0,4,0
9.88,13,0,7.24,0.07,0.849,0,0,0,6,0
44.58,9,2,15.6,2.51,0.563,1,0,0,10,0
23.7,8,5,5.22,6.13,1.427,0,0,1,6,0
276.48,11,1,8.59,5.7,1.011,1,0,1,5,0
41.16,11,9,22.13,3.54,0.36,0,0,0,5,0
31.27,9,9,8.63,1.25,1.276,1,0,1,4,0
77.28,7,3,0.15,5.18,2.336,0,0,1,3,0
45.79,17,9,2.71,0.28,1.076,1,0,1,1,0
47.54,8,0,8.9,2.04,1.255,0,0,2,7,0
125.27,16,2,7.87,5.4,0.596,0,0,0,3,0
92.48,19,5,22.51,1.36,0.674,0,0,2,3,0
51.39,15,0,9.41,1.91,0.826,1,0,2,3,0
48.59,15,9,3.79,12.16,1.024,0,0,0,4,0
8.34,22,3,3.06,5.83,2.0,1,0,1,6,0
113.03,13,3,22.0,1.55,1.055,0,0,1,4,0
22.85,18,9,1.59,3.12,1.039,0,0,2,4,0
20.69,17,4,0.73,7.27,1.629,0,0,0,5,0
35.11,17,3,10.68,2.22,1.424,1,0,1,5,0
5.08,23,9,5.11,2.13,0.981,0,0,0,6,0
7.0,20,1,2.85,1.51,0.885,1,1,0,2,0
38.46,12,6,11.85,2.46,0.979,0,0,2,5,0
193.53,15,8,27.49,6.54,1.15,0,0,1,3,0
127.24,16,1,25.33,1.58,0.736,1,0,0,4,0
39.27,22,8,21.65,0.96,0.749,1,0,1,3,0
14.1,15,1,24.93,6.9,0.883,0,0,0,6,0
19.22,18,5,4.3,4.45,1.116,1,0,0,9,0
19.51,12,6,1.71,1.4,0.541,0,0,2,6,0
19.38,16,8,13.76,1.43,1.781,0,0,3,3,0
37.47,14,3,11.76,5.41,0.906,0,1,0,4,0
21.56,12,2,6.71,8.2,0.626,0,0,1,10,0
8.52,19,5,4.64,3.47,1.163,1,0,4,3,0
94.38,18,2,9.04,18.26,0.552,0,0,0,4,0
4.26,19,5,4.15,1.46,0.546,1,0,2,3,0
8.31,7,0,6.38,8.81,1.369,1,0,2,7,0
14.34,12,3,3.85,1.27,1.363,0,0,2,8,0
21.98,9,0,4.2,6.89,1.066,1,0,1,3,0
25.66,12,0,7.28,0.09,0.563,0,0,0,3,0
81.3,9,6,99.02,6.02,0.903,0,0,3,5,1
12.94,20,7,2.71,4.54,0.583,1,0,0,5,0
4.78,9,0,3.59,2.68,1.604,0,0,1,1,0
50.06,17,4,4.08,8.03,0.835,1,0,0,9,0
40.09,19,5,15.54,6.96,0.861,0,0,2,8,0
37.46,14,1,0.59,4.39,0.576,1,0,0,7,0
22.75,12,3,3.24,12.73,0.775,0,0,2,8,0
58.99,13,1,12.44,7.88,0.995,0,0,1,7,0
89.67,19,9,0.33,12.93,0.71,0,0,3,6,0
24.65,15,5,0.89,1.49,2.942,1,0,0,6,0
80.94,18,3,16.45,7.16,1.352,0,0,0,5,0
54.02,20,8,12.94,3.92,0.668,0,0,2,5,0
7.08,16,6,15.04,0.45,1.213,0,0,0,4,0
70.57,9,0,1.71,2.77,1.121,1,1,0,10,0
34.3,8,8,11.79,7.79,0.433,0,0,1,3,0
36.86,9,3,3.85,0.04,0.877,0,0,0,1,0
39.51,11,3,15.14,6.76,0.837,0,0,1,3,0
6.8,9,3,1.14,1.03,0.912,0,1,0,6,0
11.3,12,3,2.98,3.72,1.837,0,0,1,2,0
45.79,14,3,2.65,2.14,0.836,0,0,0,6,0
33.64,19,5,0.19,5.31,0.498,0,0,1,10,0
29.51,21,2,0.82,3.53,0.859,0,0,0,3,0
37.96,14,3,39.99,0.63,0.579,0,0,1,2,0
31.84,13,3,14.94,2.24,0.702,0,0,1,2,0
19.08,10,4,7.71,0.5,0.92,0,0,1,5,0
21.38,11,3,8.32,0.3,0.758,1,0,0,10,0
79.23,15,5,5.22,15.33,1.127,0,0,0,5,0
67.47,11,2,2.6,3.14,1.322,0,0,0,4,0
123.61,10,1,11.11,9.65,2.168,0,0,1,4,0
22.89,15,9,7.14,0.54,1.788,0,0,0,3,0
16.98,10,7,8.16,14.58,1.092,0,0,1,6,0
34.39,11,8,1.89,10.44,1.897,0,0,0,6,0
53.52,17,7,0.98,1.98,1.631,1,1,0,2,0
21.97,17,1,7.6,0.91,0.778,0,0,1,1,0
29.11,14,1,9.38,2.26,1.215,0,0,2,9,0
38.02,15,4,8.59,2.63,1.641,1,0,1,7,0
44.9,12,7,8.24,10.07,1.123,0,1,0,2,0
42.55,17,8,8.8,3.13,1.14,0,0,0,9,0
49.74,15,2,5.65,9.74,0.99,0,0,1,5,0
43.34,15,5,11.6,1.77,0.968,0,0,4,4,0
22.38,15,5,8.14,0.1,1.818,0,0,1,5,0
5.61,20,3,17.48,10.8,1.374,0,0,0,3,0
134.49,17,3,17.48,8.08,1.18,0,0,1,7,0
12.41,21,9,1.58,6.6,0.562,1,0,1,5,0
8.32,9,5,12.45,2.91,0.568,1,1,2,9,0
22.55,21,2,10.97,0.13,0.881,0,0,0,4,0
12.49,13,2,17.05,1.87,0.561,0,0,0,3,0
62.7,23,1,4.18,5.03,0.817,1,0,0,4,0
185.99,7,8,24.62,6.32,2.402,0,0,0,8,0
40.47,6,2,1.92,0.65,0.565,0,0,0,5,0
6.57,15,0,5.05,3.81,1.038,0,0,0,5,0
332.27,12,0,3.29,17.99,1.42,0,0,2,4,0
12.62,11,4,2.63,0.45,0.903,0,0,0,4,0
46.55,12,1,7.19,2.87,1.588,0,0,0,4,0
158.94,10,7,3.92,1.19,1.822,0,0,1,0,0
33.59,19,6,2.25,4.07,0.927,1,1,1,4,0
121.94,7,2,4.07,6.02,1.145,0,0,0,0,0
46.31,21,2,16.09,2.24,0.649,1,0,0,6,0
381.57,3,7,6.59,20.26,2.672,1,1,3,8,1
71.88,11,2,19.08,17.38,6.431,1,0,5,14,1
42.31,17,4,3.71,4.88,1.214,0,0,0,7,0
18.07,11,5,28.47,3.57,0.88,0,0,0,6,0
77.91,9,6,12.93,8.12,1.475,0,1,1,5,0
41.44,14,0,1.51,3.35,1.792,0,0,0,4,0
38.22,16,4,2.09,12.86,0.823,1,0,0,5,0
7.13,23,4,11.75,0.97,0.49,0,0,2,3,0
22.38,13,0,18.79,19.42,0.64,0,1,1,7,0
46.21,9,8,7.25,11.25,1.183,0,0,0,8,0
6.12,12,3,6.08,2.11,1.068,1,1,2,1,0
6.11,14,8,0.74,1.48,1.798,0,0,1,2,0
260.21,9,5,9.42,3.5,2.447,0,0,0,4,0
763.37,15,5,2.43,15.76,0.447,0,0,1,12,0
34.62,20,7,4.46,2.85,0.422,0,0,0,4,0
63.5,14,3,0.11,8.17,1.252,1,0,1,4,0
354.0,10,7,4.55,5.29,1.377,0,0,2,3,0
33.41,13,2,8.47,2.44,0.726,0,0,0,5,0
1.95,9,9,9.75,1.97,1.662,0,0,1,8,0
12.75,18,0,0.64,7.22,0.882,0,1,1,6,0
13.36,7,1,0.36,0.42,0.777,0,0,1,6,0
35.17,12,9,30.49,2.13,2.295,0,0,0,4,0
22.45,12,1,4.05,0.25,0.638,0,0,0,5,0
129.56,16,7,0.08,0.27,1.06,0,0,0,4,0
120.07,15,0,18.8,4.53,1.189,0,0,3,3,0
7.05,15,9,7.72,0.28,1.082,0,1,2,8,0
11.86,13,5,10.57,1.36,0.787,0,0,0,5,0
26.33,12,7,21.79,11.5,1.124,0,0,1,2,0
42.78,17,6,5.18,8.16,0.82,0,1,1,3,0
6.98,10,0,1.32,4.24,0.84,1,0,1,4,0
172.53,15,0,8.27,0.27,1.001,0,0,0,5,0
31.98,18,9,0.44,0.9,1.112,1,0,0,6,0
22.95,17,3,6.75,0.17,2.914,1,0,2,4,0
171.57,20,3,8.77,5.51,1.194,1,0,1,6,0
5.99,17,8,30.5,12.94,1.048,1,0,1,8,0
59.87,20,5,1.97,0.6,0.921,1,0,0,3,0
19.71,6,7,5.27,6.54,0.53,0,0,2,6,0
10.65,18,7,11.89,1.76,1.375,0,0,2,2,0
8.68,8,8,7.25,0.24,1.37,0,0,1,4,0
265.78,19,0,7.9,15.77,0.939,0,0,1,5,0
7.4,15,6,11.2,1.26,2.016,0,1,0,6,0
9.59,13,8,7.15,4.34,0.782,0,0,1,3,0
87.89,14,3,4.18,4.55,0.729,0,0,2,6,0
18.97,10,6,7.91,12.13,1.112,0,0,1,7,0
175.33,12,4,9.33,1.61,0.946,0,0,1,5,0
72.5,19,6,0.34,10.33,1.386,0,0,1,5,0
19.78,11,2,0.76,0.71,0.551,0,0,0,7,0
146.53,6,6,8.97,4.49,0.991,0,0,1,6,0
78.98,21,7,1.35,9.65,2.245,1,0,1,3,0
345.72,13,5,0.63,1.43,0.655,0,0,1,6,0
13.67,18,0,1.49,0.6,0.769,0,0,3,4,0
5.72,15,2,21.03,2.06,1.141,0,0,0,3,0
13.33,21,0,12.02,1.24,0.824,0,0,0,4,0
1982.13,0,3,66.37,253.97,7.18,1,0,5,16,1
23.72,20,5,9.29,16.7,1.667,1,0,1,3,0
129.04,16,4,8.06,5.18,0.356,0,0,0,4,0
18.02,23,0,13.06,1.03,0.758,0,0,0,5,0
106.77,12,0,11.99,1.69,0.984,0,0,0,6,0
64.8,9,7,6.68,2.12,0.39,0,0,0,6,0
32.1,16,5,9.79,6.88,1.035,0,0,0,4,0
10.01,18,8,0.74,0.76,1.036,1,0,0,3,0
49.37,9,7,12.1,4.86,0.866,0,0,1,4,0
36.76,12,6,1.52,7.25,1.338,1,0,1,6,0
27.97,13,4,3.75,8.89,1.972,0,0,1,1,0
55.86,10,5,14.85,2.87,1.401,0,0,0,2,0
60.7,10,4,1.07,1.61,0.696,1,0,1,3,0
110.68,11,8,1.23,3.39,0.601,0,0,2,7,0
16.98,16,0,0.72,3.98,1.796,0,0,0,6,0
220.94,18,1,14.46,0.84,1.089,0,0,2,7,0
152.68,12,5,5.98,3.41,1.261,0,0,1,5,0
63.15,14,0,10.08,0.39,1.451,0,1,1,3,0
18.33,15,4,6.19,7.1,1.192,0,0,2,5,0
57.57,17,3,1.06,3.43,1.035,0,0,0,3,0
23.97,17,8,0.65,10.49,0.874,1,0,2,4,0
93.46,13,4,2.2,1.41,0.881,0,0,0,7,0
25.6,15,3,0.93,0.56,0.84,1,0,0,5,0
48.62,14,8,5.17,2.57,0.929,0,0,1,1,0
13.5,18,2,2.22,3.35,1.164,1,0,1,6,0
29.56,14,5,9.27,2.39,1.113,0,0,2,7,0
14.85,17,1,4.0,5.98,1.412,0,0,1,1,0
20.83,11,0,12.99,6.88,1.526,0,0,0,7,0
5.31,18,0,7.34,6.9,0.638,0,0,0,2,0
73.79,16,1,1.93,3.95,0.833,1,0,3,4,0
50.61,20,0,6.94,0.21,1.189,0,0,2,8,0
28.49,23,3,15.24,3.86,1.152,1,0,3,4,0
23.86,23,3,5.32,1.47,0.479,0,0,1,5,0
9.85,18,4,2.81,10.76,0.588,0,0,0,3,0
9.22,13,6,16.28,0.3,1.223,0,0,1,6,0
59.81,18,1,27.68,3.86,0.615,0,0,1,6,0
718.28,15,0,4.19,7.92,2.123,0,0,0,5,0
8.2,15,7,21.34,3.38,1.36,0,0,1,3,0
31.93,19,7,0.05,13.38,1.5,0,1,1,4,0
18.37,8,2,1.15,5.57,1.031,1,0,0,7,0
59.41,11,6,8.55,0.4,1.57,1,0,0,6,0
175.14,17,8,0.21,3.3,0.551,1,0,0,6,0
5.8,7,5,9.86,5.46,0.845,1,0,2,5,0
19.57,23,5,7.81,1.02,0.417,1,0,1,7,0
7.34,11,9,5.82,24.39,1.135,1,0,0,5,0
26.66,13,1,2.66,1.86,1.413,1,0,0,4,0
14.25,16,2,3.81,1.79,0.847,0,0,0,5,0
12.82,11,6,7.23,3.12,1.625,0,0,0,2,0
26.86,16,5,9.51,5.04,1.877,0,0,0,4,0
8.33,5,5,12.94,0.64,1.569,0,0,0,6,0
48.8,9,7,3.13,3.05,0.869,0,0,0,4,0
7.95,17,5,1.62,0.97,1.895,0,1,0,6,0
45.43,9,1,1.38,2.23,0.504,0,0,0,3,0
22.96,11,4,36.63,3.29,1.997,0,0,0,3,0
33.74,11,1,7.21,1.23,1.189,0,0,3,4,0
231.64,17,0,6.78,1.49,0.552,1,0,0,3,0
250.54,8,1,14.93,7.2,0.674,0,0,1,6,0
20.19,14,9,2.78,1.38,0.752,1,0,2,3,0
27.24,13,8,3.12,1.76,1.242,0,0,0,4,0
15.93,10,0,7.22,4.67,0.678,1,0,0,2,0
97.86,18,2,3.23,6.8,0.581,0,0,0,0,0
13.49,14,6,1.22,1.88,1.125,1,0,0,7,0
3.6,10,1,3.93,0.5,0.354,0,0,2,3,0
20.73,18,3,4.67,0.94,0.42,0,0,1,4,0
20.09,7,0,0.84,2.2,2.029,0,0,1,5,0
130.07,13,2,19.62,3.82,0.594,0,0,1,5,0
3.65,18,0,0.32,0.44,0.612,0,0,0,7,0
71.25,17,8,6.04,14.35,0.811,0,0,0,3,0
41.75,23,5,9.56,9.33,0.75,1,0,1,6,0
27.07,16,3,27.67,3.19,0.7,0,0,2,5,0
2.45,9,4,9.62,2.22,1.268,0,1,1,5,0
49.07,17,9,0.07,0.18,1.208,0,0,1,2,0
16.32,20,5,0.13,8.43,0.977,0,0,0,7,0
27.41,14,6,17.45,9.88,1.016,0,0,2,2,0
16.83,8,5,11.34,17.78,1.012,0,0,1,4,0
1215.44,23,3,8.6,45.46,4.609,1,0,7,9,1
34.59,7,1,0.25,0.4,1.131,1,0,0,1,0
9.22,17,6,8.25,11.25,0.962,0,0,1,7,0
552.61,15,0,1.35,4.9,1.122,0,0,1,4,0
34.57,13,2,1.63,6.92,0.743,1,0,1,9,0
10.51,13,0,15.88,1.29,1.44,0,0,0,6,0
6.52,17,8,10.14,2.06,0.954,1,0,1,5,0
27.11,16,1,2.58,17.23,1.34,0,0,1,4,0
27.73,10,2,0.2,1.18,1.147,0,0,0,5,0
19.63,8,2,4.52,1.54,1.015,0,0,0,4,0
9.3,18,1,5.74,4.84,1.274,1,0,0,5,0
77.53,15,8,1.49,1.06,0.731,1,0,0,3,0
45.96,18,5,13.05,9.49,1.569,0,0,0,4,0
4.91,21,5,3.53,1.04,1.017,0,0,2,1,0
34.25,11,6,0.5,0.56,0.832,0,0,0,7,0
17.85,15,2,2.47,6.92,1.17,0,0,1,7,0
60.53,7,4,24.49,1.4,0.766,1,0,2,4,0
35.78,12,4,8.91,1.5,0.494,0,0,0,6,0
40.83,16,5,2.71,3.17,0.956,1,0,0,7,0
22.13,15,9,25.86,11.72,0.737,1,1,0,4,0
15.18,21,0,0.62,6.72,1.293,0,0,0,4,0
34.08,21,7,16.25,1.06,1.039,1,0,0,3,0
59.25,10,2,3.18,1.88,0.758,0,0,1,5,0
33.41,13,9,8.14,0.39,0.999,0,0,1,7,0
33.85,12,2,6.69,4.97,1.018,1,0,1,2,0
53.86,15,7,1.98,7.95,1.037,0,0,3,6,0
29.83,11,2,6.94,2.98,0.591,1,1,0,5,0
60.57,5,7,10.98,4.43,0.822,0,0,1,7,0
18.0,16,2,0.74,3.33,0.697,0,0,1,5,0
7.97,8,8,8.24,2.29,0.658,1,1,2,11,0
94.66,9,4,2.73,0.63,0.602,0,0,2,4,0
34.27,12,0,2.3,8.13,0.658,1,0,0,4,0
163.8,2,5,0.58,0.39,1.196,1,0,0,8,0
14.01,19,6,7.44,2.06,1.568,1,0,0,2,0
128.46,10,8,1.49,7.17,0.722,0,0,1,3,0
18.38,0,1,3.88,2.55,0.439,0,0,2,13,0
6.96,17,7,0.69,1.6,0.538,0,0,0,7,0
206.74,22,1,12.58,7.36,1.49,0,0,2,5,0
107.07,13,9,4.94,4.07,1.616,0,0,0,6,0
19.05,17,8,4.95,9.04,1.569,1,0,0,3,0
17.67,19,6,4.88,3.08,1.452,0,0,1,8,0
4.99,17,0,1.63,3.25,0.919,1,0,1,6,0
7.66,16,1,3.43,0.79,2.375,0,0,2,3,0
3.97,18,2,0.89,0.85,0.809,0,0,2,6,0
22.4,19,5,36.87,1.05,0.618,1,0,0,6,0
51.21,21,1,4.11,3.08,2.052,0,0,0,7,0
7.2,15,4,4.53,0.54,1.268,1,0,0,10,0
27.45,19,9,38.51,7.2,0.821,0,1,2,8,0
33.92,23,7,2.01,0.12,0.595,0,0,0,11,0
12.06,9,7,2.36,1.57,1.698,1,0,1,5,0
49.29,23,9,6.15,3.17,1.663,1,0,1,2,0
8.79,19,4,0.33,9.55,1.391,0,0,0,4,0
18.65,17,9,0.14,13.24,1.051,1,0,0,5,0
22.83,12,2,1.17,1.04,0.864,0,0,2,3,0
32.77,19,7,1.05,0.96,1.089,0,0,0,6,0
25.03,13,1,3.65,1.41,1.067,0,0,0,4,0
70.87,15,0,6.55,5.48,0.913,1,0,1,4,0
4.71,15,6,1.89,9.43,0.45,1,0,2,4,0
11.11,9,4,5.4,13.35,2.109,0,0,0,4,0
1348.29,23,7,23.11,102.61,3.704,1,0,4,7,1
27.83,20,1,14.76,19.53,1.5,0,0,0,4,0
22.47,16,6,0.92,8.28,0.682,0,1,1,4,0
27.37,13,1,10.98,13.32,0.977,0,0,2,1,0
80.42,21,8,5.26,0.04,2.049,1,0,1,4,0
6.56,21,5,6.22,4.62,1.03,0,0,0,3,0
11.57,18,1,0.96,11.68,0.717,0,0,1,4,0
61.69,14,0,7.81,3.25,1.005,0,0,1,10,0
26.2,13,3,7.63,18.38,0.838,0,0,0,6,0
8.07,10,6,4.25,1.6,0.781,0,0,0,9,0
48.73,18,8,4.19,2.53,0.862,0,0,0,6,0
45.22,13,2,13.15,2.79,1.532,0,0,1,1,0
47.42,7,1,8.52,7.3,0.626,0,1,1,5,0
64.5,9,1,4.9,3.67,0.761,0,0,2,4,0
86.08,16,4,5.44,0.26,1.973,0,1,2,3,0
43.45,15,1,7.89,0.97,0.551,0,0,0,0,0
13.54,3,3,14.64,10.08,0.937,0,0,1,0,0
40.26,8,5,7.98,7.51,1.188,1,0,0,4,0
34.27,12,9,8.36,6.91,0.749,0,1,2,1,0
42.07,13,0,2.74,7.35,0.931,0,0,0,6,0
109.58,15,6,1.11,7.75,0.662,1,0,1,2,0
27.39,13,1,5.09,11.47,0.705,1,0,3,1,0
66.65,11,5,0.11,2.87,0.658,0,0,0,3,0
9.03,13,3,0.5,1.91,0.671,0,1,0,0,0
28.5,10,1,1.06,4.16,1.302,0,0,2,9,0
54.66,5,4,5.61,3.48,1.767,0,1,2,6,0
221.13,14,8,5.05,0.61,0.737,0,0,0,10,0
8.38,22,6,0.79,7.83,0.624,0,0,1,6,0
17.1,11,1,14.89,0.79,1.567,0,0,1,7,0
43.11,1,8,0.81,3.01,0.676,0,0,0,5,0
25.18,10,2,6.54,0.99,1.104,1,0,1,11,0
31.89,18,0,15.33,0.01,0.616,1,0,0,7,0
32.3,17,0,23.01,5.69,0.75,1,0,0,3,0
11.15,11,5,8.62,8.01,0.836,1,0,0,4,0
11.06,15,0,15.04,13.13,1.562,0,0,0,9,0
46.81,19,3,2.08,0.43,0.558,0,0,2,5,0
15.02,13,8,5.9,0.54,0.627,0,0,0,5,0
98.59,11,4,9.39,2.61,1.1,0,0,2,1,0
53.94,20,7,1.25,21.62,0.939,1,0,1,4,0
7.92,16,7,3.49,6.68,1.141,0,0,0,8,0
80.13,10,4,11.26,2.99,1.105,0,0,1,6,0
63.58,9,4,3.64,6.33,0.645,0,0,0,6,0
40.65,10,1,9.08,6.96,0.981,0,0,1,5,0
275.38,19,3,125.95,5.58,1.389,1,1,6,16,1
64.45,14,9,4.71,2.69,1.427,0,0,1,6,0
33.99,10,5,18.51,17.77,1.212,0,0,1,4,0
65.78,9,1,19.52,3.34,1.168,0,0,0,7,0
13.51,10,5,3.16,0.25,0.848,1,0,3,2,0
19.86,14,4,2.25,8.77,0.558,1,0,0,5,0
55.12,7,2,2.19,12.58,1.03,0,0,0,5,0
23.14,15,8,14.9,12.3,1.11,0,0,3,5,0
32.92,13,1,12.05,1.23,1.336,0,0,1,5,0
11.75,18,7,19.83,3.45,0.759,0,0,2,4,0
6.95,15,0,0.57,1.9,1.092,0,0,2,5,0
14.54,10,1,5.59,1.45,0.772,1,0,2,8,0
54.7,11,4,5.53,0.1,1.655,0,0,2,4,0
38.13,22,0,5.44,8.2,1.219,0,0,3,3,0
89.29,9,1,5.24,2.69,0.575,0,0,0,5,0
28.22,21,6,5.81,10.73,1.97,0,1,1,2,0
44.87,0,7,8.53,7.54,0.93,0,0,1,3,0
31.32,19,2,22.9,7.23,1.169,0,0,3,10,0
61.31,14,7,11.2,4.22,1.612,0,0,0,10,0
46.34,8,2,9.49,1.65,1.241,0,0,3,6,0
77.67,16,2,12.17,1.39,1.494,0,0,0,2,0
14.0,14,2,0.83,2.14,2.654,0,0,1,7,0
40.16,14,0,12.59,8.1,0.931,0,0,0,8,0
195.49,11,1,8.29,4.73,0.923,0,1,0,7,0
147.38,12,7,37.54,14.42,0.471,0,0,0,4,0
9.57,17,9,8.55,2.29,1.136,0,0,0,6,0
4.95,18,4,1.14,9.52,1.176,1,0,1,3,0
13.51,11,2,24.47,2.08,1.151,0,0,1,5,0
32.72,18,2,2.24,23.96,0.826,1,0,1,5,0
21.38,19,2,5.11,6.3,1.603,0,0,1,10,0
24.04,20,4,9.63,7.3,0.986,0,0,1,7,0
13.96,13,0,5.22,12.32,1.557,0,0,0,2,0
5.88,19,8,36.2,1.78,1.476,0,0,0,4,0
24.08,12,0,5.8,1.82,1.265,0,0,1,5,0
29.57,17,1,21.04,0.98,0.998,0,0,0,4,0
28.8,11,5,6.17,2.55,1.003,0,0,1,1,0
45.61,18,8,8.95,2.18,1.816,0,1,1,7,0
14.59,17,9,3.43,3.09,1.208,0,0,2,4,0
17.54,17,7,4.21,0.44,0.554,1,0,0,3,0
19.9,15,8,16.45,0.8,0.791,1,0,1,7,0
50.28,14,0,9.11,1.22,0.761,1,0,1,3,0
21.17,16,5,4.48,2.7,1.101,1,0,1,6,0
30.54,17,2,2.77,5.18,0.632,0,0,0,3,0
12.26,12,0,2.41,7.91,1.331,1,0,1,7,0
15.12,15,6,2.91,2.95,1.228,0,0,0,4,0
13.64,19,8,3.25,7.61,0.903,0,0,1,3,0
78.29,8,1,0.93,1.19,1.056,0,0,0,8,0
219.05,15,8,4.87,10.13,1.146,0,0,0,5,0
46.1,12,8,2.86,0.48,1.568,0,0,0,2,0
25.79,11,8,3.74,2.07,1.073,0,0,0,5,0
23.03,11,3,2.97,1.96,1.04,0,0,0,5,0
26.13,17,3,5.16,11.45,1.102,1,0,0,4,0
32.06,9,3,3.88,1.91,1.346,0,0,0,7,0
3.6,23,0,0.73,20.25,0.892,1,0,0,8,0
85.09,21,1,5.41,3.71,0.793,0,0,0,7,0
20.43,23,0,2.9,1.79,2.527,0,0,2,4,0
15.49,7,6,19.03,4.4,1.04,0,0,1,3,0
96.58,16,0,2.04,8.27,1.04,0,0,0,6,0
58.86,4,4,3.35,1.9,0.893,0,0,0,2,0
86.31,12,6,2.98,9.0,0.61,0,0,2,3,0
186.23,21,0,5.77,0.7,1.191,1,0,0,3,0
8.5,10,8,8.11,0.45,0.852,0,0,0,7,0
43.13,20,5,2.45,1.62,1.285,0,0,3,10,0
14.16,11,2,2.54,3.38,1.921,1,0,1,8,0
39.63,8,3,0.2,0.26,1.064,0,0,1,6,0
26.95,11,0,7.05,12.4,1.385,0,0,2,4,0
6.79,8,9,1.07,8.65,1.154,0,0,0,5,0
53.01,19,7,9.84,5.47,0.661,0,0,0,3,0
69.47,19,5,0.84,4.99,1.273,0,0,1,5,0
69.58,20,7,1.18,8.38,0.678,0,0,2,5,0
13.11,17,6,1.26,0.62,1.023,1,1,1,3,0
11.53,11,0,2.35,0.48,0.727,1,1,2,8,0
30.22,11,2,5.85,12.0,0.475,0,0,1,12,0
108.39,14,6,7.86,0.34,1.423,1,0,0,3,0
17.51,15,4,17.09,1.15,0.902,0,0,2,5,0
4.63,18,5,45.12,2.53,1.244,1,0,0,5,0
1.44,14,1,14.1,12.04,2.327,1,0,1,5,0
5.92,21,3,13.35,2.27,1.204,0,0,0,1,0
29.67,12,9,11.53,0.82,1.111,0,0,0,3,0
12.17,19,3,15.53,2.38,0.961,0,0,0,4,0
153.62,11,4,8.41,10.97,1.067,0,0,6,5,0
10.7,17,1,0.12,16.9,0.64,0,0,1,5,0
31.0,20,6,16.81,2.25,1.702,0,0,1,3,0
98.58,12,5,28.77,3.36,0.82,0,0,1,2,0
23.75,18,8,41.0,2.67,0.825,0,0,1,5,0
15.56,13,8,8.52,3.42,0.876,0,0,2,4,0
35.13,17,0,8.96,0.95,1.764,0,0,0,4,0
8.11,16,9,7.28,5.26,1.401,0,0,0,5,0
23.55,16,0,20.79,11.52,2.054,0,0,0,3,0
49.83,17,5,1.34,6.41,0.675,0,0,0,6,0
9.42,23,6,16.46,3.25,1.339,0,0,0,5,0
12.21,11,5,18.99,0.63,1.206,0,0,1,9,0
17.12,17,8,33.32,13.0,0.68,0,0,0,3,0
26.01,14,0,8.85,5.93,1.02,0,0,0,4,0
107.07,17,8,1.46,10.23,0.833,0,0,1,6,0
31.68,13,5,1.99,5.21,2.041,1,0,0,3,0
5.25,16,4,22.17,5.34,1.201,0,0,1,5,0
51.89,10,9,19.12,3.14,0.953,0,0,0,4,0
14.34,22,5,1.32,0.19,1.17,0,0,0,6,0
15.38,14,6,17.75,0.2,1.584,0,0,0,4,0
18.05,16,0,13.31,2.96,1.006,0,0,1,1,0
32.26,14,6,4.22,0.78,0.979,0,0,0,3,0
30.08,21,0,2.85,1.46,1.072,0,1,0,6,0
4.36,13,4,7.48,4.99,1.146,0,0,1,6,0
44.65,4,8,1.5,4.22,0.858,0,0,1,7,0
62.41,17,4,26.6,2.24,1.391,0,0,0,6,0
23.93,13,5,0.43,0.12,0.779,1,0,1,8,0
32.06,14,3,12.11,0.86,0.626,0,0,1,8,0
6.59,8,2,30.64,3.14,0.704,0,0,2,6,0
150.55,15,0,7.27,4.92,1.019,0,0,0,6,0
533.77,11,1,0.42,1.48,0.605,0,0,0,3,0
11.67,21,0,0.9,7.19,1.013,0,0,1,6,0
89.52,7,8,5.72,6.48,1.109,1,0,1,5,0
4.13,16,8,6.88,11.89,0.557,0,0,2,3,0
14.43,12,1,40.21,6.21,0.579,0,0,2,2,0
12.82,19,3,3.61,4.09,1.06,0,0,0,6,0
3.97,10,3,2.11,4.91,0.805,1,0,1,6,0
38.05,13,1,4.31,1.43,0.597,0,0,1,2,0
11.16,19,9,17.0,15.93,0.906,0,0,1,2,0
37.23,9,2,4.47,1.42,1.398,0,0,3,3,0
57.29,19,2,2.76,9.82,1.215,0,0,0,6,0
35.1,18,2,2.76,1.52,0.974,0,0,1,4,0
27.86,12,6,7.96,3.03,2.236,0,0,0,5,0
69.04,12,2,5.4,0.31,0.518,0,0,0,4,0
24.16,13,0,2.71,2.92,1.244,1,0,3,4,0
33.93,12,6,13.16,6.5,0.955,0,0,2,7,0
4.32,15,9,8.02,7.95,0.329,0,0,1,6,0
30.06,23,8,15.35,6.89,0.647,0,0,1,9,0
25.94,21,8,8.62,1.36,0.679,0,0,0,6,0
89.52,11,6,20.83,1.56,1.086,1,0,2,7,0
22.23,21,6,8.34,0.61,1.092,0,0,1,8,0
24.96,19,2,8.48,2.3,0.406,0,0,0,4,0
19.2,21,0,3.78,1.14,0.635,0,0,0,3,0
95.79,15,1,8.48,3.0,0.796,0,0,1,9,0
9.74,19,1,0.45,3.5,1.347,1,0,3,3,0
40.61,14,8,3.23,4.44,1.176,1,0,1,6,0
415.68,7,4,12.41,6.07,0.736,0,0,2,4,0
52.12,9,0,0.19,3.17,0.958,0,0,3,3,0
99.81,7,3,2.17,0.49,1.232,1,0,1,9,0
92.16,12,2,1.86,2.14,1.243,0,0,0,4,0
76.68,14,7,0.24,8.13,0.746,0,0,1,4,0
141.47,15,0,4.54,13.69,1.121,0,0,0,4,0
62.5,9,8,6.86,0.97,0.642,0,0,0,6,0
16.06,1,1,4.74,2.32,0.683,0,0,1,7,0
10.88,10,1,27.25,6.06,0.931,0,0,2,4,0
85.97,17,6,0.92,1.06,0.405,0,0,0,5,0
35.29,10,5,0.81,8.12,0.982,1,0,1,10,0
18.58,9,3,6.08,5.21,1.832,0,0,1,8,0
123.64,12,7,21.92,6.42,1.28,0,0,0,3,0
268.38,18,3,1.22,15.56,1.051,1,0,1,2,0
42.08,19,5,4.76,4.4,1.126,0,0,1,4,0
56.7,19,0,9.4,15.62,0.959,0,0,1,3,0
8.87,9,5,7.68,1.92,1.11,1,0,0,4,0
87.81,10,3,3.72,5.7,1.691,0,0,3,3,0
73.56,14,1,6.47,3.97,1.587,0,0,0,6,0
9.48,16,2,6.38,0.45,1.281,0,0,1,6,0
19.61,17,6,23.25,3.31,0.85,1,0,1,6,0
5.99,18,2,14.72,7.17,0.45,0,0,0,9,0
17.26,0,9,1.21,0.59,0.709,0,0,0,7,0
37.96,10,1,10.54,10.85,0.687,0,0,1,4,0
135.91,17,3,1.6,6.02,0.517,1,0,0,6,0
106.82,15,2,3.19,1.19,1.816,0,0,0,6,0
66.25,13,3,2.39,7.02,1.175,0,1,0,5,0
49.03,22,4,1.9,2.5,0.675,0,0,0,4,0
23.62,19,9,0.98,1.12,1.344,0,0,1,5,0
24.02,21,1,9.69,20.06,1.228,0,0,1,6,0
12.6,20,8,3.53,2.98,0.926,1,0,2,4,0
17.84,13,3,3.81,0.2,0.72,0,0,0,3,0
120.27,16,5,0.12,9.82,1.007,1,0,0,8,0
17.68,8,5,3.26,0.74,1.141,0,0,1,6,0
7.28,12,2,19.2,3.06,1.071,0,0,1,4,0
37.13,16,0,9.75,5.05,1.463,1,0,1,4,0
61.67,12,7,12.57,4.0,0.634,0,0,3,2,0
10.46,19,4,8.85,4.5,1.265,1,0,0,5,0
14.91,10,0,5.17,1.63,0.581,1,0,0,2,0
24.28,9,1,0.74,5.85,1.784,0,0,0,3,0
13.19,23,2,1.5,8.85,0.782,0,0,3,2,0
61.54,22,3,5.12,2.38,0.945,0,0,2,4,0
22.35,11,1,6.72,6.0,0.988,0,0,1,6,0
122.25,12,5,4.37,8.41,1.182,0,0,0,4,0
111.41,0,0,1.85,0.33,0.989,0,0,0,4,0
34.99,10,5,9.51,2.58,1.564,0,0,2,6,0
10.1,16,8,2.8,11.92,0.783,1,0,0,4,0
19.52,18,4,2.67,2.5,1.566,1,0,1,2,0
15.18,17,3,11.36,0.83,1.034,0,0,1,5,0
37.35,12,9,7.79,1.86,1.295,0,0,0,5,0
17.22,18,4,0.9,0.32,1.418,1,0,0,8,0
20.84,12,1,2.41,23.11,1.301,0,0,1,5,0
42.53,14,0,12.28,9.04,0.918,0,0,0,6,0
69.53,12,6,10.03,13.93,0.633,1,0,1,4,0
24.13,18,7,3.11,3.18,1.399,0,0,4,6,0
199.67,10,7,9.19,2.95,1.147,1,0,0,5,0
5.73,17,1,52.57,2.24,0.64,0,0,1,6,0
60.53,14,5,23.56,0.77,0.957,0,0,1,3,0
48.2,17,1,13.74,2.76,0.954,0,0,3,6,0
15.25,14,3,8.89,9.54,1.394,1,0,1,5,0
8.76,19,0,12.14,6.14,1.409,0,0,3,3,0
26.28,21,5,21.48,6.46,2.054,0,1,0,1,0
86.91,14,3,14.25,0.27,2.042,0,1,3,7,0
76.22,19,0,25.74,9.0,0.744,1,0,0,6,0
11.38,8,1,2.13,0.74,0.661,0,0,1,3,0
21.11,13,0,8.17,3.77,1.403,0,0,2,6,0
27.79,1,8,1.46,1.49,1.693,0,0,2,5,0
81.48,22,4,3.08,0.56,0.904,0,0,0,3,0
15.19,18,1,6.02,7.27,1.498,1,0,2,4,0
14.6,10,2,6.22,9.65,1.546,1,0,0,7,0
43.96,10,0,1.64,26.39,0.97,0,0,0,6,0
1.38,12,2,1.72,2.29,1.354,1,0,0,6,0
186.85,12,5,19.65,1.17,0.825,0,0,1,7,0
18.31,19,2,28.59,5.83,1.442,1,0,0,3,0
27.67,13,7,1.86,6.62,1.437,0,0,0,5,0
39.7,11,2,4.32,0.84,0.732,0,0,0,4,0
50.34,18,2,16.93,2.93,1.003,0,0,0,8,0
59.63,14,3,0.85,0.51,1.357,1,0,0,7,0
76.44,12,1,11.56,10.94,1.812,0,0,0,6,0
63.19,14,0,15.34,7.75,1.03,0,0,2,5,0
30.75,17,0,0.83,1.57,1.066,0,0,1,5,0
8.06,18,7,0.83,7.03,0.874,1,0,1,6,0
5.3,12,9,6.32,2.09,0.734,0,0,2,9,0
11.11,17,9,12.18,0.28,0.983,1,0,0,4,0
34.21,14,2,0.2,1.91,1.545,0,0,2,4,0
32.86,20,1,31.56,2.3,0.617,0,0,3,4,0
16.03,17,3,12.44,13.94,0.723,0,1,0,6,0
40.9,16,5,10.8,5.9,0.597,0,0,0,3,0
14.76,7,7,0.96,1.16,0.781,0,0,1,6,0
108.15,17,5,12.69,1.27,1.313,0,0,3,4,0
124.69,7,4,0.45,0.33,0.787,1,0,1,3,0
6.66,16,0,3.1,6.04,0.997,0,1,0,4,0
13.78,15,1,10.96,1.47,0.61,0,1,1,3,0
113.35,17,1,0.41,12.69,1.048,0,1,0,6,0
31.56,21,1,4.57,2.27,0.741,0,1,0,2,0
77.45,11,6,13.84,0.88,1.762,0,0,1,6,0
32.01,20,3,5.54,0.2,0.803,0,0,0,9,0
8.12,17,8,9.33,5.32,0.87,0,0,1,3,0
142.0,16,5,12.44,1.08,0.812,0,0,0,8,0
42.13,15,6,2.16,7.18,0.907,0,0,1,3,0
15.46,17,5,2.04,0.74,1.472,0,0,0,3,0
37.79,14,4,9.74,2.54,0.947,0,0,0,4,0
57.85,19,9,20.16,1.93,0.931,0,1,2,6,0
103.31,17,4,14.26,15.84,0.834,1,0,2,8,0
83.61,8,4,5.58,31.85,0.962,0,0,0,6,0
68.89,17,4,14.55,4.23,2.033,0,0,0,2,0
26.18,12,0,1.39,4.85,1.126,0,0,0,8,0
11.04,16,6,3.52,9.3,0.584,1,0,2,4,0
8.75,18,2,3.13,9.01,0.878,1,0,0,2,0
164.2,1,0,3.29,2.65,2.192,0,0,0,1,0
19.43,22,2,0.32,4.34,1.774,1,0,0,5,0
26.45,18,3,2.26,29.68,0.892,0,0,1,5,0
10.62,18,0,14.74,7.43,0.704,0,0,0,2,0
13.12,18,0,6.56,5.93,0.867,0,0,0,5,0
28.73,17,4,8.01,14.7,0.816,0,0,1,4,0
17.33,12,7,0.61,14.29,0.645,0,0,1,4,0
65.76,13,4,12.33,4.19,0.962,0,1,1,6,0
10.95,16,6,4.56,1.51,1.484,1,0,1,5,0
23.03,0,6,19.32,11.51,2.42,0,1,2,13,1
163.11,7,1,12.8,0.96,0.862,0,0,1,2,0
497.87,16,0,0.06,1.72,1.015,0,0,0,11,0
71.66,7,7,7.09,0.57,0.742,1,0,0,6,0
55.64,20,2,18.15,12.28,1.853,0,0,0,7,0
147.18,17,9,2.66,6.31,1.263,1,0,0,5,0
35.6,15,2,10.97,2.54,1.182,1,1,1,7,0
7.39,15,8,4.29,0.45,1.427,0,1,1,7,0
36.49,15,0,2.69,4.48,1.123,1,0,0,4,0
31.32,17,6,6.77,1.87,0.72,1,0,1,6,0
149.77,14,2,9.04,2.14,1.314,0,0,2,4,0
16.11,13,6,13.28,11.67,0.934,1,0,0,6,0
9.16,10,8,10.66,4.38,0.756,1,0,1,5,0
20.97,21,3,0.41,3.88,0.9,0,0,3,4,0
20.74,23,8,8.3,5.52,0.865,0,0,1,9,0
10.94,14,0,42.02,12.78,1.796,0,1,1,3,0
46.41,9,7,4.9,6.78,1.135,1,0,1,4,0
197.82,13,2,0.11,4.65,0.6,1,0,0,6,0
31.49,17,0,6.33,0.24,2.407,0,0,3,4,0
15.29,13,3,6.58,11.45,1.347,1,0,0,4,0
7.7,10,3,18.66,0.05,1.541,0,0,0,4,0
200.53,12,1,12.46,3.79,1.226,0,1,0,5,0
23.19,8,2,15.26,5.45,0.811,0,0,0,7,0
6.51,11,4,16.17,1.68,1.403,1,0,1,3,0
75.34,9,9,7.3,5.84,1.021,0,0,0,4,0
11.3,18,7,0.24,5.38,0.897,0,0,2,8,0
18.4,19,5,0.84,3.08,0.621,0,0,0,10,0
99.62,20,8,7.58,0.67,1.076,1,0,1,5,0
95.39,18,8,8.3,3.52,1.154,1,0,1,7,0
54.54,13,4,0.03,1.48,1.337,0,0,3,6,0
21.05,8,3,13.49,2.27,1.615,0,0,1,6,0
95.98,12,7,0.19,0.59,0.939,0,0,1,4,0
9.48,17,6,1.39,1.35,2.04,0,0,1,7,0
108.15,13,7,0.15,0.9,1.827,0,0,0,5,0
174.9,16,4,4.07,7.62,1.465,1,1,1,12,0
6.04,0,1,4.74,1.82,1.249,0,0,2,7,0
224.53,11,4,4.03,1.16,0.497,0,0,1,6,0
37.93,13,4,4.26,23.04,0.928,0,0,0,7,0
10.49,12,9,2.61,10.13,0.643,0,1,0,5,0
41.45,12,3,8.7,6.72,0.761,0,0,1,8,0
6.73,1,4,3.6,0.18,2.126,1,0,2,5,0
77.15,21,0,8.53,13.58,0.752,0,0,2,2,0
5.79,3,7,142.11,144.5,5.79,0,1,2,9,1
32.48,14,9,20.3,6.42,0.473,1,0,0,6,0
44.11,11,8,8.44,3.09,0.619,0,0,0,5,0
125.04,1,8,11.67,0.91,0.954,0,0,0,6,0
32.28,12,9,0.03,12.33,0.596,0,0,0,9,0
51.42,20,2,0.15,1.39,0.941,0,1,1,5,0
41.7,20,5,4.16,11.3,0.777,0,0,3,6,0
20.43,20,5,1.01,0.62,1.193,0,1,1,4,0
107.71,13,5,6.1,3.91,1.112,0,0,0,7,0
64.42,19,8,3.66,0.41,0.51,0,0,0,5,0
23.49,2,3,3.52,14.77,2.014,0,0,0,7,0
31.07,10,9,10.92,0.07,0.712,1,0,2,10,0
12.2,7,1,4.2,7.78,1.415,0,0,1,3,0
20.2,23,4,1.03,86.85,7.758,0,1,5,15,1
52.57,20,2,10.38,1.22,1.079,0,0,2,8,0
24.77,18,8,6.3,0.9,0.428,0,0,1,2,0
75.8,23,2,0.13,0.82,0.735,0,0,0,8,0
8.25,21,0,6.94,10.17,0.998,0,0,1,6,0
41.84,5,4,2.12,6.53,1.478,1,0,3,4,0
101.38,17,0,8.85,4.68,0.924,1,0,0,6,0
154.97,18,1,1.77,1.86,0.683,0,0,1,7,0
232.37,14,7,4.38,1.07,1.033,0,0,0,8,0
74.23,12,7,15.38,1.44,0.914,0,0,2,7,0
45.49,17,0,1.06,2.87,1.21,0,0,3,3,0
46.12,10,8,9.6,0.18,0.986,0,0,1,4,0
126.53,18,0,0.18,13.05,0.866,0,0,3,6,0
94.49,21,0,1.48,0.43,1.084,0,0,1,3,0
13.22,17,2,0.21,1.39,0.991,1,0,1,6,0
238.02,12,0,7.27,3.08,0.542,0,0,0,2,0
66.05,16,5,5.84,2.44,1.168,1,0,0,7,0
47.48,14,5,36.8,2.06,0.922,0,0,0,2,0
18.41,7,0,0.34,2.0,1.069,1,0,0,4,0
8.11,19,9,2.62,0.58,0.929,0,0,0,5,0
194.06,22,7,24.96,5.55,0.81,0,0,2,4,0
23.45,14,8,0.74,0.79,0.917,1,1,1,6,0
96.43,15,3,2.62,7.7,0.985,1,0,0,8,0
10.91,10,0,9.31,0.36,0.869,0,0,1,6,0
225.96,13,9,1.51,2.33,0.653,0,0,2,9,0
14.5,8,2,1.66,3.81,1.177,0,0,2,2,0
122.81,20,6,1.64,1.92,1.172,1,0,1,10,0
175.06,8,6,1.01,1.59,1.269,0,0,1,1,0
58.14,11,5,11.83,10.85,1.208,0,0,2,5,0
17.28,9,2,1.78,7.34,0.723,0,0,2,9,0
30.75,14,4,1.99,19.61,0.678,0,0,1,5,0
34.81,20,8,3.29,1.31,0.535,0,0,2,4,0
31.98,10,7,3.86,1.78,0.941,0,1,2,8,0
55.69,21,0,2.99,14.51,0.965,0,1,1,7,0
54.85,16,8,11.97,8.47,1.909,1,0,1,8,0
18.18,2,8,0.36,0.05,0.656,1,0,0,8,0
44.07,14,6,3.37,1.11,1.661,0,0,1,4,0
36.59,20,0,2.91,18.24,1.15,0,0,0,3,0
26.58,14,6,8.61,5.16,0.796,1,0,0,3,0
130.83,7,4,8.11,7.38,0.928,0,0,0,0,0
3.03,18,8,3.14,0.55,1.156,0,0,1,3,0
21.9,16,4,0.41,7.74,1.46,0,0,1,6,0
124.13,15,2,19.65,1.02,0.749,1,0,0,8,0
27.56,13,2,2.63,11.0,0.886,0,0,0,7,0
36.04,10,5,18.57,0.42,0.614,0,0,0,6,0
19.99,19,2,9.11,9.17,1.048,0,0,1,7,0
44.4,18,0,5.8,1.82,1.172,0,0,1,7,0
66.9,12,7,1.5,9.72,0.504,1,0,0,1,0
25.89,18,0,0.56,6.55,0.926,0,0,0,2,0
303.18,15,7,3.45,1.25,1.898,0,0,0,3,0
39.07,9,2,0.42,19.51,1.937,0,0,2,8,0
9.55,17,3,6.22,3.95,1.783,0,0,2,2,0
44.81,17,3,2.47,0.26,1.159,1,0,0,2,0
18.22,15,2,0.22,3.62,1.57,0,0,3,6,0
130.69,16,9,10.65,5.35,0.303,1,0,1,3,0
11.0,17,8,23.5,0.79,1.301,1,0,0,2,0
209.85,18,2,6.12,9.29,0.749,0,0,1,6,0
7.23,18,2,2.34,5.76,1.585,0,1,1,10,0
10.97,10,5,4.11,3.27,1.545,0,0,0,8,0
21.26,10,4,23.06,2.7,0.883,0,0,2,7,0
12.28,23,1,3.56,0.59,0.485,1,0,1,9,0
64.8,11,7,7.53,0.55,1.268,0,0,1,2,0
68.43,16,8,0.07,3.28,0.898,1,0,1,6,0
34.13,13,2,9.33,3.04,1.561,0,0,0,5,0
21.57,11,0,6.22,7.62,1.241,0,0,2,8,0
146.81,19,4,7.65,15.68,1.346,0,0,0,6,0
45.68,17,3,7.45,0.55,0.795,1,0,2,10,0
31.98,19,0,0.06,2.12,0.87,1,0,1,5,0
57.9,16,2,6.31,1.21,1.245,1,0,0,3,0
35.84,18,2,4.41,9.46,1.405,0,0,0,4,0
42.25,18,1,10.28,3.99,0.924,0,0,1,2,0
27.85,21,0,12.94,4.14,0.539,1,0,0,6,0
54.22,23,2,2.18,0.92,1.051,0,0,1,3,0
104.17,13,4,0.35,1.46,0.923,0,0,1,5,0
16.45,12,3,6.12,4.04,0.66,1,0,2,7,0
13.61,15,6,0.99,0.33,0.687,1,0,0,3,0
71.65,20,8,0.51,5.56,1.569,1,0,1,3,0
36.51,21,0,0.91,1.29,1.233,0,0,2,7,0
30.92,16,9,50.72,10.25,0.825,0,0,0,9,0
40.12,10,7,18.16,2.8,0.721,0,0,3,8,0
26.88,18,0,10.26,0.51,0.785,0,0,0,7,0
13.96,9,2,1.46,7.5,0.906,0,0,0,6,0
3.85,13,6,36.25,0.68,1.642,0,0,1,5,0
455.23,17,5,3.94,4.23,1.108,1,0,1,5,0
170.22,10,3,12.0,10.22,0.556,1,1,0,4,0
49.36,6,0,4.75,1.35,0.516,1,0,1,6,0
21.75,12,5,3.27,0.73,1.398,1,0,0,4,0
26.36,13,7,8.54,16.98,0.782,0,0,1,3,0
42.72,17,1,15.07,1.46,0.759,0,0,0,7,0
16.29,12,6,5.17,13.05,0.885,0,0,0,5,0
22.56,17,4,0.04,15.39,1.587,0,0,1,6,0
23.95,22,0,1.46,16.17,1.159,0,0,1,7,0
12.35,17,6,0.23,3.76,0.61,1,0,1,7,0
45.68,14,0,12.08,2.74,0.798,0,0,0,8,0
2.07,15,4,19.6,2.73,1.0,0,0,1,7,0
18.51,14,9,21.01,1.53,0.665,0,0,1,4,0
143.4,9,7,18.12,14.29,1.578,1,0,0,2,0
19.25,13,5,19.91,0.02,0.6,1,0,0,6,0
8.84,7,1,11.19,21.94,0.497,0,0,0,3,0
27.26,17,0,15.0,3.78,1.473,0,1,1,4,0
15.35,17,7,0.77,12.35,0.931,0,0,2,3,0
33.32,16,2,6.56,7.24,0.699,0,0,0,4,0
30.0,8,8,40.5,7.23,0.547,0,0,2,4,0
27.62,16,9,9.94,0.07,0.937,0,1,0,3,0
20.54,16,5,14.87,2.75,1.505,1,0,1,6,0
7.99,12,4,1.34,10.52,1.245,1,0,1,7,0
5.12,13,1,8.83,12.12,0.618,1,1,1,2,0
23.9,20,8,8.77,4.88,0.829,0,0,1,2,0
6.08,13,6,0.51,13.06,1.311,0,0,0,4,0
23.32,19,9,4.37,0.67,0.754,0,0,2,4,0
19.06,16,9,9.07,5.9,0.874,0,0,0,7,0
70.81,19,3,4.41,0.17,1.069,0,0,0,6,0
384.66,21,6,25.08,1.63,1.349,0,0,1,5,0
38.53,13,3,0.91,2.17,0.452,1,0,2,7,0
18.25,11,8,0.75,5.84,1.394,1,0,1,6,0
87.81,18,9,7.47,12.94,1.159,1,0,0,5,0
5.86,20,0,11.08,1.87,0.679,0,0,1,4,0
7.01,14,0,2.99,2.56,1.093,0,0,0,6,0
214.66,16,4,19.86,0.95,0.667,0,0,0,2,0
12.16,20,0,3.8,0.83,0.366,0,0,0,3,0
56.5,13,4,21.59,1.97,0.654,0,0,2,5,0
40.28,11,2,15.1,8.65,1.18,0,0,0,7,0
127.64,12,2,3.67,2.06,1.537,0,0,0,7,0
11.22,12,5,6.24,1.25,1.278,0,0,0,5,0
15.39,12,0,4.34,0.89,1.589,0,1,0,9,0
19.42,4,4,0.26,20.53,0.662,0,1,1,7,0
9.59,14,6,0.06,1.24,1.325,0,0,0,8,0
25.66,19,4,7.67,1.64,0.826,0,0,0,5,0
31.28,21,2,6.36,11.68,1.071,0,0,0,5,0
12.83,18,2,2.8,0.11,1.296,0,0,0,5,0
26.55,18,4,2.18,5.3,0.748,1,0,0,7,0
3.05,15,8,4.51,0.57,0.693,1,0,1,3,0
38.79,23,0,6.7,3.42,0.811,0,0,2,3,0
32.32,10,0,4.47,4.95,1.302,1,0,1,7,0
53.19,20,3,12.86,8.48,1.153,1,0,0,8,0
15.93,20,6,11.48,0.19,0.685,0,0,1,6,0
20.35,12,2,11.02,8.18,1.773,1,0,0,6,0
150.72,9,2,0.46,0.5,0.66,0,1,1,7,0
67.63,20,4,0.76,2.05,0.792,0,0,1,6,0
35.15,12,3,11.49,5.25,1.07,1,0,3,9,0
22.12,0,3,2.62,1.11,0.608,0,0,1,6,0
53.34,9,1,21.8,14.47,1.04,0,0,1,7,0
6.72,21,0,8.1,3.71,0.849,0,0,2,5,0
26.67,9,8,8.86,3.23,0.531,1,0,1,7,0
136.35,13,8,6.21,2.57,1.03,0,0,2,3,0
12.6,22,3,53.66,2.46,8.941,0,0,2,8,1
77.6,12,2,19.35,6.85,2.083,0,0,1,3,0
224.91,13,6,42.04,55.58,0.936,0,1,2,20,1
60.56,19,2,2.15,11.61,1.129,1,0,1,6,0
20.14,9,6,4.25,0.83,1.391,0,0,2,6,0
36.28,11,1,9.13,16.77,0.896,0,0,0,1,0
46.1,22,3,15.43,1.61,0.71,1,0,1,4,0
18.12,12,2,4.7,1.93,0.634,1,0,1,3,0
34.46,11,4,1.57,1.78,0.6,0,0,0,9,0
87.84,7,4,3.82,10.56,0.894,0,0,0,1,0
14.08,5,2,21.74,1.6,0.83,0,0,0,5,0
54.36,18,7,8.49,1.67,1.622,0,0,0,1,0
40.63,10,2,1.74,2.01,2.613,0,0,0,9,0
22.63,12,1,12.41,0.8,0.759,0,0,0,8,0
9.88,11,3,8.97,8.67,0.722,0,0,0,6,0
31.53,16,9,4.73,5.27,0.636,0,0,1,8,0
67.71,12,9,6.83,3.42,0.769,1,0,1,2,0
36.19,18,4,22.43,3.92,0.825,0,1,0,3,0
43.13,19,9,2.3,2.01,2.151,0,0,0,1,0
21.42,13,8,15.2,24.0,1.16,0,1,1,10,0
254.71,20,6,8.85,1.29,1.067,0,0,1,10,0
26.56,7,0,0.74,0.14,0.642,0,0,1,3,0
9.73,18,2,2.12,9.68,0.9,1,0,1,9,0
63.06,18,8,2.27,4.58,0.891,1,0,2,7,0
29.96,18,6,10.22,2.98,1.01,1,0,0,7,0
19.39,14,3,9.38,0.78,1.483,1,0,0,8,0
4.62,9,7,1.09,2.5,0.84,0,1,0,7,0
36.69,9,7,6.99,15.86,0.984,0,0,1,6,0
133.86,23,1,4.34,20.72,0.825,1,0,0,7,0
92.84,19,4,7.22,8.13,2.14,0,0,2,4,0
21.07,10,6,30.13,6.55,1.512,0,0,0,5,0
29.65,20,3,2.14,2.59,1.371,1,0,1,4,0
14.13,12,7,0.55,5.24,0.388,0,0,0,6,0
123.75,11,8,14.49,1.77,0.791,0,0,0,7,0
131.05,17,5,1.6,4.37,1.228,0,0,2,4,0
7.32,13,6,0.02,0.38,0.749,1,0,1,6,0
51.44,6,4,8.91,0.06,0.743,0,1,1,5,0
50.52,15,8,6.93,1.82,0.365,0,1,0,4,0
108.68,19,1,1.92,3.91,1.213,1,0,1,6,0
31.25,12,9,2.83,4.05,1.539,0,0,1,4,0
31.65,15,0,6.78,3.68,1.728,1,0,1,5,0
44.51,16,4,6.48,11.7,1.636,0,0,1,6,0
22.16,13,0,10.77,4.4,1.003,0,0,2,7,0
78.98,12,4,10.89,1.92,1.235,0,0,0,4,0
19.09,23,7,1.42,12.67,0.637,0,0,0,3,0
78.22,8,7,3.24,9.9,1.072,0,1,0,8,0
40.54,21,7,2.45,0.88,1.257,1,0,1,5,0
94.08,21,7,3.87,10.06,0.88,1,0,0,9,0
9.28,10,3,7.74,0.44,0.937,0,0,2,3,0
88.58,11,5,0.88,11.87,1.508,0,0,1,5,0
11.22,14,3,0.09,1.59,0.898,0,0,1,4,0
103.09,10,8,1.79,16.85,0.801,1,0,0,7,0
11.18,16,6,4.82,16.12,0.739,0,0,1,2,0
66.39,14,5,9.41,4.37,1.296,0,0,1,6,0
42.11,11,7,36.93,6.56,0.94,0,0,0,4,0
336.99,17,5,0.41,24.15,1.448,1,0,2,6,0
23.27,2,7,9.91,13.67,5.204,1,0,7,12,1
54.01,13,9,7.77,0.03,1.363,0,0,1,4,0
54.11,11,7,16.97,24.04,0.969,0,0,1,5,0
70.63,14,9,17.75,0.46,0.776,0,0,2,6,0
44.41,12,6,14.1,2.07,0.704,0,0,2,3,0
76.31,12,8,12.31,3.87,1.244,0,0,2,5,0
38.88,17,1,6.9,6.06,0.797,0,1,0,4,0
191.0,19,5,0.67,6.35,0.488,1,0,0,9,0
45.88,16,7,5.66,10.04,0.453,0,0,0,3,0
35.82,7,6,2.68,8.64,0.891,0,0,1,7,0
21.56,13,0,6.44,6.79,1.211,1,1,0,5,0
1.29,12,8,5.92,2.71,0.476,1,0,1,3,0
16.53,22,3,75.06,30.96,4.557,0,0,4,15,1
33.46,9,0,5.35,0.58,1.648,1,0,1,9,0
12.21,19,6,3.37,23.0,0.451,0,0,0,2,0
5.65,6,5,0.93,9.71,1.315,0,0,0,1,0
3.1,12,3,5.23,0.0,0.753,0,0,2,7,0
68.81,11,9,4.55,14.16,1.105,0,0,2,6,0
30.11,12,3,24.3,5.52,0.48,1,0,0,2,0
42.18,14,8,2.47,9.61,1.186,0,0,1,5,0
62.16,8,0,4.7,4.97,0.911,1,0,4,5,0
148.54,7,4,3.44,5.51,0.669,0,0,2,4,0
55.35,11,1,7.89,11.99,0.557,1,0,0,7,0
42.78,15,2,1.8,0.36,0.714,1,0,0,2,0
114.07,5,5,0.51,7.73,1.059,1,0,0,6,0
58.14,11,4,6.66,2.99,0.618,1,0,0,6,0
54.82,17,2,4.25,5.06,0.459,0,0,2,5,0
34.03,15,6,1.58,9.0,1.375,1,0,0,3,0
48.29,11,3,13.64,4.07,1.279,1,0,1,8,0
143.56,17,2,0.53,2.19,1.143,0,0,1,1,0
130.91,22,0,18.49,7.35,2.288,1,0,2,5,0
43.71,12,0,38.32,2.56,1.272,0,0,1,5,0
3.06,15,9,10.12,3.8,0.81,0,0,1,5,0
4.67,18,5,4.93,1.2,0.92,0,1,2,5,0
218.86,15,8,16.56,14.06,1.033,1,0,1,7,0
13.9,17,6,1.94,5.32,0.601,0,0,0,3,0
86.95,10,2,5.28,5.84,0.872,1,0,0,7,0
22.3,12,3,25.41,7.6,1.055,0,1,5,10,1
3.07,14,6,9.01,2.31,1.421,0,0,3,5,0
9.2,12,7,40.6,1.01,0.671,0,0,1,6,0
48.49,21,0,15.69,5.34,0.939,0,0,2,5,0
14.64,14,4,0.86,13.11,0.823,0,0,3,5,0
67.11,0,6,13.74,35.6,1.255,0,0,3,11,1
65.31,19,8,0.51,14.88,0.961,0,1,0,8,0
49.61,13,7,1.52,3.14,0.6,0,0,0,2,0
9.95,16,4,9.74,13.39,0.467,0,1,0,7,0
8.85,16,7,5.49,5.51,1.306,0,1,0,1,0
175.12,15,5,0.76,0.65,0.978,0,0,1,7,0
90.59,19,8,24.05,8.67,1.048,1,0,0,7,0
53.26,6,4,0.66,17.87,1.224,0,0,2,5,0
30.62,16,2,14.37,5.56,1.424,0,1,1,2,0
11.62,16,2,2.59,1.28,1.121,0,0,1,2,0
66.73,12,0,6.49,3.86,0.706,0,0,1,4,0
68.64,16,0,4.45,12.22,1.971,0,0,0,3,0
33.4,21,0,19.47,1.13,0.711,0,0,1,4,0
43.1,12,0,32.1,2.31,0.969,0,0,2,4,0
42.47,16,9,12.86,3.38,0.712,1,0,0,7,0
9.66,13,2,8.15,3.78,0.642,1,0,2,7,0
31.84,17,5,5.05,0.41,1.007,0,1,0,8,0
11.54,9,3,21.01,0.75,0.84,1,0,0,4,0
207.13,15,1,48.2,0.59,1.162,0,0,2,12,1
70.09,16,0,2.44,2.17,1.074,0,0,1,4,0
10.47,22,0,0.67,4.79,0.998,0,0,1,6,0
55.08,17,1,6.54,17.94,0.622,0,0,4,2,0
419.63,20,0,16.19,4.81,1.486,0,0,1,7,0
15.26,18,0,11.93,12.12,1.287,1,0,1,6,0
258.0,10,9,0.97,6.14,0.94,0,0,1,13,0
10.7,21,9,16.08,1.44,0.804,0,0,1,5,0
23.47,16,5,2.15,6.2,1.161,0,0,1,7,0
11.9,11,3,23.18,0.86,1.731,0,0,0,7,0
18.09,22,7,5.53,2.23,0.729,0,0,0,4,0
8.92,6,3,1.44,4.67,0.415,0,0,0,7,0
20.47,12,2,19.44,1.29,2.258,0,0,1,6,0
24.11,14,8,2.37,1.7,1.149,0,0,0,4,0
166.72,19,7,0.54,1.58,0.958,0,0,0,6,0
61.26,18,4,5.27,6.3,0.475,0,0,0,5,0
177.17,17,0,3.77,8.4,0.549,1,0,1,7,0
85.74,8,4,16.29,8.58,1.057,1,0,2,4,0
183.21,8,1,9.65,21.61,0.573,0,0,0,5,0
7.16,10,0,2.24,1.23,1.124,1,0,0,5,0
20.91,16,7,10.09,6.01,0.584,0,1,0,6,0
69.38,19,2,2.67,4.46,0.815,0,0,1,2,0
24.1,6,8,7.09,7.16,1.152,1,0,3,6,0
109.21,16,4,2.98,1.81,0.629,0,0,1,6,0
118.47,13,1,6.33,8.15,1.478,0,0,1,6,0
51.52,23,2,27.42,3.11,1.558,0,0,0,4,0
6.88,20,6,17.4,4.45,0.998,0,0,1,9,0
64.39,18,0,8.62,0.68,0.996,0,1,0,5,0
23.68,11,8,0.45,0.06,0.578,0,0,1,6,0
66.9,10,5,0.82,3.94,1.091,0,1,0,5,0
40.97,15,4,6.89,12.11,0.482,1,0,0,7,0
28.45,15,0,4.29,1.97,0.575,0,0,0,4,0
117.68,19,0,8.25,2.26,1.205,0,1,2,4,0
23.58,19,7,7.97,11.22,0.587,0,0,0,5,0
38.0,16,4,21.02,0.32,0.753,0,0,1,4,0
31.22,19,2,10.57,5.97,1.167,0,1,0,6,0
60.31,18,8,9.75,2.19,0.564,1,0,0,6,0
9.14,18,5,1.76,0.17,0.622,0,0,2,5,0
4.42,15,7,7.04,7.82,0.964,0,0,2,3,0
17.68,22,5,1.27,16.69,0.609,0,0,2,8,0
160.49,9,8,68.19,53.23,1.123,1,0,1,12,1
110.01,17,6,16.05,0.16,0.736,0,0,2,4,0
54.75,11,5,4.25,3.72,1.699,0,0,0,8,0
48.89,7,6,7.72,12.93,1.582,0,0,1,5,0
49.11,11,1,3.52,1.99,0.96,0,0,1,7,0
6.81,20,8,4.42,3.42,0.588,1,0,0,6,0
14.94,9,6,19.76,8.98,2.221,0,0,3,5,0
2.58,15,1,7.62,10.26,0.927,0,0,2,2,0
5.02,11,5,10.47,0.41,1.423,0,0,0,5,0
39.84,19,9,1.71,6.69,1.147,0,0,0,5,0
35.98,19,3,0.28,0.96,1.011,0,0,2,5,0
103.35,17,3,7.12,6.07,0.948,0,0,1,6,0
37.15,9,1,6.07,0.45,0.8,0,0,0,5,0
40.54,7,3,5.87,1.37,1.028,1,0,1,4,0
23.6,18,2,34.73,17.67,0.931,0,0,0,5,0
75.65,3,7,53.22,1.12,3.323,0,0,2,15,1
46.88,10,1,3.43,0.57,1.189,0,0,2,5,0
84.19,11,6,1.93,1.37,1.303,1,0,0,5,0
190.06,10,6,32.76,2.23,0.637,0,0,1,3,0
162.17,21,4,1.83,11.46,1.409,0,0,2,2,0
6.22,11,5,1.61,7.21,0.812,0,1,2,4,0
15.37,12,4,4.55,1.17,1.529,0,0,1,7,0
30.99,17,2,0.49,1.41,0.766,0,0,0,7,0
60.47,18,0,11.51,5.52,1.186,0,0,2,8,0
13.13,18,0,19.28,5.03,2.433,0,0,1,4,0
27.78,12,9,1.46,6.37,0.314,0,0,1,5,0
5.2,19,7,2.94,0.33,1.898,0,1,0,10,0
149.17,20,8,4.53,8.97,0.578,0,0,0,5,0
40.87,13,8,12.89,1.31,0.814,0,0,0,3,0
54.75,15,2,4.64,1.01,0.45,0,0,1,5,0
92.31,10,3,7.15,8.28,0.423,1,0,0,8,0
105.94,15,3,11.44,1.71,1.232,0,0,0,4,0
140.96,17,0,3.05,2.41,0.538,0,0,0,4,0
5.34,12,3,11.38,0.8,0.707,0,0,1,9,0
33.02,17,6,16.69,0.23,0.923,1,0,0,10,0
11.38,14,1,4.43,4.19,1.057,0,0,0,6,0
25.45,6,0,3.25,4.36,1.92,0,0,0,3,0
17.31,18,8,1.75,3.67,0.845,1,0,1,8,0
14.74,10,6,23.46,5.51,0.942,0,0,0,4,0
57.54,11,0,13.28,0.39,0.635,0,0,2,7,0
14.67,22,5,6.53,5.52,0.685,0,0,2,5,0
13.74,14,6,9.17,14.06,1.193,0,0,1,10,0
144.41,12,5,12.15,5.02,0.51,0,0,0,2,0
29.56,18,9,4.58,23.73,1.102,0,0,0,4,0
25.11,8,5,14.56,16.58,0.872,0,0,2,6,0
14.72,19,7,29.7,1.58,0.956,0,0,0,9,0
21.52,20,7,10.96,15.51,1.241,0,0,1,5,0
52.86,18,9,3.78,0.63,0.734,0,0,2,6,0
9.27,17,3,0.92,9.18,0.96,0,0,1,4,0
60.78,10,0,5.63,6.08,1.704,0,0,1,6,0
6.75,11,1,8.46,1.63,3.573,0,0,1,4,0
8.82,14,7,0.13,0.77,1.101,0,0,0,5,0
90.61,19,7,20.5,1.26,0.839,0,0,1,6,0
6.88,12,8,1.19,1.25,2.379,1,1,2,9,0
43.67,12,9,6.93,1.28,1.119,1,0,0,2,0
7.6,9,3,56.84,5.5,1.231,1,1,2,6,0
46.07,17,7,0.29,1.82,0.978,0,0,1,5,0
52.34,11,0,6.27,0.3,0.889,0,0,1,3,0
11.0,14,8,2.2,4.67,0.919,1,0,1,4,0
103.18,13,9,16.45,9.01,0.916,0,0,1,5,0
11.89,9,0,19.87,5.1,1.213,0,0,0,5,0
22.49,11,3,1.94,3.04,0.961,0,0,0,4,0
16.97,15,0,11.4,3.99,1.575,0,1,0,6,0
216.33,11,6,4.93,21.7,1.066,0,0,1,5,0
72.84,15,9,13.22,3.02,1.543,0,0,0,2,0
39.12,20,3,0.34,3.65,0.643,0,0,1,2,0
16.19,21,6,0.34,3.39,1.155,0,0,2,5,0
8.59,19,9,7.32,2.89,1.153,0,1,0,5,0
22.21,6,9,9.51,0.44,1.383,1,0,1,5,0
46.92,12,3,11.39,2.09,0.93,0,0,0,8,0
39.27,19,2,12.07,17.88,0.801,0,0,0,4,0
53.51,14,3,6.47,12.18,2.261,0,0,0,7,0
18.23,15,2,3.6,1.78,0.798,1,0,1,4,0
22.81,19,8,1.62,0.33,1.854,0,0,2,2,0
258.84,9,8,17.26,17.78,2.09,1,1,2,3,0
11.74,20,5,3.95,4.14,1.079,0,0,4,7,0
50.82,20,1,5.79,1.13,1.604,0,0,0,4,0
25.13,23,3,12.32,12.59,0.857,0,0,0,8,0
14.04,8,8,3.74,17.08,1.27,1,0,1,5,0
12.2,12,4,5.01,10.69,1.012,1,0,3,2,0
18.26,18,7,1.94,3.91,0.98,0,0,1,6,0
100.92,9,0,1.47,3.2,0.518,1,0,1,6,0
32.32,12,1,10.34,7.46,0.849,0,0,1,3,0
9.07,9,0,1.31,3.39,0.921,1,0,0,5,0
36.35,17,2,4.56,1.5,0.743,0,0,0,3,0
221.47,20,3,0.21,0.71,0.383,1,0,0,5,0
106.99,0,2,22.67,5.01,1.681,0,1,0,4,0
18.66,22,1,13.31,2.4,1.345,1,0,0,2,0
180.11,13,9,21.32,0.85,0.702,0,1,1,5,0
13.46,3,4,4.91,8.35,0.81,0,0,0,6,0
24.5,17,1,3.55,1.54,0.99,1,0,1,3,0
67.72,18,7,13.59,3.02,0.8,0,0,0,9,0
32.02,22,4,5.38,1.12,1.832,0,0,1,9,0
23.84,7,7,0.82,0.23,0.986,0,0,1,4,0
12.36,8,8,9.77,16.23,2.011,1,0,3,3,0
18.13,18,8,17.31,9.19,0.88,0,0,1,2,0
105.99,16,1,2.21,3.43,1.151,1,0,1,7,0
67.32,15,2,1.44,8.13,0.578,1,0,1,4,0
21.09,21,3,5.42,2.19,1.275,0,0,0,4,0
93.5,20,3,10.38,1.72,0.724,0,0,0,5,0
26.53,16,5,24.45,1.57,0.834,1,0,0,5,0
39.29,17,2,3.67,1.47,0.591,0,0,1,4,0
47.9,17,2,0.32,3.61,1.03,0,0,2,4,0
6.52,16,6,28.03,0.22,3.184,0,0,1,5,0
91.98,10,0,2.84,0.85,1.061,0,0,0,3,0
15.58,15,4,1.19,1.71,1.696,0,1,1,1,0
84.12,20,8,2.11,9.5,0.914,0,0,0,6,0
32.76,17,3,4.5,0.82,0.979,0,0,4,4,0
124.02,8,2,19.17,4.77,0.677,0,0,1,4,0
11.05,17,7,1.39,3.86,1.177,0,0,1,4,0
217.0,14,9,27.8,5.66,0.861,0,0,1,7,0
45.93,14,8,12.23,4.39,1.078,0,0,0,5,0
12.82,18,2,2.03,1.49,0.769,0,0,2,4,0
21.98,16,9,8.75,6.59,1.216,0,0,1,6,0
67.35,12,0,1.19,2.63,1.04,0,0,2,0,0
41.44,16,1,2.27,2.53,1.055,0,0,2,3,0
126.38,22,5,11.0,10.02,0.491,0,0,1,6,0
44.57,9,8,0.71,13.59,0.571,0,0,0,6,0
146.02,11,1,14.97,5.9,1.17,0,0,1,9,0
17.7,11,4,0.36,5.47,0.877,0,0,0,7,0
22.67,12,8,1.11,5.15,0.697,0,0,1,5,0
61.1,0,0,3.79,0.09,1.653,0,0,1,4,0
3.03,14,9,9.31,13.89,0.614,0,0,1,5,0
92.02,8,5,12.49,0.18,0.608,1,1,0,9,0
65.03,22,0,3.92,11.01,1.212,0,1,2,5,0
13.35,9,6,4.67,0.13,1.429,0,0,0,2,0
25.0,15,0,2.58,2.8,1.483,0,0,1,6,0
7.47,18,6,0.47,6.04,0.82,0,0,1,2,0
23.14,14,3,9.81,0.25,1.716,1,0,1,2,0
32.09,10,8,16.5,5.42,0.731,1,0,3,4,0
77.05,20,1,3.74,1.16,0.728,1,0,1,6,0
53.42,10,0,11.2,2.9,1.493,1,1,2,7,0
25.33,21,0,0.97,6.46,1.544,1,0,1,8,0
39.96,15,2,23.12,0.55,1.049,1,0,0,7,0
12.08,1,0,0.73,0.66,0.756,0,0,1,5,0
22.2,12,2,6.84,0.43,0.569,0,0,0,4,0
247.99,11,1,5.61,0.47,1.489,1,0,0,3,0
69.96,7,3,4.42,11.56,1.657,0,0,0,4,0
120.36,9,6,6.93,1.2,1.331,0,0,1,3,0
47.06,16,7,2.53,20.84,0.732,0,0,1,7,0
18.88,14,4,2.3,0.09,1.22,0,0,0,5,0
88.13,9,1,5.34,2.13,1.705,0,0,1,4,0
59.85,14,1,6.56,4.81,1.614,1,0,1,3,0
36.11,23,8,0.15,10.75,0.665,0,0,0,5,0
29.83,14,8,0.35,0.88,1.03,0,0,0,5,0
82.3,14,9,12.23,8.1,1.078,1,0,0,6,0
16.13,20,2,0.28,2.04,0.733,0,0,1,6,0
37.57,9,2,7.86,3.0,0.857,1,0,0,8,0
21.19,12,8,16.81,8.82,0.841,1,0,2,9,0
21.09,14,1,4.64,0.23,0.836,0,1,1,5,0
45.34,16,2,12.4,2.09,1.16,1,0,2,5,0
34.59,8,1,0.16,10.02,1.453,0,0,1,5,0
20.62,16,3,0.32,1.52,0.38,0,0,0,8,0
33.81,23,5,9.46,7.25,1.087,0,0,2,6,0
30.58,22,0,4.5,13.81,1.396,0,0,1,5,0
13.58,13,0,2.0,10.53,1.495,1,0,0,4,0
2.93,12,7,1.73,2.59,1.275,1,0,1,6,0
24.98,9,0,3.57,0.2,1.112,0,0,0,5,0
11.5,12,9,5.87,17.15,0.636,0,0,0,4,0
9.86,20,9,4.4,10.72,0.697,1,0,1,5,0
11.45,17,3,4.24,6.95,1.059,0,0,3,4,0
39.07,21,0,16.62,0.03,0.891,0,0,0,7,0
13.95,18,9,5.13,7.13,1.825,1,0,1,3,0
30.27,16,0,1.6,2.68,0.792,0,0,1,4,0
14.87,15,7,2.48,14.2,1.272,0,0,1,6,0
5.45,6,6,12.23,3.77,0.72,0,0,2,4,0
85.15,20,5,31.01,15.18,1.2,0,1,3,4,0
56.9,12,1,8.59,1.79,1.042,0,0,0,3,0
30.55,11,2,11.62,0.03,0.51,1,1,1,7,0
11.31,12,4,0.97,5.13,1.088,0,0,1,5,0
41.23,18,3,16.11,0.39,0.965,0,0,1,4,0
15.69,12,9,7.69,3.46,0.879,1,0,0,5,0
26.08,17,1,2.98,5.98,1.709,0,0,1,6,0
7.04,13,5,4.8,6.32,2.073,0,0,0,5,0
66.86,10,3,1.19,1.62,0.504,1,0,2,10,0
3.27,14,6,0.76,13.52,1.3,1,0,0,3,0
9.53,15,2,2.91,1.17,0.57,0,0,0,7,0
12.92,12,2,5.01,9.58,1.645,0,1,0,4,0
54.61,20,2,12.84,5.72,1.359,0,0,0,8,0
14.99,17,5,1.61,0.34,0.671,1,1,1,10,0
17.16,21,0,2.14,11.11,0.748,0,0,1,2,0
25.91,12,4,4.83,5.89,0.856,1,0,0,5,0
14.88,23,3,9.3,14.16,0.697,1,0,0,5,0
22.47,17,4,17.02,0.96,0.643,1,0,0,3,0
28.45,20,7,3.49,2.42,1.891,1,0,0,8,0
51.39,7,5,2.46,5.21,1.121,1,0,1,8,0
86.7,18,5,9.17,0.98,0.817,0,0,1,8,0
47.87,19,7,5.6,2.16,1.466,0,0,2,5,0
50.67,6,5,23.05,9.69,0.957,1,0,1,6,0
22.17,20,5,1.29,0.4,1.108,0,0,2,5,0
46.36,10,0,8.0,3.33,0.706,0,0,0,7,0
8.61,12,1,7.04,9.85,0.913,1,0,0,3,0
30.72,23,0,14.36,6.73,2.173,0,0,0,5,0
26.49,14,9,12.0,5.51,0.835,1,1,1,7,0
12.98,13,5,9.43,0.93,3.017,0,0,0,6,0
139.53,22,7,35.22,20.09,3.348,0,0,6,9,1
58.61,17,0,1.84,6.11,0.405,0,0,0,9,0
15.24,12,8,6.97,0.61,2.118,1,1,0,5,0
20.65,21,1,2.98,5.27,1.181,0,0,0,4,0
23.02,12,2,19.61,2.18,0.935,1,0,0,5,0
38.36,11,8,6.75,5.97,1.26,1,0,1,5,0
41.17,15,5,12.63,1.55,1.155,1,0,2,6,0
43.27,10,9,0.33,2.18,1.003,0,0,1,7,0
46.83,7,7,2.41,25.9,1.104,0,0,0,6,0
1.94,14,1,36.68,11.96,1.056,0,0,2,9,0
35.61,8,6,10.07,2.33,1.409,0,0,1,6,0
115.01,21,0,8.74,2.86,0.716,0,0,1,6,0
11.59,13,3,3.05,3.27,1.221,1,0,1,5,0
154.17,17,3,10.45,38.06,1.976,0,0,2,12,1
76.75,16,5,4.41,3.24,1.436,1,1,2,2,0
19.44,7,0,19.56,1.57,1.391,0,0,3,9,0
55.04,9,2,0.66,9.37,1.238,0,0,3,4,0
67.75,11,3,8.47,34.19,0.465,1,1,0,7,0
68.86,5,3,0.68,3.19,1.764,0,0,0,6,0
56.62,13,6,15.5,1.58,1.708,1,0,2,6,0
12.47,8,9,3.02,2.09,0.804,1,0,1,6,0
46.63,15,9,49.86,3.45,0.292,0,1,1,5,0
75.92,14,9,20.45,0.47,0.98,1,0,1,7,0
12.94,13,2,6.69,6.37,0.944,0,0,1,5,0
19.51,7,3,7.48,5.17,0.761,0,0,0,3,0
15.76,12,4,0.31,0.54,0.929,1,0,0,7,0
3.09,15,9,4.93,2.24,1.477,0,0,2,6,0
43.17,21,1,11.66,9.88,0.919,0,0,1,7,0
11.25,14,0,8.59,13.73,0.943,0,0,1,3,0
6.21,10,6,7.29,4.98,1.052,1,0,0,4,0
14.53,22,7,2.9,6.31,0.83,0,0,1,5,0
17.41,9,5,3.99,2.74,0.89,0,0,1,7,0
11.48,8,4,2.21,12.22,1.892,0,0,1,3,0
18.17,15,2,13.87,1.68,0.627,0,0,0,4,0
58.58,20,5,0.7,0.15,0.855,0,0,1,4,0
27.47,17,0,1.29,1.96,0.705,0,0,0,5,0
43.74,10,4,2.07,2.15,0.946,0,0,0,4,0
71.19,9,6,28.36,10.98,1.36,1,0,0,3,0
46.61,11,3,16.08,13.55,0.976,0,0,0,5,0
21.32,20,1,3.87,1.72,1.332,0,0,1,3,0
21.61,22,8,3.75,1.74,0.704,0,0,0,3,0
31.04,6,9,4.99,1.81,1.155,0,0,0,7,0
50.38,19,2,8.2,3.7,0.71,1,0,0,7,0
5.08,12,8,14.12,2.89,0.962,0,0,0,8,0
64.02,2,1,2.66,3.11,0.413,0,0,1,4,0
19.6,12,2,24.13,2.38,2.588,0,0,1,4,0
53.63,23,9,11.34,3.18,0.766,0,0,3,4,0
14.44,20,3,18.85,0.3,1.221,0,0,0,4,0
5.63,16,7,10.96,5.29,0.81,0,0,1,3,0
48.49,23,0,1.52,15.0,0.899,0,0,0,8,0
58.35,19,4,0.14,6.52,1.703,0,0,1,8,0
64.31,15,8,5.32,2.61,0.901,0,0,0,3,0
58.48,7,1,1.27,1.34,0.563,0,0,1,5,0
30.1,20,8,0.1,3.75,2.123,1,0,1,3,0
20.89,17,9,1.12,9.73,0.671,0,0,0,7,0
18.14,11,0,4.56,14.6,0.795,0,0,0,7,0
21.99,19,4,9.07,1.0,1.461,0,0,0,6,0
53.55,8,3,15.11,2.0,0.844,0,0,0,5,0
10.02,11,4,1.2,0.52,1.329,0,0,1,6,0
32.37,15,3,10.21,18.4,0.872,0,0,0,6,0
35.06,9,0,9.05,1.49,1.044,0,0,0,11,0
66.24,1,1,26.07,2.54,1.136,0,0,2,6,0
56.32,14,5,5.54,7.98,1.898,0,0,2,5,0
96.83,8,6,26.62,3.05,0.584,1,0,0,7,0
37.91,9,3,2.18,5.0,1.163,0,0,0,5,0
5.78,10,8,30.17,1.4,0.52,0,0,0,6,0
5.7,14,8,2.38,4.83,1.266,0,0,2,8,0
87.54,14,6,1.66,0.3,0.971,0,0,0,6,0
27.36,11,3,7.82,8.59,0.973,0,0,2,5,0
38.49,15,1,12.2,1.88,1.163,0,0,1,3,0
22.88,18,5,5.91,1.51,0.722,1,0,1,5,0
8.39,9,0,3.8,5.26,0.816,0,0,0,4,0
129.91,20,9,0.45,0.55,0.751,0,0,0,3,0
67.91,19,1,1.41,3.78,1.979,1,0,0,6,0
29.72,19,7,4.58,5.67,1.106,0,0,1,2,0
32.95,20,1,23.49,7.13,0.437,0,0,0,4,0
16.92,19,4,8.34,0.02,1.454,1,0,0,2,0
13.25,16,7,1.76,11.02,1.185,0,0,4,7,0
11.82,18,4,2.36,1.89,0.553,0,0,0,10,0
13.1,16,6,23.56,20.12,1.278,1,0,0,4,0
14.66,15,0,0.27,7.2,0.583,0,0,1,5,0
21.33,21,7,6.3,13.61,0.679,1,0,0,7,0
18.46,17,0,1.18,7.05,1.119,0,0,0,7,0
18.71,16,5,0.99,2.69,0.672,1,0,1,6,0
80.66,14,4,1.34,0.54,0.612,0,0,1,8,0
45.38,10,7,10.72,9.87,1.199,0,1,0,9,0
23.86,17,6,5.51,4.37,1.086,0,0,0,5,0
32.25,15,9,0.78,6.73,0.698,0,0,1,4,0
65.66,17,9,5.67,8.33,0.796,0,0,2,4,0
42.03,12,1,2.74,17.72,1.343,0,0,4,6,0
24.35,11,2,28.76,0.58,0.722,0,1,1,4,0
42.13,14,2,1.69,2.07,0.472,0,0,1,5,0
29.07,10,8,3.34,12.3,0.867,0,0,0,9,0
37.93,17,6,10.29,4.73,1.243,0,0,1,7,0
58.8,11,2,23.51,1.83,1.076,0,0,0,3,0
11.33,9,6,2.41,1.46,1.15,0,0,1,8,0
18.18,9,6,12.39,1.91,1.726,0,0,0,6,0
39.47,16,3,8.66,10.06,0.681,1,0,1,4,0
14.15,9,1,2.18,5.16,0.955,0,0,0,3,0
29.93,8,9,1.3,0.78,1.394,0,0,1,4,0
62.55,14,5,1.93,10.92,1.126,0,1,1,3,0
11.32,23,1,11.63,7.81,0.682,0,0,1,4,0
9.62,11,8,1.87,1.42,0.902,0,0,1,5,0
15.02,20,2,14.57,1.45,1.236,1,0,1,5,0
54.27,8,1,4.38,0.68,0.981,0,0,2,10,0
56.07,17,1,10.57,1.74,0.421,1,0,3,2,0
11.87,6,6,2.36,7.22,1.944,0,0,1,5,0
26.19,13,5,4.47,7.35,1.402,1,0,0,1,0
14.87,10,2,32.51,2.81,1.864,1,0,0,8,0
70.34,14,9,8.6,2.36,1.24,0,0,0,9,0
26.21,14,5,7.58,3.24,0.673,0,0,0,5,0
8.44,13,5,1.19,0.32,1.6,1,0,0,2,0
98.97,18,8,3.93,2.46,1.269,0,1,0,5,0
30.89,6,7,3.67,7.93,0.751,0,0,0,3,0
103.27,8,3,34.1,9.18,1.138,0,0,1,5,0
11.99,14,0,6.71,10.43,1.266,0,0,1,5,0
7.3,8,0,1.02,2.65,0.834,1,0,0,3,0
10.71,14,9,3.75,2.54,1.173,0,0,1,5,0
27.99,12,4,2.95,0.24,0.652,1,0,0,3,0
26.79,18,8,11.89,0.13,0.869,0,0,1,8,0
17.4,13,1,9.13,2.63,0.725,1,0,0,10,0
76.38,7,9,28.34,0.03,0.913,1,0,0,7,0
65.64,12,9,6.06,0.96,1.491,0,0,0,13,0
35.86,17,5,16.99,5.52,0.954,0,0,1,6,0
10.81,18,5,0.28,1.65,0.758,0,0,1,1,0
12.81,11,6,4.75,12.15,0.73,0,0,1,4,0
99.22,15,2,13.67,0.24,0.936,1,0,1,7,0
13.36,21,0,12.4,4.82,0.916,1,1,0,6,0
54.4,19,3,15.46,0.44,1.168,0,0,2,5,0
22.09,12,9,2.34,3.6,1.762,0,0,3,6,0
94.51,7,3,0.46,4.13,0.843,0,0,0,3,0
9.98,15,1,7.89,0.23,1.378,0,1,1,5,0
3.68,16,7,2.32,5.07,1.761,1,0,1,5,0
28.52,10,2,13.03,1.7,0.86,0,0,0,4,0
34.27,8,1,1.98,1.09,1.23,0,0,0,5,0
67.19,16,7,13.59,10.39,1.435,0,0,1,8,0
8.8,16,4,4.96,6.75,1.153,1,0,0,5,0
39.94,12,9,1.26,6.25,0.877,1,0,0,6,0
112.99,11,4,7.66,6.96,0.8,0,0,1,3,0
75.98,11,0,3.71,13.99,0.735,0,0,0,3,0
69.08,15,2,2.91,13.66,0.739,1,1,0,3,0
13.17,0,9,0.35,3.28,1.119,1,1,0,5,0
6.2,15,7,3.67,0.84,0.834,1,0,0,6,0
75.64,15,1,2.18,6.56,0.978,1,0,0,3,0
7.97,20,3,5.35,16.32,0.865,1,0,0,3,0
19.62,10,6,6.65,2.58,0.673,0,0,0,6,0
25.22,15,1,0.41,2.26,1.51,0,0,3,12,0
70.35,13,0,2.85,1.78,0.704,0,0,2,6,0
27.87,10,4,2.65,26.62,0.788,0,0,0,5,0
42.17,16,7,5.24,10.06,1.764,0,0,1,5,0
14.83,19,1,6.58,5.42,1.582,1,0,2,6,0
8.6,12,2,9.61,0.58,1.009,0,0,1,4,0
12.61,10,0,27.2,13.09,1.15,1,0,1,5,0
61.91,19,2,2.0,19.93,0.726,0,0,0,4,0
19.82,12,5,1.29,0.3,0.987,0,0,1,1,0
39.63,12,8,10.81,3.79,0.892,0,1,1,9,0
205.62,13,8,4.3,30.69,1.78,0,0,0,5,0
64.22,11,1,10.44,2.62,0.572,0,0,1,5,0
22.4,10,5,2.37,4.43,1.286,0,0,0,4,0
53.57,21,5,7.97,2.03,1.186,1,0,1,6,0
55.82,10,2,1.02,6.21,0.872,0,0,0,3,0
393.51,23,7,85.16,94.42,4.276,0,0,2,13,1
27.58,15,0,3.92,1.04,0.651,0,0,2,5,0
8.37,1,5,0.89,9.04,1.252,1,0,1,2,0
806.83,9,3,13.42,9.82,0.635,0,0,2,2,0
115.85,14,7,3.24,4.03,1.613,0,0,2,8,0
24.25,15,1,1.65,9.18,0.749,1,0,0,4,0
59.3,14,0,4.53,16.49,0.955,0,0,0,2,0
3.33,12,4,7.19,3.16,1.554,0,0,0,4,0
15.65,17,9,13.92,6.51,0.55,0,0,1,6,0
102.0,12,6,6.63,2.55,0.981,1,0,2,7,0
21.41,17,6,22.91,3.46,1.304,0,0,3,3,0
83.01,18,1,0.79,6.85,0.791,0,0,0,7,0
11.85,15,4,28.23,3.76,1.164,0,0,1,4,0
5.05,12,9,16.74,0.42,0.936,0,0,1,3,0
73.54,16,0,0.01,3.56,0.65,1,0,1,5,0
36.52,17,6,6.95,7.16,1.233,0,1,1,2,0
92.89,19,1,17.91,1.88,1.292,0,0,0,8,0
27.99,9,3,5.9,0.58,0.949,0,0,0,5,0
26.7,14,0,9.1,0.12,1.405,0,0,0,4,0
44.65,13,1,1.09,11.69,1.03,0,0,0,3,0
76.88,11,2,3.39,6.14,1.288,0,0,1,8,0
66.08,1,0,0.8,15.98,1.155,0,0,0,4,0
8.62,11,1,5.49,5.7,1.181,0,1,3,6,0
14.77,15,1,2.88,1.86,1.205,1,0,0,4,0
80.37,8,0,7.09,5.07,1.078,0,0,1,4,0
71.44,17,1,26.78,2.42,0.75,0,0,0,2,0
44.82,12,2,1.65,2.34,1.721,0,0,2,4,0
51.63,9,0,7.08,7.89,1.861,0,0,1,3,0
84.56,12,0,0.87,3.66,2.005,0,0,0,9,0
181.85,8,8,16.36,0.31,1.03,1,0,0,5,0
93.25,10,5,15.3,4.46,1.068,0,0,0,7,0
30.86,23,5,0.93,1.62,1.281,1,0,0,3,0
14.89,1,5,0.35,10.5,0.34,0,0,1,7,0
32.72,15,0,3.91,0.09,0.967,0,0,2,5,0
56.81,11,9,9.21,10.11,0.708,0,0,2,7,0
6.29,7,1,8.74,2.19,0.97,0,0,0,7,0
48.55,20,0,2.46,7.54,1.722,0,0,1,4,0
31.15,9,9,11.07,8.55,0.793,0,0,1,4,0
24.51,8,2,4.96,0.22,0.767,0,0,2,4,0
51.67,18,5,3.69,0.55,0.999,0,0,1,9,0
20.67,13,2,2.65,9.56,0.81,0,0,0,9,0
126.05,13,1,2.03,0.29,1.533,0,0,0,3,0
25.25,11,6,0.68,0.81,1.29,0,1,0,1,0
144.18,17,2,5.0,3.04,0.591,1,0,1,7,0
32.61,13,9,1.64,3.8,0.946,0,0,0,2,0
15.15,17,9,13.85,4.92,1.132,0,0,1,4,0
27.9,15,5,0.24,0.1,1.447,0,0,1,6,0
22.73,14,1,2.54,3.71,0.654,0,0,3,9,0
114.76,16,5,41.76,1.48,0.947,0,0,0,2,0
18.61,18,5,13.9,3.14,0.91,0,0,0,6,0
16.12,16,0,8.71,2.77,0.981,0,0,2,7,0
205.58,6,3,4.91,7.54,6.541,1,0,7,19,1
17.97,12,0,0.9,5.51,0.925,1,0,0,3,0
20.96,11,9,5.02,0.7,2.905,0,0,0,4,0
80.81,9,1,1.9,3.37,0.592,0,0,3,8,0
14.72,19,6,0.23,10.48,0.893,1,1,0,7,0
12.92,16,1,1.23,2.23,1.008,0,0,0,1,0
141.64,19,9,4.22,1.23,1.142,0,0,1,3,0
180.5,18,2,2.57,7.43,1.321,0,0,1,3,0
49.17,18,8,0.16,1.36,1.441,0,0,1,5,0
124.97,17,7,2.55,1.17,1.07,0,0,2,3,0
116.11,16,0,1.82,2.43,1.021,0,1,0,4,0
9.7,8,4,8.21,18.65,0.799,0,0,1,7,0
77.18,13,4,12.12,2.21,1.181,0,0,1,2,0
27.94,14,0,4.92,0.86,0.627,1,0,1,3,0
66.21,15,6,3.29,5.02,0.938,0,1,0,6,0
37.41,15,7,0.2,4.13,0.837,0,1,1,4,0
45.82,7,6,6.04,1.22,0.688,0,0,0,4,0
20.71,14,7,6.52,4.61,0.689,0,0,0,5,0
88.04,17,9,2.02,1.08,1.113,0,0,0,2,0
17.97,10,3,8.19,0.62,0.898,0,0,0,6,0
16.61,11,9,18.52,1.48,1.19,0,0,1,5,0
16.23,17,6,4.07,10.59,0.632,0,0,0,9,0
11.02,13,6,5.63,0.28,1.264,0,0,2,8,0
79.79,15,0,3.56,6.53,1.061,0,0,0,2,0
28.5,7,2,2.01,4.23,1.047,0,0,1,6,0
23.95,18,6,2.61,5.9,0.544,0,0,0,8,0
70.79,8,1,1.12,0.92,1.07,0,0,1,3,0
15.21,13,5,3.46,3.63,1.04,1,0,0,7,0
40.75,17,8,18.01,12.8,0.693,0,0,1,7,0
62.33,0,7,3.35,0.04,2.038,0,0,1,5,0
125.74,14,2,10.5,5.17,1.97,1,0,0,4,0
55.76,19,0,5.62,1.97,1.45,1,1,2,7,0
29.12,17,0,3.0,4.25,1.408,0,0,0,2,0
98.02,9,2,8.5,1.0,1.095,0,0,0,12,0
5.76,2,6,47.01,32.97,3.224,0,0,6,17,1
31.53,15,2,13.17,4.71,0.858,0,1,1,9,0
10.57,19,4,8.07,4.53,0.856,0,0,0,2,0
40.08,13,7,26.86,1.22,0.809,1,1,1,6,0
27.79,16,5,0.49,9.47,0.595,0,0,0,2,0
51.44,23,0,2.01,5.92,1.26,0,0,0,5,0
255.21,17,3,0.68,0.57,0.834,1,0,0,3,0
37.56,15,9,0.39,10.27,0.72,0,0,1,4,0
10.14,10,5,1.53,4.31,1.252,0,1,0,6,0
10.75,16,3,2.7,5.85,0.808,0,0,0,3,0
10.75,13,1,9.36,0.26,0.937,0,0,0,9,0
106.89,20,9,10.42,6.49,0.93,0,0,1,6,0
36.86,13,0,12.91,3.36,1.158,0,0,0,1,0
45.03,11,4,1.48,1.78,1.095,1,1,0,5,0
55.38,12,0,7.96,1.54,0.749,0,0,0,5,0
68.01,17,9,22.83,8.59,0.882,0,0,1,4,0
7.98,8,2,3.77,5.94,2.214,0,0,3,6,0
68.23,15,0,0.27,3.01,0.489,1,0,1,3,0
65.82,15,3,12.95,10.57,1.326,0,0,0,2,0
43.32,14,3,5.9,7.26,1.739,0,0,1,5,0
7.54,19,4,5.98,9.47,2.303,1,0,2,6,0
50.07,10,1,1.94,3.28,0.786,0,0,1,2,0
11.11,21,6,1.83,1.07,0.599,1,0,0,4,0
18.03,12,8,5.1,2.66,0.601,0,0,1,2,0
3.32,18,6,2.72,4.18,1.148,0,0,0,1,0
29.98,21,7,4.33,0.01,1.209,0,0,0,9,0
17.23,8,7,7.37,2.16,1.24,1,1,0,5,0
20.26,8,0,1.78,2.14,0.97,1,0,1,5,0
17.7,6,0,13.47,3.67,1.897,0,0,4,10,0
24.54,16,0,5.72,3.63,1.078,0,0,0,8,0
69.39,18,3,7.65,3.57,1.403,1,0,0,6,0
10.56,10,0,2.11,4.69,0.688,1,1,0,4,0
7.99,20,1,2.93,20.38,0.545,0,0,1,7,0
37.86,15,0,2.51,4.74,0.67,1,0,1,8,0
10.35,9,1,1.02,1.39,0.664,0,0,1,3,0
14.99,10,7,5.82,1.64,2.099,0,0,2,6,0
29.51,7,0,0.31,11.93,0.745,0,0,1,6,0
11.23,18,1,0.88,5.49,1.025,0,0,1,9,0
16.38,13,4,8.98,3.15,0.657,0,0,0,4,0
25.55,16,7,3.6,0.16,0.833,0,0,0,8,0
87.16,12,0,7.17,6.4,2.408,0,0,0,1,0
19.78,23,1,13.75,8.52,1.172,1,0,1,4,0
660.38,14,9,13.29,6.76,1.813,1,0,1,2,0
30.57,17,5,7.44,0.81,1.135,0,0,1,7,0
26.29,12,0,3.16,7.7,2.171,0,0,0,5,0
16.99,15,4,5.12,1.66,0.599,0,0,0,4,0
155.63,20,2,8.44,1.59,0.651,0,1,2,5,0
93.61,21,0,1.85,0.61,1.961,0,0,0,10,0
16.58,11,2,5.99,4.81,1.341,0,0,0,4,0
18.92,18,0,7.2,4.35,1.535,0,1,0,7,0
49.39,16,0,4.22,0.43,0.961,1,0,5,4,0
37.85,13,0,6.11,3.47,0.54,0,1,0,6,0
10.36,11,4,1.48,0.83,1.697,0,0,2,4,0
12.96,10,4,13.36,1.5,1.705,0,1,1,5,0
31.54,12,3,2.22,4.96,0.576,0,1,1,2,0
34.82,22,5,0.79,8.1,0.822,0,0,2,4,0
7.25,19,6,13.75,5.52,0.951,0,1,0,5,0
22.56,15,1,14.78,14.05,0.929,0,0,0,8,0
4.98,15,2,9.79,1.38,0.674,0,0,0,5,0
40.83,20,8,10.68,0.64,1.145,0,0,0,6,0
189.49,10,6,5.9,6.22,1.3,1,1,0,6,0
49.08,12,0,19.29,7.86,1.009,0,0,1,4,0
16.57,15,0,13.02,2.03,0.801,0,0,1,5,0
102.3,20,6,4.12,0.69,1.202,1,1,3,5,0
65.71,9,5,12.07,1.32,0.773,1,0,1,2,0
7.9,17,0,1.6,0.19,1.141,1,0,3,6,0
64.9,14,6,7.22,5.51,1.106,1,0,0,4,0
54.25,14,6,13.39,2.95,0.763,1,1,0,3,0
79.39,15,5,4.26,2.57,1.385,0,0,0,2,0
127.87,20,6,5.0,4.8,0.853,1,0,0,5,0
65.34,13,8,10.34,3.19,1.589,0,0,2,2,0
48.57,1,5,9.06,0.47,0.811,1,0,0,2,0
120.9,8,0,4.25,3.42,0.855,0,0,1,6,0
39.65,18,7,10.94,5.88,1.421,0,0,1,5,0
24.09,21,4,33.73,0.64,1.149,0,0,2,2,0
11.48,17,5,0.7,2.53,1.432,0,0,3,6,0
44.99,9,5,9.4,0.69,1.624,1,0,0,5,0
1560.45,15,2,0.76,6.59,0.466,0,0,1,3,0
10.69,18,5,3.35,0.86,1.681,0,0,1,5,0
154.09,11,2,23.42,5.7,1.313,1,1,0,3,0
27.47,17,0,4.31,12.6,1.292,1,0,0,4,0
191.18,21,2,6.35,7.51,1.308,1,1,1,6,0
123.74,18,5,6.68,0.41,0.683,0,0,1,6,0
47.81,13,4,2.66,0.4,1.089,0,0,1,4,0
32.81,13,4,3.46,2.62,1.636,1,0,0,4,0
24.01,16,4,4.84,2.28,1.28,1,1,0,4,0
58.26,8,5,5.83,3.83,0.891,0,0,0,4,0
24.51,23,8,8.36,3.95,2.091,0,0,1,1,0
4.87,17,0,10.13,0.8,0.783,0,1,1,4,0
13.66,21,9,16.82,6.61,0.812,0,0,0,4,0
34.6,13,0,1.25,1.59,0.688,1,0,1,4,0
22.75,17,1,21.0,2.1,1.801,0,0,1,3,0
32.71,13,2,2.51,0.86,0.973,0,0,2,5,0
46.1,17,7,0.64,11.68,1.481,0,0,0,3,0
17.23,12,8,23.82,1.32,1.735,0,0,1,2,0
28.14,9,5,3.36,3.08,0.923,1,0,3,6,0
25.94,19,4,2.41,4.19,0.94,0,0,1,4,0
64.1,8,5,3.07,1.96,0.821,0,0,3,3,0
128.02,21,3,2.28,8.77,0.82,0,0,1,2,0
20.41,18,3,0.61,12.54,0.611,1,0,0,4,0
59.42,8,5,1.27,2.84,0.467,0,0,3,7,0
14.4,16,6,5.85,7.46,2.0,0,0,0,4,0
19.85,21,1,21.18,3.66,0.638,0,0,1,4,0
99.58,11,1,9.97,1.73,1.134,0,1,0,7,0
45.19,13,2,21.16,1.28,1.164,1,0,0,4,0
12.24,8,9,12.8,1.52,1.018,0,0,2,4,0
119.59,10,0,18.4,6.44,1.702,1,0,1,7,0
466.07,20,9,10.38,15.89,1.154,0,0,1,5,0
34.99,21,9,12.73,9.35,0.897,0,1,0,6,0
32.65,18,3,0.36,2.03,0.865,0,0,1,3,0
110.08,13,6,19.72,0.66,0.909,0,0,1,1,0
11.99,12,5,7.73,1.88,1.693,0,0,1,6,0
27.36,15,7,8.12,7.44,0.756,0,0,0,4,0
267.61,23,8,1.08,4.62,1.62,0,0,0,8,0
10.41,13,0,5.86,3.92,0.987,1,0,0,2,0
89.46,19,5,28.79,1.89,0.99,0,0,1,3,0
5.12,12,1,2.3,0.67,1.198,0,0,0,6,0
47.7,11,4,11.87,2.19,0.554,1,0,1,7,0
4.91,14,6,10.65,15.44,0.858,0,0,1,5,0
131.17,12,3,8.37,5.24,2.179,0,0,0,3,0
101.68,13,9,5.17,18.53,0.837,0,0,1,5,0
3.51,10,3,0.15,2.34,1.008,0,1,0,5,0
135.55,17,2,5.87,5.66,0.782,0,0,0,2,0
154.54,13,1,4.69,3.06,1.026,0,0,0,5,0
16.85,9,1,5.69,1.2,0.965,0,0,0,2,0
6.23,9,0,15.76,1.56,1.099,1,0,1,3,0
47.33,23,2,0.96,10.77,1.28,1,0,3,3,0
53.87,17,9,9.19,2.99,1.58,0,0,0,5,0
201.42,11,5,6.82,1.38,1.134,0,0,0,4,0
27.65,14,7,0.46,2.5,2.402,0,0,3,6,0
13.21,11,2,21.99,5.12,1.268,0,1,1,6,0
13.59,9,2,7.56,1.67,2.108,0,0,2,7,0
15.33,15,1,19.77,9.39,0.779,0,0,1,6,0
18.54,11,3,5.11,2.63,0.773,1,0,0,8,0
71.58,15,8,0.43,16.55,0.536,0,0,3,6,0
106.1,22,3,2.87,2.27,1.35,0,0,0,8,0
441.23,21,3,0.84,3.98,0.809,0,1,1,3,0
17.59,11,7,26.16,7.03,0.776,1,0,2,10,0
118.42,14,4,7.05,23.7,0.958,0,0,1,3,0
12.65,12,1,11.97,1.02,1.944,1,0,1,4,0
40.29,13,1,3.14,0.13,1.87,1,0,0,8,0
6.17,17,3,4.22,3.77,1.559,0,0,0,5,0
30.06,12,0,11.39,5.22,1.095,0,0,2,2,0
8.23,18,8,15.56,1.19,0.651,1,0,1,4,0
89.62,14,6,0.04,0.3,1.145,0,0,0,7,0
31.71,23,0,4.2,0.86,0.762,1,0,0,7,0
8.11,19,5,18.47,6.07,0.956,0,0,1,4,0
440.5,16,7,8.01,0.67,0.655,1,0,0,3,0
54.7,10,6,13.51,3.7,1.045,0,0,4,7,0
56.09,11,0,27.6,30.6,1.045,0,0,1,6,0
37.89,22,7,7.2,46.89,1.421,0,0,3,7,1
22.51,17,7,14.56,7.73,0.726,0,0,0,6,0
5.42,13,2,3.26,7.74,0.815,1,0,3,5,0
16.9,22,6,31.3,6.69,0.644,1,0,0,6,0
21.73,21,0,5.13,8.52,0.938,0,1,3,12,0
58.79,17,3,1.58,7.87,0.497,0,0,3,6,0
66.76,15,9,12.19,0.43,0.893,0,0,2,4,0
14.11,22,0,1.63,30.91,2.658,0,0,1,4,0
73.01,19,0,3.34,2.51,0.837,0,0,0,6,0
160.86,15,9,1.37,0.64,0.895,0,0,0,5,0
19.95,14,4,1.07,4.49,2.256,0,0,0,3,0
138.96,13,4,5.02,3.16,0.908,0,0,1,6,0
6.23,12,1,14.5,1.41,0.826,1,0,1,8,0
184.76,0,0,0.48,3.8,2.189,0,1,1,4,0
73.28,19,1,0.25,6.4,1.484,1,1,2,3,0
30.66,17,8,13.74,7.34,0.785,0,0,0,4,0
8.68,20,6,21.04,0.32,0.627,0,0,0,6,0
28.57,18,4,13.59,6.24,0.778,0,0,0,5,0
175.1,17,8,3.3,7.24,1.971,0,0,0,7,0
18.72,22,2,1.54,1.18,1.09,1,0,2,1,0
78.67,15,2,0.76,4.74,0.745,0,1,1,4,0
120.16,14,6,3.6,3.15,1.829,0,0,0,3,0
12.45,13,6,8.18,4.59,1.168,0,0,0,5,0
46.3,15,4,5.37,4.22,2.268,1,0,1,3,0
85.9,11,4,9.7,2.19,1.338,0,0,1,6,0
35.92,22,1,0.73,2.17,1.022,1,1,0,7,0
26.98,21,0,1.66,10.71,0.595,0,0,0,5,0
112.23,13,6,5.58,3.59,1.244,0,0,0,2,0
53.65,2,7,0.34,3.37,0.757,1,0,0,4,0
11.49,15,5,7.09,2.69,0.77,0,1,0,5,0
146.88,8,9,10.99,3.96,1.49,1,0,0,6,0
103.61,2,6,8.29,23.79,3.151,0,0,3,14,1
31.99,6,1,2.06,0.21,1.377,0,0,0,4,0
207.24,23,1,1.21,2.28,1.021,0,0,1,5,0
23.89,8,7,0.56,0.32,0.922,0,0,1,5,0
2.66,15,2,2.2,5.12,1.094,1,0,1,7,0
27.67,17,0,10.02,10.65,1.433,0,0,0,3,0
5.61,9,8,6.82,1.3,1.045,1,0,0,3,0
128.54,18,3,4.31,13.49,0.676,0,1,1,4,0
11.51,11,6,6.93,2.72,0.806,0,0,1,6,0
125.7,12,2,20.32,0.49,0.708,0,0,0,6,0
42.81,19,8,4.16,1.77,2.528,0,0,0,6,0
32.49,18,4,5.68,4.1,1.858,1,1,2,5,0
117.2,9,8,12.15,4.87,1.772,0,0,0,4,0
78.43,8,1,5.49,9.05,1.469,0,1,2,4,0
117.49,12,4,21.58,0.03,1.183,0,0,0,5,0
57.44,9,1,2.86,12.99,1.758,0,0,1,3,0
11.85,9,8,1.73,0.18,0.745,0,0,1,7,0
12.86,8,1,3.75,0.85,0.742,0,0,0,5,0
200.08,12,4,1.72,1.28,0.964,0,0,1,7,0
85.28,20,2,3.25,4.28,1.559,0,0,1,5,0
25.72,17,0,0.9,3.27,0.972,1,0,2,10,0
7.28,14,0,2.61,4.76,1.847,1,0,0,4,0
32.75,17,6,0.58,1.02,1.003,0,0,0,2,0
68.48,15,0,3.57,6.99,1.452,0,0,2,3,0
41.64,16,8,0.85,5.85,0.835,0,0,1,3,0
62.15,0,2,5.82,1.63,0.695,0,0,1,2,0
63.98,15,3,21.21,1.31,0.523,0,0,0,4,0
9.4,0,3,3.97,3.82,0.823,0,0,3,9,0
253.97,16,5,0.88,6.13,0.954,1,0,1,4,0
52.47,8,6,2.25,4.17,1.235,0,1,1,7,0
44.79,12,8,0.05,1.53,0.548,1,0,1,3,0
27.86,16,7,7.77,0.76,1.234,1,0,0,7,0
65.73,11,5,11.93,0.16,0.99,0,0,1,6,0
135.73,12,3,3.11,11.43,1.216,1,0,1,3,0
72.7,15,3,38.03,0.12,0.633,1,0,1,3,0
9.65,7,2,4.34,10.08,0.868,0,0,2,7,0
24.03,21,7,4.88,3.48,0.37,0,0,2,7,0
20.21,17,2,2.26,2.33,2.024,0,0,1,3,0
26.14,12,3,2.01,0.27,0.488,0,0,0,5,0
25.42,14,0,12.65,1.69,0.774,0,0,3,7,0
172.07,18,9,1.45,2.77,1.385,0,0,0,7,0
81.86,16,2,5.37,3.19,1.099,0,0,0,5,0
68.16,11,5,1.41,9.05,0.86,1,0,2,2,0
16.66,16,7,8.11,13.99,0.991,0,0,1,7,0
49.38,11,5,26.79,5.29,0.79,0,0,1,6,0
255.82,9,0,1.72,4.79,1.245,0,0,4,5,0
31.27,18,4,0.24,10.81,0.598,0,0,1,2,0
158.32,15,6,1.06,4.56,1.186,0,0,1,5,0
11.97,18,4,4.42,5.59,0.836,1,0,0,3,0
63.18,20,2,9.14,8.68,1.3,0,0,0,8,0
10.7,11,4,1.02,4.88,0.683,0,0,2,7,0
412.96,6,7,61.6,72.94,6.981,1,1,1,12,1
1.83,19,1,6.79,1.9,1.444,0,1,1,6,0
91.7,13,9,17.99,12.1,1.42,0,0,0,8,0
23.73,13,0,27.69,1.23,1.261,1,1,2,2,0
261.97,20,8,5.4,3.08,0.881,0,0,0,6,0
87.67,16,1,8.37,1.33,0.469,0,0,2,7,0
103.84,21,3,2.62,5.9,1.536,1,0,0,5,0
129.11,20,4,6.41,7.38,0.431,0,0,1,5,0
7400.76,22,7,41.12,66.59,7.316,0,1,0,9,1
11.79,8,5,3.66,3.2,1.42,0,0,1,4,0
95.6,18,9,12.75,3.11,2.222,0,0,3,7,0
13.53,17,2,1.77,6.74,0.872,0,0,0,6,0
78.23,17,3,12.06,8.74,1.092,1,0,2,8,0
11.28,14,8,22.7,5.28,1.604,0,0,0,4,0
282.92,15,8,0.82,0.52,1.437,0,0,0,6,0
52.18,16,5,0.31,0.23,1.117,0,0,3,4,0
138.21,16,4,14.06,0.57,0.844,0,0,1,8,0
46.04,9,3,5.44,1.69,0.817,0,0,1,2,0
40.06,15,7,23.04,12.4,0.806,0,0,0,1,0
53.62,8,8,0.77,7.04,1.847,0,0,1,5,0
11.13,15,3,17.29,0.41,1.582,1,0,2,5,0
75.96,13,0,1.39,14.94,1.081,0,0,1,7,0
33.16,10,4,2.15,2.97,1.388,0,0,1,8,0
21.08,8,4,16.82,3.05,0.468,0,0,0,4,0
25.45,16,6,2.54,1.75,0.929,0,0,1,7,0
141.67,14,0,4.25,11.34,0.921,1,0,2,8,0
52.06,12,3,3.13,0.25,0.78,1,0,1,2,0
6.91,11,7,27.77,9.35,1.545,0,0,0,4,0
119.05,15,0,1.82,4.45,1.053,0,0,0,3,0
144.2,20,1,0.19,14.52,1.04,0,0,2,5,0
55.32,14,0,23.8,5.28,0.951,0,0,0,5,0
34.07,12,6,0.88,9.52,0.557,0,0,0,5,0
118.56,12,1,13.13,10.81,1.254,1,0,1,3,0
65.38,21,1,2.76,3.73,1.431,0,0,0,8,0
46.01,23,5,8.07,0.04,0.708,0,0,2,4,0
18.03,12,9,17.48,1.64,1.454,0,0,1,3,0
131.65,1,5,3.0,4.28,0.418,0,0,0,7,0
34.71,3,2,8.45,3.7,1.144,0,0,0,4,0
7170.71,20,3,14.54,68.33,1.089,1,0,1,10,1
4.45,17,8,6.13,5.16,0.968,1,1,0,9,0
10.21,9,7,0.8,22.93,0.603,1,0,1,6,0
66.42,9,1,3.34,3.35,1.228,0,0,1,1,0
18.54,19,2,1.29,2.21,1.691,0,0,0,6,0
159.66,17,0,41.11,0.83,0.763,0,0,0,5,0
20.7,17,0,3.93,9.08,0.873,0,0,1,10,0
37.34,15,0,1.43,1.6,0.583,0,0,1,3,0
33.33,22,9,2.58,5.92,1.498,0,0,0,3,0
96.79,9,6,12.71,8.66,0.954,0,0,0,3,0
29.04,11,5,0.89,7.02,0.775,1,0,0,8,0
12.6,7,6,21.29,1.7,0.762,0,0,0,8,0
54.55,23,5,13.29,5.41,0.769,0,0,1,8,0
40.13,18,6,2.69,2.25,0.696,0,1,0,0,0
109.87,19,9,10.95,8.61,0.849,0,1,0,5,0
10.45,16,5,17.56,3.34,1.016,0,0,1,5,0
69.66,19,8,0.37,7.37,0.633,0,0,1,5,0
15.29,7,9,11.41,4.33,1.049,0,0,0,11,0
1.92,23,5,6.08,12.73,1.32,0,0,1,6,0
35.75,13,4,0.11,2.28,0.465,0,0,1,5,0
17.5,20,3,10.41,13.67,0.968,0,0,0,4,0
96.89,20,6,21.3,1.49,1.416,1,0,0,4,0
8.89,13,1,6.9,4.45,1.206,1,0,2,5,0
14.61,6,3,6.7,3.78,0.851,0,0,2,4,0
51.72,18,4,2.76,0.17,1.298,0,0,1,4,0
29.09,10,1,14.72,3.83,1.219,1,1,0,10,0
19.18,9,3,0.03,7.21,1.699,1,0,0,8,0
178.27,11,6,1.87,3.88,1.984,1,0,0,4,0
127.88,18,3,0.94,2.02,0.867,0,0,1,9,0
84.41,10,9,11.16,25.24,0.745,0,0,0,3,0
34.51,10,0,3.04,1.18,1.285,0,0,0,5,0
13.72,18,4,4.97,0.59,1.057,0,0,2,3,0
107.4,8,7,4.93,3.76,1.996,1,0,1,7,0
23.51,1,5,1.97,0.41,0.722,0,0,1,2,0
52.29,9,3,0.48,0.37,0.834,1,0,0,3,0
23.28,21,1,6.85,4.66,0.927,0,0,2,3,0
19.1,12,0,7.57,7.63,1.423,0,0,1,3,0
245.78,15,9,6.96,10.55,3.899,0,0,0,1,0
60.56,13,0,1.2,2.49,0.92,1,0,3,3,0
44.69,9,4,2.8,0.09,1.304,0,0,0,2,0
33.64,16,0,6.12,4.59,1.123,0,0,0,4,0
10.87,10,1,5.68,5.97,1.042,1,0,0,5,0
38.17,12,1,10.97,2.38,0.784,1,0,1,3,0
115.23,6,4,1.81,9.63,0.879,1,0,4,5,0
113.84,17,6,2.49,2.46,0.512,0,0,0,5,0
74.87,18,3,15.5,7.04,0.537,0,0,2,8,0
527.62,17,6,0.23,3.4,1.003,0,0,2,6,0
9.31,12,6,11.41,4.53,1.246,0,0,1,3,0
63.15,8,4,4.44,0.9,2.011,1,0,0,4,0
32.16,17,4,1.15,1.1,0.83,1,0,0,3,0
16.01,12,1,7.82,2.82,0.798,0,0,1,4,0
7.37,11,9,9.98,0.12,0.992,1,0,0,5,0
162.87,13,5,1.65,0.38,0.92,0,0,1,8,0
17.0,13,5,1.55,11.14,0.736,0,0,1,7,0
63.81,19,6,0.62,22.99,0.924,1,0,0,3,0
34.24,22,5,9.67,6.95,0.813,0,0,1,3,0
3.47,18,1,5.82,2.56,1.039,0,0,2,6,0
21.54,21,6,3.08,0.16,0.972,1,1,0,8,0
42.94,16,8,3.51,1.36,0.816,1,0,1,11,0
436.9,12,7,3.36,10.2,1.045,1,0,1,6,0
61.6,19,4,3.71,1.82,0.641,0,0,1,2,0
17.61,14,5,2.17,3.46,0.693,0,0,1,9,0
22.29,17,2,11.87,4.8,0.888,0,0,2,6,0
3.89,12,8,0.35,3.33,1.882,1,0,2,3,0
28.95,13,9,6.73,15.97,0.705,0,0,1,6,0
32.33,13,9,4.9,1.56,1.041,0,0,0,7,0
27.55,12,7,10.93,5.41,0.966,0,0,1,6,0
1.95,6,0,6.74,14.15,1.828,0,0,1,8,0
97.06,16,6,14.13,7.43,0.865,0,0,0,2,0
108.73,17,5,15.78,3.76,0.705,1,0,0,3,0
49.26,15,0,22.17,7.27,1.267,0,0,2,6,0
1.58,17,7,23.56,0.67,0.918,0,0,0,6,0
57.6,9,5,6.93,9.89,1.135,1,0,1,7,0
30.85,11,5,6.24,1.95,0.99,0,0,1,6,0
20.41,8,9,7.05,1.13,1.673,1,1,1,8,0
352.08,8,0,31.05,0.7,1.78,0,0,0,7,0
29.83,14,8,2.15,4.15,1.066,0,0,1,13,0
14.8,17,9,0.99,2.46,0.851,1,0,3,3,0
49.17,18,0,20.23,0.62,1.529,0,0,1,6,0
8.61,9,7,9.5,3.18,1.097,1,0,1,4,0
33.72,11,8,26.4,1.98,1.867,0,0,0,7,0
10.74,4,4,5.66,8.17,1.659,0,0,1,4,0
40.02,12,7,1.26,8.29,1.298,0,0,0,4,0
97.39,14,1,7.9,8.44,0.911,0,1,0,3,0
10.45,18,1,7.49,1.35,1.464,0,0,0,6,0
30.48,19,1,0.88,3.42,0.593,1,0,0,6,0
16.32,18,3,3.22,1.65,0.737,1,0,1,6,0
97.05,12,7,3.41,3.64,1.163,1,0,0,5,0
7.41,17,6,0.82,5.88,0.713,0,0,0,5,0
18.56,11,3,5.23,5.5,0.729,0,0,1,6,0
3.96,14,4,19.01,0.3,0.708,0,0,0,7,0
141.52,10,2,0.73,2.14,0.737,0,0,1,9,0
17.17,17,2,17.8,13.46,0.593,1,0,0,6,0
58.15,14,0,5.21,1.12,1.25,0,1,1,11,0
14.61,18,5,0.71,1.11,0.542,1,0,3,6,0
45.28,11,7,6.37,22.83,1.045,0,0,0,4,0
7.5,10,2,1.09,2.8,2.833,0,0,1,4,0
68.87,11,2,8.52,5.86,0.963,0,0,2,4,0
4.16,18,1,2.45,1.75,1.539,0,0,1,6,0
27.41,8,8,34.24,3.74,1.214,0,0,0,8,0
80.41,17,5,0.07,2.33,0.816,0,1,0,4,0
141.34,19,8,13.82,5.2,1.044,0,1,1,3,0
11.01,21,3,5.69,2.82,0.975,0,0,0,1,0
30.65,9,8,9.95,8.17,1.343,1,0,0,1,0
33.16,23,1,1.2,5.91,0.581,0,0,1,5,0
33.35,15,5,13.21,4.8,1.223,0,0,0,5,0
25.96,15,9,2.89,1.6,0.687,0,0,2,4,0
6.78,14,8,4.79,3.17,0.568,0,0,1,10,0
32.1,17,0,4.34,4.14,0.84,0,0,1,3,0
39.84,23,1,6.45,5.44,1.334,0,0,0,5,0
40.74,7,8,7.16,21.51,1.096,0,0,1,2,0
62.86,10,2,3.43,5.15,0.739,0,0,0,10,0
25.72,17,0,7.12,6.67,0.822,0,0,0,3,0
136.8,0,1,12.44,12.71,0.807,0,0,1,6,0
6.09,10,3,8.33,0.19,0.521,1,0,1,5,0
28.34,17,8,0.05,0.02,0.574,1,0,1,4,0
55.57,15,1,17.92,1.86,1.215,1,0,0,4,0
748.21,19,9,5.26,9.25,0.831,0,0,1,3,0
30.59,8,2,4.16,17.34,1.124,0,0,2,8,0
40.21,13,7,10.47,0.24,0.617,0,0,0,7,0
48.46,14,1,2.77,10.87,1.834,1,0,0,4,0
10.26,10,2,11.18,13.07,0.827,0,0,0,6,0
235.71,21,1,19.15,1.2,0.633,0,0,0,2,0
53.32,23,5,6.01,9.44,0.95,0,0,1,3,0
11.25,7,7,1.75,4.16,0.886,0,0,1,5,0
12.42,19,0,8.46,2.49,1.239,0,0,2,6,0
99.98,22,1,11.9,3.36,0.869,0,0,2,7,0
17.04,9,8,1.38,8.34,1.186,0,0,1,6,0
5.44,13,1,4.71,7.09,0.649,0,0,0,3,0
20.49,19,0,8.88,0.03,0.733,1,0,0,1,0
5.36,11,1,3.02,15.7,1.436,0,0,2,6,0
61.31,15,9,7.94,0.08,0.719,0,0,0,7,0
13.21,19,1,3.7,3.37,0.869,0,0,0,2,0
7.89,20,3,1.06,1.74,0.583,0,0,0,5,0
12.59,16,1,3.07,5.48,2.331,0,0,0,3,0
27.38,11,8,3.98,10.4,1.069,1,0,1,6,0
4.54,16,6,0.3,3.35,0.43,0,0,1,6,0
40.24,12,9,3.21,1.81,1.016,0,0,0,3,0
12.14,16,1,0.68,0.86,0.898,0,1,0,6,0
6.62,18,4,19.22,3.94,1.825,0,1,1,4,0
66.33,12,1,23.53,4.71,1.87,0,0,0,10,0
58.7,16,6,11.75,3.85,1.137,0,0,1,5,0
16.13,14,4,20.45,0.85,0.578,0,0,0,2,0
52.08,8,3,30.34,13.56,0.661,0,0,5,9,0
79.76,15,1,2.37,2.14,0.966,0,0,0,5,0
39.38,23,0,2.33,5.97,1.207,0,0,0,4,0
27.52,14,0,9.75,0.37,1.216,1,0,1,9,0
20.0,18,0,12.83,14.52,1.566,1,0,0,6,0
64.69,17,2,2.69,0.47,0.665,1,1,1,1,0
53.27,18,5,7.46,0.04,0.848,1,0,3,4,0
77.48,16,5,2.25,0.59,1.594,1,0,1,8,0
21.4,20,1,14.29,0.07,1.172,0,0,3,6,0
22.35,17,5,5.41,1.76,0.832,0,0,1,6,0
31.38,13,5,0.35,1.12,0.708,0,0,0,3,0
54.01,17,2,26.75,7.67,0.885,0,0,0,6,0
50.41,15,5,0.29,5.28,0.689,0,0,2,3,0
47.54,12,4,20.29,4.67,0.72,1,0,0,4,0
60.02,21,6,3.22,2.99,1.053,0,0,0,5,0
46.69,11,5,6.13,0.23,1.299,0,0,3,6,0
42.98,17,6,1.13,1.0,2.136,0,0,3,4,0
73.86,18,5,3.62,5.0,0.687,0,0,1,3,0
414.44,16,3,8.64,5.26,0.855,1,0,0,9,0
151.3,14,3,5.64,11.61,0.673,1,0,1,5,0
9.04,22,6,2.81,7.23,0.641,0,0,1,4,0
6.64,17,9,2.55,3.06,1.069,0,0,3,6,0
51.8,16,8,6.37,0.27,0.49,0,0,1,8,0
49.14,19,1,24.84,6.36,0.936,0,0,0,5,0
17.71,3,4,0.11,10.74,1.544,1,0,1,3,0
362.99,12,2,0.87,12.67,0.894,1,0,1,4,0
131.82,6,3,17.99,5.16,1.271,0,0,1,4,0
25.02,11,8,5.9,8.65,0.568,0,0,0,6,0
15.95,11,7,0.09,1.33,1.1,0,0,0,7,0
35.05,8,8,3.19,1.76,1.475,0,0,0,5,0
39.31,11,4,5.86,2.24,0.965,0,0,0,7,0
25.85,14,1,5.02,2.17,1.905,0,0,2,5,0
42.0,15,0,19.38,3.8,2.707,1,0,0,5,0
128.04,15,8,6.09,0.82,0.721,0,0,2,1,0
208.13,9,2,55.02,7.03,0.621,0,0,2,6,0
8.04,16,0,2.08,15.89,1.812,1,0,1,4,0
103.93,12,6,1.51,1.05,0.805,1,0,0,4,0
700.29,1,5,140.6,108.99,2.627,0,0,5,7,1
18.33,21,1,6.43,6.94,0.888,1,0,1,6,0
95.37,12,2,0.74,5.23,0.71,0,0,0,4,0
16.38,16,1,3.5,0.21,0.922,0,0,0,5,0
427.6,18,9,7.97,8.84,0.915,0,0,2,6,0
50.43,20,0,4.68,0.57,1.534,0,0,1,4,0
64.04,19,8,1.4,13.63,0.7,1,0,0,3,0
27.5,10,8,3.47,5.01,1.069,1,0,1,3,0
48.51,17,0,6.56,24.25,1.664,1,0,1,6,0
24.0,21,7,3.0,0.73,1.072,0,0,0,2,0
52.46,20,5,0.12,3.38,2.065,0,0,0,4,0
33.29,18,5,13.19,1.68,1.281,0,0,2,5,0
35.72,12,0,10.83,2.89,1.16,0,0,1,1,0
19.1,21,6,1.65,4.59,0.819,0,0,2,7,0
68.99,13,2,4.36,5.36,0.875,0,0,0,4,0
86.78,21,9,3.57,1.24,1.24,0,1,2,7,0
15.23,18,6,3.18,13.95,1.52,0,0,0,9,0
4.06,19,0,5.45,1.41,1.147,0,0,0,5,0
29.26,23,9,0.62,3.25,0.933,0,0,0,4,0
14.55,20,3,20.26,3.98,1.099,0,0,1,7,0
10.93,11,3,5.43,6.25,0.681,0,1,2,5,0
33.52,8,4,4.68,4.64,1.747,1,0,0,4,0
38.42,10,3,7.21,5.6,0.518,0,0,0,6,0
29.85,14,4,12.4,1.62,0.816,1,0,3,4,0
103.53,10,8,11.83,3.62,0.481,0,0,2,5,0
14.65,13,4,8.93,1.7,1.256,0,0,2,5,0
94.98,13,2,6.44,30.02,0.595,1,0,2,13,0
163.07,9,9,5.15,9.15,1.456,0,0,0,3,0
9.2,17,5,2.16,0.58,0.825,0,0,2,2,0
18.47,17,0,1.37,1.05,1.211,0,0,0,10,0
30.15,9,1,7.75,1.05,1.774,1,0,0,3,0
148.09,20,6,93.47,34.84,6.533,1,0,4,8,1
7.15,16,3,13.39,13.15,1.456,1,0,2,10,0
12.13,21,4,9.18,0.59,1.006,1,0,0,3,0
7.6,10,6,3.11,1.98,0.999,0,0,3,5,0
75.67,17,3,9.72,13.19,1.046,0,0,1,4,0
17.95,9,6,3.06,0.91,0.659,1,0,1,6,0
42.85,12,9,6.74,4.83,0.892,0,0,1,5,0
32.46,23,0,9.5,2.2,1.122,0,0,0,2,0
27.21,12,2,0.01,0.24,1.03,0,0,0,5,0
106.46,17,5,4.53,8.84,1.058,0,0,2,1,0
37.94,17,9,0.04,2.25,2.615,0,1,1,5,0
33.59,13,9,3.86,2.76,0.752,0,1,3,5,0
66.62,9,6,1.5,6.35,1.288,0,0,1,10,0
10.1,8,4,0.15,1.7,1.298,1,0,1,8,0
73.93,10,2,3.64,3.78,1.121,0,0,0,4,0
17.95,5,0,8.52,22.48,1.83,0,0,0,11,0
13.48,14,3,0.16,9.02,1.073,0,0,1,7,0
41.86,10,0,6.57,0.75,1.338,0,0,1,7,0
14.33,13,0,6.93,0.98,0.418,0,0,1,5,0
49.57,1,4,3.43,8.21,0.656,1,1,0,8,0
25.29,18,1,12.15,5.43,1.658,1,0,2,3,0
54.92,15,5,1.18,10.69,1.328,0,0,0,2,0
7.53,1,5,4.28,11.54,1.506,0,0,0,12,0
59.44,18,9,3.1,4.25,1.515,0,0,1,2,0
19.89,9,0,2.59,9.85,1.594,1,0,0,10,0
14.36,20,5,6.41,2.04,0.945,0,0,2,7,0
45.59,13,9,0.35,2.74,0.611,0,1,1,3,0
79.76,12,0,7.29,22.28,1.585,1,1,0,5,0
64.05,14,0,5.24,3.18,0.851,1,0,0,7,0
181.73,19,1,13.25,2.17,0.551,1,0,0,4,0
67.67,18,0,7.54,3.1,0.693,0,0,1,7,0
106.99,9,3,0.6,10.28,1.299,0,1,0,7,0
20.38,10,2,12.16,12.34,0.733,1,0,1,6,0
30.03,13,4,7.06,4.25,1.451,1,1,0,5,0
67.87,16,2,15.02,9.14,0.773,0,0,1,5,0
79.95,19,5,18.78,1.07,0.843,0,0,1,7,0
5.6,13,2,7.42,1.91,1.712,0,0,3,9,0
33.19,16,4,0.06,7.66,0.952,0,0,0,7,0
28.18,16,0,7.69,0.82,1.206,1,0,4,1,0
50.22,13,4,8.07,4.66,0.842,0,0,1,5,0
39.19,10,5,7.07,3.98,0.921,0,0,0,4,0
28.57,13,0,3.41,0.25,0.618,1,0,1,7,0
26.28,8,2,6.27,2.73,0.706,1,1,0,5,0
65.73,0,2,4.69,6.36,0.677,0,0,0,5,0
54.53,11,2,4.59,3.34,0.598,1,0,0,5,0
47.72,10,8,9.52,5.81,0.958,0,0,1,7,0
9.05,11,1,1.15,2.74,0.655,0,0,1,8,0
24.16,13,2,7.47,1.95,0.991,1,0,1,3,0
6.48,8,8,0.04,8.54,1.199,0,0,0,1,0
13.46,10,6,23.09,5.82,1.045,0,0,1,7,0
22.47,0,8,7.65,0.63,0.535,0,0,2,13,0
362.17,10,7,2.97,3.26,0.575,1,0,0,5,0
55.03,9,3,12.71,0.37,1.877,0,1,0,7,0
210.16,8,3,0.45,11.3,1.742,0,0,0,3,0
7.99,11,9,15.94,3.05,0.339,1,0,2,5,0
14.05,13,1,14.98,1.35,0.609,0,0,0,6,0
25.81,16,8,7.21,1.83,1.593,0,0,2,3,0
162.72,19,7,29.37,6.52,1.235,0,0,0,4,0
44.44,10,0,15.97,2.56,0.53,1,0,1,11,0
9.99,7,2,7.32,4.94,0.66,0,1,0,3,0
72.9,9,4,27.98,4.96,0.742,0,0,0,0,0
18.84,13,4,5.46,21.41,1.353,0,0,1,2,0
29.86,18,8,5.49,0.12,0.876,0,0,1,3,0
16.36,16,3,2.85,2.54,0.838,0,0,1,5,0
12.33,18,8,2.84,4.58,1.035,0,0,1,9,0
84.19,10,1,3.08,0.28,0.482,0,1,1,1,0
47.53,8,0,8.1,10.56,0.913,0,0,1,5,0
2.8,16,4,0.6,12.14,1.067,0,0,0,3,0
34.77,20,0,4.62,8.79,2.098,1,1,1,3,0
41.85,12,8,3.89,1.5,0.469,0,0,1,5,0
70.74,12,6,35.54,0.95,1.723,1,0,3,4,0
3.7,20,1,2.93,1.64,0.745,0,0,0,5,0
22.25,8,2,0.78,5.7,1.882,0,1,1,7,0
86.85,12,3,20.09,6.74,1.228,0,1,0,6,0
29.23,18,7,10.62,2.19,0.876,1,0,1,7,0
15.19,16,2,2.0,1.28,0.808,0,0,0,4,0
17.64,17,4,6.66,1.08,1.504,1,0,1,5,0
23.85,16,8,1.96,2.64,1.396,1,0,1,2,0
41.42,10,1,7.32,9.23,0.898,0,0,1,8,0
36.79,19,7,17.88,0.43,0.818,0,0,2,8,0
13.68,18,0,14.55,2.41,0.98,0,0,1,3,0
29.43,11,8,8.68,3.02,1.008,0,0,2,7,0
33.87,11,9,2.14,5.42,0.797,0,0,0,1,0
363.53,4,6,69.71,0.8,9.816,0,0,2,12,1
7.78,16,3,24.44,5.42,0.696,1,0,2,5,0
21.15,13,9,0.5,0.68,1.292,0,0,0,5,0
12.29,16,6,6.88,1.59,1.419,0,0,2,5,0
63.24,15,8,5.67,2.08,1.263,1,0,0,4,0
87.81,11,6,0.08,12.71,1.374,0,0,1,3,0
6.93,19,9,3.9,3.08,0.647,0,0,3,2,0
22.2,12,3,2.24,3.05,1.023,0,0,0,10,0
14.86,19,1,3.2,7.43,0.951,1,0,1,2,0
5.11,13,1,0.8,10.09,1.202,0,0,0,7,0
18.31,17,4,3.23,5.74,0.469,0,0,2,3,0
10.23,13,7,0.73,0.58,1.052,1,0,1,4,0
11.15,19,8,12.13,4.33,1.597,0,0,0,7,0
42.22,14,1,4.68,3.02,1.017,1,0,0,3,0
11.59,14,2,2.31,1.61,0.706,0,0,0,2,0
74.41,15,1,8.09,20.59,0.646,0,0,0,7,0
165.47,17,5,13.8,4.83,1.071,0,0,0,2,0
23.82,8,9,2.73,1.46,0.694,0,0,1,5,0
16.8,20,0,4.86,13.25,0.485,0,0,0,5,0
58.36,2,1,0.68,3.03,1.511,0,0,0,10,0
25.34,10,7,5.66,0.97,1.104,0,1,0,5,0
23.4,9,0,9.49,4.59,1.45,0,0,0,4,0
20.38,18,1,0.43,5.83,0.898,0,0,2,3,0
7.86,10,1,5.66,18.13,1.628,0,0,0,2,0
2.01,7,1,8.16,1.38,0.831,0,0,0,3,0
8.71,20,1,1.56,4.19,1.032,0,0,1,4,0
24.33,12,6,9.1,7.0,2.327,0,0,0,5,0
17.51,12,3,9.03,9.37,1.432,0,0,1,7,0
17.3,20,8,1.21,7.03,1.284,1,0,0,3,0
260.02,13,6,19.79,1.2,0.948,1,0,0,2,0
49.1,11,1,19.79,2.69,1.953,0,0,1,5,0
43.06,1,5,6.7,2.19,1.389,1,1,0,7,0
19.01,17,3,5.41,0.81,0.802,0,0,3,9,0
37.91,12,0,9.74,4.77,0.655,0,0,0,9,0
50.7,17,9,5.97,1.74,0.508,0,0,0,3,0
10.1,9,5,5.64,14.02,1.436,1,0,0,5,0
132.19,10,7,1.06,10.46,1.38,0,0,0,3,0
7.25,18,6,0.94,8.42,1.499,0,0,0,4,0
15.67,11,0,2.06,14.91,0.613,0,0,1,4,0
22.7,18,9,2.33,1.75,0.778,1,0,0,4,0
26.61,15,4,5.29,1.03,1.581,0,0,1,3,0
8.4,14,4,7.61,1.38,0.949,1,0,2,8,0
66.71,10,0,8.09,8.77,0.981,0,0,2,3,0
44.67,9,3,21.79,11.36,1.038,0,0,3,6,0
434.14,19,6,21.59,0.52,0.895,1,0,1,3,0
21.55,13,8,10.37,1.05,0.911,0,0,1,8,0
13.23,18,3,8.48,0.97,1.058,0,0,1,6,0
33.64,17,1,36.53,1.06,0.743,1,0,1,3,0
55.63,19,4,1.54,2.48,2.175,0,1,0,4,0
124.31,11,0,1.57,6.06,0.824,0,0,2,5,0
14.06,10,4,2.58,0.21,0.574,1,0,1,5,0
6.03,16,9,1.17,0.18,0.849,0,0,2,5,0
4.89,21,6,2.32,0.82,1.018,1,0,0,7,0
61.81,9,6,11.13,0.01,0.738,0,0,0,5,0
29.02,18,8,5.2,4.2,0.519,0,0,0,5,0
78.53,17,0,0.23,1.76,1.255,0,0,0,4,0
45.8,12,6,1.13,2.18,0.784,1,0,1,8,0
29.87,19,4,3.21,15.51,1.279,0,0,1,2,0
20.49,20,2,14.2,2.6,0.979,0,0,0,6,0
38.43,18,2,11.47,5.2,1.139,0,0,2,7,0
60.75,10,5,12.55,0.61,0.759,1,0,0,7,0
10.72,9,9,3.52,0.51,1.074,1,0,0,3,0
20.43,21,8,9.86,9.92,0.75,1,0,1,5,0
28.43,8,1,8.01,6.48,1.037,0,0,1,4,0
108.91,8,7,4.03,9.58,0.841,0,0,0,5,0
40.07,1,0,8.32,2.83,1.857,0,0,0,4,0
11.11,11,8,9.48,12.07,1.466,0,0,0,7,0
8.62,11,8,4.05,0.0,1.345,0,0,0,4,0
38.68,20,0,12.62,3.89,1.036,0,0,0,5,0
53.23,22,0,9.83,3.44,0.863,0,0,0,5,0
23.91,18,1,15.31,1.44,0.907,0,0,3,6,0
12.83,9,0,2.15,9.84,0.905,1,0,2,5,0
74.19,18,0,4.81,1.9,0.826,0,0,2,1,0
67.23,15,9,20.45,1.57,0.949,0,0,2,4,0
19.79,20,3,32.83,0.24,0.998,0,0,0,12,0
37.32,17,4,15.11,4.85,1.239,0,0,0,2,0
165.23,11,0,6.8,1.21,1.01,0,0,0,5,0
13.97,13,1,2.95,9.88,0.879,0,0,1,2,0
17.92,8,6,5.64,14.95,0.949,0,0,0,4,0
14.31,19,4,14.97,3.44,0.91,0,0,2,10,0
120.45,11,4,17.11,5.9,0.995,0,0,1,6,0
8.6,17,1,4.76,1.12,1.142,0,0,0,5,0
7.41,11,8,1.96,3.81,1.883,1,0,0,9,0
38.86,20,9,7.75,6.58,1.226,1,0,0,1,0
7.25,20,0,7.39,0.09,0.518,1,0,0,6,0
111.57,11,6,3.78,1.43,2.511,0,0,0,3,0
45.07,9,3,1.45,1.34,1.358,0,0,3,5,0
3.53,16,5,42.72,1.22,1.234,0,0,0,4,0
105.83,20,0,2.25,0.08,1.185,0,0,2,2,0
65.13,19,8,9.87,9.18,1.966,0,0,1,5,0
16.25,13,6,4.96,6.25,0.748,0,0,1,3,0
23.64,16,4,4.82,0.22,1.754,0,0,1,9,0
5.4,23,2,1.92,4.74,0.635,1,0,0,6,0
5.25,12,0,4.21,1.5,0.68,1,0,1,5,0
13.51,17,4,6.33,0.31,1.365,0,0,1,2,0
215.57,20,8,11.98,0.87,0.466,0,0,1,4,0
15.44,20,3,0.14,3.04,0.464,1,0,0,7,0
264.48,15,0,6.94,1.83,0.706,1,0,0,8,0
3.6,18,8,1.57,2.22,0.935,0,0,1,1,0
86.83,18,4,10.91,6.64,0.942,0,1,1,5,0
16.52,12,8,4.06,3.61,1.142,0,0,1,10,0
24.22,16,3,3.43,2.17,0.975,0,0,0,7,0
35.66,10,3,0.62,5.09,1.113,0,0,0,4,0
14.52,21,3,4.08,6.89,1.365,1,0,1,7,0
57.23,16,9,6.32,1.79,1.905,0,0,0,8,0
24.99,8,4,1.61,2.79,2.368,0,0,0,7,0
52.62,18,1,14.41,11.08,1.27,1,1,0,7,0
25.11,11,5,9.23,4.24,2.009,0,0,0,7,0
162.52,10,0,0.11,8.57,1.326,0,0,0,4,0
18.19,10,4,16.5,0.74,0.648,0,1,0,11,0
10.21,12,0,3.34,3.18,0.697,1,0,1,5,0
19.47,16,5,3.25,4.49,0.544,1,0,0,5,0
24.04,11,3,3.1,13.82,1.12,0,1,1,8,0
14.29,8,0,7.71,0.65,1.395,0,0,1,5,0
230.72,20,6,7.58,11.07,0.975,0,0,0,5,0
257.77,20,6,1.08,2.7,2.226,0,1,1,9,0
28.75,6,0,3.52,2.6,1.043,0,0,0,4,0
59.11,17,5,1.21,5.12,0.714,1,0,0,4,0
31.08,13,5,3.02,0.21,2.011,0,0,0,4,0
43.86,17,9,15.62,4.7,0.821,1,0,0,10,0
34.17,17,7,17.8,6.74,0.672,0,0,0,4,0
35.37,13,0,2.3,2.48,2.282,1,1,0,7,0
135.7,13,0,2.52,5.35,0.971,1,0,0,12,0
5.39,19,4,1.31,0.37,0.889,0,0,0,3,0
58.94,20,0,0.1,4.61,1.991,1,0,0,5,0
6.45,11,1,3.2,2.56,1.106,0,0,2,7,0
23.78,9,8,3.54,2.48,1.237,0,0,0,5,0
22.91,7,5,11.5,1.33,1.424,0,0,0,5,0
24.95,20,3,9.28,5.35,0.965,0,0,1,7,0
50.02,16,0,16.85,3.94,0.482,0,0,1,8,0
88.47,15,9,7.52,0.24,1.657,0,0,0,7,0
147.66,20,4,5.83,1.46,1.073,0,0,0,6,0
16.33,8,3,4.98,4.03,1.005,0,0,0,8,0
105.3,20,8,1.81,5.8,0.944,0,0,0,4,0
104.61,10,0,7.98,0.01,2.457,0,0,1,6,0
69.89,19,4,11.61,4.39,0.91,1,0,0,6,0
53.28,15,7,14.75,4.31,1.001,1,0,0,4,0
189.54,17,6,0.47,12.0,2.042,1,0,0,2,0
6.8,15,4,5.07,5.82,0.751,0,0,0,6,0
29.79,17,0,0.28,0.22,1.48,0,0,3,4,0
28.45,23,5,10.04,1.19,1.297,0,0,0,4,0
16.21,18,8,3.12,1.71,1.28,1,0,2,9,0
26.89,19,6,12.25,9.3,1.207,0,0,0,3,0
96.56,10,9,11.72,2.55,0.794,0,0,0,5,0
35.49,11,8,9.59,0.75,0.977,0,0,1,10,0
156.22,10,2,23.78,10.71,0.922,0,0,1,6,0
64.09,12,6,1.48,2.58,1.988,0,0,1,6,0
11.71,15,1,0.27,0.16,1.353,0,0,1,4,0
51.99,17,6,0.2,1.89,1.095,1,0,1,7,0
84.63,13,3,13.02,5.38,1.066,0,0,2,2,0
13.89,10,3,0.6,5.09,0.789,1,0,2,4,0
56.42,16,7,16.32,2.09,1.245,0,0,1,5,0
15.54,13,5,11.04,0.02,0.699,0,0,0,7,0
17.86,23,0,14.89,0.65,0.788,0,0,1,3,0
17.37,9,0,9.74,5.06,1.673,0,0,1,3,0
18.75,18,0,9.73,9.33,1.155,1,0,0,0,0
61.73,14,4,0.07,6.28,1.511,0,0,1,2,0
80.03,18,0,17.22,0.88,0.618,0,0,1,7,0
39.51,19,3,8.34,0.29,0.766,0,0,0,6,0
9.45,6,3,4.35,1.74,0.633,1,0,1,4,0
22.71,9,0,5.01,0.67,0.724,0,0,2,9,0
89.68,12,1,3.06,0.35,0.959,0,0,1,7,0
19.5,8,7,1.71,11.81,2.222,0,0,1,7,0
8.11,15,1,3.03,1.03,0.726,0,1,1,3,0
29.12,18,6,13.3,1.78,1.285,1,0,0,3,0
68.36,21,6,4.54,1.86,1.232,0,0,1,3,0
10.08,16,0,6.39,1.68,0.436,0,0,2,2,0
40.85,17,0,0.45,10.95,1.714,0,0,0,3,0
14.73,14,5,1.88,9.38,0.538,1,0,1,6,0
28.83,17,7,13.45,2.44,1.01,0,0,0,4,0
8.53,12,3,4.34,2.94,1.683,1,0,0,8,0
10.9,21,1,0.54,8.84,0.72,0,0,0,4,0
55.39,13,9,1.48,4.17,0.85,1,0,1,6,0
18.36,18,3,1.32,5.56,0.819,1,0,1,5,0
9.3,17,1,21.62,1.04,0.692,0,0,2,4,0
29.86,20,7,34.88,6.88,0.652,0,0,0,6,0
54.94,17,7,20.13,2.15,1.095,0,0,3,4,0
9.69,18,1,1.22,0.56,0.922,0,0,2,3,0
91.05,17,0,6.01,2.07,0.641,1,0,1,4,0
45.21,11,6,0.94,4.14,0.66,0,0,0,6,0
60.34,10,1,0.58,13.42,1.501,0,0,1,2,0
86.2,17,3,20.6,6.97,1.536,0,0,2,5,0
43.14,18,4,1.12,4.1,1.779,0,0,0,3,0
31.91,20,3,10.64,1.85,0.508,0,1,0,5,0
10.56,8,6,7.23,1.0,0.576,0,0,1,7,0
8.57,17,9,11.02,6.97,1.351,1,0,0,0,0
44.59,16,3,9.56,9.49,1.328,0,0,0,8,0
70.1,12,2,0.0,0.14,0.728,0,0,0,6,0
44.51,20,9,3.74,0.98,0.728,1,0,0,7,0
6.46,20,1,10.18,7.07,0.52,0,0,2,5,0
34.38,18,6,12.53,13.1,0.86,0,0,1,4,0
34.22,14,0,2.79,12.39,1.734,1,0,1,4,0
19.27,9,3,0.35,0.55,0.982,0,0,1,5,0
431.14,22,4,152.36,58.82,1.563,0,1,5,17,1
14.12,18,1,2.31,2.14,0.852,0,0,2,7,0
19.48,9,7,6.03,6.46,1.583,0,0,0,2,0
52.92,14,2,7.06,3.73,0.855,0,0,0,2,0
111.29,20,4,2.78,0.04,0.72,0,0,1,3,0
68.85,13,1,0.62,0.64,1.554,0,0,0,7,0
23.03,18,3,11.64,0.74,0.946,0,0,0,2,0
24.4,16,2,0.09,1.47,0.76,0,0,0,5,0
51.23,10,2,3.37,1.65,0.808,0,1,0,2,0
31.82,9,6,6.13,1.71,2.144,0,0,1,2,0
83.77,19,1,10.91,0.62,0.575,0,0,1,7,0
20.31,12,2,0.1,6.63,0.494,0,0,1,6,0
111.27,14,0,0.89,0.74,1.143,1,0,2,5,0
30.49,12,4,3.14,8.81,0.871,0,0,0,5,0
257.19,17,1,0.14,0.57,1.067,0,0,0,2,0
87.58,14,8,4.96,2.53,1.644,0,0,1,7,0
10.3,12,7,12.27,0.7,0.964,0,0,1,3,0
71.33,18,5,3.16,1.11,1.079,0,0,0,6,0
40.96,9,9,5.33,23.84,1.583,1,0,2,7,0
175.74,16,4,8.91,3.21,0.832,0,0,0,8,0
54.84,0,2,10.11,6.04,1.077,0,0,1,6,0
5.51,17,3,6.93,6.57,0.934,1,0,1,9,0
31.1,8,1,9.18,7.54,0.534,0,0,0,2,0
57.25,13,9,12.85,71.92,4.558,1,0,2,11,1
17.75,12,6,0.06,0.48,1.774,0,0,1,2,0
261.89,8,4,4.04,3.52,1.186,1,0,0,3,0
229.33,18,7,12.51,6.99,1.027,0,0,1,3,0
56.73,13,9,6.65,0.08,0.787,0,1,0,5,0
16.16,15,9,6.14,0.17,1.256,1,0,1,5,0
39.47,15,0,0.1,3.02,0.947,0,0,0,6,0
71.55,13,0,10.19,2.41,0.575,0,0,0,3,0
54.48,22,0,4.28,2.21,1.043,0,0,1,9,0
88.47,20,2,1.89,0.89,0.651,1,0,0,5,0
24.97,18,1,13.38,12.12,1.404,0,0,1,2,0
38.67,9,9,24.14,6.44,1.25,0,0,0,5,0
49.59,18,2,0.72,6.98,1.177,0,0,0,0,0
52.5,20,1,5.62,0.58,1.211,0,0,2,7,0
21.61,6,1,4.43,2.79,1.621,0,0,2,8,0
26.19,12,4,9.71,3.79,0.908,1,0,0,3,0
231.26,1,0,29.2,4.63,0.74,0,0,0,7,0
14.72,17,7,8.46,3.07,0.452,0,0,3,2,0
29.56,17,6,11.48,1.38,2.254,0,0,0,5,0
15.78,15,5,1.53,9.56,0.701,0,0,4,9,0
182.02,11,5,11.08,1.89,0.984,0,0,2,7,0
35.87,13,5,19.6,0.02,1.906,1,0,1,3,0
83.84,23,9,19.59,5.37,0.602,0,0,1,7,0
79.64,10,7,7.59,2.17,1.576,0,0,0,5,0
113.32,12,1,0.26,2.76,1.995,1,1,0,7,0
20.94,8,4,0.44,3.64,1.031,1,0,1,3,0
38.63,11,3,5.35,12.9,2.379,0,0,1,3,0
7.17,14,0,34.35,3.85,0.901,0,0,2,3,0
15.88,9,3,4.4,5.67,0.797,0,0,1,5,0
36.75,15,3,1.5,2.21,0.686,1,0,1,4,0
48.67,10,3,8.14,2.08,0.683,0,0,2,5,0
32.93,21,5,6.41,11.07,0.77,1,0,0,3,0
4.9,19,3,3.92,4.46,1.538,0,0,1,4,0
143.19,14,4,11.51,0.97,1.206,0,0,4,9,0
51.0,10,1,0.29,9.85,1.05,1,0,2,2,0
106.07,18,1,11.27,2.58,1.226,0,0,1,1,0
4.93,13,2,3.65,1.74,1.724,0,0,1,6,0
54.64,9,5,19.5,0.77,1.31,0,0,3,4,0
52.0,17,3,6.53,3.35,1.028,0,1,1,4,0
28.47,16,9,20.91,1.45,1.985,0,0,1,2,0
21.26,8,4,1.54,3.78,1.361,0,0,1,3,0
40.12,8,7,0.23,0.37,1.364,1,1,3,7,0
124.99,12,9,9.17,3.34,1.346,1,0,1,6,0
41.64,12,0,4.25,3.62,0.942,1,0,0,9,0
24.14,10,4,0.18,1.74,0.53,1,0,1,5,0
66.92,7,8,36.85,43.22,0.421,1,0,1,5,0
80.98,10,0,3.17,2.21,1.15,0,0,1,4,0
8.14,0,7,6.86,0.89,1.526,1,0,1,3,0
7.5,22,8,8.88,2.12,0.619,0,0,1,5,0
176.52,16,9,10.69,5.84,0.808,0,1,0,5,0
68.93,10,5,18.57,7.48,1.543,1,0,0,3,0
319.0,17,1,17.12,21.31,6.507,0,0,3,22,1
33.77,13,9,5.4,11.96,0.886,0,0,0,3,0
14.94,23,3,8.28,1.42,0.877,0,0,0,5,0
5.38,13,5,1.48,8.1,0.983,0,0,0,5,0
20.52,10,5,5.52,0.61,0.999,0,0,1,5,0
73.1,20,1,31.27,10.19,0.758,0,0,2,4,0
9.62,12,1,13.96,2.89,0.4,0,0,1,4,0
9.09,10,0,22.93,1.4,0.776,1,0,1,8,0
134.67,16,0,39.14,6.0,0.671,0,0,0,5,0
502.79,12,1,1.77,1.52,0.567,0,1,2,4,0
14.78,12,1,21.46,1.95,0.991,0,0,1,3,0
462.51,14,9,25.39,7.01,2.539,0,0,1,4,0
20.77,13,6,4.39,0.02,0.925,0,0,0,6,0
20.15,9,8,1.04,5.9,1.053,0,0,1,5,0
29.52,14,5,7.48,4.01,1.772,0,0,3,4,0
314.96,9,4,2.5,4.04,1.047,0,0,0,6,0
4.75,10,2,5.52,0.12,0.845,0,0,0,3,0
45.75,8,2,5.66,0.87,0.491,0,0,0,6,0
28.37,2,3,11.59,2.97,0.856,1,0,0,4,0
57.09,10,3,3.48,3.34,1.293,0,0,2,5,0
210.21,8,7,17.97,3.12,0.911,1,0,0,7,0
6.72,12,0,3.54,2.64,1.288,0,0,1,6,0
25.75,1,6,1.54,23.79,0.932,0,0,0,7,0
61.96,12,4,3.42,3.24,0.674,1,0,1,4,0
27.54,12,4,1.65,2.08,0.677,0,1,0,5,0
148.13,19,5,0.07,18.51,0.56,0,1,0,7,0
27.74,16,9,0.82,3.12,0.761,1,0,0,1,0
17.87,17,4,0.46,0.06,0.565,0,0,1,5,0
39.83,11,0,7.27,10.93,0.478,1,0,0,4,0
110.97,16,4,1.42,0.99,1.078,0,0,0,4,0
61.38,18,8,6.89,3.26,0.758,0,0,1,4,0
19.42,19,0,5.16,4.72,0.56,0,0,0,5,0
34.65,9,2,11.1,1.02,1.053,0,1,1,6,0
23.24,16,5,0.86,13.05,0.561,1,1,1,4,0
68.2,14,9,19.06,23.23,1.401,1,1,1,7,0
13.11,8,4,5.38,1.26,1.052,0,0,1,5,0
28.74,15,4,3.0,0.15,0.595,1,0,1,6,0
20.95,16,8,2.08,6.83,0.937,0,0,2,3,0
12.84,22,7,38.73,16.39,1.966,0,1,4,16,1
64.84,13,5,4.37,12.3,0.748,0,0,0,3,0
34.24,9,5,3.02,1.17,1.317,1,0,0,2,0
112.0,19,2,0.74,11.63,1.166,0,0,0,4,0
30.68,13,4,10.72,5.22,0.518,0,0,1,5,0
10.58,12,4,4.38,6.12,0.741,0,0,0,5,0
18.94,15,4,5.3,0.27,1.181,0,0,0,1,0
32.13,6,1,7.89,4.73,0.425,0,0,0,6,0
8.39,12,4,8.77,2.27,0.595,0,0,0,2,0
13.39,19,5,0.98,3.49,1.838,0,0,0,4,0
21.94,17,6,7.04,0.2,0.887,1,1,1,4,0
31.19,15,3,3.47,5.28,0.66,0,0,0,3,0
6.39,9,9,6.69,2.16,0.798,1,1,1,8,0
50.85,14,2,2.11,3.64,1.497,0,0,0,6,0
13.68,17,2,7.1,1.16,0.353,1,0,3,3,0
23.94,22,2,2.5,3.94,0.95,0,0,0,6,0
140.39,11,0,0.7,1.7,0.942,0,0,0,4,0
15.2,22,4,27.36,0.51,0.36,0,0,1,7,0
76.54,23,6,4.97,5.46,0.983,1,0,2,4,0
56.95,6,8,1.31,1.98,0.918,0,0,2,5,0
64.78,16,9,0.42,7.45,1.49,0,1,1,8,0
33.81,12,8,0.02,1.28,1.14,0,0,0,4,0
68.7,20,2,0.37,4.99,0.431,1,0,1,10,0
14.45,17,6,3.66,2.25,2.405,0,1,1,4,0
31.44,11,8,1.61,15.48,1.322,1,0,0,8,0
81.3,18,3,3.03,2.12,1.501,1,0,0,3,0
33.38,22,4,3.79,1.85,1.365,1,0,0,5,0
74.36,14,3,8.47,1.31,0.801,1,0,0,7,0
17.36,14,6,1.32,18.01,0.885,0,0,3,5,0
107.74,21,6,13.57,12.21,0.528,1,0,0,2,0
183.28,17,6,0.19,1.38,1.108,1,0,1,8,0
29.99,14,9,2.12,3.27,1.319,0,0,1,2,0
39.78,11,3,15.43,6.91,0.706,0,0,0,3,0
13.76,10,7,4.72,6.26,0.792,0,0,0,5,0
104.83,7,4,6.34,6.1,1.875,1,1,0,4,0
20.13,8,3,3.0,11.23,1.251,0,0,2,6,0
17.35,15,1,4.17,3.4,0.639,1,0,0,2,0
66.92,19,4,4.66,11.98,0.845,1,0,1,2,0
21.53,21,5,0.14,0.24,0.815,0,0,0,5,0
30.87,11,5,21.97,1.39,0.801,0,0,0,8,0
12.01,16,3,7.36,22.39,0.91,1,0,0,4,0
95.54,13,2,2.22,1.74,0.795,0,0,0,3,0
17.48,11,0,10.42,7.53,0.69,1,0,0,7,0
13.35,10,4,25.14,1.15,1.388,1,0,2,3,0
10.33,21,4,23.59,1.96,1.366,0,1,1,6,0
27.73,12,4,6.72,2.54,0.976,1,0,1,5,0
32.15,8,8,2.86,9.04,1.178,1,0,0,4,0
22.9,7,5,25.36,2.0,0.78,0,0,2,5,0
31.79,17,5,1.27,9.92,1.6,0,0,1,2,0
118.93,13,6,8.37,1.91,0.911,0,0,1,3,0
59.56,10,7,4.47,0.07,0.705,0,0,2,2,0
73.16,23,4,8.35,7.08,1.636,0,0,1,8,0
17.17,12,3,11.72,0.75,1.672,0,0,0,4,0
57.02,20,8,131.84,2.86,8.172,1,0,5,6,1
36.83,13,6,14.13,1.27,1.195,0,1,0,2,0
35.77,16,0,5.25,13.75,0.76,0,0,1,2,0
15.58,4,1,4.3,5.73,0.925,0,0,0,3,0
38.5,12,1,4.09,0.29,0.495,0,0,2,3,0
25.54,16,7,8.29,10.34,0.757,0,0,0,3,0
32.67,21,9,0.43,5.15,1.074,0,0,1,6,0
33.55,11,1,20.26,14.66,0.898,0,0,2,4,0
2.42,18,7,4.52,15.68,1.061,0,0,0,5,0
355.4,22,1,3.57,134.34,2.938,1,1,2,9,1
9.13,15,7,29.45,3.94,1.337,1,0,0,4,0
76.24,17,9,0.54,4.13,0.87,0,0,0,6,0
32.99,8,0,7.77,1.74,1.603,1,0,0,5,0
22.94,8,1,4.58,5.23,0.426,0,0,0,4,0
49.25,4,6,26.6,42.3,16.51,0,0,3,8,1
41.36,16,0,21.22,0.37,1.038,0,0,1,4,0
16.32,18,0,0.62,11.92,2.817,0,0,1,5,0
14.52,14,7,8.08,0.92,1.581,0,0,0,5,0
4.61,9,5,11.68,5.51,0.815,0,1,1,2,0
87.24,13,1,12.9,6.42,0.609,1,1,1,6,0
12.41,7,4,3.57,0.46,1.106,1,0,0,5,0
96.71,17,1,0.9,4.81,0.965,1,0,0,10,0
210.2,14,9,9.95,10.63,1.392,1,0,1,6,0
12.34,15,1,11.98,1.19,0.343,0,0,1,3,0
1.75,14,3,11.96,2.14,1.062,1,1,0,5,0
70.15,14,0,8.9,2.8,0.65,0,0,1,7,0
62.71,13,9,0.1,2.02,1.408,1,0,0,6,0
43.24,3,8,2.97,5.37,1.227,0,0,0,7,0
199.87,21,3,15.96,7.24,0.769,0,0,1,1,0
61.09,9,0,0.17,7.05,0.867,0,0,1,1,0
214.61,5,3,19.96,1.9,1.273,1,0,2,5,0
27.98,15,7,2.1,2.49,1.375,0,0,1,4,0
41.68,7,3,1.49,1.73,0.622,1,0,0,5,0
9.39,9,0,0.63,3.64,0.988,0,0,0,5,0
26.56,3,6,46.52,6.32,1.511,0,0,1,10,0
10.99,15,1,15.98,18.88,1.948,0,0,2,5,0
8.78,15,7,3.96,10.86,1.442,0,0,0,6,0
54.73,10,4,0.4,2.61,1.725,1,0,1,5,0
60.88,19,4,0.66,4.01,0.903,0,0,1,0,0
53.76,0,9,13.67,5.23,0.903,0,0,1,6,0
45.15,10,6,0.83,1.31,0.466,0,0,1,5,0
38.26,16,3,2.81,5.83,0.652,0,0,3,9,0
58.88,13,0,15.95,5.94,1.378,0,0,0,4,0
46.67,16,0,25.86,5.41,0.405,0,0,0,2,0
2.13,18,3,40.11,1.89,0.805,0,0,0,6,0
75.2,17,2,5.3,1.43,0.897,0,0,2,4,0
56.76,14,3,4.34,2.45,0.92,1,1,1,1,0
7.58,21,2,0.69,20.24,1.979,0,0,0,6,0
72.16,13,7,2.06,1.5,1.06,0,0,0,4,0
4.5,12,3,17.14,3.14,0.731,1,0,1,10,0
2.63,8,6,1.45,0.76,0.945,1,0,0,7,0
46.83,12,7,3.89,6.43,1.41,0,0,1,4,0
19.98,7,8,22.51,1.76,1.201,0,0,0,7,0
59.93,22,3,0.83,6.54,1.678,0,0,1,3,0
4.71,19,5,0.12,1.67,0.973,0,0,1,3,0
15.72,22,6,4.43,4.87,0.467,0,0,1,7,0
85.65,17,3,4.4,2.4,1.574,1,0,0,8,0
14.01,15,9,29.01,12.62,1.297,0,0,0,7,0
220.7,16,4,0.8,4.79,1.052,1,0,0,2,0
9.34,14,5,0.03,0.9,0.695,1,0,0,8,0
13.64,15,8,1.68,1.41,1.763,0,0,1,6,0
24.34,23,4,1.43,2.29,0.699,0,0,0,4,0
35.19,16,1,7.23,2.25,1.931,0,0,0,4,0
64.47,9,3,4.36,0.06,0.757,1,1,2,6,0
52.34,21,5,1.42,0.88,1.483,0,0,1,6,0
17.15,14,9,3.79,18.38,1.594,1,0,1,3,0
38.09,9,1,15.15,4.99,0.658,0,0,0,2,0
24.36,11,5,14.86,6.09,0.772,0,0,0,7,0
90.96,18,3,5.25,0.81,0.854,1,0,0,7,0
23.53,16,1,6.03,0.96,0.974,0,0,0,2,0
105.08,14,9,1.63,8.94,0.8,0,0,1,4,0
44.99,20,4,12.2,0.71,0.511,0,0,1,2,0
65.32,23,1,15.07,7.83,1.228,0,0,0,3,0
59.88,17,1,0.16,0.02,1.89,0,0,0,1,0
4.11,17,2,35.97,1.74,1.193,0,0,2,8,0
172.93,15,7,11.86,6.3,1.068,0,0,0,2,0
7.42,12,1,11.01,1.73,0.786,0,0,3,8,0
8.96,18,1,8.53,7.18,0.883,0,0,0,5,0
148.82,16,2,12.03,5.03,1.697,0,0,2,9,0
95.43,20,4,7.0,4.27,1.225,0,0,2,2,0
164.95,19,7,14.93,7.51,1.006,0,0,2,6,0
132.99,23,5,4.65,9.29,1.484,1,0,1,3,0
57.88,19,6,3.29,0.82,1.662,0,0,0,4,0
12.62,10,0,8.33,10.91,0.814,0,0,0,5,0
27.63,16,0,1.53,0.61,1.622,1,0,0,6,0
8.04,1,5,5.06,0.01,0.686,0,0,1,1,0
24.54,10,4,1.2,0.04,0.773,1,0,1,3,0
47.54,18,5,1.16,1.88,0.791,0,0,0,4,0
81.07,13,6,1.02,10.39,2.28,0,0,1,8,0
19.73,11,5,2.64,9.4,1.185,1,0,0,2,0
8.46,15,0,1.56,0.14,1.303,0,0,0,6,0
7.69,19,2,1.2,1.69,0.854,1,0,1,4,0
24.58,11,3,18.2,2.83,1.154,1,0,2,4,0
23.8,8,3,1.59,3.3,0.92,0,0,2,3,0
25.86,11,8,0.62,0.81,0.694,0,1,1,8,0
10.43,14,1,9.44,0.07,0.808,0,1,0,7,0
99.21,9,2,15.85,3.55,2.582,0,0,0,6,0
8.91,18,3,4.14,0.14,0.83,1,0,1,0,0
17.49,0,4,9.31,5.39,1.496,0,0,0,3,0
59.66,17,6,3.2,0.18,0.749,0,0,0,6,0
15.76,10,8,9.47,12.69,0.934,0,0,0,4,0
9.86,10,0,4.24,0.9,1.334,0,0,0,3,0
13.1,9,6,8.5,14.49,0.994,1,0,2,6,0
20.95,19,5,12.89,9.27,0.679,1,1,1,4,0
35.59,10,1,3.29,5.38,1.006,0,0,2,4,0
86.14,8,0,18.16,0.2,1.169,0,0,1,2,0
22.35,12,3,8.97,0.06,1.001,0,0,1,1,0
13.25,18,4,15.83,0.11,0.721,0,0,0,3,0
21.32,9,6,11.95,1.56,1.389,0,0,0,6,0
107.45,22,6,8.81,23.96,0.85,0,0,2,2,0
21.93,13,3,17.57,5.12,0.901,0,0,4,6,0
228.92,16,8,46.96,3.23,0.595,0,1,0,5,0
61.18,22,6,2.2,5.12,0.487,0,0,1,4,0
44.35,13,3,12.37,3.41,2.331,0,0,1,4,0
72.57,12,3,0.0,10.04,0.693,0,0,3,8,0
12.08,12,7,0.88,9.91,0.739,0,1,0,5,0
33.66,18,6,5.2,6.43,1.377,0,0,0,2,0
52.69,17,0,1.97,1.58,1.352,0,0,0,5,0
8.59,14,9,0.64,0.65,2.424,0,0,2,4,0
60.82,19,1,7.43,5.16,1.051,0,0,0,6,0
39.25,23,3,0.21,1.69,0.648,1,0,2,3,0
95.27,17,8,10.74,0.66,0.923,0,0,0,4,0
29.56,11,5,14.17,1.08,1.215,1,0,0,5,0
43.32,16,0,0.62,3.45,1.223,0,1,0,6,0
46.93,6,6,16.97,9.24,1.156,1,0,1,2,0
8.58,10,0,2.38,5.99,1.626,1,0,0,7,0
41.75,16,5,1.69,19.51,0.419,0,0,1,4,0
83.59,13,3,12.81,13.83,0.495,1,0,1,2,0
33.17,16,8,8.71,1.57,0.449,0,0,2,6,0
57.01,6,4,11.06,0.54,1.123,0,0,1,4,0
64.37,21,3,3.04,3.09,1.123,0,0,0,6,0
13.4,15,7,2.89,7.18,1.296,1,0,1,7,0
121.03,10,6,7.89,4.41,0.581,0,0,1,9,0
2.64,9,5,7.83,10.79,1.161,0,0,1,4,0
48.86,14,5,0.12,5.91,1.184,0,0,1,6,0
26.63,17,2,3.95,11.69,2.189,0,0,1,1,0
5.32,18,1,19.91,0.67,1.184,0,0,1,8,0
15.49,15,0,14.3,4.08,0.556,0,0,0,6,0
33.05,1,1,1.29,0.57,1.124,1,0,0,6,0
41.91,8,3,3.64,1.45,0.789,0,0,0,4,0
15.76,21,1,0.56,3.41,1.294,0,0,0,6,0
31.89,13,7,0.17,5.51,0.938,1,0,2,2,0
170.0,13,6,3.81,1.14,1.311,1,0,0,3,0
36.31,14,7,18.59,11.41,0.551,1,0,0,3,0
51.67,22,7,2.48,8.2,0.864,0,0,0,5,0
12.37,17,0,5.79,0.03,0.787,0,0,0,10,0
134.74,19,8,1.57,2.2,1.139,0,0,1,7,0
13.03,0,3,13.97,10.22,0.689,0,0,1,4,0
138.01,6,6,0.3,26.19,1.059,0,0,1,2,0
36.72,17,1,1.91,7.28,1.158,1,0,3,4,0
24.31,11,0,7.12,18.91,1.185,0,0,2,5,0
16.79,17,2,6.51,11.44,0.97,0,0,0,9,0
6.97,17,9,1.09,5.42,1.667,0,0,0,5,0
98.27,11,5,6.0,2.7,0.836,0,1,0,9,0
36.56,18,0,1.42,7.52,1.545,1,0,1,11,0
22.03,20,9,3.43,4.32,0.62,0,0,2,1,0
27.24,15,0,23.29,10.0,1.996,0,0,0,8,0
64.2,15,5,4.93,19.05,1.937,0,0,2,5,0
18.51,13,6,4.86,1.71,0.68,1,0,1,8,0
97.82,11,5,15.23,21.32,0.949,0,0,0,7,0
46.45,17,4,8.77,14.44,0.688,0,1,0,3,0
32.81,12,6,6.53,0.99,0.972,0,0,2,6,0
27.03,21,3,15.54,2.68,0.846,1,0,1,2,0
21.95,13,3,5.38,1.98,0.837,0,0,0,4,0
55.51,8,4,0.37,1.3,0.577,1,0,0,4,0
8.03,23,2,10.46,8.3,0.771,0,0,0,4,0
10.48,20,9,9.13,11.57,0.941,0,0,0,7,0
72.96,12,9,7.06,1.63,0.831,0,0,3,3,0
55.6,5,0,9.19,3.25,1.369,0,0,2,10,0
8.58,15,4,1.53,6.36,1.013,0,0,2,6,0
18.48,20,3,15.59,8.76,0.694,1,0,0,5,0
31.4,11,4,5.55,3.91,1.745,0,0,1,3,0
27.8,23,5,16.74,2.87,0.424,0,0,0,2,0
41.22,11,5,3.07,2.3,0.93,0,0,1,9,0
136.93,23,5,3.89,2.13,0.425,0,0,0,5,0
64.01,22,3,1.27,6.16,1.644,1,0,1,5,0
26.92,11,2,3.3,2.26,0.971,0,0,0,3,0
45.14,16,5,4.47,3.06,1.365,0,1,1,4,0
44.43,17,5,14.35,4.58,0.747,0,0,0,7,0
91.96,10,4,12.66,7.8,0.904,1,0,1,7,0
13.15,10,6,17.04,0.94,0.768,0,1,0,6,0
8.33,22,4,0.37,12.58,1.156,0,0,1,6,0
19.18,9,1,9.65,6.3,0.819,1,0,0,2,0
53.56,1,9,14.86,1.87,3.11,1,0,3,7,0
14.34,16,1,1.5,1.82,0.504,0,0,0,2,0
31.11,11,3,0.01,2.64,0.637,1,0,1,7,0
20.08,20,4,20.38,20.8,0.841,0,0,0,8,0
125.08,16,9,4.63,15.31,0.928,0,0,1,7,0
41.73,0,7,6.38,48.2,7.141,0,1,2,18,1
29.34,17,4,1.56,1.31,1.407,1,0,0,7,0
74.39,8,7,26.67,5.88,0.826,0,0,1,4,0
184.82,19,3,12.49,4.05,0.579,0,0,1,4,0
17.66,11,1,8.58,3.57,0.991,0,0,1,3,0
39.97,20,1,9.36,6.97,0.52,1,0,1,4,0
38.28,11,4,12.58,5.48,0.522,0,0,1,5,0
24.95,18,5,1.18,12.58,1.71,0,0,1,4,0
105.44,5,2,5.67,3.87,1.778,0,0,0,7,0
94.36,18,1,4.46,4.92,1.136,0,0,3,3,0
84.89,9,4,0.33,1.52,0.952,0,1,0,6,0
27.5,9,9,3.03,4.9,0.925,0,0,0,4,0
46.53,14,3,4.3,0.24,1.144,0,0,0,10,0
66.57,11,0,3.26,4.43,2.211,0,0,0,9,0
53.72,18,7,11.75,3.07,0.724,0,0,0,5,0
223.95,23,8,1.89,1.93,0.789,1,0,0,4,0
10.96,18,7,8.79,4.44,0.855,1,0,0,6,0
7.08,12,3,6.52,0.33,1.332,0,0,0,3,0
10.69,8,3,24.53,6.94,1.579,0,0,2,5,0
7.7,19,0,3.47,4.57,1.076,1,0,1,3,0
17.26,12,0,0.81,5.9,1.303,0,0,0,5,0
107.99,7,9,120.53,3.29,2.607,0,1,2,9,1
129.85,19,5,18.83,14.52,0.449,0,0,1,3,0
71.11,16,9,4.99,1.25,0.947,0,0,1,4,0
42.45,10,7,30.21,2.51,1.299,1,0,0,5,0
23.93,15,3,28.39,52.73,9.855,1,1,4,10,1
51.77,15,5,6.97,5.62,1.115,0,0,0,5,0
36.69,17,1,0.68,4.89,0.892,0,1,4,2,0
22.48,14,2,6.65,0.9,0.504,0,0,0,4,0
100.45,8,1,3.15,4.03,1.661,1,0,1,5,0
7.19,13,2,5.34,1.68,0.676,0,0,1,6,0
4.93,11,3,10.26,0.87,0.851,0,0,0,2,0
145.47,14,0,7.91,5.2,1.098,0,0,1,7,0
7.58,4,9,8.93,1.96,1.345,0,1,1,4,0
6.22,20,2,3.68,4.03,1.709,0,0,0,7,0
222.32,17,0,23.04,0.81,0.591,0,1,1,5,0
5.59,19,5,13.97,4.04,1.215,0,1,1,5,0
24.54,14,8,4.41,4.69,0.622,0,0,3,5,0
290.56,15,0,0.38,0.42,2.74,1,0,0,6,0
5.41,8,8,2.42,0.51,1.246,1,1,0,10,0
20.41,10,0,0.73,0.27,0.969,0,0,1,10,0
57.8,2,7,67.07,47.77,11.416,0,1,3,10,1
31.64,10,4,3.5,19.05,0.958,0,0,0,10,0
92.49,17,8,8.1,13.86,0.737,1,0,2,9,0
45.79,0,9,11.39,0.9,1.14,0,0,0,7,0
15.06,12,5,4.4,1.98,0.445,0,0,1,6,0
125.28,15,5,4.44,5.08,0.648,0,1,1,4,0
23.58,15,4,24.74,4.71,0.523,0,1,1,4,0
154.86,14,0,15.32,6.54,1.04,1,0,1,1,0
204.34,21,6,17.55,1.54,0.836,0,0,0,2,0
39.03,15,8,11.17,0.06,0.685,0,0,0,5,0
12.45,11,3,9.01,16.12,0.524,0,0,1,3,0
29.25,21,2,1.52,6.79,0.761,0,0,1,7,0
33.73,14,8,10.87,4.55,1.102,0,0,1,7,0
26.32,9,0,33.02,9.42,1.13,0,0,1,4,0
128.24,15,9,2.52,1.72,0.661,0,0,2,4,0
24.4,8,6,6.91,1.32,0.649,0,0,1,5,0
11.36,11,4,15.94,11.21,1.67,0,0,0,8,0
13.34,8,0,2.21,4.07,0.433,0,0,1,3,0
16.6,18,5,5.94,7.18,1.267,0,0,1,6,0
17.06,10,4,0.39,8.35,0.776,0,1,1,5,0
100.16,13,1,19.09,3.67,0.966,0,0,1,3,0
35.41,8,1,0.91,8.65,0.82,0,0,0,2,0
85.89,18,0,10.1,1.48,2.881,0,0,1,4,0
40.42,20,6,12.4,7.46,0.723,0,0,0,11,0
46.3,18,8,14.05,8.39,0.992,0,0,0,4,0
50.82,18,4,0.91,4.01,0.948,0,1,2,5,0
85.59,18,7,9.43,7.42,0.719,1,0,5,6,0
38.54,23,3,19.27,0.25,0.723,0,0,1,6,0
79.56,7,0,8.76,0.17,1.251,1,1,1,5,0
69.5,10,7,10.53,0.5,1.244,0,1,0,8,0
25.38,6,6,1.75,0.33,1.05,0,0,2,3,0
23.17,16,3,17.6,9.08,1.441,1,0,1,4,0
26.6,19,0,9.57,0.93,1.189,1,0,2,6,0
23.1,18,3,10.77,0.69,0.979,1,0,1,8,0
154.9,20,2,6.02,10.44,0.749,1,0,0,4,0
50.68,12,6,25.65,3.27,1.929,1,0,0,5,0
7.35,20,8,0.55,5.75,1.024,1,0,1,8,0
148.61,9,1,16.01,6.13,0.936,1,0,0,6,0
34.72,23,5,9.61,4.88,1.735,0,0,2,6,0
90.55,15,2,8.05,6.61,1.633,0,0,0,5,0
50.49,13,8,7.04,3.54,0.746,0,1,2,5,0
24.94,12,5,1.11,2.12,0.837,1,0,2,7,0
38.99,7,1,4.39,1.74,2.501,1,0,0,4,0
28.02,14,7,0.92,2.18,0.831,0,0,0,3,0
17.62,10,0,10.75,10.34,2.416,0,0,0,5,0
192.22,8,9,9.18,5.14,1.337,1,0,1,6,0
26.92,17,2,1.43,1.32,2.326,0,0,0,3,0
63.21,8,3,0.66,13.3,0.572,0,1,0,7,0
26.4,11,1,1.29,1.68,1.168,0,0,1,10,0
12.58,21,5,1.93,1.87,1.413,1,0,2,7,0
102.18,1,3,6.36,11.74,0.659,0,0,2,4,0
58.29,17,8,4.01,3.24,1.991,1,0,1,7,0
24.31,7,3,13.78,1.34,1.164,0,0,3,4,0
35.06,3,5,132.75,11.52,10.28,0,0,5,14,1
5.95,17,4,1.41,0.92,1.101,0,0,1,7,0
655.41,23,5,36.5,4.08,0.809,0,0,3,2,0
54.61,13,5,0.82,0.1,0.736,0,0,0,3,0
29.04,18,3,1.19,0.95,1.456,1,1,1,2,0
2.58,17,0,4.43,15.92,1.091,1,1,0,7,0
88.72,20,9,10.68,3.07,0.565,1,0,1,3,0
22.53,12,5,5.35,13.62,1.336,1,0,2,1,0
40.88,14,0,1.16,5.76,0.695,1,0,1,3,0
51.96,12,1,6.55,6.47,1.047,0,0,1,6,0
32.42,18,2,39.14,9.59,0.969,0,0,1,6,0
18.62,22,8,3.49,7.2,0.865,0,0,0,4,0
20.5,20,4,1.38,2.8,1.251,0,0,1,4,0
24.39,20,7,6.45,4.29,0.734,0,0,2,4,0
22.94,1,5,2.1,5.98,1.062,0,0,0,4,0
82.56,7,2,19.54,7.62,0.674,0,0,0,1,0
10.36,22,3,15.75,11.79,0.604,0,0,0,3,0
70.78,11,9,6.86,1.68,1.387,1,0,1,6,0
44.2,17,0,1.89,2.04,0.683,0,0,1,5,0
7.2,20,6,7.85,5.27,0.719,1,0,1,5,0
22.47,10,4,4.0,1.44,0.906,0,0,1,3,0
4.75,14,1,0.11,6.4,1.534,1,0,0,7,0
9.11,10,5,3.94,0.08,0.876,1,0,0,10,0
44.94,16,5,3.09,0.45,1.608,0,0,0,7,0
16.79,9,8,1.43,0.26,1.13,1,0,0,8,0
29.53,9,6,4.08,2.38,1.559,0,0,2,3,0
28.49,10,6,12.75,4.0,0.562,1,0,1,8,0
18.73,10,3,0.69,5.98,1.961,0,0,3,4,0
112.96,0,4,7.91,8.87,1.004,0,0,0,4,0
130.14,14,3,13.07,5.85,0.605,0,0,1,5,0
14.2,11,8,5.71,1.99,1.381,1,0,0,3,0
47.79,17,7,5.97,0.36,1.42,0,0,2,4,0
65.38,14,0,1.11,1.41,0.529,1,0,0,7,0
16.19,11,3,7.59,7.1,0.979,0,0,2,2,0
336.18,17,3,3.42,0.43,1.438,1,1,0,2,0
0.9,7,5,1.32,4.95,1.201,0,0,1,2,0
52.63,9,6,3.08,2.95,0.662,0,0,0,4,0
20.93,15,0,2.42,6.24,0.772,0,1,0,5,0
37.08,20,3,10.49,3.01,0.752,0,1,1,5,0
33.06,9,2,6.69,5.01,1.126,1,0,0,2,0
57.51,14,3,11.93,4.58,0.846,1,0,0,2,0
50.52,1,2,8.17,10.24,0.895,1,0,1,1,0
3.31,8,8,9.17,4.46,1.22,0,0,0,8,0
69.76,19,1,2.0,4.07,0.551,0,0,0,1,0
51.82,9,9,4.76,2.18,0.891,0,0,1,3,0
25.13,14,2,1.46,5.22,0.894,1,0,1,2,0
19.77,10,7,6.81,21.91,0.952,0,0,1,3,0
5.69,9,9,0.77,0.71,1.493,0,0,1,5,0
134.21,8,8,10.26,1.74,0.642,1,0,0,2,0
11.27,10,3,7.59,2.67,1.134,0,0,1,7,0
39.12,12,4,0.97,6.22,0.806,0,0,1,8,0
31.06,19,3,1.87,15.95,0.78,0,0,1,9,0
10.19,11,2,7.21,2.7,1.858,1,0,2,9,0
9.45,16,3,1.19,7.77,0.974,0,0,1,3,0
24.21,10,1,4.15,0.44,2.225,0,0,2,10,0
82.11,21,0,3.5,3.29,1.847,1,0,1,6,0
292.56,3,9,64.54,33.93,7.849,1,1,5,13,1
134.56,12,4,1.99,0.45,1.227,0,0,0,7,0
3061.54,1,6,40.32,50.56,5.54,0,1,2,16,1
22.76,16,8,8.11,5.18,1.056,1,0,1,4,0
41.39,16,4,2.45,4.59,0.517,0,0,3,1,0
3.52,21,4,1.94,1.07,0.646,0,0,1,7,0
23.16,18,5,0.14,1.39,0.763,0,0,0,7,0
6.41,19,5,5.63,13.38,0.606,0,1,1,5,0
58.54,14,2,2.9,2.04,0.667,0,0,0,7,0
26.49,18,0,10.51,5.48,1.609,0,0,0,2,0
36.5,9,9,0.03,0.02,0.757,1,0,0,6,0
37.59,10,2,7.74,3.28,1.099,0,1,1,4,0
101.23,13,4,0.29,4.28,0.555,0,0,2,4,0
89.73,18,9,3.32,2.29,0.668,0,0,0,1,0
17.4,14,7,2.95,0.56,1.222,1,0,1,5,0
59.61,3,1,7.45,6.95,0.964,0,0,0,4,0
63.46,12,7,9.93,6.98,0.403,0,0,1,3,0
56.74,12,0,5.49,1.64,1.662,0,0,1,5,0
213.96,18,3,7.83,2.59,0.753,1,0,0,1,0
17.65,12,1,17.04,1.6,2.682,0,0,4,2,0
21.9,10,1,1.35,0.8,1.563,0,0,1,6,0
28.88,20,2,3.91,9.84,0.711,1,0,1,6,0
27.46,12,0,20.14,7.16,0.819,0,0,1,6,0
14.41,14,8,7.21,3.19,0.429,0,0,3,4,0
66.28,16,1,0.09,14.72,0.741,0,0,0,5,0
31.09,7,0,15.77,0.41,2.156,0,0,0,6,0
37.63,21,4,5.11,11.3,1.453,1,0,0,7,0
128.72,14,5,4.15,6.24,0.734,0,0,0,4,0
15.85,13,7,5.09,1.13,1.654,1,1,2,4,0
22.39,10,2,9.23,13.75,2.057,0,0,0,5,0
32.09,18,4,21.73,0.9,1.502,0,0,0,1,0
8.29,12,1,14.8,0.5,0.913,0,0,1,5,0
48.83,15,4,5.14,10.07,1.291,0,0,0,5,0
28.5,16,1,0.01,0.05,0.861,1,0,1,4,0
13.79,7,1,6.63,5.83,1.247,0,0,0,7,0
74.68,14,0,0.2,14.79,1.992,0,1,2,4,0
52.26,18,9,26.01,0.61,1.322,0,0,2,5,0
38.86,11,4,28.12,0.22,0.816,0,0,0,5,0
137.07,15,9,10.49,1.84,0.612,1,0,0,4,0
160.16,18,4,5.05,8.91,1.302,1,0,1,3,0
220.81,10,3,16.36,1.58,1.423,0,0,1,3,0
165.33,21,0,1.95,3.81,0.811,0,0,1,8,0
38.93,9,1,1.29,5.77,1.314,0,0,0,7,0
27.98,23,3,0.5,12.76,0.818,1,0,1,5,0
22.2,20,1,4.42,15.46,0.963,0,1,2,2,0
20.34,12,0,9.67,0.59,1.323,0,0,0,8,0
50.05,11,6,0.6,0.79,2.049,0,0,2,9,0
6.78,6,0,7.98,5.53,1.851,1,0,0,10,0
31.88,17,8,18.38,1.98,1.242,0,0,1,1,0
385.79,12,3,23.29,0.73,1.388,0,0,2,4,0
12.62,15,2,1.74,10.33,0.514,0,0,0,2,0
42.26,12,7,11.61,5.08,1.369,0,0,1,5,0
42.15,22,8,8.78,6.37,1.147,1,0,0,4,0
26.37,12,3,14.47,4.52,1.354,0,0,0,2,0
6.31,12,2,12.18,2.83,0.942,1,0,0,4,0
20.93,11,8,0.94,0.28,0.845,0,0,2,2,0
19.31,12,4,2.65,6.76,1.062,1,0,0,3,0
32.47,12,9,5.15,2.86,0.696,1,0,0,2,0
33.92,16,2,5.74,4.13,1.074,0,0,0,6,0
54.23,8,6,4.99,6.23,1.145,0,0,0,6,0
99.88,0,5,9.05,5.35,1.075,0,0,1,6,0
11.14,9,1,7.29,2.56,1.11,1,0,1,1,0
25.31,9,3,30.35,3.63,0.734,1,0,0,8,0
42.39,6,6,23.53,3.65,0.604,0,1,0,6,0
5.74,6,8,11.81,3.68,0.835,0,0,0,5,0
107.97,8,3,6.89,0.66,0.854,0,0,1,5,0
34.5,22,0,3.76,2.07,1.015,0,1,1,5,0
7.56,20,9,7.54,0.73,0.74,0,0,0,3,0
45.47,9,3,0.41,16.45,1.55,0,0,0,5,0
74.22,17,3,9.21,1.93,0.919,0,1,0,6,0
9.09,12,3,8.45,5.51,0.943,0,0,0,5,0
92.41,0,8,2.04,14.49,2.91,0,1,2,15,1
28.86,13,3,8.97,15.32,1.609,0,0,0,3,0
18.1,12,2,3.77,0.76,0.737,0,0,0,8,0
44.55,13,0,7.07,3.48,1.178,0,0,0,5,0
188.45,12,1,4.72,8.24,1.303,0,0,1,5,0
103.77,15,0,1.31,8.31,1.128,0,0,1,1,0
36.66,15,2,0.81,2.16,1.954,0,0,1,6,0
267.32,9,1,15.37,0.84,0.58,0,0,1,7,0
20.14,16,6,7.31,7.15,0.966,1,0,0,6,0
21.85,16,9,1.12,0.68,0.679,1,1,1,3,0
38.21,11,5,2.5,1.01,0.635,1,1,0,6,0
83.39,13,3,3.98,8.02,0.941,0,0,0,1,0
22.74,10,1,15.38,1.41,1.516,0,0,1,4,0
31.32,14,9,16.87,1.22,1.418,0,0,4,7,0
10.3,22,0,3.52,0.65,0.77,0,0,4,3,0
15.99,19,5,3.5,6.48,1.588,0,1,0,4,0
9.43,12,7,1.17,2.5,0.955,0,0,0,6,0
186.33,19,8,10.95,5.29,1.813,0,0,1,3,0
26.16,10,8,3.88,0.42,0.821,1,0,1,6,0
12.48,18,7,20.97,6.46,0.668,0,0,3,4,0
18.23,16,9,15.29,16.13,0.483,0,0,2,7,0
7.88,10,6,13.41,8.42,1.071,1,0,2,6,0
106.66,2,7,106.81,16.22,1.005,1,1,1,5,1
116.97,19,9,23.61,4.82,1.867,0,0,1,5,0
99.62,20,4,2.2,2.23,0.967,0,0,1,5,0
144.8,13,2,2.7,3.23,1.035,0,0,1,10,0
27.29,10,7,21.85,4.17,1.175,0,0,1,9,0
11.58,12,0,2.35,6.23,1.021,0,0,0,4,0
91.41,17,3,2.92,6.17,0.777,0,0,0,5,0
3.75,7,3,10.6,14.01,1.467,0,0,0,3,0
17.3,19,4,7.77,1.55,1.275,0,0,2,7,0
94.54,3,3,4.24,1.7,0.784,0,0,1,6,0
95.33,12,4,2.57,3.88,1.45,0,0,0,1,0
35.02,22,7,15.47,9.3,1.392,0,0,0,6,0
22.04,9,0,2.26,0.06,1.78,1,0,2,2,0
263.86,20,1,2.7,3.45,1.411,1,0,3,6,0
18.95,18,0,4.25,0.53,1.022,1,0,1,3,0
29.09,12,3,8.34,0.62,1.02,1,0,0,10,0
127.85,18,2,16.02,6.74,1.163,0,0,4,8,0
76.86,9,0,2.65,1.37,0.862,0,0,1,2,0
81.34,17,3,17.09,1.18,0.374,0,0,2,2,0
14.99,18,0,13.86,10.03,1.934,1,1,0,3,0
32.57,10,9,11.05,0.98,0.819,0,0,2,3,0
21.2,11,6,4.01,11.69,0.959,0,1,1,2,0
4.2,17,4,16.84,8.18,1.764,1,0,1,6,0
118.44,20,6,18.99,3.82,0.956,0,0,0,6,0
28.39,10,0,1.21,5.57,0.913,0,0,0,8,0
6.85,15,0,1.51,5.66,0.9,0,0,1,8,0
22.37,8,0,26.77,1.14,1.485,1,0,1,4,0
6.81,10,0,5.56,0.49,0.723,1,1,1,3,0
22.42,16,1,8.34,2.74,0.413,0,0,0,7,0
46.17,10,2,24.64,8.61,0.71,0,1,1,2,0
38.88,18,2,9.01,6.25,0.552,1,0,1,2,0
31.5,15,7,5.94,3.18,3.21,1,0,2,4,0
67.32,12,5,13.8,1.98,1.907,1,0,1,5,0
24.41,19,0,7.52,5.47,1.181,1,0,1,2,0
76.54,21,5,5.45,0.07,1.437,0,0,1,6,0
14.31,19,5,9.56,7.95,1.734,0,0,1,5,0
186.41,8,0,2.09,2.16,0.821,0,1,3,6,0
51.66,21,9,2.71,0.81,0.918,0,0,1,9,0
100.19,17,0,6.49,1.79,2.137,0,0,0,5,0
23.05,13,3,3.4,0.89,1.509,0,0,0,6,0
44.38,15,1,35.31,7.29,1.582,0,1,1,5,0
20.34,11,7,16.73,13.26,1.4,0,0,2,9,0
35.22,15,0,15.21,6.55,0.841,0,1,0,6,0
52.24,22,9,3.76,10.69,2.01,0,0,1,6,0
15.22,17,7,6.36,1.08,1.196,1,0,0,6,0
31.08,9,7,4.77,5.33,1.018,0,0,0,4,0
52.8,10,2,1.02,4.39,1.534,0,0,0,6,0
69.33,16,4,10.61,0.54,1.022,0,0,1,4,0
1.62,15,2,0.02,17.5,1.043,0,0,1,4,0
80.02,11,3,3.8,1.5,0.737,0,0,1,9,0
86.08,20,2,3.95,7.16,1.074,0,0,3,3,0
36.01,9,8,12.61,2.23,1.265,0,0,2,7,0
159.77,11,0,5.5,8.54,1.136,0,1,1,9,0
58.59,15,6,4.53,2.59,0.67,0,0,1,7,0
56.24,12,3,13.51,2.43,0.888,0,0,2,2,0
10.78,2,4,3.47,1.35,0.799,0,0,1,6,0
11.06,9,0,13.79,0.71,0.879,0,0,0,5,0
220.91,15,9,0.54,5.36,0.75,0,0,1,5,0
268.59,18,8,26.75,0.35,0.547,0,0,0,4,0
46.61,12,2,7.13,2.32,0.639,1,0,0,1,0
16.8,20,4,8.33,0.49,1.008,0,0,0,5,0
18.61,18,5,0.76,0.09,1.066,0,0,1,6,0
41.02,11,1,5.64,8.39,0.64,1,0,1,8,0
55.21,8,5,1.45,1.17,1.032,0,0,1,6,0
115.53,12,4,3.75,10.96,1.334,1,0,1,11,0
129.05,19,1,2.35,9.24,1.186,0,0,0,5,0
48.48,9,0,1.69,8.67,0.717,0,1,3,3,0
96.73,8,1,0.11,0.6,1.148,0,1,1,7,0
12.27,14,4,2.48,6.05,1.244,0,0,1,5,0
80.79,12,3,0.74,2.92,0.629,0,0,0,7,0
295.84,17,2,1.97,2.66,1.0,0,0,1,4,0
9.09,8,0,15.51,6.07,1.266,0,0,1,5,0
42.09,8,2,15.42,2.97,0.86,0,0,1,4,0
23.64,13,3,0.1,1.95,0.382,0,0,0,2,0
50.09,16,3,8.47,14.89,1.344,0,0,0,6,0
28.5,21,0,18.97,2.14,3.866,0,0,1,5,0
61.9,17,0,3.62,2.31,0.759,0,0,1,3,0
5.64,23,0,2.41,3.52,2.073,0,0,1,4,0
52.81,19,9,16.36,2.05,1.352,0,1,0,8,0
10.28,20,9,2.39,11.18,1.709,0,0,1,6,0
24.01,15,9,0.29,0.75,1.147,0,0,1,6,0
17.83,23,0,3.05,1.73,1.628,1,0,2,5,0
38.35,22,5,0.28,5.56,1.746,0,0,2,4,0
28.87,14,1,14.19,2.39,1.234,1,0,0,3,0
5.46,21,8,27.5,0.78,0.851,0,0,1,4,0
13.51,18,0,7.33,1.51,0.76,0,0,0,8,0
19.8,11,0,0.01,21.06,1.224,0,0,2,7,0
30.31,20,9,14.2,1.24,0.802,0,0,1,2,0
31.77,13,2,4.54,8.69,0.368,0,0,1,4,0
22.02,3,9,1.18,0.43,0.572,0,0,0,5,0
12.9,0,0,7.98,5.08,0.894,0,0,1,7,0
26.58,18,5,11.62,3.51,0.943,1,0,2,1,0
75.2,12,8,16.93,0.2,1.021,0,0,1,7,0
19.58,15,8,5.65,4.7,0.866,0,0,0,3,0
53.01,17,1,1.76,5.67,0.848,0,0,1,5,0
16.14,18,0,3.43,0.44,0.89,0,1,1,6,0
12.57,9,8,9.7,7.26,1.21,0,1,0,8,0
17.97,21,6,13.31,2.99,0.658,0,0,0,4,0
110.67,15,1,4.82,3.16,0.713,0,0,2,1,0
68.78,18,1,9.3,5.97,1.245,0,0,1,5,0
29.86,11,1,20.51,6.4,1.045,0,0,0,6,0
169.88,19,0,3.24,6.78,1.035,0,0,0,9,0
56.28,9,9,1.24,6.17,1.156,0,0,1,6,0
1.77,8,6,8.58,3.74,2.058,0,0,1,3,0
21.86,13,0,2.45,3.21,0.766,0,0,1,5,0
11.75,10,1,7.08,0.57,1.695,0,0,1,5,0
21.01,21,8,5.74,5.88,1.261,0,1,2,3,0
162.3,19,1,24.23,3.18,1.086,0,0,0,3,0
17.46,7,8,18.23,0.88,1.492,0,0,0,3,0
15.85,21,1,6.43,0.17,1.532,0,0,1,4,0
163.78,2,9,10.28,2.37,1.833,0,0,0,2,0
152.63,23,1,0.05,7.61,0.623,1,1,0,5,0
7.26,14,1,10.95,5.11,0.942,1,0,0,4,0
20.97,9,9,10.69,0.82,1.288,0,0,0,4,0
113.95,12,1,8.46,14.35,0.98,1,1,0,5,0
4.83,10,5,21.17,5.06,0.674,0,0,0,5,0
16.7,12,4,0.05,2.15,1.056,1,0,1,4,0
3.5,17,3,24.58,19.1,1.814,1,0,1,7,0
38.08,10,4,10.22,0.47,0.644,1,0,2,4,0
7.54,18,0,2.27,4.11,0.598,0,0,0,2,0
44.3,11,6,19.8,0.56,0.746,0,0,0,5,0
25.6,13,0,11.96,0.75,1.013,0,0,1,7,0
13.14,19,7,2.45,6.17,0.468,0,0,0,3,0
45.93,11,1,8.43,1.94,0.471,0,0,1,3,0
17.31,10,0,7.01,5.23,1.391,0,0,0,4,0
82.61,17,5,7.63,2.02,0.51,0,0,0,2,0
27.37,1,2,3.36,5.45,1.344,1,0,0,2,0
60.87,11,1,1.92,0.07,1.274,0,0,3,5,0
11.87,10,5,11.84,2.24,1.135,0,0,0,8,0
130.8,11,8,7.64,2.6,1.358,0,0,0,2,0
78.58,16,4,2.98,0.06,0.486,0,0,1,6,0
53.51,19,2,8.62,5.53,0.409,0,0,0,2,0
41.12,10,5,13.62,1.38,0.897,1,0,0,8,0
10.41,21,1,27.56,5.89,0.516,0,0,0,5,0
4.86,9,9,2.41,0.35,0.987,0,0,0,7,0
25.09,18,0,11.12,1.64,1.653,0,0,2,4,0
142.92,12,5,29.35,0.77,0.626,1,0,1,4,0
29.21,12,9,3.32,7.95,0.987,1,0,0,4,0
271.86,18,3,20.67,3.09,1.89,0,0,0,5,0
47.65,15,4,9.5,2.68,0.49,1,0,2,7,0
90.66,19,1,10.38,12.46,0.868,0,0,1,6,0
64.63,12,5,4.52,1.02,1.688,0,0,1,6,0
29.38,16,1,2.92,1.81,0.936,0,0,0,4,0
35.59,9,5,1.98,0.59,0.827,1,0,0,3,0
17.86,15,7,7.95,3.21,0.894,0,0,0,5,0
19.5,19,3,19.14,0.8,1.134,0,0,1,4,0
7.51,11,5,3.38,7.59,1.562,1,0,1,4,0
86.69,13,0,4.73,9.61,1.134,0,1,1,5,0
29.32,19,7,4.11,6.87,1.876,1,0,0,4,0
15.29,13,5,8.64,3.98,0.935,0,0,0,9,0
56.42,9,2,4.59,0.15,0.875,0,0,0,6,0
34.38,21,6,7.77,6.89,0.558,0,0,0,4,0
36.34,20,0,7.95,12.03,0.626,0,0,2,3,0
11.35,18,8,1.01,21.46,1.498,1,0,1,6,0
19.73,18,6,3.62,9.55,0.686,1,0,0,6,0
17.53,20,3,21.88,1.26,0.76,0,0,0,5,0
5.59,10,3,8.79,0.94,2.752,0,0,1,4,0
31.23,18,7,6.86,12.47,0.268,0,0,1,7,0
106.62,14,5,9.94,3.96,1.604,1,0,2,4,0
19.07,13,6,1.01,2.36,1.254,0,0,0,2,0
218.7,8,7,2.83,4.93,1.712,0,0,2,4,0
17.35,10,5,2.56,3.27,1.323,0,0,0,8,0
83.57,23,4,16.77,0.55,1.099,0,0,0,6,0
259.25,11,8,17.12,8.13,2.049,1,1,1,6,0
12.11,9,5,10.95,0.44,0.626,0,0,2,5,0
115.32,17,5,6.98,4.67,1.031,0,0,0,5,0
44.14,20,8,1.07,1.23,0.926,1,0,0,10,0
86.08,21,1,2.77,8.24,0.7,1,0,0,7,0
38.88,11,5,3.34,0.59,0.861,0,1,1,8,0
50.58,13,5,21.61,9.0,1.586,0,0,1,3,0
37.5,16,5,8.54,2.07,0.623,1,0,1,6,0
17.21,9,4,11.57,3.74,1.287,1,0,2,4,0
213.59,16,6,1.31,3.41,0.767,0,0,0,2,0
51.34,18,2,25.64,1.66,2.096,1,0,2,4,0
15.63,18,5,0.06,1.13,1.309,0,0,0,4,0
46.01,10,2,6.45,1.18,0.736,0,0,0,2,0
40.77,11,8,34.86,2.35,1.469,0,0,3,5,0
36.53,11,5,15.95,6.08,0.953,0,1,0,7,0
175.75,10,1,0.2,1.85,1.07,0,0,0,9,0
74.11,13,9,0.57,0.13,0.579,1,0,1,2,0
9.68,22,0,4.69,2.75,0.459,1,0,2,3,0
53.92,13,3,10.52,10.41,1.577,0,0,1,10,0
136.21,17,5,0.79,5.18,1.333,1,0,0,12,0
55.43,7,0,8.92,2.67,1.356,0,0,2,7,0
47.83,20,2,19.65,3.28,1.359,1,0,1,8,0
14.18,13,7,2.48,5.88,0.856,0,0,2,7,0
11.82,16,0,2.85,3.55,1.609,1,0,2,4,0
9.04,11,0,11.2,13.08,0.962,0,0,0,3,0
34.07,18,2,5.32,1.32,1.167,0,0,1,3,0
23.5,18,0,13.8,4.7,1.732,1,0,0,5,0
92.68,20,0,16.27,6.4,1.214,0,0,0,6,0
166.87,16,5,16.8,12.89,0.704,0,0,2,4,0
25.42,13,4,17.57,1.34,1.174,0,0,1,2,0
26.14,19,6,5.4,1.43,0.863,0,1,1,6,0
127.3,12,5,3.12,3.5,0.896,0,0,0,5,0
15.58,7,4,7.23,1.89,0.572,1,1,0,2,0
14.1,7,3,3.75,0.38,0.484,0,0,2,5,0
13.18,16,9,8.52,10.43,0.608,0,0,2,4,0
41.81,20,9,1.0,1.03,1.882,0,0,0,6,0
301.83,12,1,13.54,1.0,1.007,0,0,0,3,0
24.36,12,0,9.49,1.75,0.58,0,0,2,5,0
29.35,14,2,7.74,0.55,1.043,0,1,1,2,0
94.45,17,5,1.92,4.49,3.099,0,0,0,7,0
20.19,23,0,2.81,2.85,1.667,0,1,1,2,0
35.1,21,5,0.12,3.25,0.944,0,0,0,5,0
45.32,11,8,2.03,8.62,3.408,0,1,0,8,0
73.75,9,3,3.83,0.83,1.104,0,0,0,3,0
40.35,13,8,8.48,2.97,1.34,0,0,1,1,0
4.49,11,3,21.49,2.04,0.818,0,0,0,2,0
48.0,19,8,11.69,5.87,0.889,1,0,2,3,0
14.02,15,9,0.71,0.59,0.535,0,0,1,4,0
69.07,10,9,10.3,8.92,0.865,0,0,1,5,0
135.22,18,8,39.08,1.73,0.652,0,0,0,4,0
16.67,14,7,5.42,8.13,0.603,1,0,0,8,0
37.75,19,4,0.26,7.72,0.847,1,0,2,7,0
129.58,8,0,22.6,0.92,0.48,0,0,0,4,0
57.71,20,1,3.19,22.21,1.019,0,0,1,3,0
40.71,15,1,2.28,0.42,1.232,0,0,0,12,0
64.45,19,1,6.42,11.47,0.865,1,0,0,3,0
46.42,8,6,0.15,14.94,0.422,0,0,0,5,0
14.66,15,0,3.27,0.89,1.058,1,1,1,8,0
6.82,16,7,0.88,4.3,1.715,0,0,1,1,0
74.75,1,8,16.65,17.11,1.196,0,0,1,3,0
9.24,23,0,5.38,0.95,0.992,1,0,1,2,0
44.78,16,4,15.89,4.84,0.809,1,0,0,7,0
20.54,15,7,4.83,0.9,0.742,0,0,3,6,0
30.81,18,0,10.09,1.68,0.818,0,0,1,3,0
78.27,18,7,16.67,12.9,0.776,0,1,1,7,0
36.94,13,9,4.92,0.24,0.755,0,0,2,5,0
40.49,7,8,9.27,19.38,1.085,0,0,1,6,0
26.1,18,1,15.76,4.02,2.079,0,0,1,5,0
58.54,11,0,9.47,0.42,1.449,0,0,0,3,0
111.97,21,5,11.01,8.84,1.022,0,0,0,5,0
67.25,12,2,10.27,0.36,0.705,0,0,0,2,0
31.2,9,0,13.11,16.98,0.804,1,0,3,9,0
24.54,9,8,17.0,15.59,1.341,1,0,1,8,0
21.51,14,9,9.3,3.29,2.012,0,0,0,7,0
20.26,9,7,5.54,1.12,0.978,0,0,1,7,0
217.46,9,8,3.13,0.45,0.542,0,0,2,7,0
32.32,11,0,5.83,8.15,0.642,1,0,0,6,0
10.17,11,1,8.74,13.37,1.536,0,0,0,4,0
52.41,9,4,6.52,9.13,1.235,0,0,0,4,0
162.36,17,3,4.86,4.83,1.62,0,1,1,5,0
25.61,22,6,35.02,6.11,1.173,0,0,0,4,0
68.55,13,6,1.0,5.69,0.908,0,1,0,3,0
131.39,19,0,9.23,6.02,0.477,0,0,2,5,0
31.25,10,0,1.82,0.14,0.48,0,0,0,3,0
39.18,14,3,7.97,9.73,1.346,0,0,1,4,0
54.21,12,8,5.69,5.64,1.095,0,0,1,5,0
13.99,10,5,1.87,2.79,1.094,0,0,0,4,0
57.82,12,2,13.29,19.54,0.552,1,1,1,3,0
27.36,14,1,4.84,16.46,1.765,0,0,0,5,0
2.72,11,9,2.67,4.37,0.645,0,0,0,5,0
92.12,11,2,14.25,9.88,1.431,0,0,1,3,0
331.5,23,6,2.95,1.58,0.945,0,1,0,6,0
294.15,9,6,0.36,2.66,1.56,0,0,1,9,0
24.49,22,1,4.69,6.76,0.697,0,0,1,8,0
62.95,23,6,29.23,0.17,0.705,0,0,0,9,0
15.69,19,8,7.55,5.17,0.677,0,0,2,2,0
719.73,6,6,9.61,7.2,1.166,0,0,0,4,0
56.91,13,1,17.47,2.55,0.988,0,0,1,5,0
20.81,16,7,32.87,6.14,0.43,0,0,2,4,0
29.82,18,8,1.87,15.42,1.317,0,0,0,3,0
8.12,10,7,0.49,4.68,1.282,0,0,2,5,0
15.64,20,2,18.56,3.35,1.286,0,0,1,5,0
300.81,16,0,9.81,3.99,1.399,0,0,1,2,0
27.22,17,5,17.78,16.7,1.825,1,0,0,8,0
11.07,19,9,0.53,3.51,0.735,0,0,0,2,0
31.08,13,3,4.61,8.87,2.926,0,0,1,8,0
63.26,8,0,1.25,2.43,0.512,1,0,3,8,0
14.94,18,7,11.46,1.65,0.631,0,0,2,3,0
68.96,14,3,9.02,5.37,0.427,0,0,0,3,0
109.96,8,4,9.79,7.0,1.431,0,0,3,7,0
25.4,8,6,8.05,15.77,1.161,0,0,2,3,0
65.78,12,3,16.58,4.88,0.855,0,1,1,7,0
30.7,11,6,6.95,10.76,0.766,1,0,1,7,0
41.13,11,4,2.79,1.11,1.217,0,0,0,4,0
20.95,11,1,1.15,8.26,1.31,0,0,1,8,0
6.48,21,0,1.04,10.16,0.981,0,0,0,6,0
48.97,21,1,1.14,0.1,1.47,0,1,1,4,0
332.92,10,3,7.38,0.74,1.385,0,0,0,5,0
96.98,15,1,11.34,6.02,0.973,0,0,1,6,0
10.18,0,1,31.69,0.06,0.475,1,1,0,4,0
24.92,20,4,12.15,5.91,1.066,0,0,0,5,0
4.64,9,2,35.59,2.13,1.921,0,0,0,6,0
22.2,13,2,1.77,3.37,1.374,0,0,1,7,0
121.01,0,8,9.38,8.67,0.568,0,0,1,2,0
10.13,10,6,0.21,17.46,1.106,0,0,1,4,0
26.71,18,7,2.85,3.24,0.665,1,1,0,5,0
50.82,2,5,13.46,3.38,0.682,0,0,0,5,0
29.14,19,7,16.08,2.34,0.62,0,0,0,8,0
65.75,12,4,8.82,0.54,0.568,1,0,0,5,0
3.68,11,7,3.52,4.47,0.755,0,0,1,5,0
22.53,9,2,7.93,0.18,1.084,1,1,0,1,0
19.77,14,3,2.88,2.5,0.659,1,1,1,10,0
67.78,12,4,5.37,2.9,1.06,0,0,1,9,0
34.75,19,8,13.94,2.81,1.326,0,0,0,3,0
173.51,22,5,5.39,0.63,1.238,1,0,2,0,0
8.6,21,5,2.24,5.15,0.605,0,0,2,2,0
8.33,13,5,5.87,0.79,0.968,0,0,1,7,0
33.99,17,5,1.77,4.95,0.694,0,0,1,8,0
335.18,12,8,1.47,0.62,0.85,0,0,2,9,0
30.29,8,3,23.75,0.27,2.886,1,0,2,3,0
7.37,19,2,1.96,7.42,1.097,1,0,0,1,0
20.68,11,0,1.05,7.18,0.703,0,0,0,3,0
38.48,15,6,22.87,0.51,1.639,0,0,1,0,0
61.9,17,1,1.59,13.43,0.569,0,0,1,8,0
57.59,7,2,9.09,4.03,2.207,1,1,1,5,0
157.26,19,0,29.21,4.87,0.938,0,0,1,6,0
50.25,17,9,12.25,1.09,0.271,0,0,1,2,0
110.67,22,0,15.07,4.77,1.317,0,0,2,6,0
20.78,15,1,1.68,0.1,1.007,1,0,0,3,0
24.65,15,1,6.37,3.49,0.676,0,0,1,2,0
14.69,12,1,0.9,1.09,0.834,0,0,0,4,0
164.9,11,1,1.04,7.1,1.011,1,0,2,4,0
91.84,15,0,5.92,2.79,0.737,1,0,1,8,0
13.07,13,5,3.66,7.17,0.955,0,0,1,5,0
23.13,12,4,3.91,0.78,0.648,0,0,2,7,0
181.17,10,0,7.77,10.13,1.536,0,0,0,1,0
11.04,8,4,1.77,4.37,0.853,1,0,0,6,0
78.44,16,4,2.13,0.5,1.775,1,1,1,3,0
33.78,8,4,0.58,10.17,0.775,0,0,0,4,0
26.4,0,3,1.43,1.07,1.212,1,0,3,7,0
2.4,11,1,0.25,2.03,1.124,1,0,3,4,0
38.69,19,0,15.14,2.23,1.629,0,0,0,2,0
416.58,22,6,73.53,44.93,14.365,0,1,1,9,1
36.16,18,9,3.74,0.54,1.44,0,0,2,5,0
5.9,15,3,0.5,5.01,0.523,0,0,1,7,0
37.66,15,7,4.15,5.81,0.912,1,0,0,9,0
3.97,8,9,1.76,12.19,1.029,1,0,1,6,0
151.61,18,9,0.26,0.69,0.873,0,0,0,3,0
20.61,11,4,9.01,0.79,0.602,1,0,0,4,0
57.72,12,8,0.84,2.85,1.295,0,0,2,3,0
22.35,7,2,4.91,1.05,1.59,0,0,1,8,0
30.74,21,5,3.57,2.83,1.063,1,0,0,7,0
41.48,15,7,11.04,7.25,1.984,1,0,0,6,0
50.32,16,7,8.22,2.61,0.625,1,0,0,3,0
34.9,21,3,18.08,0.88,0.99,0,0,0,6,0
23.69,7,0,3.08,29.42,0.765,0,0,0,10,0
81.42,15,3,10.28,6.77,0.869,0,0,0,9,0
105.35,19,7,3.33,10.55,0.779,1,0,1,6,0
24.31,19,3,35.46,2.64,1.206,0,0,0,3,0
14.1,14,1,6.58,9.04,1.156,1,0,0,3,0
22.1,8,5,13.52,0.57,0.697,0,0,2,3,0
6.33,12,6,4.32,8.51,1.479,0,0,1,6,0
48.22,18,0,4.27,0.27,0.543,0,0,2,6,0
22.53,5,0,8.17,10.01,1.375,0,0,2,4,0
56.2,16,2,52.64,4.19,2.224,0,0,1,8,1
46.98,13,7,0.05,32.22,0.897,0,0,1,3,0
227.3,14,4,4.34,3.29,1.39,1,0,0,5,0
43.49,9,5,17.72,0.83,0.887,0,0,1,4,0
10.01,18,0,11.16,1.62,1.794,0,0,0,6,0
6.52,13,8,8.78,0.91,1.201,0,0,0,4,0
41.64,10,8,2.05,11.52,0.422,0,0,2,8,0
67.8,15,7,14.95,0.5,1.271,0,0,2,5,0
31.06,12,5,29.05,11.79,1.018,0,0,0,3,0
64.25,7,4,0.11,6.12,0.719,1,0,0,4,0
16.56,7,7,2.36,0.42,0.906,0,0,0,1,0
52.24,11,3,6.88,5.68,0.781,0,0,1,7,0
48.04,10,5,1.17,5.53,0.543,1,0,1,3,0
8.25,11,4,5.74,2.55,0.863,0,0,0,6,0
7.76,11,4,4.92,14.11,1.152,0,0,0,7,0
29.22,8,0,0.2,2.3,2.676,0,0,2,2,0
7.65,18,0,3.97,21.07,0.973,0,0,0,6,0
26.29,10,6,7.02,20.31,0.904,0,0,2,9,0
27.86,20,4,3.03,5.79,0.741,1,0,1,1,0
120.44,20,4,25.79,60.93,2.181,1,1,2,13,1
85.28,11,2,7.57,0.72,0.619,0,0,0,4,0
123.41,12,2,2.8,14.9,0.751,1,0,1,4,0
47.58,17,4,6.49,0.59,1.722,0,0,0,12,0
15.28,13,4,4.89,8.03,1.054,0,0,0,4,0
10.74,8,0,0.96,14.34,1.491,0,0,2,11,0
10.71,16,7,4.95,4.34,0.728,0,0,2,0,0
148.76,13,0,11.7,7.32,0.796,0,0,0,4,0
92.98,22,9,20.49,1.54,0.946,0,0,0,1,0
31.1,19,7,31.42,4.91,1.608,1,0,1,4,0
14.05,12,5,2.44,3.91,1.197,1,0,2,2,0
45.29,15,1,12.48,5.64,0.56,0,0,2,4,0
117.05,20,4,7.52,3.08,1.024,0,0,2,8,0
36.36,15,0,1.76,1.74,0.851,0,0,0,2,0
140.75,10,7,3.43,2.02,1.03,1,0,0,7,0
9.64,9,7,2.91,0.03,2.591,0,0,0,4,0
4.83,18,5,11.41,2.59,0.786,0,0,0,5,0
33.22,15,3,6.68,9.23,2.304,0,1,0,5,0
483.3,22,6,34.83,49.65,7.611,0,0,2,5,1
45.06,8,4,25.28,8.86,1.618,1,0,0,4,0
177.04,13,4,1.98,2.0,0.386,0,0,1,8,0
269.3,15,3,7.16,4.46,0.724,1,0,0,2,0
103.99,12,0,7.01,7.21,0.899,0,0,0,4,0
3.27,11,2,13.88,2.46,1.218,1,1,0,9,0
49.64,20,1,11.7,5.78,0.964,0,0,0,8,0
80.09,11,2,5.66,10.7,1.174,0,0,2,2,0
133.22,9,1,1.46,15.89,0.829,0,0,1,7,0
26.86,18,2,15.72,9.88,1.185,1,0,1,1,0
7.43,21,3,40.77,7.43,0.957,1,0,0,5,0
56.69,15,0,0.12,4.2,1.041,0,0,1,3,0
353.33,13,1,7.29,3.95,0.815,1,0,0,3,0
11.26,13,2,3.84,3.1,0.836,0,0,1,7,0
10.01,7,6,10.76,5.94,1.143,0,0,0,5,0
12.31,21,6,4.88,0.32,1.651,0,0,2,4,0
11.18,17,1,11.09,4.59,1.464,0,0,1,2,0
57.21,22,2,5.88,1.11,0.815,1,0,2,1,0
34.5,16,1,4.74,1.29,0.841,1,0,0,4,0
107.47,18,2,0.21,0.05,0.557,1,1,1,10,0
45.84,13,7,7.84,5.94,0.765,0,0,1,4,0
10.47,17,9,10.41,0.42,1.111,0,0,1,6,0
22.89,14,0,8.38,4.2,1.073,0,0,2,6,0
87.87,18,4,3.17,7.79,1.21,0,1,1,6,0
14.75,10,9,3.38,2.76,0.741,1,0,1,2,0
30.11,7,8,17.66,3.86,0.685,0,1,1,9,0
26.87,17,0,14.55,5.05,0.961,0,0,0,2,0
12.41,13,7,9.0,1.38,0.541,0,0,0,4,0
132.73,17,4,5.06,1.48,1.787,0,0,1,4,0
39.82,18,0,22.92,2.15,0.883,0,0,0,3,0
9.76,22,7,1.84,3.18,1.152,0,0,3,5,0
48.78,19,0,4.38,4.08,1.501,1,0,1,4,0
107.69,13,1,4.07,8.63,1.247,1,0,0,0,0
60.35,15,7,7.19,1.55,1.235,0,0,1,7,0
11.12,12,9,0.88,5.17,0.698,1,0,1,7,0
158.13,5,3,22.58,2.03,0.933,0,0,1,6,0
38.22,21,0,1.81,0.24,1.111,0,0,0,7,0
12.29,14,3,8.75,0.4,1.223,1,0,0,4,0
32.22,11,4,10.24,1.12,0.735,0,0,2,5,0
27.56,19,6,3.61,4.06,1.306,1,0,0,8,0
30.34,0,3,9.0,11.23,0.668,1,0,0,4,0
77.45,18,7,4.84,0.66,1.709,1,0,0,5,0
49.3,10,6,2.45,2.96,1.512,0,0,1,4,0
94.2,21,7,0.1,4.14,0.708,1,0,0,5,0
66.45,12,8,37.76,16.23,0.595,0,1,1,7,0
127.35,16,5,18.45,4.54,0.915,0,1,0,5,0
23.45,21,4,0.03,13.39,0.908,0,0,1,3,0
23.69,13,1,3.66,14.56,2.409,0,0,0,5,0
42.07,10,9,2.01,4.12,0.655,1,0,1,5,0
17.18,2,3,12.72,19.4,1.686,0,1,1,7,1
32.16,17,7,2.68,0.16,0.884,1,0,1,6,0
38.22,16,1,11.91,0.2,1.301,0,0,2,3,0
94.82,20,9,4.7,8.36,2.26,1,0,1,5,0
24.45,18,3,1.48,3.61,1.367,0,0,1,1,0
6.43,9,3,8.89,8.75,1.251,0,0,2,3,0
80.16,11,3,24.46,2.29,0.664,1,0,0,5,0
27.99,14,5,0.07,6.4,0.568,0,0,2,7,0
35.46,11,4,2.32,10.27,1.17,0,0,0,3,0
25.86,15,7,0.29,0.18,1.955,0,0,1,9,0
49.75,18,6,13.59,0.78,0.506,0,1,1,3,0
18.31,10,4,9.06,2.44,1.066,0,0,0,5,0
38.84,20,3,3.27,7.58,2.074,0,0,0,7,0
6.03,14,6,0.89,2.29,1.245,0,1,1,6,0
1.8,8,5,0.29,0.73,0.478,0,0,1,4,0
31.4,16,2,6.0,3.37,0.83,0,0,0,5,0
70.44,13,8,4.85,3.26,1.439,0,0,0,4,0
40.21,17,2,9.78,2.6,0.85,1,0,1,6,0
151.43,12,7,5.38,11.1,1.529,1,0,0,9,0
14.58,16,7,29.93,25.5,0.666,0,0,1,4,0
13.81,14,1,1.41,1.52,2.195,0,1,0,3,0
23.9,13,5,8.51,4.73,1.357,1,0,0,8,0
29.29,18,3,7.14,6.07,1.87,0,0,1,8,0
25.13,14,6,11.56,10.04,0.973,0,0,1,3,0
6.98,17,5,0.12,1.07,2.191,0,0,1,4,0
5.9,20,9,13.94,2.84,1.355,0,0,0,5,0
6.89,23,6,17.53,6.68,0.698,1,0,0,4,0
30.12,10,2,3.8,6.43,0.966,0,0,0,2,0
15.42,7,0,4.82,9.98,0.71,0,0,3,3,0
86.42,14,7,1.93,0.15,1.403,0,0,2,4,0
126.09,16,1,3.46,4.22,0.472,1,0,1,5,0
7.17,4,8,4.75,4.0,0.472,0,0,1,6,0
17.71,10,8,7.2,15.79,1.284,0,0,0,4,0
26.75,12,4,0.53,2.04,2.455,0,0,2,7,0
20.3,17,8,12.72,5.35,0.463,0,1,0,6,0
92.47,18,4,4.03,0.05,0.852,0,0,0,4,0
248.03,11,8,6.42,4.53,1.063,0,0,0,3,0
71.46,10,1,0.44,13.19,0.476,0,0,0,6,0
1074.11,20,1,133.99,91.07,1.642,1,0,3,17,1
35.96,21,2,8.94,4.07,1.367,0,0,1,3,0
10.98,18,1,8.5,3.82,0.834,0,0,1,10,0
151.89,7,0,7.98,0.88,1.169,0,0,0,4,0
19.01,8,2,8.96,2.84,0.717,0,0,0,6,0
19.47,14,4,7.11,3.27,1.066,0,0,0,7,0
7.5,16,1,3.28,13.28,0.54,0,0,1,5,0
71.23,8,2,25.64,11.06,0.684,0,0,1,1,0
21.88,15,9,2.12,2.26,0.57,0,0,1,4,0
185.8,18,8,6.01,2.16,1.15,0,0,0,7,0
41.43,11,4,9.21,23.54,0.436,0,0,0,1,0
19.47,16,7,9.7,5.62,1.6,0,0,0,5,0
193.43,18,2,4.36,3.41,0.593,0,0,0,5,0
72.08,22,0,9.49,5.26,0.794,0,0,0,6,0
8.45,19,5,3.94,1.63,0.702,0,1,1,4,0
92.81,12,0,3.6,2.07,0.86,1,0,0,3,0
34.86,19,1,7.16,5.24,2.15,0,0,0,5,0
194.85,17,6,5.49,1.56,0.573,0,0,3,4,0
73.25,12,0,14.92,3.98,0.616,0,0,1,4,0
43.73,21,2,1.01,1.26,1.113,0,0,1,7,0
14.61,8,9,0.68,0.41,1.966,0,0,0,8,0
12.51,12,5,24.56,21.18,1.252,1,0,1,4,0
40.31,17,5,9.71,4.71,0.724,0,0,2,6,0
28.41,11,2,0.79,8.95,1.067,1,0,1,7,0
11.87,13,6,1.55,2.9,1.209,1,0,1,7,0
77.5,7,9,28.5,4.68,1.498,1,0,2,6,0
136.95,10,7,4.11,1.22,0.697,0,0,2,1,0
27.3,18,8,10.13,10.51,1.609,1,0,0,3,0
113.56,9,1,6.43,14.75,1.225,0,0,0,5,0
94.17,12,1,0.73,5.52,1.638,1,0,2,8,0
70.06,21,5,7.01,3.74,0.952,0,0,1,5,0
123.2,20,5,2.32,2.62,2.055,0,0,0,5,0
92.07,0,4,2.0,2.69,1.798,0,1,2,3,0
34.67,18,9,9.06,6.37,1.374,0,0,0,12,0
12.81,16,8,10.9,3.41,0.67,1,0,0,6,0
45.1,13,4,0.14,16.17,0.637,0,0,2,5,0
32.88,23,0,5.21,2.05,1.526,1,0,2,3,0
46.99,10,0,1.37,4.78,1.252,0,1,2,5,0
110.19,10,3,7.61,0.2,1.268,0,0,2,3,0
21.42,23,0,5.45,16.96,0.63,0,0,1,5,0
79.84,13,7,3.44,1.57,1.341,1,0,0,8,0
4.22,15,0,6.27,1.98,1.053,1,0,0,3,0
13.55,19,3,6.92,2.42,1.224,0,0,0,4,0
24.71,9,7,7.96,2.18,0.824,0,0,1,6,0
19.84,16,0,2.59,16.5,0.539,0,0,0,5,0
142.91,12,9,12.22,0.13,1.159,0,1,0,3,0
11.94,10,7,5.88,16.47,1.091,1,0,0,7,0
28.35,17,7,5.17,7.32,1.234,0,0,3,6,0
34.72,19,0,33.35,11.71,1.054,0,0,1,6,0
8.42,22,2,15.58,7.76,1.101,0,0,0,7,0
30.49,13,3,5.28,0.43,1.251,0,0,0,5,0
54.48,20,5,16.11,4.06,0.967,1,0,4,7,0
181.67,7,3,12.48,5.32,0.851,0,0,0,7,0
19.15,11,8,0.11,3.35,0.787,0,0,0,8,0
19.16,23,1,19.17,7.07,0.697,1,0,1,10,0
7.82,22,8,2.11,7.09,0.611,1,0,0,4,0
9.9,21,3,8.77,2.23,0.756,0,0,0,2,0
88.62,17,2,5.63,9.68,1.023,0,0,2,8,0
142.61,14,9,66.01,16.03,3.879,1,0,1,10,1
184.63,14,4,2.94,2.17,1.555,1,0,2,7,0
47.68,21,7,12.55,1.07,1.729,0,0,2,4,0
8.39,7,0,2.3,0.21,0.712,0,0,1,8,0
96.96,12,4,4.0,3.98,0.999,1,0,0,5,0
13.03,16,9,14.16,1.67,1.441,1,0,1,7,0
112.05,18,0,1.16,1.74,1.367,1,1,0,9,0
39.84,12,2,5.94,3.45,1.175,0,0,1,3,0
19.39,17,2,0.17,0.47,1.093,1,0,0,3,0
18.85,16,6,2.38,0.35,1.723,0,1,1,5,0
133.04,12,0,8.57,18.01,1.8,0,0,1,5,0
33.15,21,5,5.42,8.6,0.974,1,0,3,5,0
55.33,20,0,41.05,23.6,2.807,0,1,2,23,1
20.48,22,5,1.09,3.44,0.958,0,0,1,5,0
58.62,18,5,3.78,8.2,0.994,0,0,2,4,0
75.97,18,0,1.51,0.68,1.068,0,0,1,5,0
233.52,22,3,11.97,8.66,1.041,0,0,0,2,0
16.5,15,0,14.83,0.33,1.094,0,0,3,3,0
22.28,23,2,0.85,8.5,1.463,0,1,2,8,0
75.38,13,0,15.99,2.41,2.379,0,0,1,3,0
18.16,1,5,8.33,0.66,0.759,0,0,0,6,0
33.37,20,6,23.92,9.06,0.458,1,0,2,5,0
46.48,7,8,25.01,3.16,0.867,0,1,1,3,0
88.88,14,2,1.13,12.62,1.462,1,0,0,3,0
13.09,20,8,0.33,1.7,0.586,1,0,0,4,0
24.04,19,0,3.0,5.54,0.672,0,0,0,4,0
100.35,16,8,0.99,0.97,0.853,0,1,1,6,0
124.09,16,2,17.85,1.54,0.809,0,0,1,8,0
7.04,16,1,2.38,5.85,0.738,1,0,0,6,0
62.61,0,5,7.21,1.23,1.577,1,0,0,4,0
51.15,11,5,0.34,2.12,0.921,0,0,1,1,0
130.28,16,0,15.49,3.28,0.661,1,0,2,6,0
18.98,23,7,7.82,1.41,1.29,0,0,1,8,0
37.12,11,6,7.01,7.17,1.044,0,0,0,4,0
38.29,7,4,10.05,8.63,0.911,0,0,1,6,0
42.9,17,6,6.65,3.45,0.457,0,0,2,7,0
114.83,0,4,12.47,0.0,0.989,0,0,3,12,0
46.45,12,6,0.2,2.46,0.722,1,0,2,6,0
68.79,21,1,17.5,1.73,0.767,0,0,2,4,0
6.6,10,6,9.57,12.86,0.884,1,0,2,3,0
40.9,3,3,9.82,0.55,0.773,0,0,1,3,0
2.2,12,2,15.12,1.27,1.154,1,0,1,8,0
11.33,11,1,34.54,1.82,2.106,0,0,0,2,0
242.59,20,1,5.17,0.09,1.298,0,0,2,5,0
13.72,19,1,0.91,6.98,0.474,0,0,2,2,0
24.16,13,4,5.75,12.97,0.757,0,0,2,3,0
33.62,9,3,6.35,3.35,1.421,1,0,0,5,0
23.16,19,9,2.24,1.91,1.274,1,1,2,5,0
176.42,14,6,7.96,5.47,0.981,1,0,0,3,0
38.78,11,6,3.85,1.27,1.255,0,0,2,9,0
87.92,6,9,6.17,4.03,1.559,0,0,2,2,0
27.93,8,5,19.42,6.09,1.229,0,0,1,5,0
190.49,17,0,19.51,8.41,1.504,1,1,0,7,0
191.59,11,0,2.16,2.95,0.871,0,0,1,5,0
15.62,16,0,3.42,5.4,0.558,0,0,3,5,0
64.88,5,0,0.7,7.72,1.249,1,1,0,5,0
88.39,10,9,1.37,0.86,0.601,1,0,2,8,0
60.75,22,3,18.99,5.31,0.701,1,0,1,9,0
33.46,19,9,4.8,1.2,0.536,0,0,0,4,0
14.65,6,3,3.96,10.42,0.851,0,0,1,4,0
30.18,8,5,6.04,1.17,0.773,0,0,0,7,0
89.75,9,3,10.16,10.04,0.759,0,0,1,5,0
80.88,11,7,0.69,16.56,1.083,0,0,1,5,0
43.87,13,3,16.68,1.28,1.447,0,0,0,9,0
138.01,17,3,1.42,1.65,0.602,0,0,0,6,0
72.07,10,9,2.23,5.74,0.732,0,0,1,6,0
69.19,9,1,5.88,3.42,1.109,0,0,0,1,0
7.35,13,5,6.22,2.59,1.375,0,0,0,6,0
48.54,18,0,17.46,27.56,0.402,1,0,0,3,0
28.17,14,2,0.33,3.97,1.112,0,0,1,2,0
210.47,13,6,0.5,0.86,0.848,0,0,1,1,0
40.09,12,5,6.73,12.2,0.753,0,0,0,5,0
30.37,22,1,4.71,0.73,0.765,0,0,0,5,0
43.47,22,9,4.23,5.11,15.39,0,0,4,8,1
16.28,12,3,0.97,5.52,1.376,0,0,0,4,0
44.78,15,2,0.08,0.26,0.507,0,0,0,9,0
33.13,6,4,0.65,0.76,1.144,0,0,3,3,0
218.85,19,8,2.03,4.96,14.682,0,0,3,12,1
4.13,20,6,3.56,2.56,0.567,0,0,0,1,0
70.45,8,8,8.43,1.07,0.788,1,0,0,6,0
7.93,17,1,1.16,2.6,1.611,1,0,0,3,0
15.43,12,2,1.14,2.99,0.854,1,0,1,5,0
27.29,1,6,0.38,3.0,1.642,1,0,0,4,0
61.09,19,0,3.75,5.23,1.073,0,0,1,4,0
22.2,15,3,5.57,0.64,1.528,1,0,0,5,0
22.86,21,6,1.26,6.3,2.156,1,0,1,5,0
117.64,10,7,39.29,9.47,0.979,0,0,1,3,0
22.13,14,9,7.32,4.42,0.846,0,1,0,8,0
87.09,19,9,4.56,4.07,0.871,0,0,0,3,0
21.41,12,1,0.14,3.44,0.702,1,0,0,3,0
73.59,6,1,1.02,0.18,2.228,1,0,1,5,0
7.33,20,1,1.26,1.96,2.422,0,0,0,3,0
17.88,10,6,6.63,4.26,1.036,0,0,1,5,0
138.98,11,4,1.91,2.61,0.646,1,1,0,3,0
28.27,8,1,14.98,3.24,0.641,1,0,0,2,0
51.86,18,3,9.88,0.56,0.795,0,0,0,11,0
16.17,19,8,9.7,4.38,1.355,0,0,1,7,0
172.34,18,0,10.14,2.1,1.156,0,0,0,6,0
49.13,8,1,1.4,0.36,1.073,1,0,2,9,0
35.44,14,7,5.72,15.75,1.22,0,0,0,3,0
157.63,15,1,21.27,2.29,0.343,0,0,2,4,0
25.82,11,3,2.26,13.65,0.906,0,0,3,5,0
13.96,19,1,0.75,5.16,0.62,0,1,2,5,0
21.96,7,3,14.16,1.7,1.329,1,0,1,7,0
460.53,13,7,27.52,5.77,1.424,0,0,1,6,0
10.18,12,2,9.45,3.79,0.459,0,0,1,5,0
15.83,19,4,4.34,0.71,0.933,1,0,1,4,0
19.67,16,5,8.89,3.7,1.328,1,0,3,3,0
114.17,13,3,1.48,1.05,0.564,0,0,4,7,0
2.55,10,7,4.36,1.84,0.938,1,0,2,5,0
15.29,17,9,18.74,3.13,0.471,0,0,0,8,0
170.59,19,9,8.7,1.5,0.817,0,0,1,3,0
223.5,12,7,15.88,0.77,0.788,0,0,1,4,0
23.78,8,2,0.65,6.34,0.652,1,0,2,9,0
39.96,13,8,0.03,7.58,2.163,0,0,0,6,0
1.87,6,1,6.68,3.73,1.348,0,0,0,9,0
31.63,20,5,12.09,4.51,0.83,0,0,0,7,0
16.56,19,6,3.43,2.0,1.344,1,0,1,8,0
65.47,17,0,5.64,0.89,1.111,1,0,1,6,0
23.51,9,6,0.56,2.9,0.998,0,0,1,7,0
12.62,11,5,12.96,7.91,1.848,1,0,1,3,0
10.33,17,1,0.23,2.4,0.958,0,0,0,9,0
18.53,10,0,3.78,6.69,1.206,0,0,0,7,0
18.15,8,8,3.59,14.78,1.208,1,0,0,5,0
9.45,14,0,20.48,14.77,0.839,0,0,3,2,0
24.34,19,4,13.85,0.64,1.248,0,0,0,6,0
96.39,10,8,20.91,9.1,0.664,0,0,0,7,0
14.77,14,5,7.01,0.24,0.967,0,0,1,2,0
20.35,18,0,3.86,8.57,2.118,0,0,1,7,0
26.25,22,4,25.76,2.3,0.928,0,0,0,4,0
18.31,13,3,8.19,6.37,1.737,0,0,1,7,0
69.42,8,0,5.43,3.89,1.156,0,0,1,7,0
27.53,14,9,10.12,2.63,1.44,1,0,0,2,0
63.58,16,0,2.05,0.05,1.923,0,0,1,6,0
46.48,7,4,0.66,3.31,2.073,0,0,0,10,0
40.23,18,3,4.91,11.25,0.66,0,0,1,6,0
33.86,7,6,0.84,4.9,0.489,0,0,1,10,0
20.16,17,7,2.87,7.79,1.635,1,0,0,9,0
65.46,23,0,1.18,9.1,1.941,1,0,1,5,0
41.48,5,0,4.82,3.58,0.834,0,0,0,5,0
110.59,13,0,3.45,0.07,1.358,0,0,1,4,0
22.95,18,2,6.5,1.11,0.897,0,0,0,5,0
11.04,15,9,2.64,4.95,0.871,0,0,1,4,0
26.07,8,6,18.13,2.64,1.326,0,0,0,4,0
75.6,10,2,15.2,3.23,1.023,0,0,3,6,0
39.92,14,4,9.42,4.74,1.038,0,0,0,13,0
81.78,15,5,3.97,3.07,1.311,0,0,1,8,0
50.89,6,1,13.68,15.23,0.76,0,0,1,1,0
26.29,9,7,2.82,1.92,1.333,1,0,0,7,0
47.56,11,1,12.16,6.4,0.771,0,0,0,4,0
34.41,18,6,6.08,1.71,1.408,1,0,1,6,0
9.81,9,3,19.16,0.14,1.282,1,0,0,9,0
54.83,19,8,2.62,2.28,0.829,0,0,2,6,0
103.56,10,9,45.36,1.34,1.767,0,0,1,5,0
12.09,10,2,1.71,0.89,0.745,0,0,0,3,0
46.17,15,3,1.27,1.34,1.851,1,0,1,1,0
14.3,19,5,8.31,0.99,1.836,0,0,1,2,0
18.17,16,6,1.16,1.98,0.493,0,0,1,5,0
32.92,15,5,3.0,15.15,0.466,1,0,2,5,0
62.68,15,5,3.91,0.42,1.101,0,0,1,1,0
48.29,17,6,22.44,2.0,0.994,0,0,1,4,0
14.88,13,0,0.98,7.21,1.35,1,0,0,5,0
170.44,20,7,6.72,5.0,0.809,0,0,2,1,0
40.22,15,2,18.46,14.22,1.099,1,0,0,5,0
623.69,12,0,20.1,12.33,2.414,1,1,0,6,0
29.68,7,4,2.97,6.75,0.623,0,0,1,4,0
61.66,22,9,4.07,0.22,1.582,1,0,0,2,0
8.28,10,6,1.85,1.55,0.602,0,0,0,1,0
99.38,2,1,6.21,24.44,0.855,1,0,0,5,0
5.62,11,2,23.32,1.1,1.049,0,0,1,5,0
15.37,13,5,1.96,9.86,0.791,0,0,1,5,0
27.18,0,4,3.26,1.75,0.883,0,0,2,0,0
26.06,16,5,5.96,7.13,1.05,0,0,0,7,0
55.49,12,6,2.3,7.15,2.077,0,0,2,3,0
225.56,9,3,7.43,1.24,1.219,0,0,0,3,0
48.4,18,9,4.42,1.47,1.626,0,0,0,6,0
143.52,16,4,5.39,1.6,0.978,1,0,1,5,0
18.08,19,2,3.02,2.01,1.284,0,0,0,6,0
18.0,17,4,5.4,4.09,1.156,1,0,1,3,0
24.92,12,5,8.4,2.89,1.397,0,0,2,6,0
44.79,21,5,12.01,0.91,0.839,0,0,2,5,0
41.29,16,2,0.9,3.23,0.615,0,0,1,5,0
152.1,17,6,5.22,2.98,1.083,0,0,0,5,0
161.97,11,1,1.02,1.91,0.421,0,0,2,6,0
37.49,12,5,10.48,9.84,1.45,0,0,1,6,0
12.8,22,2,1.9,3.84,1.843,1,0,0,4,0
5.51,22,8,0.1,2.66,0.572,0,0,2,3,0
17.64,15,0,5.29,0.1,0.396,0,0,1,3,0
51.02,15,2,13.33,1.24,1.144,0,0,2,2,0
7.61,15,2,20.35,2.54,0.855,1,1,2,7,0
66.61,18,2,0.88,7.47,1.337,0,0,0,9,0
6.12,15,7,18.75,11.15,0.68,0,0,0,6,0
131.64,12,7,3.91,27.38,0.851,0,0,0,3,0
25.45,11,0,8.66,2.06,0.591,0,0,0,6,0
33.82,5,8,0.73,7.93,0.625,0,0,2,7,0
20.93,13,8,0.55,0.66,1.599,0,0,0,8,0
523.04,18,0,12.34,0.62,1.104,1,0,0,7,0
16.63,17,5,0.98,3.21,1.04,0,0,1,6,0
13.48,19,4,5.38,3.86,0.626,0,0,1,5,0
3.81,10,4,36.42,2.37,1.519,1,0,1,6,0
63.81,21,5,11.12,0.79,0.929,0,0,1,5,0
60.92,14,6,8.36,12.57,1.491,1,0,1,3,0
75.03,10,3,6.71,13.77,0.589,0,0,0,6,0
59.89,9,8,8.97,0.31,0.772,0,0,1,2,0
20.1,14,4,1.46,19.48,1.33,0,0,1,7,0
25.31,19,0,1.29,0.2,0.522,0,0,0,5,0
13.61,8,4,4.19,1.9,0.655,0,1,1,4,0
26.46,8,5,11.22,11.43,1.173,0,0,0,4,0
54.87,19,7,14.22,9.43,0.67,0,0,0,3,0
36.13,12,2,12.97,0.41,1.298,1,0,1,5,0
224.08,18,8,19.57,4.41,0.706,0,0,2,6,0
40.25,9,5,3.93,9.86,1.145,0,0,0,3,0
39.66,20,3,1.51,8.83,1.034,0,0,2,7,0
8.59,7,6,21.43,6.71,1.265,0,0,1,9,0
61.3,18,9,5.32,1.26,1.79,0,0,1,7,0
80.33,17,5,0.73,0.09,1.172,0,0,0,7,0
23.67,16,1,9.82,3.7,1.143,0,0,0,3,0
34.12,20,7,9.18,5.12,1.118,0,0,0,1,0
138.88,21,1,1.36,1.42,1.583,0,0,0,3,0
11.42,20,8,0.1,0.81,0.753,0,0,0,6,0
26.11,11,2,5.76,7.11,1.114,0,0,1,5,0
19.34,10,1,0.77,12.64,0.595,0,0,2,7,0
3.75,11,6,36.74,5.06,1.699,1,0,0,7,0
46.11,21,1,2.22,1.59,1.788,0,0,0,3,0
18.82,17,8,23.85,0.98,1.66,0,0,0,3,0
61.15,11,4,15.54,2.24,1.254,0,0,1,3,0
10.03,17,0,2.27,1.37,1.21,0,1,1,5,0
28.22,20,3,9.55,0.11,1.13,1,0,0,4,0
22.46,16,0,43.38,1.13,1.278,1,0,1,10,0
23.67,12,0,7.19,7.71,0.933,0,0,1,5,0
98.62,16,9,22.07,13.79,0.833,1,0,1,3,0
31.13,13,5,3.76,1.08,0.73,0,0,0,7,0
68.52,18,7,10.84,4.1,0.831,1,0,0,2,0
15.04,16,0,10.35,11.0,0.759,1,0,0,3,0
24.48,10,3,1.22,1.46,0.495,0,0,0,1,0
20.78,16,2,41.21,4.65,1.245,1,0,2,4,0
9.83,12,3,3.19,7.37,1.176,0,0,1,4,0
33.35,1,2,0.57,4.54,2.485,1,0,2,3,0
129.36,20,5,14.53,11.52,0.679,0,1,1,4,0
15.9,17,7,5.63,3.97,3.066,1,1,0,5,0
11.94,13,7,5.52,1.25,1.197,0,0,0,8,0
12.76,18,5,0.15,0.21,0.751,0,0,1,4,0
4.78,18,5,2.09,3.96,0.941,1,0,0,4,0
13.13,13,3,17.39,1.96,0.809,0,0,2,2,0
24.9,11,2,0.71,0.44,0.781,0,1,0,9,0
17.94,11,8,6.82,0.73,0.299,0,0,0,7,0
214.32,10,5,4.23,5.22,0.509,0,1,0,2,0
26.39,15,7,3.37,2.39,1.94,1,0,0,6,0
6.98,14,0,8.3,3.86,0.746,0,1,0,4,0
54.49,21,0,0.8,7.77,0.855,0,0,1,5,0
13.08,21,5,4.0,14.47,1.058,0,0,0,7,0
49.73,10,3,11.99,1.26,0.807,0,0,1,6,0
18.1,12,2,13.03,21.17,1.013,0,0,2,6,0
98.67,10,2,1.23,6.95,0.791,0,0,0,5,0
49.0,12,4,0.47,3.1,1.537,0,0,0,7,0
221.97,9,8,10.5,16.73,0.777,0,0,0,6,0
17.65,8,4,2.79,0.54,0.795,0,0,0,8,0
151.9,8,1,1.44,7.36,0.73,0,0,0,2,0
41.23,18,4,16.44,3.55,0.813,0,0,1,5,0
31.16,7,2,3.05,0.86,0.94,0,1,0,6,0
75.39,20,6,0.77,6.67,1.449,0,0,0,7,0
32.6,0,9,30.62,6.99,0.734,1,0,4,7,0
6.51,22,9,147.11,34.18,3.725,1,0,2,11,1
12.79,16,7,3.46,0.07,1.658,1,0,0,11,0
61.44,12,3,0.02,2.78,1.867,0,0,3,3,0
14.31,13,0,6.18,1.62,1.101,0,0,0,4,0
142.07,20,7,22.94,11.81,13.12,1,0,4,11,1
101.45,19,9,0.53,1.92,1.866,1,1,1,6,0
32.05,12,5,0.5,16.29,0.852,1,0,1,4,0
20.88,11,1,13.43,0.7,1.262,1,0,1,6,0
30.0,19,1,6.28,5.24,1.131,0,0,0,4,0
103.15,14,1,10.54,5.08,1.399,1,0,0,6,0
10.7,20,1,20.97,1.06,1.415,0,0,2,4,0
94.69,20,7,6.37,16.81,0.85,1,1,0,5,0
25.63,16,0,1.48,15.16,0.976,1,0,0,8,0
256.1,23,5,102.39,20.67,1.814,1,0,2,11,1
23.81,4,0,0.89,11.18,0.676,0,0,0,3,0
40.48,13,0,5.77,4.42,0.902,0,0,1,6,0
67.98,2,1,20.28,7.03,1.445,0,0,0,5,0
14.23,1,4,12.19,8.41,1.38,0,0,1,3,0
7.98,18,0,2.46,6.42,0.931,1,1,0,7,0
170.82,20,3,6.15,5.25,1.277,0,0,0,7,0
11.73,18,7,7.28,12.73,0.458,0,0,1,4,0
41.07,10,2,6.42,4.92,1.081,0,0,0,4,0
61.91,12,5,12.89,0.96,0.409,0,0,0,10,0
140.8,18,4,24.0,0.54,0.62,0,0,1,3,0
250.28,9,5,4.61,15.44,0.466,1,0,0,7,0
22.53,17,8,9.27,3.93,0.94,0,0,1,3,0
177.95,22,5,13.01,2.61,1.013,1,0,2,8,0
13.53,14,2,12.79,0.32,1.594,1,0,0,4,0
256.91,10,0,20.65,3.19,0.732,1,0,1,7,0
37.58,23,1,1.1,2.87,0.873,0,0,0,2,0
26.5,17,3,12.23,13.84,0.909,1,0,1,10,0
132.47,10,4,2.51,1.18,0.648,1,0,1,6,0
43.04,20,4,0.9,1.53,0.688,0,0,1,4,0
15.56,18,1,2.25,0.19,1.024,0,0,0,3,0
83.09,12,1,13.22,13.63,0.918,0,0,1,4,0
87.38,18,2,3.83,7.95,1.017,0,0,0,7,0
161.5,23,0,15.03,4.52,1.304,0,0,0,7,0
22.51,19,5,2.48,0.09,1.275,0,0,0,6,0
11.53,11,0,14.39,7.4,0.911,0,1,0,4,0
3.78,8,0,17.59,3.25,0.995,0,0,0,4,0
106.31,12,6,0.96,14.3,1.303,0,0,1,6,0
33.09,17,4,5.42,2.27,0.464,0,0,2,6,0
15.94,8,3,0.48,2.12,0.436,1,0,1,6,0
56.44,18,0,7.5,5.44,0.717,1,0,0,5,0
26.48,19,0,0.49,0.26,1.694,0,0,1,5,0
54.98,22,0,0.61,8.52,1.498,0,0,0,2,0
56.32,13,4,6.07,14.46,0.345,0,0,0,4,0
95.58,19,5,0.17,3.96,1.072,0,0,0,5,0
42.71,6,3,5.45,0.92,0.75,0,1,1,7,0
12.53,11,7,1.59,1.62,1.014,1,1,3,5,0
69.55,11,6,22.05,1.82,0.877,1,0,0,4,0
26.68,14,0,8.87,1.91,0.949,0,0,0,10,0
102.4,21,8,58.37,2.68,2.201,0,0,1,3,1
45.03,8,0,2.52,3.9,1.659,0,1,0,7,0
30.29,9,8,1.33,7.93,0.83,0,0,1,12,0
33.72,20,7,3.28,10.02,1.202,1,1,1,7,0
110.38,20,5,7.2,0.17,2.294,0,0,2,4,0
38.53,11,0,17.89,5.31,1.362,1,0,0,1,0
90.7,17,3,1.21,6.38,1.148,0,0,0,4,0
145.03,10,3,2.89,3.41,0.753,1,1,1,3,0
82.97,18,2,8.32,3.05,1.084,1,0,1,5,0
32.29,11,7,0.48,4.17,0.977,1,0,1,4,0
14.91,8,8,0.45,2.5,1.873,1,0,0,5,0
81.59,18,9,5.96,9.65,2.225,0,0,0,2,0
39.56,13,7,19.74,3.87,1.09,0,0,1,4,0
50.44,21,5,1.91,15.55,1.17,0,0,0,3,0
43.84,15,8,0.9,0.66,0.538,0,0,0,4,0
50.5,12,8,3.16,5.61,0.96,0,0,0,9,0
62.03,11,4,13.52,3.27,1.04,0,0,0,10,0
36.49,20,7,9.27,2.0,0.944,0,0,3,1,0
183.41,19,5,14.87,3.81,0.808,0,0,0,6,0
6.58,14,2,3.59,0.6,1.025,0,0,0,4,0
35.32,17,6,12.43,0.72,0.845,1,0,1,4,0
37.47,18,6,0.85,3.55,2.279,0,0,3,9,0
69.84,11,1,4.64,3.13,0.93,0,0,0,5,0
12.45,7,8,2.44,8.91,0.872,0,0,1,7,0
55.44,8,3,1.65,6.39,1.099,0,0,1,4,0
26.57,14,3,0.79,0.38,0.78,0,1,1,6,0
46.47,15,1,8.99,0.68,0.673,0,0,0,6,0
11.25,19,5,7.97,9.94,0.444,0,0,2,2,0
37.18,18,0,2.54,1.14,1.084,0,0,1,3,0
28.14,17,6,12.32,5.97,0.44,0,1,0,7,0
17.69,23,0,7.29,1.3,0.678,0,0,3,3,0
18.94,20,7,4.67,18.62,0.771,0,0,1,5,0
65.58,18,4,6.06,0.14,1.07,1,0,1,6,0
18.87,11,1,1.17,7.31,1.38,1,0,2,4,0
39.83,7,0,11.38,4.16,0.85,1,0,0,6,0
100.75,15,0,0.62,3.04,1.963,0,0,0,3,0
20.02,17,8,25.6,3.53,0.816,1,0,1,6,0
327.32,2,0,40.03,0.12,0.693,1,0,1,4,0
225.26,19,9,3.02,17.71,0.689,0,1,0,0,0
7.73,14,1,7.27,4.72,1.539,1,0,0,4,0
28.28,22,1,10.63,1.28,0.627,0,0,0,2,0
31.35,19,2,0.15,0.66,0.935,0,0,0,5,0
22.63,19,5,14.62,1.99,1.48,0,0,0,6,0
18.87,9,5,0.35,4.1,1.109,0,0,1,10,0
33.97,18,4,9.36,3.34,0.96,1,0,0,4,0
41.17,11,1,5.27,6.72,1.23,0,0,1,2,0
136.15,15,0,21.15,3.1,2.01,0,1,0,6,0
82.96,12,5,13.48,2.07,1.4,0,0,3,2,0
10.52,21,9,15.22,4.75,1.117,1,0,1,4,0
35.32,19,0,12.03,0.29,0.734,1,0,1,8,0
70.73,13,7,3.72,2.39,0.889,0,1,0,7,0
27.65,18,9,9.46,1.92,0.449,0,0,1,4,0
10.02,10,3,2.05,3.3,1.577,0,0,0,1,0
27.05,22,2,13.3,2.98,0.742,0,0,2,5,0
42.96,17,3,0.51,6.13,0.511,0,0,4,6,0
20.58,12,0,19.81,0.97,1.033,0,0,2,4,0
20.59,7,9,12.06,5.68,1.498,0,0,0,2,0
46.17,9,6,0.03,16.37,1.318,0,1,0,2,0
9.14,21,9,2.14,1.71,1.309,0,0,0,4,0
30.7,17,1,12.23,2.65,0.871,0,1,1,9,0
80.77,14,0,1.6,5.93,6.423,0,0,2,9,1
76.9,11,2,5.18,6.35,0.74,0,0,0,4,0
17.95,17,2,1.82,2.23,0.706,0,1,1,8,0
216.19,15,6,6.28,2.09,2.098,0,0,0,6,0
35.15,10,2,5.27,1.75,0.733,1,0,2,6,0
49.36,2,1,1.89,3.71,2.007,0,1,0,5,0
47.48,11,4,0.04,1.68,0.401,0,0,1,3,0
18.72,22,7,1.22,1.5,0.95,0,0,0,6,0
217.27,17,8,13.05,18.37,0.698,0,0,1,8,0
30.32,17,7,0.86,1.64,0.96,0,0,1,3,0
105.57,14,5,4.23,14.43,0.929,0,0,1,5,0
66.44,10,1,2.78,2.6,1.193,1,0,1,7,0
29.63,10,8,8.71,8.06,0.506,1,0,2,4,0
24.98,11,6,22.98,11.23,0.795,1,0,2,6,0
27.57,10,1,15.12,0.53,1.343,1,0,1,8,0
60.41,13,1,18.75,5.05,0.909,1,0,0,2,0
5.71,14,8,4.74,0.61,0.917,0,0,2,7,0
7.55,15,3,3.44,1.69,0.962,0,1,2,5,0
15.29,12,4,3.6,0.44,0.852,1,0,2,1,0
15.82,18,0,24.25,2.64,0.872,0,0,0,2,0
40.24,13,0,2.06,3.29,1.449,1,0,1,4,0
23.65,20,3,7.11,9.27,0.65,1,0,0,3,0
25.56,20,5,4.96,0.49,1.387,1,0,0,8,0
120.38,9,6,6.4,4.74,0.708,0,0,1,7,0
26.45,20,2,6.31,4.28,0.755,0,0,1,10,0
279.51,13,1,3.89,1.1,1.29,0,1,0,8,0
24.52,13,3,27.83,4.27,2.252,0,0,1,4,0
36.02,19,2,9.5,5.09,0.852,0,1,0,4,0
30.13,7,0,7.63,0.86,0.862,1,0,0,2,0
12.11,18,5,2.39,5.74,0.693,0,0,2,2,0
27.43,21,0,6.95,0.76,1.77,1,0,1,6,0
11.28,8,7,3.01,7.95,1.041,1,0,1,2,0
20.42,12,0,0.53,0.67,0.523,1,0,2,7,0
68.85,13,5,11.69,2.45,1.734,1,0,0,3,0
16.3,12,0,7.73,0.69,0.869,0,0,0,8,0
28.88,21,5,2.86,4.1,0.757,1,0,1,3,0
5.05,13,8,8.09,8.38,1.013,0,0,2,6,0
38.25,17,3,1.84,7.3,1.042,1,0,0,3,0
7.92,20,1,1.82,0.43,2.15,0,0,3,1,0
73.2,11,8,6.21,1.29,0.733,0,0,1,4,0
7.22,14,5,0.34,2.05,0.49,0,1,0,6,0
114.76,9,2,20.22,0.05,0.544,0,0,0,10,0
87.37,20,4,14.72,3.56,0.784,1,0,1,9,0
81.26,18,2,13.62,4.71,0.581,0,0,2,1,0
76.2,14,2,3.96,10.63,0.419,0,0,1,2,0
41.21,2,4,3.45,5.88,1.052,0,0,0,5,0
2.74,20,2,29.8,1.82,1.516,1,0,0,5,0
36.48,11,2,18.09,0.07,0.616,1,1,1,6,0
58.97,11,9,5.59,2.61,0.563,0,1,0,4,0
119.56,17,0,2.07,4.38,1.272,0,0,0,4,0
15.39,10,8,4.19,9.0,0.62,0,0,1,7,0
12.93,16,7,36.02,2.4,1.306,1,1,0,4,0
10.24,18,2,2.29,4.0,1.035,1,1,2,4,0
14.38,18,1,4.17,0.09,1.129,1,0,0,6,0
126.53,20,5,16.77,0.0,1.012,0,0,0,4,0
296.02,13,9,4.63,10.74,1.263,0,0,1,2,0
40.19,13,0,17.32,5.17,2.161,0,0,0,3,0
40.39,17,8,3.15,3.59,1.018,1,0,0,4,0
107.03,13,3,20.53,8.7,0.824,1,0,0,5,0
22.77,17,5,2.1,4.1,0.799,0,0,1,4,0
8.83,23,5,2.66,21.27,0.913,1,0,1,3,0
75.33,19,8,1.39,2.67,1.077,0,0,1,5,0
99.2,7,1,16.8,3.45,1.105,0,0,1,2,0
3.05,15,4,0.42,21.7,2.314,0,1,0,6,0
10.14,12,6,2.07,1.6,1.356,1,0,0,4,0
91.97,21,5,0.91,1.61,0.655,1,0,1,7,0
39.11,18,0,9.63,6.81,0.58,0,0,1,4,0
33.9,16,0,6.8,1.07,1.091,0,0,1,6,0
39.73,19,0,2.9,1.2,1.268,0,0,1,4,0
12.03,17,3,7.42,0.53,0.604,1,0,0,2,0
14.49,12,2,7.91,0.7,1.538,0,0,0,8,0
14.99,13,9,1.36,1.09,1.478,0,1,2,2,0
60.98,19,9,12.71,5.25,0.915,0,1,2,4,0
191.51,14,0,7.15,4.55,1.088,1,0,0,2,0
2.93,16,4,2.92,2.83,1.233,0,0,2,1,0
20.77,0,7,24.45,1.05,0.634,1,0,0,5,0
3.49,21,0,0.59,0.84,1.113,0,0,0,3,0
10.08,18,1,2.36,1.54,0.618,0,0,2,3,0
37.09,10,2,9.07,1.61,0.926,0,0,3,4,0
6.68,10,8,1.08,1.43,1.384,1,0,1,4,0
31.17,15,4,1.7,4.33,1.055,0,1,1,2,0
30.7,13,5,18.19,9.11,0.777,0,0,0,4,0
182.61,9,0,12.38,2.89,0.631,1,0,0,2,0
32.68,15,2,6.01,2.75,0.975,0,0,0,5,0
49.0,1,9,1.6,10.62,0.514,0,1,1,5,0
89.63,18,8,0.26,1.96,1.47,0,0,1,6,0
131.26,20,5,3.41,4.21,1.032,0,0,0,4,0
168.41,16,1,2.21,1.75,2.435,0,0,0,5,0
40.22,9,0,0.47,10.17,2.007,0,0,1,4,0
152.28,7,5,102.49,11.72,5.143,0,0,5,10,1
72.23,15,8,3.73,1.22,2.531,1,0,0,2,0
36.59,11,0,6.49,12.18,0.673,0,0,0,2,0
25.73,11,0,12.98,2.66,0.717,1,0,2,4,0
93.85,0,0,9.13,0.38,0.62,0,1,1,4,0
43.98,16,4,11.07,14.79,1.118,0,0,1,3,0
43.44,12,8,10.88,0.26,0.95,0,0,0,4,0
4.46,13,3,10.45,6.46,0.859,0,0,0,3,0
28.58,22,3,4.31,13.52,1.164,0,0,0,8,0
11.07,8,0,2.48,3.16,1.103,0,0,1,6,0
3.55,3,7,13.21,95.3,5.228,1,1,1,22,1
51.49,16,0,5.61,4.65,0.352,0,0,1,4,0
59.55,16,2,1.96,2.44,0.577,0,0,0,8,0
55.13,17,0,1.83,2.34,0.745,0,0,0,3,0
15.5,10,9,10.65,9.37,0.513,1,0,0,10,0
10.47,18,8,14.83,1.16,0.836,1,0,2,4,0
58.78,16,7,2.57,1.65,0.763,0,0,2,6,0
25.98,10,4,0.9,6.44,0.976,1,0,0,8,0
21.24,21,5,2.69,0.5,1.259,0,1,0,5,0
25.46,16,1,13.85,2.96,1.119,0,0,1,6,0
35.37,13,0,2.88,20.15,1.469,0,1,2,5,0
81.64,13,1,5.4,6.0,2.402,0,0,0,4,0
10.45,12,4,7.28,0.35,0.574,0,0,1,8,0
43.88,16,5,10.47,10.38,0.909,0,0,1,5,0
33.76,12,7,12.1,11.79,0.673,1,0,1,9,0
39.7,10,3,3.86,3.39,1.58,0,0,1,1,0
46.58,16,0,0.43,6.57,1.751,1,0,0,6,0
5.51,11,0,0.02,1.72,0.736,1,0,0,3,0
15.57,13,2,1.01,1.03,0.717,1,0,0,3,0
27.55,18,8,8.74,3.03,0.831,0,0,1,5,0
20.91,18,9,2.34,1.69,0.506,0,0,3,2,0
6.79,12,9,21.47,2.82,0.814,1,0,0,5,0
116.25,19,0,5.62,4.42,1.613,1,0,0,11,0
22.65,14,2,2.38,4.62,2.146,0,1,2,9,0
63.33,9,1,0.18,0.88,0.807,0,0,0,4,0
51.51,9,0,12.84,0.65,1.089,0,0,2,7,0
34.23,17,0,0.11,4.69,1.069,1,0,2,8,0
44.76,12,0,3.63,0.69,1.323,0,0,0,5,0
34.79,6,5,8.13,1.13,0.846,0,0,0,5,0
121.83,18,8,4.29,3.16,1.153,0,0,1,5,0
83.78,11,5,0.12,17.03,0.875,0,0,1,8,0
170.57,8,7,8.57,1.07,0.6,0,0,0,2,0
29.08,17,1,3.15,2.05,1.635,1,0,1,5,0
36.01,7,8,13.85,4.44,0.888,0,0,0,7,0
20.85,20,2,22.87,3.45,0.64,0,0,0,5,0
159.12,0,8,3.34,1.54,0.651,0,0,1,6,0
86.31,19,5,15.16,9.4,0.892,0,0,3,5,0
8.74,17,1,11.03,3.98,1.229,0,0,2,6,0
19.6,13,2,1.55,3.47,1.392,0,0,0,5,0
59.64,9,2,15.41,6.3,2.134,1,0,0,5,0
6.69,14,0,0.92,12.91,1.905,1,1,2,6,0
47.11,9,8,1.74,7.09,0.541,0,0,0,3,0
10.44,8,6,2.94,0.87,2.474,0,1,1,2,0
19.14,12,5,2.32,1.05,1.286,0,0,0,5,0
29.13,20,8,22.05,2.02,2.337,1,0,0,9,0
123.67,18,6,1.06,6.67,0.949,0,0,2,4,0
22.45,7,9,12.28,3.07,0.906,0,0,0,5,0
12.13,0,7,18.79,3.35,0.428,0,0,1,10,0
12.36,16,2,3.12,3.67,0.684,1,0,0,8,0
21.87,16,8,4.61,2.22,0.774,0,0,0,14,0
55.16,10,7,9.46,6.89,1.077,0,0,0,7,0
22.34,12,0,4.12,0.84,0.48,0,0,0,4,0
25.82,21,9,2.47,4.31,1.129,0,0,3,4,0
24.54,13,4,3.83,10.06,0.955,0,0,0,4,0
32.33,9,6,14.03,5.99,1.673,0,0,1,2,0
12.96,7,0,0.46,3.04,0.481,1,0,1,7,0
13.43,10,3,4.51,8.4,0.73,0,0,3,4,0
11.05,8,4,8.14,13.46,1.142,0,0,0,6,0
302.08,18,2,6.55,1.76,3.034,0,0,1,8,0
277.15,12,0,9.32,6.72,0.966,1,0,2,5,0
83.48,18,9,8.36,0.6,0.427,0,0,1,3,0
1.64,13,1,7.83,4.15,0.604,0,0,1,4,0
48.94,10,2,6.51,8.61,0.61,1,0,0,4,0
18.94,12,4,8.61,3.74,1.102,1,0,0,6,0
87.68,14,4,8.26,12.9,0.916,1,0,2,5,0
20.84,18,9,1.3,1.15,1.052,1,0,1,3,0
125.1,11,5,7.48,8.75,0.587,0,0,2,5,0
40.47,18,2,1.36,2.54,0.999,1,0,1,5,0
53.93,23,3,5.23,6.48,0.366,0,0,1,8,0
146.07,20,5,10.9,8.72,1.191,0,0,1,9,0
9.59,13,4,24.45,1.21,0.774,1,0,3,4,0
58.63,20,5,7.71,9.6,0.872,0,0,0,6,0
128.45,14,5,21.01,6.75,0.968,0,0,0,6,0
39.84,7,7,8.2,14.59,0.49,0,0,2,3,0
20.81,11,8,0.66,12.3,1.118,0,0,0,5,0
2.21,20,2,6.92,1.86,0.748,0,1,3,5,0
44.48,19,8,9.29,3.84,1.443,0,0,1,2,0
62.9,12,8,6.49,2.52,0.965,0,0,1,0,0
20.52,13,2,3.71,0.0,1.044,0,0,2,8,0
105.22,18,3,9.09,0.0,1.636,1,0,0,4,0
9.62,17,7,27.84,1.16,0.683,0,0,1,7,0
3.91,21,2,25.5,5.15,1.585,1,0,0,4,0
43.1,13,8,2.73,3.29,0.792,0,0,0,4,0
12.43,18,3,2.03,2.11,0.598,0,0,1,4,0
32.39,12,7,16.21,3.16,0.861,0,0,1,3,0
34.6,8,9,12.04,0.23,0.492,1,0,1,4,0
19.17,14,4,2.15,4.03,0.597,0,0,1,2,0
9.18,8,0,6.43,6.2,1.274,0,0,0,6,0
100.7,19,8,5.04,13.39,0.88,0,1,0,6,0
5.25,10,1,12.69,1.14,0.953,1,0,3,6,0
59.95,17,4,3.62,7.24,1.381,0,0,0,5,0
44.72,9,2,5.28,4.52,1.133,0,0,0,3,0
71.08,8,4,2.36,0.46,1.173,0,0,0,4,0
74.69,10,0,0.07,1.55,1.384,0,0,0,4,0
134.19,9,0,8.11,13.72,0.993,1,0,0,4,0
43.71,8,0,16.23,4.05,0.711,1,0,0,3,0
10.65,9,0,16.04,8.98,0.399,0,0,1,4,0
12.26,10,0,0.42,1.39,1.487,1,0,3,4,0
83.77,13,3,0.83,2.77,1.11,0,1,1,5,0
17.34,18,0,4.96,1.36,0.712,0,0,0,3,0
20.09,8,1,1.05,3.35,1.124,1,0,0,2,0
27.29,19,4,1.69,1.61,1.254,1,0,0,4,0
19.87,18,6,2.0,0.42,0.455,1,0,0,3,0
61.97,10,5,2.55,3.42,0.856,1,0,1,1,0
39.98,13,2,1.96,6.13,2.197,0,0,0,5,0
84.15,10,1,1.68,1.55,0.617,0,0,1,6,0
17.51,8,9,3.89,5.46,0.761,0,0,0,5,0
57.76,16,2,15.72,5.28,0.977,1,0,0,5,0
5.65,20,5,0.87,3.92,0.971,1,0,2,8,0
180.63,13,9,11.34,4.02,1.189,0,0,0,4,0
191.07,1,9,178.63,0.94,4.679,0,0,3,17,1
7.83,11,1,7.89,3.95,0.792,0,0,1,7,0
22.7,15,9,9.85,3.03,0.994,0,0,2,6,0
71.89,22,4,16.14,1.3,1.213,0,0,0,3,0
78.56,11,5,6.0,5.37,1.106,0,1,1,4,0
15.2,16,3,21.98,4.03,0.772,0,0,0,7,0
28.96,21,4,6.48,1.01,1.196,0,0,0,5,0
11.49,17,0,5.19,3.09,1.483,1,0,0,7,0
45.11,21,7,0.34,0.42,0.752,0,0,2,5,0
15.87,18,9,20.15,2.77,1.327,1,0,0,6,0
53.64,13,3,3.34,7.78,1.271,0,0,0,8,0
4.63,18,1,0.25,1.7,0.756,0,0,0,3,0
21.33,14,8,13.07,10.07,0.829,0,0,2,5,0
277.21,22,4,3.72,1.27,1.104,0,0,0,5,0
34.26,10,3,31.05,6.54,0.329,0,0,0,3,0
1.73,13,5,1.26,10.1,1.405,1,0,0,6,0
612.88,12,5,6.83,5.25,0.903,0,0,0,9,0
35.11,17,5,11.96,3.89,1.199,1,0,0,3,0
77.1,10,1,13.12,4.81,1.278,0,0,0,5,0
23.08,15,7,0.57,11.0,1.632,0,0,0,4,0
14.07,10,4,1.04,6.64,1.497,1,0,1,4,0
78.11,16,0,5.04,9.24,0.559,0,0,1,5,0
14.62,16,7,6.95,16.02,2.566,0,0,0,7,0
17.63,16,0,1.83,3.01,0.712,1,0,0,8,0
151.4,17,6,0.41,9.23,0.568,1,0,0,5,0
22.7,11,0,5.42,11.41,0.853,0,1,0,2,0
16.12,14,8,3.25,0.24,1.109,0,0,3,5,0
140.74,16,3,7.61,10.05,0.901,0,0,2,1,0
40.84,13,3,7.22,4.0,2.548,0,0,0,6,0
33.04,15,3,6.62,5.54,0.902,0,0,1,6,0
191.0,11,5,4.98,0.82,1.074,1,1,0,4,0
8.13,18,7,2.36,0.81,0.809,0,1,1,3,0
30.32,12,6,35.75,4.79,0.821,1,0,1,6,0
35.86,20,3,11.76,2.02,0.772,0,0,1,4,0
24.59,11,5,10.19,1.33,0.729,0,0,2,5,0
67.74,7,5,35.6,6.44,0.67,1,0,1,6,0
182.11,10,1,14.47,1.39,0.997,0,0,1,5,0
32.34,14,9,9.16,9.23,0.872,1,0,1,5,0
29.78,23,2,2.25,0.05,0.782,0,0,1,8,0
23.47,16,8,0.96,1.43,0.733,1,0,0,2,0
134.0,10,7,5.71,2.44,1.156,0,1,0,2,0
20.38,5,6,58.9,12.19,9.265,1,1,8,18,1
28.02,17,7,13.72,9.69,1.836,1,0,0,8,0
6.94,18,5,8.82,9.02,1.225,0,0,0,9,0
5.31,8,9,12.92,1.93,0.875,0,1,0,9,0
38.17,14,2,5.38,1.55,1.576,0,0,2,7,0
18.07,16,5,1.37,2.08,0.553,0,0,0,7,0
34.29,9,5,9.44,3.81,0.924,1,0,0,8,0
22.45,17,3,12.05,10.18,1.206,1,0,0,5,0
50.19,8,9,2.98,13.14,0.974,0,0,0,5,0
7.81,15,0,0.63,5.72,0.499,0,0,1,5,0
219.3,10,2,5.31,4.87,1.92,0,0,1,2,0
4.59,0,3,1.76,2.48,0.565,0,0,2,3,0
75.22,14,9,1.61,1.64,2.498,0,1,1,3,0
14.18,22,0,7.41,1.42,1.044,0,0,0,6,0
40.67,11,9,15.29,5.64,0.861,0,0,1,1,0
26.08,17,1,11.35,7.29,1.035,0,0,1,2,0
23.43,14,7,3.13,1.46,0.939,0,0,1,4,0
42.41,18,2,3.15,2.86,1.265,0,0,1,7,0
10.26,16,5,4.94,0.56,1.648,0,1,0,9,0
44.75,22,3,2.75,2.72,0.521,0,0,0,5,0
39.72,9,2,6.08,1.66,1.989,0,1,1,6,0
41.74,14,8,9.97,0.82,0.547,0,1,0,2,0
80.44,7,7,1.0,2.03,0.809,0,0,0,2,0
57.88,18,2,0.25,13.17,0.998,0,1,2,6,0
161.11,17,6,1.99,0.76,0.635,0,0,0,4,0
26.64,11,5,15.09,5.72,0.377,1,0,0,3,0
102.29,12,6,3.94,0.56,1.62,0,0,0,2,0
16.47,16,3,11.38,2.86,1.291,0,0,0,3,0
22.21,20,1,0.24,0.93,1.024,1,0,0,3,0
64.86,14,3,20.45,11.9,1.664,1,0,0,5,0
14.07,22,3,10.93,6.49,0.724,0,0,0,2,0
12.37,16,5,1.11,12.89,1.422,0,0,2,4,0
10.26,11,5,6.67,0.56,0.931,0,0,1,7,0
94.59,11,4,9.37,5.2,0.646,0,0,3,2,0
296.92,17,7,4.39,10.9,1.238,1,1,1,4,0
153.46,17,1,0.22,7.51,1.495,0,0,0,6,0
34.71,9,0,7.67,0.87,1.067,0,0,0,1,0
15.14,16,0,7.11,2.78,1.166,0,1,1,4,0
59.58,13,9,4.06,22.55,0.834,0,0,2,5,0
6.68,16,0,11.75,4.1,2.241,1,0,0,8,0
8.04,13,3,3.54,4.41,0.86,1,1,0,7,0
15.21,7,2,8.99,16.34,0.506,0,0,0,1,0
7.41,22,0,1.16,3.0,1.163,1,0,0,8,0
40.48,14,8,13.27,9.72,1.207,1,0,1,5,0
36.49,18,9,20.13,1.53,1.595,0,0,2,1,0
51.78,19,5,10.0,6.72,2.118,1,0,0,4,0
54.13,20,8,2.52,0.61,1.938,0,0,0,3,0
166.84,15,0,3.89,2.94,1.158,1,0,2,3,0
55.18,0,4,2.25,0.46,1.089,0,0,1,5,0
12.25,15,2,1.76,3.7,1.034,1,0,1,7,0
26.32,7,6,5.0,7.42,0.882,0,0,2,5,0
215.09,6,2,28.5,2.43,0.72,1,0,1,6,0
31.57,20,8,8.28,3.63,1.2,1,0,1,6,0
240.72,8,0,4.39,1.03,0.861,0,0,2,6,0
664.12,5,7,44.79,51.9,6.921,1,0,5,15,1
42.62,16,0,7.71,6.96,1.904,0,0,0,7,0
68.2,13,9,2.67,17.56,0.565,0,0,1,3,0
69.1,19,2,0.53,5.16,0.617,1,0,0,5,0
20.88,12,1,5.78,6.0,0.985,0,1,1,2,0
28.1,7,1,18.93,0.57,1.482,0,1,0,5,0
3.37,17,1,0.79,0.19,0.921,1,0,0,5,0
7.55,10,2,6.99,0.18,0.567,1,0,0,3,0
29.2,13,0,5.41,15.24,1.163,0,0,2,5,0
24.22,13,7,0.74,6.93,1.162,0,0,1,3,0
16.72,15,4,7.02,1.11,1.015,0,0,3,5,0
42.5,10,8,11.04,22.79,0.651,1,0,0,5,0
20.8,12,7,2.31,1.1,0.908,0,0,3,10,0
36.71,22,4,6.9,1.21,0.498,0,0,0,8,0
113.99,9,3,4.73,2.77,1.003,1,0,2,5,0
36.59,11,8,15.48,1.15,1.436,0,0,2,2,0
53.55,9,4,4.79,0.59,1.003,0,0,1,3,0
29.36,11,2,7.4,9.7,1.029,0,0,1,3,0
8.03,20,6,3.01,9.85,0.753,0,0,1,3,0
10.18,4,5,10.59,2.63,0.99,0,0,2,8,0
57.74,13,7,1.45,2.92,0.773,0,1,1,9,0
40.74,11,2,2.95,8.58,0.834,0,0,1,3,0
65.89,13,9,23.1,1.97,1.227,0,0,1,7,0
92.35,23,1,4.5,1.28,2.028,0,0,2,4,0
20.82,12,5,4.07,13.38,1.06,1,0,0,7,0
12.4,15,0,0.76,3.75,0.844,0,0,1,4,0
98.91,16,0,14.27,0.29,1.412,0,0,0,4,0
12.73,18,3,5.19,0.9,0.491,0,0,2,4,0
53.46,13,7,0.35,0.12,0.849,0,0,0,10,0
85.42,13,0,6.16,0.07,2.203,0,0,0,7,0
25.7,3,5,1.77,5.21,4.155,0,1,6,9,1
297.74,11,5,15.45,0.7,0.855,1,0,1,3,0
46.26,13,1,1.29,5.95,0.802,1,0,0,5,0
43.77,12,8,5.57,2.84,0.665,1,1,0,5,0
13.48,10,5,6.44,2.77,1.421,0,0,1,6,0
134.22,13,3,7.63,12.9,0.974,0,0,0,6,0
109.64,8,5,10.65,3.82,1.319,1,0,0,5,0
240.44,0,8,16.62,5.04,0.99,0,0,0,6,0
24.13,11,4,1.31,4.68,1.448,0,0,0,5,0
52.8,12,0,26.87,1.65,1.079,1,0,1,7,0
58.74,19,0,2.02,5.18,1.176,0,0,0,8,0
109.99,22,2,21.6,1.85,1.004,0,0,1,2,0
52.36,11,0,2.12,2.93,1.298,0,0,3,3,0
53.65,20,4,2.02,5.25,0.695,0,0,0,4,0
14.79,23,9,10.6,6.07,0.495,0,0,0,8,0
55.92,19,0,5.28,5.22,1.295,0,0,0,5,0
32.49,22,4,7.9,1.25,1.364,0,0,1,3,0
39.84,18,8,5.26,4.88,0.799,1,0,1,5,0
13.68,18,0,1.28,1.41,0.716,0,1,0,6,0
268.03,7,9,6.2,5.29,0.524,0,0,1,5,0
9.69,13,5,2.95,7.7,1.258,0,0,4,6,0
94.71,21,6,15.46,1.21,0.468,1,0,3,4,0
11.11,17,6,0.13,0.47,1.328,0,0,2,8,0
25.4,13,4,12.45,4.39,0.98,0,0,2,7,0
24.71,22,4,16.31,0.34,0.956,0,0,0,3,0
44.06,19,9,9.18,8.28,1.321,0,1,0,2,0
29.18,11,7,6.59,3.13,0.919,1,0,0,7,0
4.47,15,9,9.2,1.13,0.563,1,0,1,3,0
367.74,4,2,1.02,6.22,1.35,1,1,1,11,1
76.21,15,8,10.9,4.41,1.886,0,0,0,6,0
7.64,12,4,13.49,2.0,0.487,0,0,1,3,0
123.25,14,1,7.86,3.32,1.185,0,1,0,7,0
26.11,16,3,14.92,1.74,0.813,0,0,0,0,0
14.75,12,0,1.1,7.99,0.814,0,0,1,8,0
11.9,10,7,10.15,1.61,0.31,0,1,0,2,0
24.83,19,6,2.48,10.48,0.568,1,0,0,3,0
3.48,17,7,2.3,7.74,0.879,0,1,1,4,0
778.81,17,4,1.29,0.99,1.854,0,0,0,7,0
0.83,19,1,10.6,1.73,0.962,0,0,1,9,0
36.04,18,0,5.09,12.32,1.339,0,0,0,5,0
201.46,15,5,4.43,2.69,1.684,0,0,1,4,0
49.2,4,0,4.78,2.74,0.94,0,0,0,2,0
95.01,12,6,0.61,0.85,1.207,0,0,1,5,0
400.29,12,1,17.37,0.14,0.436,0,0,2,4,0
27.86,15,1,14.56,5.22,0.795,1,0,0,9,0
105.97,9,8,6.5,7.65,1.505,0,0,2,4,0
19.61,11,9,5.65,0.19,1.01,0,0,0,3,0
48.63,23,0,17.5,2.44,1.183,0,0,0,5,0
162.14,10,3,23.06,1.14,1.245,0,0,1,7,0
358.42,16,7,5.75,7.44,0.676,0,0,2,9,0
75.88,17,9,2.42,1.37,0.524,0,0,2,4,0
92.78,14,0,6.19,8.98,1.11,0,0,0,8,0
2.88,12,7,8.65,2.03,0.695,1,0,1,4,0
22.11,13,0,14.71,2.49,1.355,1,0,0,10,0
52.91,9,4,0.01,13.47,0.856,0,0,2,2,0
17.24,15,3,1.44,2.97,0.429,0,0,0,3,0
112.2,19,9,10.1,4.83,0.776,1,1,0,3,0
5.27,6,2,3.62,0.95,1.54,0,0,0,5,0
44.4,8,8,8.51,4.72,0.998,0,0,0,3,0
3.61,9,1,2.32,0.95,0.722,0,0,2,5,0
9.59,16,8,5.96,0.39,0.612,0,1,2,8,0
18.37,18,1,7.62,2.36,0.949,1,0,0,4,0
79.58,16,2,4.77,4.78,0.828,0,0,2,4,0
31.86,11,0,5.89,5.52,1.012,0,0,1,1,0
10.17,18,2,5.3,0.19,1.494,0,0,1,5,0
18.32,13,0,12.9,7.92,1.546,0,0,2,7,0
65.66,13,2,1.05,0.26,1.528,0,1,0,3,0
104.96,11,7,46.26,6.57,1.886,1,0,1,5,0
18.57,18,0,43.84,10.53,1.696,1,1,1,10,0
25.47,15,2,1.45,6.73,1.018,0,0,1,2,0
40.03,17,2,1.96,1.24,0.948,0,0,1,5,0
49.81,10,1,20.62,18.49,1.148,0,0,0,6,0
48.89,10,3,2.2,0.66,2.286,0,0,1,9,0
11.75,14,4,8.83,2.43,1.451,0,0,1,1,0
13.32,22,1,6.21,3.0,1.204,0,0,1,6,0
60.17,18,1,0.82,8.06,0.597,0,0,1,4,0
19.43,12,4,1.24,10.85,1.174,1,0,0,6,0
12.13,8,1,6.78,6.68,0.511,0,0,2,9,0
9.88,16,6,2.97,1.59,0.745,0,0,1,7,0
11.87,17,8,18.25,1.55,0.955,0,0,2,6,0
85.59,18,6,6.47,0.99,1.391,1,0,0,4,0
59.54,11,1,5.5,0.01,1.11,0,0,1,5,0
45.35,23,4,4.64,9.46,0.816,0,0,1,7,0
23.15,7,7,2.86,0.4,1.035,0,0,2,4,0
192.71,21,3,0.95,4.67,0.799,1,0,3,9,0
27.93,19,2,3.09,11.08,0.933,0,0,2,8,0
43.26,8,9,1.7,7.64,0.726,0,1,1,5,0
18.8,20,4,0.42,4.7,1.402,0,0,0,3,0
162.22,17,5,2.59,7.06,1.349,1,0,1,1,0
21.92,16,1,13.66,7.86,1.043,0,0,0,4,0
92.72,17,1,1.77,1.51,1.372,0,0,2,3,0
20.62,15,9,15.09,2.82,1.19,0,0,2,3,0
13.45,13,9,5.1,0.06,1.115,0,0,0,7,0
18.22,16,0,1.55,0.02,0.518,0,0,0,6,0
128.93,13,8,2.78,2.7,0.632,0,0,1,7,0
87.31,9,4,6.87,1.16,1.004,0,0,0,1,0
18.37,11,9,5.56,12.48,1.02,0,0,1,2,0
11.95,19,1,9.11,6.9,1.055,0,0,0,3,0
145.76,15,5,2.14,0.69,0.981,0,0,1,3,0
50.85,19,8,14.22,5.23,1.652,0,0,1,3,0
106.43,15,2,3.27,13.61,1.037,0,0,0,5,0
6.64,17,5,2.34,7.01,0.767,1,0,1,3,0
87.48,11,1,7.22,0.98,1.122,0,0,0,3,0
13.14,7,1,11.44,4.37,1.281,1,0,0,6,0
108.97,17,4,15.54,2.41,1.334,0,0,1,4,0
256.43,9,3,1.5,2.22,0.911,1,0,0,5,0
31.26,20,5,2.73,2.48,1.167,1,0,0,6,0
28.86,8,0,32.18,15.82,1.918,0,0,0,4,0
27.38,10,5,1.02,2.92,0.744,0,0,2,6,0
148.7,16,5,6.16,13.72,0.519,1,1,1,6,0
27.74,12,1,1.15,0.67,1.65,0,0,0,5,0
3.94,17,7,15.86,15.65,1.498,0,0,1,7,0
42.49,19,1,5.78,4.34,1.345,0,0,1,7,0
5.99,17,8,9.42,7.39,1.926,0,1,0,5,0
5.61,20,2,21.92,2.62,1.055,1,0,0,7,0
49.32,0,0,6.77,82.55,3.005,1,0,5,7,1
59.38,11,0,5.69,5.56,2.604,0,0,0,8,0
115.86,18,5,9.82,9.85,0.53,0,0,0,7,0
25.53,17,0,0.51,6.79,0.643,1,0,0,3,0
3.02,19,1,25.11,1.03,1.109,0,0,0,2,0
112.28,10,0,5.94,0.18,0.942,0,0,0,4,0
38.36,8,7,6.57,6.0,1.396,0,1,1,3,0
42.15,9,1,0.38,27.1,0.92,0,0,0,2,0
108.97,19,7,10.58,0.79,0.732,1,0,2,2,0
9.0,13,0,3.55,2.16,0.53,0,0,2,2,0
122.18,21,8,5.07,24.8,1.222,0,0,1,5,0
33.83,14,5,9.1,2.32,1.211,1,1,1,6,0
73.09,9,3,11.64,0.32,1.529,0,0,3,3,0
1.95,10,2,0.86,1.4,1.572,1,0,1,4,0
36.99,15,0,8.97,0.49,0.881,0,1,1,6,0
21.94,7,7,8.17,5.51,1.186,0,0,0,4,0
14.5,17,0,0.18,6.73,1.241,0,0,0,5,0
195.72,15,6,41.52,11.27,6.811,0,0,10,11,1
248.46,16,8,39.06,2.79,1.273,0,0,2,7,0
7.65,15,3,0.55,1.96,1.258,1,0,2,10,0
7.96,12,3,4.29,7.24,1.326,0,0,1,3,0
40.23,6,4,3.1,0.35,1.372,0,0,1,2,0
14.51,9,7,23.09,6.48,0.727,0,0,0,6,0
42.66,10,8,12.24,2.12,1.179,0,0,0,3,0
130.62,8,0,12.7,6.68,0.798,1,0,1,7,0
52.57,9,2,2.02,7.69,1.083,0,0,2,6,0
12.68,11,5,4.94,10.6,2.447,1,0,1,5,0
18.04,19,0,11.03,4.6,1.083,0,0,0,5,0
18.81,18,4,7.64,4.58,0.982,0,0,1,7,0
4.03,10,0,0.65,3.58,0.848,0,0,0,3,0
13.9,19,0,2.11,1.85,0.405,0,0,0,5,0
29.57,20,0,2.41,1.96,0.795,0,0,0,3,0
19.11,13,9,6.71,2.3,0.82,0,0,0,3,0
23.96,6,4,8.45,10.23,1.073,0,0,1,6,0
14.5,14,1,17.8,0.81,0.876,1,0,1,4,0
138.54,18,6,1.52,18.95,0.7,1,0,1,3,0
76.76,15,0,14.97,4.41,0.871,0,0,0,1,0
18.33,12,5,16.18,12.34,1.312,0,1,2,6,0
59.5,18,7,8.26,1.04,2.038,0,0,2,2,0
16.14,9,4,34.92,1.39,1.772,0,0,1,8,0
160.71,17,6,2.09,4.58,1.084,0,0,1,2,0
124.3,11,8,14.97,0.95,0.618,1,0,0,8,0
14.22,12,2,3.27,0.61,0.793,0,0,2,4,0
18.02,12,3,10.89,2.63,1.069,0,0,1,4,0
39.59,13,7,2.71,6.95,0.833,0,0,0,9,0
6.57,16,0,21.17,10.4,0.687,1,0,1,5,0
47.96,15,2,3.29,0.46,1.053,0,1,1,4,0
24.44,22,1,1.36,0.48,0.935,0,0,0,4,0
154.17,23,1,6.07,1.75,1.024,0,0,0,7,0
2.63,14,1,3.41,14.41,0.432,1,0,0,7,0
21.49,8,1,2.49,2.7,0.293,0,1,0,5,0
189.59,18,6,4.26,5.15,0.541,1,0,1,5,0
19.22,16,6,15.2,3.8,1.384,1,0,2,5,0
12.19,21,7,13.12,2.36,1.118,0,0,0,8,0
38.39,19,0,3.4,7.76,2.517,0,1,1,8,0
108.98,15,0,17.04,2.82,0.988,1,0,0,5,0
9.32,7,5,5.93,4.19,0.673,0,0,1,9,0
17.26,13,5,7.14,4.28,1.281,1,0,0,6,0
50.19,10,2,21.0,6.36,1.122,1,0,1,5,0
25.11,9,2,0.88,10.94,0.513,0,0,0,4,0
230.2,6,6,5.27,2.38,0.584,1,0,0,8,0
71.39,2,0,14.51,2.98,0.937,0,0,1,2,0
52.8,12,7,7.37,7.32,0.895,0,0,0,5,0
118.97,20,0,9.23,5.06,0.583,0,1,0,4,0
77.24,15,0,10.33,2.12,0.415,0,0,2,6,0
53.77,10,1,9.41,6.91,1.496,0,0,1,2,0
36.66,15,0,11.47,2.03,0.71,0,0,1,2,0
166.6,16,6,6.3,1.25,1.285,1,0,2,4,0
126.81,21,7,1.52,11.98,2.047,1,1,0,9,0
60.29,17,7,15.71,20.77,2.608,0,0,0,1,0
17.5,9,3,6.35,1.47,1.395,1,1,0,7,0
658.76,4,7,4.12,214.48,3.45,0,0,3,17,1
32.36,16,9,8.7,3.1,0.918,0,0,0,2,0
22.5,13,0,7.79,15.35,1.082,0,0,1,3,0
16.98,14,8,8.87,11.52,0.618,0,0,1,7,0
53.16,11,7,2.42,3.23,0.386,1,0,2,8,0
30.38,22,2,8.14,1.53,0.482,0,1,0,9,0
67.24,19,1,1.84,3.23,1.141,0,0,2,2,0
174.68,13,9,0.56,0.07,0.983,0,0,2,6,0
31.02,19,4,6.41,1.27,2.125,0,0,0,3,0
81.99,13,0,0.52,11.67,1.037,0,0,0,5,0
14.83,10,1,9.77,1.62,1.17,0,0,3,5,0
40.25,13,5,21.32,0.39,0.796,0,0,0,7,0
30.21,12,0,2.25,4.26,1.551,0,0,1,2,0
47.78,17,9,1.06,10.57,0.695,0,0,0,2,0
39.11,22,8,0.49,1.48,1.27,1,0,1,2,0
7.37,12,2,3.74,1.56,1.425,0,0,2,9,0
56.51,10,3,5.55,1.06,1.948,0,1,0,10,0
190.49,17,3,10.72,0.08,1.563,1,0,0,3,0
96.6,17,0,6.93,15.45,1.096,0,0,0,7,0
57.79,9,5,0.1,4.81,0.684,1,0,0,5,0
21.03,9,1,15.56,0.83,0.832,0,0,2,4,0
27.77,7,8,8.39,17.44,0.788,1,0,0,4,0
35.94,11,5,7.03,15.19,1.783,0,0,2,9,0
145.19,8,3,20.57,1.34,0.538,1,0,1,6,0
6.05,14,2,6.79,6.7,1.01,1,1,0,5,0
165.27,0,7,6.5,4.09,0.448,1,0,2,4,0
38.13,18,1,5.97,19.51,1.439,1,0,1,6,0
52.14,12,5,13.48,1.36,0.59,1,0,0,4,0
26.42,17,2,11.52,6.06,1.485,0,0,1,10,0
95.86,17,0,14.13,8.15,0.815,1,0,0,7,0
16.0,0,4,3.84,13.74,1.224,0,0,0,7,0
42.9,14,2,23.04,0.02,0.718,0,0,1,2,0
41.71,14,1,2.07,0.1,1.068,1,0,0,2,0
174.82,13,4,0.35,10.71,0.9,1,0,0,4,0
31.62,10,2,8.11,0.54,1.323,0,0,0,4,0
28.69,17,0,10.52,8.18,0.962,0,0,2,7,0
60.5,10,8,7.75,11.93,0.823,0,0,2,4,0
90.6,13,8,11.26,9.7,1.484,1,0,1,4,0
17.52,14,3,11.57,25.37,1.277,1,0,0,4,0
23.79,17,8,5.33,7.72,1.424,0,0,0,5,0
80.65,20,5,8.57,8.28,1.424,0,1,0,6,0
51.28,17,0,12.75,1.3,0.686,0,0,2,6,0
47.91,19,9,12.95,2.95,0.87,0,0,0,4,0
3.85,9,1,8.64,4.69,1.157,0,0,0,6,0
12.37,19,9,8.61,1.83,1.252,0,0,0,5,0
16.88,14,2,13.19,2.23,1.423,0,0,0,4,0
31.54,20,4,0.81,1.81,1.463,0,0,0,4,0
15.84,13,0,28.88,3.13,0.827,0,1,1,1,0
2215.1,4,9,80.38,98.35,2.4,1,0,2,17,1
24.67,18,4,19.92,3.72,0.983,0,0,0,6,0
13.73,9,5,12.81,8.93,1.102,0,0,0,7,0
141.72,6,4,7.65,2.21,0.573,0,0,0,2,0
45.2,11,5,18.89,1.29,0.571,0,0,0,3,0
14.79,10,5,11.89,6.77,0.729,0,0,1,8,0
56.57,21,5,3.21,0.85,1.127,0,0,0,3,0
11.44,18,0,5.85,6.15,1.24,0,0,2,12,0
10.28,18,5,2.13,0.38,0.918,1,1,2,9,0
13.22,12,8,1.37,2.79,1.991,1,0,0,4,0
22.34,18,0,1.94,6.23,1.305,1,0,0,3,0
15.98,1,0,0.14,2.24,0.902,1,0,1,4,0
12.37,23,0,4.84,1.31,0.852,0,0,1,7,0
33.19,12,1,5.81,0.72,1.062,1,0,1,6,0
9.72,22,9,6.19,1.91,0.878,0,0,2,5,0
75.43,18,3,8.92,4.23,1.495,0,0,1,10,0
13.86,13,9,7.88,23.83,0.423,0,0,0,3,0
29.64,19,2,5.26,0.91,1.457,0,0,0,7,0
23.4,12,5,14.84,1.36,1.586,1,1,1,5,0
264.21,18,1,14.67,3.74,0.604,1,0,1,3,0
7.27,22,0,15.84,0.88,0.887,1,0,0,5,0
118.92,11,2,1.67,0.1,2.365,1,0,0,6,0
77.98,16,0,17.67,0.41,0.813,0,1,0,1,0
30.74,11,7,3.59,2.77,1.581,0,0,0,8,0
44.2,11,3,2.87,4.95,0.74,0,0,1,5,0
43.34,23,8,1.31,0.71,0.655,1,0,2,6,0
3.58,21,1,4.28,2.0,1.333,0,1,0,8,0
10.45,16,3,5.27,0.56,0.786,0,0,0,3,0
8.48,12,9,7.0,5.05,1.388,0,0,0,0,0
16.53,23,8,5.57,1.07,0.537,0,0,3,7,0
68.34,13,7,6.91,11.43,1.011,0,0,3,4,0
114.83,12,3,8.2,0.67,0.951,1,0,0,7,0
12.94,9,1,2.42,0.66,0.667,0,1,1,3,0
14.85,20,0,4.79,4.27,0.789,0,0,1,7,0
4.73,17,2,1.72,10.03,1.675,1,1,0,9,0
24.91,15,9,1.08,4.47,1.322,0,0,0,8,0
2.39,11,7,4.04,0.73,0.797,0,0,0,5,0
176.71,15,5,9.71,6.69,0.641,0,0,0,4,0
428.41,10,1,5.78,8.87,0.587,0,0,0,8,0
35.95,2,1,15.77,0.95,0.432,1,0,0,2,0
154.15,13,4,13.39,4.33,1.027,0,0,2,2,0
68.9,11,4,0.75,1.89,0.757,0,0,0,3,0
8.84,0,9,3.93,3.65,1.606,0,0,1,9,0
9.29,9,0,1.57,0.08,1.188,0,0,0,3,0
12.17,14,4,9.22,6.03,0.821,0,0,2,6,0
51.57,20,1,6.74,10.06,0.994,0,0,0,5,0
17.5,7,8,26.55,16.43,0.763,0,0,0,4,0
54.55,13,2,14.68,10.88,1.11,0,0,0,4,0
55.35,19,8,0.02,1.76,0.961,0,0,1,5,0
65.49,21,6,9.64,0.3,0.736,0,0,1,1,0
17.15,8,4,3.76,3.56,2.963,0,0,2,4,0
38.91,19,0,7.08,1.74,0.725,0,0,0,3,0
106.39,10,0,6.6,11.85,0.681,0,0,0,3,0
41.89,11,1,28.03,1.86,0.767,1,1,1,3,0
6.9,2,5,4.79,4.51,0.777,0,0,1,10,0
99.66,7,2,21.74,5.2,1.385,0,1,0,9,0
12.79,12,1,10.61,3.9,1.019,0,0,1,5,0
128.18,8,3,5.3,3.1,1.022,0,0,2,3,0
5.04,12,8,7.39,8.18,1.138,0,0,0,5,0
68.02,12,1,14.03,1.13,1.371,0,0,3,5,0
14.0,10,8,2.8,0.56,0.778,0,0,1,8,0
144.88,21,8,2.15,1.01,1.12,1,0,0,6,0
56.76,15,3,9.57,13.61,0.913,1,0,1,4,0
41.71,11,2,14.04,1.24,1.344,1,0,0,2,0
5.01,0,0,1.86,3.53,0.804,0,0,2,5,0
29.38,8,2,14.21,7.02,0.848,1,0,0,6,0
20.06,8,4,7.0,1.88,0.913,0,0,2,7,0
79.24,16,9,11.78,6.1,1.231,0,0,2,9,0
24.45,10,0,15.83,9.7,0.849,0,0,0,3,0
13.14,14,2,6.78,1.43,1.126,0,0,0,6,0
20.85,22,3,4.85,0.0,0.852,0,0,0,5,0
15.88,8,5,3.08,5.7,1.182,0,0,2,5,0
75.18,0,4,3.43,1.32,1.405,0,0,1,4,0
69.87,15,0,5.56,0.37,0.611,1,0,1,5,0
70.63,21,1,3.78,4.6,1.808,0,0,2,5,0
5.24,11,0,0.06,5.11,1.013,1,1,2,8,0
75.7,14,1,14.33,5.27,1.316,0,0,0,3,0
17.21,13,1,2.02,8.76,0.456,0,0,1,2,0
63.17,19,3,16.0,0.75,1.069,1,0,0,4,0
39.7,7,0,41.2,1.14,0.98,0,1,1,4,0
209.9,19,1,19.1,3.3,1.416,0,0,1,3,0
58.25,10,1,18.0,3.37,1.092,0,0,2,2,0
25.79,16,0,0.16,21.63,0.553,0,0,0,7,0
29.74,19,3,3.81,3.12,0.723,1,0,0,3,0
27.1,12,2,2.93,2.56,1.318,1,0,1,4,0
53.5,9,2,0.28,3.39,1.91,1,0,1,7,0
38.4,12,0,0.09,13.22,1.324,1,0,1,3,0
11.98,10,6,0.11,1.35,1.235,0,0,1,2,0
88.17,14,9,13.06,1.42,0.811,0,0,1,9,0
41.77,20,0,29.68,0.04,0.824,1,0,3,6,0
27.47,16,9,4.41,0.79,0.996,0,0,0,4,0
88.34,9,9,5.15,3.65,1.303,0,0,0,3,0
3231.95,3,6,37.48,48.2,2.574,1,0,2,18,1
30.21,16,6,11.61,5.33,0.785,0,0,3,4,0
129.3,13,5,12.02,1.79,1.64,1,0,0,3,0
8.25,19,5,13.76,3.42,0.835,0,0,1,8,0
21.21,22,8,4.18,21.98,0.724,0,0,0,5,0
118.92,22,7,12.33,3.09,1.556,0,0,0,5,0
9.17,8,7,8.15,11.37,1.218,0,0,1,6,0
8.39,12,7,2.42,13.4,0.846,0,0,1,7,0
36.52,10,6,2.78,2.37,0.718,0,0,1,7,0
141.64,9,9,3.01,0.47,0.995,0,0,0,9,0
40.83,17,1,0.65,2.7,0.836,0,0,0,3,0
33.06,4,0,10.5,10.49,0.676,1,0,1,2,0
49.4,12,1,5.82,10.12,0.715,1,0,0,4,0
11.71,13,3,6.2,0.24,1.046,0,1,1,4,0
23.82,12,3,0.86,2.4,1.349,0,0,1,5,0
192.36,2,4,47.59,117.87,2.987,0,1,0,18,1
38.99,14,2,1.84,7.43,1.857,0,0,1,3,0
122.77,14,1,9.75,15.47,0.71,0,1,0,6,0
13.1,19,1,6.2,12.47,0.948,1,0,1,5,0
120.39,7,0,17.34,1.07,1.273,1,0,2,7,0
80.57,15,4,8.07,2.26,0.825,0,1,0,2,0
7.26,22,2,7.97,4.59,1.153,0,0,0,3,0
33.73,12,8,1.76,10.98,0.774,0,0,1,5,0
114.24,16,6,31.81,4.98,1.901,1,0,1,4,0
130.07,18,4,4.71,2.05,0.896,0,0,1,6,0
125.53,16,3,8.98,12.18,1.875,0,0,0,4,0
118.24,18,6,4.87,0.55,0.932,0,0,1,6,0
557.92,19,8,3.86,6.03,0.665,0,0,0,7,0
9.74,16,6,10.3,89.88,2.68,0,0,5,9,1
14.2,4,7,17.2,0.87,0.971,1,0,0,3,0
58.7,9,8,22.24,5.34,1.002,0,0,0,4,0
58.45,13,7,0.04,0.48,0.988,1,0,0,3,0
40.36,21,0,4.01,6.16,0.821,1,0,3,2,0
9.91,10,7,1.24,1.45,0.951,0,0,0,6,0
28.21,11,3,29.93,3.04,0.788,0,0,1,3,0
12.1,8,0,8.42,9.19,1.014,0,0,2,5,0
31.12,14,5,6.31,6.27,2.018,0,0,0,5,0
70.79,11,3,9.67,2.0,0.596,0,1,2,4,0
67.45,21,1,12.75,15.84,0.883,0,0,0,4,0
22.46,7,3,6.49,1.05,1.222,1,0,0,6,0
13.4,21,4,1.79,0.85,0.623,0,0,1,3,0
32.32,16,4,4.63,6.81,1.169,1,0,0,8,0
88.05,15,2,0.59,3.47,1.573,1,0,0,6,0
210.39,21,6,3.98,2.29,1.153,1,0,0,4,0
18.73,16,9,2.16,3.52,0.694,0,0,0,3,0
2.45,17,1,11.25,2.91,0.801,0,0,0,4,0
29.67,11,3,0.38,3.5,0.667,1,0,1,8,0
2.74,15,4,4.16,0.47,0.854,0,0,0,2,0
113.39,14,4,5.75,0.54,1.48,0,0,4,6,0
29.12,7,4,2.17,2.53,1.377,0,0,0,4,0
8.21,13,5,6.9,0.13,0.787,0,0,0,7,0
61.51,19,3,1.81,4.68,0.744,0,0,1,4,0
22.55,21,0,14.89,21.99,1.551,0,0,0,3,0
99.13,14,2,20.85,0.18,1.159,1,0,2,4,0
17.58,7,5,8.16,0.44,0.822,0,0,1,5,0
67.54,13,8,14.73,11.93,0.803,0,0,0,3,0
11.99,10,0,29.0,0.22,0.959,0,0,2,6,0
26.71,20,1,0.89,0.57,1.17,0,0,0,4,0
433.54,22,1,3.35,1.04,0.979,1,0,0,9,0
16.36,19,5,9.16,1.16,0.69,0,0,0,2,0
9.37,8,0,3.16,0.56,1.473,0,0,0,3,0
4.3,13,3,4.29,2.65,0.699,0,0,0,2,0
20.05,12,0,4.75,3.13,0.829,0,0,1,2,0
388.87,17,1,0.22,0.21,0.766,0,0,2,5,0
40.21,17,8,13.85,2.5,0.935,1,0,1,2,0
8.82,12,0,5.23,0.9,1.758,0,0,1,2,0
61.78,18,3,1.93,1.95,1.284,0,0,2,6,0
50.04,17,0,7.57,10.99,1.264,1,0,1,5,0
50.27,19,7,8.8,6.2,1.854,0,0,0,5,0
122.94,18,0,1.41,0.24,1.135,0,0,1,3,0
42.24,16,7,2.31,0.81,1.025,1,0,0,4,0
32.85,17,1,9.07,0.98,1.625,0,1,2,4,0
26.3,20,4,0.26,27.56,2.112,1,0,0,5,0
90.18,23,0,0.51,1.68,1.146,0,0,2,1,0
632.13,9,4,19.82,0.62,1.019,1,0,2,6,0
34.68,12,4,6.03,1.9,1.141,1,0,0,7,0
19.14,12,7,15.87,5.74,1.645,0,0,1,10,0
402.8,11,7,2.59,4.36,0.545,0,0,2,11,0
35.23,8,7,2.77,0.52,1.21,0,0,2,9,0
36.28,12,4,12.1,5.35,0.871,0,0,0,3,0
13.76,17,0,3.17,13.41,1.074,0,0,1,2,0
108.7,15,5,12.23,3.2,0.818,0,0,1,6,0
25.8,8,3,5.52,27.2,0.732,0,0,0,5,0
14.51,13,1,2.68,4.22,0.774,1,0,2,3,0
38.49,19,4,10.53,4.67,1.167,1,1,0,3,0
39.2,7,1,3.81,1.25,1.167,0,1,1,4,0
74.65,20,2,15.39,0.45,0.614,0,0,1,3,0
23.99,20,9,0.78,0.77,1.254,1,0,0,3,0
162.48,8,5,10.74,8.31,0.653,1,0,3,7,0
19.47,12,6,13.35,3.05,0.832,0,0,0,5,0
41.86,18,2,0.59,5.47,1.172,1,0,0,1,0
40.15,9,3,2.09,0.11,0.806,0,0,0,7,0
100.84,5,6,25.92,9.47,5.61,1,1,3,8,1
39.49,12,6,33.55,1.05,1.026,0,0,0,4,0
93.35,10,0,6.89,0.5,1.311,0,0,1,5,0
78.24,15,5,19.85,8.74,0.952,1,0,0,6,0
62.14,13,8,1.69,5.23,0.881,0,0,0,8,0
133.38,9,1,1.38,2.62,0.949,0,0,1,3,0
49.92,19,1,2.3,1.88,0.718,0,0,0,5,0
35.51,19,0,1.17,8.56,0.983,0,0,0,7,0
102.05,12,0,1.13,3.8,0.97,1,1,0,8,0
14.27,9,5,18.3,0.42,0.857,1,0,1,6,0
12.3,7,5,0.82,9.96,1.465,0,0,2,9,0
91.98,12,4,0.33,0.28,1.465,0,1,0,8,0
36.91,19,6,6.8,0.69,1.634,0,0,1,7,0
48.85,9,7,8.69,0.95,1.219,0,0,1,4,0
14.51,18,8,20.98,2.59,1.366,0,0,0,5,0
45.61,18,0,1.66,3.7,2.156,0,0,3,5,0
9.54,12,3,3.15,0.31,0.65,0,0,3,8,0
27.54,17,2,2.09,5.95,1.243,0,0,2,4,0
34.88,21,5,7.27,0.44,1.325,0,0,0,5,0
7.99,22,7,0.04,1.47,0.752,1,0,2,5,0
25.58,16,7,3.27,3.65,1.358,0,1,1,4,0
64.53,14,5,2.46,0.38,1.438,0,0,0,7,0
18.58,17,9,3.62,1.83,0.544,1,0,1,6,0
12.49,10,1,8.88,5.35,1.271,1,0,2,4,0
94.99,20,5,2.11,0.69,0.649,0,0,1,6,0
71.26,19,0,3.06,2.84,0.678,1,0,0,12,0
7.24,23,9,10.71,5.5,2.13,1,0,0,3,0
101.74,10,8,1.41,7.34,1.366,0,0,0,7,0
79.52,12,9,2.35,0.95,1.456,0,0,1,8,0
21.0,20,1,1.22,7.69,1.021,0,0,2,4,0
22.88,19,0,0.67,6.17,0.614,0,0,0,5,0
18.96,15,6,3.34,5.31,0.679,0,0,1,4,0
81.62,16,8,4.71,10.13,0.675,1,0,0,5,0
105.54,7,2,8.07,8.5,0.456,1,0,1,6,0
50.41,19,6,1.44,6.16,0.825,0,0,0,7,0
19.88,23,5,14.78,6.3,1.0,0,0,2,3,0
11.83,17,8,3.38,5.96,1.817,0,0,1,9,0
44.99,14,3,7.24,2.27,1.622,0,0,0,7,0
40.88,13,1,16.5,2.96,1.889,1,0,0,7,0
40.18,13,7,16.33,12.87,0.677,0,0,0,5,0
46.43,18,5,0.13,7.37,0.693,0,0,0,9,0
14.74,11,4,6.28,2.53,1.251,0,0,1,3,0
5.72,8,0,1.94,1.23,0.662,1,0,1,4,0
55.07,21,0,1.26,1.57,0.915,1,0,0,6,0
53.15,14,0,1.72,0.76,0.534,0,0,0,7,0
14.94,16,0,7.07,2.28,1.048,0,0,1,5,0
42.22,16,8,1.97,0.8,1.026,0,0,0,6,0
15.31,16,3,12.97,0.49,0.512,0,0,0,3,0
22.05,11,9,14.2,2.85,0.861,0,0,0,3,0
15.31,15,9,6.3,10.3,1.35,1,1,0,6,0
53.06,7,7,0.94,3.1,1.395,0,0,0,0,0
18.56,14,4,9.13,1.3,1.062,1,0,0,2,0
26.95,16,0,7.8,1.51,0.874,1,0,2,6,0
36.08,13,3,0.99,0.79,1.541,0,0,2,3,0
6.68,21,0,21.28,2.33,1.7,0,0,3,5,0
202.21,8,1,1.3,1.18,1.066,1,0,0,3,0
41.56,20,2,4.0,14.73,1.129,0,0,2,5,0
49.18,6,1,39.89,4.84,0.949,0,0,2,10,0
13.97,19,2,7.78,3.52,0.924,0,1,0,3,0
66.43,15,6,1.95,1.35,0.862,0,0,0,6,0
17.29,12,0,34.66,5.47,1.339,0,0,0,5,0
29.05,16,9,25.95,5.01,1.311,1,0,1,4,0
32.81,14,1,0.68,9.88,1.353,0,0,0,4,0
51.71,7,3,6.44,17.2,0.75,1,0,2,3,0
8.68,22,7,3.1,0.71,0.428,0,0,0,2,0
37.68,19,0,18.22,0.51,1.366,0,1,3,3,0
15.08,8,0,13.32,3.29,1.192,0,0,0,5,0
10.89,11,8,16.82,12.84,1.111,0,0,0,5,0
61.05,12,9,18.22,3.35,1.006,0,0,2,1,0
67.09,9,2,5.48,5.21,0.527,0,0,0,3,0
13.03,18,0,5.67,1.16,0.599,0,0,2,2,0
26.02,11,7,0.37,0.62,1.154,1,0,2,5,0
29.9,20,6,0.58,3.05,0.859,0,0,1,9,0
12.1,23,9,2.88,11.44,1.781,1,0,0,8,0
39.83,18,1,3.3,0.62,1.714,0,1,1,2,0
614.5,22,9,6.96,12.9,50.0,0,1,2,20,1
38.53,20,7,1.5,2.68,0.802,0,0,1,6,0
20.86,17,5,4.97,3.12,1.335,0,0,0,7,0
87.32,14,2,0.28,0.11,0.992,0,0,0,5,0
32.8,20,9,16.4,3.79,0.837,1,0,0,5,0
62.38,21,8,7.2,3.66,1.136,0,0,2,4,0
40.79,20,4,7.51,5.79,1.154,0,0,0,2,0
20.26,10,5,19.38,6.39,1.047,1,0,1,8,0
85.47,8,1,6.42,6.55,0.914,0,1,1,5,0
26.34,15,3,0.77,2.45,0.91,0,0,2,2,0
5.77,9,1,3.08,0.66,1.286,1,1,1,4,0
20.44,20,7,2.88,5.72,1.954,0,0,0,6,0
41.84,16,4,0.94,7.77,1.096,1,0,0,4,0
35.94,23,6,25.55,0.73,0.705,1,0,1,5,0
75.67,16,7,5.11,4.18,0.692,1,0,0,2,0
10.99,18,4,10.32,4.04,0.98,1,0,0,2,0
16.53,12,4,13.01,8.9,1.232,0,0,0,4,0
78.37,16,1,12.48,1.7,1.164,1,0,0,6,0
52.31,9,8,6.12,2.8,0.754,1,0,1,10,0
27.69,12,7,1.34,0.72,0.967,0,0,0,5,0
24.51,9,7,0.29,0.38,1.109,1,1,0,10,0
34.53,22,3,0.07,1.46,1.663,1,0,0,6,0
42.5,21,5,2.52,0.17,0.727,0,0,1,3,0
42.83,9,4,2.48,1.26,1.249,1,0,0,6,0
122.98,0,2,7.31,1.21,0.874,0,0,2,2,0
259.84,19,9,21.28,34.39,1.587,0,0,3,19,1
33.0,6,0,12.8,5.18,0.592,0,0,2,8,0
35.72,13,5,14.58,7.14,1.215,1,0,1,12,0
28.46,19,9,37.91,74.66,4.13,0,1,3,14,1
44.38,11,2,11.54,2.19,1.21,0,0,1,5,0
21.4,9,1,16.52,0.46,1.438,0,0,0,3,0
6.59,13,8,11.25,5.33,0.368,0,0,0,6,0
10.66,11,7,7.28,7.69,1.999,1,0,1,2,0
130.9,6,4,16.8,1.64,1.135,1,0,0,4,0
28.49,18,8,1.5,1.94,2.293,1,0,2,5,0
45.03,18,2,21.17,8.5,0.71,0,0,0,6,0
18.17,13,4,17.25,15.0,0.972,0,0,0,4,0
21.05,15,3,9.86,6.62,1.397,0,0,0,3,0
115.13,20,7,8.78,0.58,0.963,0,0,0,6,0
7.12,10,9,3.5,9.49,0.884,1,0,1,5,0
5.89,19,5,16.45,4.44,1.198,0,0,1,5,0
38.35,12,2,9.21,9.94,1.365,0,0,0,4,0
162.62,8,2,6.27,1.64,0.89,0,0,0,5,0
77.34,10,6,1.22,3.74,1.505,0,0,1,7,0
17.86,17,9,5.57,1.85,1.835,1,0,1,4,0
38.14,9,0,7.73,4.49,0.555,1,0,0,4,0
51.63,8,0,9.97,2.93,0.428,0,0,3,7,0
72.9,15,2,1.95,3.43,1.231,0,0,0,3,0
103.55,0,3,1.05,0.2,1.765,0,0,1,4,0
29.28,7,3,4.17,8.53,1.448,0,0,0,6,0
63.29,13,8,0.43,2.9,0.619,1,0,1,4,0
28.34,10,1,2.08,7.1,1.802,0,0,3,7,0
23.62,15,9,1.14,7.32,1.585,0,0,1,3,0
57.48,19,9,5.91,0.94,2.139,0,0,1,6,0
94.46,16,1,4.11,4.46,0.866,0,0,1,5,0
37.21,13,1,5.29,6.52,0.491,1,1,1,3,0
6.29,17,6,35.2,1.92,0.395,0,0,2,1,0
28.84,22,2,1.92,1.48,1.071,0,0,1,7,0
10.75,8,6,17.71,4.4,0.806,0,0,1,7,0
13.44,15,0,4.86,4.26,2.192,0,1,2,2,0
24.48,16,0,1.05,4.22,1.159,1,0,2,2,0
20.42,18,1,3.79,3.77,0.663,0,0,1,7,0
11.76,20,6,0.2,6.24,1.618,1,0,2,4,0
12.45,7,4,0.86,6.07,1.513,0,0,0,4,0
65.5,17,1,39.34,8.93,0.77,0,0,1,7,0
17.11,13,6,12.99,2.57,1.084,1,0,1,7,0
112.6,21,4,1.0,3.21,0.5,1,0,0,7,0
24.83,18,8,2.16,6.91,1.545,0,1,1,4,0
22.02,19,1,1.77,0.87,1.149,0,0,0,14,0
9.16,8,0,7.23,7.89,0.665,0,0,1,3,0
60.28,16,2,0.14,6.08,0.724,0,0,1,4,0
44.02,7,3,4.28,5.65,1.033,0,0,0,6,0
24.58,17,2,10.27,1.48,1.048,0,0,1,3,0
121.51,22,0,7.33,2.67,1.614,0,0,0,7,0
35.65,18,5,1.8,1.23,1.029,0,0,1,3,0
13.28,17,8,0.43,20.64,0.499,0,0,0,7,0
9.88,12,7,1.72,1.68,1.011,0,0,2,7,0
10.08,19,6,3.97,0.8,0.907,0,0,2,3,0
61.25,9,0,4.65,16.72,1.158,1,0,0,5,0
76.48,9,1,5.11,31.37,0.785,1,0,1,10,0
55.74,9,4,17.25,5.27,1.202,1,0,0,7,0
63.98,22,0,2.58,1.95,0.805,0,0,0,15,0
17.16,14,4,7.24,2.15,0.888,0,0,0,5,0
147.37,19,7,4.45,0.0,2.092,0,0,0,5,0
25.58,9,1,0.97,1.06,1.301,1,0,1,4,0
33.77,20,3,1.98,0.92,1.07,0,1,1,5,0
618.48,9,1,16.71,1.07,0.959,1,0,1,4,0
19.05,19,8,5.59,2.51,1.522,0,0,1,6,0
12.05,10,3,0.89,3.96,0.404,0,0,3,8,0
49.03,21,2,1.83,3.04,1.856,1,0,0,4,0
27.28,17,4,1.89,1.96,1.146,1,0,1,3,0
22.58,14,2,3.55,5.76,0.816,1,0,2,3,0
31.42,9,1,6.39,1.34,1.076,0,0,2,3,0
38.87,20,0,2.65,0.33,0.943,0,0,2,4,0
31.1,7,7,21.08,7.28,0.494,0,0,0,8,0
154.48,2,9,15.85,3.37,2.519,0,0,3,14,1
7.86,12,2,6.35,17.6,1.638,0,0,1,3,0
37.15,17,6,14.46,7.4,1.26,0,0,0,5,0
78.02,19,2,18.27,6.08,0.701,1,0,1,4,0
89.58,17,2,6.81,0.32,0.824,0,0,1,7,0
12.47,22,6,6.49,1.38,0.502,1,0,0,2,0
35.82,13,5,20.13,1.9,0.559,0,1,2,5,0
24.82,8,5,4.64,3.11,1.498,1,0,0,7,0
21.43,16,9,5.44,2.98,0.781,0,0,1,8,0
9.61,8,8,6.83,6.0,0.818,1,0,0,5,0
4.92,14,0,2.94,2.71,0.96,0,1,1,9,0
45.57,11,0,6.22,7.18,1.617,1,0,2,4,0
9.39,12,7,1.93,0.27,0.923,0,0,0,5,0
10.49,2,6,39.41,10.91,3.021,1,1,1,13,1
11.29,16,3,0.63,0.16,1.378,0,0,2,2,0
101.84,20,0,2.3,0.06,0.844,0,0,0,6,0
41.02,8,9,0.76,4.01,0.994,0,0,0,6,0
19.74,17,4,18.03,4.99,0.792,1,0,0,12,0
365.62,10,9,9.6,11.44,1.139,0,0,0,5,0
49.14,10,7,2.84,5.13,0.705,0,0,0,6,0
44.61,18,2,1.79,15.85,0.584,0,0,1,3,0
21.63,20,1,44.27,3.75,0.712,0,0,0,2,0
53.91,14,3,26.57,6.33,0.884,1,0,0,6,0
16.9,18,4,8.96,0.74,0.837,1,0,1,7,0
8.75,7,3,28.53,2.61,2.437,0,0,1,6,0
24.6,12,9,2.64,3.58,0.762,0,0,1,2,0
115.95,19,6,33.61,1.92,0.717,0,0,1,4,0
7.13,18,0,10.82,6.83,0.669,0,0,1,4,0
55.42,15,0,3.63,1.02,0.785,0,0,3,4,0
114.82,19,1,0.77,0.99,1.528,0,0,2,6,0
167.88,7,7,11.53,0.83,0.532,0,1,0,2,0
42.04,17,0,29.83,4.53,0.572,0,0,1,10,0
55.13,10,0,8.21,5.41,1.126,1,0,1,5,0
3.65,21,4,9.3,0.12,0.59,0,0,0,6,0
23.97,9,8,23.63,3.14,1.363,0,1,2,2,0
17.09,17,7,0.73,2.63,0.825,1,0,3,6,0
18.56,12,8,21.13,5.31,1.357,1,0,0,7,0
61.01,10,4,4.44,5.2,1.577,0,0,0,10,0
14.21,9,4,0.32,14.12,1.995,1,0,1,3,0
78.0,20,8,0.69,7.25,1.348,0,0,1,5,0
408.06,22,6,7.56,7.22,3.597,0,0,1,13,1
20.08,20,5,3.69,8.51,1.734,0,0,0,4,0
11.36,14,5,13.48,8.94,1.375,0,0,0,6,0
11.52,9,7,7.62,4.39,0.81,0,0,1,1,0
14.8,9,3,3.48,8.32,0.425,0,0,0,6,0
10.79,15,0,9.92,17.9,0.923,0,0,0,6,0
29.18,17,3,9.24,2.96,0.624,1,0,1,2,0
204.16,18,2,8.59,0.96,0.924,1,0,0,2,0
46.84,13,7,24.74,4.72,0.715,0,0,1,5,0
31.98,21,9,19.15,4.04,1.444,0,1,4,7,1
10.45,16,5,29.71,7.6,0.973,0,0,2,8,0
65.14,11,0,9.13,0.22,0.903,1,0,0,7,0
75.1,17,2,5.44,4.82,0.671,1,0,1,3,0
43.19,12,3,1.56,3.26,0.802,0,0,0,3,0
52.37,21,9,0.47,2.79,1.052,0,0,0,1,0
774.38,10,5,13.18,5.53,0.585,1,0,0,5,0
9.61,22,0,0.47,0.97,1.524,0,0,0,5,0
100.11,12,5,6.72,2.0,1.139,0,0,1,3,0
14.43,10,8,3.01,6.72,0.87,1,0,0,4,0
32.72,18,7,1.85,2.0,1.134,1,0,1,3,0
37.02,15,0,13.19,1.31,0.671,1,0,0,2,0
105.88,1,2,4.45,1.93,0.807,0,0,2,5,0
11.55,8,5,2.99,1.54,0.673,0,0,0,6,0
33.19,22,4,17.71,0.55,0.942,0,0,0,8,0
14.3,18,9,17.48,4.47,0.89,1,0,0,6,0
27.32,11,8,27.14,2.36,0.786,1,1,1,4,0
44.52,11,1,3.99,8.94,1.252,1,0,1,6,0
84.66,19,9,6.41,0.57,0.872,0,0,2,10,0
147.53,6,9,11.13,4.25,2.384,0,0,4,9,1
13.8,13,4,12.09,4.5,0.618,0,0,0,5,0
20.2,14,1,2.53,5.91,1.472,0,0,0,3,0
45.05,8,2,1.91,10.69,1.5,1,0,0,10,0
18.46,16,4,29.99,2.19,1.431,0,1,1,4,0
24.85,17,8,15.06,0.26,0.693,1,0,0,8,0
28.65,12,7,1.32,1.55,2.316,0,0,1,6,0
38.23,17,8,10.13,2.3,1.011,0,0,1,4,0
31.27,11,3,6.65,3.68,1.372,0,0,0,1,0
91.99,14,5,9.95,1.48,1.262,0,0,1,7,0
9.75,14,0,0.65,0.13,0.835,1,0,0,3,0
25.28,15,1,2.73,11.36,0.844,0,0,0,4,0
10.42,10,5,1.77,15.75,1.876,0,0,0,3,0
69.29,12,5,13.62,1.61,2.167,0,0,1,8,0
77.82,11,4,8.63,7.73,1.942,0,0,0,2,0
73.3,12,3,2.19,1.07,0.787,0,0,1,8,0
88.74,10,8,6.58,1.8,1.368,0,0,0,6,0
68.22,19,8,1.57,2.55,1.488,0,0,1,5,0
42.84,10,6,14.9,0.04,1.179,0,0,2,6,0
48.76,10,0,13.2,0.57,1.487,1,0,3,8,0
14.86,21,7,1.18,4.84,0.755,0,1,0,4,0
47.02,17,4,0.52,1.48,0.658,1,0,1,2,0
46.87,18,3,6.38,13.73,0.767,0,0,2,3,0
14.13,12,0,0.02,10.18,1.397,1,0,0,3,0
5.82,14,5,11.2,6.19,0.432,0,0,0,1,0
70.35,21,7,20.37,13.88,0.704,0,0,0,4,0
62.83,19,6,10.13,0.66,1.798,1,0,1,5,0
7.84,11,4,1.95,2.15,1.427,1,0,0,3,0
82.72,12,3,0.43,12.6,0.487,1,1,2,4,0
56.51,9,3,4.24,1.65,0.808,1,0,1,1,0
6.93,7,6,4.27,2.13,1.424,1,0,2,9,0
146.27,12,5,6.29,5.71,0.905,1,0,3,6,0
39.11,16,7,6.82,7.35,0.768,1,0,0,4,0
77.36,10,4,13.33,6.58,0.843,1,0,0,3,0
7.55,14,1,37.67,20.49,1.945,0,0,1,5,0
11.91,9,3,5.53,6.73,1.18,0,0,2,6,0
15.13,18,5,4.9,0.59,0.758,1,0,0,6,0
15.63,12,1,6.26,1.86,1.966,1,0,2,0,0
37.25,19,0,2.57,0.56,0.504,0,1,0,8,0
111.94,12,2,2.58,5.64,0.877,1,0,0,9,0
79.53,19,5,16.6,4.24,0.575,0,0,2,2,0
37.53,13,7,5.68,4.9,1.942,0,0,4,7,0
108.23,22,1,16.72,0.16,0.825,0,0,1,1,0
108.91,19,1,12.76,4.34,0.943,0,0,1,5,0
5.26,13,2,17.3,1.34,0.823,0,0,1,2,0
4.31,20,7,5.6,2.57,1.225,0,0,1,5,0
8.37,7,0,5.17,5.74,0.954,1,0,1,4,0
16.68,8,0,11.35,6.52,0.88,0,0,2,9,0
52.59,18,3,10.93,0.46,0.993,0,0,1,4,0
148.45,15,5,5.31,5.19,1.158,0,0,2,6,0
39.24,12,6,1.69,4.23,1.966,0,0,2,9,0
20.54,16,0,6.11,5.86,1.194,1,0,1,1,0
282.31,10,0,12.7,10.47,0.419,0,0,2,7,0
75.21,19,3,8.99,0.22,0.695,0,0,1,3,0
43.91,3,8,1.52,6.3,1.177,0,0,0,1,0
48.33,16,2,1.12,21.73,1.352,0,0,0,3,0
24.68,13,4,7.07,2.5,0.634,0,0,0,8,0
53.27,20,8,1.53,4.83,0.772,1,0,0,7,0
25.36,19,2,0.37,1.25,1.234,1,0,0,6,0
48.68,16,4,1.92,0.46,0.907,0,0,0,3,0
63.36,11,1,0.22,3.12,1.317,0,0,3,3,0
66.28,22,6,14.5,0.1,1.324,0,0,0,3,0
21.67,9,4,11.0,7.82,1.072,1,0,1,3,0
36.46,13,6,7.59,0.16,2.085,0,0,1,5,0
20.1,16,1,18.04,1.97,0.412,0,0,3,2,0
294.13,21,3,61.18,26.45,5.075,0,0,5,7,1
137.38,10,5,29.02,0.11,0.794,0,0,1,7,0
28.74,20,2,24.09,1.6,1.402,1,0,0,3,0
257.56,19,0,8.58,5.36,1.413,1,0,2,4,0
25.9,20,7,1.97,9.96,0.615,0,0,1,4,0
14.74,17,4,0.87,0.35,0.794,1,0,1,5,0
35.81,20,7,10.29,9.43,0.604,0,1,1,5,0
31.93,10,3,8.98,1.24,0.943,0,0,0,13,0
50.58,22,6,7.39,3.32,2.402,0,0,0,3,0
73.04,11,1,14.29,2.48,2.11,0,0,1,4,0
118.2,11,0,3.96,14.54,1.263,1,0,0,6,0
44.22,7,6,4.71,0.26,2.059,1,0,0,3,0
15.91,7,2,1.22,19.56,1.613,0,0,3,6,0
24.53,17,0,44.57,8.84,1.365,0,0,1,7,0
35.86,13,9,5.61,0.36,0.998,1,0,1,6,0
18.66,6,4,4.38,25.29,1.694,0,0,1,4,0
208.89,12,5,2.81,7.15,0.987,0,0,0,6,0
152.74,13,5,2.46,11.03,1.485,0,0,0,5,0
28.52,10,5,7.51,0.99,0.799,1,0,1,2,0
13.2,20,9,5.77,0.83,0.697,0,0,1,3,0
42.24,10,6,2.38,1.01,1.014,0,0,0,9,0
40.38,9,4,15.75,5.28,1.466,1,0,2,4,0
6.04,17,2,3.43,8.63,1.919,0,0,1,6,0
38.22,18,5,7.56,2.09,0.639,0,0,0,6,0
83.45,12,1,11.75,3.4,1.311,0,1,1,7,0
10.95,12,7,7.4,4.25,0.643,0,0,1,3,0
7.55,12,7,0.73,4.21,1.48,0,1,0,8,0
109.64,21,8,4.75,2.52,0.943,1,0,2,8,0
34.4,13,5,5.18,3.98,1.267,0,0,1,3,0
118.1,18,9,4.06,10.25,1.181,0,0,1,3,0
159.56,23,2,3.87,3.13,0.745,0,0,1,8,0
9.21,7,0,1.32,6.52,1.239,0,0,1,5,0
14.13,16,5,3.0,4.9,0.632,1,0,2,6,0
54.16,18,3,24.96,4.05,1.023,0,0,0,8,0
27.59,17,1,6.07,6.67,1.369,0,0,2,4,0
8.98,15,1,2.05,7.72,0.816,0,0,0,5,0
17.64,16,3,14.79,4.57,0.807,1,0,2,6,0
108.5,0,0,15.1,0.04,1.183,0,0,1,4,0
20.67,11,5,10.34,6.84,0.917,0,0,3,8,0
72.22,0,9,10.84,2.3,0.455,0,0,1,1,0
25.89,15,8,0.07,9.79,0.601,0,0,2,9,0
18.05,11,2,3.17,1.08,0.744,0,0,0,3,0
40.06,17,9,67.72,4.67,0.91,0,0,0,7,0
15.94,6,3,27.58,3.32,1.084,0,0,1,2,0
10.3,16,8,2.1,0.89,2.149,0,0,1,2,0
25.54,9,6,7.04,5.52,0.834,0,0,0,4,0
16.26,16,0,26.15,6.33,1.034,1,1,1,7,0
10.89,19,5,8.8,5.07,1.273,1,0,1,3,0
8.14,9,3,12.07,1.89,0.591,0,0,0,6,0
35.48,14,1,13.78,9.28,0.832,0,0,0,5,0
79.97,8,8,3.64,6.72,2.054,0,0,2,3,0
14.0,16,1,12.6,2.29,0.785,0,0,1,6,0
23.08,15,6,6.77,27.05,0.898,0,0,0,7,0
43.35,13,5,7.41,3.57,1.188,1,0,1,3,0
79.01,6,5,11.77,5.4,0.817,0,0,0,8,0
308.37,22,2,2.83,1.95,1.159,1,0,2,4,0
187.91,19,3,3.97,7.99,1.017,0,1,2,6,0
28.26,12,9,9.74,1.93,1.966,1,0,0,4,0
67.24,16,1,14.84,4.28,0.889,0,0,1,12,0
6.53,10,3,16.06,4.26,1.425,0,0,1,6,0
255.21,20,3,6.08,12.18,0.572,0,0,1,6,0
19.38,13,3,9.33,1.13,0.99,0,0,0,6,0
60.31,1,0,3.75,0.49,0.675,0,0,0,8,0
5.8,12,0,10.89,0.14,1.647,0,0,0,5,0
27.41,9,7,6.06,8.29,1.35,0,0,0,6,0
34.2,18,1,4.22,6.08,2.194,0,1,1,3,0
59.1,10,0,2.4,0.49,1.73,1,0,2,4,0
3.81,6,9,12.78,25.85,0.416,0,0,1,9,0
218.02,23,8,0.73,7.91,0.905,1,0,1,8,0
28.67,11,2,7.53,0.53,1.664,0,0,0,13,0
14.32,15,0,1.72,15.75,0.952,0,1,0,5,0
26.06,6,0,8.97,5.26,0.732,1,0,1,2,0
27.01,10,1,4.31,0.59,1.329,0,0,0,3,0
106.33,17,0,1.79,9.04,0.946,1,0,1,5,0
278.07,9,8,45.46,8.23,0.811,0,0,6,15,1
24.47,14,8,27.77,3.56,1.437,0,0,0,4,0
29.08,10,0,21.12,0.56,0.846,0,0,2,4,0
30.16,13,9,13.14,4.79,0.942,0,0,1,6,0
6.1,16,1,15.9,0.78,0.804,1,0,1,4,0
8.45,9,4,8.48,5.69,0.953,1,1,0,4,0
29.15,9,8,3.5,9.25,0.958,0,0,1,6,0
116.2,19,4,1.57,0.85,0.675,0,0,2,2,0
48.58,7,5,10.35,5.88,1.558,0,0,1,3,0
20.52,19,0,2.48,2.13,1.203,0,0,2,7,0
14.25,20,1,15.15,0.06,0.885,1,0,1,2,0
69.77,13,0,3.37,4.0,1.603,0,0,2,7,0
20.34,9,2,18.8,10.01,1.277,1,0,0,6,0
74.95,23,9,18.18,3.61,0.763,1,0,2,4,0
46.62,18,5,9.77,3.86,0.817,0,0,0,5,0
7.76,18,0,4.43,9.89,0.964,1,0,0,1,0
52.4,22,8,14.31,3.83,1.09,1,0,0,3,0
96.83,18,1,5.4,2.93,1.942,0,0,2,7,0
42.54,15,8,8.59,0.9,0.759,1,0,0,4,0
30.1,19,0,17.77,2.01,1.258,1,0,0,5,0
118.04,9,5,0.57,8.57,0.758,0,0,2,4,0
19.92,21,6,6.36,1.9,0.849,0,0,0,8,0
46.02,11,9,2.39,5.13,1.394,0,0,1,4,0
93.56,13,0,3.59,10.83,1.529,0,1,0,4,0
40.4,8,2,7.04,5.53,1.051,1,0,1,7,0
66.43,11,5,5.76,9.44,0.787,1,0,1,7,0
13.83,20,6,16.38,9.81,0.624,0,0,1,3,0
464.99,20,2,16.61,3.63,1.528,1,0,1,7,0
7.16,15,5,1.18,0.19,0.472,0,0,1,6,0
23.89,12,3,4.65,3.51,1.243,1,1,0,9,0
8.2,11,3,2.36,2.4,0.969,0,0,0,7,0
62.36,10,3,1.92,16.75,2.01,1,0,0,6,0
19.23,8,5,43.95,2.79,1.069,0,0,1,4,0
60.82,20,6,10.71,10.18,1.279,0,1,0,2,0
105.91,18,9,0.7,0.69,0.694,0,0,0,2,0
62.51,20,2,0.63,10.41,1.374,0,0,3,3,0
40.79,15,9,2.18,14.3,0.554,0,0,0,5,0
66.79,20,3,1.15,0.58,1.501,1,0,0,4,0
30.08,9,6,5.22,1.78,1.513,0,0,0,6,0
76.95,22,9,7.89,18.86,0.584,0,1,1,2,0
27.68,7,7,9.9,4.48,1.524,0,0,2,5,0
109.57,18,8,0.85,10.35,0.778,1,0,0,5,0
16.57,19,8,7.67,0.43,1.26,1,0,3,6,0
27.42,23,0,2.7,6.56,0.576,0,0,2,2,0
24.4,19,6,2.7,7.82,1.597,1,0,0,5,0
29.53,15,5,0.6,5.65,0.307,0,0,0,2,0
26.81,19,9,9.87,0.2,0.302,0,0,1,3,0
5.29,19,6,5.34,1.0,0.851,0,0,3,3,0
113.29,10,5,7.04,1.0,1.407,0,0,1,6,0
42.49,19,4,9.7,2.76,1.456,0,1,0,4,0
50.19,8,7,9.8,1.01,1.636,0,0,1,6,0
75.73,15,5,13.36,4.18,1.514,0,0,0,4,0
44.5,13,8,15.31,1.24,1.067,1,0,1,3,0
10.6,13,0,2.82,3.17,0.849,0,0,0,2,0
79.92,23,6,6.94,3.15,0.504,0,1,0,8,0
26.75,13,8,13.61,9.09,1.132,0,0,1,2,0
4.58,23,1,4.77,24.08,0.707,1,1,0,2,0
145.17,17,8,1.33,0.95,0.58,0,0,0,6,0
43.25,10,9,0.87,2.17,1.6,0,0,2,2,0
15.45,19,3,17.44,0.27,0.849,0,0,0,3,0
122.87,12,0,3.85,8.87,0.349,0,0,2,3,0
13.45,10,8,31.43,1.63,1.351,1,0,1,7,0
22.46,19,4,2.24,9.27,0.846,0,1,1,5,0
43.52,1,1,3.19,5.58,1.103,0,1,0,2,0
9.6,18,7,32.08,4.13,0.39,0,0,1,6,0
18.04,16,1,4.27,12.06,1.216,1,0,0,7,0
26.43,8,4,5.14,5.6,0.606,1,0,0,3,0
147.83,8,5,1.5,1.79,1.063,0,0,2,7,0
210.32,8,8,8.99,11.17,1.681,0,0,1,4,0
81.19,11,0,0.8,3.8,0.701,0,0,0,6,0
60.89,8,1,4.97,0.36,0.746,0,0,2,2,0
5.74,21,0,3.65,8.19,0.803,1,0,0,5,0
21.08,11,1,4.22,2.78,1.607,0,0,1,5,0
12.78,14,2,6.62,2.25,0.576,1,0,0,4,0
47.17,20,2,7.54,2.26,1.021,0,0,2,11,0
28.03,10,8,2.32,0.62,0.958,1,0,1,4,0
44.98,8,9,3.48,1.48,1.559,0,0,1,6,0
14.19,5,4,3.51,10.83,1.519,0,0,1,3,0
15.68,17,1,7.87,1.37,0.862,0,0,2,3,0
63.93,9,4,0.51,1.3,1.146,0,0,1,4,0
742.42,21,9,3.72,1.63,1.653,1,0,1,4,0
51.35,18,6,5.76,6.54,0.592,0,0,0,6,0
136.51,8,7,14.45,2.01,2.298,0,0,0,3,0
20.17,21,7,7.37,5.93,1.646,1,0,2,4,0
17.73,13,0,5.33,8.38,0.938,1,0,0,3,0
14.79,20,2,3.83,5.72,0.81,1,0,2,6,0
285.7,20,5,8.23,4.13,1.361,1,0,1,4,0
174.97,9,3,19.72,30.4,1.526,1,1,1,1,0
88.8,16,3,6.65,4.8,0.904,0,0,1,9,0
7.9,16,3,3.34,2.61,1.21,0,0,1,5,0
62.68,21,8,34.74,3.69,7.846,0,0,1,12,1
106.16,11,4,0.91,2.62,0.572,1,0,0,4,0
7.52,8,1,0.21,20.19,0.959,0,0,1,7,0
38.15,15,4,9.12,0.19,0.787,1,0,0,2,0
40.87,21,0,0.59,16.41,0.752,0,0,1,2,0
91.62,9,8,5.17,4.79,1.443,0,0,0,3,0
5.26,9,5,5.37,5.49,1.091,0,0,1,4,0
42.23,12,7,5.63,4.35,0.684,1,0,1,4,0
3.78,17,1,26.68,0.92,0.903,0,0,1,6,0
17.08,14,1,6.55,0.11,0.8,0,0,0,4,0
96.65,12,0,1.13,0.88,0.908,0,1,0,6,0
5.07,8,5,5.45,0.28,0.963,1,0,2,6,0
11.89,8,2,0.59,3.66,0.92,0,0,2,7,0
12.25,0,6,6.07,7.35,0.542,0,0,1,6,0
21.99,19,1,2.42,2.01,1.039,0,0,0,4,0
19.57,18,8,22.91,4.91,0.958,0,0,1,5,0
25.21,13,2,18.6,8.94,1.146,0,0,1,4,0
25.28,17,4,10.99,13.01,1.473,0,0,1,4,0
45.21,17,0,14.72,1.02,1.428,0,0,1,13,0
5.83,22,1,40.49,2.43,1.754,0,0,3,8,0
44.63,13,6,12.64,0.44,0.403,0,0,0,5,0
43.49,16,5,5.08,1.15,0.891,1,0,2,5,0
16.28,19,1,2.34,8.45,0.559,0,0,4,2,0
41.48,15,0,15.68,2.47,0.749,1,0,2,4,0
72.35,12,7,9.09,0.94,1.104,1,0,1,3,0
260.92,20,1,3.06,0.68,0.621,0,0,2,10,0
86.7,12,0,1.42,11.31,1.085,1,0,2,6,0
20.33,10,4,0.25,2.82,0.656,0,0,0,6,0
2.14,23,7,4.1,3.63,1.048,0,0,3,5,0
45.29,17,2,17.68,2.67,1.158,0,0,0,5,0
37.56,17,5,2.44,0.24,1.126,0,0,2,2,0
12.2,10,1,4.05,2.02,0.75,0,0,0,9,0
4.42,16,8,1.6,9.56,1.219,0,0,4,3,0
15.66,18,0,4.26,2.05,0.953,0,0,0,5,0
70.5,14,1,13.19,6.11,0.533,0,1,0,2,0
12.46,17,0,0.83,12.21,1.405,1,0,0,2,0
93.78,17,0,12.74,2.18,0.875,0,0,2,3,0
32.74,20,2,2.97,6.48,0.614,0,0,0,3,0
17.63,16,5,0.12,2.46,0.741,0,0,1,6,0
83.75,18,1,4.41,1.36,0.405,0,0,1,4,0
67.93,14,4,2.67,1.83,1.088,0,1,1,0,0
10.41,14,0,21.33,4.96,1.219,1,0,0,4,0
14.82,17,7,5.95,0.5,1.888,0,0,2,6,0
345.04,10,5,21.4,5.98,0.509,1,0,1,5,0
18.8,9,8,9.59,4.4,2.204,0,0,3,1,0
16.17,6,5,0.95,1.8,1.159,0,1,0,4,0
102.8,19,8,4.82,0.27,0.402,1,0,0,5,0
34.62,19,4,2.34,0.44,0.896,1,0,2,2,0
21.4,9,5,5.6,9.84,0.841,0,0,0,4,0
33.7,16,0,1.13,5.65,0.718,1,0,1,3,0
57.46,18,7,8.95,6.89,1.189,0,1,0,9,0
6.88,10,3,0.97,6.73,0.839,0,0,0,9,0
47.39,15,7,0.33,7.57,1.153,0,0,1,3,0
30.87,8,0,5.33,7.04,1.053,0,0,2,8,0
0.66,10,3,22.0,14.93,0.661,0,0,1,3,0
33.61,9,6,0.85,1.02,0.483,1,0,2,9,0
27.55,16,7,5.83,0.25,1.746,0,0,1,5,0
9.15,14,5,10.66,7.26,0.502,0,0,0,4,0
41.8,14,0,13.34,4.24,0.573,0,0,2,3,0
14.38,10,7,4.73,9.44,1.164,0,0,1,3,0
5.68,12,9,24.5,8.09,1.126,1,0,0,8,0
108.2,9,6,3.65,0.62,0.873,0,0,1,5,0
349.34,23,6,29.93,0.24,1.536,0,1,2,10,1
23.12,13,1,9.76,15.23,0.692,0,0,1,4,0
15.89,14,2,28.02,3.22,1.49,0,0,1,8,0
54.65,11,6,9.18,9.07,0.464,1,0,1,5,0
30.07,17,3,1.91,16.68,1.151,0,0,0,5,0
6.49,14,3,4.94,1.53,1.8,0,0,0,7,0
11.65,14,4,11.64,1.04,1.359,1,0,0,10,0
9.67,20,7,5.95,7.28,1.512,1,0,0,6,0
263.51,10,0,1.65,13.81,1.121,0,0,0,6,0
21.9,21,4,0.66,0.12,1.078,0,0,0,6,0
5.04,19,9,5.33,0.43,0.901,0,0,1,3,0
77.0,11,7,8.09,0.42,0.981,0,0,1,2,0
35.17,17,8,6.57,8.58,0.969,1,0,2,3,0
63.78,19,0,5.17,9.99,1.561,1,0,0,9,0
38.79,17,6,2.43,16.35,1.257,0,0,1,2,0
14.37,18,5,43.2,0.15,1.185,1,0,0,3,0
60.54,20,3,0.58,1.94,0.505,0,0,2,4,0
30.49,16,4,2.64,3.01,0.7,1,0,1,5,0
28.23,18,4,13.62,6.47,0.713,0,0,2,7,0
5.91,16,7,3.31,0.42,0.653,0,0,1,5,0
29.95,11,2,5.03,6.61,2.307,0,0,0,8,0
24.31,22,8,4.71,0.26,3.262,0,0,0,5,0
37.88,9,3,11.93,25.48,0.573,0,0,1,4,0
73.33,18,4,3.87,3.53,1.455,0,0,0,5,0
17.77,10,5,0.49,6.2,0.527,1,0,2,5,0
10.08,12,6,1.25,2.4,1.013,1,0,0,7,0
56.88,15,5,4.28,10.61,1.656,0,0,1,5,0
42.61,12,2,1.41,37.09,1.297,0,0,1,8,0
16.45,19,0,4.52,1.94,3.167,0,1,1,6,0
25.82,16,5,3.61,0.47,0.66,0,0,2,2,0
130.39,19,7,1.36,4.97,1.077,0,0,1,7,0
61.74,9,8,44.43,10.21,0.658,0,0,0,1,0
86.07,13,4,5.07,0.71,1.667,0,0,0,8,0
14.47,13,1,6.72,18.45,0.904,0,0,0,4,0
19.17,18,4,2.63,3.83,1.385,0,0,0,1,0
26.55,11,0,12.77,5.69,1.082,0,0,0,3,0
45.26,20,2,0.53,2.44,1.011,0,0,0,1,0
17.61,14,3,2.14,1.73,0.896,1,0,1,5,0
40.37,14,4,1.82,6.14,1.088,1,1,2,6,0
16.42,11,7,19.69,2.68,2.738,0,1,0,4,0
26.72,20,5,11.69,3.59,1.19,0,0,0,8,0
21.04,8,6,1.84,7.96,1.8,0,0,0,4,0
58.71,17,1,1.92,6.93,0.553,0,0,1,4,0
18.6,7,0,15.75,22.32,1.287,0,0,0,1,0
37.57,11,4,4.18,5.71,1.399,0,1,1,5,0
29.34,11,8,11.79,3.01,1.148,0,0,0,2,0
36.81,9,3,0.5,9.83,1.255,0,0,1,5,0
26.3,11,5,7.88,18.38,1.422,0,0,2,6,0
73.43,8,7,20.2,0.04,2.08,0,0,2,5,0
25.86,8,5,7.63,11.86,0.764,0,1,1,5,0
744.65,9,4,11.03,3.37,0.609,0,0,0,7,0
23.42,12,1,10.36,5.14,1.1,0,0,1,9,0
8.43,12,0,4.98,0.3,2.235,1,1,1,1,0
14.64,8,1,1.52,0.49,1.036,0,0,2,10,0
53.26,19,1,0.19,1.22,1.231,0,0,0,8,0
36.05,17,4,4.37,0.33,0.76,0,1,1,3,0
73.46,13,6,3.01,1.08,1.004,1,0,1,8,0
76.59,18,1,0.79,3.79,0.909,0,0,2,7,0
39.2,13,3,8.36,3.49,0.875,0,1,2,6,0
18.46,10,8,4.51,19.65,1.017,0,0,1,4,0
12.6,16,4,17.08,0.61,1.039,1,0,0,5,0
24.65,12,8,16.1,27.1,1.308,0,0,2,4,0
42.27,9,2,5.95,2.71,1.462,1,1,1,5,0
10.73,9,9,2.45,8.07,1.342,0,0,1,9,0
29.5,10,5,13.66,5.43,1.196,0,0,0,7,0
31.66,13,3,11.01,1.88,0.582,1,0,2,4,0
36.51,18,4,13.81,4.69,1.162,0,0,1,5,0
3.84,18,4,1.77,1.28,0.935,1,0,2,4,0
74.44,20,0,1.33,0.48,1.787,1,0,0,9,0
4.56,8,8,3.12,11.44,1.251,0,0,1,10,0
116.47,18,5,6.64,10.52,0.435,0,0,2,3,0
54.13,21,0,3.07,10.25,1.011,1,0,1,3,0
15.02,13,1,9.25,22.72,1.477,0,0,1,7,0
33.54,12,1,13.39,20.48,1.334,0,0,0,7,0
39.87,12,5,10.97,1.66,0.79,1,0,1,8,0
60.49,21,1,8.33,1.85,1.487,0,0,0,6,0
4.65,20,4,6.0,0.5,0.729,1,0,0,6,0
43.67,15,9,2.8,4.62,0.658,0,0,2,4,0
47.93,12,0,10.59,0.58,1.023,0,0,0,2,0
46.83,19,6,6.54,1.11,1.859,0,0,0,1,0
13.61,1,3,0.4,5.32,0.829,1,0,0,10,0
26.51,13,3,18.32,2.44,0.605,1,0,0,8,0
10.28,21,9,8.13,2.64,0.994,0,0,1,3,0
36.06,21,4,1.54,2.78,0.93,1,1,1,3,0
50.46,12,5,19.26,11.07,0.738,0,0,2,8,0
12.52,8,9,12.98,9.11,0.541,0,0,2,5,0
24.95,2,0,8.33,8.27,1.787,0,0,2,4,0
141.94,0,2,26.19,1.79,1.769,1,0,0,5,0
115.88,15,7,8.9,2.28,1.451,1,0,0,6,0
39.59,21,4,9.34,7.83,0.997,0,0,3,3,0
31.8,13,3,18.53,7.39,0.738,0,0,1,3,0
68.15,17,1,1.31,0.72,0.924,1,0,0,2,0
7.12,8,4,2.6,0.42,0.521,1,0,1,5,0
37.71,9,6,72.96,5.8,1.989,0,0,0,3,0
109.15,16,0,7.27,4.75,1.184,0,0,1,3,0
29.43,13,8,14.8,7.69,1.038,0,1,1,4,0
34.76,14,3,4.92,1.84,0.927,0,0,1,9,0
75.34,20,0,3.61,0.7,1.372,0,0,0,4,0
17.26,21,5,3.13,4.14,1.093,0,0,1,9,0
93.01,10,5,13.91,1.89,1.115,0,0,0,7,0
81.06,8,5,1.17,4.3,0.428,1,0,1,12,0
49.7,14,3,3.31,0.21,0.769,1,0,1,4,0
5.47,12,7,3.67,0.58,1.238,0,0,2,3,0
55.23,19,2,5.32,11.37,0.957,1,0,0,4,0
16.58,21,8,9.42,17.94,1.389,0,0,2,3,0
20.4,18,5,4.2,1.38,1.097,0,1,1,4,0
72.54,8,1,26.1,0.1,0.778,0,0,2,5,0
4.06,8,1,4.63,3.9,1.567,1,0,0,5,0
87.87,14,1,10.99,9.97,0.948,0,0,1,5,0
100.3,15,5,16.45,2.68,4.115,1,1,0,5,0
109.06,16,1,11.06,13.72,1.277,1,0,0,6,0
52.0,9,1,0.11,11.97,1.232,0,1,0,5,0
17.22,12,2,7.72,6.16,0.937,0,0,2,6,0
25.22,16,8,6.56,1.54,1.421,0,0,0,7,0
14.52,15,5,5.51,6.91,0.724,0,0,3,1,0
27.78,17,0,10.12,4.62,0.934,0,0,1,9,0
75.0,19,1,1.57,1.09,1.489,0,0,0,7,0
27.23,16,2,11.45,5.65,1.111,0,0,1,6,0
16.78,6,0,16.41,1.02,1.418,0,0,0,4,0
49.88,15,5,7.96,7.03,0.717,0,0,1,9,0
20.11,6,8,12.5,4.85,0.969,1,0,1,2,0
8.11,16,3,0.35,4.88,0.808,1,1,0,0,0
19.46,12,1,0.61,14.96,0.693,0,0,3,8,0
215.07,15,6,7.13,0.18,0.889,0,0,1,5,0
7.04,20,9,5.54,0.98,1.098,0,0,0,4,0
41.81,13,3,0.57,1.25,1.321,1,0,0,4,0
6.9,19,0,4.94,0.89,0.926,1,0,1,3,0
6.44,18,6,2.68,4.05,1.104,0,0,1,5,0
61.1,1,3,78.72,10.69,3.701,0,0,3,16,1
6.24,11,4,5.86,5.68,3.333,1,0,1,1,0
72.63,15,3,1.03,1.8,1.004,1,0,0,10,0
26.61,18,8,3.84,4.83,1.203,0,1,0,4,0
75.5,19,2,7.24,9.55,1.459,0,0,2,9,0
26.45,6,1,1.38,3.09,2.126,1,0,1,2,0
78.22,20,0,4.3,3.25,0.936,0,0,1,3,0
7.56,9,1,7.63,1.54,1.308,0,0,1,9,0
37.76,13,1,7.64,13.91,0.796,0,1,1,8,0
5.16,8,2,2.13,1.5,1.28,1,0,1,3,0
28.77,11,0,2.69,1.64,1.327,0,0,0,5,0
27.05,9,5,19.33,0.59,0.457,0,0,0,6,0
27.88,16,8,12.7,1.77,0.861,0,0,0,1,0
57.09,7,6,3.18,1.77,2.172,0,0,0,3,0
23.2,20,4,41.13,0.67,1.282,0,0,1,8,0
26.38,13,0,0.02,0.99,1.139,0,0,1,4,0
4.58,21,5,3.85,0.55,1.237,0,0,1,5,0
50.41,15,7,3.21,0.91,0.967,0,0,1,4,0
20.54,13,7,13.35,5.74,0.367,0,0,0,3,0
40.3,22,0,6.31,6.83,1.21,1,0,0,3,0
12.96,18,2,2.48,2.72,0.684,0,0,0,6,0
5503.67,9,1,56.15,21.88,8.88,0,0,6,16,1
86.84,14,9,19.3,12.7,2.358,0,0,0,8,0
16.07,9,3,4.73,1.68,0.487,1,0,0,7,0
26.99,11,0,3.86,8.29,0.562,0,0,1,3,0
49.2,19,3,0.04,10.55,0.576,0,0,0,3,0
37.24,11,7,7.29,1.54,0.771,0,0,1,5,0
50.76,12,0,6.36,8.44,0.927,0,0,1,5,0
31.78,13,7,9.66,6.22,1.642,0,1,3,6,0
17.44,16,6,19.14,2.1,0.812,0,0,1,6,0
33.53,17,7,4.54,11.33,1.765,0,0,0,1,0
23.11,23,5,6.19,3.33,0.794,0,0,1,9,0
13.29,14,6,0.53,0.95,1.442,0,0,0,3,0
15.79,9,9,3.29,0.68,0.953,0,0,0,5,0
18.36,6,0,10.78,0.77,1.115,0,0,0,6,0
5.1,8,9,20.07,25.67,0.936,1,0,0,5,0
8.17,10,1,7.93,0.87,1.094,0,0,2,3,0
26.13,13,3,0.82,2.11,0.915,1,0,1,7,0
55.49,18,8,6.84,2.96,0.821,0,0,0,4,0
15.26,14,6,0.01,4.3,1.482,0,0,0,4,0
52.63,13,5,19.61,0.28,1.688,0,1,1,9,0
297.87,15,7,0.33,8.81,1.871,0,0,2,6,0
19.57,12,9,9.4,4.0,0.842,1,0,0,7,0
15.14,13,5,3.04,0.75,0.895,0,0,1,6,0
68.85,7,3,4.02,5.1,2.323,0,1,2,5,0
78.39,16,4,4.81,3.53,1.303,0,0,1,5,0
9.61,21,0,8.0,7.29,1.261,0,0,0,4,0
78.61,0,5,1.21,22.16,10.095,0,1,3,12,1
126.66,19,9,8.55,9.53,1.503,0,0,0,3,0
24.81,11,4,2.78,2.81,1.579,0,0,0,2,0
510.95,3,9,3.52,35.95,2.171,1,1,4,14,1
56.86,17,6,16.42,0.55,0.976,0,0,3,5,0
16.09,18,2,13.3,2.15,0.885,0,0,2,3,0
6.08,18,0,24.06,1.69,2.563,0,0,3,6,0
93.32,18,0,37.66,6.92,1.368,1,0,1,5,0
19.93,16,5,3.15,11.39,1.852,0,0,0,7,0
32.32,15,8,0.7,10.32,2.011,1,0,1,3,0
18.2,19,3,2.28,2.87,1.555,0,0,1,4,0
92.99,18,3,6.37,1.58,0.839,1,0,3,3,0
19.12,23,1,12.4,9.74,0.622,0,0,1,4,0
79.57,12,7,3.4,3.89,0.596,1,0,0,8,0
78.53,13,8,1.62,8.89,0.55,0,1,1,5,0
35.51,18,1,19.91,2.67,2.056,1,0,0,1,0
62.72,11,0,6.58,7.45,0.623,0,0,1,7,0
18.07,17,5,20.56,2.13,1.277,0,0,1,6,0
17.77,15,8,18.6,0.36,0.525,1,0,0,3,0
24.28,15,0,2.76,3.26,1.025,0,0,0,6,0
203.99,19,5,1.4,17.74,0.666,0,0,0,2,0
32.66,6,4,13.48,1.42,0.976,0,0,1,5,0
89.51,12,2,2.47,1.06,0.772,1,0,0,5,0
54.83,19,6,25.48,1.58,0.754,0,0,2,6,0
16.22,15,0,28.93,3.37,1.1,0,0,1,2,0
31.84,13,8,1.91,6.61,0.609,1,0,1,5,0
11.41,11,9,7.71,1.96,1.318,0,0,0,4,0
61.89,22,5,1.01,0.36,1.915,1,0,0,4,0
38.39,17,3,37.66,4.76,1.506,0,0,1,7,0
34.95,12,1,4.96,2.5,0.869,0,0,0,4,0
139.95,17,3,2.24,14.4,1.831,0,0,3,6,0
14.34,18,2,2.03,1.53,0.66,0,1,1,4,0
18.24,12,0,26.89,8.14,1.559,0,0,0,9,0
166.16,17,8,2.19,1.19,0.582,1,0,1,1,0
1091.74,2,7,11.78,22.46,1.439,0,0,3,12,1
30.92,13,3,4.56,3.25,1.086,0,0,2,4,0
86.27,20,1,2.74,1.49,1.177,0,0,1,2,0
34.9,13,7,11.27,5.23,0.864,0,0,1,6,0
1.91,16,0,20.01,14.06,0.595,1,1,0,4,0
15.87,20,3,13.13,1.57,1.013,0,0,0,6,0
16.82,11,8,3.13,21.33,1.453,1,0,0,5,0
40.11,21,1,7.46,2.7,0.935,0,0,0,6,0
10.72,14,6,3.62,0.44,0.942,0,0,1,10,0
22.64,12,0,0.06,0.42,1.291,0,0,1,5,0
21.09,18,0,14.77,1.37,0.341,0,0,1,3,0
114.11,12,1,4.75,1.87,1.038,0,0,1,10,0
19.72,21,0,36.75,3.51,1.708,0,1,1,4,0
15.94,17,6,30.51,1.35,1.189,1,0,0,3,0
152.12,22,6,3.97,10.37,1.0,0,0,1,4,0
21.81,17,3,0.67,0.49,1.558,1,0,0,8,0
47.47,12,4,5.43,0.39,0.914,0,0,2,6,0
12.7,13,7,2.27,3.18,1.506,0,0,0,6,0
31.99,15,1,6.96,4.57,0.818,0,0,2,8,0
32.28,11,3,6.98,3.13,1.802,0,1,0,8,0
26.29,22,0,2.35,6.37,0.915,0,0,4,0,0
13.59,20,8,6.83,1.37,0.502,1,0,1,3,0
13.25,18,2,9.26,1.0,0.812,0,0,1,2,0
18.53,14,4,22.96,1.84,1.323,0,0,1,7,0
77.41,15,2,0.02,4.81,0.674,1,0,0,6,0
60.67,15,2,7.7,0.7,1.2,0,0,0,10,0
73.55,12,4,2.38,5.53,0.789,0,0,1,6,0
27.93,13,5,1.54,8.07,0.595,1,0,1,7,0
100.58,17,5,11.45,5.95,0.956,0,0,0,4,0
38.04,13,7,13.54,6.19,0.274,0,0,2,9,0
125.91,9,7,7.97,3.87,1.922,0,0,1,7,0
6.77,14,1,17.97,2.6,1.764,0,0,0,6,0
13.37,14,0,0.87,1.83,0.647,0,0,0,8,0
8.92,19,0,12.65,0.91,0.683,1,0,0,2,0
10.8,9,0,10.96,1.14,0.991,0,0,2,3,0
39.52,9,0,4.57,15.0,1.191,0,0,1,9,0
15.71,12,0,0.19,0.83,0.761,0,0,1,5,0
16.89,14,9,12.88,1.35,1.469,0,1,1,6,0
81.92,16,9,3.9,9.5,1.282,0,0,1,9,0
42.5,17,9,2.12,9.8,2.272,0,0,1,6,0
92.82,17,3,3.91,1.48,0.783,0,0,0,2,0
23.05,10,9,12.79,0.37,1.76,0,1,2,3,0
45.44,22,3,1.93,0.26,0.644,0,0,0,4,0
16.97,17,9,6.46,15.21,0.775,1,0,1,10,0
81.33,16,2,0.33,21.91,0.85,0,0,1,3,0
75.17,20,7,1.29,2.14,0.965,0,0,1,10,0
17.91,15,8,2.62,0.68,0.882,0,0,1,6,0
104.86,15,5,2.51,6.39,1.621,1,0,1,8,0
85.08,11,6,3.39,2.37,1.256,0,0,2,2,0
3.43,13,6,7.03,2.82,0.882,0,0,2,7,0
42.37,12,7,21.13,3.58,1.467,0,0,2,6,0
97.78,15,0,6.59,3.05,1.483,0,0,0,3,0
11.71,8,3,12.94,3.17,3.225,0,0,1,3,0
19.2,8,3,12.07,4.97,0.409,0,0,2,2,0
11.23,12,9,0.67,21.24,2.177,0,0,1,5,0
338.23,0,7,51.39,13.12,2.485,1,0,1,9,1
27.23,17,9,2.72,3.2,1.127,0,0,1,6,0
18.03,20,8,0.12,1.11,1.375,1,0,1,4,0
24.0,19,9,13.45,0.53,1.348,0,1,0,6,0
41.4,17,6,5.43,0.11,1.213,0,0,0,8,0
75.21,15,9,0.3,1.96,1.056,1,0,1,2,0
39.34,22,1,12.05,2.31,0.378,0,0,0,4,0
22.41,18,5,14.24,3.45,1.655,0,0,0,2,0
17.52,6,7,6.17,10.54,0.609,0,0,0,6,0
116.85,9,7,29.5,5.02,1.459,0,0,1,8,0
7.5,16,9,2.42,0.18,1.239,1,0,1,8,0
35.01,23,2,5.19,0.24,1.12,0,0,0,3,0
14.41,16,3,1.97,2.01,0.443,0,0,1,6,0
47.49,14,0,0.32,2.8,0.589,0,0,0,5,0
79.27,13,4,7.87,1.88,0.934,1,0,2,4,0
16.94,17,1,2.41,2.66,1.608,0,0,1,8,0
31.46,17,2,12.55,7.19,0.578,0,0,2,3,0
55.19,7,9,5.36,0.45,1.325,0,0,2,2,0
51.84,9,7,3.74,10.85,0.988,1,0,0,10,0
39.18,23,6,2.83,0.32,1.51,0,0,1,4,0
6.63,9,7,2.81,4.38,0.715,0,0,1,3,0
122.27,0,3,16.25,9.77,5.488,0,1,3,8,1
15.39,22,1,5.75,1.25,1.55,0,0,0,3,0
101.68,20,5,0.22,3.22,1.122,0,0,1,6,0
28.08,12,3,2.81,0.64,0.96,1,0,1,3,0
9.06,14,4,3.79,7.79,0.695,0,0,0,1,0
42.23,22,1,1.57,2.58,1.454,0,0,1,6,0
26.17,19,3,5.06,0.33,0.528,0,0,0,6,0
111.85,17,6,12.09,7.22,1.899,0,0,2,6,0
50.81,18,1,30.46,4.56,0.983,1,1,0,6,0
4.77,10,4,10.64,1.19,1.55,1,0,1,1,0
18.1,20,3,1.59,2.99,1.25,0,0,0,3,0
10.43,13,3,0.57,0.0,0.814,0,0,1,3,0
445.33,7,3,6.74,2.31,0.563,0,0,1,3,0
15.38,17,6,4.86,2.0,1.235,0,0,0,4,0
540.35,17,1,33.26,6.59,1.133,0,0,1,5,0
17.95,13,8,8.05,1.72,0.995,0,0,1,3,0
224.23,18,1,3.54,1.6,0.758,1,0,0,6,0
113.96,17,7,4.86,13.07,0.622,1,0,0,6,0
101.42,19,3,2.83,7.14,0.919,0,0,1,3,0
7.39,17,3,0.4,1.22,0.768,0,0,2,8,0
31.0,18,0,4.0,1.51,2.946,0,0,1,7,0
12.25,13,8,4.07,0.25,1.029,0,1,0,8,0
270.35,18,0,3.9,1.76,0.872,0,1,0,3,0
33.04,13,1,7.49,2.68,0.822,0,0,0,7,0
16.77,10,2,8.57,2.12,1.312,0,1,2,4,0
9.75,7,0,2.47,0.35,0.581,0,0,0,3,0
127.48,12,6,3.44,57.38,5.879,0,0,2,14,1
81.02,19,0,7.88,17.39,1.311,0,0,2,1,0
31.57,7,9,16.15,12.69,0.674,0,0,1,5,0
7.53,9,1,6.8,7.9,0.618,0,0,0,4,0
42.58,15,9,10.62,5.52,0.815,0,0,0,6,0
20.05,19,5,2.76,1.75,0.754,0,0,1,6,0
3.84,12,5,7.52,9.86,1.225,1,1,1,1,0
489.33,7,3,41.81,0.05,0.969,1,0,0,5,0
79.23,22,8,0.14,10.66,1.876,0,0,1,7,0
59.77,15,2,4.39,1.54,0.983,1,0,0,5,0
18.34,17,9,2.0,0.69,1.175,0,0,0,3,0
27.55,8,4,25.53,1.91,0.921,0,0,0,5,0
9.83,16,0,9.46,3.42,1.142,1,0,0,6,0
17.93,11,7,8.6,15.34,0.946,0,1,1,5,0
9.59,19,1,5.32,4.09,0.461,1,0,0,3,0
69.73,16,6,14.26,1.5,1.203,0,0,1,6,0
53.66,11,9,0.17,1.6,0.996,0,0,0,5,0
38.54,15,2,8.67,0.54,0.838,0,0,1,3,0
94.87,19,1,2.09,2.25,1.371,0,0,0,3,0
175.43,15,1,11.28,1.32,0.361,0,0,1,3,0
70.2,18,5,1.63,4.22,1.166,0,0,1,7,0
129.44,20,9,6.47,2.17,0.808,0,1,1,2,0
44.58,19,9,18.73,10.65,0.571,0,0,0,2,0
1679.48,15,3,34.78,2.21,1.03,0,0,1,6,0
9.97,12,2,7.43,4.0,0.994,1,0,1,5,0
12.59,7,4,5.06,4.08,1.138,0,0,0,3,0
35.92,18,4,33.05,2.39,0.854,0,0,1,6,0
55.52,12,4,2.47,0.51,0.504,0,0,2,3,0
95.96,13,4,9.39,4.03,1.461,0,0,0,2,0
77.72,19,4,9.19,4.89,1.454,0,0,1,5,0
58.46,9,4,1.96,20.39,0.345,1,0,0,1,0
94.84,12,4,3.08,2.78,1.544,1,0,0,4,0
9.87,15,4,1.64,2.66,0.416,1,0,0,6,0
46.35,10,4,1.41,1.94,1.648,0,0,1,10,0
28.74,9,1,14.01,6.47,1.031,0,0,0,11,0
28.66,18,1,1.33,21.09,0.703,0,0,1,3,0
209.92,14,2,8.82,2.24,1.642,1,0,1,9,0
247.2,0,8,10.85,1.79,1.563,0,0,1,5,0
32.52,13,3,1.49,7.47,1.224,0,0,0,3,0
21.46,7,0,2.7,1.21,1.137,0,1,0,8,0
32.51,17,5,9.62,5.81,1.558,1,0,2,5,0
322.36,23,9,93.2,7.32,4.201,0,1,2,14,1
37.0,15,0,6.74,12.3,0.619,0,0,0,4,0
36.27,22,7,2.51,8.02,1.317,0,0,0,5,0
54.89,7,8,7.62,6.22,1.398,0,0,0,4,0
15.46,11,3,1.0,2.5,0.938,0,0,1,6,0
38.16,9,4,3.25,12.5,0.895,0,0,0,7,0
57.18,18,2,1.4,6.67,1.169,0,0,2,4,0
10.79,20,0,3.0,4.68,0.616,0,0,2,7,0
41.2,20,5,1.34,3.97,0.771,0,0,0,8,0
80.79,9,6,1.54,1.63,0.466,0,0,1,2,0
109.35,12,3,4.92,0.77,1.928,1,0,2,8,0
230.96,10,5,10.36,16.07,1.818,0,0,1,5,0
31.45,10,0,0.7,1.74,0.608,0,0,0,4,0
12.2,10,1,15.12,7.39,1.968,0,0,1,3,0
12.63,8,8,2.9,2.51,1.743,0,0,0,10,0
39.75,17,4,37.99,0.11,0.67,1,0,0,6,0
11.35,12,8,8.04,1.18,0.632,1,0,1,5,0
31.89,14,1,4.13,2.76,1.063,1,0,1,6,0
56.37,18,1,1.06,2.86,1.465,0,0,0,4,0
35.78,12,1,8.43,0.95,1.004,1,0,0,2,0
23.18,13,9,0.91,3.09,0.911,1,0,1,5,0
16.12,18,8,13.1,6.99,1.204,0,0,0,5,0
366.29,13,0,10.65,6.15,1.07,0,0,0,5,0
12.09,20,7,12.98,0.89,1.604,0,0,0,4,0
138.91,17,4,6.71,5.91,1.157,1,0,0,4,0
35.29,9,2,0.89,2.23,0.748,1,0,2,6,0
474.86,1,7,119.78,2.39,2.465,0,0,3,10,1
8.35,8,9,3.91,12.0,1.567,0,0,3,5,0
34.21,16,3,6.36,2.38,1.027,0,0,1,7,0
67.32,14,3,57.78,10.8,3.782,0,0,2,20,1
20.9,7,5,33.73,9.93,0.849,0,0,1,5,0
10.87,7,9,8.68,5.1,0.816,0,1,1,7,0
58.59,14,9,17.58,4.2,0.383,0,0,0,4,0
127.12,15,6,5.91,4.46,1.24,0,0,0,5,0
14.26,9,1,2.32,3.26,1.634,1,0,0,7,0
2.22,13,5,13.94,3.63,0.597,1,0,0,5,0
11.68,18,1,5.61,4.6,0.584,1,0,0,5,0
36.32,8,3,10.46,0.84,1.091,0,1,0,9,0
74.5,11,0,0.34,3.51,1.659,0,0,1,3,0
4.58,16,4,4.7,2.94,0.37,0,0,0,6,0
13.17,16,8,17.72,12.08,0.746,0,0,0,10,0
46.78,10,5,0.37,10.67,1.057,0,0,1,7,0
12.18,17,6,1.37,0.15,1.178,0,0,1,6,0
7.43,9,9,7.24,2.43,1.521,0,0,0,6,0
48.57,18,1,0.72,12.15,0.965,0,0,1,6,0
308.43,8,2,19.95,2.83,1.0,0,0,0,5,0
17.15,20,3,4.14,0.21,0.861,0,0,1,6,0
17.96,13,6,1.61,8.12,0.905,1,1,4,1,0
24.46,17,3,4.04,19.5,1.385,0,0,0,6,0
12.0,18,5,6.29,2.0,1.716,0,1,1,2,0
44.33,14,0,6.29,9.49,0.894,0,0,1,10,0
46.16,21,7,2.78,2.6,1.033,0,0,2,5,0
33.41,18,6,5.89,5.51,1.717,0,0,2,5,0
51.24,21,2,6.09,4.26,1.022,0,0,0,8,0
61.27,11,7,3.46,6.42,0.849,1,1,0,9,0
70.74,18,8,10.54,0.81,1.751,0,0,1,7,0
19.75,7,7,0.62,3.21,1.403,1,0,1,4,0
101.67,11,7,0.96,8.0,0.896,0,0,2,8,0
32.85,19,0,10.02,3.47,1.587,0,0,1,8,0
43.55,12,2,3.04,2.5,1.262,0,0,0,3,0
31.06,9,0,0.53,8.5,0.931,1,0,3,7,0
42.45,17,4,15.01,7.96,1.11,0,0,2,3,0
41.01,12,0,19.19,0.02,2.193,1,0,0,5,0
127.26,11,8,1.35,4.36,1.606,0,0,1,5,0
2.75,19,4,2.03,13.12,1.261,0,0,1,4,0
46.19,7,0,7.31,0.03,0.744,0,0,1,4,0
42.9,13,4,9.3,13.44,0.529,1,0,1,8,0
37.0,11,0,5.72,11.15,0.945,1,0,2,6,0
183.47,12,5,8.91,0.13,0.764,0,0,2,4,0
10.5,13,0,5.64,8.16,2.101,1,0,2,3,0
26.69,11,0,18.97,0.97,0.835,0,0,1,4,0
35.25,16,6,27.77,2.23,0.881,0,0,1,3,0
21.06,9,4,10.32,8.07,0.986,0,0,2,4,0
13.76,16,6,9.14,6.77,1.414,0,0,2,4,0
136.2,10,6,0.03,2.89,1.198,0,0,1,3,0
66.21,18,2,8.32,2.38,0.729,0,0,3,3,0
38.77,12,6,0.83,1.84,1.081,0,0,1,5,0
40.26,11,7,3.85,6.25,0.917,0,0,2,5,0
19.09,22,1,3.02,15.66,0.987,0,0,0,3,0
70.84,13,2,2.07,0.18,0.862,0,0,2,4,0
77.83,12,0,4.51,5.79,1.106,0,0,0,1,0
13.93,13,0,2.44,0.54,2.165,0,0,0,4,0
18.93,21,7,25.37,0.2,2.077,1,0,1,5,0
40.97,22,6,6.23,10.93,0.785,0,0,1,4,0
53.29,15,6,1.77,1.52,1.535,0,0,0,7,0
101.65,13,6,7.97,4.57,1.303,0,0,3,4,0
185.33,12,8,19.42,11.68,1.3,0,0,0,6,0
70.48,11,8,21.07,3.6,1.745,0,0,1,4,0
16.55,15,1,3.64,5.74,1.361,0,0,1,8,0
48.29,12,3,0.06,0.29,1.553,0,0,1,4,0
267.3,19,7,13.5,8.73,1.37,0,0,0,7,0
106.72,11,5,1.16,4.14,0.858,0,0,2,6,0
156.84,20,3,8.79,4.87,0.718,0,0,1,1,0
76.19,11,6,2.8,7.87,0.877,1,0,0,8,0
10.44,9,8,14.66,2.12,0.742,0,0,1,5,0
8.56,8,0,0.88,1.32,1.483,0,0,0,10,0
4.15,17,7,2.32,13.47,0.756,0,0,1,5,0
39.38,9,4,20.92,0.3,0.637,0,0,0,8,0
59.89,21,6,2.48,12.86,0.586,1,0,2,6,0
7.37,15,5,15.92,8.97,1.065,0,0,0,6,0
18.59,12,1,7.23,2.88,1.893,0,0,0,7,0
148.92,15,7,7.1,0.96,0.674,1,1,1,0,0
27.27,13,3,0.06,9.71,1.142,1,0,0,8,0
93.43,12,1,9.04,0.43,0.888,0,0,0,4,0
44.12,20,7,20.16,11.77,1.41,0,0,3,3,0
79.92,8,1,7.1,5.37,0.814,0,0,0,9,0
32.46,10,4,1.04,1.12,1.849,0,0,0,3,0
82.37,3,2,23.02,166.7,2.946,1,0,3,12,1
47.26,18,3,6.84,4.03,1.008,0,0,3,3,0
79.27,11,4,3.03,17.67,0.543,1,0,2,4,0
13.09,13,2,0.14,2.14,1.619,1,1,0,5,0
27.62,20,9,22.18,4.83,0.527,1,0,6,5,0
76.76,15,2,4.4,17.77,0.71,0,0,2,4,0
76.07,13,3,3.4,3.11,0.572,1,0,0,4,0
31.28,8,5,4.19,6.01,0.988,1,0,0,0,0
15.88,8,5,28.57,6.3,1.586,0,0,0,4,0
51.86,11,9,0.25,2.17,0.572,0,0,0,6,0
78.47,18,5,27.58,6.05,0.99,0,0,1,2,0
133.41,20,5,1.81,0.66,0.389,0,0,3,2,0
12.13,12,8,8.06,3.39,1.668,0,0,0,5,0
12.23,21,1,1.12,5.46,0.921,0,0,0,5,0
24.09,13,3,10.97,5.02,0.61,0,0,0,3,0
24.56,13,2,8.3,2.43,2.695,0,0,1,2,0
32.67,10,7,0.31,0.04,1.529,0,0,2,8,0
223.99,14,5,26.89,0.37,0.577,0,0,1,5,0
18.06,8,9,16.31,1.95,1.851,0,1,1,3,0
40.08,4,7,14.47,222.03,5.855,0,0,0,10,1
45.54,14,5,0.1,2.8,1.253,0,0,1,2,0
46.19,8,6,6.16,7.4,0.831,1,0,0,8,0
179.32,15,7,16.25,6.57,0.852,0,0,1,3,0
16.81,12,0,9.47,7.81,0.446,0,0,1,4,0
21.91,19,8,14.13,12.22,2.251,1,0,3,7,0
69.7,20,3,8.24,2.72,0.79,0,0,1,5,0
9.49,2,3,13.94,1.29,0.513,0,0,1,5,0
23.45,13,0,17.52,0.93,0.687,0,0,2,10,0
41.5,17,9,6.13,10.51,0.852,0,0,0,5,0
45.58,12,2,6.27,3.82,1.882,0,0,1,2,0
14.56,19,3,38.63,8.21,0.724,0,0,0,7,0
62.8,7,5,22.66,2.43,1.154,0,0,1,5,0
53.33,12,8,17.0,2.68,0.952,1,0,0,5,0
17.02,11,4,20.06,17.44,0.905,0,0,0,4,0
36.07,21,8,1.08,0.03,0.728,0,0,1,7,0
43.7,13,1,24.9,3.87,0.875,1,0,1,0,0
24.48,16,0,0.48,4.98,1.056,0,0,0,4,0
115.54,10,6,0.13,3.85,0.86,0,0,0,4,0
14.94,10,1,2.71,4.9,0.948,0,0,0,3,0
6.61,1,0,0.5,2.02,0.948,0,0,0,7,0
166.46,17,5,14.46,0.53,1.196,0,0,0,4,0
10.5,0,8,2.79,12.55,1.46,0,0,2,8,0
51.5,17,4,7.77,13.19,0.864,0,0,1,6,0
56.64,11,6,21.88,9.51,0.794,1,0,0,2,0
91.32,8,7,9.52,1.76,0.639,0,0,1,2,0
44.3,17,4,1.54,2.89,1.447,0,0,0,6,0
201.69,0,3,30.31,0.07,17.336,0,1,2,8,1
20.03,12,9,4.11,4.67,0.835,0,0,1,4,0
3.07,22,6,16.0,4.35,0.946,1,0,0,9,0
54.25,9,3,5.06,2.77,0.682,1,0,1,8,0
24.82,15,4,15.31,0.27,0.622,0,0,0,6,0
13.53,8,0,2.57,0.83,0.961,0,0,2,3,0
96.1,5,2,3.45,1.36,1.25,0,0,0,6,0
10.14,16,7,17.64,1.43,0.754,1,0,1,1,0
8.11,12,0,3.59,2.68,1.696,0,0,0,2,0
22.47,15,4,10.05,1.51,1.186,0,0,1,1,0
81.32,20,5,2.42,1.74,2.738,0,0,0,8,0
16.28,18,7,2.03,5.95,1.025,0,0,2,5,0
13.58,9,9,15.94,2.13,0.676,0,1,0,4,0
43.33,7,7,7.74,7.28,0.925,0,0,1,4,0
212.16,22,0,4.75,138.06,10.324,0,1,5,9,1
20.57,10,1,14.26,2.18,1.568,0,0,2,4,0
61.77,12,5,12.85,12.03,1.243,0,0,0,2,0
56.28,13,6,2.06,11.03,0.354,1,0,1,5,0
48.25,14,7,7.66,6.69,0.693,0,0,1,3,0
8.73,8,3,1.23,7.74,1.05,0,0,1,7,0
13.17,22,5,3.27,3.0,0.866,0,0,0,6,0
13.44,12,8,4.32,4.18,0.457,0,0,2,2,0
5.16,8,4,1.17,1.65,0.672,0,0,1,9,0
476.71,20,4,0.38,0.09,0.771,1,0,1,4,0
71.24,18,5,16.28,8.03,0.713,0,1,0,8,0
47.5,16,9,2.86,4.07,1.008,1,0,0,2,0
42.86,7,8,5.11,5.94,0.841,0,1,1,8,0
43.35,20,8,4.05,6.36,1.346,0,0,0,8,0
12.15,14,4,2.05,1.73,0.791,0,0,0,12,0
93.73,13,0,9.17,1.68,1.342,0,0,0,10,0
9.73,20,2,5.3,2.79,1.695,0,1,1,5,0
503.67,14,0,7.25,4.15,1.035,0,0,2,5,0
47.78,10,3,18.24,4.41,0.602,0,0,0,3,0
11.59,11,9,3.25,15.74,1.068,1,0,1,3,0
18.84,12,6,4.51,5.11,0.684,0,0,0,1,0
26.81,23,5,10.3,3.43,0.933,0,0,0,5,0
35.94,18,5,15.04,2.89,1.007,0,0,0,5,0
31.28,10,3,5.79,0.33,0.534,0,0,0,4,0
65.23,20,7,0.47,2.38,2.133,1,0,0,6,0
16.7,23,2,6.4,10.74,0.941,0,0,0,4,0
11.56,12,6,2.13,4.45,0.844,0,0,1,6,0
17.77,9,3,5.35,1.29,0.64,0,0,0,4,0
32.47,14,3,1.92,0.66,1.23,0,0,2,3,0
6.15,8,0,23.17,1.25,0.795,0,1,0,8,0
57.53,13,0,2.97,0.85,1.103,0,1,0,4,0
60.84,11,3,1.37,1.07,1.057,0,0,0,9,0
25.42,12,3,9.74,13.41,0.607,1,0,1,9,0
40.99,8,0,16.66,1.1,0.699,0,0,0,2,0
19.45,11,6,2.98,0.8,0.883,0,0,0,5,0
4.91,17,3,1.33,12.56,1.533,1,0,1,4,0
109.58,17,9,62.11,1.95,4.525,1,0,2,10,1
9.44,8,1,9.46,2.69,1.379,0,0,0,3,0
13.46,12,2,2.36,3.68,0.943,0,0,0,7,0
164.74,19,1,24.43,0.1,1.493,0,0,1,4,0
28.81,7,8,12.48,1.72,0.852,0,0,1,6,0
9.98,8,6,10.94,7.09,1.028,0,0,2,8,0
5.97,9,2,8.52,0.28,1.019,0,1,0,11,0
20.99,19,6,2.8,0.55,0.74,0,0,1,1,0
9.73,19,7,7.03,5.13,1.287,0,1,1,7,0
55.11,11,0,1.96,0.11,1.105,0,0,0,3,0
7.12,12,5,2.86,0.45,0.621,1,0,0,5,0
12.43,17,8,5.78,0.6,1.672,0,0,2,6,0
41.93,12,7,10.67,5.22,1.548,0,0,0,8,0
68.52,20,4,8.83,6.56,0.618,0,0,1,2,0
81.04,18,0,4.72,6.53,1.616,1,0,3,4,0
68.5,19,8,0.21,7.38,0.901,1,0,0,6,0
43.6,11,3,2.14,2.48,2.471,0,0,0,5,0
242.75,23,0,1.88,0.24,1.429,0,1,1,6,0
211.47,10,1,3.69,4.36,1.602,0,0,2,2,0
63.03,14,8,0.68,2.2,0.882,1,0,2,7,0
18.07,22,2,3.41,0.57,0.981,0,0,2,3,0
17.44,6,2,12.82,9.87,0.651,0,0,2,5,0
282.1,15,4,2.88,3.83,1.018,0,0,0,4,0
27.03,9,5,2.97,0.65,0.992,0,1,1,4,0
52.5,20,7,12.87,7.23,2.18,0,0,2,7,0
5.59,17,6,5.64,0.24,0.879,0,0,0,8,0
23.07,15,0,1.74,0.56,0.431,0,1,3,7,0
15.89,16,0,16.04,9.29,0.765,0,0,1,6,0
26.3,19,9,34.36,1.88,1.228,0,0,1,8,0
37.15,13,1,18.6,15.34,1.381,0,0,1,5,0
28.1,15,1,15.77,8.0,0.846,1,0,0,6,0
7.44,16,0,14.14,0.0,0.935,0,1,0,9,0
35.16,22,0,0.91,3.87,1.27,0,0,0,5,0
10.99,9,5,1.13,6.61,1.166,1,0,0,9,0
77.69,15,9,9.68,21.38,0.549,0,0,0,4,0
41.57,18,9,7.7,20.34,0.809,0,0,1,9,0
8.27,22,3,11.33,1.06,0.812,1,0,0,2,0
168.88,17,7,4.73,4.49,0.857,1,0,1,6,0
13.55,8,0,12.48,9.32,0.69,0,0,1,8,0
91.4,11,6,1.08,12.58,1.21,1,1,1,5,0
97.71,10,6,2.12,3.45,0.679,0,0,0,6,0
36.88,13,2,2.58,1.83,1.157,0,0,2,6,0
197.31,22,5,3.4,11.72,0.827,0,0,0,3,0
282.58,15,5,3.42,0.98,0.925,1,0,0,6,0
37.55,10,5,15.64,3.2,0.873,0,0,1,5,0
28.1,19,5,5.1,1.07,0.967,0,0,1,4,0
21.01,18,8,7.27,14.54,1.715,0,0,0,3,0
86.25,17,9,6.8,3.12,1.407,0,0,0,4,0
21.04,3,0,2.25,5.23,0.558,0,0,0,9,0
8.26,7,1,0.66,2.8,0.872,0,0,0,2,0
4.84,18,5,2.21,14.05,0.853,1,0,3,4,0
48.41,18,3,0.37,2.53,0.669,1,0,1,11,0
322.82,12,3,10.46,5.18,0.868,0,0,1,2,0
102.11,18,3,1.07,3.97,0.507,1,0,4,5,0
101.98,16,3,1.8,0.58,0.623,0,0,0,10,0
25.15,12,6,0.49,3.91,1.139,0,0,0,4,0
6.45,3,4,112.96,10.81,19.879,0,1,2,13,1
54.39,11,1,6.33,7.45,1.501,0,0,0,6,0
36.36,12,3,3.26,0.28,0.501,0,0,1,3,0
59.27,14,3,1.72,11.17,0.659,1,0,0,4,0
982.9,20,7,49.39,33.43,3.555,0,0,0,12,1
17.3,19,0,14.64,3.15,3.587,1,0,0,6,0
61.12,20,3,2.59,6.97,1.745,0,0,1,6,0
21.56,17,7,18.48,1.72,1.61,0,0,0,1,0
35.96,9,6,10.32,9.02,1.023,0,0,1,2,0
19.43,16,7,2.81,2.39,0.746,0,0,0,8,0
263.77,21,9,11.22,6.2,0.734,0,0,1,7,0
38.07,7,6,0.11,10.88,1.804,1,0,0,6,0
11.39,8,8,48.69,1.02,1.315,1,1,1,7,0
15.88,10,7,5.58,2.25,0.711,0,0,1,5,0
8.6,9,5,0.37,2.79,1.407,0,1,0,6,0
49.89,12,0,16.76,13.74,0.98,0,0,1,3,0
65.05,10,0,12.16,6.8,0.642,1,0,3,7,0
26.63,8,4,3.86,4.6,0.922,1,0,4,7,0
66.67,3,3,44.71,64.08,5.295,1,0,3,8,1
131.28,9,6,6.64,1.28,1.054,0,0,2,4,0
59.78,10,8,4.94,8.17,1.082,0,0,5,4,0
75.64,15,9,15.99,1.15,1.301,0,0,0,6,0
35.68,12,3,10.04,2.33,0.711,0,0,1,7,0
41.94,14,5,8.08,0.72,1.459,0,0,1,5,0
80.61,8,1,0.54,3.17,0.945,1,0,0,4,0
61.98,7,5,3.55,11.54,0.782,1,1,1,5,0
19.1,21,0,20.12,1.35,1.305,0,0,2,6,0
8.55,10,2,7.42,2.47,0.559,1,0,0,4,0
50.45,12,1,4.32,2.67,1.151,1,0,0,8,0
16.79,19,3,7.52,0.36,0.828,0,1,0,2,0
38.79,16,2,2.45,23.94,0.909,0,0,1,7,0
81.05,20,3,2.48,4.47,1.056,0,0,0,6,0
241.14,13,9,2.85,3.24,0.567,0,0,0,3,0
39.23,11,6,0.21,2.57,0.302,0,0,1,6,0
32.56,9,6,15.8,1.9,1.5,0,0,0,11,0
146.15,11,8,2.23,1.47,1.147,0,0,0,7,0
21.76,11,6,3.23,1.22,0.758,0,0,0,6,0
5.22,21,3,1.08,0.67,0.867,1,0,1,5,0
147.93,19,7,7.82,5.17,0.881,0,0,3,6,0
93.7,10,4,5.31,6.11,0.641,0,0,1,6,0
21.87,10,7,2.0,0.89,1.579,0,0,0,4,0
8.41,14,2,19.21,7.19,0.572,1,1,0,1,0
13.25,20,3,1.52,0.09,0.491,0,0,1,5,0
159.81,11,5,5.29,3.6,1.602,1,1,0,3,0
14.36,17,5,24.5,11.39,1.23,0,0,1,5,0
19.05,10,3,5.13,2.22,1.065,0,0,1,11,0
86.82,0,0,2.37,4.09,1.046,0,0,0,6,0
113.27,21,8,68.52,83.4,12.959,0,1,4,12,1
7.9,14,5,14.58,2.19,1.509,0,0,1,7,0
56.62,16,6,5.28,7.16,1.502,0,0,0,7,0
16.83,10,2,4.09,1.19,1.081,0,0,1,6,0
58.76,18,8,10.71,4.79,0.816,0,0,0,4,0
81.11,10,1,5.26,10.24,1.28,1,0,0,3,0
63.85,19,9,1.46,8.89,0.69,0,0,0,6,0
7.2,2,2,5.47,14.26,0.908,1,0,2,9,0
22.94,20,4,4.72,16.82,1.097,0,0,1,1,0
36.09,18,7,2.04,7.88,0.658,0,0,1,9,0
368.71,4,2,149.22,80.73,15.0,1,0,1,14,1
41.48,18,0,1.89,5.09,1.356,0,0,0,5,0
15.14,19,0,16.74,3.45,0.823,0,0,0,3,0
20.0,8,3,10.69,1.67,0.613,0,0,1,4,0
46.41,17,0,11.19,0.46,1.228,1,0,3,3,0
51.19,9,5,4.29,0.02,1.592,1,0,0,9,0
16.05,18,0,5.62,6.27,0.36,0,0,1,4,0
1471.04,6,7,37.59,3.92,2.277,1,0,0,13,1
16.4,13,3,12.98,2.83,0.719,1,0,1,5,0
85.75,10,4,4.55,8.75,0.768,0,0,2,2,0
168.78,12,9,11.49,0.88,0.874,0,0,1,5,0
10.76,22,3,2.38,0.34,1.085,0,0,1,6,0
15.59,14,4,11.46,4.1,2.081,0,0,0,6,0
7.15,12,4,5.45,3.83,0.967,0,0,1,12,0
14.47,11,4,4.84,9.08,1.163,1,0,3,7,0
79.4,14,4,47.79,3.68,0.827,0,0,0,6,0
130.2,22,8,18.86,5.0,1.185,0,0,2,10,0
67.33,8,1,0.75,0.13,1.227,0,0,0,3,0
116.18,14,7,14.99,1.53,1.29,1,0,1,7,0
47.61,1,4,4.34,2.98,0.578,0,0,1,1,0
20.32,13,6,3.52,12.67,0.994,1,0,1,3,0
17.24,14,6,1.07,7.39,1.056,0,0,0,7,0
58.5,16,0,1.78,0.48,0.709,1,0,2,8,0
72.05,16,8,11.95,2.65,1.026,0,0,3,8,0
54.16,13,2,2.4,1.86,1.558,0,0,3,4,0
23.38,13,1,0.92,7.87,1.122,0,0,2,3,0
21.11,12,3,16.82,4.6,1.786,1,1,3,5,0
33.18,14,2,5.69,0.51,0.359,0,0,0,1,0
119.3,13,3,11.2,2.7,0.393,0,0,0,8,0
33.79,19,3,3.79,1.48,0.68,0,0,1,3,0
43.34,8,7,7.85,1.54,1.002,1,0,1,6,0
110.87,7,1,0.89,0.5,1.234,0,0,1,6,0
59.4,13,5,10.57,3.49,1.085,0,0,0,8,0
74.37,8,1,25.32,1.25,1.164,1,0,1,4,0
137.62,16,6,4.34,22.3,0.696,0,0,0,2,0
26.33,12,6,17.46,2.4,1.347,0,0,1,2,0
3.14,17,2,15.04,0.5,0.751,0,0,0,1,0
4.69,13,2,0.89,3.62,0.889,0,0,1,1,0
158.89,21,4,0.92,3.87,0.638,0,0,2,7,0
24.81,20,7,0.24,8.15,1.635,0,0,1,3,0
70.17,14,0,8.64,5.24,1.267,0,0,0,5,0
50.96,16,0,4.43,3.44,0.725,0,0,1,6,0
72.38,7,7,3.37,1.4,0.813,0,0,0,2,0
61.7,14,5,23.37,8.29,1.097,1,0,1,9,0
101.35,13,3,0.74,2.66,0.72,0,0,0,9,0
27.28,12,5,0.38,2.19,1.292,1,1,0,6,0
104.76,17,5,0.63,8.19,0.852,1,0,0,0,0
84.14,17,1,7.35,0.78,1.45,0,0,1,7,0
30.79,6,0,11.47,8.95,0.875,0,0,0,6,0
17.85,16,8,12.46,6.29,0.968,0,0,1,5,0
47.66,8,5,1.53,10.57,0.833,1,0,2,4,0
42.63,9,3,1.87,7.01,1.802,0,0,1,3,0
69.93,18,0,6.62,4.14,1.017,0,1,0,5,0
20.33,9,4,6.69,3.62,0.784,0,0,1,2,0
21.73,17,6,4.85,2.17,0.985,0,0,2,4,0
118.83,12,0,28.76,1.12,1.964,0,0,1,5,0
16.66,10,0,8.2,0.39,1.128,1,0,1,4,0
10.8,0,1,11.88,2.45,0.609,0,0,2,3,0
8.45,8,7,5.59,0.37,0.776,1,0,0,4,0
15.18,13,4,5.19,1.58,1.401,1,0,1,2,0
15.6,10,8,8.22,9.59,1.245,0,1,2,6,0
59.41,15,6,1.15,0.54,0.535,0,0,1,4,0
8.63,13,1,1.01,2.84,1.027,0,0,1,10,0
8.67,10,9,19.7,4.66,1.061,1,0,3,9,0
117.56,17,6,1.57,1.06,1.62,0,0,0,3,0
15.03,19,8,5.78,0.84,1.741,0,0,1,3,0
47.36,11,0,7.45,5.88,1.145,0,0,2,2,0
68.77,23,6,9.9,2.53,1.16,0,0,1,8,0
50.14,22,8,2.25,1.29,1.594,1,0,1,5,0
27.77,7,3,5.44,9.83,1.047,1,1,0,4,0
139.09,18,4,2.45,4.52,0.778,1,0,0,5,0
197.14,11,7,1.48,6.54,0.963,0,0,0,1,0
5.72,1,1,11.02,16.45,1.154,1,0,1,3,0
30.96,13,0,5.09,6.93,0.581,0,0,0,7,0
44.41,20,2,7.3,1.74,1.663,0,0,0,2,0
19.21,17,8,14.7,8.39,1.128,0,0,0,6,0
8.54,12,2,5.53,7.46,0.697,0,0,0,4,0
25.56,18,0,4.81,8.89,0.658,1,0,3,8,0
75.4,12,2,0.62,1.57,0.645,0,0,0,2,0
46.24,7,6,3.85,5.57,1.344,0,0,3,2,0
32.19,22,8,4.36,2.57,0.419,1,0,0,5,0
321.0,18,4,8.3,4.12,0.482,0,0,1,3,0
9.03,16,9,15.66,0.11,0.892,0,0,0,5,0
45.28,21,7,1.36,13.76,1.2,1,0,1,4,0
7.27,11,2,0.8,0.85,1.5,1,0,1,6,0
199.38,1,1,7.85,5.12,1.103,0,0,1,11,0
67.52,20,7,9.11,14.84,0.646,0,0,1,5,0
9.2,11,1,1.29,0.72,1.575,0,0,0,5,0
36.09,17,7,2.27,2.11,0.622,0,0,0,5,0
53.23,18,8,0.2,0.95,1.676,0,1,1,6,0
24.3,10,6,7.46,1.59,1.267,0,0,1,4,0
2293.21,0,7,180.21,93.3,2.222,0,0,0,14,1
115.91,15,4,10.23,9.46,0.965,0,0,0,4,0
21.23,11,6,1.57,0.96,0.964,0,0,1,5,0
28.59,11,9,2.37,4.16,1.004,1,1,0,9,0
15.72,8,8,2.22,0.42,0.948,0,0,1,3,0
40.41,14,3,2.64,6.3,0.712,1,0,1,7,0
164.04,19,9,12.41,9.39,1.797,0,0,1,6,0
80.9,14,7,5.7,1.23,0.939,0,0,2,5,0
49.56,21,6,0.38,3.68,1.699,0,0,1,6,0
151.56,17,7,4.87,4.24,1.018,1,0,0,5,0
47.95,9,0,3.25,1.26,0.734,1,1,0,8,0
124.64,10,2,1.13,3.57,1.664,1,0,1,5,0
11.08,13,8,5.33,7.56,0.863,0,0,0,3,0
19.2,16,6,4.82,1.68,1.056,0,0,0,2,0
110.34,21,1,11.34,3.9,0.71,0,0,1,1,0
5.0,13,9,5.78,8.38,0.767,0,0,1,3,0
8.46,15,9,0.01,0.47,1.312,1,0,1,6,0
9.7,12,0,5.39,6.59,2.63,1,0,0,8,0
52.18,8,1,6.05,2.85,0.573,1,0,1,3,0
80.67,17,8,4.64,4.84,0.568,0,0,1,10,0
160.11,11,3,7.18,7.55,1.52,0,0,0,2,0
63.45,9,5,6.91,6.11,1.335,0,0,0,7,0
16.9,10,1,2.51,14.79,1.268,0,0,0,4,0
32.66,12,3,15.09,0.58,0.958,0,0,1,8,0
32.88,17,9,1.15,9.59,3.031,0,0,1,7,0
26.01,8,1,1.0,2.68,0.821,1,0,0,8,0
57.02,16,0,11.1,4.38,0.727,0,0,1,5,0
48.83,19,4,8.65,7.95,1.05,1,0,0,3,0
36.4,15,0,5.73,0.18,1.504,0,0,1,4,0
34.22,17,4,1.22,4.42,1.309,0,0,2,6,0
44.77,8,8,3.34,4.07,1.938,0,0,0,6,0
5.76,19,7,3.24,0.93,1.096,0,0,0,7,0
103.38,9,6,112.57,29.24,3.557,0,0,0,18,1
173.37,18,8,8.46,1.97,0.572,1,0,0,2,0
30.21,8,0,0.11,0.65,1.088,0,0,0,2,0
10.35,11,0,6.35,6.77,0.897,0,0,1,2,0
34.08,14,0,17.32,0.6,1.803,0,0,1,6,0
4.82,21,0,1.74,22.8,0.676,0,0,0,5,0
31.66,12,4,10.55,4.15,0.797,0,0,0,3,0
79.66,20,2,27.32,2.92,0.746,0,0,1,3,0
91.0,12,2,0.04,1.64,1.26,0,0,0,5,0
66.5,16,9,3.18,3.54,1.049,1,0,0,11,0
20.72,18,2,2.24,13.72,1.497,1,1,0,5,0
5.96,15,8,9.91,15.67,0.802,1,0,0,3,0
9.8,9,1,2.53,5.81,1.537,1,0,0,1,0
78.82,14,6,6.24,7.97,1.014,0,0,1,4,0
99.8,8,6,19.6,2.7,1.183,1,0,2,4,0
65.3,15,7,2.31,8.34,1.177,0,0,0,5,0
106.88,7,4,3.11,7.63,0.932,1,0,1,2,0
103.89,16,6,3.67,7.48,0.862,0,0,1,7,0
2.69,10,9,1.31,17.07,1.005,0,0,1,8,0
70.56,18,0,25.03,11.17,1.006,0,0,0,5,0
48.28,20,4,5.8,8.6,1.415,0,0,0,8,0
22.55,19,4,3.18,7.33,0.848,0,0,3,12,0
17.24,12,2,0.43,4.21,0.957,0,0,0,4,0
20.13,9,6,11.57,0.9,1.543,0,0,0,5,0
13.14,18,1,7.1,0.46,1.671,0,1,1,9,0
24.73,15,2,3.33,12.62,1.092,0,1,1,1,0
32.07,14,0,29.77,5.96,0.59,1,0,0,6,0
18.27,8,1,29.44,13.43,1.006,0,0,1,5,0
100.07,19,1,4.72,2.57,0.494,1,0,0,3,0
54.77,14,7,6.72,5.62,0.778,0,0,3,6,0
16.48,13,1,0.94,7.26,3.022,0,0,2,7,0
59.08,0,2,0.23,11.74,0.807,1,0,1,4,0
64.64,10,8,1.73,1.22,1.964,1,0,2,4,0
40.03,18,9,12.96,2.55,2.149,1,0,1,4,0
67.68,6,6,2.33,1.87,1.15,0,0,1,8,0
26.65,10,1,17.77,0.6,0.627,1,1,1,1,0
8.13,19,0,6.77,2.11,1.537,0,0,0,4,0
21.49,14,0,3.79,4.98,1.586,0,0,1,9,0
36.25,10,7,10.3,2.88,0.43,0,0,3,11,0
17.13,8,1,3.46,3.09,0.54,0,0,0,3,0
17.07,9,4,9.92,12.07,0.343,0,0,2,5,0
12.4,3,6,6.23,3.82,0.479,0,0,0,5,0
12.52,13,5,11.3,4.82,0.842,0,0,2,5,0
10.57,16,7,2.65,3.06,1.22,0,0,2,5,0
17.65,11,0,5.48,0.87,1.784,0,0,3,5,0
53.57,10,1,29.3,7.26,0.657,0,0,0,5,0
4.4,11,2,12.03,8.53,0.938,0,0,1,3,0
286.9,11,7,0.89,5.83,0.71,0,0,0,3,0
10.2,4,2,4.6,4.59,0.698,0,0,1,7,0
60.13,19,3,5.13,2.77,0.97,0,0,0,2,0
29.0,13,0,6.97,1.31,0.819,1,0,2,8,0
11.85,11,4,1.71,4.95,0.968,1,0,4,7,0
169.43,15,6,10.58,9.53,0.658,0,0,0,5,0
18.74,16,9,17.07,7.58,1.385,1,0,2,7,0
24.59,13,7,6.64,2.42,1.309,0,0,2,2,0
20.92,10,5,1.25,18.85,0.994,1,0,1,7,0
37.68,11,1,6.81,2.09,0.894,0,0,1,8,0
33.12,20,6,23.48,3.93,0.638,0,0,1,6,0
78.1,15,2,3.33,4.05,2.066,0,0,1,5,0
38.2,10,6,0.45,5.42,1.189,0,0,1,4,0
139.26,13,2,5.83,0.0,1.98,0,0,2,6,0
10.22,11,7,12.07,0.14,0.951,1,0,1,4,0
33.58,11,6,10.33,17.03,2.413,1,0,3,4,0
76.18,21,7,5.16,2.7,0.972,1,0,2,7,0
32.81,12,9,9.31,0.38,1.067,0,0,0,0,0
251.34,11,6,28.26,2.32,1.023,0,0,1,3,0
18.71,19,0,8.07,10.83,0.833,0,0,0,8,0
52.52,0,8,1.03,13.82,0.819,0,0,1,5,0
25.96,18,4,6.37,0.48,0.879,1,0,1,8,0
11.86,17,9,7.57,4.31,1.466,0,1,0,7,0
2.99,13,0,1.15,17.59,0.519,0,0,1,5,0
19.04,11,1,20.01,1.04,1.187,0,0,1,7,0
174.42,12,6,5.27,0.19,0.67,1,0,1,5,0
52.86,7,3,8.81,3.5,0.932,0,0,3,4,0
14.92,19,9,4.32,9.49,0.585,0,0,0,3,0
4.37,12,6,2.12,0.83,1.004,0,0,0,8,0
38.05,10,3,21.49,9.2,1.394,0,0,0,4,0
42.68,7,7,14.53,6.21,0.846,0,0,0,5,0
16.35,21,0,1.14,8.48,0.661,0,0,0,5,0
7.97,12,7,3.64,2.43,0.504,1,0,0,11,0
25.94,8,7,3.53,0.77,1.697,0,0,0,4,0
68.91,23,7,35.17,1.33,1.148,0,0,1,9,0
35.87,19,8,4.56,4.53,1.469,0,0,2,8,0
15.55,18,3,3.33,0.29,0.609,0,0,2,3,0
9.89,9,1,1.11,10.29,0.764,1,0,1,1,0
119.23,12,0,1.32,6.57,0.797,0,0,0,6,0
36.84,18,7,1.41,12.45,0.999,0,0,1,5,0
26.4,8,0,7.36,3.82,2.191,0,0,1,2,0
223.34,16,8,0.35,33.26,5.6,1,0,6,20,1
45.73,9,0,9.39,4.76,1.297,0,0,0,9,0
74.7,17,9,4.31,1.72,1.31,0,0,1,2,0
62.15,20,3,1.56,0.14,1.363,1,0,1,7,0
82.56,8,6,2.6,0.03,0.514,0,0,1,6,0
35.45,19,2,6.23,6.36,0.981,0,1,0,6,0
3.96,10,7,7.35,1.25,1.048,0,0,2,3,0
42.19,13,1,4.57,1.13,1.087,0,0,1,7,0
22.92,12,4,12.9,0.92,0.571,0,0,1,3,0
85.53,12,8,2.12,0.71,1.384,0,0,0,6,0
88.1,11,6,0.65,2.12,1.003,0,0,1,6,0
69.05,20,9,4.33,0.57,0.7,1,0,4,4,0
14.38,13,2,2.73,6.13,1.175,1,0,1,3,0
557.98,21,2,24.5,8.65,0.625,0,0,0,6,0
7.2,19,7,6.64,3.7,2.138,1,0,2,6,0
5.23,15,5,3.19,2.72,1.363,1,0,1,2,0
3.69,15,3,2.76,3.92,1.384,1,0,1,6,0
107.76,20,0,0.79,2.51,1.148,0,0,0,6,0
31.41,18,2,12.42,6.08,0.835,1,0,0,5,0
19.97,23,9,6.0,10.78,0.664,0,0,1,8,0
20.79,23,5,1.43,32.42,1.636,0,0,0,4,0
92.68,8,1,1.19,5.81,0.832,0,0,0,4,0
90.69,11,6,24.5,1.25,0.845,0,0,1,8,0
77.23,11,6,7.84,1.36,0.682,0,0,2,3,0
5.28,11,1,13.71,12.19,1.375,0,0,2,7,0
30.93,23,5,4.72,0.1,0.708,0,0,2,6,0
4.63,6,8,7.14,2.94,2.833,0,0,0,6,0
94.07,13,0,7.16,9.09,0.674,1,0,1,6,0
16.92,11,6,15.9,0.08,1.558,1,0,2,6,0
21.68,14,2,21.12,0.28,0.852,0,1,0,4,0
36.71,11,4,25.9,7.65,0.91,0,0,0,6,0
89.14,7,9,18.12,0.91,1.002,0,0,0,8,0
20.41,10,2,1.88,1.54,0.603,0,0,1,8,0
31.83,13,6,0.35,11.76,0.787,0,0,0,4,0
57.48,10,0,0.24,0.76,0.752,0,1,0,5,0
20.42,12,0,5.8,5.79,2.348,0,0,0,11,0
86.13,12,1,6.91,10.04,1.457,0,0,0,3,0
97.59,19,9,3.41,2.36,1.554,0,0,0,6,0
26.96,23,5,0.57,5.4,1.236,0,0,1,3,0
125.04,10,3,3.59,1.3,0.687,0,1,0,2,0
8.15,17,3,0.17,4.49,0.756,0,0,0,5,0
34.9,15,1,11.46,7.12,0.745,0,0,1,5,0
48.59,14,5,1.76,3.36,0.913,0,0,2,3,0
24.05,21,0,4.45,2.76,0.919,0,0,1,2,0
52.79,15,0,2.63,2.25,1.28,0,0,0,4,0
39.92,18,8,7.61,1.12,0.784,0,0,1,7,0
62.39,11,9,21.63,14.78,1.076,0,0,1,7,0
15.49,15,6,8.97,1.62,0.643,0,0,1,6,0
84.88,18,3,3.14,4.31,1.585,0,0,0,6,0
24.34,13,9,7.14,3.36,1.693,0,0,0,6,0
87.11,17,5,2.42,2.5,1.16,0,1,0,3,0
26.99,18,9,1.78,15.93,0.482,0,0,3,8,0
80.45,17,5,5.01,1.47,0.766,0,0,0,5,0
122.1,14,0,1.83,8.34,1.003,0,0,1,3,0
50.48,13,8,0.03,1.9,1.285,1,0,0,4,0
50.35,19,5,40.84,5.27,1.098,0,0,2,1,0
10.2,11,6,6.25,1.71,0.686,0,0,2,10,0
7.02,18,2,6.22,6.92,1.355,0,0,0,2,0
34.29,15,1,2.38,4.44,0.513,0,0,1,5,0
12.32,13,4,6.22,1.45,1.407,0,0,0,6,0
34.66,9,5,0.05,0.18,0.832,0,0,2,3,0
25.39,14,6,2.13,9.24,0.424,0,0,0,7,0
49.8,20,6,1.64,0.26,1.185,0,0,1,6,0
4.19,12,7,9.1,10.81,1.467,1,1,0,8,0
28.59,20,0,23.92,28.03,1.341,0,0,1,7,0
17.17,12,0,6.02,2.06,1.242,0,0,0,5,0
48.48,13,9,0.33,9.23,0.956,0,1,1,4,0
30.78,14,7,1.01,2.25,0.953,1,0,1,6,0
5.65,10,5,14.19,3.46,1.016,1,0,1,5,0
19.1,13,5,1.13,6.24,1.011,1,0,1,3,0
16.69,14,8,10.26,4.04,1.164,1,0,1,8,0
128.44,14,5,3.83,8.33,1.172,0,0,0,6,0
14.15,1,4,3.02,8.2,0.817,1,0,1,1,0
26.5,12,0,2.73,3.65,0.816,1,0,1,5,0
32.39,11,9,0.3,0.49,1.136,0,0,2,3,0
31.01,16,3,2.09,4.22,1.707,0,0,0,6,0
68.62,18,6,0.72,0.66,0.605,0,1,0,5,0
56.3,14,0,9.75,1.33,0.866,0,0,0,8,0
11.5,12,8,0.14,0.95,1.117,0,0,0,6,0
33.75,19,0,18.25,20.17,0.898,0,1,0,9,0
160.47,16,8,5.13,2.28,0.853,0,0,2,5,0
92.53,13,0,4.45,1.21,1.147,0,0,1,5,0
19.75,16,8,37.47,2.63,0.871,0,0,0,3,0
77.07,22,9,8.63,0.78,0.934,0,0,1,8,0
65.83,20,1,12.33,0.08,0.79,0,0,0,8,0
37.09,17,1,2.37,23.67,1.206,0,0,0,5,0
311.35,12,5,8.98,7.5,1.124,1,0,1,2,0
47.24,14,8,11.64,3.26,0.446,0,0,0,8,0
7.34,19,4,2.56,4.25,0.479,0,0,1,8,0
15.44,12,9,3.82,3.1,1.84,0,0,0,8,0
160.37,11,8,14.18,5.34,0.838,1,0,0,7,0
970.08,15,2,0.77,14.72,1.041,1,0,2,6,0
17.17,12,3,12.66,3.45,0.888,0,0,1,2,0
68.13,11,3,8.59,4.85,1.003,0,0,0,3,0
18.09,16,0,0.3,1.12,1.09,1,0,0,4,0
64.42,10,3,0.39,7.42,0.548,1,0,1,4,0
9.11,16,0,7.73,1.69,1.56,0,0,0,5,0
8.17,8,4,2.73,0.2,1.768,0,0,1,7,0
32.4,13,5,1.7,1.31,0.718,0,0,0,6,0
43.87,15,6,9.0,1.81,0.737,0,0,1,2,0
160.65,23,3,4.28,9.25,0.824,0,0,1,5,0
43.12,21,4,9.91,6.52,0.766,0,0,1,5,0
7.07,17,8,2.91,2.95,1.294,0,0,3,8,0
6.13,13,8,4.44,1.68,0.616,1,0,1,10,0
3.25,8,1,0.04,4.29,1.268,1,0,0,6,0
23.5,18,7,0.35,0.85,2.279,0,0,1,9,0
11.43,9,1,0.3,1.46,0.647,0,0,1,6,0
163.94,16,2,12.78,7.13,1.215,1,1,1,5,0
22.12,23,1,23.13,1.57,1.866,0,0,0,2,0
131.07,13,4,2.19,2.01,0.721,1,1,1,6,0
21.99,12,3,21.41,4.68,0.526,0,0,1,2,0
8.17,13,2,0.35,8.03,0.553,1,0,2,3,0
21.14,21,4,8.44,0.18,1.959,0,0,0,7,0
86.96,17,2,15.53,13.16,0.703,0,0,1,4,0
34.51,21,2,5.73,9.16,1.093,0,1,0,4,0
43.51,12,9,2.2,10.71,1.167,1,0,0,8,0
103.9,9,4,5.25,1.26,0.742,1,0,1,6,0
72.48,20,9,4.85,1.51,2.695,0,0,1,4,0
238.99,9,5,5.71,0.0,1.145,0,0,2,6,0
15.11,22,8,4.65,0.16,1.082,1,0,1,8,0
141.86,10,9,4.36,2.75,1.396,0,0,0,5,0
32.64,13,9,19.13,3.67,2.004,1,0,2,4,0
80.56,14,1,2.81,0.35,1.745,1,0,2,6,0
29.9,22,3,14.31,4.76,1.815,0,0,0,8,0
14.73,19,1,8.28,0.66,0.799,0,0,1,9,0
45.04,13,9,14.02,0.59,1.216,1,0,2,2,0
43.7,12,4,19.63,4.4,1.53,0,0,1,3,0
290.02,8,0,1.36,1.16,1.134,0,0,0,3,0
22.58,11,1,1.86,11.47,1.206,0,0,2,2,0
8.92,20,1,6.79,5.0,1.442,1,0,0,4,0
107.84,1,5,6.66,12.94,0.97,0,0,1,2,0
39.32,12,0,5.63,0.21,1.658,0,0,3,2,0
90.68,11,7,0.08,4.25,0.873,0,0,0,6,0
17.58,10,1,4.17,4.23,0.549,0,0,0,7,0
45.67,18,0,20.11,7.11,2.025,0,0,0,3,0
94.52,9,3,17.87,5.48,1.013,0,0,0,2,0
10.06,11,5,7.35,1.09,1.487,0,0,0,10,0
12.34,13,4,15.47,1.68,1.255,1,0,2,4,0
15.86,17,6,6.56,2.58,1.396,0,0,0,4,0
14.94,0,5,0.77,0.8,1.092,0,0,0,4,0
38.65,18,8,0.19,5.69,1.399,0,0,0,5,0
78.04,18,4,5.64,0.91,1.815,0,0,1,2,0
7.25,23,2,5.48,2.27,0.742,1,0,0,4,0
34.31,11,5,8.63,1.33,1.113,1,0,1,8,0
177.27,18,7,1.73,5.97,1.658,0,0,0,2,0
27.57,7,3,5.59,13.24,1.362,0,0,0,3,0
13.48,22,1,41.1,74.24,8.298,0,0,3,6,1
133.28,20,8,7.06,1.46,1.494,0,0,2,3,0
109.3,15,0,1.64,8.11,0.732,0,1,2,4,0
29.38,18,3,2.31,4.46,0.94,0,0,1,1,0
21.14,11,2,2.15,3.54,0.944,1,0,1,2,0
41.33,21,2,8.17,8.03,1.712,0,0,1,10,0
60.19,11,5,2.6,2.04,0.775,0,0,1,5,0
23.79,14,4,1.45,3.34,0.809,0,0,1,5,0
14.67,16,0,2.82,1.99,0.555,1,0,2,7,0
302.75,2,6,98.53,76.97,4.889,0,1,2,11,1
30.65,15,8,30.67,3.06,1.527,0,0,1,5,0
21.46,12,0,5.03,10.79,0.518,1,0,0,2,0
46.61,11,4,29.77,3.98,0.846,0,0,0,6,0
21.43,11,2,0.08,11.55,2.746,0,1,1,8,0
35.44,17,3,4.49,1.21,0.846,1,0,1,6,0
9.08,12,8,14.55,0.8,0.834,1,0,0,4,0
26.39,14,2,26.67,1.75,0.575,1,0,0,6,0
47.83,11,1,6.91,1.47,1.146,0,0,0,6,0
25.87,13,3,2.78,5.81,1.298,1,0,1,3,0
38.49,17,0,2.15,0.38,0.775,1,1,0,6,0
22.06,23,4,9.14,4.84,0.573,0,1,1,3,0
16.92,20,7,10.67,3.81,1.101,0,0,2,9,0
206.36,12,3,1.68,0.3,1.613,0,0,0,4,0
160.19,6,8,25.34,25.43,1.247,0,0,0,15,1
6.7,14,3,32.23,2.07,0.785,0,0,0,8,0
288.08,19,1,13.92,0.45,0.982,0,0,0,7,0
33.89,11,4,1.19,8.21,1.337,1,0,1,7,0
32.25,21,7,14.81,4.06,1.383,1,0,0,3,0
93.0,18,1,1.73,15.18,1.612,1,0,0,4,0
19.13,21,0,0.19,0.65,1.118,0,0,0,9,0
25.03,20,2,14.95,5.77,0.936,0,0,0,2,0
58.02,10,0,5.58,3.95,0.982,0,0,0,9,0
30.84,16,1,3.49,13.14,0.73,0,1,0,11,0
170.24,14,9,3.63,3.63,0.693,1,0,1,6,0
9.81,17,9,11.35,0.57,1.369,1,0,1,4,0
23.32,10,9,5.29,0.51,0.929,0,0,1,7,0
2.22,11,7,40.34,2.19,0.394,0,0,0,1,0
237.36,23,3,165.12,9.81,2.542,0,0,4,10,1
247.71,16,2,0.95,10.72,1.249,1,1,0,2,0
21.9,14,4,1.52,0.71,1.07,0,0,0,1,0
13.5,19,6,7.16,5.8,0.522,0,0,2,5,0
128.13,10,9,0.53,5.48,1.566,1,0,1,8,0
52.48,15,7,0.64,2.43,0.768,0,0,1,10,0
64.8,0,3,90.05,14.83,8.279,1,0,3,15,1
108.54,10,0,26.97,10.13,0.378,0,0,2,6,0
53.09,13,1,8.97,1.94,0.392,0,0,1,7,0
15.76,17,1,1.75,0.99,1.265,0,0,0,6,0
18.34,22,2,4.64,0.83,0.647,0,0,2,5,0
6.87,12,8,8.45,3.43,0.829,0,0,1,6,0
41.29,10,7,19.03,12.74,0.867,1,0,0,11,0
52.95,18,5,10.69,8.89,0.691,0,0,0,2,0
20.49,2,8,0.98,6.67,0.599,0,0,0,2,0
34.02,9,2,7.87,2.5,1.621,1,0,1,3,0
118.9,4,4,42.37,6.24,0.78,1,0,1,8,0
59.38,16,6,2.47,0.61,2.065,0,1,2,2,0
23.74,13,0,4.57,4.11,0.445,1,0,0,3,0
8.77,11,3,12.15,6.99,1.087,0,0,1,6,0
3.31,10,9,12.3,25.88,0.778,0,0,0,2,0
5.05,17,5,2.02,1.04,1.535,0,0,0,4,0
8.17,10,6,6.14,2.63,1.394,0,0,0,5,0
38.81,12,0,33.42,4.01,1.705,1,0,0,4,0
24.82,18,2,0.54,8.86,1.274,0,0,0,8,0
10.64,13,1,1.3,2.51,1.271,0,0,1,6,0
98.51,12,6,1.16,11.15,0.989,0,0,0,1,0
46.58,13,0,0.24,3.57,1.898,0,0,1,3,0
45.92,22,0,4.04,11.94,0.695,1,0,1,6,0
24.3,15,7,12.22,4.9,1.035,0,0,1,5,0
13.41,18,1,14.25,1.05,0.546,1,0,3,7,0
12.95,10,4,21.07,0.18,0.892,0,0,0,7,0
56.68,12,4,20.36,3.5,0.529,0,0,0,3,0
13.17,18,9,19.59,5.01,0.928,0,0,1,2,0
141.31,12,0,1.66,2.46,1.181,0,0,1,4,0
8.63,13,6,5.84,7.79,1.538,0,1,0,7,0
51.91,12,6,8.24,0.15,0.649,1,0,1,1,0
72.39,23,1,12.78,3.36,1.381,0,0,2,4,0
12.45,19,2,4.18,0.47,0.547,1,0,0,7,0
64.23,17,9,25.46,1.62,1.996,0,0,0,2,0
112.37,13,0,9.79,1.4,0.807,0,0,3,4,0
46.1,10,3,13.84,1.98,1.085,0,0,0,3,0
28.74,13,2,1.65,4.43,0.854,0,0,0,5,0
42.58,12,3,2.27,0.65,1.047,0,0,2,6,0
30.0,15,3,2.18,0.9,1.202,0,0,1,5,0
13.36,20,9,9.01,7.64,1.842,0,0,1,4,0
76.67,20,8,1.99,5.07,1.116,1,0,0,5,0
72.26,7,8,4.21,0.18,1.052,0,0,0,2,0
60.07,9,1,3.1,5.05,1.413,0,0,0,4,0
7.08,16,4,5.33,0.92,1.169,0,0,1,4,0
21.63,18,9,5.45,16.73,3.299,1,0,1,4,0
14.37,12,0,2.79,4.57,0.838,0,0,1,8,0
19.18,23,0,1.75,0.85,1.148,1,0,2,6,0
5.5,9,2,3.65,5.1,1.626,1,0,1,2,0
35.8,12,2,5.01,4.42,1.049,0,0,1,5,0
51.03,10,1,0.47,7.13,0.821,0,0,0,2,0
109.61,15,1,2.68,0.47,0.902,0,0,0,7,0
39.47,7,3,1.54,1.87,0.614,0,0,0,1,0
402.39,15,2,13.41,10.05,0.674,0,1,0,3,0
24.51,11,7,26.37,3.07,0.868,1,0,0,3,0
11.35,16,5,18.69,15.34,0.859,0,0,0,7,0
12.31,8,1,2.9,1.15,0.969,1,0,2,8,0
37.81,17,5,9.55,1.42,0.991,0,0,0,5,0
166.04,21,0,0.3,19.61,0.863,1,0,0,8,0
23.24,8,5,22.69,1.31,1.084,1,0,1,7,0
110.94,17,1,7.08,9.37,1.025,1,0,0,8,0
75.73,0,6,6.69,0.7,0.522,0,0,2,2,0
5.87,9,0,8.06,1.65,1.766,1,0,3,7,0
16.71,17,3,4.68,1.02,0.934,1,0,1,8,0
221.67,14,3,0.93,6.92,0.728,1,0,0,9,0
177.19,20,2,15.03,6.25,0.91,0,0,0,10,0
23.71,10,5,0.98,3.35,0.539,0,0,1,7,0
35.97,12,1,11.33,10.12,1.816,0,0,1,4,0
27.24,18,7,4.56,9.21,0.821,0,0,0,5,0
74.87,23,6,3.99,39.83,6.902,0,0,1,13,1
8.11,15,9,13.05,1.94,0.645,0,0,0,4,0
27.25,8,3,9.87,4.28,2.299,0,0,0,2,0
27.9,18,7,28.54,0.82,0.83,0,1,0,7,0
15.89,15,0,53.47,2.86,0.99,1,0,1,4,0
92.91,17,4,0.01,2.78,1.345,0,0,0,2,0
31.82,8,5,18.07,4.65,1.023,0,0,2,4,0
35.49,12,0,3.37,0.1,0.82,0,0,1,5,0
71.78,21,6,0.67,0.99,0.597,1,0,1,7,0
25.83,15,0,11.27,4.35,1.019,0,0,1,7,0
23.93,18,8,5.25,1.0,0.91,1,0,1,5,0
81.04,13,2,1.13,0.94,1.244,0,0,0,5,0
31.93,17,6,3.37,0.06,0.819,0,0,1,4,0
4.59,10,3,7.09,7.45,0.543,0,1,1,1,0
41.15,17,0,5.81,4.02,0.615,0,0,0,5,0
108.77,14,2,2.92,3.33,1.253,0,1,1,8,0
53.85,5,3,0.35,0.3,1.014,0,0,1,6,0
154.34,10,7,10.02,1.2,0.482,1,0,0,5,0
494.24,18,4,4.26,6.12,1.271,1,0,0,8,0
7.07,12,9,22.78,2.51,1.287,1,1,1,8,0
66.82,11,3,4.92,1.65,1.872,0,0,3,3,0
97.95,12,7,2.18,2.23,0.54,1,1,1,8,0
5.69,21,0,19.87,1.5,0.756,1,0,1,5,0
19.56,13,4,5.63,7.48,1.144,1,0,2,6,0
122.72,13,5,7.41,2.37,0.959,0,0,1,1,0
12.99,10,2,14.75,4.41,3.145,1,0,0,5,0
29.27,16,2,23.75,9.31,1.043,0,1,0,7,0
39.8,0,2,1.27,12.44,0.98,0,0,0,6,0
11.45,18,0,8.49,0.83,0.785,0,0,1,3,0
39.05,13,5,0.95,19.0,0.988,0,0,1,5,0
41.13,16,4,2.36,4.74,2.926,0,0,2,2,0
8.73,19,4,3.09,0.17,1.044,0,0,2,2,0
9.87,16,1,4.06,1.88,1.743,1,0,0,3,0
17.39,17,4,5.85,1.79,1.82,1,0,1,1,0
44.49,19,9,0.15,13.52,1.248,0,0,0,6,0
15.21,12,2,12.41,0.85,1.499,0,0,0,20,0
23.95,13,1,4.32,2.53,1.23,1,0,0,5,0
68.7,7,1,1.23,8.21,1.26,0,0,0,0,0
94.48,22,0,20.3,0.77,1.156,0,0,1,4,0
42.68,21,9,1.61,2.65,1.174,0,0,0,3,0
26.03,17,8,17.37,4.35,1.694,0,0,1,4,0
20.95,15,8,4.19,4.62,0.66,0,0,1,5,0
49.62,9,9,2.41,1.55,0.728,0,0,1,4,0
59.89,15,0,6.32,0.24,0.845,0,0,1,9,0
27.37,13,9,2.17,1.04,1.748,0,0,0,4,0
44.49,8,6,40.98,4.74,1.794,0,0,1,7,0
235.06,13,6,2.28,2.64,1.226,0,0,0,6,0
46.26,10,2,0.98,5.76,0.637,0,0,1,2,0
30.46,1,2,6.52,5.2,0.674,0,1,0,8,0
84.84,13,5,38.2,4.31,0.546,1,1,0,6,0
14.63,20,3,4.07,0.23,0.427,0,0,0,2,0
9.53,9,5,9.49,3.51,1.181,1,0,0,1,0
193.74,21,6,16.66,0.47,0.829,0,0,2,7,0
21.67,15,8,12.94,0.4,1.285,0,0,0,6,0
7.55,21,4,1.14,4.56,1.308,0,0,1,1,0
130.33,12,5,1.63,6.31,0.714,1,0,2,4,0
17.96,11,4,10.42,15.68,1.411,0,0,0,3,0
18.87,19,0,24.26,5.46,0.958,0,0,2,2,0
23.06,21,0,1.59,0.87,1.964,0,0,0,6,0
7.77,14,3,3.94,0.68,1.415,1,0,1,5,0
13.63,16,9,9.62,9.75,0.617,0,0,1,7,0
117.41,14,9,1.94,3.23,2.84,1,0,1,9,0
153.3,9,4,5.63,4.28,1.115,1,0,1,6,0
4.39,17,7,7.11,6.43,0.851,0,0,0,2,0
16.2,13,0,1.07,3.4,1.287,0,0,0,6,0
26.68,18,7,4.78,2.4,0.859,0,0,2,2,0
25.35,16,7,0.95,2.03,1.533,1,0,1,3,0
29.61,17,2,7.11,0.31,1.858,0,0,0,3,0
34.14,21,0,5.05,0.49,0.991,0,0,1,6,0
99.33,22,7,14.5,6.53,0.754,0,1,1,2,0
23.72,20,4,26.68,2.53,0.7,1,0,0,3,0
9.12,10,2,3.17,0.69,1.248,0,0,2,6,0
40.91,1,3,3.07,3.71,1.392,0,0,1,2,0
40.34,13,4,12.66,1.89,0.588,0,1,0,2,0
19.4,18,2,2.5,1.11,0.677,0,0,0,7,0
25.56,9,2,12.65,3.25,1.018,0,0,0,6,0
56.09,8,0,8.32,0.15,0.699,0,0,0,5,0
3.6,21,4,0.39,1.0,0.657,0,0,0,8,0
19.51,12,2,24.51,0.77,0.889,0,0,0,1,0
302.64,23,0,7.5,7.78,0.707,0,0,0,3,0
42.31,13,3,9.28,1.88,1.256,0,0,0,11,0
42.96,9,8,2.59,4.91,0.439,0,0,1,5,0
59.52,11,7,14.97,3.3,0.573,0,0,1,4,0
42.31,16,0,5.45,5.22,1.521,0,0,1,5,0
32.65,8,4,3.77,2.23,1.074,0,0,0,6,0
85.76,14,3,14.09,1.67,1.305,1,0,0,5,0
60.76,9,2,38.36,0.98,1.03,0,1,2,5,0
46.88,7,4,13.17,13.59,1.069,1,0,0,7,0
204.5,17,7,4.4,7.1,0.63,0,0,2,4,0
21.07,23,5,5.69,1.49,0.707,1,0,1,5,0
29.45,17,5,12.16,1.07,1.507,0,0,2,4,0
19.28,11,2,3.81,2.36,1.352,0,0,1,3,0
32.16,17,2,19.86,9.21,1.028,0,0,1,5,0
14.95,13,0,2.4,2.98,1.5,0,0,2,4,0
45.65,16,7,5.35,1.73,0.914,0,0,0,6,0
177.05,11,1,5.15,3.02,1.919,0,0,1,7,0
48.38,1,2,10.01,2.32,0.614,1,0,0,4,0
45.68,10,0,1.2,1.53,1.205,0,0,1,3,0
38.42,21,4,16.28,9.34,1.161,1,0,1,6,0
8.44,18,9,11.19,5.41,1.251,1,0,0,6,0
18.66,10,9,11.37,8.34,0.581,0,0,2,3,0
15.84,12,8,4.2,14.9,0.656,0,0,1,9,0
18.84,18,7,17.87,9.09,1.518,0,0,0,3,0
142.95,2,8,40.66,3.02,1.444,0,0,6,9,1
11.25,8,0,3.03,0.5,1.032,0,0,2,6,0
13.71,14,4,6.03,3.63,1.154,0,0,2,7,0
13.88,7,8,15.82,3.53,0.673,0,0,1,2,0
50.48,12,7,18.76,1.75,0.651,1,0,0,6,0
21.11,12,6,9.71,0.06,0.875,0,0,1,4,0
70.33,0,3,3.3,5.66,1.309,0,0,2,4,0
103.27,10,0,10.42,3.94,1.109,0,0,2,2,0
50.91,15,5,18.94,11.03,0.697,1,0,1,5,0
83.25,13,5,0.26,0.44,0.772,0,0,3,4,0
56.47,19,5,28.19,3.71,1.026,0,0,1,4,0
50.99,12,9,0.75,1.88,0.656,0,0,1,5,0
22.82,18,8,28.66,0.84,0.721,0,0,1,4,0
9.65,20,7,19.88,0.24,1.116,0,0,2,3,0
20.32,18,8,0.01,6.34,1.153,0,0,0,4,0
25.49,11,5,16.95,2.86,1.825,1,0,2,4,0
153.88,18,6,47.38,9.12,1.031,1,0,1,4,0
69.93,20,5,1.58,14.74,0.696,1,0,2,0,0
4.0,16,2,1.41,1.79,1.267,0,0,1,5,0
90.34,10,8,19.84,5.34,3.04,0,0,1,8,0
120.21,8,0,11.9,6.04,1.339,0,0,0,6,0
69.3,11,6,0.47,7.12,1.679,0,0,2,8,0
30.52,16,0,9.06,1.4,0.499,0,0,0,7,0
12.72,15,3,4.09,5.48,1.376,1,0,2,4,0
50.0,12,0,7.15,3.23,1.097,0,0,1,6,0
15.69,21,4,62.93,61.68,22.282,0,1,5,16,1
95.84,17,4,3.9,0.68,1.021,0,0,3,6,0
97.92,23,2,12.84,2.06,0.752,0,0,1,4,0
14.35,18,2,2.31,5.1,0.481,1,0,2,8,0
27.55,19,0,15.15,1.27,1.137,0,0,0,6,0
23.52,14,5,2.95,4.01,0.645,0,0,0,3,0
14.81,6,0,4.21,5.13,0.616,0,0,1,3,0
4.64,17,7,3.41,1.94,0.804,0,0,0,6,0
6.01,12,5,16.65,1.98,1.074,0,0,1,5,0
20.0,13,0,2.22,8.65,0.486,0,0,1,6,0
189.78,14,5,4.29,3.81,1.684,0,0,0,9,0
57.33,18,4,0.84,0.81,0.978,1,0,1,4,0
17.32,13,1,16.91,5.57,0.794,0,0,4,3,0
145.72,18,9,3.29,0.68,0.644,0,0,3,6,0
6.25,16,9,12.16,2.16,2.077,0,0,1,4,0
31.0,12,0,3.29,1.18,1.471,0,0,1,8,0
28.35,15,9,37.44,9.31,2.127,0,0,2,6,0
37.55,13,0,22.22,1.01,0.813,0,0,0,7,0
50.33,12,8,1.43,0.48,1.172,0,0,2,6,0
27.0,8,9,6.27,4.07,0.701,0,0,1,4,0
74.06,8,4,7.43,4.11,0.696,0,1,0,5,0
44.1,10,3,11.83,0.19,0.498,0,1,1,4,0
162.82,23,4,2.98,0.1,1.127,0,0,2,3,0
50.95,11,0,5.7,4.9,0.962,1,0,0,8,0
11.68,12,9,12.63,7.52,1.298,1,0,1,2,0
87.57,13,5,5.89,3.8,0.927,0,0,1,3,0
121.91,13,4,15.86,4.81,1.265,0,0,0,8,0
23.14,18,1,52.0,1.4,0.592,1,0,0,0,0
36.63,21,0,19.98,0.65,0.969,0,0,2,8,0
30.83,18,0,7.44,13.79,1.957,0,0,0,4,0
8.08,19,0,5.73,3.52,0.607,1,1,0,2,0
62.23,23,7,7.78,0.7,1.06,0,0,0,6,0
83.57,8,3,4.97,5.06,0.745,0,0,0,5,0
20.56,17,5,6.97,5.15,0.839,0,0,1,4,0
133.15,21,1,0.93,5.68,1.115,0,0,1,2,0
103.5,16,9,8.27,10.64,0.938,0,0,1,4,0
28.47,19,6,3.79,13.88,1.063,0,0,0,7,0
38.07,15,8,3.63,4.21,1.134,0,0,1,5,0
31.45,11,0,4.82,0.34,0.832,1,0,1,3,0
54.16,11,0,20.52,1.0,1.072,0,0,2,6,0
49.78,22,2,1.99,12.6,0.665,0,0,0,6,0
269.87,21,0,2.88,2.95,0.975,0,0,0,7,0
49.34,9,0,21.54,1.32,0.866,1,0,2,4,0
87.49,20,1,2.0,0.93,0.608,0,0,0,8,0
37.1,9,2,9.36,0.05,1.918,1,0,0,2,0
29.75,11,4,26.01,6.9,0.786,1,0,0,6,0
19.89,22,8,19.37,2.42,0.559,1,0,2,3,0
50.96,8,4,3.52,6.41,1.705,0,0,1,7,0
57.3,17,1,1.01,3.28,1.479,1,0,1,3,0
32.57,18,4,2.02,1.56,1.806,0,0,0,5,0
13.17,13,2,2.19,1.13,1.127,0,0,1,3,0
34.1,23,5,29.65,6.63,0.344,0,0,0,4,0
109.37,6,9,8.71,0.82,1.002,0,0,2,8,0
51.27,18,8,13.03,6.26,1.493,1,1,0,0,0
26.74,17,5,1.16,0.33,1.388,0,0,1,9,0
25.09,11,2,2.43,0.04,0.469,0,0,0,7,0
19.76,12,1,13.64,0.71,1.436,0,1,2,6,0
122.38,18,3,5.54,11.15,0.839,0,0,0,4,0
40.91,19,0,5.16,3.51,1.179,0,0,1,5,0
28.59,15,7,16.97,9.25,0.927,1,0,0,5,0
12.73,21,1,1.66,1.11,0.778,0,0,0,7,0
93.68,0,2,3.2,2.61,0.567,0,0,0,2,0
31.04,13,0,11.74,4.28,1.355,0,0,1,7,0
22.76,19,9,20.27,5.53,1.411,0,0,0,6,0
11.16,2,6,55.93,8.16,8.591,0,0,3,14,1
19.83,9,5,0.0,5.51,0.475,0,0,0,6,0
54.37,22,1,0.56,0.86,0.582,0,0,0,8,0
63.75,17,4,13.27,6.12,1.004,0,0,0,5,0
60.18,16,1,6.1,9.47,0.801,1,1,1,7,0
21.74,3,1,0.57,2.96,0.688,0,0,0,2,0
11.97,19,1,0.98,6.41,2.11,0,1,0,7,0
15.61,22,7,10.46,0.88,1.08,1,0,1,5,0
23.35,19,6,1.33,3.31,0.38,0,0,1,7,0
24.91,5,3,25.68,6.95,0.61,0,1,1,7,0
8.23,12,3,1.46,9.0,0.533,1,1,0,8,0
10.0,14,1,22.33,0.09,1.011,0,1,1,4,0
11.81,17,3,10.37,1.23,0.82,0,1,2,7,0
72.47,13,5,8.12,0.8,0.923,0,0,0,2,0
31.64,1,6,3.19,2.66,1.98,0,0,1,8,0
96.08,14,5,3.17,0.22,0.95,0,0,0,1,0
17.93,1,9,3.35,6.1,1.025,0,0,3,5,0
25.56,8,4,0.52,3.5,1.035,0,0,0,2,0
99.09,10,3,11.04,3.57,0.623,1,0,1,6,0
11.7,19,4,2.04,10.81,1.557,1,0,0,7,0
14.0,11,9,6.97,4.1,1.399,0,1,0,4,0
176.52,9,1,5.32,1.26,1.168,1,0,1,3,0
85.98,12,7,6.42,0.02,1.008,1,0,2,4,0
32.05,18,1,13.55,0.79,0.94,0,0,0,8,0
44.66,19,8,4.25,1.52,0.921,0,0,0,4,0
17.36,16,7,0.33,9.97,0.974,0,0,0,5,0
22.04,12,2,5.38,5.31,1.231,1,0,0,3,0
9.07,22,2,3.82,2.91,0.699,0,0,0,11,0
75.19,1,5,103.29,1.52,2.976,0,0,1,16,1
27.04,7,1,23.32,8.16,2.734,0,1,2,5,0
66.81,21,2,0.45,0.92,1.227,0,0,1,4,0
59.78,16,0,3.08,0.01,1.436,1,0,1,2,0
14.29,13,5,2.96,16.64,0.766,0,0,1,4,0
30.85,12,2,1.45,7.01,1.057,0,0,2,8,0
34.18,17,5,12.67,1.37,1.405,0,0,0,5,0
87.2,11,0,3.46,14.16,1.488,0,0,0,2,0
95.21,11,3,2.89,6.53,1.486,1,1,0,5,0
31.6,17,9,0.15,10.85,0.998,1,0,0,5,0
16.21,8,8,10.21,2.66,1.141,0,0,0,4,0
55.84,12,9,5.01,2.17,1.055,1,0,1,8,0
83.03,2,6,67.1,48.57,1.889,0,0,7,11,1
18.8,20,9,1.74,1.06,1.004,1,0,0,5,0
27.21,17,0,42.36,3.81,1.336,0,0,1,1,0
14.0,13,1,0.57,1.3,1.03,0,0,0,5,0
16.77,11,0,0.21,5.94,0.348,0,0,0,3,0
89.71,19,6,57.46,5.65,0.705,1,0,2,3,0
69.63,16,1,22.99,3.59,2.74,0,0,0,4,0
18.04,17,2,9.96,0.04,0.869,0,1,2,10,0
19.01,2,6,6.92,1.05,1.652,1,0,0,3,0
116.41,17,5,9.81,7.64,1.732,0,1,1,7,0
143.34,12,9,4.12,3.1,0.906,0,0,0,2,0
175.43,15,3,43.17,3.21,1.867,0,0,0,6,0
18.37,0,1,28.07,1.21,0.497,0,0,0,7,0
9.17,21,5,9.13,16.74,1.223,0,0,1,4,0
63.35,15,5,0.79,0.55,0.928,1,0,1,1,0
15.91,17,4,2.38,8.81,0.716,0,0,0,7,0
11.12,11,0,5.29,2.86,1.374,1,0,0,4,0
498.1,20,5,3.0,15.74,2.155,0,1,1,4,0
89.18,11,1,10.26,1.86,0.902,0,0,0,1,0
64.54,18,8,7.5,0.14,1.94,0,0,1,4,0
7.69,10,6,4.41,9.64,0.757,0,0,0,2,0
167.99,16,6,6.95,50.27,1.069,0,0,1,7,0
25.21,20,9,20.53,2.2,0.96,0,0,2,8,0
31.31,0,3,35.51,7.21,1.32,1,0,0,5,0
125.19,17,4,2.69,3.95,1.615,1,0,0,1,0
30.25,15,2,17.54,15.49,2.766,0,0,0,4,0
55.36,16,3,6.86,3.05,0.834,0,1,1,6,0
53.77,21,3,1.37,3.54,0.807,0,0,0,7,0
4.25,23,1,5.08,0.73,0.943,1,0,0,2,0
123.85,21,3,44.9,52.04,4.489,0,0,2,17,1
83.18,0,0,13.16,6.2,1.587,1,0,2,5,0
19.53,23,1,16.92,5.85,0.806,0,1,2,8,0
18.43,18,1,9.24,0.31,1.257,0,0,1,6,0
65.3,10,1,7.78,1.4,0.963,0,0,5,5,0
27.09,18,4,12.27,2.16,0.818,0,0,1,4,0
10.4,19,6,0.94,2.29,1.693,1,0,2,5,0
35.76,8,3,3.9,3.06,1.443,1,0,0,5,0
24.55,12,1,2.92,5.18,1.408,0,0,1,6,0
14.16,16,1,8.99,10.62,0.585,1,0,0,4,0
20.17,14,3,24.96,24.64,1.064,0,0,3,4,0
93.42,11,5,0.14,17.58,1.376,0,0,1,9,0
36.89,18,7,5.32,2.18,0.904,0,0,1,9,0
170.96,10,8,11.83,4.62,1.299,0,0,1,8,0
85.95,21,3,6.55,4.79,1.574,1,0,0,1,0
273.45,4,6,50.76,22.29,2.854,0,1,4,12,1
34.36,13,6,3.36,3.24,1.129,1,0,0,5,0
136.87,23,3,1.32,6.45,1.289,0,0,0,2,0
103.91,18,9,2.78,0.25,1.628,0,0,2,6,0
109.46,22,3,2.79,3.51,1.763,0,1,2,8,0
51.51,19,2,8.25,1.84,0.688,0,1,1,3,0
35.94,11,1,11.78,3.78,0.924,0,0,0,2,0
62.72,10,7,1.21,0.53,0.95,0,0,0,4,0
37.45,19,1,1.72,7.91,1.019,0,0,1,7,0
39.83,9,7,5.95,7.11,1.646,0,0,1,7,0
25.72,17,7,5.07,2.55,1.89,0,0,3,5,0
143.53,0,8,0.23,5.84,1.22,1,0,0,8,0
380.4,16,4,15.25,13.05,0.828,0,0,2,7,0
6.64,15,0,6.98,7.29,0.66,1,0,0,10,0
11.04,16,0,8.44,21.65,1.209,0,0,1,4,0
66.2,13,5,5.2,13.54,0.673,0,0,0,5,0
9.64,13,7,1.17,4.9,1.58,0,0,0,7,0
83.54,21,5,11.81,16.24,1.118,0,0,0,4,0
22.83,6,7,5.04,5.09,0.969,0,0,0,7,0
6.7,11,0,17.75,12.06,1.173,0,0,0,1,0
16.09,12,1,3.41,1.79,1.247,0,0,0,3,0
22.13,11,1,15.62,2.02,0.909,1,0,1,5,0
240.74,13,4,18.29,1.84,0.788,1,0,0,6,0
8.88,14,4,3.42,0.7,1.117,0,0,1,4,0
20.6,8,4,6.73,0.3,1.137,0,0,1,7,0
3.12,22,6,5.77,13.64,0.497,0,0,0,8,0
88.92,7,9,12.97,3.9,1.388,0,0,1,6,0
10.81,18,4,2.62,11.12,0.849,0,0,1,5,0
51.91,11,3,8.27,2.73,1.318,0,0,1,5,0
16.44,10,3,9.64,3.53,1.029,0,1,1,2,0
10.44,11,7,23.13,32.72,1.222,0,1,0,3,0
18.24,20,8,5.6,5.55,0.936,0,0,5,2,0
98.64,8,2,12.14,4.56,1.294,1,0,1,4,0
72.39,11,2,12.48,0.32,1.646,0,0,0,4,0
11.32,13,8,7.99,7.65,1.492,0,0,0,5,0
187.26,11,0,3.55,9.93,0.788,1,0,1,4,0
4.53,16,5,6.45,2.77,1.167,0,1,0,1,0
75.14,17,1,15.92,3.55,2.188,1,0,1,2,0
13.05,12,9,6.12,0.95,0.87,1,1,3,7,0
101.17,14,6,11.05,3.39,1.179,0,0,0,7,0
201.56,1,8,13.83,9.46,1.382,0,0,0,3,0
96.69,9,1,4.23,5.38,1.22,0,0,0,4,0
128.92,17,3,0.54,3.81,1.155,1,0,1,6,0
97.69,15,9,5.94,4.54,1.267,1,0,1,2,0
20.96,19,8,3.99,0.55,1.142,0,0,1,4,0
27.77,18,2,1.54,4.7,0.719,1,0,1,1,0
30.47,16,3,8.56,11.07,1.08,0,0,0,2,0
137.64,17,1,1.6,1.9,1.551,1,0,2,6,0
8.19,6,5,5.37,2.72,1.98,0,1,0,6,0
36.57,8,0,4.17,1.58,0.986,1,0,1,0,0
27.57,9,8,0.73,5.95,0.459,0,0,0,4,0
11.53,17,7,4.78,11.33,1.991,1,1,2,6,0
56.45,19,9,1.11,1.45,1.319,0,0,1,4,0
22.76,14,2,1.06,0.67,0.874,0,0,1,12,0
51.76,0,0,15.57,16.4,0.733,0,0,0,6,0
12.98,11,5,8.93,4.59,0.658,1,0,4,7,0
43.81,15,0,5.83,2.77,0.659,1,0,1,7,0
29.55,9,2,4.66,0.59,0.995,0,0,2,1,0
6.02,20,1,8.13,5.08,0.767,1,0,0,2,0
39.85,13,9,4.1,3.56,1.434,0,0,2,4,0
45.59,10,0,3.1,3.33,0.827,1,0,0,2,0
96.69,7,3,8.36,0.34,1.27,0,0,1,5,0
51.42,21,3,25.69,9.76,0.785,0,0,3,4,0
22.46,16,2,1.87,2.43,1.175,0,0,0,4,0
58.03,16,5,8.52,4.96,1.105,0,0,0,9,0
74.39,15,0,1.24,4.13,0.482,0,0,0,4,0
7.24,17,7,4.61,20.72,1.219,0,0,0,5,0
51.62,12,7,24.17,12.97,1.151,0,0,1,5,0
36.3,10,1,10.58,2.55,2.068,0,0,1,5,0
78.95,7,5,7.01,1.15,1.082,0,1,1,6,0
15.99,23,4,6.87,8.53,1.116,0,0,1,5,0
31.54,18,0,7.57,5.92,1.015,0,0,0,9,0
14.84,17,3,0.73,2.08,0.906,0,0,1,8,0
199.61,7,2,14.53,1.08,0.721,0,0,1,4,0
10.24,18,1,2.84,5.81,0.854,1,0,0,2,0
41.24,11,5,1.66,3.0,2.109,1,0,0,8,0
60.76,20,0,2.65,4.06,0.55,0,1,1,11,0
71.73,18,9,21.67,13.81,0.564,0,0,3,8,0
5.77,13,0,15.36,0.69,1.522,0,1,1,4,0
13.08,17,2,7.2,1.34,1.049,0,0,0,3,0
52.57,7,5,4.41,1.25,1.447,0,0,1,7,0
360.67,11,0,7.47,32.03,1.434,0,0,1,5,0
66.92,18,5,4.41,15.21,1.058,1,0,2,5,0
21.68,12,0,10.47,7.18,1.804,1,0,2,9,0
96.79,11,6,4.77,20.84,1.33,0,0,0,5,0
7.8,8,8,14.4,6.18,0.584,1,0,0,7,0
15.54,18,1,5.95,0.97,0.469,1,0,0,10,0
60.61,10,0,2.19,1.86,1.273,0,0,1,3,0
22.59,19,3,1.14,0.06,0.799,1,0,1,3,0
79.26,18,8,10.05,2.0,0.929,0,0,1,7,0
56.52,18,4,6.49,1.37,1.388,1,0,0,3,0
71.34,7,2,28.04,33.45,0.774,0,0,1,10,0
4.11,11,6,6.32,2.77,1.138,0,0,0,4,0
30.01,20,8,10.98,9.49,0.916,0,0,1,6,0
84.69,15,6,7.93,10.86,1.118,1,0,0,6,0
18.03,16,8,7.2,1.1,1.196,0,0,0,7,0
13.75,15,8,9.15,3.23,0.715,0,0,1,7,0
193.06,10,0,2.12,8.48,0.787,0,1,2,4,0
253.63,7,5,14.66,2.74,1.491,0,0,0,4,0
70.73,11,8,12.52,8.64,2.344,0,0,1,4,0
58.68,19,1,16.56,1.4,0.718,1,0,0,4,0
12.17,8,2,10.09,2.28,0.938,0,0,3,2,0
25.32,14,4,6.88,5.79,1.301,0,0,0,6,0
13.9,19,2,3.48,7.73,0.602,0,0,1,3,0
16.78,8,5,1.4,6.71,1.037,1,0,2,7,0
11.16,10,5,5.48,1.14,0.985,1,0,0,3,0
40.35,22,2,10.42,5.97,1.802,0,0,0,5,0
106.14,8,3,17.55,0.3,0.7,0,0,0,4,0
28.58,19,5,22.08,6.39,0.528,0,1,1,5,0
105.72,9,1,1.19,7.72,2.087,0,0,2,6,0
70.41,16,5,5.65,24.71,0.621,0,0,0,3,0
22.26,13,0,3.38,4.76,0.633,0,0,0,5,0
146.96,21,0,5.2,5.64,0.716,1,0,1,6,0
45.66,19,6,2.3,1.5,0.874,0,0,1,2,0
15.39,20,2,9.24,2.36,0.492,0,0,1,6,0
5.36,14,1,0.12,5.06,2.05,0,0,2,1,0
14.92,7,8,30.96,4.14,0.787,0,0,1,13,0
89.23,11,7,1.89,11.08,0.815,0,0,1,4,0
173.06,10,7,7.85,5.03,0.834,1,0,0,3,0
13.56,14,1,4.72,0.24,1.189,0,0,1,5,0
57.81,7,1,0.4,4.81,0.843,0,0,0,10,0
50.68,16,2,5.32,6.1,0.865,0,0,0,3,0
8.71,20,0,1.77,1.06,1.055,1,0,0,4,0
55.6,20,7,5.69,1.02,1.02,0,0,1,5,0
4.65,4,0,26.53,1.11,0.937,0,0,0,1,0
90.11,19,5,2.48,2.48,1.492,0,0,2,7,0
30.35,11,8,12.01,10.81,1.711,0,0,0,2,0
101.59,8,8,16.7,14.1,0.985,0,1,0,2,0
18.96,15,5,3.94,0.78,0.832,0,0,1,11,0
46.5,21,8,3.15,1.63,0.561,0,0,0,3,0
45.06,17,0,5.58,8.34,0.356,1,0,1,8,0
7.06,10,1,14.03,8.63,0.878,0,0,0,4,0
3.6,18,4,10.94,0.1,1.673,0,0,3,6,0
49.22,9,8,4.89,3.7,1.083,0,0,3,4,0
31.91,15,9,2.51,4.76,1.315,0,0,2,6,0
23.59,22,4,1.1,2.58,1.332,0,0,1,5,0
51.12,15,2,5.78,6.82,0.796,1,0,2,5,0
15.91,8,2,18.33,0.13,1.077,0,0,1,6,0
32.93,8,9,5.89,10.79,1.065,0,0,1,4,0
16.68,12,4,3.67,0.98,0.63,1,0,1,4,0
145.4,9,7,2.8,0.97,0.984,0,0,0,4,0
10.79,9,0,2.94,2.53,0.665,0,0,2,8,0
81.21,6,8,39.4,0.82,0.815,0,0,0,4,0
39.99,14,1,8.74,3.86,0.809,0,0,2,7,0
188.46,14,4,8.95,0.55,1.838,0,0,0,6,0
74.3,20,7,2.38,2.73,0.642,1,0,2,1,0
63.71,6,0,0.18,1.02,1.116,0,0,1,7,0
17.43,8,3,1.62,4.08,1.092,0,0,1,5,0
10.2,18,9,9.19,0.2,1.752,0,0,1,5,0
79.53,13,1,4.9,0.5,1.18,0,1,0,5,0
19.95,21,0,7.0,1.98,0.578,1,0,0,5,0
16.45,20,3,1.56,6.46,0.76,1,1,0,7,0
9.94,9,8,17.05,10.11,0.696,1,0,2,9,0
18.43,23,5,19.73,0.28,1.377,1,0,0,6,0
17.73,11,4,20.7,7.68,0.903,0,0,0,1,0
48.08,23,4,0.4,3.8,0.382,0,0,1,6,0
10.28,17,2,1.54,7.02,1.677,0,1,1,7,0
196.72,18,5,14.46,4.24,1.473,0,0,2,5,0
42.99,19,9,0.93,1.55,0.666,1,0,0,3,0
45.35,23,4,16.33,7.12,0.711,1,0,1,2,0
62.92,14,2,5.16,6.47,1.702,0,0,0,4,0
9.01,12,8,1.43,5.02,1.097,0,0,1,6,0
71.52,16,6,10.88,3.05,0.666,0,1,0,7,0
17.96,10,1,1.62,4.49,0.844,0,1,2,4,0
19.44,15,1,17.54,2.15,1.419,0,0,1,3,0
114.39,12,2,2.54,12.39,1.208,0,0,0,3,0
12.53,14,4,4.01,1.24,1.812,0,1,0,7,0
19.01,12,0,5.27,11.46,1.254,0,0,1,7,0
72.45,22,9,11.65,0.33,0.866,1,0,1,5,0
80.66,13,1,0.7,10.31,0.778,0,0,1,5,0
82.0,0,3,45.69,91.24,4.198,0,1,0,12,1
62.23,11,2,1.71,0.13,0.879,1,1,0,5,0
94.34,11,9,2.18,4.99,0.913,1,1,1,7,0
23.76,13,0,2.75,16.5,1.438,0,0,3,6,0
47.29,14,2,5.57,7.28,0.898,1,1,0,4,0
8.51,17,3,3.2,3.13,1.385,0,0,0,3,0
46.46,12,6,6.8,16.21,1.495,0,0,2,5,0
144.77,12,2,2.52,0.22,0.804,0,0,1,8,0
44.49,9,8,0.85,1.5,1.656,1,0,2,3,0
45.91,12,3,7.47,1.08,0.791,1,1,0,2,0
31.07,17,7,2.68,2.08,0.58,1,0,3,7,0
37.81,21,0,4.57,4.29,0.585,0,0,1,7,0
45.92,17,3,27.5,1.63,1.173,0,0,1,4,0
18.64,15,5,21.41,0.55,0.931,0,1,0,2,0
7.82,13,4,4.29,0.93,1.032,0,0,1,3,0
258.4,10,3,5.89,5.46,1.522,0,0,0,2,0
30.16,19,6,26.04,3.05,0.74,0,0,0,4,0
49.75,14,0,15.62,0.53,1.342,0,0,1,8,0
34.38,11,4,13.92,0.39,1.089,0,0,1,8,0
43.48,8,4,1.48,5.02,1.439,1,0,1,4,0
15.45,8,3,4.69,13.58,0.873,0,0,0,5,0
12.54,16,7,11.31,16.27,0.845,0,0,1,4,0
60.38,14,0,6.32,3.27,0.972,0,0,0,3,0
11.97,12,0,15.67,1.39,1.359,0,0,0,4,0
4.72,10,4,3.52,14.34,1.174,0,0,0,7,0
7.48,11,8,2.39,3.02,2.515,0,0,0,4,0
29.84,21,7,6.93,3.05,1.499,0,0,0,7,0
8.79,16,5,4.29,2.03,1.2,0,0,1,7,0
95.0,12,1,0.55,10.74,0.843,1,0,0,3,0
22.52,0,1,6.08,1.29,0.491,0,0,0,3,0
173.0,18,3,2.52,4.96,1.589,0,0,1,4,0
33.94,13,4,12.88,3.18,1.405,0,1,0,5,0
98.08,16,7,13.66,1.35,1.58,1,0,0,3,0
65.6,11,2,1.3,11.18,0.992,0,1,1,2,0
61.86,0,7,6.52,12.76,0.897,0,0,1,4,0
5.31,15,9,8.94,7.94,0.523,1,0,1,2,0
92.71,20,0,4.39,8.4,0.843,1,1,0,4,0
16.19,14,8,7.01,0.08,0.954,0,1,4,3,0
51.66,11,7,3.42,3.96,1.398,0,0,1,3,0
19.88,13,0,17.9,7.76,0.881,1,0,1,4,0
72.47,12,2,0.71,1.22,0.486,0,0,0,6,0
8.56,18,6,1.97,0.01,0.639,1,0,1,10,0
89.8,11,5,8.84,0.01,0.988,0,0,3,4,0
36.86,15,3,3.39,3.99,0.474,0,0,0,2,0
17.88,13,7,5.78,0.63,1.495,0,0,0,3,0
65.58,21,8,1.93,1.61,0.953,0,0,0,4,0
29.11,14,0,21.22,7.7,1.566,0,0,0,6,0
30.08,16,1,5.8,2.28,1.173,1,0,2,4,0
28.24,16,8,4.54,3.68,0.399,0,0,0,4,0
88.71,13,8,3.66,7.53,0.651,1,0,0,1,0
105.95,18,0,4.14,0.61,0.736,0,0,0,6,0
8.57,10,5,9.02,2.84,0.691,0,0,1,10,0
1159.63,12,3,74.8,98.31,8.538,0,1,2,5,1
25.69,20,6,8.45,1.92,0.321,0,0,1,5,0
43.87,13,2,35.9,3.13,2.334,0,0,3,4,0
40.81,16,9,7.93,14.73,1.065,1,0,0,4,0
371.96,11,4,5.75,17.67,1.438,0,0,1,6,0
4.55,9,5,3.54,3.64,1.394,0,0,1,4,0
22.99,17,7,1.35,2.44,0.964,0,0,0,6,0
35.09,21,4,3.52,2.56,0.615,1,0,1,12,0
35.86,8,9,8.49,0.9,1.235,0,0,0,7,0
46.82,18,1,2.6,9.14,2.111,0,0,0,3,0
45.82,0,9,2.91,0.14,0.875,1,0,2,4,0
276.16,11,8,8.82,6.6,0.894,1,0,1,5,0
31.65,12,5,10.72,11.8,0.515,0,0,1,1,0
32.17,19,7,5.86,20.02,1.09,0,0,0,4,0
32.04,12,3,30.54,0.94,1.521,0,0,0,2,0
134.5,8,2,0.01,11.83,0.581,1,0,1,8,0
17.25,16,9,10.44,7.13,0.791,0,0,1,6,0
61.35,23,3,6.01,0.24,1.249,1,0,0,6,0
21.42,13,0,8.98,0.71,0.952,0,0,0,8,0
3.66,19,0,4.61,2.54,1.93,0,0,1,6,0
36.71,9,0,0.37,2.56,1.146,1,0,1,7,0
31.52,15,0,4.36,1.71,0.931,0,1,0,8,0
39.72,1,4,33.94,46.64,13.825,0,1,0,17,1
21.86,17,4,5.99,2.84,1.498,1,0,2,2,0
8.35,15,4,8.99,1.42,1.292,0,0,0,6,0
135.94,20,2,3.58,5.25,0.945,0,0,0,7,0
75.9,16,9,3.87,0.67,1.131,0,0,0,4,0
95.4,15,8,20.19,1.61,1.243,0,0,0,4,0
60.94,9,8,2.2,4.72,1.461,0,0,0,3,0
34.69,22,8,26.1,2.12,1.058,0,0,2,4,0
152.86,15,7,36.59,7.05,0.86,0,0,1,7,0
44.14,21,5,3.14,9.23,0.668,0,0,1,7,0
43.98,10,7,3.83,13.98,1.432,0,0,0,4,0
32.5,18,0,11.32,1.94,1.8,0,0,1,5,0
105.49,10,5,4.98,0.34,1.033,1,0,0,9,0
74.29,11,5,3.66,7.71,1.175,0,0,0,3,0
12.0,11,3,15.99,0.69,0.731,0,1,1,5,0
27.84,13,9,15.04,1.36,0.997,0,1,0,4,0
143.72,17,3,0.72,3.35,1.161,0,0,0,3,0
47.32,17,7,3.01,2.15,0.65,0,0,0,3,0
199.25,8,3,3.08,0.35,0.729,0,1,0,5,0
74.87,19,8,1.77,9.64,1.3,0,0,1,7,0
145.2,18,6,22.87,0.13,0.65,0,0,2,4,0
19.56,18,3,3.34,11.76,0.873,1,0,0,5,0
132.82,22,0,24.49,2.08,0.743,0,0,1,7,0
12.26,16,9,0.42,4.85,2.255,1,0,2,11,0
269.95,17,9,4.27,4.88,2.847,0,0,2,2,0
17.98,13,2,3.94,5.28,0.335,0,0,1,4,0
38.97,10,6,10.6,4.15,0.565,1,1,0,11,0
315.46,7,3,11.06,8.6,1.287,1,0,1,8,0
270.27,19,3,0.32,5.75,0.621,0,0,0,3,0
29.71,16,3,2.62,1.57,1.846,0,0,0,7,0
16.15,21,9,16.57,2.41,2.048,0,0,2,4,0
74.5,17,0,8.29,8.56,0.6,1,0,0,6,0
57.58,9,2,1.3,9.75,0.989,0,0,0,4,0
100.07,20,7,8.57,2.32,2.128,0,0,2,6,0
52.99,13,9,5.29,6.99,0.866,1,0,0,5,0
49.4,7,0,3.05,0.34,1.479,0,0,1,4,0
11.58,16,0,1.52,16.05,2.752,0,0,0,5,0
45.43,8,6,7.31,1.37,1.176,0,0,3,8,0
10.17,23,7,4.07,18.79,2.206,1,0,1,5,0
7.57,19,2,9.45,4.02,1.525,1,0,1,6,0
53.17,16,6,11.95,2.42,0.687,0,0,2,6,0
7.06,19,7,1.15,6.35,0.424,1,0,0,10,0
27.04,21,6,9.55,3.25,0.86,0,0,0,5,0
10.3,12,4,4.37,5.45,1.377,1,1,0,12,0
55.78,20,8,13.39,1.68,0.783,0,0,0,3,0
22.73,9,7,5.57,2.76,0.924,0,0,1,5,0
56.65,19,1,0.7,5.04,0.755,0,1,2,7,0
153.86,10,1,16.89,3.79,1.925,0,0,0,7,0
64.75,18,4,1.29,0.37,0.934,0,0,0,0,0
24.34,6,6,16.89,8.07,0.754,0,0,1,5,0
49.41,8,7,4.94,12.86,0.58,0,0,0,0,0
117.87,17,4,6.4,8.9,1.196,1,1,3,6,0
66.21,19,6,2.17,2.22,1.028,1,0,0,2,0
255.23,17,8,22.23,1.17,1.205,0,0,3,7,0
61.64,8,6,16.0,0.55,1.24,0,0,0,3,0
58.97,14,3,0.49,2.3,1.114,0,0,1,11,0
33.83,20,9,1.02,5.11,1.124,0,0,2,1,0
57.58,12,7,4.86,7.64,1.317,0,0,0,6,0
85.35,10,3,4.83,5.54,0.833,0,0,0,6,0
63.53,16,6,9.2,0.06,1.072,0,0,0,3,0
66.48,23,1,5.41,1.48,0.59,0,0,2,4,0
211.77,12,2,6.8,1.05,1.391,0,0,0,10,0
15.51,9,2,18.49,10.94,0.257,0,1,1,5,0
152.98,19,0,6.12,3.11,0.94,0,0,1,6,0
9.16,11,4,4.23,0.85,1.827,0,0,1,3,0
43.82,10,5,9.0,20.23,1.782,0,0,1,4,0
143.54,19,7,37.99,5.73,2.199,0,0,2,10,1
17.67,19,0,15.08,1.06,0.624,1,0,3,9,0
16.66,10,7,0.16,1.2,0.896,0,0,1,5,0
26.37,21,4,8.79,0.74,0.377,0,0,0,3,0
11.34,21,3,9.28,3.19,0.463,0,0,0,10,0
80.78,7,5,3.59,0.46,1.781,0,0,1,5,0
46.14,13,4,5.25,12.49,1.07,0,0,0,1,0
8.31,21,2,11.45,3.48,1.01,0,0,1,3,0
184.18,5,6,5.9,15.34,1.504,0,0,0,1,0
156.1,18,4,17.04,1.59,1.727,0,0,2,5,0
30.54,12,1,21.52,11.45,1.817,1,0,0,7,0
118.22,14,1,3.28,3.85,0.934,0,0,0,4,0
37.09,7,1,5.52,14.01,0.788,0,0,0,7,0
22.49,9,3,4.0,7.58,0.541,0,0,0,8,0
30.69,19,0,21.64,3.42,1.074,0,0,1,7,0
63.66,8,8,14.82,10.05,0.395,0,0,2,3,0
47.45,9,0,11.89,5.55,1.243,0,1,1,6,0
27.91,11,9,6.21,5.7,1.308,1,0,1,2,0
29.53,9,1,3.44,1.25,0.965,0,0,0,4,0
6.64,20,3,2.68,4.04,0.975,0,0,2,6,0
20.01,11,3,0.38,4.15,1.201,0,0,1,9,0
40.79,16,4,0.51,0.92,0.774,0,0,1,5,0
39.66,7,8,25.37,0.35,1.226,0,1,2,10,0
86.2,11,6,5.75,0.13,0.381,0,0,2,4,0
49.2,9,9,6.71,8.63,1.706,0,0,2,5,0
15.12,12,4,2.13,8.71,1.078,0,0,0,4,0
14.35,21,9,4.97,9.71,0.957,0,0,3,1,0
10.55,13,6,3.25,4.04,1.435,1,0,0,5,0
12.52,18,2,45.57,4.76,1.548,0,1,0,7,0
50.61,18,9,10.48,4.4,0.797,0,0,1,2,0
34.17,21,4,0.85,0.08,1.074,1,0,0,6,0
12.94,8,8,1.84,12.53,0.867,1,0,2,2,0
61.5,7,2,4.37,1.41,0.96,1,0,0,7,0
25.82,0,9,5.32,3.25,0.685,1,0,1,3,0
29.47,8,7,1.08,1.37,0.834,0,0,1,3,0
150.72,22,4,1.16,6.32,1.169,0,0,1,5,0
45.87,16,4,16.03,2.6,1.075,0,0,1,4,0
62.54,17,7,1.33,0.05,1.009,0,0,1,7,0
77.74,20,8,11.15,4.4,1.685,0,0,1,5,0
258.93,18,3,31.11,8.47,1.468,0,0,1,3,0
16.41,10,8,0.76,2.44,1.213,0,0,1,5,0
132.92,9,0,1.14,8.17,0.793,0,0,1,2,0
13.38,11,2,8.53,1.61,0.845,0,0,2,5,0
37.52,16,2,7.58,2.92,0.576,0,0,1,8,0
12.12,11,3,16.01,2.26,0.894,0,0,1,8,0
4.31,10,0,0.07,7.11,0.553,0,0,2,7,0
80.79,16,6,2.56,3.06,0.504,0,0,1,5,0
46.27,8,0,3.07,1.2,0.572,0,0,2,5,0
82.38,14,7,27.43,3.48,1.124,0,0,2,5,0
8.18,14,2,4.93,4.03,0.65,0,0,0,6,0
182.02,15,5,1.0,7.71,0.945,0,0,0,8,0
23.45,17,1,3.36,21.75,0.898,0,0,2,0,0
10.7,10,4,0.89,0.41,0.876,0,0,0,7,0
21.57,8,9,6.15,13.05,1.006,0,0,0,1,0
166.29,10,0,3.13,1.81,1.001,0,0,1,8,0
161.45,21,6,16.63,4.59,1.352,0,1,3,12,1
8.56,21,4,7.69,4.18,0.785,1,0,1,5,0
4.15,18,5,10.55,1.05,0.96,1,0,2,2,0
79.18,18,0,2.77,2.1,1.216,1,0,1,2,0
6.84,12,2,2.47,2.01,0.721,0,0,1,5,0
38.21,6,3,7.87,2.56,0.89,0,0,0,5,0
19.51,10,6,1.48,4.62,0.922,0,0,1,9,0
26.65,14,0,6.51,4.09,0.773,0,0,0,1,0
139.26,18,6,24.71,7.74,1.379,0,0,0,6,0
86.39,5,1,15.02,0.15,0.834,0,0,0,5,0
7.95,13,3,21.43,0.94,0.725,0,0,1,2,0
16.62,13,2,16.33,1.27,0.794,0,0,0,4,0
32.87,5,6,9.32,0.24,1.441,1,1,2,11,1
112.57,15,1,9.11,6.86,1.07,0,0,2,8,0
24.02,15,3,21.91,3.99,0.586,1,0,0,3,0
39.9,14,0,3.34,3.96,1.236,0,0,0,4,0
1.66,16,1,4.72,3.18,1.434,1,0,1,5,0
16.96,10,9,16.35,2.0,0.881,0,0,0,3,0
57.38,19,2,4.27,6.28,1.815,1,0,0,1,0
18.82,20,4,15.41,1.07,0.538,0,0,2,3,0
27.46,22,6,28.21,5.6,1.438,0,0,1,2,0
16.52,7,6,2.68,11.46,1.831,0,0,2,2,0
5.65,16,6,3.9,13.0,0.476,1,0,0,3,0
45.82,16,3,12.39,0.3,1.151,1,0,0,5,0
42.75,18,7,2.56,5.04,0.633,0,0,0,3,0
44.55,13,2,6.49,8.4,1.59,1,1,1,7,0
21.98,20,5,2.59,2.12,1.403,1,0,1,4,0
26.37,14,9,33.86,3.16,0.464,1,0,0,5,0
19.06,15,0,1.67,2.22,0.843,0,0,1,5,0
294.45,9,3,13.25,1.31,1.378,0,1,0,8,0
23.37,9,5,6.53,2.3,1.285,0,1,1,1,0
87.63,22,1,2.03,4.58,0.891,0,0,1,12,0
65.23,11,7,1.95,14.59,1.079,0,0,1,3,0
4.04,17,1,20.65,4.48,1.124,1,0,2,4,0
9.77,16,3,13.65,0.85,0.812,0,0,1,5,0
35.72,19,0,1.37,2.89,0.791,0,0,0,2,0
30.96,3,4,8.51,2.39,0.6,1,0,2,6,0
12.94,18,2,10.22,2.21,1.141,0,0,1,6,0
8.95,14,7,4.71,0.68,0.704,0,0,0,2,0
65.02,22,9,9.78,4.89,1.22,0,1,1,4,0
17.92,12,1,6.34,9.08,1.637,1,0,1,4,0
55.89,9,5,0.15,19.12,1.455,0,0,0,7,0
29.44,17,2,13.68,16.47,1.666,1,0,0,2,0
35.31,12,2,0.25,10.25,0.851,0,0,0,1,0
16.62,18,6,3.49,1.63,1.388,0,0,1,6,0
19.11,12,2,2.11,7.99,0.84,0,0,0,5,0
234.71,12,5,34.73,0.44,1.077,0,0,0,8,0
31.86,19,1,7.56,1.13,0.739,0,0,1,3,0
19.33,15,6,3.42,11.43,0.335,1,0,0,7,0
89.66,6,3,6.94,6.88,1.697,0,0,0,6,0
33.34,11,7,3.89,10.1,1.274,0,0,0,3,0
9.48,7,8,5.44,8.4,0.862,0,0,1,0,0
169.6,19,2,2.74,1.94,0.939,0,1,1,5,0
58.7,14,2,3.57,2.84,0.837,1,0,0,3,0
90.16,15,2,0.87,2.1,0.895,0,0,0,2,0
4.27,12,7,0.62,6.03,1.686,0,0,3,5,0
20.48,21,1,0.44,7.99,1.254,0,0,1,3,0
21.56,18,0,1.78,0.18,1.242,1,0,0,7,0
36.83,10,3,25.28,1.0,1.249,0,0,1,8,0
181.26,10,4,13.2,3.14,1.041,1,0,2,9,0
276.34,8,2,3.48,4.22,0.913,0,0,1,5,0
95.41,16,7,21.47,1.16,1.378,1,1,0,8,0
44.96,10,6,1.0,6.87,0.792,0,0,2,5,0
6.7,8,1,8.7,4.45,1.03,0,0,1,5,0
43.33,15,7,0.26,0.59,0.563,1,0,0,8,0
7.66,10,0,4.48,2.81,1.169,0,0,1,1,0
13.86,12,4,7.86,16.0,1.109,1,0,2,12,0
80.39,14,8,2.47,9.83,1.366,0,0,1,4,0
65.52,20,7,25.57,5.67,1.757,0,0,2,4,0
32.9,13,7,7.79,4.15,1.01,0,0,2,3,0
74.7,15,6,13.77,0.26,1.045,1,0,2,5,0
81.64,5,2,0.01,0.66,1.658,1,0,1,1,0
16.82,14,0,3.65,5.22,1.42,0,0,0,4,0
22.35,18,4,9.12,0.89,1.161,0,0,2,3,0
40.44,10,1,0.75,1.25,0.628,1,0,1,7,0
18.83,14,0,0.11,1.47,1.495,0,0,0,4,0
62.65,16,2,7.4,10.8,0.63,0,0,0,6,0
49.04,12,6,10.57,5.03,1.192,0,0,0,9,0
57.84,13,4,3.2,0.34,2.179,0,0,2,2,0
46.66,12,2,5.68,5.56,1.205,1,1,0,3,0
11.93,10,5,10.85,0.54,0.613,0,0,2,1,0
6.15,0,7,1.42,0.26,0.662,0,0,1,5,0
42.23,17,7,3.72,0.57,1.355,1,0,1,7,0
10.46,16,4,55.31,0.48,7.322,0,1,3,12,1
13.49,13,5,7.45,10.94,0.77,1,0,0,3,0
5.0,11,7,18.63,9.49,1.134,0,0,4,10,0
26.54,23,3,2.27,2.01,1.307,0,0,0,4,0
18.21,19,1,8.13,9.33,0.571,0,0,1,3,0
39.46,9,6,6.9,0.86,0.992,0,0,1,5,0
30.64,19,0,2.3,2.78,0.634,0,0,0,1,0
141.56,18,1,1.45,5.58,1.064,0,0,0,7,0
16.93,15,1,7.2,1.31,1.315,1,0,1,3,0
188.29,21,4,3.69,8.96,0.447,0,0,1,9,0
26.74,13,7,0.19,0.64,1.009,0,0,1,1,0
34.16,13,9,2.55,2.99,2.234,1,1,0,1,0
42.99,0,6,0.2,38.76,2.418,1,1,1,16,1
19.81,12,2,10.43,3.18,0.755,0,0,1,6,0
89.53,8,8,1.92,0.32,1.067,0,1,2,7,0
15.09,22,4,14.58,4.32,1.91,0,0,3,5,0
39.31,22,3,8.11,13.63,0.432,0,0,1,4,0
20.38,20,0,0.06,5.71,0.929,1,0,1,6,0
96.52,15,5,4.49,2.25,0.97,0,0,0,3,0
107.65,14,5,7.66,1.39,0.838,0,0,0,2,0
153.35,18,5,5.19,9.83,0.553,0,0,1,2,0
35.05,17,8,4.86,7.18,1.02,0,0,1,6,0
201.87,10,1,14.71,0.77,0.789,1,0,2,4,0
28.64,15,0,8.8,3.73,0.827,1,0,0,3,0
21.78,10,5,3.85,0.46,0.799,0,1,2,5,0
56.31,18,7,8.92,8.18,0.426,0,0,1,6,0
19.51,13,1,27.3,4.29,1.723,1,0,0,3,0
23.15,14,1,3.29,7.52,0.507,1,0,2,7,0
64.87,11,2,2.05,13.57,1.641,0,1,0,8,0
45.86,8,3,11.59,3.77,2.099,1,0,2,2,0
35.73,13,1,5.53,7.32,1.159,0,1,1,6,0
35.43,14,5,9.91,4.21,0.783,1,0,0,1,0
2.89,19,7,3.53,6.59,1.148,0,0,1,4,0
23.26,9,6,5.78,0.85,1.318,1,0,1,7,0
16.37,9,1,7.26,19.86,0.752,0,0,0,4,0
117.53,14,4,4.34,0.59,1.157,0,0,0,3,0
57.87,10,1,7.96,1.9,0.989,1,0,0,5,0
16.96,20,4,3.79,10.01,0.5,0,0,1,7,0
12.99,9,6,2.91,0.84,0.957,1,0,0,9,0
65.58,8,2,0.89,14.15,0.743,0,0,0,8,0
16.57,15,7,11.44,4.39,0.369,0,0,0,4,0
64.63,23,0,2.13,4.45,0.681,0,0,0,8,0
236.21,8,3,0.23,4.35,0.951,0,1,0,3,0
33.65,15,5,3.12,4.11,1.239,0,1,1,3,0
18.45,23,6,2.25,8.97,1.027,1,0,0,1,0
101.36,18,0,7.04,0.75,1.228,0,0,1,7,0
177.45,15,2,13.0,5.9,0.664,1,0,0,4,0
8.02,19,3,3.05,5.75,1.127,1,0,0,4,0
109.04,15,8,6.2,7.9,1.179,1,0,0,3,0
161.74,10,5,9.35,5.17,1.466,0,0,1,4,0
5.51,8,6,23.21,1.25,1.086,0,0,0,5,0
19.34,21,6,24.21,0.78,0.723,0,0,0,6,0
27.2,11,7,2.27,21.68,0.86,0,0,0,5,0
33.65,23,6,19.92,3.0,0.559,1,1,1,5,0
6.14,15,9,1.81,8.64,1.302,0,0,1,2,0
14.7,18,5,0.31,2.63,1.512,0,0,1,3,0
38.09,19,4,31.79,2.62,0.794,0,0,1,4,0
26.21,13,6,2.8,1.89,1.188,0,0,1,2,0
48.87,10,7,2.78,5.46,0.735,0,0,1,8,0
21.26,16,2,10.27,10.66,0.941,0,0,0,2,0
30.14,19,5,9.89,2.01,0.965,1,0,0,3,0
264.37,20,1,10.87,6.57,1.233,0,0,2,8,0
12.44,19,6,13.67,4.46,0.841,1,0,1,3,0
34.73,12,1,15.79,22.7,1.365,0,0,1,3,0
21.49,15,3,1.57,3.65,0.874,0,0,0,7,0
45.02,14,5,20.62,4.52,2.124,0,0,2,6,0
35.6,13,2,14.58,0.09,2.295,0,0,0,8,0
17.02,13,0,7.59,13.68,1.013,1,0,0,9,0
2.23,13,3,0.85,1.4,0.649,1,0,0,3,0
7.86,19,9,12.33,3.26,2.191,0,0,1,4,0
22.12,21,0,8.24,5.16,1.003,0,0,0,3,0
61.25,1,3,16.1,2.0,0.791,0,0,0,6,0
25.15,13,5,16.14,12.52,0.574,1,0,1,2,0
128.0,11,4,27.55,9.6,0.648,0,0,0,8,0
29.49,18,9,2.98,0.26,1.628,0,0,1,6,0
21.02,19,9,0.61,0.04,1.939,0,1,3,5,0
24.05,19,3,0.46,8.63,0.993,1,0,0,3,0
8.09,21,2,9.69,0.51,1.295,1,0,0,4,0
150.87,17,0,1.46,3.3,0.768,0,0,0,4,0
21.62,11,8,5.89,5.09,0.591,0,0,3,7,0
12.01,18,3,2.32,1.37,1.101,0,0,0,1,0
374.92,13,2,25.61,7.19,0.534,0,0,2,5,0
27.17,21,1,0.51,1.57,1.849,1,0,1,3,0
50.8,11,1,0.01,6.61,1.0,0,0,0,3,0
55.48,15,3,6.24,0.15,1.68,0,0,0,5,0
281.22,6,6,60.55,40.46,5.841,0,0,4,15,1
40.02,6,7,9.37,5.84,1.007,0,0,0,10,0
226.66,17,2,3.66,3.87,0.941,0,0,2,2,0
19.46,11,9,17.46,2.6,1.096,0,0,0,4,0
10.9,18,7,5.36,5.91,0.466,0,1,0,2,0
67.56,9,0,3.97,0.25,1.023,0,0,0,6,0
53.8,9,4,21.05,1.9,1.17,0,0,2,2,0
40.18,15,6,2.52,7.12,0.492,0,1,0,5,0
95.46,6,4,11.25,2.65,1.082,0,0,1,5,0
68.1,8,5,6.31,4.03,2.154,0,0,0,8,0
21.9,14,6,28.53,1.68,0.995,0,0,1,4,0
69.59,20,2,1.89,3.48,0.699,1,0,0,6,0
4.9,12,9,2.48,2.43,2.264,0,0,0,0,0
168.34,19,3,21.81,4.18,0.928,0,0,2,6,0
46.18,17,8,15.66,1.62,0.486,0,0,1,7,0
40.18,20,1,3.87,1.19,1.819,0,0,0,4,0
87.25,17,2,6.46,14.82,0.756,0,0,0,7,0
26.96,22,9,17.32,0.54,1.746,0,0,0,5,0
18.15,16,2,1.78,9.28,1.103,0,0,0,4,0
72.53,12,4,0.61,3.52,1.206,0,0,0,7,0
28.84,15,2,0.87,4.2,1.013,0,0,0,4,0
40.64,10,4,5.92,1.48,1.403,1,0,3,2,0
16.7,14,4,3.04,7.85,1.041,1,0,2,1,0
18.47,14,4,8.06,5.65,1.401,0,0,0,5,0
20.04,11,1,10.3,1.26,0.779,0,0,1,10,0
51.39,8,2,10.89,2.07,1.122,1,0,0,6,0
16.75,7,1,1.4,2.1,1.437,0,1,0,1,0
57.02,11,3,1.86,0.46,1.885,0,0,2,4,0
17.07,14,8,9.52,3.35,0.95,0,0,1,5,0
176.77,19,8,8.97,2.57,1.273,1,0,0,1,0
166.52,4,8,5.78,69.79,22.621,0,0,6,7,1
12.43,12,5,0.8,3.45,1.031,0,0,1,6,0
75.02,10,1,0.58,5.42,1.191,0,1,1,2,0
10.77,10,7,15.36,0.86,1.289,1,1,0,8,0
11.87,14,0,6.5,1.41,0.969,0,0,1,7,0
24.12,11,4,3.17,2.35,1.438,0,0,1,3,0
46.15,12,7,0.87,1.82,0.567,0,0,0,4,0
39.56,14,6,0.65,0.58,0.647,0,0,1,7,0
116.3,19,5,5.43,4.05,1.034,0,0,2,3,0
5.22,19,2,0.99,7.46,0.642,1,0,0,4,0
22.68,16,1,10.7,11.14,0.902,1,0,0,7,0
42.09,23,0,3.71,21.14,0.855,0,0,0,7,0
102.16,16,5,14.04,1.61,1.035,1,0,0,5,0
39.59,16,7,26.51,9.93,0.753,0,0,0,1,0
50.7,20,9,9.16,2.31,0.966,0,0,1,7,0
19.11,11,6,14.98,4.54,0.831,0,0,0,8,0
15.29,21,1,12.47,8.97,1.2,0,0,2,8,0
172.88,22,3,125.81,1.29,2.459,0,0,2,10,1
58.59,0,0,3.83,12.53,0.845,1,0,2,5,0
34.66,12,5,5.72,3.55,1.29,0,0,1,6,0
39.78,7,9,10.84,6.57,0.452,0,0,0,6,0
14.88,15,0,0.33,5.37,1.514,0,0,0,3,0
21.4,14,1,1.52,1.83,1.791,1,0,1,5,0
6.13,17,1,2.09,9.34,0.794,0,0,1,4,0
30.64,13,6,18.81,11.68,1.753,0,0,0,3,0
4.7,17,2,0.8,10.22,1.495,0,0,1,4,0
177.64,19,4,14.27,8.55,1.304,0,0,0,4,0
135.77,19,2,33.5,9.57,0.843,0,0,0,5,0
26.15,12,4,3.83,2.7,0.815,0,0,1,6,0
40.31,16,8,7.03,5.34,2.372,0,0,1,8,0
26.78,12,7,1.24,0.73,1.051,0,0,1,5,0
14.74,21,7,0.03,1.51,1.403,0,0,3,1,0
11.85,15,5,2.79,2.83,0.868,0,0,0,9,0
23.11,22,4,0.23,1.94,0.841,1,0,1,3,0
3.83,8,5,0.02,11.52,0.917,1,0,0,6,0
14.48,11,7,4.89,1.13,1.168,0,1,0,8,0
24.28,16,9,12.07,3.84,0.568,0,0,0,6,0
34.95,19,5,37.4,2.34,1.208,0,0,1,7,0
34.26,9,3,4.11,1.15,1.156,0,0,0,3,0
16.99,20,0,0.95,0.27,1.21,0,0,1,8,0
119.59,8,0,1.82,1.17,0.584,0,0,0,11,0
80.02,18,2,21.66,1.35,0.819,0,0,0,5,0
54.87,12,0,0.57,1.71,0.562,1,0,0,2,0
79.22,11,9,31.94,0.05,1.32,0,0,0,4,0
8.53,14,3,1.22,4.78,1.801,0,0,1,4,0
39.88,12,0,5.21,8.1,0.784,0,0,1,0,0
31.19,9,0,3.13,7.56,0.642,0,0,0,7,0
63.51,15,1,7.55,0.99,0.234,0,0,1,6,0
50.31,18,1,2.42,0.48,0.635,1,0,2,6,0
19.91,18,2,11.58,2.05,0.715,0,0,1,7,0
10.95,17,8,12.08,6.11,1.114,0,0,5,4,0
62.33,23,8,6.99,20.84,1.236,1,0,2,6,0
18.42,22,8,0.23,0.29,0.712,0,0,0,8,0
286.1,13,2,4.89,5.5,0.66,1,0,3,3,0
3.71,22,1,11.79,9.2,0.963,0,0,0,4,0
79.13,21,5,11.56,3.51,1.213,0,0,0,7,0
31.47,5,8,20.29,1.2,0.8,0,0,0,7,0
8.35,23,2,19.49,4.76,1.585,1,0,0,4,0
37.92,19,7,2.05,2.64,1.091,0,0,0,4,0
19.32,9,6,14.96,5.81,1.055,1,0,1,7,0
22.59,18,5,0.53,4.94,1.52,0,0,2,8,0
85.22,13,3,27.94,4.14,0.782,0,0,0,7,0
166.56,17,5,11.79,5.34,1.222,0,0,2,4,0
5.28,18,4,3.54,3.3,0.441,1,0,0,5,0
22.17,12,9,0.54,0.83,0.574,0,0,1,2,0
15.91,10,9,5.58,4.95,0.843,0,0,0,6,0
4.2,15,2,15.43,5.24,0.779,1,0,3,4,0
81.49,16,3,2.53,10.8,1.12,0,0,0,2,0
42.9,0,8,83.06,18.69,3.515,1,0,2,10,1
8.84,19,8,3.23,0.7,0.922,0,0,0,3,0
76.76,13,5,15.99,10.17,1.112,1,0,2,7,0
4.71,20,6,4.98,6.13,0.743,0,0,1,3,0
51.17,22,3,1.93,3.39,0.649,0,0,0,2,0
99.86,18,4,1.36,1.01,0.935,1,0,1,5,0
28.72,9,7,7.14,3.44,1.003,1,0,1,3,0
104.53,15,2,6.23,8.35,1.199,1,0,2,6,0
31.25,10,9,10.89,12.66,1.914,0,0,0,4,0
98.37,6,3,1.24,7.34,1.715,1,0,1,7,0
50.24,21,8,15.31,5.31,1.702,0,0,0,9,0
14.21,16,5,2.66,2.74,0.99,0,0,0,7,0
14.41,0,7,0.76,0.1,0.764,0,1,0,5,0
13.83,14,4,5.9,0.64,0.915,1,0,2,4,0
59.58,18,7,11.78,1.08,0.671,0,0,0,6,0
6.24,19,8,11.05,7.52,1.019,1,0,1,9,0
5.65,12,9,33.16,5.88,0.798,0,0,1,5,0
44.31,18,3,6.65,6.89,1.324,0,0,0,4,0
144.0,0,2,2.42,0.1,0.961,0,0,0,2,0
69.0,13,3,2.33,0.19,0.811,0,0,0,8,0
1060.24,20,3,62.67,1.65,3.804,0,0,4,8,1
20.1,9,0,6.13,2.74,1.023,0,0,2,4,0
35.98,17,4,0.48,5.72,1.174,0,1,1,5,0
21.68,15,2,15.6,6.62,1.694,0,1,0,4,0
18.71,19,5,2.9,2.66,0.592,0,0,1,2,0
86.51,8,9,0.34,2.73,1.371,0,0,2,4,0
107.65,17,6,7.25,11.12,0.892,1,0,0,3,0
36.3,10,4,5.97,3.29,1.566,0,1,0,4,0
34.92,23,4,12.33,5.73,0.44,1,0,0,2,0
8.76,20,8,4.75,3.64,2.564,0,0,2,4,0
30.38,12,6,6.1,5.52,0.974,1,0,1,6,0
15.16,19,0,17.78,7.23,1.176,0,0,2,4,0
28.38,0,7,29.07,86.08,16.191,0,0,0,18,1
18.9,13,8,4.26,6.15,1.584,1,0,1,5,0
12.25,14,5,5.55,7.85,0.958,0,0,0,5,0
31.89,20,0,14.22,3.74,1.661,0,0,2,5,0
53.27,9,2,4.88,7.46,1.202,1,1,1,8,0
30.87,10,2,7.56,9.13,0.492,0,0,1,7,0
52.59,15,8,16.95,0.44,1.167,0,0,0,1,0
11.8,8,8,23.46,0.25,0.698,0,0,1,3,0
67.39,20,2,2.14,13.25,1.019,1,0,1,4,0
49.98,0,7,1.69,0.18,0.785,1,0,0,4,0
12.62,7,4,14.07,18.7,0.831,0,0,0,3,0
23.67,11,0,16.24,8.91,1.009,0,0,1,6,0
17.71,17,3,17.24,6.0,1.703,0,0,1,3,0
17.56,18,3,18.76,10.34,0.476,1,0,0,2,0
92.02,21,1,3.11,0.42,1.637,0,0,1,5,0
11.49,11,5,7.34,4.95,0.807,0,0,0,3,0
30.21,19,1,6.2,8.07,1.333,0,0,1,8,0
63.14,8,5,3.45,6.27,0.961,0,0,0,9,0
8.84,18,8,6.91,3.24,1.128,0,0,1,4,0
67.51,11,1,42.85,3.24,0.856,0,0,1,5,0
12.03,19,7,0.55,12.6,1.493,0,0,0,4,0
36.02,16,0,1.49,0.0,1.446,0,0,2,4,0
42.25,14,7,5.25,0.01,1.252,0,0,0,7,0
42.97,11,4,1.06,0.68,0.869,1,0,0,5,0
20.03,9,2,2.66,1.19,1.521,0,0,1,1,0
102.24,6,5,8.29,1.14,1.466,1,0,0,4,0
160.68,18,2,18.8,1.7,0.444,1,0,3,5,0
61.54,20,2,0.92,0.59,1.466,0,0,0,7,0
19.39,15,3,20.08,6.49,1.717,1,0,1,8,0
36.95,12,6,2.73,9.52,1.061,1,1,0,6,0
64.92,8,2,1.78,4.94,1.159,0,0,2,2,0
13.56,8,3,2.13,1.46,0.729,0,0,0,4,0
1578.77,20,2,18.81,70.59,3.471,1,0,3,11,1
34.61,12,2,0.22,4.21,0.548,1,0,1,7,0
17.22,12,4,0.38,3.8,0.847,0,0,1,10,0
4.8,17,2,17.89,11.64,1.968,0,0,0,4,0
22.25,17,2,11.45,4.18,1.109,0,0,0,3,0
30.38,16,7,1.26,21.01,1.012,0,0,2,4,0
34.74,11,2,9.63,1.98,0.574,0,1,0,4,0
4.69,9,3,20.64,11.87,1.178,0,0,1,1,0
34.27,7,4,2.64,10.3,0.825,1,0,0,6,0
16.74,10,0,5.08,1.33,0.654,0,0,0,5,0
30.54,12,0,7.66,3.62,0.793,0,0,0,1,0
142.84,11,0,6.3,0.93,0.855,1,0,0,3,0
14.38,19,2,0.37,1.19,0.772,0,0,1,3,0
43.0,19,0,3.01,2.46,1.642,1,0,2,4,0
78.46,9,2,4.75,2.47,1.313,0,0,4,2,0
4.26,21,2,10.25,9.83,0.57,1,0,0,6,0
9.1,17,4,9.36,5.65,0.6,1,0,2,4,0
4.62,16,0,10.65,3.1,0.771,0,1,1,4,0
57.16,12,5,34.19,4.79,0.524,1,0,1,7,0
15.06,20,7,1.3,4.5,1.25,0,0,1,5,0
29.6,21,1,0.6,4.87,0.532,0,0,2,5,0
14.58,18,1,20.36,7.46,0.932,0,0,1,5,0
147.48,12,0,7.44,8.2,0.914,0,0,0,4,0
17.52,17,0,3.67,2.04,1.834,1,0,1,4,0
3.11,23,3,8.92,13.09,1.087,1,0,1,4,0
39.09,8,0,14.29,11.12,0.812,0,0,1,6,0
37.36,19,1,2.26,7.74,0.874,0,0,0,5,0
84.07,11,8,5.22,7.29,1.084,1,0,2,13,0
48.54,16,2,18.79,13.79,0.556,1,0,1,3,0
29.53,12,0,1.51,5.37,0.965,0,0,1,2,0
84.57,19,1,0.08,0.01,2.676,1,0,2,6,0
283.11,13,0,10.27,4.04,1.041,0,0,1,3,0
27.5,14,3,15.23,1.63,0.179,0,0,1,8,0
31.09,18,3,3.14,3.38,1.383,0,0,1,8,0
47.88,16,0,1.32,5.39,0.856,1,0,3,4,0
112.61,19,2,26.96,1.27,1.247,1,0,1,3,0
6.78,18,4,11.83,3.57,0.771,0,0,1,7,0
139.15,18,1,8.65,24.6,0.675,1,0,2,7,0
18.04,12,4,15.63,7.16,0.838,1,0,1,2,0
8.45,10,0,2.6,10.79,0.873,0,0,1,4,0
8.11,20,8,5.17,0.11,3.154,1,0,1,6,0
15.51,12,6,0.71,2.75,0.914,1,0,1,5,0
14.76,20,9,0.86,3.26,0.863,0,0,1,3,0
48.97,17,2,2.83,0.77,0.736,0,0,0,3,0
8.67,12,6,5.34,9.41,0.897,0,0,0,8,0
68.24,12,3,0.8,0.43,1.261,0,0,1,6,0
44.07,22,3,1.51,3.98,0.88,0,0,3,5,0
78.09,9,5,9.86,0.53,0.616,0,0,2,9,0
25.7,12,1,9.65,1.19,1.209,0,0,1,6,0
848.18,13,3,6.35,9.04,0.748,0,0,1,4,0
19.68,17,0,20.47,0.78,0.757,1,0,2,8,0
20.4,9,0,7.05,10.03,0.866,0,0,1,3,0
25.89,11,2,13.82,4.28,1.39,0,0,1,2,0
5.67,15,1,5.36,0.35,0.724,0,0,1,2,0
112.95,20,2,1.02,3.71,0.846,1,0,0,6,0
34.28,14,6,1.23,3.87,0.843,0,0,0,6,0
28.85,16,1,14.03,5.42,0.484,0,0,1,7,0
23.41,23,6,14.17,7.91,0.899,0,0,1,3,0
78.59,8,8,0.84,2.46,0.808,0,0,0,8,0
48.11,9,5,3.57,11.91,0.902,0,0,0,10,0
14.55,15,1,0.23,3.2,0.762,0,0,0,8,0
194.57,12,6,1.15,1.86,1.361,0,0,0,9,0
11.62,20,5,1.89,2.87,1.09,0,0,0,4,0
152.45,12,9,6.71,5.77,1.292,0,0,2,0,0
109.24,22,2,0.76,0.65,1.077,1,0,0,2,0
36.18,8,3,12.53,1.77,1.061,0,0,1,3,0
11.72,14,6,4.95,3.67,0.603,0,0,2,3,0
13.65,20,9,9.58,2.19,1.042,0,0,0,5,0
41.13,14,1,1.73,0.15,0.847,1,0,1,7,0
46.71,6,0,11.83,3.73,2.691,0,0,0,7,0
5.45,14,6,6.54,1.17,0.962,0,0,2,3,0
11.41,19,5,2.99,6.11,1.066,1,0,0,8,0
99.04,8,4,27.9,34.1,1.934,1,1,1,10,1
118.74,2,9,10.56,5.71,0.755,0,0,1,2,0
96.11,17,8,8.18,0.53,0.679,0,0,0,6,0
67.96,8,9,5.29,2.62,0.618,1,0,0,5,0
286.38,12,9,0.66,1.54,1.757,0,0,1,4,0
29.87,14,0,1.42,1.19,1.267,1,0,0,7,0
30.96,8,3,14.18,1.61,1.861,1,0,1,6,0
34.67,14,0,2.0,0.34,1.557,1,0,1,6,0
260.48,14,5,11.1,13.32,0.776,0,0,1,7,0
67.73,18,3,6.26,1.67,0.74,0,0,0,5,0
10.27,11,5,21.23,2.98,0.912,1,0,0,4,0
5.59,13,3,6.85,1.55,1.496,0,1,0,10,0
23.15,19,9,17.41,3.27,1.698,0,0,0,3,0
114.18,16,0,38.91,7.3,1.586,1,0,4,8,0
33.62,17,7,0.82,2.56,1.039,0,0,0,11,0
30.5,20,5,1.24,1.07,1.354,0,0,0,3,0
20.3,15,7,8.48,10.5,1.054,0,0,0,6,0
34.87,14,1,3.92,1.46,0.467,0,1,0,4,0
40.58,14,5,1.01,0.18,0.748,1,1,0,10,0
10.98,14,7,19.22,11.06,1.014,0,0,1,4,0
45.6,21,6,13.53,4.25,1.51,0,0,0,4,0
33.96,17,2,6.4,4.76,0.629,0,1,1,5,0
19.81,12,9,24.33,5.33,1.215,0,0,1,9,0
54.94,15,1,19.87,5.05,1.872,0,0,1,4,0
51.34,11,1,3.16,0.34,1.153,0,0,1,9,0
46.27,21,9,18.35,10.92,1.293,1,0,0,5,0
29.75,18,8,0.06,7.91,0.824,1,0,0,9,0
171.32,12,2,12.56,3.84,0.997,1,0,0,7,0
200.62,18,3,7.06,2.89,0.817,0,0,1,5,0
5.62,21,5,15.22,1.97,0.991,1,0,0,10,0
11.06,13,0,4.2,5.13,1.104,0,0,0,5,0
51.64,13,3,2.43,11.89,2.286,0,0,1,6,0
6.26,15,4,1.35,5.04,1.446,0,0,0,6,0
43.95,14,0,5.37,2.21,0.615,1,0,0,7,0
204.74,3,6,12.06,6.89,1.877,0,0,4,18,1
49.51,23,6,3.4,0.36,0.471,0,0,0,2,0
17.62,16,9,1.21,0.42,0.983,1,0,0,2,0
17.22,17,8,1.92,2.04,1.655,0,0,1,5,0
211.04,20,6,9.74,1.91,1.381,0,0,0,5,0
266.32,8,1,27.96,3.37,0.866,1,0,0,3,0
22.52,12,0,2.06,1.09,1.381,1,0,1,3,0
61.16,14,0,23.32,5.79,1.227,0,0,1,6,0
65.48,12,5,13.56,4.71,0.603,1,0,3,3,0
14.61,18,1,6.78,4.94,1.509,0,0,2,4,0
21.09,10,4,13.84,0.41,0.618,0,0,2,2,0
50.68,12,0,3.84,7.83,0.627,0,0,0,5,0
18.9,17,1,16.56,4.23,0.907,0,0,0,4,0
80.75,18,7,17.48,12.71,1.202,0,1,1,3,0
32.25,10,0,9.96,9.49,1.095,1,1,0,8,0
17.88,12,0,2.7,8.33,1.12,1,0,2,5,0
6.72,6,5,21.61,7.32,1.307,1,0,2,3,0
9.43,18,4,14.81,1.61,1.479,1,0,2,4,0
106.26,17,0,3.39,1.47,0.724,1,0,2,9,0
23.51,9,4,2.75,2.65,0.93,1,0,1,6,0
23.2,16,1,2.71,12.18,1.17,1,0,1,9,0
33.14,18,7,4.02,0.83,0.498,0,1,1,1,0
54.19,19,0,28.65,6.72,0.538,1,0,0,5,0
56.25,13,0,2.63,5.62,1.261,1,0,1,4,0
17.78,12,0,1.83,1.25,1.314,0,0,2,5,0
16.18,14,0,3.52,6.84,1.652,0,1,1,4,0
30.46,1,0,2.15,6.1,0.761,0,0,1,3,0
61.77,22,2,0.23,11.12,0.578,0,0,0,2,0
22.65,3,1,6.58,8.44,0.398,1,0,1,5,0
70.61,8,3,0.39,6.38,1.191,0,1,0,4,0
15.32,9,2,11.01,2.18,0.511,0,0,2,2,0
18.18,12,8,3.49,5.88,0.582,0,0,0,5,0
20.5,17,5,10.52,7.5,0.522,0,0,1,4,0
29.44,19,0,6.54,0.01,0.953,1,0,0,4,0
11.62,12,9,5.69,0.06,0.841,0,0,0,2,0
30.31,8,4,3.03,2.64,0.906,0,0,0,7,0
17.97,9,5,5.49,2.43,0.798,0,0,2,3,0
112.51,13,2,3.74,4.96,0.693,0,0,2,3,0
26.75,12,4,0.49,0.25,1.452,0,0,1,4,0
10.69,12,1,3.26,6.94,0.704,0,0,1,3,0
115.55,8,9,1.44,8.84,2.02,0,0,1,4,0
66.53,18,7,1.33,9.58,1.363,0,0,2,5,0
144.97,11,4,5.19,4.18,1.022,0,0,1,5,0
19.01,13,7,0.51,5.11,2.36,0,1,2,10,0
31.35,19,3,5.58,6.88,0.694,0,0,3,6,0
53.18,15,6,2.75,4.12,1.292,1,0,1,10,0
27.29,16,4,5.69,0.12,0.972,0,0,0,7,0
14.17,2,2,2.18,7.24,0.772,0,0,1,4,0
101.46,15,1,19.38,7.77,0.711,1,0,4,9,0
39.9,16,7,0.98,4.31,1.358,0,0,0,5,0
22.75,17,0,27.13,6.79,0.578,1,0,1,2,0
44.47,14,0,5.21,2.88,2.262,0,0,0,6,0
52.12,18,0,6.64,3.07,0.904,0,0,0,7,0
45.65,17,6,1.14,1.76,0.76,0,0,1,6,0
2.66,11,3,17.55,28.4,1.212,0,0,2,3,0
29.52,10,7,0.64,0.93,2.19,0,0,1,5,0
13.63,20,1,0.42,5.26,1.016,0,0,2,3,0
16.34,12,9,2.32,3.75,0.782,0,1,1,5,0
56.68,13,0,2.93,4.77,1.383,0,0,1,6,0
10.55,22,6,12.1,29.54,2.845,0,0,2,16,1
43.45,11,7,1.18,0.04,1.278,1,0,0,6,0
55.32,13,4,1.65,3.0,0.66,0,0,0,3,0
90.95,12,1,21.2,1.3,1.084,0,0,1,7,0
7.52,9,0,10.38,2.72,1.128,0,0,0,4,0
77.45,11,3,11.14,3.16,0.663,1,0,0,7,0
36.14,12,9,0.07,1.32,1.161,0,0,1,6,0
1.82,14,2,19.83,2.35,1.432,0,0,0,5,0
4.91,10,0,10.09,0.42,1.237,0,0,2,6,0
27.6,7,7,2.02,1.44,1.117,1,0,1,7,0
57.02,19,5,7.58,15.27,0.431,0,1,0,4,0
37.92,20,7,1.99,14.36,1.773,0,0,0,4,0
77.23,14,7,27.38,2.54,1.428,1,0,1,6,0
98.14,10,5,3.81,4.32,1.164,1,0,1,0,0
63.95,15,0,13.08,0.09,0.958,0,0,0,4,0
14.06,13,8,28.97,12.48,0.738,0,0,2,4,0
40.13,17,7,42.75,19.38,0.93,1,0,0,4,0
30.61,12,1,3.89,5.4,1.133,1,0,0,12,0
44.93,14,0,0.65,2.17,1.433,1,1,1,9,0
50.35,15,9,23.73,2.7,1.29,1,0,1,3,0
130.92,17,3,2.75,0.02,0.697,0,0,0,4,0
31.21,18,8,2.18,12.0,1.139,0,0,0,1,0
53.17,18,3,15.52,1.15,1.129,0,0,0,5,0
187.55,13,8,13.05,3.12,1.432,1,0,1,7,0
351.6,12,8,44.38,30.98,4.665,0,0,3,11,1
36.4,15,9,4.19,0.02,0.55,1,0,0,5,0
28.65,9,0,4.92,2.37,0.954,0,0,1,3,0
26.8,21,2,0.25,0.8,0.866,1,0,1,8,0
31.85,10,4,1.41,3.02,0.686,0,0,0,7,0
11.13,8,1,9.07,1.32,0.962,0,0,0,5,0
20.25,7,3,5.55,0.48,0.976,1,0,1,4,0
46.23,15,0,1.38,5.66,1.124,0,1,1,8,0
33.24,8,8,4.79,3.88,1.261,0,0,1,6,0
46.43,18,4,16.05,1.68,0.46,0,0,0,3,0
44.25,12,2,3.24,1.81,0.798,1,0,2,5,0
22.75,19,8,7.08,11.82,1.688,0,0,0,3,0
13.92,13,2,2.85,1.91,2.053,0,0,2,4,0
169.04,13,8,7.61,11.42,0.686,0,0,2,3,0
78.71,18,9,7.58,2.54,0.855,0,0,2,5,0
39.77,6,5,9.67,1.24,2.22,1,0,0,4,0
17.94,15,5,19.68,1.8,1.058,1,0,1,3,0
25.22,11,1,0.94,2.01,0.976,1,0,1,8,0
15.18,16,3,1.75,0.35,1.293,1,0,0,3,0
31.87,11,2,2.07,0.71,1.455,0,0,0,4,0
61.73,8,0,2.71,2.27,0.911,0,0,1,4,0
39.69,18,4,2.47,4.42,0.758,0,0,2,5,0
31.2,21,5,2.33,2.9,0.547,0,0,0,6,0
29.51,15,2,54.06,10.32,0.818,0,0,1,4,0
66.98,9,0,1.67,5.76,0.716,0,0,0,7,0
18.23,17,3,15.74,5.63,2.032,0,0,1,3,0
25.56,15,2,2.88,12.82,1.574,0,0,0,7,0
661.35,2,6,39.85,12.61,15.716,0,0,8,16,1
98.1,9,8,1.8,2.93,0.739,0,0,1,6,0
32.48,9,1,6.09,7.26,1.901,0,0,2,9,0
99.14,11,3,0.74,7.74,0.743,0,0,1,4,0
34.29,14,7,0.2,9.62,0.571,1,1,0,5,0
25.05,18,3,1.11,8.31,1.043,0,0,1,5,0
26.74,11,0,14.1,2.35,1.414,0,0,0,5,0
22.94,8,1,2.6,8.53,0.685,0,1,2,3,0
343.03,7,8,6.57,0.32,0.622,1,0,0,4,0
0.71,12,7,4.44,0.86,0.75,0,0,1,7,0
14.55,18,4,2.12,0.42,1.208,0,1,0,2,0
74.54,19,3,17.57,8.1,3.501,1,0,0,6,0
130.96,12,7,18.32,6.0,1.869,1,0,2,3,0
1080.46,12,7,38.04,0.08,5.909,0,1,6,29,1
18.31,18,9,16.84,0.33,0.72,1,0,0,5,0
52.32,15,3,10.17,1.77,0.466,0,0,2,6,0
10.21,19,7,31.08,3.49,1.95,0,0,1,8,0
63.1,13,7,11.22,2.62,0.968,0,0,1,7,0
59.31,20,3,2.82,2.01,0.843,0,0,0,3,0
2.37,11,5,18.96,4.99,0.74,0,0,1,6,0
23.29,8,0,0.77,6.5,1.009,0,0,0,5,0
12.69,13,8,6.36,0.27,0.584,0,0,0,7,0
107.6,9,5,0.32,4.07,0.982,0,0,0,8,0
114.97,14,0,1.62,3.26,1.43,0,0,2,8,0
13.14,21,0,3.59,9.5,1.172,0,0,1,2,0
263.82,12,3,2.87,3.61,1.078,0,0,1,2,0
17.44,13,0,6.54,1.4,0.802,0,0,0,3,0
32.79,13,8,27.83,4.27,0.642,0,0,1,7,0
290.31,13,1,1.24,0.09,0.84,1,0,0,4,0
76.66,16,5,5.02,14.14,0.508,0,0,0,4,0
14.28,10,0,20.63,10.89,0.928,0,0,0,7,0
59.25,17,0,1.12,1.26,1.534,0,0,1,7,0
26.54,19,8,8.23,2.15,2.146,1,0,0,5,0
7.56,17,7,1.79,0.88,1.508,0,0,0,5,0
55.81,8,4,0.79,1.0,1.358,1,0,2,3,0
4.7,12,2,9.97,1.4,1.213,0,0,0,8,0
14.39,16,7,0.18,1.71,0.563,0,0,0,2,0
65.17,12,8,0.62,1.29,0.772,0,0,2,4,0
49.49,23,3,3.26,0.1,1.368,1,0,2,5,0
24.44,13,1,11.06,3.74,0.721,1,0,1,6,0
425.54,23,0,6.34,20.68,2.214,1,0,2,8,1
28.6,10,4,4.14,1.94,1.144,0,0,1,5,0
41.68,18,9,4.13,15.96,0.909,1,0,0,2,0
1.39,9,0,36.1,0.99,0.587,0,0,0,4,0
41.94,10,3,5.68,5.86,0.403,0,0,0,10,0
32.07,17,6,11.7,1.45,1.869,1,0,1,11,0
65.38,11,5,1.9,4.68,0.787,0,0,3,4,0
71.97,17,7,1.73,4.95,0.687,0,0,1,5,0
4.37,11,5,5.48,15.39,0.721,0,0,0,4,0
13.77,11,5,11.13,4.94,0.914,0,0,2,5,0
6.86,18,5,6.21,3.06,1.102,0,0,0,7,0
13.13,18,3,3.65,2.09,0.754,1,1,0,7,0
31.67,13,5,7.68,3.59,1.62,0,0,0,4,0
62.71,19,9,9.76,4.05,0.849,0,0,2,3,0
40.05,14,7,2.46,5.44,0.73,0,0,0,5,0
7.37,15,7,1.27,1.05,0.978,0,0,0,6,0
5.09,9,8,12.76,0.15,0.72,1,0,1,3,0
10.84,12,8,10.69,2.27,1.06,0,0,0,5,0
10.95,19,4,1.58,23.43,1.696,0,1,1,3,0
13.88,12,6,29.5,5.51,0.7,0,0,1,1,0
28.28,11,5,10.08,15.09,0.704,0,0,0,3,0
4.03,9,1,3.12,7.72,0.931,1,0,2,4,0
140.28,12,7,4.88,7.86,0.607,0,0,0,11,0
8.44,12,5,0.29,0.61,0.539,0,0,1,4,0
12.34,15,9,14.31,2.22,1.475,0,0,1,6,0
32.06,10,0,4.54,0.83,1.414,0,0,1,3,0
25.87,21,1,10.47,3.04,1.087,1,0,1,1,0
19.34,14,5,11.32,2.91,1.385,1,0,1,10,0
15.81,14,3,2.11,0.66,1.161,0,1,0,6,0
47.88,15,5,2.97,1.26,0.852,0,0,2,3,0
15.63,19,3,5.18,8.95,1.388,1,0,0,6,0
52.28,21,3,100.53,13.99,3.721,0,0,2,16,1
23.89,12,3,0.7,0.46,0.68,0,0,2,5,0
439.65,12,2,0.75,4.14,1.28,1,0,1,7,0
18.59,14,5,4.6,3.47,1.252,0,0,0,5,0
6.58,1,3,14.07,1.03,0.848,0,0,1,7,0
38.18,12,8,0.18,0.37,0.766,0,0,1,3,0
93.26,12,6,23.28,0.02,0.749,0,0,2,5,0
17.57,13,1,6.24,3.56,0.768,1,0,1,3,0
68.14,13,0,0.99,2.67,1.067,0,0,1,5,0
376.23,3,2,20.56,88.58,12.656,1,0,4,8,1
3.93,16,5,5.0,5.13,1.211,0,0,1,6,0
61.9,8,9,0.87,8.56,0.636,0,0,2,7,0
5.46,0,1,11.51,1.03,1.223,0,0,0,1,0
191.48,10,0,9.07,22.49,1.012,0,0,0,5,0
5.43,12,4,1.19,7.89,0.584,0,0,2,2,0
187.01,12,4,13.04,7.3,0.902,0,0,0,7,0
22.8,8,9,2.6,11.04,0.855,1,0,1,3,0
31.95,16,7,1.62,6.91,0.949,1,0,0,3,0
22.3,12,2,4.42,26.54,0.859,0,0,3,5,0
54.69,15,2,3.56,2.32,1.228,0,0,0,5,0
3.96,10,0,3.59,10.97,1.012,0,0,2,4,0
10.52,8,5,4.61,6.46,0.822,0,0,1,7,0
27.02,20,0,3.66,0.15,1.181,0,0,0,5,0
11.88,9,4,3.8,0.88,0.707,0,0,1,3,0
22.38,14,3,2.04,0.09,1.407,0,0,0,5,0
82.49,10,4,5.75,0.1,0.886,1,0,2,9,0
110.16,13,4,7.34,4.72,1.283,1,0,1,3,0
59.83,8,1,13.98,3.24,0.686,0,0,0,3,0
108.92,15,3,10.25,3.48,0.765,0,0,0,6,0
180.93,6,3,16.31,22.28,2.686,0,1,3,10,1
6.65,15,8,20.88,10.92,0.957,0,1,0,4,0
14.22,12,8,10.43,14.01,0.959,0,0,1,4,0
15.65,21,4,11.69,2.58,1.315,0,0,0,2,0
89.84,15,0,0.82,0.15,0.967,0,0,2,5,0
49.81,9,5,6.05,0.88,1.36,0,0,1,9,0
14.83,11,4,4.92,0.23,0.939,0,0,0,6,0
79.63,10,1,19.82,4.24,1.423,0,0,2,6,0
10.97,13,9,0.47,0.63,0.965,0,0,0,2,0
6.1,6,2,0.24,3.12,0.719,0,0,0,3,0
6.99,11,4,11.43,3.7,0.883,0,0,1,8,0
55.46,18,6,7.09,9.19,0.669,0,0,0,6,0
6.64,15,4,0.74,7.19,0.672,0,0,1,2,0
60.96,19,6,0.81,5.11,0.562,1,0,0,4,0
163.75,8,2,11.71,2.21,2.018,0,0,3,7,0
82.01,21,3,5.61,4.71,1.306,0,1,1,7,0
72.62,14,3,0.32,2.72,1.809,0,0,0,3,0
68.11,17,2,18.55,7.38,1.786,0,0,0,7,0
31.48,14,5,9.91,4.02,0.933,0,0,1,10,0
113.21,18,7,2.45,1.33,0.816,1,0,0,5,0
84.44,8,1,8.16,8.84,1.429,1,0,1,0,0
66.36,10,1,4.81,5.01,0.668,0,0,1,3,0
83.35,14,7,14.63,8.45,2.44,1,0,1,7,0
11.41,11,8,2.08,2.01,1.35,1,0,0,3,0
12.33,9,9,6.51,28.08,0.937,0,0,1,6,0
35.76,21,5,2.9,3.01,1.356,0,0,0,6,0
25.85,21,9,9.38,1.78,1.025,0,1,0,2,0
162.31,14,3,26.23,13.16,1.089,0,1,0,3,0
133.08,11,8,3.58,1.15,0.709,0,0,0,5,0
6.02,19,1,5.71,6.54,1.14,1,0,0,3,0
104.17,14,1,13.55,1.6,0.908,0,0,0,5,0
59.36,23,1,6.24,13.64,0.727,1,0,1,3,0
8.83,19,9,1.28,3.33,1.467,0,0,2,2,0
16.98,21,0,5.76,2.89,1.166,0,0,1,2,0
11.51,15,5,3.73,11.89,0.861,0,1,2,3,0
18.28,22,0,17.55,0.24,1.288,0,0,0,5,0
9.25,20,0,9.06,5.94,0.668,1,0,1,5,0
52.28,12,3,1.72,4.77,1.267,0,0,0,7,0
97.13,13,8,8.96,7.25,0.978,0,0,0,3,0
71.58,15,5,14.85,6.85,1.126,1,0,1,6,0
294.63,16,7,2.11,5.87,0.712,0,0,2,8,0
32.39,12,6,10.21,1.22,0.915,1,0,0,2,0
29.13,10,2,12.84,5.4,2.057,1,1,2,6,0
4.57,14,2,28.43,0.57,0.707,1,0,0,7,0
49.83,15,8,2.72,0.35,1.82,1,0,2,4,0
33.04,9,8,9.86,3.81,0.621,1,1,1,4,0
38.45,18,4,0.1,6.25,1.012,1,0,1,6,0
94.64,9,1,4.68,21.53,1.264,0,0,0,4,0
5.28,13,0,30.21,23.16,0.901,0,0,1,4,0
58.61,15,6,7.34,17.2,0.811,0,0,0,5,0
15.47,17,0,13.65,2.06,0.595,1,0,3,4,0
155.87,7,6,16.47,6.91,1.328,1,0,0,2,0
10.67,18,7,6.47,4.72,0.87,0,0,0,2,0
11.29,12,4,21.36,1.67,0.744,0,1,0,5,0
33.22,2,7,7.47,0.71,1.61,0,0,0,7,0
24.49,16,8,8.0,1.68,1.38,1,0,0,6,0
16.32,22,0,3.33,6.07,1.687,1,0,0,5,0
5.92,6,0,7.22,4.54,0.71,1,0,1,6,0
69.48,10,2,7.03,6.03,0.574,0,0,1,4,0
67.29,10,0,5.97,7.13,1.603,0,0,1,4,0
40.43,12,9,17.81,6.52,1.132,0,0,1,5,0
14.12,9,4,2.65,9.17,1.008,0,0,0,6,0
41.57,12,6,24.39,8.43,1.226,1,0,1,3,0
54.01,9,8,15.53,6.1,1.575,0,0,0,2,0
140.69,7,9,5.07,1.22,0.598,1,0,3,2,0
5.75,2,2,7.74,7.78,1.151,1,0,0,5,0
63.72,14,5,0.99,3.83,2.062,0,0,3,5,0
3.56,23,1,6.55,2.4,0.783,0,0,0,9,0
11.39,12,8,8.11,0.85,0.93,0,0,1,6,0
15.07,22,1,2.18,0.17,1.625,0,0,0,8,0
8.46,14,4,17.46,0.01,0.641,0,0,2,12,0
86.57,10,0,5.68,5.05,1.652,0,0,0,5,0
95.21,11,9,3.94,2.8,0.889,0,0,3,5,0
85.01,9,0,1.26,0.25,1.685,0,0,0,6,0
20.76,17,3,22.06,2.08,2.549,0,0,0,5,0
20.79,21,5,2.8,5.25,1.701,0,0,0,5,0
9.3,10,0,0.64,2.46,1.319,1,0,1,4,0
30.01,10,4,0.72,0.96,1.089,0,0,1,7,0
65.45,20,4,7.36,2.51,1.955,1,0,0,3,0
24.17,17,0,10.39,3.56,1.219,0,1,0,6,0
75.89,21,5,7.56,0.71,1.31,0,0,1,2,0
369.32,11,5,4.54,4.89,1.145,0,0,1,4,0
22.99,15,8,7.49,3.56,1.987,0,0,0,7,0
44.32,13,5,4.64,5.3,1.49,0,0,0,9,0
283.81,18,7,4.79,8.49,0.958,0,0,2,5,0
64.26,17,5,6.32,0.05,0.934,0,0,1,9,0
10.41,14,0,3.12,10.39,1.503,0,0,1,6,0
13.33,12,8,3.86,5.42,0.977,0,0,0,7,0
36.86,10,3,7.18,15.55,0.96,1,0,0,6,0
65.32,17,0,3.12,4.62,0.857,0,0,1,5,0
42.31,13,1,2.14,6.03,1.287,0,0,0,3,0
54.43,22,6,9.28,0.52,0.522,0,0,3,4,0
27.75,19,6,2.47,0.15,1.745,0,0,2,4,0
19.49,15,6,9.89,11.44,1.135,0,0,2,7,0
85.33,16,9,2.18,4.94,0.776,0,0,0,6,0
13.02,11,6,10.07,1.08,1.879,0,0,0,2,0
43.86,13,1,13.38,1.09,0.565,0,0,1,4,0
69.52,2,7,10.29,268.56,4.071,0,0,0,20,1
34.19,11,5,2.0,0.36,0.853,0,0,2,8,0
134.2,19,1,2.33,0.32,1.523,1,0,1,1,0
67.58,10,5,2.37,9.27,1.125,0,1,0,6,0
408.12,19,3,2.79,7.7,1.076,0,0,0,5,0
168.96,16,5,3.52,3.0,0.826,1,0,2,5,0
19.99,12,3,36.64,1.31,1.283,0,0,0,7,0
71.95,19,3,7.31,2.18,1.372,0,0,1,4,0
20.59,18,9,2.62,5.29,0.719,0,0,0,4,0
178.96,23,8,8.69,5.55,1.232,0,0,2,5,0
21.8,17,1,0.24,0.94,0.749,0,0,0,7,0
107.97,8,5,21.48,5.18,1.378,1,0,2,1,0
58.06,2,2,20.39,4.24,0.893,0,0,2,2,0
11.87,13,0,3.0,0.65,1.338,1,0,1,3,0
17.28,15,2,2.19,3.19,1.388,0,0,0,6,0
23.5,13,9,5.11,5.29,0.345,0,0,1,8,0
26.03,17,2,3.82,10.94,0.456,0,0,1,5,0
206.97,17,0,4.02,6.34,0.831,0,0,1,6,0
8.1,15,4,7.46,10.98,0.884,0,0,1,3,0
40.51,14,9,26.6,1.64,0.718,1,0,1,4,0
11.29,9,7,1.62,0.2,0.854,1,0,0,6,0
2.75,20,1,3.74,16.65,1.175,0,0,0,5,0
80.26,20,6,7.7,21.37,1.877,1,0,1,2,0
30.04,10,0,4.62,2.34,1.135,0,0,1,3,0
165.35,11,5,12.27,6.87,1.33,1,0,1,5,0
14.53,20,1,6.16,0.23,1.376,0,0,0,3,0
8.53,12,3,2.22,2.31,0.455,0,0,0,5,0
148.92,9,0,7.9,2.64,1.595,0,0,1,7,0
56.62,9,0,8.8,21.6,1.063,0,1,1,2,0
580.39,21,7,17.06,119.44,1.776,1,0,1,16,1
24.54,17,9,3.62,4.77,0.851,0,0,1,6,0
8.63,17,9,22.02,3.33,1.371,0,0,0,4,0
31.81,20,3,3.32,0.42,0.956,0,0,2,8,0
39.64,22,2,3.07,1.44,0.739,0,0,0,6,0
41.43,19,3,1.99,2.34,1.045,0,0,0,2,0
83.34,18,0,12.59,19.22,0.992,0,0,0,3,0
64.72,19,5,3.01,1.97,1.094,0,0,0,10,0
14.33,14,4,5.28,10.87,0.355,0,0,1,4,0
4.44,16,7,2.74,4.6,1.084,0,0,0,7,0
47.45,17,4,29.92,5.11,0.609,1,0,1,6,0
45.75,17,1,6.58,4.66,1.327,0,0,2,6,0
55.0,8,0,2.26,7.21,1.217,0,0,2,6,0
102.9,16,0,21.2,2.18,0.893,0,0,2,7,0
23.77,8,3,9.74,0.83,1.572,0,0,2,7,0
31.77,9,2,0.51,2.27,1.446,0,1,1,6,0
10.07,11,2,0.16,6.84,0.939,0,1,2,6,0
17.1,11,1,2.16,0.21,0.68,1,0,2,4,0
5.17,19,2,6.38,1.7,0.74,1,0,0,3,0
28.99,19,5,0.17,3.68,1.054,1,0,0,3,0
22.26,20,1,12.93,14.42,1.279,0,0,2,3,0
37.58,14,5,8.45,14.83,1.866,0,0,2,5,0
62.25,19,3,4.53,23.26,1.028,1,0,1,7,0
118.44,16,2,11.18,0.74,0.943,0,0,0,6,0
117.77,8,4,2.1,4.18,1.284,0,0,1,7,0
109.25,7,0,18.96,0.58,1.237,0,1,2,5,0
168.75,17,1,10.68,0.51,0.872,0,0,0,3,0
137.33,11,1,7.94,2.34,0.954,0,0,0,9,0
50.14,11,3,0.81,0.2,0.675,0,0,1,3,0
109.19,17,5,21.53,2.42,0.801,1,0,0,8,0
302.03,15,9,7.0,0.08,1.598,1,0,0,4,0
8.89,18,0,0.03,0.93,1.112,0,1,0,5,0
29.23,9,4,16.96,9.04,0.961,0,0,0,7,0
26.88,10,9,2.11,10.16,0.824,0,0,1,1,0
57.03,16,9,0.73,2.91,0.685,1,0,0,6,0
28.28,17,1,3.47,3.09,1.278,1,0,0,8,0
64.21,20,5,6.8,0.79,1.139,0,0,1,3,0
31.81,10,2,4.52,13.56,2.205,1,0,0,5,0
58.59,14,1,0.33,3.98,0.517,0,0,1,3,0
36.52,19,0,7.82,5.59,1.254,0,0,1,4,0
89.0,20,0,9.53,5.6,1.647,1,0,1,4,0
111.4,10,7,40.68,10.76,1.34,1,0,2,6,0
41.42,19,7,8.99,13.7,0.914,0,0,1,6,0
24.39,11,4,1.88,2.79,0.892,0,0,0,9,0
35.52,11,1,3.4,5.28,1.62,0,0,0,4,0
52.46,15,3,0.84,2.36,1.151,0,0,0,6,0
9.09,11,8,4.61,1.71,1.52,0,0,1,1,0
41.44,22,2,1.38,7.83,1.026,1,1,0,5,0
75.37,18,0,8.58,3.34,0.953,1,0,1,2,0
192.84,14,5,257.0,68.81,4.382,0,0,3,14,1
23.03,15,5,2.07,1.81,1.142,0,0,0,5,0
87.82,15,0,2.09,25.9,0.872,1,0,2,4,0
324.29,15,3,4.31,1.85,1.776,1,0,0,4,0
16.15,21,0,11.18,1.88,1.147,0,1,1,4,0
45.72,12,0,10.43,3.59,0.719,0,0,1,6,0
3.63,7,2,5.32,1.29,1.473,1,0,1,7,0
9.31,14,3,22.02,6.36,0.94,0,0,1,7,0
21.47,10,6,7.27,1.52,0.853,0,0,0,7,0
54.41,13,0,3.65,1.45,1.0,1,0,0,9,0
82.29,12,4,14.95,3.85,1.182,0,0,2,3,0
26.43,21,1,11.49,1.03,0.567,0,1,1,3,0
97.66,17,8,4.58,11.87,1.185,0,1,2,7,0
21.16,16,4,2.36,0.24,0.885,0,0,1,5,0
37.74,19,6,9.76,7.49,0.594,1,1,0,8,0
98.91,15,5,7.3,1.38,0.796,0,0,2,4,0
38.11,19,1,5.2,0.88,1.961,0,0,1,4,0
21.94,6,8,17.52,10.33,2.761,1,0,0,5,0
17.66,12,8,13.35,0.46,1.246,0,0,0,7,0
12.77,13,0,1.7,1.35,0.448,0,0,1,8,0
16.26,22,7,10.26,2.12,0.905,0,0,0,8,0
8.37,17,0,2.17,15.11,1.113,0,0,0,4,0
27.18,12,2,7.27,16.48,0.63,0,0,0,3,0
41.56,12,6,1.72,8.28,0.849,1,0,4,6,0
12.16,10,3,1.95,1.38,1.365,1,0,1,3,0
8.73,9,2,18.15,7.33,0.748,0,0,1,5,0
6.32,13,4,7.68,8.72,0.932,0,0,1,10,0
9.35,13,2,10.9,0.26,1.654,0,0,3,3,0
8.81,23,3,2.01,2.23,1.46,0,0,0,6,0
26.86,8,1,2.04,0.04,1.231,0,0,1,8,0
64.48,15,5,0.3,15.08,1.196,1,0,0,7,0
122.76,2,0,12.46,11.64,1.005,0,0,3,3,0
4.89,12,8,8.55,3.4,0.91,0,0,1,2,0
39.68,17,1,4.26,6.07,0.699,1,0,0,6,0
98.37,20,5,11.57,1.18,0.976,0,0,1,6,0
153.5,21,8,15.71,9.7,0.699,1,0,1,2,0
6.58,16,5,2.12,1.39,1.69,0,0,0,9,0
285.2,17,6,0.21,14.86,1.204,0,0,1,6,0
40.53,11,9,0.77,0.19,0.724,0,0,1,8,0
13.32,14,0,0.39,2.36,1.187,0,0,0,5,0
5.45,8,2,10.9,0.36,1.223,1,1,0,4,0
19.32,23,6,1.52,0.17,0.863,0,0,0,5,0
60.59,15,3,16.48,1.69,0.587,0,0,0,4,0
100.75,15,7,4.79,4.81,1.497,0,0,2,7,0
103.09,1,7,10.05,0.45,0.946,0,0,0,3,0
13.41,11,7,3.31,2.49,1.165,0,0,1,5,0
91.16,21,4,0.85,1.9,0.687,0,0,1,6,0
11.63,19,4,1.23,1.28,1.366,1,0,1,5,0
22.98,16,3,4.57,6.01,0.858,0,0,0,0,0
78.64,17,8,26.54,11.3,0.523,0,0,1,4,0
144.26,9,8,2.78,3.31,1.105,0,0,0,6,0
59.03,12,1,7.7,10.02,0.836,0,0,1,10,0
3.77,12,5,3.4,7.75,0.881,0,1,2,5,0
94.32,9,8,1.1,3.56,1.6,0,0,1,3,0
101.22,18,3,5.98,1.33,1.181,0,0,0,7,0
72.02,16,6,3.87,0.35,1.986,0,0,0,3,0
18.9,0,0,21.2,1.03,1.851,0,1,0,7,0
113.99,12,6,1.74,0.64,0.705,1,0,0,7,0
14.67,10,7,4.53,1.76,0.942,1,0,1,8,0
10.06,18,1,8.25,1.23,0.531,1,0,2,8,0
72.02,17,7,2.75,15.55,1.045,0,0,2,8,0
78.07,9,2,2.2,0.26,1.022,0,0,2,3,0
8.7,17,2,1.49,2.46,0.627,0,0,1,3,0
17.61,10,3,2.1,11.01,1.192,1,0,1,7,0
16.14,17,0,8.59,2.01,0.943,1,0,2,2,0
62.64,18,5,16.24,4.15,1.211,1,0,1,5,0
19.17,0,7,11.2,11.95,1.592,0,0,1,8,0
32.22,9,1,2.34,2.08,0.806,0,0,0,5,0
9.41,21,3,3.53,7.4,1.212,0,1,0,2,0
5.96,17,5,1.59,2.57,0.687,0,0,1,7,0
118.83,10,1,16.31,0.4,1.048,0,0,3,6,0
25.39,17,9,4.67,4.65,1.265,0,0,1,3,0
22.89,20,4,8.85,4.85,0.814,1,0,1,5,0
24.88,13,1,3.91,7.72,1.813,0,0,0,2,0
18.28,2,4,39.57,15.64,6.118,0,0,2,6,1
132.23,17,7,10.16,10.52,1.487,0,0,0,3,0
29.26,9,8,2.34,0.42,1.687,1,0,0,1,0
29.63,14,7,19.79,4.97,1.514,0,0,0,5,0
32.42,22,1,5.8,1.93,0.72,1,0,0,3,0
16.05,17,9,4.66,8.63,1.04,1,0,0,9,0
41.76,9,0,17.57,0.26,0.498,0,0,0,5,0
74.46,19,6,0.09,0.18,1.735,1,0,1,8,0
63.09,18,9,8.57,17.66,0.984,0,0,0,7,0
37.42,20,8,2.96,5.69,1.225,1,0,0,6,0
18.6,9,0,25.23,3.49,1.644,0,0,0,6,0
131.92,20,6,3.66,4.69,1.053,0,0,0,5,0
26.42,0,0,4.23,5.75,1.325,0,0,1,4,0
14.63,13,1,2.27,4.93,0.748,1,0,1,1,0
55.36,5,4,3.68,1.13,0.624,0,0,2,5,0
19.04,15,7,0.55,0.69,0.534,1,0,0,3,0
58.24,13,4,0.22,12.63,0.79,0,0,0,10,0
26.14,20,0,4.49,0.37,1.048,0,0,1,5,0
38.06,17,0,7.36,4.66,0.597,1,0,2,6,0
41.2,22,4,14.25,0.14,1.106,1,0,1,4,0
178.49,17,6,12.68,6.76,1.155,1,0,1,3,0
106.46,7,4,1.83,19.3,1.574,0,0,0,5,0
51.02,9,5,7.75,4.1,2.679,0,0,2,2,0
428.59,16,5,6.02,1.24,0.845,1,0,0,4,0
20.57,8,0,23.09,0.85,2.113,0,0,0,4,0
13.21,12,0,3.28,11.84,0.498,0,1,2,3,0
12.04,19,0,1.7,7.08,0.743,0,0,0,6,0
112.31,15,3,13.37,0.37,0.555,0,0,0,6,0
147.76,10,0,17.32,10.79,0.764,1,0,1,4,0
43.99,9,5,10.47,1.2,0.529,0,0,0,7,0
49.6,10,8,1.53,0.32,1.663,1,0,0,5,0
38.74,16,0,20.05,19.0,0.504,0,0,0,5,0
12.5,13,7,18.1,0.71,0.634,0,1,1,6,0
55.33,14,4,1.54,6.61,1.387,0,0,0,3,0
24.31,17,4,11.31,1.02,0.609,0,0,2,6,0
12.16,18,9,7.06,1.69,0.967,0,0,2,5,0
39.91,7,3,7.52,1.82,2.157,0,0,1,5,0
25.27,21,0,4.25,2.67,1.11,0,0,0,5,0
38.37,11,8,9.39,1.71,1.226,1,0,0,4,0
31.46,14,3,0.38,2.96,0.432,0,0,0,9,0
14.57,18,2,0.11,7.39,1.985,0,0,2,5,0
28.84,19,7,11.06,8.83,0.43,0,0,1,7,0
135.82,9,5,12.5,1.03,0.505,0,1,1,6,0
153.37,19,1,2.01,0.76,0.766,0,0,2,10,0
233.73,17,2,6.73,1.22,0.596,0,0,3,6,0
174.62,1,7,27.92,21.59,3.639,0,0,4,12,1
15.55,11,7,16.48,10.55,1.074,0,0,0,6,0
9.49,10,8,3.64,0.14,0.961,0,0,1,5,0
14.69,11,2,16.91,11.16,1.167,1,0,3,5,0
63.52,19,9,1.86,0.08,1.339,0,0,2,8,0
30.74,15,2,2.84,21.44,1.121,0,0,0,7,0
74.85,20,0,4.19,4.93,1.366,0,0,1,9,0
35.92,12,1,0.28,2.33,0.611,1,0,0,7,0
38.57,20,5,12.44,1.9,1.28,0,0,0,3,0
34.26,23,0,6.02,1.63,0.887,0,0,1,4,0
68.35,9,5,33.92,13.42,0.859,0,0,1,2,0
13.59,7,9,5.64,4.07,1.065,0,0,1,2,0
49.86,1,3,3.14,4.95,0.293,0,0,5,3,0
22.62,12,6,0.24,1.03,1.581,0,0,1,7,0
25.88,18,8,4.53,14.23,1.195,0,0,0,5,0
39.69,14,0,6.31,12.92,0.908,0,1,0,5,0
320.76,22,2,3.74,28.98,1.322,0,0,0,5,0
154.46,19,6,60.54,59.24,6.86,0,0,5,14,1
220.16,15,7,0.17,43.93,3.791,1,1,2,13,1
31.99,8,3,9.5,4.65,1.283,1,1,2,2,0
12.45,13,7,12.13,2.17,1.593,0,0,0,6,0
10.18,16,1,0.95,11.18,1.232,0,0,0,7,0
50.31,0,9,11.42,17.29,45.776,1,0,2,10,1
24.54,15,3,3.82,3.57,1.108,0,0,0,4,0
6.67,22,5,0.74,0.01,0.892,1,0,0,6,0
133.71,17,1,0.56,15.13,0.385,0,0,1,3,0
43.98,10,0,5.69,3.62,1.519,0,0,3,4,0
6.5,13,7,1.67,1.12,1.235,1,0,1,4,0
7.91,20,4,3.41,6.25,1.297,0,0,0,7,0
36.06,10,2,24.26,0.7,0.681,0,0,0,4,0
57.07,12,0,3.29,8.1,0.563,1,0,2,6,0
14.79,17,4,23.0,0.5,2.487,1,0,0,5,0
60.23,18,4,8.0,8.49,0.553,0,0,1,1,0
51.82,13,1,3.05,3.25,1.306,0,0,1,4,0
28.68,16,8,21.13,0.18,1.093,0,0,0,8,0
69.7,23,3,5.96,3.78,0.907,1,0,0,4,0
17.72,13,0,1.57,1.23,0.399,0,0,1,7,0
288.6,13,6,5.19,7.4,0.942,1,0,1,3,0
35.63,16,2,1.2,14.21,1.258,1,0,0,4,0
52.04,20,6,1.13,1.17,0.872,1,0,2,2,0
7.5,13,0,25.09,1.23,0.772,1,0,1,9,0
20.7,11,9,4.24,1.84,0.92,0,0,1,13,0
33.64,14,1,3.22,0.21,1.167,1,1,2,7,0
168.12,19,0,1.58,9.99,0.45,0,0,0,2,0
34.26,18,3,2.36,4.79,1.061,1,0,0,7,0
29.18,12,9,5.38,1.57,0.856,0,0,0,6,0
22.34,20,2,2.78,0.36,0.458,1,0,1,7,0
734.65,22,6,131.7,71.91,2.322,1,0,3,15,1
40.76,13,1,2.69,4.46,1.712,0,0,0,6,0
19.0,16,4,8.43,7.52,0.807,0,0,0,6,0
12.53,14,4,3.29,1.18,2.106,0,0,0,8,0
46.35,8,6,5.68,0.3,1.29,0,0,1,2,0
3.67,23,4,7.72,3.19,0.755,0,0,1,3,0
5.51,0,4,6.26,1.2,0.588,0,0,1,6,0
45.96,9,5,2.55,0.93,1.426,0,0,0,4,0
13.41,15,4,1.39,0.34,1.326,0,0,1,6,0
23.5,22,3,24.74,0.05,0.739,0,0,2,3,0
15.39,3,0,14.2,2.03,0.926,0,0,0,3,0
25.98,4,3,1.89,0.62,1.441,1,0,0,3,0
26.55,6,5,4.82,1.13,0.532,0,0,0,2,0
4.12,18,2,2.67,5.31,1.136,0,0,0,10,0
4.16,10,4,1.0,2.26,0.816,0,0,0,4,0
131.43,17,9,21.4,1.66,1.19,1,0,1,4,0
50.38,12,1,2.09,5.69,1.386,0,0,2,3,0
6.48,18,1,15.95,1.39,1.109,0,0,0,11,0
17.29,18,4,0.9,7.25,1.827,0,1,2,3,0
39.73,9,2,0.35,3.28,1.887,0,0,1,5,0
82.79,9,0,0.91,4.97,0.525,1,0,3,2,0
41.13,10,8,2.02,10.43,0.491,0,0,0,3,0
11.87,16,2,1.28,6.67,0.631,0,0,0,3,0
8.77,23,1,8.77,11.22,0.767,0,0,1,7,0
43.82,13,2,5.77,23.05,0.711,0,0,1,5,0
19.93,6,8,3.25,0.66,1.385,0,0,0,3,0
35.82,8,0,15.4,2.74,1.233,0,0,3,3,0
22.24,20,0,0.5,2.32,0.829,1,0,1,6,0
6.35,10,1,16.69,3.4,1.532,0,0,0,4,0
17.69,17,9,23.11,6.89,1.07,1,0,0,2,0
101.94,18,1,6.53,0.75,1.246,1,0,0,4,0
14.69,2,7,1.76,8.39,1.215,0,0,1,5,0
25.16,17,4,18.1,4.9,0.861,0,0,1,6,0
4.88,17,4,11.67,5.31,0.717,1,0,1,8,0
38.57,19,8,23.44,0.93,1.12,0,0,0,2,0
26.04,10,3,21.03,1.89,0.663,0,0,0,5,0
69.35,15,2,8.77,9.36,1.185,0,0,0,5,0
31.25,21,6,2.24,1.57,0.916,1,0,1,6,0
8.45,1,8,0.1,4.06,2.019,1,0,2,7,0
69.03,18,7,0.55,7.22,1.315,0,0,0,3,0
33.59,8,5,2.31,0.49,0.375,0,0,0,6,0
12.45,12,7,19.36,4.29,1.24,0,0,2,8,0
20.78,12,0,2.68,2.79,1.027,0,0,0,5,0
14.96,4,7,0.34,4.09,0.936,0,0,1,6,0
178.38,16,6,23.4,6.89,2.363,0,0,2,3,0
15.27,19,8,1.7,5.94,0.744,0,0,0,4,0
8.05,18,5,2.41,0.65,0.94,0,1,2,3,0
64.94,11,1,21.17,5.48,1.366,1,0,1,3,0
65.82,23,0,0.99,0.13,1.13,0,0,1,7,0
18.17,11,0,0.08,9.48,1.115,0,0,0,6,0
86.17,9,8,19.68,6.65,2.267,1,0,0,4,0
46.7,11,3,4.15,1.1,1.079,0,0,1,6,0
177.05,21,8,17.58,8.18,0.687,0,0,0,2,0
43.93,13,4,1.19,1.09,1.415,0,0,1,7,0
39.16,19,9,2.8,1.8,0.876,0,0,0,5,0
26.53,13,1,2.8,3.34,1.233,0,1,1,3,0
62.5,21,1,10.2,2.68,1.244,0,0,1,8,0
18.22,10,2,17.8,10.59,1.114,0,0,1,4,0
25.32,19,6,7.14,1.53,1.365,1,0,0,6,0
43.18,10,2,1.44,1.62,0.918,0,0,0,4,0
108.8,7,6,3.8,17.23,1.028,1,0,0,6,0
18.89,18,5,4.85,8.62,1.243,0,0,1,2,0
47.32,17,1,5.47,30.88,1.221,0,0,2,5,0
25.24,17,1,11.17,13.25,1.05,0,0,1,6,0
171.29,11,5,2.89,1.37,1.273,0,0,5,4,0
55.77,19,9,27.4,0.81,0.794,1,0,0,4,0
84.69,19,4,1.98,1.86,0.952,0,0,3,6,0
37.47,13,9,6.16,4.62,1.087,1,0,0,6,0
20.94,15,8,8.87,7.91,1.813,1,0,1,2,0
322.41,13,0,15.93,0.12,0.55,0,0,2,9,0
82.71,20,5,17.1,10.49,0.63,1,1,1,2,0
20.34,10,2,11.83,2.82,0.988,0,1,0,6,0
62.98,15,0,7.48,8.28,1.198,0,0,2,2,0
9.36,12,8,8.41,0.93,1.531,0,0,1,6,0
26.86,18,0,0.9,5.69,1.295,0,0,1,4,0
22.86,16,3,3.43,3.63,0.793,0,0,1,2,0
20.95,18,0,8.39,0.5,0.916,0,0,2,2,0
17.74,14,9,4.32,0.74,1.825,0,0,0,5,0
29.7,6,2,30.3,1.34,0.534,0,0,1,4,0
4.34,17,4,2.67,2.55,0.841,0,0,0,1,0
49.89,16,0,9.11,11.75,0.659,0,0,0,9,0
7.63,19,1,6.8,3.09,1.961,0,0,0,4,0
84.6,12,3,3.11,0.55,1.133,0,0,0,4,0
31.54,19,4,11.81,1.36,1.068,0,0,1,6,0
10.83,17,6,3.54,2.48,0.605,0,0,1,11,0
5.78,20,0,0.19,2.57,1.935,1,0,0,3,0
132.98,20,1,5.17,12.03,0.588,0,0,0,6,0
64.81,14,1,15.77,0.43,1.094,1,0,0,2,0
233.44,9,0,5.23,5.11,1.299,0,0,0,9,0
1.78,10,9,5.16,1.71,0.472,1,0,1,7,0
189.9,10,2,1.54,11.55,0.911,0,0,1,4,0
54.5,23,5,5.1,2.03,0.535,1,0,0,3,0
13.17,12,0,2.4,5.65,0.84,0,0,3,6,0
24.28,15,1,10.26,2.44,1.217,1,1,0,5,0
25.61,20,4,7.01,4.11,0.394,0,0,0,3,0
32.44,21,9,3.55,2.14,0.51,0,0,0,3,0
55.53,7,7,8.0,3.48,1.106,1,1,1,8,0
109.98,13,0,1.19,5.88,1.153,0,0,2,6,0
25.88,12,2,2.44,1.49,1.331,0,0,0,3,0
27.96,16,3,11.38,0.36,1.243,0,0,2,5,0
46.88,13,5,0.28,4.1,1.04,0,0,0,3,0
9.56,20,6,13.94,0.38,0.796,1,0,0,3,0
118.14,14,0,5.8,5.33,1.167,0,0,1,5,0
21.2,7,5,8.98,3.31,0.587,1,0,3,5,0
17.43,8,7,8.46,5.33,1.302,0,0,0,2,0
30.5,16,6,6.52,4.85,0.815,0,0,1,7,0
75.96,19,2,12.45,10.74,0.972,0,0,1,4,0
4.04,14,0,14.14,3.24,0.828,1,0,1,7,0
9.23,23,2,0.27,43.74,0.698,0,0,0,4,0
25.42,8,9,11.16,12.97,0.923,0,0,1,8,0
33.93,18,7,4.61,2.59,2.249,1,0,1,5,0
48.84,10,1,1.7,8.69,0.633,0,0,1,3,0
65.23,18,0,3.8,0.79,1.618,0,0,0,8,0
29.79,12,0,3.98,2.22,0.841,0,1,1,6,0
12.65,6,1,0.98,7.85,1.317,0,0,0,5,0
96.22,10,4,0.52,3.19,1.449,1,0,1,1,0
94.38,9,0,4.18,2.68,0.489,0,0,0,5,0
8.67,13,0,17.6,0.34,1.101,0,0,1,7,0
36.07,10,0,1.24,0.35,0.914,0,0,0,5,0
36.88,13,7,5.51,4.68,1.454,0,0,2,4,0
38.75,20,7,10.07,3.07,0.699,0,0,1,9,0
15.44,17,2,4.21,1.51,0.398,0,0,1,2,0
3.91,14,9,0.52,0.85,1.313,1,0,0,4,0
54.64,23,5,19.98,0.14,1.024,0,0,1,1,0
23.69,13,0,2.4,16.26,1.67,0,0,1,5,0
33.73,11,3,3.39,1.73,1.03,0,0,1,4,0
33.58,13,5,9.09,4.94,1.382,1,0,0,4,0
8.59,12,8,1.4,22.04,2.347,0,0,0,6,0
24.07,17,3,8.33,4.23,0.929,0,1,0,5,0
75.81,12,8,12.65,4.19,1.382,1,0,1,2,0
22.97,17,5,22.55,5.97,1.267,0,0,0,6,0
11.93,11,9,11.87,8.2,0.933,0,0,0,7,0
109.13,12,9,8.55,4.12,1.327,0,0,0,7,0
21.21,15,3,3.13,4.61,1.546,1,0,1,4,0
139.27,11,4,16.06,0.17,2.108,0,0,2,4,0
15.59,9,0,0.41,5.44,0.607,0,0,2,5,0
86.35,18,7,10.44,2.85,0.953,0,0,0,5,0
5.62,13,6,17.27,5.5,1.328,0,0,0,3,0
26.55,12,9,4.9,1.31,1.268,1,0,0,6,0
35.46,11,7,9.3,2.62,1.394,0,0,3,5,0
18.5,16,0,1.76,1.26,1.011,1,0,1,8,0
11.12,10,1,12.22,0.91,0.462,0,0,0,3,0
19.29,21,9,4.95,1.93,0.785,0,0,1,8,0
113.17,14,6,0.23,3.79,0.669,0,1,1,6,0
41.35,7,1,10.1,2.01,0.798,0,0,1,3,0
6.71,8,5,10.46,0.01,0.899,0,0,2,4,0
89.61,13,8,4.11,3.4,0.851,1,1,0,6,0
366.81,11,5,3.23,1.08,1.885,1,0,0,5,0
35.84,19,0,3.25,28.45,0.538,0,0,1,2,0
78.0,22,3,1.83,0.03,1.19,1,0,1,7,0
40.34,9,7,2.5,4.47,0.696,0,0,0,6,0
29.47,17,5,4.08,3.15,1.525,0,0,1,4,0
108.9,18,0,21.15,4.76,1.484,0,0,0,6,0
62.93,8,7,3.16,8.15,0.823,1,1,1,7,0
38.31,20,4,2.53,1.66,1.187,1,0,0,9,0
72.37,9,4,13.55,1.93,0.706,0,0,0,8,0
20.43,13,1,2.51,1.72,0.837,1,0,0,3,0
54.9,8,0,1.29,2.67,1.107,1,0,0,4,0
14.67,12,9,9.57,2.79,0.718,0,0,1,3,0
379.84,10,1,4.2,1.49,1.603,0,0,2,2,0
75.57,12,3,19.84,1.4,1.594,0,0,0,5,0
45.7,9,9,2.76,13.84,0.731,0,0,2,2,0
66.41,11,1,5.17,11.25,0.732,0,0,1,3,0
52.8,10,6,2.92,7.42,0.78,1,0,0,6,0
60.59,12,0,6.3,0.55,1.007,0,0,0,3,0
22.75,17,7,12.88,4.05,0.916,0,0,2,2,0
4.13,11,9,4.81,0.34,1.435,0,0,2,3,0
14.52,15,2,2.03,9.33,0.871,0,0,1,7,0
180.38,8,8,10.43,1.46,0.755,0,0,0,8,0
13.78,6,2,3.39,10.26,1.383,1,1,0,4,0
7.88,16,6,6.04,2.72,0.564,1,0,2,6,0
38.77,11,9,10.76,3.09,1.243,1,0,1,3,0
53.32,10,5,3.18,2.79,1.132,1,0,0,3,0
18.32,14,3,1.17,1.14,0.311,0,0,0,7,0
12.26,17,3,21.12,0.59,1.513,0,0,2,3,0
31.58,19,0,0.29,1.61,0.992,1,0,0,7,0
14.93,10,3,28.67,5.5,1.925,0,0,0,6,0
583.13,19,8,0.75,9.07,1.406,0,0,2,9,0
220.33,13,5,8.11,0.85,1.436,0,0,0,1,0
16.31,2,6,15.34,18.81,14.076,1,0,1,10,1
47.61,10,6,6.51,13.93,1.95,1,0,3,5,0
96.9,15,8,0.22,2.0,1.216,0,0,1,1,0
30.47,19,0,0.55,1.26,1.176,0,0,1,5,0
11.03,7,4,0.59,0.43,1.242,0,0,1,4,0
61.46,8,5,5.93,2.27,1.265,0,1,1,5,0
33.33,17,3,12.98,4.71,1.093,0,0,2,7,0
33.89,15,6,0.2,2.12,0.905,1,0,1,7,0
30.93,9,3,1.63,21.66,2.028,0,0,1,2,0
44.2,11,2,22.85,1.21,0.79,0,0,0,8,0
7.02,16,6,5.14,10.79,1.219,0,0,3,8,0
13.08,13,8,1.82,7.08,1.852,0,0,0,3,0
9.66,16,5,3.13,0.4,0.898,0,0,1,6,0
19.53,9,0,30.02,5.47,2.398,0,0,3,9,0
66.37,19,6,14.43,13.65,1.558,0,0,2,6,0
28.22,13,0,1.66,7.55,1.431,1,0,3,5,0
36.7,13,1,19.32,0.55,0.687,0,0,2,8,0
382.13,16,5,8.39,0.68,0.444,0,0,3,8,0
250.1,7,8,96.87,119.34,4.626,0,1,1,10,1
175.9,18,3,0.07,6.57,1.087,0,0,0,2,0
97.21,9,9,0.26,5.99,1.277,0,0,0,0,0
18.42,20,4,8.84,1.81,1.046,0,0,1,3,0
8.79,15,5,14.7,6.61,1.079,0,1,1,9,0
338.55,19,7,1.95,1.36,1.493,1,0,0,13,0
9.9,12,3,0.12,9.03,0.729,0,0,3,8,0
46.15,13,6,1.05,0.68,0.95,0,0,0,6,0
72.12,15,2,6.83,1.63,0.818,1,0,2,4,0
59.27,20,1,6.6,3.62,0.966,1,0,0,7,0
68.66,14,0,12.89,3.59,0.908,1,1,0,2,0
17.98,15,0,2.01,20.23,1.153,0,0,2,2,0
20.09,21,2,23.93,3.79,1.243,1,0,3,4,0
5.58,17,6,10.86,0.87,1.017,0,0,0,4,0
13.49,0,4,27.98,5.84,0.967,1,0,1,3,0
275.21,1,7,31.89,58.16,7.292,1,1,5,9,1
126.75,20,5,2.48,1.92,0.731,0,0,0,11,0
49.7,10,1,3.08,4.59,1.059,0,0,0,5,0
229.49,16,6,6.18,2.75,1.2,0,1,1,8,0
15.82,15,8,8.81,3.08,0.951,1,0,1,5,0
24.97,16,7,0.05,22.02,0.919,0,0,0,3,0
166.65,10,0,13.11,7.12,1.233,1,0,1,6,0
85.9,14,8,4.46,6.1,2.475,0,0,0,6,0
10.92,12,4,17.5,2.31,0.77,0,0,2,5,0
70.18,16,2,7.8,14.16,0.437,0,0,1,6,0
35.6,20,6,4.52,2.18,1.268,0,0,2,4,0
40.58,12,4,14.2,4.42,0.911,1,0,1,4,0
56.84,19,4,8.52,3.14,0.749,0,0,0,3,0
65.84,10,0,5.55,5.16,0.618,0,0,0,5,0
106.65,18,8,16.97,0.23,0.663,0,0,1,4,0
50.34,19,0,1.59,0.88,0.462,0,0,2,4,0
2.22,21,2,1.5,4.76,0.878,0,1,0,4,0
12.47,10,5,4.51,0.2,1.388,1,0,0,6,0
60.03,9,2,13.14,15.13,1.658,0,0,3,6,0
50.05,13,8,0.66,21.68,1.375,0,0,0,4,0
6.01,14,5,7.57,0.43,2.349,0,0,0,1,0
33.22,14,5,0.23,6.22,1.451,1,1,1,4,0
135.45,20,6,20.3,12.95,1.214,1,0,1,5,0
30.79,20,5,2.36,3.99,1.221,1,0,1,6,0
20.15,7,1,0.66,1.83,1.047,1,0,0,1,0
62.08,7,4,1.46,13.71,0.642,0,0,1,6,0
55.5,9,9,5.66,3.54,1.6,0,0,0,6,0
57.77,19,7,22.76,11.98,1.273,0,0,0,6,0
101.16,19,0,3.72,0.56,2.324,0,0,0,6,0
11.04,20,8,0.58,0.68,1.112,0,0,3,9,0
52.34,13,3,1.83,9.28,0.719,0,0,1,6,0
26.71,18,6,6.47,0.76,1.465,0,0,0,4,0
140.28,13,9,20.62,27.77,0.89,0,0,2,13,0
6.92,19,1,17.35,2.01,1.444,0,0,2,4,0
31.95,14,5,5.97,0.45,1.644,0,0,1,6,0
21.42,18,5,1.87,2.84,0.537,0,0,0,7,0
12.56,17,9,16.33,5.0,1.085,0,0,2,3,0
226.67,15,8,37.95,1.44,1.149,0,0,1,2,0
12.32,15,1,2.93,1.98,0.804,0,0,0,6,0
15.66,14,7,3.57,1.2,1.169,0,0,2,3,0
11.39,13,1,18.95,3.34,0.702,0,0,2,0,0
20.51,18,7,4.25,8.11,1.064,1,0,3,8,0
22.67,13,1,3.42,7.31,1.818,0,0,1,6,0
34.1,11,1,2.46,1.35,0.46,0,0,1,4,0
53.49,16,3,2.11,0.84,0.799,0,0,2,2,0
19.57,23,9,1.0,0.6,0.719,0,0,2,2,0
369.67,13,6,7.93,0.29,1.068,0,0,0,3,0
22.82,14,9,2.26,6.22,1.153,0,0,2,5,0
147.68,18,3,0.22,0.29,1.372,1,0,2,3,0
41.77,15,1,5.81,18.5,0.618,1,0,0,4,0
12.74,15,3,2.98,2.48,1.269,1,0,0,4,0
15.46,13,1,25.36,8.28,1.666,1,0,1,10,0
14.32,21,5,12.33,2.18,1.145,1,0,1,4,0
29.15,18,2,0.18,0.69,0.54,0,0,1,6,0
35.71,13,1,31.1,0.53,0.876,0,0,0,4,0
64.56,12,3,14.97,7.23,0.675,0,0,1,3,0
164.96,11,3,2.72,13.89,2.504,1,0,1,5,0
23.26,7,8,6.91,8.21,1.124,0,0,1,2,0
20.56,16,0,0.37,1.26,0.846,0,0,0,9,0
38.43,18,0,2.08,6.92,1.156,0,0,2,6,0
153.3,8,7,4.41,4.06,1.102,1,0,1,4,0
280.22,17,5,3.02,5.14,0.64,0,1,0,4,0
31.17,8,1,2.85,2.1,1.498,1,0,2,6,0
147.04,19,1,7.39,8.87,1.511,0,0,2,3,0
74.41,0,7,33.72,0.47,2.51,0,0,1,5,0
74.32,6,3,13.69,5.4,0.698,0,0,1,3,0
89.36,8,6,0.2,18.99,0.844,0,0,1,3,0
7.99,19,2,2.47,0.23,1.342,1,0,1,6,0
19.6,18,9,4.3,14.46,1.472,1,0,4,6,0
36.14,12,2,26.34,20.68,0.68,0,0,1,2,0
45.05,14,9,24.78,7.39,1.463,0,0,2,5,0
26.35,0,9,5.39,2.49,1.238,0,0,0,6,0
4.09,16,4,11.31,1.7,1.944,1,0,0,8,0
14.32,12,4,7.01,1.85,0.624,1,0,2,7,0
121.72,18,0,16.91,17.26,1.399,0,0,1,5,0
71.62,9,0,7.66,4.48,1.139,1,0,2,5,0
33.73,10,1,0.43,4.88,0.794,0,0,0,5,0
7.52,8,1,7.82,29.11,1.661,0,0,0,7,0
17.59,18,7,10.13,12.55,0.761,0,1,1,2,0
15.92,9,6,0.73,7.46,0.722,0,0,0,4,0
57.96,8,3,15.37,1.75,1.863,0,1,1,5,0
19.89,23,2,5.02,16.65,1.344,0,1,0,4,0
43.38,18,1,3.36,5.07,1.087,0,0,0,8,0
3.66,9,5,6.57,5.96,0.65,0,0,0,4,0
98.49,18,5,20.96,3.66,2.062,1,0,0,1,0
10.45,21,8,0.52,0.28,1.235,0,0,0,5,0
24.74,15,3,0.94,9.37,1.325,0,0,2,3,0
25.21,17,0,8.1,0.7,1.45,1,0,1,4,0
151.17,13,0,17.3,4.95,0.555,0,0,0,5,0
17.86,12,5,13.23,10.56,0.792,1,0,0,6,0
42.25,15,7,2.18,12.44,1.15,1,0,0,7,0
27.57,9,2,18.53,4.25,1.689,0,0,1,9,0
83.03,8,2,9.58,0.28,0.572,0,0,2,7,0
49.19,20,0,7.23,0.55,1.297,0,0,1,3,0
733.85,12,3,0.1,6.08,0.652,1,0,2,5,0
34.57,17,2,0.6,2.96,0.496,1,0,0,6,0
4.29,9,2,1.66,3.24,0.502,0,0,0,8,0
170.16,12,5,11.92,17.43,1.03,0,0,0,5,0
21.43,8,6,15.29,10.35,1.357,1,0,1,4,0
2.41,18,1,5.32,0.4,0.532,0,0,0,3,0
104.22,15,1,19.96,0.75,0.892,0,0,0,3,0
33.77,10,2,9.39,4.71,1.139,1,1,0,2,0
13.91,14,6,1.56,0.54,0.778,0,0,0,7,0
9.41,18,8,3.27,9.28,1.594,1,0,2,2,0
89.3,21,4,33.69,4.63,0.786,1,0,0,2,0
48.46,10,4,6.79,8.36,0.924,1,0,0,7,0
9.15,14,2,2.34,5.23,2.058,1,0,1,6,0
56.63,10,2,6.26,18.57,1.653,0,0,2,5,0
5.59,6,3,1.01,1.47,1.26,0,0,0,7,0
111.77,9,0,4.19,0.88,0.723,0,0,0,7,0
20.25,18,2,18.06,2.84,0.918,1,0,0,4,0
31.49,7,9,25.29,0.81,0.55,0,1,3,4,0
10.01,15,0,1.09,7.43,0.786,0,0,2,3,0
19.76,11,8,9.34,2.8,0.913,1,0,1,5,0
10.11,18,0,5.79,5.64,1.101,1,1,1,1,0
107.61,12,1,2.98,0.66,1.0,0,0,0,6,0
41.06,0,2,7.88,4.87,1.199,1,0,0,5,0
13.46,14,2,7.98,3.39,0.878,0,0,0,6,0
25.45,15,0,14.11,14.81,0.98,0,0,1,11,0
157.83,0,5,8.64,2.64,0.784,1,0,0,7,0
39.52,9,0,0.5,5.77,0.56,0,0,1,4,0
37.91,12,9,1.46,6.36,1.103,0,0,3,6,0
17.26,20,5,1.46,11.47,1.188,0,0,1,6,0
24.31,14,7,17.59,12.56,1.059,0,0,0,3,0
21.45,8,0,2.37,22.16,0.91,0,0,0,5,0
47.82,10,4,5.78,0.68,0.501,0,0,2,9,0
28.16,15,2,6.18,4.55,0.738,1,1,1,8,0
77.67,8,6,4.7,1.75,0.654,0,0,0,3,0
43.33,11,9,16.37,0.71,0.408,0,0,3,5,0
35.72,9,2,0.84,1.73,0.864,0,0,3,6,0
116.66,23,7,18.86,2.71,1.131,1,0,0,4,0
35.49,14,1,2.32,0.64,1.223,0,0,0,2,0
34.2,21,0,19.7,0.71,1.407,0,0,1,2,0
64.3,18,7,5.86,11.13,0.91,1,0,1,4,0
45.01,17,3,11.11,2.82,0.891,0,0,3,7,0
98.09,21,1,12.48,8.31,0.663,0,0,1,4,0
29.15,9,1,2.46,3.88,1.006,0,0,1,6,0
24.17,10,4,6.22,5.65,0.553,0,0,2,8,0
18.36,16,1,1.63,1.5,2.454,0,0,1,4,0
17.44,12,6,4.21,3.58,1.064,1,1,0,1,0
10.67,12,6,5.15,5.08,1.003,0,1,2,6,0
219.68,9,2,6.75,15.99,1.206,0,0,2,6,0
29.99,19,8,21.77,2.15,0.914,0,0,0,8,0
329.94,12,4,6.04,4.08,0.895,0,0,0,11,0
9.26,11,9,0.72,2.3,0.632,1,0,0,2,0
9.72,17,2,5.14,12.08,1.283,1,1,0,4,0
31.29,20,3,13.17,4.87,1.851,0,0,1,4,0
28.39,7,6,12.41,1.2,0.624,0,0,0,8,0
31.27,18,5,2.35,5.41,1.127,0,0,2,4,0
9.53,20,2,11.62,2.71,1.346,0,0,0,4,0
19.97,14,5,5.69,0.73,1.287,0,0,0,3,0
40.75,18,0,2.83,0.97,2.627,1,0,2,5,0
104.39,12,9,21.87,5.06,1.65,0,0,1,3,0
187.72,21,1,4.5,0.65,1.479,0,1,0,5,0
35.62,19,0,31.97,6.88,0.77,0,0,1,5,0
93.7,7,5,9.34,1.96,0.897,0,0,1,4,0
10.86,14,3,5.36,3.06,1.321,0,0,0,5,0
46.22,11,4,6.06,16.28,0.354,0,0,0,6,0
46.46,21,8,3.5,5.96,1.183,0,0,1,4,0
10.16,14,5,1.89,11.57,0.866,0,0,0,4,0
3.41,21,2,2.39,1.41,0.723,0,0,2,9,0
102.4,17,1,14.34,4.07,1.009,0,0,1,5,0
56.31,17,1,4.91,2.89,2.969,0,0,2,9,0
12.13,8,8,52.63,4.78,1.135,0,0,1,6,0
38.73,17,5,0.92,8.35,0.938,0,1,1,8,0
33.37,16,5,25.86,7.81,0.273,0,0,0,5,0
92.85,11,6,0.6,0.38,1.342,1,0,1,3,0
9.44,20,7,2.39,13.38,1.854,1,0,1,5,0
88.1,14,2,19.82,0.05,1.199,0,0,0,4,0
22.81,12,9,4.22,0.41,0.997,0,0,0,6,0
41.8,19,2,12.32,8.83,1.206,0,0,1,0,0
30.45,12,5,0.04,0.8,0.691,0,0,3,5,0
8.65,1,5,1.0,2.52,0.721,0,0,1,1,0
292.53,13,8,18.35,40.12,0.988,0,0,2,6,0
21.15,18,5,11.12,10.87,0.857,0,0,2,5,0
25.58,17,8,4.96,3.46,0.727,1,0,0,5,0
115.16,16,7,84.9,30.65,9.652,0,0,2,4,1
11.37,17,8,2.87,9.86,1.227,0,0,0,3,0
200.03,9,9,1.26,4.58,0.652,0,0,1,3,0
21.95,8,5,4.48,2.67,1.011,0,0,1,5,0
17.69,8,0,1.02,9.67,1.016,1,0,2,3,0
18.49,12,3,5.59,4.43,0.573,1,0,1,3,0
25.34,17,2,15.35,5.74,1.383,1,0,2,5,0
15.55,14,7,8.75,17.46,0.89,0,1,0,3,0
7.02,9,9,4.45,14.75,0.819,1,1,0,6,0
107.78,8,2,1.81,13.03,1.608,0,0,2,6,0
80.26,23,1,20.53,1.39,1.493,0,0,0,5,0
21.11,14,0,15.13,0.19,1.616,0,0,0,4,0
28.42,7,4,12.42,2.92,1.576,0,0,0,4,0
47.09,15,2,6.9,3.79,1.765,0,0,0,2,0
39.77,19,2,12.56,0.13,0.824,0,0,1,5,0
242.87,13,6,15.55,6.22,0.99,0,0,0,6,0
123.34,12,5,10.57,0.18,1.22,0,0,2,7,0
116.21,18,8,6.81,1.82,0.878,0,0,1,4,0
25.81,23,9,8.25,0.88,0.838,1,1,1,2,0
27.1,8,4,9.84,5.2,1.194,1,0,0,2,0
132.05,21,9,6.76,3.81,0.949,0,0,1,3,0
141.54,14,0,11.69,2.69,0.844,0,0,1,5,0
66.6,20,9,10.12,1.88,0.786,0,0,0,7,0
67.42,8,7,2.34,3.36,0.584,1,0,0,3,0
55.83,19,9,7.81,3.17,1.725,1,1,1,3,0
190.21,16,3,8.95,0.82,1.11,0,0,2,3,0
16.84,7,6,5.94,2.11,0.607,0,1,2,6,0
7.45,12,3,2.64,0.36,0.52,1,0,1,5,0
8.17,11,8,1.15,5.3,0.742,0,0,1,6,0
119.22,16,2,5.72,7.74,0.865,0,0,1,5,0
29.2,17,6,13.37,5.53,0.641,0,0,1,2,0
113.68,4,0,2.77,1.37,1.215,0,0,1,7,0
17.49,0,8,5.15,2.46,1.303,0,0,2,4,0
45.64,15,6,3.59,35.39,0.694,1,0,1,6,0
43.76,19,5,16.11,4.9,1.049,1,0,1,8,0
73.73,16,8,14.01,7.92,0.822,0,0,0,11,0
34.49,23,1,1.51,7.57,0.491,0,0,1,8,0
30.54,23,3,1.25,0.99,1.24,0,0,1,7,0
25.39,23,5,17.16,12.11,2.459,0,0,1,10,0
14.53,19,5,1.98,5.67,0.851,0,0,2,8,0
36.89,17,5,6.93,2.66,0.979,0,0,1,7,0
15.35,1,0,1.15,0.82,1.144,0,0,2,5,0
19.95,3,4,78.85,111.12,5.894,0,0,4,14,1
85.41,17,8,0.5,3.63,0.856,0,1,0,3,0
12.34,14,0,3.04,5.18,1.382,0,0,3,4,0
19.87,13,6,2.51,6.74,1.381,1,0,2,3,0
97.52,2,2,2.19,2.37,1.416,0,0,3,8,0
14.01,0,6,2.66,4.66,0.783,0,0,1,6,0
91.43,11,1,6.82,1.0,0.383,0,1,0,1,0
163.6,6,5,20.69,3.87,1.125,0,0,2,6,0
73.54,19,7,3.85,3.35,1.352,0,0,1,3,0
10.16,0,4,1.72,1.6,1.83,1,0,3,7,0
31.16,12,5,3.69,6.22,1.195,0,0,1,6,0
23.43,11,2,2.23,9.7,0.543,0,0,0,4,0
123.23,14,1,11.88,0.14,0.549,0,0,0,7,0
23.3,20,1,5.59,3.04,1.357,0,0,3,3,0
116.09,14,8,7.24,0.41,0.91,0,0,0,6,0
38.3,6,1,1.18,1.83,1.065,0,1,0,4,0
18.81,18,1,6.95,0.97,1.004,0,0,1,5,0
7.98,21,3,5.91,2.07,1.199,0,0,1,11,0
90.07,18,6,4.32,1.49,0.908,0,0,1,2,0
33.89,14,5,5.66,8.17,0.744,0,1,0,7,0
4.11,20,4,5.53,8.09,0.977,1,0,1,4,0
2.75,10,1,1.57,1.34,1.253,1,0,0,8,0
50.82,10,1,21.59,0.71,1.394,0,0,0,4,0
40.76,21,1,15.5,0.81,0.601,1,1,0,6,0
88.04,12,6,1.89,1.96,1.733,0,0,0,6,0
57.73,10,0,8.68,35.43,0.385,1,0,2,4,0
28.22,8,1,0.57,4.02,1.816,0,0,1,5,0
40.94,12,5,2.49,4.4,0.798,0,0,1,3,0
49.43,10,6,22.53,1.3,1.304,0,0,0,7,0
51.94,18,5,2.68,6.51,2.042,0,0,2,7,0
48.14,11,4,8.49,7.52,1.044,0,0,0,5,0
35.91,20,9,1.43,0.61,1.073,0,0,1,5,0
24.1,10,4,22.49,1.23,1.25,1,0,1,6,0
5.39,20,8,4.74,3.91,0.718,0,0,1,7,0
233.47,13,3,5.49,5.65,0.491,1,0,0,6,0
12.3,14,0,1.73,5.25,1.066,0,0,1,3,0
258.22,14,0,1.28,3.42,1.24,0,0,0,3,0
85.63,13,2,5.78,1.17,0.689,0,0,1,9,0
20.13,16,0,10.0,2.3,1.151,0,0,0,4,0
2.34,22,1,5.62,5.3,0.516,0,0,1,8,0
212.24,19,0,12.62,0.88,1.311,0,0,0,6,0
19.63,13,1,2.17,6.4,1.442,0,1,2,4,0
37.11,19,3,16.03,11.48,0.834,0,0,1,2,0
33.0,10,4,3.05,9.89,0.965,0,0,0,3,0
448.93,17,3,0.81,0.54,0.899,1,1,0,6,0
66.0,13,6,12.56,4.01,1.196,1,0,0,11,0
85.02,11,8,1.5,0.7,1.838,0,0,0,4,0
41.76,12,3,17.61,3.01,0.598,0,0,1,9,0
92.93,22,0,0.15,6.4,0.564,0,0,0,6,0
103.13,9,1,20.28,5.09,1.133,0,0,1,3,0
66.55,19,6,3.41,0.48,0.995,0,0,2,2,0
26.35,12,7,1.46,2.85,1.613,0,0,0,6,0
9.24,17,3,1.36,1.72,0.565,0,0,0,3,0
31.78,12,1,4.6,5.93,1.945,0,0,0,2,0
12.08,17,0,13.06,4.91,0.703,1,0,0,5,0
22.37,13,5,4.91,1.07,1.116,0,0,1,7,0
55.7,12,9,3.03,1.93,0.986,0,0,0,5,0
36.72,19,3,9.51,2.86,1.461,0,0,1,7,0
3.93,19,7,2.79,10.06,0.787,0,0,0,5,0
19.14,19,6,10.22,6.44,0.709,1,1,0,2,0
92.49,12,0,15.17,13.66,1.439,1,0,0,1,0
72.19,18,3,0.55,1.2,1.671,0,0,0,4,0
17.41,11,5,0.99,1.43,0.58,0,0,2,4,0
7.4,18,7,5.3,3.95,1.374,1,0,1,4,0
154.07,8,0,11.47,0.93,1.707,1,0,1,2,0
107.58,22,1,15.87,6.73,1.768,1,0,1,5,0
4.64,17,3,4.31,1.09,1.602,0,0,1,4,0
6.28,11,6,13.71,3.39,1.01,0,0,1,2,0
140.04,8,1,17.45,1.64,1.401,0,0,0,5,0
15.11,21,9,19.54,2.31,1.411,0,0,1,7,0
6.93,15,0,2.14,0.38,0.884,0,0,1,4,0
30.94,16,8,21.38,0.21,0.873,0,0,0,3,0
54.63,15,5,0.86,6.67,1.684,1,0,3,2,0
26.02,13,8,5.75,31.24,1.75,1,0,0,9,0
100.04,10,7,7.28,8.04,1.408,0,0,1,5,0
12.72,16,6,1.96,6.02,0.754,1,0,1,4,0
35.43,9,0,14.4,6.04,0.77,0,0,0,5,0
37.82,15,1,12.25,0.41,0.824,0,0,1,9,0
73.59,13,4,16.53,7.76,0.832,1,0,1,5,0
26.97,0,9,2.64,3.39,1.225,0,0,1,3,0
5.77,7,6,25.34,14.99,0.598,1,1,0,3,0
33.8,23,5,27.6,1.4,0.969,0,0,0,3,0
20.41,18,4,6.9,6.99,0.578,0,0,0,3,0
66.13,20,8,8.34,1.73,1.8,1,0,2,8,0
29.3,9,1,5.69,2.73,1.105,0,0,1,6,0
37.42,14,0,3.44,3.61,1.682,1,0,1,5,0
24.07,20,7,6.95,4.46,0.809,0,0,0,5,0
9.46,12,7,18.43,10.02,0.86,1,1,0,2,0
59.95,14,9,10.08,2.72,0.906,0,0,1,2,0
19.73,9,0,2.39,16.67,0.529,1,0,1,5,0
43.15,10,1,1.07,4.37,1.221,1,0,0,4,0
13.71,15,9,1.55,2.38,0.589,0,0,2,8,0
1.94,18,1,4.42,3.11,0.718,1,0,2,6,0
41.84,8,8,9.31,6.94,1.382,0,0,0,3,0
250.71,11,4,2.2,0.08,0.9,0,0,0,3,0
54.59,5,6,0.05,5.26,1.319,0,0,0,7,0
6.7,14,7,10.64,1.1,1.434,1,0,0,9,0
63.58,19,0,2.52,2.01,0.991,0,0,1,4,0
93.12,17,4,45.54,0.39,1.644,0,0,1,3,0
162.46,12,1,14.26,0.78,0.98,0,0,2,4,0
67.17,8,8,0.17,24.72,1.002,0,0,0,4,0
28.2,14,2,40.4,4.76,0.601,0,0,0,5,0
86.51,7,7,1.28,5.38,1.116,0,0,1,5,0
36.67,17,8,20.5,0.89,0.822,0,0,0,3,0
10.81,13,3,9.28,1.97,1.588,0,0,0,6,0
70.6,15,1,19.67,4.93,1.542,0,0,0,6,0
50.39,2,1,14.02,31.8,0.682,0,0,2,8,0
32.11,10,4,3.82,1.5,1.085,0,0,1,3,0
24.56,1,7,8.3,1.89,0.475,0,0,2,3,0
33.51,12,0,10.95,0.88,0.647,0,0,0,2,0
24.84,7,9,9.17,5.15,0.877,0,0,0,5,0
28.27,14,6,0.22,9.56,0.842,0,0,1,4,0
56.51,16,8,6.97,1.4,0.98,1,0,1,5,0
46.13,12,3,5.58,1.3,0.644,0,0,0,7,0
52.27,18,3,4.94,4.35,1.39,0,0,1,3,0
148.12,13,4,14.81,3.51,2.085,0,1,0,5,0
23.89,21,5,27.2,1.57,1.465,1,0,1,6,0
33.97,23,5,15.71,7.81,0.855,1,0,0,7,0
14.84,17,4,11.67,13.01,1.121,0,0,0,5,0
63.09,17,8,5.98,13.59,0.727,0,0,0,9,0
12.01,18,1,0.98,1.84,1.462,0,0,0,4,0
73.02,12,1,6.99,4.32,0.724,1,0,1,6,0
96.69,13,5,6.92,3.51,1.52,0,0,0,6,0
21.92,14,0,12.41,8.4,1.362,0,1,1,2,0
148.03,9,7,2.28,25.56,1.346,0,0,0,4,0
56.12,6,7,1.8,4.94,0.953,1,0,0,4,0
10.03,8,0,33.93,0.82,1.434,1,0,2,2,0
62.42,18,9,8.14,3.47,1.443,0,0,1,3,0
20.44,7,7,17.36,5.54,0.886,0,0,0,7,0
42.02,17,1,5.7,0.67,0.638,1,0,0,6,0
23.88,19,3,5.64,15.64,0.744,1,0,1,5,0
47.06,22,8,16.65,14.65,1.58,0,0,1,3,0
31.42,18,2,2.35,4.44,1.337,0,0,2,9,0
2.66,19,2,6.66,1.92,0.835,0,0,1,7,0
51.26,8,9,0.65,3.78,2.103,0,0,1,5,0
42.01,12,6,0.36,1.26,2.02,0,0,0,8,0
104.42,8,7,9.7,3.18,0.337,0,0,2,6,0
129.46,17,2,8.0,3.15,1.529,0,0,1,6,0
77.55,8,3,3.1,1.01,0.921,1,0,0,10,0
74.98,5,6,36.94,103.9,13.042,0,0,3,10,1
25.87,16,0,2.7,2.24,0.774,0,0,0,4,0
75.21,16,8,5.04,5.24,1.428,0,0,0,3,0
13.11,14,5,0.06,10.78,1.824,1,0,1,5,0
7.38,13,7,1.34,0.46,1.041,0,0,1,5,0
119.25,9,6,6.83,6.14,1.217,1,0,0,9,0
12.24,13,3,0.35,9.72,0.587,1,0,2,5,0
200.44,20,5,6.66,2.97,1.841,0,0,3,2,0
32.38,14,8,2.05,23.59,1.661,1,0,0,2,0
6.94,10,0,7.52,4.13,1.641,0,0,2,3,0
17.8,10,8,15.44,1.78,1.61,0,0,1,5,0
30.01,14,4,4.56,0.48,0.739,1,0,1,6,0
2.75,18,0,2.64,5.96,0.35,0,0,4,8,0
18.64,19,5,3.78,6.51,1.584,0,0,1,3,0
91.74,19,1,6.65,8.59,1.401,1,0,0,7,0
14.06,14,1,1.08,9.18,2.008,0,0,0,1,0
20.66,17,9,1.97,6.66,0.961,1,0,1,4,0
51.09,14,6,11.04,4.56,0.791,1,0,0,3,0
17.06,15,3,21.09,4.79,1.449,1,0,0,5,0
22.1,13,0,3.74,4.09,0.367,1,0,1,4,0
44.22,9,6,0.07,2.7,0.756,0,0,1,8,0
60.68,20,5,20.69,8.99,1.012,1,0,1,8,0
11.64,18,5,0.65,8.36,1.36,0,0,0,4,0
5.05,15,6,21.75,1.97,0.825,0,0,0,0,0
10.29,13,3,13.3,4.32,1.259,1,0,0,7,0
8.59,12,9,3.83,0.99,0.814,1,0,0,5,0
77.57,9,0,4.16,3.57,1.228,0,0,1,8,0
89.86,13,6,7.84,1.91,1.658,0,1,0,3,0
37.57,21,2,1.42,5.15,1.047,0,0,0,6,0
74.33,12,5,5.45,0.36,1.573,1,0,0,3,0
26.2,16,0,24.14,2.35,1.004,0,0,0,6,0
6.04,2,4,22.4,5.35,1.533,1,0,0,8,0
56.83,19,2,0.08,6.0,0.684,1,0,0,4,0
15.45,18,8,1.43,4.95,1.456,0,0,0,4,0
5.81,17,3,4.13,2.05,0.792,0,0,1,6,0
114.14,19,8,15.56,7.24,0.89,0,1,1,3,0
24.82,20,6,3.87,15.24,2.627,1,0,0,9,0
29.31,10,6,3.87,0.46,0.828,0,0,0,6,0
50.62,11,8,1.55,1.13,1.576,0,0,0,3,0
8.15,15,3,4.43,2.71,0.995,1,0,1,6,0
43.91,23,9,3.17,0.89,0.832,0,1,0,3,0
12.94,19,0,2.4,1.14,1.296,0,0,1,4,0
12.76,8,9,1.08,2.13,0.987,1,0,1,4,0
24.45,16,1,3.69,2.69,1.073,0,0,1,1,0
35.79,22,1,2.26,15.04,1.762,0,0,0,4,0
14.06,8,1,19.54,11.61,1.022,1,0,0,6,0
9.71,20,0,8.4,8.72,1.084,1,0,1,6,0
69.56,13,2,12.05,2.32,0.569,0,0,2,5,0
22.26,17,2,20.26,0.69,2.674,1,0,0,8,0
77.79,14,8,0.16,5.57,0.839,0,0,0,4,0
15.09,15,5,4.44,3.4,1.51,0,0,1,2,0
623.54,15,6,2.38,2.48,0.963,1,0,0,6,0
1128.96,22,0,9.09,12.58,0.808,1,0,1,5,0
51.67,14,8,3.26,3.61,1.439,1,0,3,8,0
54.28,9,3,27.54,4.8,0.88,0,1,0,3,0
27.44,15,1,0.32,0.1,0.468,1,0,3,5,0
34.66,18,2,10.74,2.53,2.502,1,0,0,5,0
23.97,14,8,7.21,11.53,0.992,0,1,1,4,0
10.71,20,2,16.31,16.88,0.934,0,0,1,10,0
28.16,12,8,10.64,0.96,0.428,0,1,1,3,0
12.51,14,1,7.34,0.27,1.079,0,0,1,3,0
141.01,22,9,16.22,7.9,2.192,0,0,0,5,0
48.73,13,7,3.07,1.48,0.854,0,0,1,7,0
296.03,19,7,12.11,4.89,1.046,0,0,3,7,0
36.21,13,8,21.78,1.84,0.579,0,0,0,6,0
17.61,18,1,2.79,3.87,2.008,0,0,1,0,0
83.02,13,4,6.56,0.83,0.869,0,0,1,5,0
101.91,6,7,6.1,2.25,0.71,0,0,0,5,0
59.37,17,4,4.88,1.62,0.893,0,0,1,6,0
8.09,13,5,12.32,10.92,0.713,1,1,2,1,0
31.65,20,1,3.6,4.26,1.361,0,0,1,4,0
20.0,18,1,1.5,3.99,0.782,0,0,1,2,0
31.29,11,7,2.33,6.91,1.338,0,0,0,2,0
21.66,7,1,6.97,5.34,0.54,1,0,1,6,0
15.98,11,5,7.61,2.91,1.563,1,0,1,5,0
84.55,7,1,7.28,2.03,1.043,0,1,3,5,0
24.78,15,2,1.04,4.27,0.606,0,0,2,4,0
168.76,11,6,17.93,3.93,1.613,0,0,0,7,0
43.06,13,8,1.26,1.28,1.185,0,0,1,4,0
43.83,19,1,11.49,2.02,0.992,1,0,1,3,0
17.54,19,1,0.5,4.87,1.822,1,0,1,2,0
117.75,13,7,13.71,3.67,0.855,0,0,0,5,0
5.55,21,1,2.27,4.04,1.144,1,0,0,8,0
21.19,11,4,12.17,2.91,0.832,0,1,2,4,0
27.46,15,3,1.08,0.45,0.455,0,0,1,5,0
25.59,18,2,3.49,7.06,0.78,0,0,1,2,0
25.19,13,2,3.49,0.73,2.117,0,0,0,6,0
186.09,15,0,0.29,4.15,1.261,0,0,1,7,0
8.98,15,5,5.14,3.43,0.945,0,0,0,5,0
66.03,13,1,32.4,5.15,0.644,0,0,2,7,0
57.23,16,5,3.57,6.06,0.67,0,0,1,5,0
52.84,21,4,9.58,0.97,0.932,0,0,2,6,0
38.34,8,2,1.46,8.85,0.698,0,0,0,4,0
84.04,8,3,6.68,4.12,1.056,0,0,1,6,0
9.12,10,2,2.09,0.19,1.163,0,0,1,6,0
69.92,19,5,7.44,0.21,0.909,1,1,1,3,0
140.04,17,3,1.64,1.77,1.174,0,1,1,6,0
336.75,21,7,1.4,4.09,0.445,0,0,1,8,0
41.54,17,6,1.93,0.6,0.97,0,0,0,2,0
14.72,8,5,12.54,11.78,0.881,0,0,2,6,0
45.23,16,1,0.32,1.5,1.105,0,0,0,2,0
44.35,10,5,8.63,5.74,1.059,0,0,0,5,0
64.3,19,9,0.63,3.4,1.017,0,0,1,2,0
29.9,16,5,1.79,7.82,2.38,0,0,0,3,0
22.43,12,0,6.47,12.17,0.565,0,0,1,10,0
20.91,19,8,5.56,2.98,0.974,1,1,1,7,0
65.9,16,0,13.16,4.27,0.968,0,1,0,8,0
35.09,17,2,4.53,4.7,0.808,0,1,2,2,0
17.29,12,0,3.12,3.57,1.248,1,1,1,4,0
58.59,10,1,6.3,11.41,1.766,1,0,1,3,0
47.35,14,5,0.24,4.94,1.316,0,0,0,6,0
122.66,11,4,3.94,2.4,0.932,0,0,1,3,0
13.5,9,4,15.44,2.12,1.135,0,0,0,5,0
18.99,20,1,5.54,4.31,0.921,0,0,0,2,0
30.93,13,1,3.58,7.13,1.075,0,0,0,2,0
16.06,9,0,17.29,3.2,1.009,0,1,0,5,0
137.55,17,9,5.19,1.6,1.411,0,1,0,7,0
31.78,15,0,6.74,2.66,0.828,0,0,0,4,0
11.18,20,8,30.7,6.03,1.485,1,0,2,6,0
45.79,12,0,12.22,0.5,1.557,1,0,0,6,0
4.16,23,1,3.98,7.64,1.422,0,0,0,5,0
21.83,10,9,1.4,0.27,0.447,0,1,2,2,0
25.66,10,7,4.38,2.53,1.579,1,0,0,6,0
13.76,9,3,0.29,2.09,0.818,0,0,1,5,0
50.61,12,1,3.66,6.83,1.104,1,0,2,6,0
17.14,19,9,14.4,3.58,1.017,1,0,2,5,0
23.39,14,6,5.49,25.0,1.378,1,1,2,6,0
57.0,19,1,3.18,0.72,1.125,0,1,0,6,0
21.65,10,1,2.64,0.2,1.442,1,0,1,5,0
69.78,19,6,19.05,2.76,1.258,0,0,1,5,0
15.55,13,0,17.18,2.11,1.143,0,0,0,5,0
13.26,17,4,3.85,5.41,0.717,0,0,1,8,0
27.29,13,0,1.82,8.42,1.01,0,0,0,4,0
18.62,14,0,10.19,7.29,0.846,0,0,0,6,0
22.5,17,5,10.35,3.85,0.996,0,0,1,6,0
6.88,9,2,6.01,6.94,1.096,0,0,0,5,0
22.25,11,1,7.43,3.49,0.632,0,0,1,4,0
54.27,14,0,14.29,2.22,0.936,1,0,1,4,0
21.68,18,0,13.92,3.94,1.344,0,0,0,7,0
12.2,15,0,33.89,8.22,1.755,0,0,1,3,0
44.17,18,9,2.16,2.34,0.543,1,0,0,3,0
21.48,7,9,12.01,8.81,0.766,0,0,0,3,0
33.14,16,2,0.88,5.19,0.863,1,0,0,6,0
11.4,5,6,24.07,1.64,0.701,0,0,1,3,0
158.05,18,9,8.79,2.44,2.465,0,1,2,8,0
8.11,11,5,35.15,17.13,0.803,0,0,0,5,0
34.89,17,6,4.37,3.02,1.537,1,0,0,7,0
61.5,15,4,7.19,3.27,0.883,1,0,0,3,0
24.0,11,7,6.7,8.5,0.689,1,0,0,3,0
7.23,12,2,51.88,2.44,0.709,1,0,0,4,0
18.74,14,8,2.54,3.22,1.69,0,0,1,3,0
27.38,18,7,19.7,0.31,0.886,0,0,0,5,0
154.89,11,6,1.24,3.28,1.241,1,1,0,7,0
20.06,22,5,19.59,8.48,0.68,0,0,0,6,0
107.94,9,3,12.81,0.42,0.625,0,0,3,4,0
9.77,17,5,9.76,2.13,0.809,1,0,1,6,0
55.67,12,7,11.25,1.46,0.583,1,1,3,4,0
12.22,13,3,2.05,6.2,1.163,0,0,1,4,0
24.86,11,2,7.13,0.25,1.062,1,0,2,6,0
112.03,15,5,15.8,28.16,2.019,1,0,0,13,0
67.68,0,4,8.25,1.43,0.974,0,1,2,7,0
86.9,12,2,23.51,2.74,0.851,0,0,0,5,0
15.8,11,2,10.27,5.89,1.041,0,0,1,5,0
12.95,15,1,2.91,2.24,0.623,0,0,1,2,0
26.08,17,7,135.11,7.16,9.996,0,0,0,16,1
31.68,15,4,8.62,1.64,0.935,0,0,1,2,0
39.17,22,6,2.05,8.55,2.011,0,0,2,5,0
11.53,10,7,14.56,6.24,1.331,0,0,0,7,0
71.45,21,0,2.95,6.83,1.056,0,0,2,7,0
4.51,12,2,19.85,13.56,1.216,1,0,2,3,0
6.16,9,2,4.32,7.02,1.46,0,0,3,5,0
206.97,13,6,8.61,11.31,0.76,0,0,1,4,0
37.03,16,7,3.02,14.33,1.395,0,0,0,5,0
35.96,14,4,0.67,1.42,0.583,0,0,0,6,0
37.74,12,2,4.63,6.73,1.586,1,0,0,5,0
10.75,11,7,0.92,5.89,0.672,0,0,1,6,0
39.41,10,9,3.36,0.52,0.836,1,0,0,5,0
13.39,16,5,19.01,7.95,1.701,1,0,0,7,0
21.58,16,2,3.09,2.28,0.501,0,0,1,5,0
109.45,16,7,2.32,4.17,1.006,0,0,0,3,0
67.21,15,2,8.7,3.71,0.62,1,0,4,9,0
118.14,11,3,4.58,9.74,1.491,1,0,1,5,0
49.65,7,5,2.02,5.77,1.403,1,0,0,1,0
12.22,12,1,5.56,3.28,0.736,0,0,1,3,0
19.45,12,5,1.99,23.9,1.602,0,0,1,3,0
131.43,17,3,1.92,2.94,0.81,1,0,2,3,0
47.95,18,4,20.28,4.19,1.075,0,1,1,6,0
66.03,6,4,3.29,5.17,1.516,0,0,0,7,0
24.91,23,1,6.2,3.9,1.062,1,0,2,6,0
37.12,21,2,4.95,2.53,1.446,0,0,0,3,0
40.16,13,7,14.67,3.01,0.865,0,0,3,3,0
23.86,8,4,3.3,24.68,1.22,0,0,0,8,0
9.8,8,0,4.99,15.61,0.631,0,0,0,3,0
9.12,12,2,0.25,0.43,0.642,1,0,1,6,0
17.65,19,0,0.6,2.81,1.963,1,0,0,4,0
203.04,17,4,6.57,1.1,1.531,1,0,0,6,0
21.77,18,5,12.27,2.86,1.641,1,0,0,6,0
8.09,12,0,8.64,5.92,1.994,0,1,0,8,0
1.32,12,0,0.58,1.42,1.005,0,0,2,4,0
38.79,18,4,2.47,1.08,1.167,0,0,2,3,0
28.83,11,1,3.06,4.37,0.434,0,1,0,1,0
22.33,23,2,0.48,27.69,1.202,0,0,1,2,0
16.86,12,4,10.85,7.66,0.783,0,0,3,6,0
101.61,22,9,1.08,9.89,1.499,0,1,1,6,0
21.11,12,6,14.7,27.77,0.735,0,0,0,5,0
15.5,14,5,6.59,5.76,0.8,1,0,1,3,0
22.61,13,4,6.5,19.84,0.714,0,0,0,7,0
109.42,11,8,0.12,2.35,0.759,0,0,0,6,0
92.75,19,9,8.68,3.23,0.681,0,0,2,5,0
35.36,6,3,14.13,54.83,16.814,0,1,4,16,1
520.72,18,9,11.66,3.27,1.303,0,1,2,4,0
72.34,14,1,1.79,11.07,0.933,0,0,1,9,0
11.4,23,2,23.49,7.88,0.943,1,0,1,4,0
23.66,9,4,1.63,6.11,1.532,0,0,0,5,0
17.29,17,4,5.94,4.83,0.895,1,0,1,7,0
25.68,13,8,6.78,2.11,1.318,0,0,2,6,0
44.48,15,2,10.58,0.25,0.497,0,0,1,8,0
8.47,12,4,0.61,6.3,1.389,1,0,2,4,0
40.36,13,7,0.25,3.57,0.79,0,0,2,10,0
65.97,19,1,16.65,5.22,1.013,0,0,2,5,0
32.46,18,3,11.49,3.38,0.809,1,0,0,7,0
107.77,22,5,2.73,4.37,0.632,1,0,3,6,0
21.22,18,0,44.43,11.88,1.165,1,0,1,4,0
52.37,18,1,0.05,14.03,1.17,1,0,2,4,0
56.97,15,8,4.3,7.48,0.875,1,0,0,6,0
32.03,13,5,2.85,5.63,0.898,0,0,0,6,0
25.46,14,9,4.3,7.13,1.235,0,0,1,8,0
20.4,11,1,3.63,0.15,1.486,1,0,1,7,0
45.17,12,3,5.08,2.77,0.759,0,0,0,2,0
49.31,20,0,3.02,0.66,1.473,0,0,3,3,0
99.87,8,7,0.15,4.36,1.028,0,0,1,4,0
121.41,18,1,6.2,0.84,0.678,1,1,1,6,0
104.44,20,6,4.71,7.24,1.648,0,0,0,5,0
109.4,13,9,10.01,3.85,0.84,1,0,0,7,0
53.49,10,9,7.81,0.64,3.233,0,0,1,3,0
95.58,0,0,0.29,2.13,1.125,0,0,0,6,0
214.56,8,1,5.38,5.99,0.698,0,0,3,4,0
41.4,12,0,20.93,0.91,0.959,0,0,0,11,0
41.43,14,7,7.93,0.64,1.358,0,1,0,2,0
36.7,16,1,0.96,1.61,0.756,0,0,0,10,0
299.47,15,4,0.8,2.84,0.797,0,0,0,7,0
53.07,18,7,2.66,7.45,1.741,0,0,2,6,0
36.34,18,3,1.47,8.18,0.75,0,0,0,9,0
17.19,18,3,2.09,1.74,0.355,0,1,0,5,0
18.6,10,8,10.63,13.3,0.63,0,0,1,3,0
24.24,17,5,12.18,4.76,1.578,1,0,1,6,0
24.62,18,2,10.67,5.34,0.908,0,0,0,5,0
29.77,22,8,6.55,14.27,1.297,0,0,0,4,0
19.23,16,9,2.79,0.88,1.055,0,0,1,6,0
26.78,12,0,24.56,15.2,0.86,1,1,2,5,0
36.87,0,8,18.06,3.98,0.827,1,0,0,8,0
149.01,12,0,20.82,2.12,1.839,1,1,1,5,0
8.17,9,6,17.93,6.19,1.159,0,0,0,2,0
24.25,20,2,1.87,1.27,1.213,0,0,2,7,0
8.66,14,5,0.41,0.15,1.26,1,0,1,1,0
70.75,15,3,3.07,0.71,0.562,0,0,0,6,0
95.7,11,8,0.78,21.15,1.415,0,0,1,8,0
26.78,12,7,15.07,0.33,1.279,0,0,0,9,0
73.44,23,8,7.35,6.4,0.763,1,0,0,4,0
92.18,13,4,5.37,2.44,0.82,0,0,0,8,0
82.58,20,0,15.19,2.18,1.135,1,0,2,4,0
20.3,16,8,17.79,1.61,1.686,0,0,1,5,0
35.56,14,5,5.58,0.51,1.209,0,0,1,8,0
25.76,23,3,16.04,1.42,1.051,0,0,1,9,0
5.8,20,9,8.57,1.9,0.619,0,0,0,1,0
25.03,14,0,0.35,1.16,1.281,0,0,2,5,0
176.37,21,0,5.54,5.0,0.869,0,0,1,4,0
97.81,18,2,3.62,5.5,0.867,0,0,1,7,0
4.49,11,1,9.4,0.21,0.765,0,0,1,6,0
54.14,18,4,2.06,5.88,1.597,0,1,1,7,0
19.72,10,1,18.43,1.32,0.662,1,0,0,3,0
10.04,10,1,17.59,52.44,1.663,1,0,1,4,0
338.56,14,2,0.58,3.27,0.351,0,0,1,3,0
656.9,0,2,143.8,54.12,1.923,0,1,1,17,1
171.17,13,1,4.5,6.17,0.847,0,0,0,4,0
53.18,16,0,1.97,5.97,1.036,0,0,3,8,0
33.6,8,1,11.56,3.66,1.199,0,0,1,6,0
158.46,19,4,21.75,10.99,1.295,0,0,0,5,0
23.04,9,4,9.82,13.73,0.515,1,0,1,9,0
3.85,17,6,3.79,4.05,2.314,0,0,0,5,0
5.65,17,0,3.17,7.61,1.406,0,0,1,3,0
24.66,16,0,7.21,9.93,2.736,0,0,0,9,0
17.28,16,2,0.14,6.15,1.2,0,0,1,7,0
59.08,11,1,6.13,8.12,1.019,0,0,2,3,0
40.54,13,7,5.94,3.37,0.889,0,0,0,11,0
253.54,7,8,0.72,2.39,0.965,1,0,0,7,0
26.56,11,2,4.64,5.54,0.512,0,0,0,6,0
26.44,14,7,6.16,6.17,0.753,0,0,2,9,0
93.05,20,0,0.54,0.98,1.292,1,0,0,3,0
34.45,7,5,9.77,5.84,0.87,0,0,1,5,0
53.48,12,5,10.17,1.31,0.462,0,0,0,0,0
13.9,0,5,3.8,1.3,0.545,0,0,1,5,0
10.79,18,0,1.04,1.86,1.217,0,0,0,7,0
193.62,4,8,43.64,14.53,4.667,1,1,3,13,1
15.4,20,8,2.17,1.38,2.181,1,0,0,1,0
346.91,12,5,3.88,11.62,1.052,1,0,2,5,0
24.22,21,9,14.36,7.5,1.442,1,0,1,7,0
31.06,15,9,4.55,0.42,0.867,0,0,1,6,0
13.74,12,0,6.57,6.5,0.619,0,1,1,5,0
20.43,21,0,4.2,3.38,0.97,1,0,0,5,0
152.96,21,2,0.38,2.96,1.191,0,0,1,7,0
25.85,19,8,4.76,2.36,2.319,1,1,2,2,0
3.95,10,6,15.42,1.34,0.785,0,0,2,6,0
70.09,23,4,12.05,1.05,1.825,0,0,1,8,0
35.32,17,9,4.17,2.43,0.735,0,0,3,4,0
54.31,14,3,5.75,0.58,2.144,1,0,0,5,0
11.48,20,5,21.96,2.54,0.956,0,0,0,5,0
7.82,12,9,13.77,13.46,1.391,0,0,2,3,0
40.52,9,0,1.29,1.68,1.038,0,0,2,2,0
11.88,20,1,0.51,0.41,1.574,0,0,1,4,0
175.9,18,6,12.53,0.51,1.073,1,0,0,5,0
22.61,7,4,3.29,0.39,0.988,1,0,0,8,0
32.22,18,1,6.74,7.96,0.711,0,0,1,7,0
128.48,23,8,23.95,6.02,0.63,1,0,0,4,0
24.48,20,7,9.13,6.99,0.833,1,0,1,6,0
87.27,12,9,0.29,99.48,2.201,1,1,1,15,1
60.82,11,6,16.74,0.37,1.111,0,0,1,6,0
8.72,18,6,19.97,15.77,1.077,1,0,0,2,0
13.22,12,8,1.14,3.1,0.597,0,0,0,2,0
174.38,22,8,13.18,14.22,0.884,0,0,0,6,0
25.27,12,1,1.41,1.64,2.152,1,0,0,5,0
34.99,8,3,10.73,0.5,1.242,0,0,1,4,0
140.3,22,2,20.47,6.26,0.759,0,0,0,3,0
21.25,16,2,2.48,0.69,1.192,0,0,1,4,0
13.68,11,0,14.72,0.03,0.305,0,0,0,6,0
3.75,14,7,19.84,1.19,1.241,1,0,1,6,0
13.37,9,2,7.61,0.58,0.616,1,0,0,5,0
24.83,16,4,6.91,12.84,1.369,1,0,2,6,0
65.45,17,6,10.77,27.24,0.723,0,0,0,5,0
10.82,19,2,4.72,5.23,0.744,0,0,1,3,0
15.31,9,3,0.03,0.62,1.253,1,0,0,2,0
628.32,23,3,6.62,4.53,1.464,1,1,1,6,0
60.9,17,9,4.62,3.86,0.802,1,0,1,2,0
33.76,16,1,16.97,1.45,0.761,0,1,0,6,0
2.28,9,1,6.93,2.54,1.148,0,0,0,8,0
97.72,16,2,9.93,11.08,1.05,0,0,0,5,0
4.16,11,0,3.04,0.77,1.424,1,0,1,1,0
258.32,10,4,10.53,0.95,1.14,0,1,0,2,0
22.76,14,1,0.45,7.16,1.621,0,1,0,5,0
104.46,14,0,7.8,6.23,2.377,0,0,0,4,0
58.2,13,1,11.5,5.14,1.369,1,1,0,5,0
23.59,12,3,16.11,1.92,0.74,1,1,2,4,0
22.54,14,9,8.0,1.83,0.559,0,1,0,2,0
108.43,19,8,18.87,8.66,0.827,0,0,1,4,0
30.51,16,2,12.76,7.48,0.813,0,0,0,6,0
12.71,14,7,3.92,1.05,0.557,0,0,1,6,0
79.36,7,8,8.39,0.45,1.094,0,0,1,1,0
9.99,18,0,11.15,4.05,1.025,1,0,0,4,0
48.82,15,3,1.69,0.07,1.247,0,0,0,6,0
1000.34,19,7,61.1,1.21,3.556,0,0,4,6,1
15.8,10,3,2.06,4.93,0.896,1,0,1,4,0
9.94,18,1,3.49,0.91,2.146,0,0,0,2,0
38.49,11,5,1.73,4.6,1.394,0,0,1,3,0
23.78,21,6,8.04,0.2,0.586,0,1,1,6,0
45.03,14,8,1.11,7.04,1.336,1,0,0,2,0
28.2,7,1,0.22,6.33,1.162,0,0,1,6,0
19.51,16,2,3.64,0.97,1.227,0,0,0,9,0
8.01,20,7,6.75,13.77,0.688,1,0,0,8,0
20.71,14,1,4.21,15.09,1.493,1,0,0,9,0
4.2,7,0,9.4,7.79,1.107,0,0,2,7,0
44.25,22,6,21.95,40.95,2.787,1,0,4,16,1
18.37,13,0,22.58,8.13,1.171,1,1,1,3,0
28.26,17,2,8.27,5.83,0.699,0,0,0,6,0
10.09,15,2,3.35,1.09,0.849,0,0,1,6,0
24.56,15,0,11.17,2.25,0.656,1,0,3,5,0
5.09,13,3,6.93,2.21,0.601,0,1,1,3,0
24.67,20,9,16.94,0.53,0.827,0,0,0,2,0
65.73,13,2,2.74,0.9,1.003,0,0,0,7,0
70.85,16,4,8.79,1.64,1.131,0,0,0,5,0
12.49,15,8,5.37,6.8,1.172,1,0,0,3,0
38.3,15,9,15.27,11.9,1.425,1,0,0,4,0
26.28,16,3,13.03,2.45,0.901,1,0,0,10,0
13.33,12,6,3.27,0.29,1.088,1,0,0,9,0
42.26,20,6,5.36,2.41,1.683,0,0,2,3,0
49.41,20,1,18.87,0.37,1.7,0,0,0,5,0
6.99,16,6,2.42,4.84,1.512,0,0,0,7,0
9.45,13,7,6.69,2.6,0.916,0,0,2,11,0
24.4,13,1,4.7,3.71,1.721,0,0,0,8,0
62.72,15,2,2.39,1.15,0.94,0,0,0,7,0
15.33,20,8,4.82,5.46,2.05,0,1,0,2,0
18.72,19,9,11.68,3.89,0.536,1,0,1,4,0
11.19,9,9,1.63,0.26,0.838,0,1,0,4,0
51.16,21,0,7.59,0.38,0.897,0,0,0,4,0
14.19,11,7,25.2,0.14,0.413,0,1,1,8,0
15.76,15,4,21.68,10.08,1.059,0,0,1,7,0
19.3,0,5,18.18,11.89,2.194,1,0,1,2,0
75.04,6,1,10.32,3.09,2.014,0,0,1,3,0
127.63,11,6,2.66,5.91,1.958,0,0,1,2,0
7.14,20,6,7.37,12.28,1.947,0,0,1,5,0
47.79,11,9,5.41,0.86,1.275,0,0,1,5,0
32.98,17,3,10.44,12.38,1.693,0,0,1,12,0
141.65,14,9,0.3,5.03,0.993,0,0,0,1,0
22.69,17,0,10.75,1.61,1.004,0,0,4,2,0
47.26,7,9,2.13,8.37,0.68,1,0,0,5,0
53.9,18,3,38.6,1.19,1.073,0,0,0,7,0
7.97,21,7,0.83,4.36,1.472,0,1,0,5,0
37.18,15,4,0.29,0.6,1.109,1,0,3,5,0
19.96,10,5,9.81,4.59,0.518,1,0,0,5,0
44.55,6,0,18.93,2.13,0.871,1,0,0,6,0
7.82,20,0,22.18,6.83,1.175,0,0,1,2,0
28.58,11,6,0.31,2.25,1.021,0,0,0,4,0
201.78,20,8,12.89,1.41,0.804,0,0,0,4,0
3.64,17,2,4.16,1.97,0.278,0,0,0,3,0
128.58,16,3,14.68,5.44,0.888,0,0,1,5,0
38.75,20,7,1.3,2.92,0.859,1,0,0,3,0
33.53,10,0,5.1,1.37,0.904,0,0,2,4,0
9.07,19,8,34.06,1.02,1.02,0,0,1,6,0
14.23,12,5,2.59,1.95,0.806,0,0,1,6,0
11.52,11,5,1.57,6.38,1.256,0,0,2,5,0
27.87,14,8,2.42,0.34,1.536,1,0,1,5,0
7.3,9,8,3.99,4.48,0.841,0,1,2,3,0
92.1,17,5,5.0,11.02,2.542,0,0,0,5,0
156.67,13,3,0.87,5.16,0.969,0,0,0,9,0
46.6,12,2,0.94,2.44,1.956,0,0,1,7,0
13.96,14,2,16.21,5.87,1.019,0,0,3,2,0
31.12,17,1,0.62,2.72,0.604,0,0,1,6,0
36.93,6,0,0.24,3.49,1.339,0,0,1,7,0
40.49,16,8,10.67,0.92,1.313,0,0,0,5,0
19.0,12,6,8.5,4.63,1.126,1,0,1,4,0
102.28,8,0,3.34,5.33,0.828,1,1,1,6,0
242.77,19,8,2.41,4.37,1.353,0,0,1,5,0
14.62,9,3,4.64,5.61,1.207,1,0,2,5,0
40.93,23,2,5.48,0.92,0.891,0,0,0,4,0
28.25,13,1,3.47,3.83,1.303,0,0,0,10,0
4.39,19,3,2.99,2.91,0.941,1,0,2,4,0
46.0,18,6,19.82,0.34,0.648,0,0,1,7,0
5.24,17,4,3.74,0.83,0.493,1,0,2,5,0
4.86,16,1,3.91,2.47,1.581,0,0,0,5,0
44.15,11,0,0.66,9.59,0.968,0,0,0,6,0
119.44,15,2,2.98,7.03,0.82,0,0,1,4,0
19.31,18,1,16.58,9.82,0.758,0,1,0,8,0
13.14,18,1,2.43,0.06,1.003,0,0,0,9,0
133.28,16,5,4.12,3.98,1.207,0,0,0,7,0
104.55,8,6,3.38,7.86,0.691,0,0,3,6,0
32.77,7,2,13.86,4.15,0.904,0,0,1,4,0
66.9,14,7,0.79,1.0,1.612,0,0,0,6,0
66.22,10,7,6.94,2.89,0.972,0,0,0,10,0
352.63,12,5,1.0,2.3,0.948,1,0,0,8,0
34.84,9,0,1.79,9.49,0.588,1,0,0,5,0
13.22,18,5,2.16,0.21,1.057,0,1,1,1,0
56.96,14,6,12.59,11.99,1.214,0,0,3,4,0
2.64,15,3,3.04,8.62,1.357,1,0,0,4,0
87.08,15,6,2.7,6.52,1.217,0,0,0,7,0
45.74,6,4,19.21,0.88,1.784,0,1,1,6,0
21.51,11,0,15.81,1.84,1.574,0,0,1,4,0
31.26,18,8,6.49,1.1,0.944,0,0,0,6,0
16.25,15,7,1.91,15.06,0.904,0,0,0,7,0
25.2,13,4,20.86,1.39,1.44,1,1,0,1,0
67.19,12,0,39.05,1.95,0.614,1,0,0,2,0
46.46,0,8,15.97,7.85,0.748,1,0,1,4,0
58.67,8,4,0.09,7.0,1.757,1,1,0,10,0
113.3,16,3,0.38,2.35,1.339,1,0,2,3,0
15.3,21,2,1.07,7.41,0.634,0,0,4,4,0
10.56,14,3,7.76,5.9,1.064,1,0,2,6,0
21.74,21,0,12.88,2.93,0.691,0,0,2,2,0
110.23,13,0,14.53,2.68,1.062,0,1,2,4,0
19.01,23,1,2.98,6.67,1.766,0,0,0,4,0
26.08,15,4,6.09,11.91,1.808,1,0,1,8,0
23.35,21,3,6.09,0.56,0.873,0,0,0,3,0
121.15,2,5,14.32,5.57,0.602,0,1,0,7,0
10.8,14,9,7.27,0.2,1.042,0,0,1,8,0
54.42,13,2,4.97,0.28,1.542,1,0,0,4,0
29.56,13,1,1.89,6.04,1.358,0,0,2,6,0
12.29,15,1,12.14,2.01,1.075,0,0,1,4,0
304.53,15,6,3.57,6.5,1.977,0,0,0,6,0
7.43,21,9,12.25,4.52,1.1,1,0,1,3,0
17.44,13,1,33.67,6.24,0.916,1,0,0,8,0
33.86,18,0,0.62,0.62,1.01,0,0,1,4,0
6.92,9,0,3.32,3.71,2.113,1,0,0,1,0
5.19,16,4,0.58,1.87,0.656,0,0,0,5,0
8.63,10,0,13.07,0.22,1.274,0,0,0,6,0
491.93,14,0,5.49,1.11,0.76,0,0,0,3,0
26.16,13,6,12.11,14.47,1.882,0,0,1,4,0
738.29,13,9,106.19,28.54,6.834,0,0,5,12,1
6.33,11,5,0.67,6.49,1.225,1,0,2,4,0
10.42,10,7,0.89,0.4,1.148,1,0,0,7,0
113.38,22,6,0.02,5.12,0.886,0,0,1,6,0
23.29,17,2,6.44,4.57,1.091,1,1,1,4,0
28.32,12,4,0.56,1.96,1.843,0,0,2,6,0
18.57,20,5,2.04,5.57,1.108,0,1,0,4,0
48.49,14,8,13.78,5.3,1.585,0,0,0,3,0
10.73,16,8,3.32,3.47,0.714,0,0,1,1,0
46.25,19,5,12.8,4.0,0.576,0,0,0,0,0
19.73,14,5,3.47,3.47,1.814,0,0,2,4,0
19.65,20,6,0.74,4.1,1.475,0,0,0,4,0
25.53,11,3,2.53,5.67,1.518,0,0,1,8,0
26.45,8,8,8.25,1.34,0.804,0,0,0,2,0
26.2,11,4,14.72,4.35,0.547,0,0,0,7,0
16.29,8,9,0.67,3.39,1.531,0,0,1,4,0
5.77,8,6,1.74,10.9,1.011,1,0,1,6,0
28.81,3,1,3.33,5.36,2.344,0,0,1,0,0
16.61,9,0,25.87,0.68,1.016,1,0,2,3,0
22.98,9,6,7.33,3.65,1.603,1,0,1,8,0
110.22,17,0,9.61,1.24,1.47,0,0,1,4,0
20.11,18,0,1.0,0.2,1.611,0,0,0,5,0
89.66,13,3,2.09,5.11,1.189,0,0,0,5,0
51.23,1,4,6.08,0.25,0.743,0,0,0,6,0
163.12,21,1,5.85,0.18,0.58,0,0,0,6,0
75.9,12,7,1.03,1.79,0.983,0,0,1,4,0
19.05,16,8,11.83,1.6,1.047,1,0,0,9,0
48.83,12,0,1.91,12.94,1.435,1,0,2,7,0
108.75,17,5,1.2,2.98,1.485,0,0,1,5,0
11.03,18,1,2.0,4.22,1.033,0,0,0,1,0
22.31,23,3,4.74,3.68,1.177,0,0,0,5,0
71.34,21,4,3.5,7.42,1.688,0,0,0,5,0
12.91,15,5,7.83,5.76,0.751,1,1,0,6,0
96.35,16,5,4.88,9.38,0.685,0,0,2,5,0
177.22,19,5,1.02,3.71,2.93,0,0,1,1,0
15.12,14,5,3.12,6.91,0.917,1,0,2,6,0
203.72,19,4,5.99,2.26,0.671,0,1,2,5,0
10.84,16,8,0.89,0.98,0.869,0,0,0,5,0
43.78,8,4,7.18,4.96,0.746,0,0,1,5,0
170.54,18,0,4.54,1.05,1.278,0,0,0,8,0
110.61,6,5,8.63,3.9,1.788,1,1,1,4,0
30.04,21,6,1.52,3.3,1.938,1,0,0,4,0
31.45,15,0,1.81,2.26,1.217,0,0,3,3,0
63.07,18,7,0.75,1.89,1.11,0,0,0,5,0
5.04,10,6,6.13,1.76,0.583,0,0,0,2,0
14.92,14,2,4.54,2.69,0.801,0,0,3,10,0
22.54,5,8,35.57,2.53,0.647,0,0,0,5,0
30.55,10,4,9.02,30.71,0.866,0,0,0,5,0
26.1,14,7,1.6,4.13,1.25,0,0,0,7,0
49.87,14,7,7.03,2.51,1.168,1,0,0,5,0
43.87,13,0,2.92,12.88,0.872,0,0,0,5,0
13.33,8,2,12.4,0.9,0.336,0,0,2,4,0
7.15,12,0,38.61,6.15,0.996,1,1,1,5,0
104.95,11,6,10.78,2.5,0.936,0,0,0,6,0
57.96,9,3,1.61,3.64,0.649,0,0,2,7,0
25.77,23,4,6.7,11.27,1.721,1,0,2,6,0
44.39,12,8,2.8,2.28,1.129,1,0,2,8,0
50.8,18,5,16.75,1.0,1.68,0,0,1,5,0
20.67,17,3,4.09,3.53,1.029,0,0,1,6,0
20.81,19,9,16.63,3.24,1.012,0,0,0,5,0
30.6,17,0,2.66,8.49,0.635,0,0,1,4,0
11.59,7,4,24.24,2.64,0.555,0,0,0,3,0
26.69,16,7,11.13,0.73,0.931,0,1,1,6,0
13.74,16,9,16.58,1.73,0.607,0,0,1,4,0
22.87,8,5,3.23,0.51,1.248,0,0,2,4,0
14.15,8,0,0.35,0.1,0.638,0,0,1,6,0
23.3,8,2,1.94,4.1,0.575,0,0,3,3,0
24.77,16,0,7.97,1.58,0.746,1,0,0,2,0
8.32,6,0,5.25,1.04,1.641,0,0,3,5,0
3.85,18,3,2.41,1.78,0.729,1,0,0,3,0
20.23,22,2,10.31,2.44,0.407,0,0,0,5,0
238.06,7,3,7.82,3.43,1.128,1,0,2,5,0
18.37,19,0,1.73,2.7,0.758,0,0,1,6,0
25.86,20,6,92.64,20.96,2.178,0,1,3,12,1
10.66,10,9,1.26,10.82,1.395,1,0,0,5,0
36.81,17,7,18.81,2.31,2.278,0,0,0,7,0
72.66,11,6,4.36,3.02,1.227,0,0,0,4,0
21.19,20,9,7.02,12.65,0.912,1,0,1,3,0
24.3,1,4,43.78,4.87,1.365,0,0,0,2,0
36.04,8,0,2.42,7.59,1.372,0,0,0,5,0
27.53,15,2,8.16,3.21,1.014,0,0,0,4,0
19.08,18,5,1.32,21.1,0.535,1,0,0,5,0
15.27,11,7,6.87,12.31,0.861,0,0,1,10,0
18.91,21,0,7.79,8.1,1.243,0,0,0,2,0
18.04,7,4,10.49,4.64,0.602,0,0,0,3,0
314.4,22,7,27.92,22.53,3.82,0,1,1,12,1
71.64,18,8,0.43,0.67,1.4,0,0,1,5,0
66.38,20,3,10.21,21.3,1.089,0,0,2,3,0
46.83,13,8,2.57,3.45,1.009,1,0,2,4,0
53.11,9,1,1.5,21.65,0.683,0,0,0,11,0
8.01,8,2,10.45,0.62,0.975,1,0,2,4,0
111.13,11,9,2.37,1.31,0.946,0,0,1,10,0
11.27,19,1,0.03,10.61,0.932,0,0,0,6,0
13.79,11,1,1.14,7.59,1.614,0,0,0,1,0
26.43,15,6,0.81,7.13,0.604,0,0,0,4,0
154.82,19,2,2.7,6.17,1.883,1,0,0,4,0
88.24,20,5,3.59,0.1,1.122,0,0,0,4,0
45.92,13,6,0.95,1.42,1.292,1,0,0,8,0
27.43,17,5,4.78,22.36,0.855,0,0,1,1,0
41.77,16,4,47.31,7.85,1.272,0,0,1,2,0
18.98,21,5,4.52,0.36,1.636,0,0,1,8,0
29.25,16,8,3.98,25.25,1.564,1,0,0,5,0
98.39,20,6,3.04,25.06,3.094,0,0,0,7,0
18.29,6,5,44.38,5.82,1.047,1,0,0,7,0
90.62,9,5,6.23,15.46,0.727,1,1,1,9,0
17.18,13,1,13.03,11.39,1.22,1,0,1,7,0
58.78,8,2,3.41,3.73,1.147,0,0,2,4,0
8.62,7,4,2.06,2.82,0.612,0,0,1,1,0
51.93,23,1,3.78,0.56,0.891,1,0,1,7,0
80.13,13,8,4.24,3.23,0.851,0,0,2,9,0
29.62,12,4,10.85,16.16,1.643,0,0,1,2,0
11.24,13,3,18.51,2.83,0.851,0,0,1,6,0
25.84,9,4,2.18,0.23,0.927,0,0,0,5,0
374.96,0,9,57.05,88.78,3.52,0,0,2,13,1
86.3,11,1,0.57,9.84,0.768,0,0,1,8,0
14.8,17,8,15.48,0.61,1.165,1,0,1,8,0
14.36,16,9,2.75,0.57,1.534,0,0,2,3,0
13.99,18,2,13.76,3.27,0.895,0,0,0,7,0
17.94,19,5,1.03,0.84,0.839,0,1,0,4,0
19.14,16,3,8.46,0.74,0.699,1,0,0,6,0
124.62,23,9,5.33,2.08,0.603,1,0,2,2,0
21.48,17,3,5.91,6.25,0.663,0,0,1,3,0
20.93,12,4,3.96,1.11,0.792,0,0,0,4,0
5.51,18,2,0.06,7.42,0.992,0,0,0,8,0
61.12,16,3,23.53,2.11,1.26,1,0,3,6,0
50.84,12,0,1.26,5.31,0.712,1,0,0,6,0
46.65,8,5,4.58,10.47,0.631,0,0,1,8,0
113.18,17,1,7.57,7.56,1.009,1,0,2,4,0
18.89,6,6,6.2,1.21,0.657,0,0,0,6,0
4.11,16,0,2.86,0.26,0.558,0,0,2,7,0
18.02,16,4,2.77,8.15,1.046,1,0,2,5,0
201.21,13,5,12.68,3.88,1.589,0,0,1,9,0
33.29,16,1,4.29,10.15,1.338,1,0,0,4,0
150.31,2,9,15.24,20.97,8.274,0,1,3,8,1
33.23,12,5,0.6,2.68,0.733,0,0,0,1,0
14.14,14,1,16.63,15.45,1.531,0,0,2,7,0
58.63,20,5,0.29,0.77,1.182,0,0,1,1,0
147.95,12,0,12.55,3.88,0.988,0,0,1,4,0
85.84,12,1,6.93,5.03,1.233,0,0,1,3,0
108.57,12,7,18.23,1.3,1.233,0,0,0,9,0
20.56,16,2,7.22,15.52,0.598,0,0,2,5,0
65.28,21,4,5.8,0.38,0.836,0,0,1,4,0
10.03,17,1,4.33,8.5,0.639,0,0,0,1,0
171.06,22,5,12.73,2.79,0.945,0,0,1,5,0
47.64,20,3,7.0,0.13,0.653,0,0,1,2,0
12.86,8,2,2.22,11.97,1.098,0,0,1,3,0
17.63,13,5,5.6,8.57,1.781,0,0,3,8,0
14.09,18,9,14.55,0.58,1.317,0,0,1,4,0
51.97,20,1,7.14,4.25,0.933,1,0,0,5,0
49.93,17,9,10.9,0.29,0.926,0,0,0,3,0
30.23,12,0,3.15,9.46,0.668,0,0,3,4,0
38.67,19,0,8.32,4.98,1.492,1,0,1,5,0
42.41,17,0,0.42,13.64,1.393,1,0,1,7,0
35.37,12,5,7.24,4.17,1.817,1,0,1,2,0
48.2,18,2,2.33,8.21,0.841,0,0,0,6,0
1.3,16,9,0.08,8.65,0.999,0,0,0,8,0
43.78,16,8,7.26,3.55,1.282,0,0,2,6,0
28.21,8,7,4.26,9.22,1.061,0,0,1,6,0
98.45,17,2,2.16,10.44,1.089,0,0,1,2,0
103.57,15,4,1.4,0.97,0.667,1,0,0,4,0
22.51,17,0,2.36,5.49,0.352,0,0,1,2,0
16.31,14,9,7.97,10.17,1.151,1,0,0,2,0
15.02,15,9,4.57,14.59,1.571,0,0,0,6,0
15.51,22,9,1.37,19.54,2.536,1,0,1,2,0
55.74,15,0,4.61,5.47,0.699,0,0,0,6,0
77.73,10,2,1.15,8.38,1.955,0,0,0,4,0
41.4,9,0,3.6,2.71,0.639,0,0,1,6,0
117.18,16,4,7.52,17.3,0.975,1,1,2,6,0
10.76,7,8,4.95,8.47,2.346,1,0,0,2,0
36.34,7,2,12.55,0.08,1.436,0,0,1,6,0
73.7,19,5,3.65,10.07,0.642,1,0,0,4,0
47.39,19,0,2.86,7.43,1.354,0,0,1,10,0
38.43,13,3,2.91,4.18,0.743,0,0,1,8,0
68.38,15,4,0.78,0.92,0.727,1,0,2,5,0
14.83,21,9,1.58,3.85,0.7,0,0,1,3,0
6.82,14,8,3.63,0.02,0.677,0,0,0,3,0
13.77,13,0,0.4,6.25,0.615,0,0,2,8,0
17.54,13,4,3.66,7.3,1.127,0,0,0,3,0
28.66,17,8,1.97,3.02,0.577,0,0,0,6,0
57.24,21,0,18.0,0.31,1.84,0,1,0,4,0
105.57,21,4,4.08,1.94,0.875,0,0,2,4,0
33.83,12,7,2.8,5.18,1.037,0,0,1,6,0
14.64,11,8,11.46,1.71,2.02,1,0,2,10,0
66.61,17,3,1.11,0.14,0.917,1,0,1,7,0
9.68,8,7,3.79,3.35,0.881,0,0,2,8,0
4.79,18,5,16.39,2.21,0.824,0,0,1,5,0
38.62,19,9,9.58,0.72,1.018,0,0,1,5,0
11.95,12,3,7.5,2.64,0.683,0,0,2,6,0
21.0,18,9,5.4,4.74,1.156,1,0,1,3,0
118.85,8,8,14.15,4.18,0.938,0,1,3,9,0
22.49,10,7,4.92,1.58,0.95,0,0,1,4,0
59.46,12,4,4.34,3.98,0.724,1,1,1,3,0
85.89,8,0,3.49,7.84,1.621,0,0,2,7,0
45.81,19,2,17.35,1.34,0.628,0,0,0,6,0
97.81,12,5,6.01,2.39,0.981,0,0,2,8,0
112.26,13,1,2.11,4.16,1.104,0,0,0,1,0
3.7,12,7,12.02,6.65,1.683,0,0,0,7,0
403.79,22,4,7.66,5.95,1.503,0,0,2,2,0
2.7,12,2,1.85,0.23,0.987,1,0,3,8,0
221.38,13,2,0.64,4.09,0.992,1,0,2,8,0
21.88,10,0,3.58,6.71,0.565,0,0,0,6,0
50.6,8,5,14.97,0.68,1.438,1,0,1,3,0
33.77,20,9,3.07,0.88,0.777,0,0,1,8,0
21.12,6,8,1.24,10.22,6.276,0,1,0,6,1
5.48,17,9,13.84,8.41,1.015,0,0,1,7,0
5.65,19,1,1.74,0.77,1.406,0,0,0,8,0
137.07,13,7,1.09,3.59,1.805,0,0,0,2,0
34.26,16,4,3.97,0.64,0.817,0,1,1,5,0
83.43,7,0,0.56,2.76,1.191,0,0,1,6,0
18.69,19,3,1.71,8.4,0.933,0,0,1,7,0
12.74,18,0,3.37,0.79,2.292,0,0,0,3,0
15.26,22,4,5.91,3.08,1.373,1,0,1,2,0
77.88,8,4,0.19,0.53,1.05,1,0,0,5,0
125.38,10,3,2.92,8.65,1.159,0,0,0,10,0
400.61,10,4,3.94,0.1,0.945,0,0,1,8,0
36.73,9,9,0.82,4.95,0.405,0,0,0,4,0
83.03,14,1,0.36,8.06,0.602,0,0,2,7,0
11.52,7,4,0.56,2.13,0.833,0,0,0,9,0
75.44,20,1,7.21,17.69,1.128,0,1,2,4,0
99.57,12,0,9.62,6.53,1.204,0,0,1,4,0
246.19,13,0,17.88,4.15,1.563,0,0,1,10,0
16.32,20,1,0.07,1.15,1.518,0,0,0,3,0
28.13,17,2,2.9,3.95,0.278,0,0,1,6,0
19.23,22,0,3.11,0.52,0.935,1,0,1,6,0
138.22,19,2,2.34,6.98,0.541,0,1,0,5,0
2.72,17,0,0.31,4.97,0.955,0,0,2,5,0
120.55,20,1,0.56,0.86,1.074,1,0,0,5,0
4.68,19,6,9.2,13.55,1.26,0,0,0,6,0
41.02,14,5,12.29,6.87,0.769,1,0,1,3,0
91.46,14,9,26.57,0.81,1.051,1,0,2,8,0
3.95,8,0,15.02,14.82,2.725,1,0,1,5,0
18.79,19,8,1.99,0.53,1.529,0,0,1,9,0
79.21,2,1,21.01,3.21,1.098,0,0,1,4,0
34.06,12,0,9.25,9.52,0.964,0,0,0,5,0
8.96,18,1,2.28,3.46,1.407,0,0,0,2,0
15.58,14,2,7.5,9.15,1.217,0,0,2,5,0
42.0,12,0,3.15,1.03,1.079,0,0,1,2,0
18.03,11,0,1.77,1.41,0.639,0,0,0,4,0
21.29,17,8,6.05,6.52,0.783,1,0,0,5,0
54.86,0,3,44.0,63.99,5.797,1,0,2,11,1
71.1,14,4,6.1,7.85,1.224,0,0,2,2,0
28.95,20,8,9.47,5.37,0.88,0,0,0,6,0
18.16,18,5,4.36,1.58,0.414,0,0,1,7,0
13.55,15,0,10.98,8.82,0.764,0,0,0,2,0
36.94,12,8,1.98,0.7,1.96,0,0,2,6,0
48.7,9,5,19.08,0.69,0.579,1,0,0,4,0
22.86,8,1,1.0,2.01,1.224,1,0,1,7,0
55.88,10,7,2.12,7.28,0.824,0,0,4,5,0
6.24,15,0,50.35,9.19,0.889,0,0,1,7,0
89.87,11,0,5.51,3.81,0.68,0,0,0,3,0
9.54,0,6,5.37,13.7,1.668,0,0,0,5,0
27.89,20,8,4.21,7.04,1.799,1,0,1,8,0
15.88,13,5,6.98,0.02,0.862,1,0,3,6,0
85.87,12,2,0.62,1.44,0.671,0,0,0,1,0
86.83,11,2,6.15,4.88,0.821,0,0,1,5,0
176.51,14,4,1.26,6.32,0.38,1,0,1,2,0
117.83,11,6,0.49,0.5,1.089,0,1,0,4,0
5.08,15,7,4.59,11.13,0.592,0,0,2,6,0
60.04,14,0,10.58,0.19,0.821,0,1,2,3,0
199.51,13,3,1.02,0.41,1.064,1,0,0,8,0
1.92,16,7,0.91,2.38,1.5,0,0,0,7,0
41.46,19,0,5.88,3.87,0.996,1,0,0,5,0
112.61,8,6,8.91,4.33,0.832,0,0,1,7,0
139.51,16,0,0.27,0.57,0.633,1,0,0,2,0
61.75,15,4,8.72,1.04,1.452,1,0,0,4,0
6.81,17,0,0.75,2.01,0.96,1,0,0,6,0
55.43,14,4,3.95,12.89,1.909,0,1,0,3,0
79.93,21,4,3.2,1.49,0.762,0,0,0,6,0
21.55,17,6,2.75,3.72,1.543,0,1,0,7,0
49.43,16,1,7.16,3.66,1.632,1,0,1,3,0
4.02,17,8,25.83,3.37,0.789,0,0,0,5,0
8.18,13,2,7.11,1.46,0.736,0,0,0,8,0
45.34,14,6,7.5,0.68,0.869,1,0,1,9,0
61.16,20,8,3.04,1.73,0.675,1,0,0,3,0
17.92,10,8,7.99,1.44,1.855,1,1,1,5,0
12.64,13,5,28.7,4.4,0.451,0,0,0,4,0
67.31,15,7,3.19,17.1,1.246,0,0,0,6,0
40.38,13,9,4.99,0.48,0.699,0,0,1,8,0
83.62,14,3,2.32,4.58,2.147,0,0,0,2,0
178.58,17,3,8.56,5.52,0.461,0,0,0,7,0
106.4,18,1,7.73,4.97,1.843,1,0,1,4,0
65.5,17,7,2.9,0.15,2.217,0,1,0,7,0
58.19,10,2,7.55,0.38,1.38,1,0,0,6,0
15.96,14,0,7.91,4.2,1.934,1,0,0,3,0
159.84,14,5,19.24,0.57,0.757,0,0,2,9,0
9.88,12,0,1.54,5.22,1.273,0,0,2,9,0
59.14,19,4,2.58,1.44,1.153,1,0,1,9,0
31.15,21,1,7.86,16.79,0.747,1,0,0,6,0
15.54,12,7,12.45,1.42,1.746,0,0,0,2,0
8.17,7,1,4.06,15.14,0.801,0,0,2,3,0
54.16,8,1,1.11,0.3,0.98,0,0,0,7,0
74.57,16,6,10.7,3.92,1.83,0,0,1,7,0
48.93,13,2,5.53,4.02,0.952,0,0,0,8,0
6.51,17,2,3.52,2.58,1.065,0,0,1,6,0
7.22,21,8,21.52,9.77,1.794,1,0,1,6,0
138.57,15,3,6.14,0.93,1.411,1,0,0,4,0
114.31,9,9,22.19,0.11,0.775,0,0,2,5,0
15.67,14,2,12.31,1.07,0.801,0,0,3,7,0
78.14,10,6,9.32,1.25,0.481,1,0,1,4,0
36.66,20,6,4.79,2.57,1.299,0,0,1,7,0
74.63,10,8,13.69,0.78,2.093,0,0,2,6,0
48.93,6,2,11.32,6.52,1.26,1,0,2,4,0
7.61,18,9,8.43,9.54,1.337,0,0,0,11,0
9.3,20,1,7.87,3.21,1.17,0,0,0,7,0
79.17,9,0,2.61,1.95,0.513,1,0,1,3,0
49.97,9,8,0.5,1.95,0.956,1,0,0,9,0
8.51,10,2,0.6,1.98,1.205,1,0,3,9,0
28.75,18,4,6.62,0.45,1.075,1,0,1,5,0
165.59,15,9,21.22,3.17,1.347,1,0,1,1,0
197.8,11,4,3.09,0.11,1.253,0,0,1,9,0
32.58,14,7,5.22,0.3,0.883,1,0,1,3,0
21.21,16,4,4.22,17.89,1.085,0,0,0,6,0
25.16,22,8,18.25,2.41,1.364,0,0,1,3,0
42.81,10,1,16.88,0.5,0.727,0,0,1,3,0
10.03,18,1,19.28,4.14,0.68,0,0,0,8,0
56.14,9,7,22.94,1.03,1.545,0,0,1,5,0
68.38,20,5,11.71,1.01,1.264,0,0,0,3,0
17.26,12,5,19.58,0.31,1.532,0,0,1,9,0
5.16,7,3,5.97,1.44,0.906,1,0,1,11,0
49.15,13,1,0.6,0.59,2.619,1,0,2,8,0
25.0,18,5,4.67,3.34,0.951,0,0,0,6,0
37.57,12,5,24.73,0.04,1.212,0,0,0,2,0
72.75,11,1,3.97,1.24,1.012,1,0,2,4,0
33.79,1,8,30.79,0.13,0.981,0,0,1,3,0
21.01,15,4,12.49,3.65,0.657,0,0,1,6,0
415.87,20,0,1.79,0.83,0.533,0,0,1,7,0
59.18,14,4,20.64,3.03,0.988,1,0,0,5,0
8.4,15,1,1.22,8.1,0.795,0,0,1,5,0
18.66,20,8,6.45,16.08,0.685,0,0,1,9,0
169.33,4,1,2.45,11.52,0.933,1,0,0,5,0
43.13,13,1,12.65,4.66,0.722,0,0,1,1,0
3.03,11,2,22.72,4.17,0.845,0,0,1,7,0
66.23,23,1,5.23,3.09,0.638,0,0,1,6,0
1.81,13,7,17.35,2.11,0.828,0,1,2,4,0
21.49,16,5,7.65,2.45,1.528,0,0,3,4,0
6.89,10,1,1.4,3.81,0.714,1,0,2,4,0
39.93,19,9,29.81,0.67,0.349,1,0,1,7,0
8.11,12,9,4.96,7.01,0.808,1,0,1,8,0
37.87,9,5,8.14,0.15,1.398,1,0,2,4,0
87.3,22,2,31.9,0.93,0.944,0,0,0,5,0
246.77,9,4,4.05,6.06,1.383,0,0,1,3,0
21.89,11,0,14.22,1.35,2.163,0,0,2,4,0
27.07,12,5,2.36,7.0,2.21,0,0,0,5,0
20.81,19,3,8.03,2.43,1.066,0,0,0,7,0
69.48,13,1,0.57,0.23,0.503,1,0,0,4,0
35.28,17,0,0.78,1.2,1.112,0,0,2,2,0
38.45,16,2,12.62,9.89,0.787,0,0,1,3,0
137.03,21,3,2.75,3.37,1.154,0,0,0,2,0
66.21,10,0,3.6,0.35,1.075,0,0,1,6,0
62.84,16,6,7.95,0.75,1.049,0,0,2,7,0
20.31,22,8,10.76,3.25,0.767,0,0,0,6,0
13.41,6,7,8.82,2.17,0.958,0,1,1,5,0
37.25,11,1,4.76,0.26,1.23,1,1,0,7,0
24.64,15,5,9.04,5.11,1.287,0,0,2,6,0
42.35,8,5,9.0,1.56,1.166,1,1,0,6,0
8.71,11,4,32.83,1.55,0.889,1,0,0,6,0
241.55,11,5,3.98,0.73,0.811,0,0,1,2,0
7.28,11,5,4.86,1.86,1.92,1,0,2,5,0
12.2,7,0,1.46,3.49,1.293,1,0,0,4,0
10.47,8,0,1.95,0.94,1.358,0,0,0,1,0
32.81,23,0,5.54,1.86,1.932,0,0,0,2,0
23.89,23,8,16.16,4.72,0.371,0,0,0,10,0
45.96,23,5,7.42,5.9,1.069,1,0,0,1,0
17.26,12,3,0.32,3.5,0.865,0,0,1,7,0
12.4,17,5,1.1,0.89,1.534,1,0,0,9,0
37.22,21,4,17.25,12.88,0.939,0,0,1,2,0
18.84,10,7,2.74,16.94,1.683,1,0,0,2,0
24.52,16,3,24.26,1.86,1.389,1,0,1,4,0
12.31,10,2,9.83,6.36,0.727,0,0,0,1,0
10.62,16,6,1.71,2.5,0.862,0,0,0,4,0
47.05,2,0,6.49,8.18,0.673,0,0,0,4,0
113.72,13,0,3.67,11.95,1.161,0,0,0,6,0
27.82,17,3,7.34,8.17,0.851,1,0,0,7,0
66.86,17,7,23.26,10.64,1.456,0,0,2,5,0
202.85,15,0,20.53,7.33,1.326,1,1,4,6,0
108.6,8,6,21.73,2.69,0.7,0,0,0,6,0
201.87,11,1,43.55,1.28,1.241,1,0,0,5,0
8.6,13,1,7.21,8.49,1.466,1,0,0,5,0
47.01,20,6,8.2,1.63,1.001,1,0,0,2,0
61.2,16,7,12.02,0.14,1.226,1,0,0,4,0
38.08,12,3,35.75,2.24,0.729,0,0,1,1,0
18.65,12,3,4.65,10.0,1.196,0,0,0,1,0
31.78,12,0,9.21,13.16,0.689,0,0,1,4,0
16.45,16,2,4.23,0.61,0.981,0,0,0,3,0
40.57,15,5,8.8,7.79,0.852,0,0,0,3,0
5.94,17,1,0.31,3.75,0.678,0,0,0,9,0
