machine_id,temperature,vibration,pressure,rpm,power_consumption,operating_hours,age_months,maintenance_history_count,failure_within_7days,rolling_mean_temp_24h,rolling_std_vibration_24h,temp_pressure_ratio
45,83.83,0.497,5.2,1674.5,54.45,1386,30,11,0,83.83,0.0,16.1212
46,69.63,1.965,5.62,1584.9,38.45,11434,19,9,0,69.63,0.0,12.3897
30,59.41,3.885,5.74,1389.2,44.69,30737,90,2,0,59.41,0.0,10.3502
5,72.22,1.777,5.06,1494.1,57.67,31604,49,5,0,72.22,0.0,14.2727
44,79.56,6.494,6.54,1626.9,74.39,15528,41,3,0,79.56,0.0,12.1651
27,79.61,1.5,5.68,1704.6,84.94,2182,52,16,0,79.61,0.0,14.0158
46,60.85,1.29,6.74,1206.8,31.37,11255,19,9,0,65.24,0.4773,9.0282
17,67.0,3.341,4.48,1493.5,58.3,48738,49,0,0,67.0,0.0,14.9554
46,65.54,1.114,5.82,1517.4,61.59,11366,19,9,0,65.34,0.4492,11.2612
5,63.46,0.964,4.72,1210.5,50.32,31245,49,5,0,67.84,0.5749,13.4449
10,51.64,2.72,5.83,1605.5,72.75,31299,81,9,0,51.64,0.0,8.8576
18,67.19,1.054,4.66,1098.6,42.38,32748,65,18,0,67.19,0.0,14.4185
32,65.55,1.467,5.94,1234.7,91.35,25905,56,0,0,65.55,0.0,11.0354
34,64.21,1.394,4.69,1394.5,31.35,36788,12,19,0,64.21,0.0,13.6908
30,63.29,0.992,5.23,1388.6,47.59,31064,90,2,0,61.35,2.0457,12.1013
28,64.5,2.46,5.5,1463.7,54.74,48079,40,2,0,64.5,0.0,11.7273
49,50.74,2.101,5.73,1385.1,56.55,35168,62,5,0,50.74,0.0,8.8551
31,68.27,1.51,4.81,1335.2,38.53,8493,56,3,0,68.27,0.0,14.1933
2,53.96,1.912,5.24,1409.3,71.52,6710,88,17,0,53.96,0.0,10.2977
24,77.89,2.432,4.95,1756.6,46.24,2474,86,13,0,77.89,0.0,15.7354
2,63.22,2.243,5.64,1501.6,56.31,6784,88,17,0,58.59,0.2341,11.2092
43,48.94,3.12,6.16,1654.1,56.89,22156,106,18,0,48.94,0.0,7.9448
1,65.29,2.257,4.81,1239.5,72.14,2653,74,9,0,65.29,0.0,13.5738
33,66.56,1.908,4.61,1143.1,54.21,17531,109,0,0,66.56,0.0,14.4382
28,72.36,2.147,6.99,1419.0,76.62,47676,40,2,0,68.43,0.2213,10.3519
41,78.36,2.791,4.93,1587.6,43.65,16708,22,7,0,78.36,0.0,15.8945
16,61.97,1.371,7.11,1434.3,37.87,3162,83,12,0,61.97,0.0,8.7159
25,61.68,2.792,5.24,1079.0,60.08,8986,25,2,0,61.68,0.0,11.771
20,64.18,2.49,6.73,1056.7,40.37,24880,31,3,0,64.18,0.0,9.5364
21,80.56,2.229,4.72,1501.1,42.25,41302,7,11,0,80.56,0.0,17.0678
6,66.13,1.675,4.97,1743.9,66.73,28615,71,2,0,66.13,0.0,13.3058
40,53.45,1.629,5.4,1330.1,68.99,39139,23,8,0,53.45,0.0,9.8981
34,63.02,2.552,6.24,1754.1,67.17,36741,12,19,0,63.61,0.8188,10.0994
35,82.59,3.39,5.65,1358.3,39.86,8086,57,10,0,82.59,0.0,14.6177
43,64.5,1.09,6.33,1507.2,43.48,22501,106,18,0,56.72,1.4354,10.1896
47,67.22,1.61,5.18,1663.7,60.06,17727,55,7,0,67.22,0.0,12.9768
25,59.19,2.081,5.51,1257.3,60.31,9021,25,2,0,60.44,0.5028,10.7423
29,73.62,3.625,5.95,1035.4,60.26,36944,18,13,0,73.62,0.0,12.3731
4,87.54,8.923,2.21,1436.2,82.32,31563,45,1,1,87.54,0.0,39.6109
30,52.91,3.472,5.16,1353.6,63.85,30864,90,2,0,58.54,1.5647,10.2539
33,59.93,1.785,5.67,1492.1,64.97,17536,109,0,0,63.24,0.087,10.5697
28,56.8,1.526,6.29,1374.3,57.07,48060,40,2,0,64.55,0.4754,9.0302
35,58.96,1.695,3.68,1448.7,39.77,8063,57,10,0,70.78,1.1985,16.0217
7,65.73,2.663,4.15,1369.0,76.87,2632,118,6,0,65.73,0.0,15.8386
5,60.63,2.033,5.06,1362.1,48.04,31420,49,5,0,65.44,0.5582,11.9822
17,94.64,6.855,3.28,1524.6,85.62,48885,49,0,1,80.82,2.4848,28.8537
42,65.11,2.997,4.97,1556.5,39.97,5816,63,17,0,65.11,0.0,13.1006
32,72.86,2.451,6.28,1559.4,66.14,26056,56,0,0,69.2,0.6958,11.6019
47,77.09,3.092,5.08,1246.6,50.28,18083,55,7,0,72.16,1.0479,15.1752
2,67.6,3.435,6.55,1389.4,63.03,6556,88,17,0,61.59,0.801,10.3206
32,59.37,3.273,5.43,1419.5,77.93,26317,56,0,0,65.93,0.9042,10.9337
19,61.7,2.82,6.12,1756.8,41.06,34289,75,12,0,61.7,0.0,10.0817
41,59.1,0.834,5.49,1648.5,55.42,17043,22,7,0,68.73,1.3838,10.765
42,95.08,1.803,2.06,2301.9,69.23,5987,63,17,1,80.1,0.8443,46.1553
6,61.18,3.11,5.0,1436.6,47.03,28314,71,2,0,63.66,1.0147,12.236
39,68.76,1.86,4.33,1392.4,54.95,34289,15,13,0,68.76,0.0,15.8799
48,70.77,1.042,5.01,1738.9,54.0,29757,115,7,0,70.77,0.0,14.1257
11,85.92,1.37,5.6,1786.9,67.38,39805,84,14,0,85.92,0.0,15.3429
30,103.35,5.552,2.24,1487.8,58.14,31016,90,2,1,69.74,1.8839,46.1384
7,96.29,26.175,4.8,1024.6,54.31,2885,118,6,1,81.01,16.6255,20.0604
38,66.04,2.768,5.18,1558.1,60.31,28177,81,13,0,66.04,0.0,12.749
19,70.3,2.867,6.47,1674.6,53.97,34216,75,12,0,66.0,0.0332,10.8655
4,67.27,1.51,6.36,1782.9,58.67,31539,45,1,0,77.4,5.2418,10.577
20,63.0,0.988,6.93,1790.1,36.07,24616,31,3,0,63.59,1.0621,9.0909
10,67.66,1.111,4.87,1229.7,55.08,31003,81,9,0,59.65,1.1377,13.8932
49,65.73,5.379,6.08,1415.1,65.84,35308,62,5,0,58.24,2.3179,10.8109
42,74.34,3.176,4.61,1648.5,42.71,5785,63,17,0,78.18,0.7464,16.1258
38,59.12,1.875,5.89,1462.5,58.51,28192,81,13,0,62.58,0.6314,10.0374
8,66.38,2.2,5.2,1830.8,61.0,39707,98,4,0,66.38,0.0,12.7654
40,84.78,1.644,6.07,1637.3,64.94,39235,23,8,0,69.12,0.0106,13.9671
9,61.07,1.846,5.24,1348.6,47.99,28514,28,7,0,61.07,0.0,11.6546
31,65.95,4.144,4.44,1662.2,63.73,8340,56,3,0,67.11,1.8625,14.8536
23,71.12,1.132,5.92,1381.0,64.29,6411,25,12,0,71.12,0.0,12.0135
37,57.0,1.148,5.47,1782.5,50.37,14483,91,13,0,57.0,0.0,10.4205
42,67.36,1.596,5.62,1080.8,53.17,5590,63,17,0,75.47,0.8085,11.9858
29,65.41,4.036,5.54,1418.1,47.95,36773,18,13,0,69.52,0.2906,11.8069
19,57.34,1.051,5.84,1545.5,45.32,34006,75,12,0,63.11,1.0352,9.8185
42,74.94,5.001,5.56,1534.7,71.33,5586,63,17,0,75.37,1.3604,13.4784
1,75.76,3.109,5.71,1455.1,43.26,2618,74,9,0,70.53,0.6025,13.268
29,73.09,1.381,6.45,1397.8,62.68,36964,18,13,0,70.71,1.4291,11.3318
14,86.65,15.761,5.33,1600.7,63.67,32807,41,2,1,86.65,0.0,16.257
15,73.7,1.031,5.45,2038.7,62.18,12749,110,16,0,73.7,0.0,13.5229
23,72.68,4.713,6.33,1136.5,64.63,6350,25,12,0,71.9,2.5321,11.4818
9,71.65,1.686,4.35,1572.1,47.2,28729,28,7,0,66.36,0.1131,16.4713
30,49.26,2.442,5.81,1591.0,68.32,30770,90,2,0,65.64,1.6957,8.4785
18,78.5,2.414,5.44,1565.4,55.57,32737,65,18,0,72.84,0.9617,14.4301
2,77.78,2.224,6.83,1250.5,46.52,6641,88,17,0,65.64,0.6717,11.388
17,73.15,1.132,5.77,1704.8,46.59,49150,49,0,0,78.26,2.8862,12.6776
12,73.35,1.255,6.97,1619.4,67.6,32328,111,6,0,73.35,0.0,10.5237
18,73.97,4.756,6.93,1771.9,85.47,32737,65,18,0,73.22,1.8726,10.6739
20,54.02,1.205,7.42,1191.0,46.67,24986,31,3,0,60.4,0.8118,7.2803
37,75.05,3.058,5.58,1756.0,48.99,14613,91,13,0,66.03,1.3506,13.4498
38,107.93,9.387,2.12,1671.2,80.68,28380,81,13,1,77.7,4.1036,50.9104
37,71.15,2.31,6.38,1197.0,60.62,14488,91,13,0,67.73,0.9624,11.152
47,65.31,1.079,5.9,1503.7,53.09,17975,55,7,0,69.87,1.0433,11.0695
41,73.95,3.646,5.26,1475.8,59.89,16752,22,7,0,70.47,1.4415,14.0589
16,68.67,1.96,3.88,1909.9,55.03,3051,83,12,0,65.32,0.4165,17.6985
17,93.11,6.872,2.37,1969.6,53.0,48828,49,0,1,81.98,2.8195,39.2869
15,57.04,3.053,5.84,1697.8,79.21,12509,110,16,0,65.37,1.4298,9.7671
32,67.69,1.161,5.56,1687.3,70.71,26115,56,0,0,66.37,0.9628,12.1745
34,70.61,2.613,4.43,1690.5,62.02,36857,12,19,0,65.95,0.6869,15.9391
31,65.92,3.038,4.94,1733.7,39.18,8355,56,3,0,66.71,1.3226,13.3441
7,64.87,2.479,4.54,1168.8,57.67,3044,118,6,0,75.63,13.6281,14.2885
26,94.92,5.294,2.94,1438.7,75.01,12052,95,13,1,94.92,0.0,32.2857
10,61.64,3.283,5.17,1593.9,46.3,31294,81,9,0,60.31,1.1272,11.9226
48,74.55,2.155,5.33,1666.6,52.84,29850,115,7,0,72.66,0.787,13.9869
43,101.77,15.148,2.64,1380.3,69.97,22256,106,18,1,71.74,7.5985,38.5492
16,69.08,2.296,6.14,1594.1,46.08,3424,83,12,0,66.57,0.4682,11.2508
33,58.87,1.388,6.15,1579.1,63.44,17772,109,0,0,61.79,0.2718,9.5724
14,63.88,3.904,4.75,1454.3,51.3,33022,41,2,0,75.26,8.3842,13.4484
21,59.9,2.05,4.47,1443.1,54.94,41322,7,11,0,70.23,0.1266,13.4004
18,57.53,0.92,5.37,1359.9,35.87,32792,65,18,0,69.3,1.7796,10.7132
48,67.78,0.991,5.4,1371.1,67.07,29812,115,7,0,71.03,0.6578,12.5519
38,54.62,2.678,6.34,1428.0,54.37,28587,81,13,0,71.93,3.4965,8.6151
12,66.34,0.61,5.12,1337.2,41.87,32413,111,6,0,69.84,0.4561,12.957
18,75.74,10.106,4.29,1670.3,103.34,32737,65,18,1,70.59,3.8217,17.655
46,60.16,3.51,6.23,1603.7,53.34,11064,19,9,0,64.04,1.0904,9.6565
26,64.78,1.25,5.22,1420.5,30.51,11738,95,13,0,79.85,2.8595,12.41
8,68.29,1.393,6.22,1376.7,56.57,39687,98,4,0,67.34,0.5706,10.9791
50,86.49,1.612,3.89,1311.8,17.68,22417,21,3,0,86.49,0.0,22.2339
48,78.03,2.713,5.81,1660.0,57.01,29890,115,7,0,72.78,0.8498,13.4303
41,70.34,0.918,5.33,1258.0,51.85,16894,22,7,0,70.44,1.3972,13.197
33,74.94,2.819,2.28,2287.7,87.71,17768,109,0,1,65.08,0.6048,32.8684
12,83.33,1.873,5.58,1521.7,63.36,32235,111,6,0,74.34,0.6315,14.9337
22,69.12,0.916,5.36,1458.5,72.2,25260,35,6,0,69.12,0.0,12.8955
42,77.71,6.553,3.74,1974.7,81.64,5771,63,17,1,75.76,1.9201,20.7781
44,71.52,2.521,6.09,1260.8,45.39,15426,41,3,0,75.54,2.8093,11.7438
39,59.98,1.82,5.6,1556.1,64.8,34205,15,13,0,64.37,0.0283,10.7107
2,57.24,2.829,4.94,1663.5,70.57,6628,88,17,0,63.96,0.6055,11.587
45,64.33,1.053,5.73,1385.0,59.49,928,30,11,0,74.08,0.3932,11.2269
34,61.92,2.262,5.61,1396.2,50.87,37013,12,19,0,64.94,0.5621,11.0374
39,67.67,1.8,5.73,1755.1,52.89,34230,15,13,0,65.47,0.0306,11.8098
11,61.57,3.003,4.55,1574.3,79.06,39844,84,14,0,73.74,1.1547,13.5319
30,58.75,1.792,4.58,1426.3,67.69,30691,90,2,0,64.49,1.6321,12.8275
23,74.38,1.645,5.86,1621.5,50.04,6222,25,12,0,72.73,1.9365,12.6928
28,81.42,1.542,5.22,1266.9,45.63,48007,40,2,0,68.77,0.4623,15.5977
11,66.57,2.062,5.41,1509.0,56.44,39750,84,14,0,71.35,0.8197,12.305
4,86.76,1.114,4.34,1085.0,76.8,31514,45,1,0,80.52,4.3987,19.9908
13,66.03,1.025,7.08,1635.3,68.9,47122,72,9,0,66.03,0.0,9.3263
37,73.74,1.847,4.74,1745.9,37.9,14572,91,13,0,69.24,0.8025,15.557
39,74.61,3.855,5.99,1104.9,53.01,34033,15,13,0,67.76,1.0145,12.4558
34,86.9,5.499,2.93,2082.7,68.08,36864,12,19,1,69.33,1.5514,29.6587
34,68.53,2.684,5.51,1563.9,49.03,36827,12,19,0,69.2,1.3895,12.4374
35,59.74,4.02,7.07,1373.7,41.07,8403,57,10,0,67.1,1.2025,8.4498
2,64.39,2.165,4.4,1435.5,45.28,6564,88,17,0,64.03,0.5615,14.6341
22,69.68,1.475,5.98,1377.6,43.5,25024,35,6,0,69.4,0.3953,11.6522
45,86.98,5.497,1.74,1019.5,73.14,1105,30,11,1,78.38,2.7404,49.9885
48,60.57,3.682,6.98,1471.8,49.86,29774,115,7,0,70.34,1.1434,8.6777
17,68.06,4.559,6.22,1518.8,71.58,49208,49,0,0,79.19,2.4418,10.9421
16,78.93,1.225,4.8,1579.8,40.85,3149,83,12,0,69.66,0.502,16.4438
44,103.05,14.526,1.41,1713.5,85.15,15440,41,3,1,84.71,6.1158,73.0851
14,64.98,6.869,4.78,1578.5,62.51,33150,41,2,0,71.84,6.1705,13.5941
47,66.18,2.166,4.61,1509.3,65.79,17926,55,7,0,68.95,0.8602,14.3557
21,72.54,0.855,5.27,1484.2,33.05,41267,7,11,0,71.0,0.747,13.7647
26,54.25,2.725,4.58,1326.7,56.56,12111,95,13,0,71.32,2.0465,11.845
19,69.22,3.082,5.75,1460.1,66.9,34250,75,12,0,64.64,0.9429,12.0383
39,67.87,5.365,4.8,1176.0,44.12,34015,15,13,0,67.78,1.6154,14.1396
23,67.12,3.065,5.27,1176.5,52.92,6338,25,12,0,71.32,1.6064,12.7362
3,64.88,2.103,5.51,1216.1,69.35,50203,40,16,0,64.88,0.0,11.775
12,72.03,1.884,4.78,1097.8,67.13,32539,111,6,0,73.76,0.6064,15.069
15,60.26,2.72,5.09,1560.0,41.8,12837,110,16,0,63.67,1.0841,11.8389
46,54.79,1.084,5.08,1255.8,51.9,11158,19,9,0,62.19,1.024,10.7854
13,67.21,2.557,6.94,1438.6,43.63,46828,72,9,0,66.62,1.0833,9.6844
42,69.09,1.767,6.61,1752.0,38.03,5835,63,17,0,74.8,1.874,10.4523
41,105.67,4.063,2.97,1817.9,79.71,16651,22,7,1,77.48,1.5089,35.5791
26,75.45,3.135,4.03,1728.0,53.74,12083,95,13,0,72.35,1.6711,18.7221
36,71.1,1.235,5.89,1563.1,57.57,32573,32,13,0,71.1,0.0,12.0713
32,74.77,1.242,6.86,1160.0,65.0,25923,56,0,0,68.05,0.9156,10.8994
48,96.12,2.823,5.02,1190.7,113.22,30047,115,7,1,74.64,1.0626,19.1474
28,74.64,2.664,6.09,1252.4,55.69,47846,40,2,0,69.94,0.521,12.2562
35,66.15,8.032,5.23,1338.5,58.68,8482,57,10,0,66.86,2.6845,12.6482
22,77.06,1.539,5.72,1548.8,67.03,25005,35,6,0,71.95,0.3427,13.472
5,60.93,3.281,5.75,1440.5,53.38,31117,49,5,0,64.31,0.9599,10.5965
18,68.29,1.453,4.6,1654.4,39.78,32864,65,18,0,70.2,3.5556,14.8457
37,70.33,0.687,6.43,1685.2,58.15,14432,91,13,0,69.45,0.9365,10.9378
28,64.41,1.124,6.44,1518.8,41.56,48017,40,2,0,69.02,0.6046,10.0016
25,76.08,3.316,7.2,1611.0,70.04,8840,25,2,0,65.65,0.6199,10.5667
47,82.83,1.676,4.91,1363.1,86.8,17711,55,7,0,71.73,0.7578,16.8697
43,80.26,6.944,5.8,1324.9,62.64,22055,106,18,0,73.87,6.209,13.8379
13,75.27,1.896,5.8,1904.9,56.22,47030,72,9,0,69.5,0.7684,12.9776
36,83.0,1.41,5.62,1386.9,66.89,32665,32,13,0,77.05,0.1237,14.7687
45,60.87,4.207,5.71,1897.8,71.22,1056,30,11,0,74.0,2.4227,10.6602
44,73.43,0.757,6.44,1402.8,51.61,15634,41,3,0,81.89,6.1239,11.4022
31,80.74,2.536,5.81,1395.4,63.52,8382,56,3,0,70.22,1.0949,13.8967
2,65.23,4.485,6.02,1561.4,52.2,6966,88,17,0,64.2,0.9187,10.8355
24,69.4,2.34,4.55,1499.1,35.61,2467,86,13,0,73.65,0.0651,15.2527
43,63.01,3.249,5.2,1793.6,54.46,22350,106,18,0,71.7,5.5791,12.1173
5,95.83,18.405,4.63,2426.1,65.53,31219,49,5,1,70.61,7.3774,20.6976
21,66.64,5.344,7.37,1946.3,51.21,41602,7,11,0,69.91,1.916,9.0421
21,59.79,1.672,5.35,1461.0,31.13,41145,7,11,0,67.89,1.7126,11.1757
2,59.36,1.453,5.87,1288.9,47.1,6607,88,17,0,63.6,0.9673,10.1124
9,64.14,2.808,6.42,1255.3,50.87,28598,28,7,0,65.62,0.6069,9.9907
24,74.86,3.371,5.78,1184.3,60.92,2613,86,13,0,74.05,0.5705,12.9516
26,61.76,2.423,5.59,1425.5,58.1,11850,95,13,0,70.23,1.4787,11.0483
45,61.49,1.348,6.04,1688.6,55.87,1377,30,11,0,71.5,2.1981,10.1805
31,65.01,2.602,4.84,1336.2,34.04,8521,56,3,0,69.18,0.9527,13.4318
4,58.33,2.421,3.61,1409.6,37.29,31901,45,1,0,74.97,3.6618,16.1579
15,64.71,2.511,5.05,1530.2,42.0,12527,110,16,0,63.93,0.8935,12.8139
25,66.82,2.41,6.81,1240.6,66.96,8905,25,2,0,65.94,0.5307,9.812
43,68.53,0.858,6.61,1351.0,50.94,22187,106,18,0,71.17,5.3996,10.3676
3,80.34,4.133,5.23,1401.6,46.86,50173,40,16,0,72.61,1.4354,15.3614
1,76.65,2.186,6.48,1836.0,66.82,2446,74,9,0,72.57,0.5136,11.8287
19,64.66,1.851,4.14,1480.3,79.94,34137,75,12,0,64.64,0.8601,15.6184
24,67.74,2.516,6.0,1414.7,70.56,2521,86,13,0,72.47,0.4763,11.29
6,67.59,1.477,5.23,1804.5,47.04,28537,71,2,0,64.97,0.8912,12.9235
46,74.98,1.273,6.34,1423.7,68.38,11227,19,9,0,64.32,0.9401,11.8265
32,54.71,3.034,6.93,1574.4,70.49,25960,56,0,0,65.82,0.937,7.8947
10,64.9,1.615,4.77,1617.4,30.28,31170,81,9,0,61.46,0.995,13.6059
15,61.5,2.259,6.68,1478.2,75.26,12587,110,16,0,63.44,0.7744,9.2066
28,57.13,3.082,6.57,1751.4,65.5,48037,40,2,0,67.32,0.7076,8.6956
37,51.83,1.567,7.17,1308.1,80.08,14507,91,13,0,66.52,0.8435,7.2287
49,73.9,5.143,3.85,1407.5,47.17,35164,62,5,0,63.46,1.8282,19.1948
45,62.65,2.165,4.49,1695.1,65.89,1040,30,11,0,70.02,1.9714,13.9532
11,66.84,1.347,5.72,1164.5,30.41,39848,84,14,0,70.22,0.7792,11.6853
44,74.41,1.39,6.14,1534.0,58.89,15607,41,3,0,80.39,5.7023,12.1189
3,65.92,3.237,6.93,1229.5,43.36,49935,40,16,0,70.38,1.0173,9.5123
10,75.33,3.587,5.82,1456.5,31.49,31166,81,9,0,64.23,1.0664,12.9433
16,67.14,0.974,4.79,1286.1,59.91,3156,83,12,0,69.16,0.5461,14.0167
44,67.63,1.485,4.41,1333.9,31.89,15460,41,3,0,78.27,5.3138,15.3356
2,59.59,5.185,6.09,1401.1,47.49,6920,88,17,0,63.15,1.251,9.7849
4,72.37,1.899,3.05,1293.9,39.72,31534,45,1,0,74.45,3.2502,23.7279
6,73.91,3.449,6.53,1321.1,53.41,28559,71,2,0,67.2,0.9965,11.3185
13,62.62,2.306,6.14,1389.5,53.1,46679,72,9,0,67.78,0.6717,10.1987
16,54.43,4.675,5.37,1251.1,50.41,3436,83,12,0,66.7,1.3603,10.1359
14,62.7,3.616,6.85,1537.7,61.16,32857,41,2,0,69.55,5.6761,9.1533
3,72.84,3.164,5.05,1460.3,29.49,50401,40,16,0,71.0,0.8306,14.4238
37,68.12,7.476,5.07,1588.0,55.18,14426,91,13,0,66.75,2.2902,13.4359
20,67.1,1.199,5.59,1970.4,45.53,24908,31,3,0,62.08,0.6871,12.0036
23,92.13,3.391,4.74,1801.3,93.63,6195,25,12,1,75.49,1.4313,19.4367
50,66.24,1.409,5.26,1434.4,31.12,22559,21,3,0,76.36,0.1435,12.5932
7,71.77,2.868,5.52,1219.8,58.52,2847,118,6,0,74.67,11.7536,13.0018
14,71.93,2.831,4.7,1641.2,61.55,33195,41,2,0,70.03,5.3473,15.3043
2,57.51,4.564,5.15,1506.3,59.22,6810,88,17,0,62.59,1.294,11.167
19,56.21,1.189,6.34,1749.8,56.32,34179,75,12,0,63.24,0.9002,8.8659
31,70.67,2.182,5.69,1847.5,52.59,8267,56,3,0,69.43,0.8848,12.42
49,77.71,3.213,5.31,1192.1,61.12,35301,62,5,0,67.02,1.5734,14.6347
48,70.16,0.947,4.19,1536.2,66.4,29915,115,7,0,74.0,1.0852,16.7446
33,72.22,2.227,4.76,1257.3,67.64,17491,109,0,0,66.5,0.5358,15.1723
1,59.29,1.144,4.85,1318.6,56.01,2283,74,9,0,69.25,0.8046,12.2247
44,65.25,1.454,5.74,1636.9,59.2,15252,41,3,0,76.41,4.9881,11.3676
12,69.54,2.105,4.34,1227.3,54.91,32474,111,6,0,72.92,0.6112,16.023
49,63.29,2.31,4.8,1856.4,55.87,34940,62,5,0,66.27,1.5494,13.1854
19,82.35,1.798,3.38,1894.9,57.77,34192,75,12,1,65.97,0.8321,24.3639
17,81.8,2.163,5.36,1732.5,69.0,48906,49,0,0,79.63,2.3918,15.2612
45,67.97,2.374,3.29,1385.1,60.12,921,30,11,0,69.73,1.7999,20.6596
1,58.88,5.331,4.75,1137.4,51.32,2611,74,9,0,67.17,1.5744,12.3958
48,59.37,2.709,6.13,1413.9,70.6,29770,115,7,0,72.17,1.0313,9.6852
23,63.61,1.65,5.58,1367.9,70.97,6593,25,12,0,73.51,1.3621,11.3996
50,61.76,1.541,5.8,1356.8,47.84,22332,21,3,0,71.5,0.103,10.6483
36,56.72,2.983,6.21,1233.5,57.69,32457,32,13,0,70.27,0.9627,9.1337
7,51.98,0.924,5.88,1188.5,60.1,3029,118,6,0,70.13,10.7345,8.8401
40,72.14,3.15,5.95,1113.9,63.2,39452,23,8,0,70.12,0.8739,12.1244
28,68.26,3.142,4.35,1358.0,68.0,47936,40,2,0,67.44,0.7555,15.692
27,80.88,2.448,6.58,1458.7,52.12,2355,52,16,0,80.24,0.6703,12.2918
25,57.31,4.781,4.48,1805.7,79.6,9076,25,2,0,64.22,1.0582,12.7924
39,63.57,2.586,6.68,1289.9,43.24,34426,15,13,0,67.08,1.4521,9.5165
40,70.65,2.638,4.63,1353.0,76.08,39204,23,8,0,70.26,0.7555,15.2592
37,55.76,2.523,4.79,1065.6,48.75,14605,91,13,0,65.37,2.1204,11.6409
1,55.77,2.867,6.4,1482.8,49.49,2264,74,9,0,65.27,1.4084,8.7141
18,58.44,1.713,6.6,1831.7,41.5,33111,65,18,0,68.52,3.3116,8.8545
49,63.31,1.535,6.23,1430.3,58.6,35325,62,5,0,65.78,1.6283,10.1621
25,68.43,2.659,4.71,1608.0,55.52,8979,25,2,0,64.92,0.9616,14.5287
14,73.44,2.296,5.82,1934.6,58.41,32860,41,2,0,70.6,5.0948,12.6186
21,69.35,1.731,4.09,1429.9,49.57,41272,7,11,0,68.13,1.5581,16.956
3,81.22,3.678,6.66,1349.7,44.7,50105,40,16,0,73.04,0.7558,12.1952
10,75.99,12.894,4.38,1516.4,104.87,31065,81,9,1,66.19,4.3639,17.3493
13,70.09,3.893,4.73,1350.0,67.07,46978,72,9,0,68.24,1.0472,14.8182
3,68.77,2.097,4.35,1341.3,65.18,50358,40,16,0,72.33,0.8268,15.8092
27,60.59,1.601,4.26,1765.3,66.04,2079,52,16,0,73.69,0.5206,14.223
35,75.89,1.822,5.83,1332.4,50.56,8350,57,10,0,68.67,2.5724,13.0172
1,70.9,1.356,3.9,1063.3,42.91,2276,74,9,0,66.08,1.3991,18.1795
17,73.65,2.655,5.66,1242.6,47.98,48981,49,0,0,78.77,2.2557,13.0124
2,51.4,4.006,5.22,1372.7,39.9,6683,88,17,0,61.57,1.261,9.8467
4,68.22,0.636,5.69,1623.8,60.38,31529,45,1,0,73.42,3.0861,11.9895
31,72.71,8.114,5.06,1691.0,35.31,8607,56,3,0,69.9,2.211,14.3696
43,63.45,1.644,5.51,1729.9,46.04,22374,106,18,0,70.07,5.0962,11.5154
35,65.58,1.652,5.19,1647.3,37.34,8085,57,10,0,68.15,2.4611,12.6358
41,60.59,2.73,6.55,1269.0,61.2,17059,22,7,0,74.67,1.3544,9.2504
6,70.2,1.199,4.71,1378.2,36.96,28304,71,2,0,67.8,1.0231,14.9045
5,66.36,0.737,6.49,1172.8,59.97,31531,49,5,0,69.9,6.8555,10.225
7,77.02,1.208,4.72,1647.5,49.99,2751,118,6,0,71.28,9.8903,16.3178
21,66.25,3.151,5.37,1748.9,48.56,41273,7,11,0,67.86,1.4572,12.3371
48,63.76,1.527,3.85,1789.6,56.05,30029,115,7,0,71.23,0.9856,16.561
50,61.99,3.146,2.06,1482.5,90.75,22097,21,3,1,69.12,0.817,30.0922
18,62.41,1.51,4.42,1283.1,62.09,32822,65,18,0,67.76,3.1237,14.1199
28,51.84,3.918,4.86,1458.2,55.05,47915,40,2,0,65.71,0.9073,10.6667
26,64.98,7.19,4.79,1516.7,62.5,11872,95,13,0,69.36,2.1734,13.5658
27,104.4,22.584,2.29,1531.7,74.86,2117,52,16,1,81.37,10.3759,45.5895
40,80.34,5.625,4.66,1616.9,61.19,39277,23,8,0,72.27,1.6388,17.2403
18,79.36,2.642,4.84,1468.5,71.31,32750,65,18,0,69.05,2.9243,16.3967
37,74.53,1.738,5.69,1366.3,33.63,14328,91,13,0,66.39,2.0031,13.0984
8,72.83,2.379,6.0,1618.9,58.68,39575,98,4,0,69.17,0.5253,12.1383
47,62.01,1.372,5.07,1558.1,85.05,17760,55,7,0,70.11,0.7143,12.2308
26,64.6,1.1,5.62,1199.5,57.12,11922,95,13,0,68.68,2.209,11.4947
9,56.78,1.735,4.92,1525.2,52.7,28511,28,7,0,63.41,0.5304,11.5407
37,72.54,7.667,6.21,1414.3,73.46,14670,91,13,0,67.0,2.5006,11.6812
14,66.42,4.613,6.36,1322.5,73.12,32945,41,2,0,70.0,4.6754,10.4434
35,64.28,3.255,6.08,1239.0,39.81,8514,57,10,0,67.6,2.2477,10.5724
9,60.1,1.233,5.88,1470.6,34.51,28522,28,7,0,62.75,0.5783,10.2211
41,72.95,5.612,5.37,1614.5,61.42,16998,22,7,0,74.42,1.7073,13.5847
3,58.42,2.506,5.24,1328.9,63.54,50092,40,16,0,70.34,0.7842,11.1489
18,86.73,7.73,2.64,1455.9,82.92,32971,65,18,1,70.82,3.1439,32.8523
36,83.5,2.258,4.56,1205.0,64.5,32642,32,13,0,73.58,0.8089,18.3114
21,76.25,1.646,4.99,1359.7,62.77,41529,7,11,0,68.91,1.3775,15.2806
36,89.87,1.932,3.49,1438.8,94.69,32381,32,13,1,76.84,0.7007,25.7507
10,67.31,1.64,7.06,1199.5,42.17,31187,81,9,0,66.35,4.0996,9.534
33,59.42,1.919,4.67,1369.0,56.8,17439,109,0,0,65.32,0.4812,12.7238
19,66.53,0.838,3.89,1045.4,62.93,33879,75,12,0,66.04,0.8892,17.1028
25,90.78,4.429,1.34,1802.9,73.5,8902,25,2,1,68.61,1.0294,67.7463
30,66.02,0.931,5.93,1526.5,64.64,30939,90,2,0,64.71,1.6866,11.1332
45,76.97,1.733,5.52,1474.1,52.14,1228,30,11,0,70.64,1.6855,13.9438
49,72.91,4.741,5.14,1587.4,39.6,35177,62,5,0,66.8,1.5857,14.1848
48,64.86,2.755,5.94,1290.5,51.15,29698,115,7,0,70.6,0.9545,10.9192
3,51.81,4.833,7.0,1373.2,42.39,50121,40,16,0,68.03,0.9759,7.4014
27,70.68,2.043,6.23,1358.7,58.42,2396,52,16,0,79.23,9.2588,11.3451
24,69.96,1.341,5.63,1476.3,60.58,2393,86,13,0,71.97,0.7215,12.4263
48,64.88,1.82,5.63,1845.5,42.61,29573,115,7,0,70.08,0.9104,11.524
14,60.94,1.066,5.77,1777.0,58.66,32758,41,2,0,68.87,4.6281,10.5615
8,91.83,6.29,4.54,1331.4,69.63,39530,98,4,1,74.83,2.192,20.2269
22,68.9,1.175,5.97,1455.9,56.4,25101,35,6,0,71.19,0.2878,11.541
44,64.53,1.795,6.49,1266.4,59.93,15422,41,3,0,74.92,4.6888,9.943
34,93.17,6.362,4.63,1149.5,75.51,36772,12,19,1,72.62,1.8404,20.1231
44,66.95,1.253,5.67,1380.6,59.69,15375,41,3,0,74.04,4.4675,11.8078
21,70.29,1.701,6.75,1894.9,40.91,41232,7,11,0,69.06,1.3057,10.4133
25,95.28,5.942,3.46,1768.1,97.98,8891,25,2,1,71.95,1.357,27.5376
17,64.12,3.698,3.42,1074.1,44.91,49178,49,0,0,76.94,2.0901,18.7485
32,60.83,2.278,4.24,1659.2,48.29,25840,56,0,0,65.11,0.8579,14.3467
30,66.96,2.283,5.02,1240.0,45.24,30744,90,2,0,64.99,1.5692,13.3386
36,60.28,4.132,5.67,1624.8,52.23,32457,32,13,0,74.08,1.0847,10.6314
10,63.69,1.092,6.47,1705.7,43.95,30995,81,9,0,66.02,3.9175,9.8439
29,80.23,1.815,4.61,1430.7,80.19,36663,18,13,0,73.09,1.3118,17.4035
4,71.06,2.609,4.33,1773.3,27.89,31777,45,1,0,73.08,2.8178,16.4111
35,49.38,5.132,6.15,1449.1,77.5,8151,57,10,0,65.32,2.1683,8.0293
42,65.1,2.318,7.0,1420.4,56.52,5822,63,17,0,73.59,1.7674,9.3
15,74.13,1.941,6.53,1526.9,69.34,12589,110,16,0,65.22,0.7093,11.3522
17,73.38,1.739,5.27,1058.1,45.74,49066,49,0,0,76.55,2.0847,13.9241
3,53.94,1.23,4.79,1468.9,45.0,50118,40,16,0,66.46,1.1282,11.261
36,88.39,7.009,3.42,1666.0,73.22,32559,32,13,1,76.12,2.0285,25.845
17,60.72,1.433,5.46,1546.0,57.76,48808,49,0,0,74.96,2.0887,11.1209
28,62.35,2.283,6.51,1469.0,37.48,47902,40,2,0,65.37,0.8562,9.5776
19,62.0,2.753,5.35,1824.8,77.0,34251,75,12,0,65.59,0.8751,11.5888
5,66.54,0.671,5.02,1277.8,57.33,31309,49,5,0,69.42,6.4262,13.255
34,64.83,2.622,5.67,1663.3,31.23,36902,12,19,0,71.65,1.7226,11.4339
50,72.16,3.503,5.11,1427.3,65.81,22544,21,3,0,69.73,0.9987,14.1213
20,85.88,1.539,5.24,1427.8,54.7,24588,31,3,0,66.84,0.5958,16.3893
49,76.9,1.595,6.93,1474.4,50.73,34892,62,5,0,68.06,1.6135,11.0967
30,71.59,2.536,7.72,1839.1,53.37,30622,90,2,0,65.73,1.4686,9.2733
16,73.41,1.372,6.2,1357.8,48.1,3446,83,12,0,67.66,1.2706,11.8403
43,60.5,2.357,5.17,1271.8,51.68,22081,106,18,0,68.87,4.7831,11.7021
30,72.08,2.858,5.48,1478.2,35.92,30733,90,2,0,66.36,1.3861,13.1533
47,65.41,3.014,4.74,1622.1,55.45,17733,55,7,0,69.44,0.7903,13.7996
4,69.23,3.636,5.8,1545.7,70.43,31651,45,1,0,72.6,2.6283,11.9362
43,72.03,2.072,6.83,1495.5,44.24,22085,106,18,0,69.22,4.5355,10.5461
39,70.64,2.656,3.94,1657.1,82.86,34346,15,13,0,67.59,1.3283,17.9289
36,60.61,1.121,4.07,1435.9,38.64,32364,32,13,0,74.18,1.9913,14.8919
13,96.82,1.604,6.23,1540.2,55.56,47070,72,9,0,73.01,0.9831,15.5409
30,65.56,3.736,6.07,1120.4,59.2,30904,90,2,0,66.29,1.3534,10.8007
7,69.57,3.055,4.18,1698.2,42.46,2827,118,6,0,71.03,9.0993,16.6435
25,73.92,5.46,7.23,1488.3,69.76,8832,25,2,0,72.17,1.4199,10.2241
32,78.88,1.833,4.21,1345.3,75.16,26051,56,0,0,66.83,0.8011,18.7363
33,51.43,1.378,7.86,1453.7,60.85,17597,109,0,0,63.34,0.4996,6.5433
39,60.18,1.467,6.19,1444.9,78.66,34023,15,13,0,66.66,1.3232,9.7221
2,69.87,4.082,5.59,1089.8,68.95,6782,88,17,1,62.26,1.2329,12.4991
12,77.66,3.442,4.64,1491.1,49.19,32468,111,6,0,73.71,0.9478,16.7371
10,62.63,3.011,5.27,1573.5,56.18,31311,81,9,0,65.64,3.668,11.8843
36,68.76,2.882,4.1,1569.1,65.44,32513,32,13,0,73.58,1.8632,16.7707
27,75.47,3.717,6.93,1405.1,37.25,2078,52,16,0,78.6,8.3352,10.8903
37,69.27,4.456,5.19,1594.6,50.7,14476,91,13,0,67.21,2.4125,13.3468
38,58.7,2.5,5.65,1650.5,63.1,28145,81,13,0,69.28,3.1195,10.3894
5,62.13,1.211,3.78,1515.0,60.87,31477,49,5,0,68.51,6.0296,16.4365
18,52.17,4.715,5.84,1182.0,52.3,33110,65,18,0,69.12,3.0077,8.9332
16,74.1,2.108,4.67,1610.8,63.81,3464,83,12,0,68.47,1.1772,15.8672
1,70.4,1.584,6.07,1700.9,67.58,2699,74,9,0,66.62,1.3449,11.598
10,62.88,3.263,6.58,1354.5,44.88,31136,81,9,0,65.37,3.4587,9.5562
1,81.35,6.092,3.89,1292.4,50.23,2571,74,9,0,68.25,1.7415,20.9126
14,69.13,4.903,4.8,1220.5,36.38,32999,41,2,0,68.9,4.3298,14.4021
3,79.24,2.976,6.35,1652.9,51.3,50028,40,16,0,67.74,1.0637,12.4787
8,77.13,2.828,6.17,1227.0,75.14,39708,98,4,0,75.29,1.9013,12.5008
14,69.44,1.608,5.53,1408.8,40.01,32757,41,2,0,68.95,4.2285,12.557
16,70.62,2.091,4.32,1498.0,48.66,3072,83,12,0,68.71,1.1016,16.3472
15,86.27,8.396,4.01,1126.8,84.02,12749,110,16,1,68.23,2.4106,21.5137
11,72.77,0.917,6.05,1149.2,53.47,39874,84,14,0,70.73,0.8166,12.0281
38,60.1,1.701,4.93,1329.0,51.8,28387,81,13,0,67.75,2.9238,12.1907
38,83.7,1.724,4.38,1159.7,68.07,28307,81,13,0,70.03,2.7508,19.1096
35,67.49,3.086,5.17,1354.8,62.74,8308,57,10,0,65.56,2.0362,13.0542
46,107.64,3.815,2.81,1588.4,94.97,11514,19,9,1,70.51,1.1713,38.306
33,56.08,1.266,5.34,1455.3,43.14,17505,109,0,0,62.43,0.5167,10.5019
22,79.3,3.225,3.89,1799.2,113.82,25232,35,6,1,72.81,0.9065,20.3856
18,68.06,4.07,5.17,1535.9,28.31,32988,65,18,0,69.03,2.8717,13.1644
18,69.85,2.173,4.19,1323.6,73.56,33000,65,18,0,69.1,2.7774,16.6706
13,85.14,5.733,3.86,2239.3,82.4,46671,72,9,1,74.74,1.6047,22.057
22,65.79,3.285,4.17,1547.6,46.4,25062,35,6,0,71.64,1.046,15.777
13,88.07,2.055,4.72,1249.3,51.21,46922,72,9,0,76.41,1.5039,18.6589
4,76.34,1.648,5.15,1390.6,55.36,31495,45,1,0,73.01,2.4907,14.8233
35,62.34,1.233,6.0,1685.0,82.01,8235,57,10,0,65.24,2.0565,10.39
29,64.27,1.177,5.51,1667.4,57.6,36923,18,13,0,71.32,1.3279,11.6642
30,56.82,3.017,6.15,1383.4,75.76,30887,90,2,0,65.5,1.2923,9.239
37,66.17,1.422,4.93,1580.6,54.52,14458,91,13,0,67.12,2.3527,13.4219
16,107.38,3.324,3.23,1767.2,111.29,3265,83,12,1,72.57,1.1188,33.2446
29,79.94,3.455,6.66,1495.0,43.37,36675,18,13,0,72.76,1.2624,12.003
21,98.18,2.745,4.13,2251.2,107.32,41575,7,11,1,71.97,1.2404,23.7724
24,68.55,4.302,4.28,1834.7,51.83,2638,86,13,0,71.4,1.0097,16.0164
38,48.11,1.455,6.03,1351.0,48.57,28217,81,13,0,67.29,2.6232,7.9784
17,72.55,1.822,5.86,1475.0,63.23,49160,49,0,0,74.74,2.041,12.3805
40,84.21,0.795,3.91,1649.5,45.17,39196,23,8,0,74.26,1.7069,21.5371
16,77.8,1.531,6.03,1718.2,61.14,3364,83,12,0,73.05,1.0772,12.9022
22,61.7,6.726,5.31,1593.1,54.12,25302,35,6,0,70.22,2.0469,11.6196
23,66.55,1.215,6.51,1587.6,43.39,6585,25,12,0,72.51,1.349,10.2227
49,103.92,8.788,1.85,1907.3,83.45,34880,62,5,1,72.05,2.3839,56.173
3,70.31,3.674,3.43,1597.5,73.38,50108,40,16,0,67.97,1.0297,20.4985
15,71.2,2.299,6.62,1288.2,71.27,12806,110,16,0,68.6,2.251,10.7553
15,64.92,2.39,5.63,1530.1,54.12,12692,110,16,0,68.19,2.1163,11.5311
9,70.42,2.096,5.46,1470.0,60.93,28743,28,7,0,64.03,0.5261,12.8974
9,63.55,1.569,5.78,1465.5,49.11,28767,28,7,0,63.96,0.4963,10.9948
30,59.17,0.756,6.23,1352.7,46.9,31013,90,2,0,65.01,1.36,9.4976
6,74.39,4.794,6.28,1441.1,60.27,28371,71,2,0,68.9,1.4052,11.8455
33,75.49,1.425,4.8,1096.6,52.95,17798,109,0,0,63.88,0.5024,15.7271
31,73.73,2.293,5.83,1068.0,44.19,8424,56,3,0,70.38,2.0872,12.6467
49,71.68,3.718,4.28,1530.6,41.71,35018,62,5,0,72.01,2.2481,16.7477
16,59.85,2.706,5.71,1521.0,61.18,3132,83,12,0,71.95,1.0426,10.4816
42,67.35,1.945,5.87,1498.4,39.67,5668,63,17,0,72.9,1.7014,11.4736
34,73.22,1.454,4.74,1528.0,34.86,36714,12,19,0,71.82,1.7188,15.4473
24,63.35,4.923,5.87,976.0,63.82,2648,86,13,0,70.25,1.2429,10.7922
39,63.4,1.136,4.24,1447.0,52.78,34316,15,13,0,66.3,1.34,14.9528
31,99.62,4.143,6.02,2001.2,94.89,8230,56,3,1,73.62,1.9724,16.5482
4,74.19,1.839,5.9,1017.5,39.41,31610,45,1,0,73.13,2.3643,12.5746
17,73.83,2.873,5.68,1697.9,67.29,48775,49,0,0,74.67,1.9499,12.9982
28,52.96,1.201,5.17,1501.9,54.94,48010,40,2,0,64.24,0.8877,10.2437
42,67.37,2.674,3.8,1151.4,76.45,5946,63,17,0,72.34,1.6078,17.7289
25,73.97,1.845,6.21,1310.7,67.28,9132,25,2,0,72.35,1.4697,11.9114
5,74.61,1.145,5.2,1723.1,41.11,31479,49,5,0,69.19,5.7009,14.3481
37,105.29,5.703,5.23,1180.1,75.6,14562,91,13,1,70.06,2.3748,20.1319
27,70.22,1.945,4.89,1602.7,38.4,2359,52,16,0,77.41,7.7367,14.3599
33,87.86,5.951,3.7,1542.1,73.67,17575,109,0,1,66.28,1.3983,23.7459
26,68.14,0.986,5.7,1913.9,48.57,12198,95,13,0,68.61,2.203,11.9544
7,82.79,1.476,6.12,1321.5,55.78,2895,118,6,0,72.5,8.5511,13.5278
27,59.23,1.603,4.46,1283.3,62.37,2230,52,16,0,75.14,7.2699,13.2803
5,55.96,2.39,5.65,1381.4,43.82,31423,49,5,0,67.87,5.3836,9.9044
15,76.23,2.97,5.27,1245.5,62.86,12814,110,16,0,69.0,1.9953,14.4649
7,92.76,2.596,2.36,786.7,80.71,3050,118,6,1,74.75,8.0424,39.3051
3,70.02,1.739,6.12,1688.1,62.07,50365,40,16,0,68.14,1.0529,11.4412
31,67.7,1.381,5.15,1650.4,58.62,8179,56,3,0,73.03,1.9657,13.1456
42,70.88,2.481,6.01,1519.7,64.71,5557,63,17,0,72.21,1.5328,11.7937
2,72.8,4.574,6.7,1256.5,66.05,6933,88,17,0,63.07,1.2391,10.8657
13,61.54,1.164,6.29,1689.3,47.96,46885,72,9,0,74.75,1.4896,9.7838
3,60.07,9.783,4.83,1744.4,48.51,50370,40,16,0,67.52,2.1472,12.4369
37,85.42,1.917,5.25,1401.6,66.13,14589,91,13,0,71.16,2.3072,16.2705
27,64.69,3.1,4.94,1763.0,59.2,1910,52,16,0,73.97,6.8207,13.0951
21,62.66,1.152,3.49,1145.0,49.45,41528,7,11,0,71.13,1.2276,17.9542
43,70.49,0.814,4.03,1578.1,60.78,22147,106,18,0,69.35,4.3971,17.4913
18,66.98,1.182,5.04,1296.8,46.65,32790,65,18,0,68.94,2.7383,13.2897
6,77.93,0.831,5.18,1312.5,51.49,28525,71,2,0,70.19,1.4496,15.0444
41,80.54,2.313,4.36,1896.6,61.1,16672,22,7,0,75.19,1.5962,18.4725
6,58.04,2.31,5.75,1510.8,40.92,28659,71,2,0,68.67,1.3422,10.0939
49,60.77,2.064,6.3,1329.7,50.31,35313,62,5,0,70.99,2.1998,9.646
40,82.52,3.883,6.65,1326.0,47.19,39292,23,8,0,75.44,1.6341,12.409
1,59.69,2.017,5.49,1482.3,65.08,2427,74,9,0,67.4,1.6645,10.8725
40,72.12,2.357,5.1,1326.5,34.46,39241,23,8,0,75.03,1.5198,14.1412
14,54.56,6.408,4.58,1745.6,46.46,33006,41,2,0,67.64,4.0427,11.9127
48,67.04,1.863,5.52,1543.6,47.36,29734,115,7,0,69.82,0.8709,12.1449
12,62.93,2.283,5.19,1738.7,37.38,32365,111,6,0,72.17,0.8798,12.1252
37,95.01,19.19,3.87,1741.3,59.36,14509,91,13,1,72.75,4.71,24.5504
11,71.42,3.622,6.74,1656.2,62.17,39779,84,14,0,70.85,1.0602,10.5964
49,63.09,4.244,5.04,1405.4,65.23,34924,62,5,0,70.33,2.1036,12.5179
19,74.94,2.352,5.43,1487.3,58.47,34142,75,12,0,66.53,0.8314,13.8011
37,72.24,2.283,6.37,1272.4,44.44,14652,91,13,0,72.72,4.5749,11.3407
17,58.31,6.054,6.43,1531.0,55.96,48874,49,0,0,73.41,2.0211,9.0684
18,70.51,1.243,5.75,1259.7,49.94,32926,65,18,0,69.05,2.6924,12.2626
33,69.64,2.038,6.39,1364.7,53.26,17459,109,0,0,66.59,1.3275,10.8983
15,67.98,2.634,5.62,1676.3,56.78,12538,110,16,0,68.9,1.8954,12.0961
49,67.5,3.835,5.36,1326.9,37.57,35029,62,5,0,70.11,2.0142,12.5933
49,71.64,2.947,5.65,1551.5,54.64,35214,62,5,0,70.22,1.9468,12.6796
33,68.93,1.89,5.48,1544.5,46.67,17431,109,0,0,66.78,1.2687,12.5785
37,78.3,8.619,5.09,1464.5,100.3,14772,91,13,1,73.04,4.5655,15.3831
43,77.52,4.743,5.74,1160.9,61.67,22362,106,18,0,70.09,4.1826,13.5052
33,89.29,9.867,3.33,1335.5,78.36,17845,109,0,1,68.51,2.4571,26.8138
22,74.56,1.374,5.9,1617.9,54.81,24881,35,6,0,70.76,1.9456,12.6373
18,62.9,1.835,5.43,1624.7,58.77,32929,65,18,0,68.66,2.6227,11.5838
47,65.65,1.109,6.49,1748.7,73.29,17747,55,7,0,68.96,0.7968,10.1156
26,80.47,1.425,5.9,1174.6,49.52,12000,95,13,0,69.93,2.1276,13.639
20,59.3,2.937,5.9,1447.0,27.53,24531,31,3,0,65.58,0.7974,10.0508
47,64.08,2.258,5.83,1443.0,21.49,18119,55,7,0,68.42,0.7554,10.9914
27,62.71,2.508,5.11,1758.0,52.54,2041,52,16,0,72.85,6.4615,12.272
21,69.15,2.083,4.64,1162.6,51.83,41496,7,11,0,70.96,1.1711,14.903
42,70.33,1.162,4.47,1839.7,71.5,5633,63,17,0,72.05,1.5487,15.7338
17,68.17,2.145,5.99,1150.1,47.02,48912,49,0,0,73.04,1.9742,11.3806
28,77.43,3.022,5.67,1246.0,42.73,48033,40,2,0,65.34,0.873,13.6561
15,89.52,3.623,4.6,1538.4,107.93,12889,110,16,1,70.62,1.8183,19.4609
3,72.19,2.461,4.79,1620.4,60.85,50379,40,16,0,67.86,2.0806,15.071
41,80.07,2.511,5.17,1285.8,50.82,17009,22,7,0,75.73,1.4977,15.4874
16,81.97,2.04,5.93,1603.9,55.12,3156,83,12,0,72.72,0.9986,13.8229
11,69.12,4.801,4.98,1451.6,51.3,39935,84,14,0,70.6,1.4195,13.8795
49,57.62,7.843,5.58,1695.8,63.27,35247,62,5,0,69.38,2.1613,10.3262
28,83.81,3.279,5.38,1561.2,54.01,47692,40,2,0,66.76,0.8753,15.5781
50,56.09,2.332,5.54,1859.2,62.33,22459,21,3,0,67.46,0.894,10.1245
47,63.5,3.309,6.81,1176.4,54.89,18068,55,7,0,67.93,0.835,9.3245
2,74.59,1.939,6.17,1696.2,64.81,6702,88,17,0,63.9,1.2464,12.0891
48,76.93,1.604,4.96,1596.2,36.62,29826,115,7,0,70.37,0.8445,15.5101
15,82.28,3.168,5.71,1484.3,40.88,12635,110,16,0,71.52,1.7416,14.4098
8,68.66,2.525,4.27,1420.4,46.59,39720,98,4,0,74.19,1.7125,16.0796
44,78.1,2.014,5.44,1664.9,50.34,15419,41,3,0,74.44,4.2388,14.3566
35,71.01,1.627,5.92,1493.5,41.53,8305,57,10,0,65.76,2.0175,11.9949
35,70.65,0.959,4.98,1152.5,51.96,8202,57,10,0,66.17,2.0273,14.1867
23,55.32,5.227,4.93,1243.7,44.36,6340,25,12,0,70.36,1.5993,11.2211
17,83.87,1.345,6.48,1479.3,45.55,49193,49,0,0,73.76,1.9737,12.9429
35,49.92,1.71,4.64,1246.6,66.06,8072,57,10,0,64.92,1.9733,10.7586
48,90.18,4.261,2.03,1532.0,95.39,29626,115,7,1,71.79,1.0039,44.4236
7,76.25,6.248,6.52,1603.3,60.22,2902,118,6,0,74.9,7.5958,11.6948
8,66.89,1.919,5.23,1414.5,61.04,39597,98,4,0,73.14,1.6098,12.7897
10,64.57,3.215,4.63,1396.6,64.29,31196,81,9,0,65.29,3.2818,13.946
19,52.99,1.319,6.7,1464.2,55.37,34311,75,12,0,65.29,0.8198,7.909
16,56.05,1.765,6.52,1288.8,59.23,3115,83,12,0,71.53,0.9643,8.5966
42,58.12,2.252,5.83,1183.9,54.65,5867,63,17,0,70.98,1.4902,9.9691
23,67.95,4.035,5.44,1598.0,41.19,6540,25,12,0,70.1,1.5557,12.4908
6,85.63,1.896,7.1,1282.4,64.18,28570,71,2,0,70.56,1.2648,12.0606
31,53.27,1.549,4.71,1212.6,35.27,8537,56,3,0,71.24,1.9297,11.31
13,75.52,2.996,5.33,1810.2,50.82,47113,72,9,0,74.83,1.4142,14.1689
20,54.06,1.501,4.93,1487.2,66.8,24591,31,3,0,63.93,0.7329,10.9655
22,45.2,2.208,5.16,930.2,68.16,25022,35,6,0,67.92,1.8219,8.7597
10,74.47,1.706,5.67,1259.6,63.29,31092,81,9,0,66.06,3.1672,13.134
26,70.67,3.443,5.18,1522.1,42.58,12124,95,13,0,70.0,2.0151,13.6429
17,68.89,1.677,6.14,1169.9,45.8,48984,49,0,0,73.45,1.9467,11.2199
19,67.4,2.309,5.92,1418.6,66.73,33928,75,12,0,65.47,0.7869,11.3851
26,79.47,1.669,5.08,1672.9,62.24,12021,95,13,0,70.86,1.9472,15.6437
15,65.33,4.37,3.63,1691.5,43.66,12959,110,16,0,71.08,1.7129,17.9972
14,90.04,4.086,3.96,1507.9,87.23,32899,41,2,1,69.51,3.8617,22.7374
17,78.24,4.528,3.33,1451.4,87.05,48784,49,0,1,73.73,1.9144,23.4955
43,74.05,3.294,4.71,1825.9,41.86,22257,106,18,0,70.42,3.9909,15.7219
22,67.67,2.923,4.85,1595.6,35.5,25223,35,6,0,67.9,1.7246,13.9526
27,58.85,0.906,5.22,1416.2,57.36,2379,52,16,0,71.58,6.215,11.2739
21,67.18,1.498,6.69,1208.8,67.39,41122,7,11,0,70.67,1.1378,10.0419
23,59.69,2.676,5.9,1217.9,61.13,6614,25,12,0,69.05,1.4684,10.1169
25,69.26,12.384,4.87,1661.9,69.58,8903,25,2,1,72.07,3.0007,14.2218
29,67.96,1.091,5.21,1237.7,45.63,36774,18,13,0,72.07,1.2828,13.0441
47,78.3,1.996,5.66,1490.6,40.91,18066,55,7,0,68.87,0.7924,13.8339
33,71.21,2.411,5.47,1885.2,51.08,17453,109,0,0,68.7,2.3625,13.0183
32,70.47,1.98,5.06,1255.1,43.96,25854,56,0,0,67.24,0.7503,13.9269
43,60.18,1.071,7.1,1522.5,40.08,22147,106,18,0,69.63,3.894,8.4761
42,70.36,2.822,4.78,1046.2,45.31,5768,63,17,0,70.94,1.4319,14.7197
4,68.75,1.568,5.34,1720.2,64.17,31657,45,1,0,72.73,2.2655,12.8745
24,63.54,3.877,4.74,1465.4,35.86,2188,86,13,0,69.41,1.1888,13.4051
30,81.3,2.797,5.9,1429.8,54.69,30984,90,2,0,66.18,1.3074,13.7797
8,70.56,1.508,6.45,1548.8,33.43,39478,98,4,0,72.82,1.5579,10.9395
37,75.18,1.727,5.25,1513.4,47.31,14718,91,13,0,73.16,4.4715,14.32
37,75.08,2.17,6.02,1584.7,58.41,14530,91,13,0,73.26,4.37,12.4718
38,66.62,0.759,5.75,1379.6,69.0,28540,81,13,0,67.22,2.566,11.5861
33,88.64,1.208,5.0,1549.6,62.6,17714,109,0,0,70.03,2.3104,17.728
39,109.78,7.168,1.87,1760.3,118.53,34354,15,13,1,70.65,1.9418,58.7059
49,85.02,1.104,4.7,1351.0,50.99,34980,62,5,0,70.36,2.207,18.0894
20,58.66,1.817,6.48,1568.8,58.5,24881,31,3,0,63.28,0.6799,9.0525
14,104.87,3.869,3.01,1363.0,68.12,33057,41,2,1,72.23,3.7069,34.8405
11,91.98,3.703,6.37,1191.0,75.39,39608,84,14,0,73.27,1.3873,14.4396
41,60.55,4.68,4.41,1214.0,64.66,16699,22,7,0,74.21,1.5292,13.7302
11,68.73,4.645,4.83,1428.3,51.96,39610,84,14,0,72.77,1.4654,14.2298
7,76.25,1.709,4.95,1283.9,50.91,2743,118,6,0,75.03,7.2727,15.404
12,53.72,3.282,5.4,1506.1,58.82,32269,111,6,0,69.86,0.9459,9.9481
2,71.91,4.539,4.23,1597.6,57.11,6863,88,17,0,64.43,1.2483,17.0
28,64.99,2.32,6.38,1662.3,71.68,47805,40,2,0,66.64,0.8413,10.1865
17,64.24,1.178,4.11,1370.3,63.39,48825,49,0,0,73.21,1.9191,15.6302
50,75.33,3.813,4.14,1517.1,55.12,22108,21,3,0,68.58,1.0059,18.1957
8,81.49,2.146,6.06,1080.6,59.44,39691,98,4,0,73.78,1.4661,13.4472
14,99.36,9.836,3.79,2092.9,74.9,33105,41,2,1,74.17,3.8114,26.2164
15,77.55,3.025,5.95,1539.3,63.07,12930,110,16,0,71.51,1.6507,13.0336
4,71.85,2.396,5.53,1189.8,63.33,31820,45,1,0,72.66,2.1604,12.9928
19,72.17,2.51,5.51,1322.6,47.26,34072,75,12,0,65.99,0.7656,13.098
24,68.02,1.696,6.51,1390.7,63.75,2553,86,13,0,69.26,1.2114,10.4485
9,69.0,3.084,4.93,1260.4,81.2,28601,28,7,0,64.59,0.6328,13.9959
47,71.49,1.391,5.42,1372.4,40.45,17865,55,7,0,69.09,0.78,13.19
20,74.52,3.584,6.2,1468.5,38.01,24814,31,3,0,64.52,0.8916,12.0194
30,68.74,1.156,6.23,1248.2,34.23,30843,90,2,0,66.35,1.3173,11.0337
43,75.9,3.33,5.11,1311.5,30.43,22160,106,18,0,70.08,3.7418,14.8532
26,70.25,2.007,6.22,1793.1,59.77,11860,95,13,0,70.81,1.8701,11.2942
19,55.29,4.071,6.24,1585.7,66.68,33982,75,12,0,65.22,0.9115,8.8606
41,72.02,1.908,5.69,1689.5,43.38,17027,22,7,0,74.01,1.4882,12.6573
13,65.36,2.303,7.35,1307.3,63.41,46881,72,9,0,73.97,1.3433,8.8925
32,69.18,2.877,3.8,1754.8,70.87,25869,56,0,0,67.43,0.751,18.2053
28,70.09,1.6,5.26,1417.9,43.67,47653,40,2,0,66.87,0.8371,13.3251
21,67.1,3.155,5.04,1295.1,71.94,41199,7,11,0,70.42,1.1262,13.3135
6,63.83,1.398,4.98,1423.3,76.82,28555,71,2,0,69.88,1.2264,12.8173
5,79.52,2.137,3.96,1651.8,52.42,31125,49,5,0,68.93,5.1185,20.0808
50,84.69,2.607,2.79,1626.4,87.83,22447,21,3,1,70.59,0.9324,30.3548
17,62.77,1.881,5.62,1624.6,50.29,49137,49,0,0,72.66,1.8864,11.169
37,61.23,1.788,5.73,1085.7,66.41,14597,91,13,0,72.66,4.2842,10.6859
2,66.22,1.432,4.94,1451.6,57.11,6622,88,17,0,64.54,1.2941,13.4049
45,59.38,2.677,4.11,1239.1,76.66,1196,30,11,0,69.39,1.5802,14.4477
44,70.25,3.691,5.51,1556.7,51.73,15195,41,3,0,74.06,4.0225,12.7495
40,56.72,4.798,6.34,1304.1,63.3,39235,23,8,0,72.99,1.5821,8.9464
15,67.73,2.792,6.6,1220.3,45.35,12851,110,16,0,71.27,1.5965,10.2621
37,62.44,1.376,4.67,1899.7,59.41,14504,91,13,0,72.18,4.2138,13.3704
16,74.36,1.737,4.85,1750.4,67.17,3125,83,12,0,71.72,0.934,15.332
21,66.99,8.353,5.0,2022.4,96.2,41351,7,11,1,70.19,1.9207,13.398
17,73.63,1.911,5.51,1505.3,30.53,48932,49,0,0,72.71,1.8537,13.363
22,96.88,3.324,3.0,1847.4,79.46,25282,35,6,1,70.53,1.6556,32.2933
43,57.45,2.792,5.97,1007.7,64.51,22200,106,18,0,69.24,3.611,9.6231
13,62.35,2.15,5.39,1196.6,57.1,46802,72,9,0,73.0,1.2848,11.5677
25,64.47,3.095,5.06,1349.2,43.34,8756,25,2,0,71.43,2.8847,12.7411
44,77.43,2.226,6.49,1413.4,54.41,15563,41,3,0,74.34,3.8502,11.9307
16,63.73,2.045,4.5,1256.5,59.74,3413,83,12,0,71.22,0.9024,14.1622
47,82.76,3.738,6.41,1539.0,64.91,17863,55,7,0,70.14,0.8879,12.9111
28,83.49,1.494,3.87,1381.5,57.93,48043,40,2,0,67.9,0.8368,21.5736
9,75.96,2.156,5.15,1600.1,45.06,28629,28,7,0,65.85,0.594,14.7495
32,62.2,2.467,5.5,1522.6,60.31,26123,56,0,0,66.96,0.7184,11.3091
23,79.69,2.116,6.79,1759.8,57.34,6319,25,12,0,70.02,1.4117,11.7364
3,76.69,2.235,4.68,1107.7,68.81,50150,40,16,0,68.44,2.0274,16.3868
40,67.04,1.345,5.77,1244.9,79.59,39101,23,8,0,72.4,1.5753,11.6187
3,75.05,1.264,4.99,1592.7,63.66,50052,40,16,0,68.86,2.0252,15.0401
39,79.8,5.212,5.16,1207.9,40.32,33964,15,13,0,71.48,1.9621,15.4651
16,66.41,1.584,6.25,1268.5,40.79,3139,83,12,0,70.94,0.8818,10.6256
15,72.2,2.159,4.85,1439.7,55.4,12624,110,16,0,71.33,1.5617,14.8866
39,84.63,2.192,6.3,1842.4,68.81,34220,15,13,0,72.57,1.8922,13.4333
5,58.54,1.914,5.31,1931.3,65.94,31145,49,5,0,68.06,4.8936,11.0245
30,76.82,2.824,4.7,1315.9,36.4,30640,90,2,0,67.0,1.2745,16.3447
15,61.12,2.17,6.2,1211.5,65.62,12774,110,16,0,70.76,1.5282,9.8581
21,52.19,2.506,5.03,1572.4,51.59,41165,7,11,0,69.06,1.8558,10.3757
30,93.7,7.353,5.98,2113.4,95.0,30794,90,2,1,68.57,1.6946,15.6689
11,73.28,1.007,4.45,1257.6,51.57,39680,84,14,0,72.82,1.497,16.4674
22,74.39,3.959,5.05,1256.8,44.76,25062,35,6,0,70.85,1.6293,14.7307
16,58.18,1.109,5.1,1878.9,84.26,3109,83,12,0,70.23,0.8836,11.4078
10,51.18,3.405,5.12,1488.1,59.75,31148,81,9,0,64.91,3.0326,9.9961
25,68.05,1.284,5.37,1239.8,61.11,9105,25,2,0,71.17,2.8831,12.6723
50,72.32,1.568,4.4,1498.5,43.9,22411,21,3,0,70.79,0.9253,16.4364
47,72.85,0.949,4.92,1372.1,49.85,17882,55,7,0,70.33,0.9105,14.8069
2,76.36,2.685,5.53,1481.2,36.38,7049,88,17,0,65.24,1.259,13.8083
30,88.22,8.659,3.09,1074.9,93.83,30769,90,2,1,69.66,2.1401,28.5502
2,75.1,1.968,5.95,1398.4,71.19,6964,88,17,0,65.79,1.2534,12.6218
50,68.06,1.591,6.07,1140.4,35.37,22302,21,3,0,70.51,0.9085,11.2125
44,74.57,0.786,3.91,1398.3,56.22,15407,41,3,0,74.36,3.7517,19.0716
26,71.87,3.04,6.28,1359.8,70.71,11989,95,13,0,70.89,1.7927,11.4443
19,68.25,2.188,4.63,1618.7,46.42,33993,75,12,0,65.42,0.8784,14.7408
5,67.71,3.955,5.63,1254.3,42.87,31404,49,5,0,68.03,4.6919,12.0266
21,69.21,3.584,5.42,1811.1,37.94,41224,7,11,0,69.07,1.8121,12.7694
30,62.35,3.974,5.66,1533.8,40.08,30800,90,2,0,69.28,2.088,11.0159
1,61.84,0.838,5.77,1662.9,51.23,2266,74,9,0,66.89,1.6856,10.7175
8,61.13,1.289,5.95,1126.5,45.46,39783,98,4,0,72.52,1.441,10.2739
15,65.99,2.524,5.32,1526.0,50.94,12853,110,16,0,70.51,1.4887,12.4041
26,102.91,7.299,2.27,906.8,67.5,12034,95,13,1,73.18,2.109,45.3348
10,74.27,5.545,6.8,1388.6,54.85,30896,81,9,0,65.58,2.9763,10.9221
6,78.02,2.398,5.6,1941.8,66.84,28542,71,2,0,70.62,1.1648,13.9321
19,68.12,2.462,5.33,1461.1,86.66,33898,75,12,0,65.59,0.8511,12.7805
49,63.77,1.416,4.03,1176.9,57.73,35025,62,5,0,69.97,2.2128,15.8238
6,89.07,7.58,3.16,1184.6,50.67,28450,71,2,1,72.16,1.9021,28.1867
8,72.7,2.076,6.84,1248.8,68.09,39643,98,4,0,72.54,1.3716,10.6287
45,74.09,2.603,4.43,1405.0,60.4,982,30,11,0,69.86,1.4913,16.7246
27,75.2,1.181,5.1,1434.3,32.76,2239,52,16,0,71.88,5.9813,14.7451
48,64.81,2.961,4.66,1114.9,56.3,29734,115,7,0,71.32,0.9868,13.9077
28,63.89,2.622,6.39,1484.5,61.52,47672,40,2,0,67.67,0.814,9.9984
46,82.07,2.499,5.92,1388.0,45.76,11350,19,9,0,71.96,1.0983,13.8632
25,71.66,3.053,4.75,1378.1,42.55,8970,25,2,0,71.21,2.7824,15.0863
28,60.25,1.628,5.62,1233.4,70.67,47681,40,2,0,67.26,0.8063,10.7206
18,62.56,1.946,5.06,1446.8,50.62,32760,65,18,0,68.31,2.5547,12.3636
34,70.05,3.539,6.25,1562.2,48.12,36847,12,19,0,71.65,1.6279,11.208
35,73.88,1.08,5.72,1178.4,67.8,8287,57,10,0,65.56,1.9569,12.9161
49,61.12,2.182,5.19,1284.5,51.29,35122,62,5,0,69.48,2.1743,11.7765
11,49.67,2.052,4.09,1405.3,56.75,39739,84,14,0,70.72,1.4315,12.1443
2,62.21,2.189,5.41,1384.7,50.32,6589,88,17,0,65.6,1.2357,11.4991
36,84.48,3.171,6.94,1464.4,42.32,32472,32,13,0,74.67,1.7611,12.1729
21,47.77,3.102,7.13,1584.7,71.67,41431,7,11,0,67.89,1.7609,6.6999
36,82.26,2.326,7.07,1472.5,59.96,32528,32,13,0,75.36,1.6772,11.6351
32,64.45,3.531,6.29,1107.2,65.86,26225,56,0,0,66.75,0.7872,10.2464
16,71.57,0.924,5.05,1345.3,35.99,3240,83,12,0,70.3,0.8932,14.1723
10,56.46,2.198,4.81,1693.3,43.6,31165,81,9,0,64.97,2.8857,11.738
47,61.13,1.725,5.71,1540.9,41.16,17848,55,7,0,69.72,0.8815,10.7058
10,69.84,4.594,5.69,1471.6,75.12,31167,81,9,0,65.28,2.8051,12.2742
32,110.6,8.928,2.22,1043.5,86.59,26193,56,0,1,70.12,1.9869,49.8198
14,72.98,1.474,5.93,1675.2,66.62,33216,41,2,0,74.09,3.7915,12.3069
6,72.09,1.25,6.68,1935.5,63.8,28311,71,2,0,72.15,1.8636,10.7919
9,86.59,8.897,4.17,2317.2,81.34,28560,28,7,1,67.93,2.2445,20.765
42,61.73,2.991,3.67,1395.3,39.95,5654,63,17,0,70.32,1.3812,16.8202
17,90.78,2.811,5.49,1470.1,60.59,48852,49,0,0,73.57,1.8072,16.5355
3,69.0,4.743,6.24,1282.5,41.98,49936,40,16,0,68.87,1.9965,11.0577
4,66.08,5.033,7.25,1694.0,62.04,31466,45,1,0,72.15,2.183,9.1145
9,67.7,3.974,4.24,1706.6,54.11,28759,28,7,0,67.91,2.1631,15.967
49,61.69,1.693,5.74,1367.0,42.22,34831,62,5,0,69.07,2.1562,10.7474
42,63.34,2.396,4.15,1491.7,88.85,5936,63,17,0,69.89,1.3376,15.2627
44,60.98,1.609,6.98,1601.0,40.05,15379,41,3,0,73.4,3.6267,8.7364
50,74.25,3.109,6.19,1103.5,48.17,22337,21,3,0,70.85,0.8947,11.9952
34,72.93,4.267,5.22,1305.3,89.76,36805,12,19,1,71.76,1.584,13.9713
26,68.17,2.651,5.87,1539.2,71.34,12011,95,13,0,72.85,2.0352,11.6133
19,86.83,3.625,4.84,1800.4,71.75,33907,75,12,1,66.84,0.8921,17.9401
14,53.82,0.806,4.6,1498.5,54.45,32874,41,2,0,72.82,3.8016,11.7
2,76.22,2.71,4.38,1429.2,58.47,6865,88,17,0,66.13,1.2051,17.4018
49,61.8,2.068,6.34,1327.2,52.55,35032,62,5,0,68.71,2.1218,9.7476
43,61.22,2.736,4.31,1646.4,72.35,22262,106,18,0,68.74,3.4939,14.2042
10,106.45,4.887,1.98,1539.9,87.5,31214,81,9,1,67.7,2.7389,53.7626
48,71.14,3.121,5.19,1343.9,47.64,30001,115,7,0,71.31,0.9775,13.7071
5,68.33,2.121,5.02,1465.7,57.66,31341,49,5,0,68.05,4.5158,13.6116
1,76.38,3.832,4.62,1550.0,77.42,2511,74,9,0,67.68,1.645,16.5325
26,63.81,0.989,5.17,1194.5,42.39,12111,95,13,0,72.28,2.0321,12.3424
45,61.47,2.092,5.19,1509.1,41.81,1113,30,11,0,69.09,1.4181,11.8439
15,64.96,2.482,6.08,1615.5,58.21,12641,110,16,0,70.23,1.4528,10.6842
46,75.88,2.785,3.84,1668.6,57.99,11170,19,9,0,72.39,1.0547,19.7604
6,80.7,2.115,5.55,1426.5,54.19,28501,71,2,0,72.76,1.7946,14.5405
46,81.47,3.416,6.87,1473.0,57.99,11098,19,9,0,73.3,1.0722,11.8588
11,71.92,2.916,5.08,1333.2,81.76,39933,84,14,0,70.82,1.3681,14.1575
8,57.93,1.568,5.54,1466.1,57.8,39518,98,4,0,71.32,1.3304,10.4567
14,73.39,2.518,5.57,1469.7,48.7,32762,41,2,0,72.85,3.7161,13.1759
12,69.98,2.954,4.74,1465.2,83.43,32241,111,6,0,69.88,0.9303,14.7637
39,74.63,1.439,6.19,1489.3,62.11,34248,15,13,0,72.73,1.8688,12.0565
38,70.52,2.411,6.16,1433.0,50.97,28232,81,13,0,67.55,2.4218,11.4481
15,72.23,1.988,5.64,1186.3,40.77,12545,110,16,0,70.33,1.4307,12.8067
17,75.19,3.832,6.46,1633.6,48.96,48895,49,0,0,73.64,1.7728,11.6393
10,85.93,4.253,5.46,1505.9,35.52,30995,81,9,0,68.71,2.6628,15.7381
34,62.49,3.484,5.54,959.5,68.36,36827,12,19,0,70.99,1.5125,11.2798
2,74.81,2.462,3.82,1435.1,49.97,7004,88,17,0,66.54,1.1811,19.5838
46,68.28,1.673,6.51,1474.4,45.43,11252,19,9,0,72.84,1.0332,10.4885
17,59.13,6.206,6.17,1286.8,71.82,48746,49,0,0,73.01,1.8549,9.5835
37,76.71,1.811,6.12,1508.0,85.94,14719,91,13,0,72.38,4.1349,12.5343
28,66.93,1.035,5.83,1691.0,52.41,47631,40,2,0,67.24,0.8341,11.4803
10,78.45,4.195,5.26,1591.1,50.25,31288,81,9,0,69.23,2.5919,14.9144
50,68.98,0.9,5.91,1516.5,45.73,22416,21,3,0,70.7,0.9547,11.6717
12,63.71,1.155,5.81,1283.6,39.23,32324,111,6,0,69.26,0.9359,10.9656
23,64.06,3.282,4.65,1256.8,58.55,6631,25,12,0,69.52,1.353,13.7763
5,70.55,1.877,4.17,1693.0,50.53,31459,49,5,0,68.22,4.3621,16.9185
16,77.13,3.879,5.26,1336.2,40.07,3321,83,12,0,70.64,0.9716,14.6635
3,60.92,2.25,5.7,1124.0,51.87,50281,40,16,0,68.42,1.9522,10.6877
30,65.39,2.588,6.74,1639.4,38.54,30926,90,2,0,69.08,2.0371,9.7018
50,77.82,1.965,5.23,1456.4,74.09,22221,21,3,0,71.24,0.9177,14.8795
12,66.5,4.99,4.4,1639.9,66.27,32277,111,6,0,69.01,1.2474,15.1136
34,74.76,3.066,6.11,1426.0,76.86,36737,12,19,0,71.28,1.4488,12.2357
16,87.57,9.224,3.71,1339.1,98.54,3358,83,12,1,71.45,1.8323,23.6038
30,61.79,1.94,4.42,1180.2,57.98,30959,90,2,0,68.74,2.0039,13.9796
37,68.47,2.114,6.03,1790.1,50.67,14732,91,13,0,72.21,4.0542,11.3549
21,67.14,2.004,5.26,1715.0,74.68,41605,7,11,0,67.85,1.7187,12.7643
37,66.61,1.079,5.82,1194.6,63.13,14602,91,13,0,71.98,4.0004,11.445
28,74.18,1.098,4.93,1335.7,36.57,47993,40,2,0,67.59,0.8494,15.0467
32,69.87,1.421,6.08,1358.6,34.2,26024,56,0,0,70.1,1.9447,11.4918
50,59.57,2.374,6.02,1024.4,48.85,22244,21,3,0,70.41,0.8824,9.8953
25,65.54,1.343,4.46,1394.3,61.46,8793,25,2,0,70.83,2.7655,14.6951
18,65.61,7.11,6.38,1623.5,45.19,32787,65,18,0,68.16,2.6587,10.2837
7,67.14,2.951,5.63,1253.2,64.55,2870,118,6,0,74.37,6.9521,11.9254
3,62.08,2.735,4.75,1411.2,60.71,50279,40,16,0,68.09,1.9006,13.0695
35,76.5,1.981,5.27,1701.5,66.37,8289,57,10,0,66.29,1.8965,14.5161
7,69.18,5.07,4.66,1249.6,52.53,2948,118,6,0,73.97,6.6578,14.8455
26,64.86,2.305,6.48,1242.1,64.03,11889,95,13,0,71.84,1.9731,10.0093
23,66.32,0.492,6.19,1247.2,57.88,6243,25,12,0,69.28,1.4506,10.7141
23,80.11,0.67,5.81,1584.2,50.39,6372,25,12,0,70.05,1.4921,13.7883
3,62.15,2.629,5.06,1305.3,59.73,50222,40,16,0,67.79,1.8543,12.2826
37,70.01,1.774,5.38,1623.2,70.34,14404,91,13,0,72.52,3.986,13.013
44,71.22,3.197,6.35,1417.5,61.01,15652,41,3,0,73.26,3.4951,11.2157
10,71.65,1.313,6.02,1414.2,41.5,31358,81,9,0,69.35,2.5737,11.902
44,99.99,6.313,2.17,1727.7,61.87,15167,41,3,1,74.93,3.4759,46.0783
24,57.05,2.568,5.84,1486.7,53.59,2422,86,13,0,68.04,1.1495,9.7688
17,65.65,1.618,6.56,1339.1,51.04,49010,49,0,0,72.7,1.8413,10.0076
5,66.39,1.576,6.17,1476.8,66.71,31299,49,5,0,68.11,4.2286,10.7601
13,80.47,2.704,7.04,1370.5,65.39,46987,72,9,0,73.58,1.2318,11.4304
8,71.23,1.288,4.78,1414.5,50.29,39911,98,4,0,71.31,1.307,14.9017
45,81.43,1.142,4.73,1629.2,54.41,1099,30,11,0,70.12,1.399,17.2156
7,62.23,2.059,5.01,1589.5,29.54,2805,118,6,0,73.13,6.4317,12.4212
2,74.97,3.41,6.32,1150.3,28.57,6612,88,17,0,66.92,1.1559,11.8623
46,61.73,2.152,4.73,1504.4,77.29,11102,19,9,0,71.92,0.9853,13.0507
8,68.65,0.88,4.63,1597.2,58.25,39709,98,4,0,71.12,1.3089,14.8272
45,58.74,1.989,6.62,1488.4,92.8,1190,30,11,0,69.25,1.3419,8.8731
25,47.2,1.385,5.33,1593.6,45.44,9079,25,2,0,69.35,2.7386,8.8555
44,50.86,5.623,5.79,1106.3,61.99,15422,41,3,0,73.51,3.4156,8.7841
35,67.95,4.898,6.08,1546.5,43.04,8521,57,10,0,66.39,1.912,11.176
33,66.73,1.906,5.8,1709.9,75.8,17696,109,0,0,69.83,2.2394,11.5052
47,70.48,1.832,5.17,1547.7,37.68,18127,55,7,0,69.77,0.8531,13.6325
12,66.38,2.708,4.78,1262.9,51.07,32255,111,6,0,68.79,1.1938,13.887
32,73.48,2.247,4.98,1493.0,63.42,26303,56,0,0,70.33,1.8778,14.755
26,65.7,7.017,6.06,1465.0,53.5,12137,95,13,0,71.5,2.1484,10.8416
32,69.19,0.721,6.1,1646.0,67.22,26085,56,0,0,70.26,1.879,11.3426
36,85.31,6.387,4.4,1714.9,45.28,32447,32,13,0,76.19,1.91,19.3886
2,72.13,3.225,5.23,1355.4,59.83,6866,88,17,0,67.15,1.1301,13.7916
27,61.46,2.067,5.48,1928.6,61.31,2310,52,16,0,71.08,5.7459,11.2153
15,67.43,0.688,4.42,1321.9,44.68,12619,110,16,0,70.19,1.4725,15.2557
18,78.35,2.309,3.72,1064.4,56.09,32823,65,18,0,68.69,2.5929,21.0618
36,66.64,1.153,4.91,1928.2,54.38,32394,32,13,0,75.46,1.9044,13.5723
13,62.29,1.053,5.41,1045.4,58.29,47084,72,9,0,72.77,1.2443,11.5139
41,63.34,5.296,4.16,1319.4,51.56,16923,22,7,0,73.12,1.5774,15.226
18,57.17,6.346,2.98,1791.3,87.14,32927,65,18,1,68.12,2.6197,19.1846
27,73.56,1.998,4.62,1098.6,53.59,1993,52,16,0,71.25,5.5377,15.9221
23,85.84,4.315,3.13,1775.1,47.63,6563,25,12,1,71.1,1.5105,27.4249
40,60.76,1.79,5.38,1203.4,60.85,39361,23,8,0,71.34,1.5243,11.2937
50,60.52,1.3,5.93,1455.8,43.33,22182,21,3,0,69.75,0.8849,10.2057
12,60.7,1.653,4.81,1334.5,50.07,32559,111,6,0,68.17,1.1606,12.6195
8,63.11,1.373,6.09,1599.2,50.69,39542,98,4,0,70.59,1.2777,10.3629
48,77.5,4.362,6.74,1642.2,53.72,29696,115,7,0,71.67,1.0693,11.4985
34,78.6,0.684,4.92,1288.0,68.51,36862,12,19,0,71.8,1.5476,15.9756
26,67.34,2.813,4.98,1642.9,55.42,11935,95,13,0,71.28,2.089,13.5221
42,75.66,6.542,5.9,1449.9,54.39,5941,63,17,0,70.23,1.589,12.8237
50,59.87,1.967,4.99,1650.3,46.42,22109,21,3,0,69.13,0.8566,11.998
10,62.8,7.0,5.34,1359.5,52.76,30913,81,9,0,69.04,2.6237,11.7603
29,59.76,2.602,5.77,1637.6,45.25,36879,18,13,0,70.54,1.1905,10.357
24,65.53,7.113,4.5,1475.8,68.42,2203,86,13,0,67.81,1.6658,14.5622
23,77.38,1.416,5.35,1657.9,40.96,6460,25,12,0,71.5,1.4911,14.4636
31,64.32,0.954,6.12,1489.7,58.89,8405,56,3,0,70.66,1.9363,10.5098
25,68.33,7.323,6.21,1642.4,59.29,8801,25,2,0,69.29,2.798,11.0032
32,75.97,1.289,5.85,1508.2,41.02,26179,56,0,0,70.59,1.8451,12.9863
28,67.29,3.361,6.29,1291.5,45.17,47753,40,2,0,67.57,0.8685,10.6979
3,61.83,2.318,4.49,1696.5,47.18,50173,40,16,0,67.51,1.817,13.7706
18,74.88,2.026,6.69,1578.4,62.08,32851,65,18,0,68.44,2.5699,11.1928
30,62.83,1.823,5.55,1464.2,58.95,30641,90,2,0,68.47,1.975,11.3207
32,65.87,2.893,4.45,1282.6,59.98,26010,56,0,0,70.33,1.7927,14.8022
7,75.01,1.292,6.16,1511.8,49.88,2938,118,6,0,73.26,6.2492,12.1769
10,63.69,1.495,6.34,1631.0,50.73,31187,81,9,0,68.79,2.6012,10.0457
42,52.89,3.488,5.56,1589.1,57.78,5721,63,17,0,69.26,1.5464,9.5126
21,62.84,1.661,5.26,1332.3,63.27,41310,7,11,0,67.6,1.6877,11.9468
10,55.28,1.868,5.76,1207.1,39.26,31131,81,9,0,68.2,2.5653,9.5972
43,67.03,2.043,5.1,1178.8,72.01,22499,106,18,0,68.64,3.4002,13.1431
33,74.09,0.762,5.21,1753.6,68.13,17707,109,0,0,70.08,2.213,14.2207
40,81.42,3.843,4.76,1187.6,42.32,39422,23,8,0,72.18,1.4906,17.105
47,68.03,6.648,6.3,1888.0,58.28,17729,55,7,0,69.67,1.3937,10.7984
41,61.84,1.276,5.3,1491.5,60.65,17037,22,7,0,72.26,1.5934,11.6679
42,84.56,1.362,4.84,1793.7,64.07,5521,63,17,0,70.07,1.549,17.4711
38,58.91,5.689,7.08,1024.7,49.31,28459,81,13,0,66.76,2.4651,8.3206
12,66.52,3.23,6.63,1556.9,50.94,32625,111,6,0,68.05,1.1411,10.0332
11,61.61,2.319,5.56,1537.4,72.74,39669,84,14,0,70.11,1.3125,11.0809
44,56.13,2.259,5.15,1192.8,50.5,15227,41,3,0,72.55,3.3238,10.899
43,94.72,9.555,4.14,1727.6,98.01,22461,106,18,1,70.09,3.6063,22.8792
18,63.4,1.553,5.16,1139.5,59.2,33000,65,18,0,68.21,2.5354,12.2868
17,65.28,1.067,4.99,1579.7,38.77,48799,49,0,0,72.63,1.8861,13.0822
50,77.14,1.96,4.25,1454.4,45.45,22124,21,3,0,69.6,0.831,18.1506
6,66.97,2.448,4.95,1219.8,40.79,28421,71,2,0,72.38,1.7294,13.5293
7,72.35,1.164,4.23,1696.4,54.4,2689,118,6,0,73.2,6.0844,17.104
50,60.91,0.825,5.32,1354.0,56.69,22211,21,3,0,69.12,0.8653,11.4492
35,67.35,2.216,4.35,1716.8,48.08,8450,57,10,0,66.45,1.8576,15.4828
20,61.33,1.536,5.08,1763.8,51.53,24976,31,3,0,64.2,0.8492,12.0728
2,103.23,9.796,3.98,2198.0,56.15,6872,88,17,1,68.65,1.7688,25.9372
31,64.25,1.468,4.59,1329.0,65.19,8492,56,3,0,70.17,1.8943,13.9978
32,54.63,2.05,6.07,1833.1,52.95,26065,56,0,0,69.5,1.7453,9.0
32,73.17,5.835,5.34,1448.0,50.96,26112,56,0,0,69.69,1.8569,13.7022
5,80.74,2.89,5.56,1719.1,46.41,31342,49,5,0,68.85,4.0944,14.5216
26,71.63,2.329,5.71,1475.7,60.48,11902,95,13,0,71.3,2.0404,12.5447
29,71.47,3.348,4.84,1764.4,54.72,36734,18,13,0,70.64,1.1578,14.7665
4,66.45,1.887,4.97,1617.8,43.87,31438,45,1,0,71.75,2.1088,13.3702
35,62.58,4.088,5.57,1789.1,67.26,8242,57,10,0,66.24,1.8271,11.2352
11,67.72,2.359,5.18,1292.7,46.9,39642,84,14,0,69.94,1.2626,13.0734
30,58.05,1.971,5.87,1378.5,50.45,30944,90,2,0,68.02,1.943,9.8893
8,74.63,2.68,4.91,1603.5,40.59,39600,98,4,0,70.84,1.2426,15.1996
41,72.06,4.125,5.02,1231.0,55.61,16699,22,7,0,72.24,1.5619,14.3546
44,74.06,4.964,5.51,1707.7,55.84,15356,41,3,0,72.63,3.2527,13.441
6,64.9,1.354,5.58,1791.4,58.31,28440,71,2,0,71.91,1.6964,11.6308
29,71.83,3.997,3.85,1171.6,38.23,37060,18,13,0,70.76,1.1894,18.6571
42,64.9,4.127,3.58,1665.4,45.83,5690,63,17,0,69.81,1.532,18.1285
49,68.36,1.82,3.99,1475.8,31.93,34928,62,5,0,68.69,2.0965,17.1328
50,69.23,5.676,4.72,1335.8,50.6,22131,21,3,0,69.13,1.1773,14.6674
39,82.42,1.816,2.54,2041.3,90.66,34140,15,13,1,73.42,1.8216,32.4488
8,72.21,1.475,6.28,1808.7,61.84,39775,98,4,0,70.92,1.2141,11.4984
13,76.69,3.131,7.17,1313.5,59.16,46790,72,9,0,73.03,1.2143,10.696
24,67.58,3.047,5.57,1540.4,63.65,2290,86,13,0,67.79,1.5902,12.1329
4,73.42,5.031,5.88,1599.2,51.66,31578,45,1,0,71.86,2.123,12.4864
21,78.88,1.048,6.31,1472.0,60.09,41159,7,11,0,68.14,1.68,12.5008
46,63.97,2.1,4.46,1605.4,71.04,11149,19,9,0,71.31,0.9439,14.343
42,60.64,3.298,6.2,1059.5,52.03,5619,63,17,0,69.37,1.4949,9.7806
16,62.98,1.51,4.72,1115.9,73.26,2997,83,12,0,71.06,1.7977,13.3432
44,66.7,3.59,5.53,1210.2,55.75,15396,41,3,0,72.33,3.1662,12.0615
11,69.91,1.497,7.0,1645.9,40.4,39787,84,14,0,69.94,1.2484,9.9871
27,68.2,3.747,6.38,1265.6,49.66,1995,52,16,0,71.05,5.3366,10.6897
29,76.77,4.759,6.42,1295.6,42.59,36700,18,13,0,71.3,1.2948,11.9579
8,69.66,2.582,4.99,1467.0,56.45,39497,98,4,0,70.85,1.1831,13.9599
7,70.92,1.859,5.89,1837.4,48.14,2912,118,6,0,73.07,5.9139,12.0407
5,80.46,2.491,5.86,1555.1,60.59,31357,49,5,0,69.5,3.9732,13.7304
49,66.72,2.198,4.33,1494.2,58.72,35227,62,5,0,68.6,2.0599,15.4088
1,61.68,2.078,4.98,1334.9,57.84,2726,74,9,0,67.22,1.585,12.3855
45,56.82,1.688,5.96,1213.4,60.28,1321,30,11,0,68.36,1.2983,9.5336
30,67.03,1.297,6.07,1686.2,47.74,30949,90,2,0,67.97,1.9324,11.0428
49,75.4,1.552,4.47,1407.4,56.03,35280,62,5,0,68.9,2.0442,16.868
38,60.3,2.02,5.57,1480.9,64.09,28394,81,13,0,66.22,2.3672,10.8259
17,69.82,2.409,6.66,1670.9,58.15,48863,49,0,0,71.6,1.7005,10.4835
29,50.0,7.838,2.41,1751.4,96.37,37110,18,13,1,69.53,1.898,20.7469
47,56.41,3.161,5.81,1295.6,84.08,18004,55,7,0,68.93,1.3675,9.7091
50,72.33,2.121,5.51,1690.2,53.66,22307,21,3,0,69.29,1.1464,13.127
13,67.5,3.919,5.56,1306.1,61.21,46687,72,9,0,72.69,1.2302,12.1403
22,74.83,1.31,4.87,1472.5,49.14,25334,35,6,0,71.16,1.6054,15.3655
19,70.17,1.815,4.27,1697.4,70.04,34278,75,12,0,67.03,0.873,16.4333
49,59.81,3.901,6.86,1289.2,42.06,35279,62,5,0,68.52,2.0045,8.7187
25,57.95,1.403,5.11,1745.2,56.9,8827,25,2,0,68.66,2.7754,11.3405
35,69.73,0.895,4.95,1770.7,37.14,8517,57,10,0,66.42,1.8332,14.0869
26,85.02,2.681,5.25,1247.3,36.64,12069,95,13,1,71.95,1.9904,16.1943
44,65.78,2.202,4.64,1616.9,55.52,15456,41,3,0,72.02,3.0971,14.1767
15,70.75,1.268,5.66,1508.5,59.86,12659,110,16,0,70.22,1.4728,12.5
33,68.51,2.18,4.51,1323.3,41.01,17513,109,0,0,69.99,2.1481,15.1907
30,68.34,4.35,5.16,1178.3,49.12,30777,90,2,0,68.35,1.9445,13.2442
35,75.57,2.056,5.23,1576.2,48.1,8068,57,10,0,66.88,1.7916,14.4493
23,61.81,1.055,5.19,1450.5,57.52,6321,25,12,0,70.93,1.4895,11.9094
32,59.98,0.861,5.78,1116.4,51.52,25885,56,0,0,69.22,1.8514,10.3772
20,79.31,3.201,6.45,1481.6,52.66,25008,31,3,0,65.58,0.8988,12.2961
15,60.58,2.098,4.93,1410.7,58.01,12634,110,16,0,69.82,1.4459,12.288
35,58.36,2.326,5.53,1446.8,60.39,8215,57,10,0,66.47,1.7486,10.5533
42,72.99,2.244,6.35,1367.5,67.45,5983,63,17,0,69.54,1.4675,11.4945
26,86.76,20.75,4.32,1944.6,59.26,11825,95,13,1,72.63,4.2468,20.0833
12,76.63,3.039,7.16,1151.7,59.36,32261,111,6,0,68.62,1.1124,10.7025
5,59.67,2.095,5.88,1350.8,40.09,31357,49,5,0,68.98,3.8653,10.148
44,67.93,1.192,6.97,1691.7,52.21,15487,41,3,0,71.83,3.0569,9.7461
13,59.74,3.782,6.62,1424.2,40.31,46998,72,9,0,71.92,1.2292,9.0242
36,79.82,2.918,5.15,1691.7,37.46,32487,32,13,0,75.77,1.8297,15.499
20,90.53,1.128,3.61,1908.7,63.86,24733,31,3,1,67.66,0.8931,25.0776
41,58.5,4.766,3.8,1407.7,45.49,16818,22,7,0,71.33,1.5689,15.3947
24,61.91,2.175,5.8,1466.2,72.08,2271,86,13,0,67.34,1.5538,10.6741
23,63.8,2.335,5.63,1291.6,44.9,6434,25,12,0,70.53,1.4454,11.3321
33,57.81,1.341,4.86,1498.4,74.81,17870,109,0,0,69.35,2.1034,11.8951
44,66.0,1.458,4.3,1153.8,23.43,15375,41,3,0,71.58,3.0098,15.3488
33,71.6,2.952,5.71,1841.9,61.5,17736,109,0,0,69.46,2.051,12.5394
18,69.7,1.514,6.48,1517.9,58.98,33202,65,18,0,68.27,2.5025,10.7562
11,61.4,1.775,5.79,1298.0,59.96,39816,84,14,0,69.4,1.2199,10.6045
10,62.5,1.76,5.89,1705.5,47.46,31365,81,9,0,67.97,2.5332,10.6112
10,70.51,2.489,5.47,1149.0,71.17,31172,81,9,0,68.75,2.5364,12.8903
11,77.26,4.589,4.76,1851.2,58.95,39719,84,14,0,69.86,1.2889,16.2311
8,69.51,6.524,5.23,1373.6,58.23,39488,98,4,0,70.78,1.5286,13.2906
49,78.03,1.759,5.43,1690.6,34.65,35007,62,5,0,69.65,2.014,14.3702
3,62.9,3.925,4.26,1475.0,67.78,50113,40,16,0,67.3,1.7812,14.7653
16,75.75,1.407,6.15,1427.8,77.06,3425,83,12,0,71.26,1.7671,12.3171
45,75.03,2.207,4.85,1573.1,62.4,981,30,11,0,68.8,1.2511,15.4701
27,61.28,2.869,5.42,1417.0,71.31,2212,52,16,0,70.44,5.1583,11.3063
41,85.34,6.184,4.81,1343.5,37.44,16867,22,7,0,72.2,1.6933,17.7422
27,56.4,2.044,4.43,1402.6,53.1,2099,52,16,0,69.61,5.0067,12.7314
44,64.55,1.856,5.56,1233.3,62.26,15401,41,3,0,71.29,2.9557,11.6097
39,70.87,1.553,6.91,1673.4,49.83,34337,15,13,0,73.25,1.7887,10.2562
29,65.41,1.845,5.19,1764.7,65.25,36905,18,13,0,69.21,1.8591,12.6031
18,63.88,1.712,6.08,1491.9,65.49,33146,65,18,0,68.09,2.4649,10.5066
42,79.51,1.815,5.87,1294.1,70.82,5607,63,17,0,69.97,1.4533,13.5451
23,59.42,11.795,6.05,1235.4,48.41,6307,25,12,0,69.95,2.5596,9.8215
34,66.58,5.196,5.03,1319.8,69.59,37136,12,19,0,71.45,1.5923,13.2366
30,64.87,4.908,4.02,1254.5,75.92,30819,90,2,0,68.41,1.9363,16.1368
37,66.3,2.558,5.12,1720.8,53.39,14513,91,13,0,72.16,3.9902,12.9492
11,63.67,3.183,7.14,1463.0,70.9,39790,84,14,0,69.52,1.2583,8.9174
44,98.69,12.531,4.75,1311.4,72.57,15505,41,3,1,72.08,3.4686,20.7768
36,67.59,2.004,5.38,1665.6,75.15,32343,32,13,0,75.22,1.779,12.5632
5,71.18,2.909,6.57,1524.8,45.46,31378,49,5,0,69.09,3.7623,10.8341
16,54.43,5.106,4.53,1348.5,37.8,3267,83,12,0,70.56,1.8208,12.0155
8,73.39,3.399,4.76,1508.0,79.93,39655,98,4,0,70.91,1.5057,15.4181
17,73.81,2.687,3.54,1436.9,55.49,48906,49,0,0,71.62,1.6627,20.8503
46,59.36,2.324,6.18,1046.9,39.86,11197,19,9,0,70.45,0.9074,9.6052
9,103.46,8.614,3.8,1837.7,105.74,28663,28,7,1,70.87,2.6544,27.2263
10,89.4,3.159,1.63,1261.8,92.55,31196,81,9,1,69.66,2.4903,54.8466
20,62.42,1.34,7.48,1567.7,33.28,24954,31,3,0,67.25,0.8705,8.3449
8,63.21,7.208,5.01,1553.6,61.75,39639,98,4,0,70.54,1.802,12.6168
43,68.6,2.598,4.74,1471.9,68.42,22459,106,18,0,70.01,3.5141,14.4726
24,56.18,1.12,6.18,1270.7,58.62,2210,86,13,0,66.54,1.5937,9.0906
1,64.58,2.128,5.98,1215.8,62.22,2333,74,9,0,67.03,1.5296,10.7993
15,77.33,0.957,4.74,1577.4,64.76,12613,110,16,0,69.97,1.4497,16.3143
35,76.07,1.358,6.86,1345.9,71.59,8374,57,10,0,66.91,1.731,11.0889
15,74.12,3.399,4.68,1410.5,38.33,12795,110,16,0,70.68,1.4552,15.8376
7,48.83,2.512,6.32,1326.8,68.94,2674,118,6,0,71.72,5.7463,7.7263
40,81.98,2.355,5.77,1440.4,50.7,39398,23,8,0,72.93,1.4323,14.208
26,64.07,1.066,4.91,1571.0,64.84,12126,95,13,0,72.26,4.1893,13.0489
47,68.94,1.155,5.42,1732.0,71.67,17670,55,7,0,68.93,1.3565,12.7196
12,73.4,3.2,5.46,1208.4,62.23,32553,111,6,0,68.92,1.0918,13.4432
34,53.28,3.201,4.67,1352.6,67.44,36818,12,19,0,70.32,1.5384,11.409
30,76.91,1.75,5.84,1411.8,96.35,30725,90,2,0,69.41,1.9547,13.1695
5,69.87,3.175,5.3,1047.2,47.13,31374,49,5,0,69.13,3.6678,13.183
38,68.64,7.903,4.47,1615.3,64.91,28316,81,13,0,66.41,2.6554,15.3557
27,67.13,1.431,6.03,1564.5,44.36,2337,52,16,0,69.48,4.8795,11.1327
16,71.31,3.573,5.47,1662.2,56.75,3352,83,12,0,70.95,1.8214,13.0366
19,80.81,2.403,5.08,1642.6,63.22,34225,75,12,0,67.75,0.8489,15.9075
10,52.84,1.567,4.49,1460.2,54.98,31129,81,9,0,69.29,2.5206,11.7684
41,68.76,1.353,6.88,1299.8,77.65,16655,22,7,0,72.0,1.7098,9.9942
17,67.76,1.009,5.19,1370.0,54.64,49215,49,0,0,70.57,1.4705,13.0559
6,61.47,2.716,4.9,1962.5,68.51,28677,71,2,0,71.3,1.6438,12.5449
49,52.49,2.403,5.63,1475.7,48.7,34886,62,5,0,69.1,1.9657,9.3233
13,71.37,2.474,4.4,1513.6,51.8,46867,72,9,0,71.89,1.1929,16.2205
5,64.97,2.206,5.96,1600.6,74.54,31544,49,5,0,68.94,3.582,10.901
40,71.94,3.348,5.65,1795.5,54.66,39254,23,8,0,72.86,1.3851,12.7327
37,65.55,2.179,4.71,1420.0,60.68,14548,91,13,0,71.92,3.9921,13.9172
24,61.65,0.822,4.58,1321.0,42.12,2276,86,13,0,66.21,1.6407,13.4607
39,66.36,4.09,4.69,1320.0,60.73,34246,15,13,0,72.82,1.7581,14.1493
6,77.02,2.155,7.59,1674.1,20.78,28459,71,2,0,71.61,1.5964,10.1476
2,67.2,3.451,6.85,1725.2,73.2,6620,88,17,0,69.21,1.7435,9.8102
8,73.39,1.62,5.94,1388.3,44.58,39912,98,4,0,70.67,1.7721,12.3552
9,74.56,1.327,7.19,1303.8,60.75,28514,28,7,0,71.15,2.6001,10.37
9,71.27,1.936,5.37,1479.1,41.08,28510,28,7,0,71.16,2.5193,13.2719
21,80.04,2.751,5.07,1310.6,73.96,41202,7,11,0,68.68,1.6401,15.787
12,73.66,2.763,6.26,1722.8,55.29,32507,111,6,0,69.2,1.0593,11.7668
15,89.52,4.437,6.41,1011.0,65.24,12917,110,16,0,71.9,1.4978,13.9657
8,70.34,2.599,5.07,1588.0,42.04,39927,98,4,0,70.66,1.7314,13.8738
1,80.78,5.212,3.84,1177.3,59.98,2548,74,9,0,67.95,1.6177,21.0365
30,69.52,1.664,5.59,1566.8,60.52,30858,90,2,0,68.0,1.899,12.4365
17,46.62,2.588,5.7,1581.5,48.72,49070,49,0,0,69.68,1.4124,8.1789
36,63.19,1.518,5.33,1264.9,82.49,32632,32,13,0,74.47,1.7512,11.8555
8,68.28,1.958,5.01,1196.1,37.38,39858,98,4,0,70.56,1.6983,13.6287
37,64.55,2.242,5.44,1581.6,41.77,14577,91,13,0,71.54,3.9855,11.8658
22,75.41,6.843,5.05,1321.6,49.61,25163,35,6,0,71.46,1.9188,14.9327
49,69.53,2.3,4.56,1247.5,65.04,35117,62,5,0,68.92,1.9215,15.2478
16,62.71,1.856,5.9,1624.8,69.87,3351,83,12,0,70.7,1.8229,10.6288
2,76.37,0.975,6.06,1839.1,31.6,6884,88,17,0,69.75,1.7977,12.6023
11,58.98,1.757,6.3,1517.0,27.96,39656,84,14,0,68.97,1.2388,9.3619
29,68.13,2.257,6.51,1553.8,50.31,36907,18,13,0,69.14,1.8021,10.4654
14,82.1,3.57,5.92,1496.3,56.9,33172,41,2,0,73.37,3.6117,13.8682
24,72.47,5.964,6.3,1478.6,58.6,2380,86,13,0,66.6,1.7594,11.5032
40,60.03,3.32,7.26,1796.0,45.07,39456,23,8,0,72.01,1.3415,8.2686
36,68.53,1.359,6.29,1584.2,35.47,32468,32,13,0,74.12,1.7302,10.8951
20,80.63,1.644,5.1,1749.6,60.94,24784,31,3,0,68.21,0.8387,15.8098
39,59.65,1.629,4.86,1328.4,43.42,34298,15,13,0,72.05,1.7289,12.2737
24,74.53,9.178,5.24,1265.2,65.55,2190,86,13,0,67.07,2.2527,14.2233
43,57.32,2.237,5.76,1566.1,65.12,22431,106,18,0,69.37,3.435,9.9514
47,65.31,1.23,5.6,1509.9,53.39,17664,55,7,0,68.75,1.3409,11.6625
1,60.6,1.446,6.1,1125.7,37.75,2307,74,9,0,67.49,1.5992,9.9344
6,70.34,3.784,5.84,1599.5,64.87,28720,71,2,0,71.55,1.5812,12.0445
33,55.81,2.24,6.82,1457.7,54.32,17565,109,0,0,68.81,1.9995,8.1833
19,60.19,2.675,5.54,1660.7,47.83,34130,75,12,0,67.37,0.831,10.8646
26,72.7,3.494,5.58,1701.6,48.7,11898,95,13,0,72.27,4.0975,13.0287
11,67.37,1.714,5.03,1681.5,47.88,39997,84,14,0,68.89,1.221,13.3936
33,74.97,0.855,5.3,1662.9,58.29,17666,109,0,0,69.09,1.9797,14.1453
25,58.86,2.907,5.11,1422.4,51.67,9145,25,2,0,68.15,2.7037,11.5186
49,62.33,2.463,6.8,1379.4,46.3,35274,62,5,0,68.28,1.9235,9.1662
2,69.12,1.058,5.4,1422.2,48.15,6788,88,17,0,69.82,1.8559,12.8
13,79.06,0.818,5.39,1589.2,52.32,47091,72,9,0,72.27,1.229,14.6679
32,118.81,1.342,2.38,1907.6,90.4,25830,56,0,1,71.48,1.8255,49.9202
30,67.8,0.911,4.48,1360.1,49.94,30992,90,2,0,68.78,1.94,15.1339
41,84.28,2.145,5.44,1603.2,64.06,16710,22,7,0,72.68,1.6785,15.4926
16,78.62,2.521,6.6,1378.7,65.06,3083,83,12,0,71.1,1.8223,11.9121
15,71.56,3.791,5.82,1352.6,47.26,12739,110,16,0,72.18,1.5108,12.2955
43,80.16,3.615,4.99,1539.1,64.46,22227,106,18,0,69.89,3.3481,16.0641
35,64.64,0.816,4.72,1153.3,52.43,8278,57,10,0,66.81,1.7344,13.6949
13,65.53,1.266,6.07,1221.2,56.52,46995,72,9,0,71.93,1.2278,10.7957
49,72.58,2.547,3.85,1572.8,81.17,35127,62,5,1,68.67,1.9207,18.8519
3,64.87,1.483,6.8,1245.2,43.74,50170,40,16,0,67.19,1.7754,9.5397
20,67.74,3.331,6.17,1513.6,61.49,24879,31,3,0,68.18,0.8925,10.9789
35,55.06,1.826,5.9,1322.5,56.98,8392,57,10,0,66.32,1.7032,9.3322
20,63.65,1.776,4.86,794.3,52.57,24642,31,3,0,67.9,0.8635,13.0967
40,59.8,1.127,5.03,1481.1,53.75,39232,23,8,0,71.24,1.3645,11.8887
29,63.67,2.897,5.07,1649.9,34.26,37074,18,13,0,68.77,1.7372,12.5582
28,59.97,1.325,5.46,1193.4,48.79,47706,40,2,0,67.23,0.8686,10.9835
18,59.97,2.191,5.97,1887.2,63.51,32992,65,18,0,67.79,2.4349,10.0452
13,67.72,1.46,6.25,1245.0,53.07,47078,72,9,0,71.73,1.2157,10.8352
43,72.76,0.704,5.08,1350.2,33.86,22450,106,18,0,70.02,3.3247,14.3228
8,75.41,3.265,6.71,1322.6,69.84,39599,98,4,0,70.94,1.7021,11.2385
50,79.03,2.241,5.2,1668.6,58.25,22168,21,3,0,69.75,1.1174,15.1981
34,60.45,2.041,6.24,1160.8,65.41,36814,12,19,0,69.74,1.5149,9.6875
15,70.79,1.165,5.52,1417.7,57.6,12760,110,16,0,72.57,1.5447,12.8243
44,66.15,4.882,7.06,1341.8,51.86,15441,41,3,0,71.86,3.4771,9.3697
14,58.94,4.742,4.97,1163.9,61.65,33056,41,2,0,72.61,3.5106,11.8592
39,65.71,2.168,5.73,1181.6,59.44,33996,15,13,0,71.7,1.6839,11.4677
45,79.96,2.896,4.74,1435.9,43.23,1247,30,11,0,69.5,1.2205,16.8692
44,69.28,1.345,6.46,1475.6,46.77,15610,41,3,0,70.45,2.5781,10.7245
13,69.94,1.916,5.63,1364.5,55.07,46971,72,9,0,71.65,1.1908,12.4227
6,62.86,2.406,5.0,1615.9,62.2,28307,71,2,0,71.11,1.5393,12.572
2,73.68,2.423,3.9,1017.9,43.27,6917,88,17,0,69.65,1.8516,18.8923
26,65.35,1.643,5.4,1091.0,43.79,11945,95,13,0,71.04,4.1039,12.1019
11,73.6,3.333,4.63,1791.1,55.07,39887,84,14,0,69.11,1.2028,15.8963
50,82.04,1.266,5.77,1484.0,54.05,22126,21,3,0,70.31,1.111,14.2184
43,63.83,3.419,5.87,1415.4,49.1,22432,106,18,0,69.75,3.2482,10.8739
17,72.08,1.286,6.99,1578.0,72.44,49034,49,0,0,69.27,1.4342,10.3119
10,76.86,1.822,5.46,1562.0,61.88,30976,81,9,0,69.79,2.5145,14.0769
43,57.46,3.084,7.4,1444.2,64.22,22196,106,18,0,69.24,3.1777,7.7649
46,53.51,1.379,4.42,1469.7,48.22,11396,19,9,0,69.32,0.9006,12.1063
22,78.8,2.357,5.29,1501.8,65.52,25132,35,6,0,71.95,1.8539,14.896
32,78.05,1.528,5.04,1674.9,52.96,26207,56,0,0,71.76,1.7952,15.4861
35,86.15,0.934,5.82,1301.4,57.44,8365,57,10,0,66.47,1.7241,14.8024
49,67.38,2.159,5.04,1826.6,62.63,35155,62,5,0,68.84,1.9049,13.369
1,67.39,3.28,5.02,1691.6,40.07,2494,74,9,0,67.48,1.5545,13.4243
49,101.54,5.546,3.56,1905.0,60.21,34918,62,5,1,70.03,1.9441,28.5225
25,58.85,2.197,4.3,1377.5,50.37,8926,25,2,0,67.68,2.6523,13.686
6,65.48,1.964,4.45,1135.5,53.18,28496,71,2,0,70.85,1.5051,14.7146
31,74.3,1.698,4.85,1752.3,76.25,8524,56,3,0,70.46,1.8421,15.3196
34,45.95,1.933,5.28,1308.4,83.15,37047,12,19,0,68.42,1.4958,8.7027
48,73.14,2.372,6.69,1435.6,48.98,29935,115,7,0,71.76,1.0374,10.9327
32,63.82,2.051,5.92,1642.1,63.99,25951,56,0,0,71.43,1.7578,10.7804
2,55.61,7.387,4.31,1662.4,53.91,6989,88,17,0,69.58,2.0332,12.9026
39,68.27,2.625,6.02,1350.5,47.61,34272,15,13,0,71.52,1.6368,11.3405
27,74.25,3.371,5.94,1171.5,44.05,1927,52,16,0,69.73,4.742,12.5
43,59.01,3.022,5.34,1669.6,42.38,22489,106,18,0,69.66,3.1782,11.0506
11,78.71,2.233,5.84,1497.9,52.12,39806,84,14,0,69.55,1.1761,13.4777
23,66.11,1.741,3.75,1223.8,54.51,6636,25,12,0,69.75,2.5062,17.6293
37,55.96,2.243,5.35,1501.2,39.48,14436,91,13,0,70.94,3.9488,10.4598
8,75.41,2.864,6.9,1636.2,46.02,39695,98,4,0,71.23,1.6826,10.929
25,64.02,0.999,5.76,1601.5,60.92,9070,25,2,0,67.51,2.647,11.1146
34,93.19,3.303,5.04,1689.9,83.42,37082,12,19,1,69.72,1.4548,18.4901
33,51.64,3.39,5.75,1474.6,52.41,17715,109,0,0,68.33,1.9463,8.9809
5,58.64,0.953,4.64,1409.7,54.43,31539,49,5,0,68.49,3.5211,12.6379
43,82.25,3.033,5.89,1265.4,72.06,22420,106,18,0,70.4,3.1404,13.9643
43,76.98,3.075,5.85,1353.7,45.29,22046,106,18,0,69.36,1.9295,13.159
45,82.84,1.304,6.13,1085.0,40.95,939,30,11,0,70.29,1.2043,13.5139
30,62.74,1.997,4.93,1460.0,78.63,31089,90,2,0,68.94,1.9357,12.7262
39,74.28,1.728,5.92,1204.3,44.95,34334,15,13,0,71.65,1.6098,12.5473
32,73.28,4.912,5.52,2012.7,36.04,25838,56,0,0,71.76,1.8139,13.2754
42,75.47,2.827,5.63,1497.3,40.93,5725,63,17,0,70.2,1.4214,13.405
4,94.3,2.827,4.91,1660.9,65.22,31663,45,1,0,73.26,2.051,19.2057
38,65.57,0.401,4.97,1539.4,56.44,28593,81,13,0,66.35,2.6661,13.1932
26,60.98,3.013,4.47,1491.0,59.99,12124,95,13,0,70.88,4.0765,13.6421
21,59.53,0.961,7.65,1375.9,60.99,41577,7,11,0,68.28,1.6362,7.7817
25,95.02,5.146,1.55,1759.9,106.25,8976,25,2,1,68.76,2.6075,61.3032
13,91.31,1.393,3.9,1609.2,72.85,46831,72,9,0,72.51,1.1812,23.4128
49,61.98,1.468,7.3,1668.3,48.96,34854,62,5,0,69.41,1.9483,8.4904
40,69.36,2.161,4.34,1124.0,40.42,39356,23,8,0,71.13,1.3283,15.9816
38,55.92,3.498,5.37,1456.6,52.94,28509,81,13,0,65.65,2.5713,10.4134
40,56.34,2.299,4.15,1554.6,57.7,39001,23,8,0,70.31,1.292,13.5759
17,56.17,2.706,6.92,1318.3,60.34,48803,49,0,0,68.54,1.4345,8.1171
2,70.27,1.849,7.4,1236.2,48.61,6858,88,17,0,69.82,2.0427,9.4959
49,59.0,2.169,5.98,1204.9,60.59,35042,62,5,0,67.54,1.5134,9.8662
1,103.25,5.927,5.18,1481.9,89.9,2660,74,9,1,69.47,1.6837,19.9324
41,71.59,0.823,6.02,1743.8,77.3,17096,22,7,0,72.62,1.7182,11.892
29,91.32,5.022,2.99,1604.6,82.52,36837,18,13,1,70.18,1.7475,30.5418
23,72.08,4.293,3.63,1873.1,58.91,6573,25,12,1,69.87,2.4616,19.8567
24,72.41,1.497,5.15,1269.2,80.25,2477,86,13,0,67.37,2.2338,14.0602
17,94.05,2.428,4.2,1712.1,68.68,48756,49,0,1,69.79,1.4124,22.3929
12,60.52,4.1,3.05,1335.8,66.13,32291,111,6,0,68.72,1.0951,19.8426
10,61.23,2.406,6.49,1352.2,39.11,31104,81,9,0,69.2,2.5226,9.4345
18,67.3,1.882,3.98,1897.1,74.73,32819,65,18,0,67.32,2.4441,16.9095
48,69.41,2.576,5.26,1838.9,68.92,29568,115,7,1,71.63,1.0088,13.1958
21,74.91,1.512,5.29,1442.8,61.46,41271,7,11,0,68.56,1.6123,14.1607
48,96.07,5.137,6.22,974.6,79.43,29763,115,7,1,72.85,1.1528,15.4453
11,69.21,1.809,5.73,1121.4,54.06,39620,84,14,0,69.53,1.1595,12.0785
36,57.25,4.607,5.88,1472.5,62.55,32630,32,13,0,73.18,1.738,9.7364
32,76.98,1.964,4.07,1422.9,72.41,25992,56,0,0,71.93,1.8183,18.914
15,57.12,1.881,5.05,1523.8,47.06,12643,110,16,0,71.86,1.5462,11.3109
32,59.43,2.955,4.44,1898.8,46.59,26290,56,0,0,71.93,1.8141,13.3851
31,72.31,2.79,6.01,1634.5,52.41,8454,56,3,0,70.58,1.7753,12.0316
7,69.5,0.824,5.4,1519.9,58.89,2665,118,6,0,71.6,5.6258,12.8704
18,77.68,1.721,6.1,1558.9,54.77,32783,65,18,0,67.48,2.4337,12.7344
39,67.05,3.153,6.11,1632.8,52.93,34257,15,13,0,71.43,1.572,10.9738
21,53.15,3.742,4.79,1718.5,38.13,41356,7,11,0,67.41,1.6333,11.096
35,72.1,2.998,5.37,1488.8,82.59,8341,57,10,0,67.02,1.7199,13.4264
40,73.2,3.404,4.44,1849.7,72.6,39323,23,8,0,70.46,1.2668,16.4865
23,71.56,3.6,5.11,1694.7,58.17,6582,25,12,0,69.94,2.4061,14.0039
45,66.06,6.606,5.25,1281.8,51.56,960,30,11,0,70.05,1.5625,12.5829
20,81.7,1.973,6.1,1563.8,48.35,24941,31,3,0,68.71,0.8361,13.3934
48,64.63,5.155,5.43,1688.6,59.13,29850,115,7,0,72.46,1.2571,11.9024
44,84.93,2.585,5.49,1277.8,43.59,15597,41,3,0,70.93,2.5384,15.4699
40,62.96,2.808,4.89,1649.1,48.75,39310,23,8,0,70.09,1.2332,12.8753
8,71.56,2.862,7.01,1389.1,41.53,39656,98,4,0,71.18,1.6817,10.2083
5,54.54,2.628,6.99,1419.3,59.8,31159,49,5,0,67.91,3.4438,7.8026
31,61.23,2.078,6.56,1799.5,50.74,8551,56,3,0,70.0,1.722,9.3338
18,67.51,1.636,6.14,1517.6,48.02,33117,65,18,0,67.89,2.4116,10.9951
16,97.58,4.911,3.43,1186.2,68.36,3239,83,12,1,71.88,1.864,28.449
12,49.31,9.761,6.15,1532.9,54.93,32547,111,6,0,67.7,1.9604,8.0179
33,60.15,2.06,6.01,1441.0,39.68,17689,109,0,0,67.99,1.9047,10.0083
28,83.22,1.915,4.98,1402.9,50.11,47993,40,2,0,67.92,0.8504,16.7108
16,82.86,3.534,3.77,1628.7,116.49,3329,83,12,1,72.53,1.836,21.9788
4,66.3,1.135,5.91,1076.5,46.16,31805,45,1,0,72.85,2.0271,11.2183
42,85.12,3.974,5.82,1450.6,131.25,5945,63,17,1,71.04,1.4382,14.6254
32,72.24,2.878,6.29,1248.2,48.31,26242,56,0,0,72.12,1.7903,11.4849
39,69.34,2.058,4.5,1482.4,67.16,34289,15,13,0,71.34,1.5408,15.4089
29,89.83,4.149,4.58,1483.2,54.22,37044,18,13,0,71.34,1.7077,19.6135
4,101.23,12.095,5.75,2510.8,96.22,31467,45,1,1,74.43,2.9594,17.6052
1,74.79,1.066,3.54,1567.9,44.23,2286,74,9,0,69.75,1.691,21.1271
29,70.73,3.652,6.67,866.9,57.75,37014,18,13,0,71.3,1.6594,10.6042
30,59.95,2.187,6.7,1401.6,47.49,30800,90,2,0,68.69,1.8986,8.9478
14,56.86,1.922,5.92,1703.3,59.78,33047,41,2,0,71.82,3.4639,9.6047
40,84.45,1.364,5.46,1446.8,70.95,39390,23,8,0,70.77,1.2376,15.467
27,69.34,0.923,6.37,1047.7,63.84,2331,52,16,0,69.71,4.646,10.8854
10,62.24,1.424,7.12,1318.8,46.09,31012,81,9,0,68.63,1.5302,8.7416
14,63.29,3.901,5.95,1370.4,76.3,32947,41,2,0,71.42,3.3775,10.637
31,73.3,1.55,5.48,1270.7,57.29,8534,56,3,0,70.19,1.6887,13.3759
1,71.67,1.221,4.65,1229.0,45.46,2598,74,9,0,69.85,1.6847,15.4129
50,66.14,1.641,5.36,1205.5,44.25,22166,21,3,0,70.13,1.0922,12.3396
13,63.45,1.903,6.73,1230.3,56.66,46710,72,9,0,72.13,1.1586,9.4279
37,68.64,5.352,5.26,1485.1,70.24,14467,91,13,0,71.64,3.9375,13.0494
22,65.68,4.867,3.99,1391.2,63.76,24933,35,6,0,71.56,1.8612,16.4612
3,84.0,11.059,3.75,1041.7,118.69,50254,40,16,1,67.89,2.3786,22.4
36,63.83,1.927,5.07,1478.5,47.9,32303,32,13,0,72.69,1.7009,12.5897
7,62.14,1.8,5.43,1247.4,58.67,2705,118,6,0,71.13,5.4912,11.4438
9,56.66,2.249,4.4,1359.3,81.12,28670,28,7,0,70.19,2.4368,12.8773
22,82.48,5.602,3.17,1116.2,84.14,25030,35,6,1,72.2,1.9119,26.0189
18,54.07,2.355,4.46,1595.6,68.62,33047,65,18,0,66.99,1.8812,12.1233
34,64.89,1.875,4.47,1583.2,53.38,36853,12,19,0,69.48,1.4406,14.5168
32,70.26,0.782,6.11,1333.0,66.26,25924,56,0,0,71.93,1.8082,11.4992
25,80.83,4.59,6.3,1266.6,77.14,8727,25,2,0,69.28,2.5566,12.8302
25,66.46,3.087,6.18,1723.1,54.31,8760,25,2,0,69.17,2.5026,10.754
35,68.85,2.202,6.11,1272.2,35.98,8457,57,10,0,67.4,1.6898,11.2684
11,57.81,3.458,4.2,1586.2,61.51,39822,84,14,0,69.04,1.15,13.7643
30,71.89,2.274,4.51,1489.4,40.31,30716,90,2,0,68.89,1.8987,15.9401
9,63.59,1.632,4.74,1439.0,39.07,28528,28,7,0,69.78,2.3794,13.4156
16,76.61,1.521,5.99,1677.1,46.31,2993,83,12,0,73.46,1.8066,12.7896
18,107.79,3.843,3.29,1326.3,82.71,32822,65,18,1,68.64,1.8761,32.7629
4,63.69,1.285,5.41,1716.9,77.49,31507,45,1,0,73.86,2.9105,11.7726
37,62.41,3.828,4.84,1500.9,61.3,14475,91,13,0,71.4,3.8594,12.8946
23,59.34,2.344,6.76,1095.2,55.54,6347,25,12,0,69.48,2.3547,8.7781
30,65.42,2.167,5.68,1663.5,66.99,30638,90,2,0,68.64,1.9032,11.5176
30,86.41,1.241,6.22,1556.3,52.98,30905,90,2,0,69.23,1.9321,13.8923
40,70.85,2.934,5.6,1462.3,44.15,39399,23,8,0,70.78,1.2093,12.6518
36,80.07,3.079,4.84,1141.7,53.54,32288,32,13,0,73.06,1.6571,16.5434
49,94.36,21.21,4.97,1797.4,47.94,35300,62,5,1,68.48,4.0681,18.9859
42,68.32,1.566,5.36,1460.7,54.46,5738,63,17,0,69.92,1.4471,12.7463
47,75.36,8.212,4.98,1352.7,52.23,17842,55,7,0,69.06,1.8479,15.1325
19,78.18,1.525,6.22,964.5,44.09,34155,75,12,0,67.89,0.8274,12.5691
30,84.81,3.201,6.49,1525.4,67.33,30726,90,2,0,70.04,1.924,13.0678
11,59.66,4.56,6.44,1349.8,41.75,39862,84,14,0,67.95,1.19,9.264
46,78.15,1.61,6.0,940.3,73.24,11419,19,9,0,69.88,0.8808,13.025
35,71.79,3.478,6.0,1479.6,55.37,8145,57,10,0,67.63,1.2243,11.965
44,57.66,2.263,3.43,1600.1,45.33,15417,41,3,0,70.23,2.5207,16.8105
24,62.56,2.464,5.52,1245.6,53.12,2407,86,13,0,67.11,2.1804,11.3333
47,69.29,2.492,5.01,1548.6,69.95,17851,55,7,0,69.07,1.8034,13.8303
39,87.4,2.366,5.7,1690.0,55.43,34235,15,13,0,72.04,1.507,15.3333
48,74.93,3.837,5.04,1410.3,46.4,29837,115,7,0,72.57,1.2508,14.8671
32,67.25,2.716,5.36,1848.5,68.81,25970,56,0,0,72.45,1.8061,12.5466
40,66.04,4.267,5.91,1681.7,46.23,39308,23,8,0,70.57,1.2278,11.1743
32,75.32,3.012,6.54,1431.0,27.86,26094,56,0,0,73.06,1.8067,11.5168
41,62.51,1.918,4.75,1209.3,51.16,16660,22,7,0,72.12,1.6914,13.16
7,80.94,2.846,5.94,1546.7,74.27,2712,118,6,0,71.6,5.3543,13.6263
13,86.44,2.283,4.13,2121.4,66.26,47130,72,9,1,72.98,1.1258,20.9298
44,69.9,0.92,5.74,1338.2,31.18,15572,41,3,0,70.33,2.5383,12.1777
10,77.32,1.211,5.88,1073.3,44.37,31348,81,9,0,69.05,1.5478,13.1497
24,52.13,1.611,5.52,1093.9,72.88,2326,86,13,0,66.37,2.1556,9.4438
27,55.52,0.995,6.19,1310.8,45.08,1915,52,16,0,69.03,4.5534,8.9693
37,72.72,1.569,6.35,1778.0,56.3,14504,91,13,0,72.11,3.8765,11.452
17,82.32,1.043,4.53,1175.1,59.66,48941,49,0,0,70.16,1.435,18.1722
41,75.19,2.578,6.87,1288.6,46.3,16834,22,7,0,72.26,1.6511,10.9447
24,74.44,1.853,4.13,1458.0,46.49,2199,86,13,0,66.75,2.1221,18.0242
37,70.52,2.479,5.05,1087.9,47.54,14333,91,13,0,71.94,3.8638,13.9644
10,73.15,5.351,6.16,1268.3,75.2,31245,81,9,0,69.44,1.579,11.875
1,66.24,2.155,6.22,1085.8,56.65,2356,74,9,0,69.68,1.6472,10.6495
20,58.51,5.218,7.35,1378.8,61.75,24988,31,3,0,68.14,1.1182,7.9605
38,68.61,3.522,5.97,1554.1,51.62,28254,81,13,0,65.84,2.4862,11.4925
16,61.67,2.336,5.23,1373.9,37.78,3236,83,12,0,72.97,1.7877,11.7916
37,70.25,1.803,5.93,1717.6,60.15,14346,91,13,0,71.85,3.7831,11.8465
9,75.47,3.081,6.76,1638.4,66.49,28543,28,7,0,70.12,2.3042,11.1642
15,91.49,6.059,3.44,1508.6,112.14,12884,110,16,1,72.08,1.2152,26.5959
3,66.81,2.065,6.11,1160.5,38.65,50362,40,16,0,67.97,2.3795,10.9345
26,75.95,4.131,5.87,1815.5,43.88,11719,95,13,0,71.79,4.073,12.9387
44,82.02,7.97,1.71,1268.6,94.43,15472,41,3,1,71.03,2.7085,47.9649
23,98.08,5.969,3.54,1399.2,86.4,6462,25,12,1,70.67,2.3831,27.7062
21,79.45,4.724,5.75,1637.0,45.67,41452,7,11,0,68.23,1.6914,13.8174
42,55.91,1.401,5.54,1882.3,63.66,5854,63,17,0,69.15,1.4791,10.0921
35,59.56,2.61,4.63,1822.3,46.51,8206,57,10,0,66.95,1.2233,12.8639
9,74.58,0.813,6.06,1078.3,58.26,28913,28,7,0,70.36,2.2907,12.3069
47,62.22,3.913,4.64,1213.3,59.31,17765,55,7,0,68.78,1.786,13.4095
45,77.28,3.089,4.97,1125.4,58.85,930,30,11,0,70.43,1.5256,15.5493
40,62.65,2.259,6.28,1773.8,58.62,39167,23,8,0,70.24,1.2048,9.9761
41,68.11,2.355,4.18,1313.8,47.74,16823,22,7,0,72.08,1.6167,16.2943
5,74.99,0.579,4.46,1296.4,29.59,31178,49,5,0,68.02,3.4668,16.8139
31,108.23,4.033,0.59,2248.3,93.99,8454,56,3,1,72.31,1.6732,183.4407
29,67.66,2.243,6.6,1008.8,64.0,37101,18,13,0,71.11,1.6299,10.2515
7,68.26,3.67,6.11,1346.5,48.61,2675,118,6,0,71.44,5.2254,11.1718
32,68.34,2.496,5.56,1339.3,67.64,26281,56,0,0,72.62,1.7991,12.2914
18,58.05,1.863,4.62,1781.6,49.05,33117,65,18,0,68.62,1.8726,12.5649
36,80.86,2.114,5.43,1250.4,37.15,32573,32,13,0,73.43,1.6215,14.8913
41,58.61,4.742,5.4,1630.5,54.74,16768,22,7,0,71.49,1.6233,10.8537
22,61.08,2.853,5.42,1773.0,41.79,25243,35,6,0,71.58,1.8559,11.2694
29,92.44,4.864,3.83,1742.5,95.61,37032,18,13,1,72.18,1.6284,24.1358
8,70.32,2.359,5.29,1282.0,47.09,39524,98,4,0,70.28,1.498,13.293
47,67.78,3.16,6.71,1476.3,34.44,17801,55,7,0,68.73,1.7509,10.1013
5,55.7,3.051,6.42,1605.9,47.26,31594,49,5,0,67.7,3.448,8.676
50,74.12,2.234,6.7,1324.6,70.93,22156,21,3,0,70.3,1.0682,11.0627
8,71.84,3.54,5.8,1274.4,48.22,39706,98,4,0,70.06,1.5111,12.3862
35,58.45,2.042,5.75,1824.5,50.36,8228,57,10,0,66.65,1.2174,10.1652
13,71.77,1.606,7.19,1464.1,71.55,46998,72,9,0,73.17,1.1354,9.9819
8,70.87,3.27,6.04,1535.6,65.5,39502,98,4,0,70.16,1.5179,11.7334
7,63.55,2.084,5.01,1616.9,59.23,2967,118,6,0,71.1,5.114,12.6846
44,72.08,2.594,5.38,1202.3,77.32,15601,41,3,0,71.34,2.6944,13.3978
44,74.48,1.989,5.32,1212.1,60.77,15551,41,3,0,71.66,2.6741,14.0
36,66.27,3.393,4.85,1594.1,49.09,32459,32,13,0,73.11,1.5885,13.6639
15,65.93,3.398,4.99,1268.1,73.33,12715,110,16,0,71.86,1.2209,13.2124
17,81.32,2.197,6.6,1534.9,77.45,49204,49,0,0,71.02,1.4201,12.3212
7,65.05,2.894,5.56,1345.3,45.9,2649,118,6,0,70.85,5.003,11.6996
47,75.49,1.958,5.64,1386.8,71.37,17719,55,7,0,69.08,1.7438,13.3848
47,81.97,3.623,5.12,1654.5,38.43,17736,55,7,0,69.28,1.7536,16.0098
40,62.2,1.574,5.79,1766.1,70.54,39214,23,8,0,70.6,1.207,10.7427
31,58.89,1.283,5.47,1723.8,57.43,8216,56,3,0,71.6,1.6569,10.766
2,62.66,1.942,5.59,1579.8,79.57,6953,88,17,0,69.72,2.0505,11.2093
2,57.25,2.005,5.36,1352.6,59.06,7054,88,17,0,69.63,2.0318,10.681
22,75.92,2.273,6.01,1812.8,36.38,24953,35,6,0,71.81,1.8138,12.6323
25,78.29,1.139,5.46,1353.1,55.88,8753,25,2,0,69.86,2.5476,14.3388
36,59.02,2.104,4.54,1487.0,68.7,32285,32,13,0,72.49,1.5582,13.0
25,61.6,1.352,6.76,1181.6,61.43,9066,25,2,0,69.96,2.5696,9.1124
23,69.05,1.989,5.43,1738.2,54.94,6487,25,12,0,70.59,2.3588,12.7164
31,83.75,2.223,4.45,1523.2,42.21,8473,56,3,0,72.21,1.6149,18.8202
48,65.55,1.151,5.26,1409.0,36.19,29645,115,7,0,72.27,1.2665,12.462
18,55.84,1.959,6.39,965.0,69.05,33089,65,18,0,68.35,1.8614,8.7387
35,68.36,3.557,5.83,1289.2,78.3,8357,57,10,0,66.82,1.2294,11.7256
49,59.04,2.823,5.51,1461.7,55.68,35161,62,5,0,68.41,4.0598,10.7151
35,61.73,2.436,4.87,1615.9,43.97,8135,57,10,0,67.34,1.0721,12.6756
26,74.01,1.836,5.12,1239.6,63.12,12130,95,13,0,71.73,4.0893,14.4551
16,57.75,3.643,5.71,1629.8,37.61,3202,83,12,0,72.29,1.7938,10.1138
45,61.97,2.037,5.6,1532.0,40.39,1344,30,11,0,70.01,1.4882,11.0661
34,74.11,5.235,5.22,1390.5,65.04,36929,12,19,0,69.7,1.4863,14.1973
31,64.17,2.812,5.97,1332.8,59.28,8548,56,3,0,71.83,1.5748,10.7487
20,61.53,2.129,4.64,1615.9,60.44,24752,31,3,0,67.79,1.0867,13.2608
12,71.2,3.008,5.68,1124.0,70.18,32378,111,6,0,67.87,1.9081,12.5352
5,74.06,3.003,5.11,1381.0,69.93,31185,49,5,0,68.26,3.4447,14.4932
32,54.69,1.252,4.38,1265.4,41.76,26252,56,0,0,71.96,1.817,12.4863
48,61.35,1.299,3.82,1054.8,29.29,29934,115,7,0,71.81,1.2702,16.0602
6,70.14,2.295,6.9,1622.6,54.68,28516,71,2,0,70.81,1.4694,10.1652
47,59.53,1.047,4.82,1658.4,55.06,17997,55,7,0,69.04,1.7548,12.3506
34,69.7,1.359,6.72,1511.7,61.68,36826,12,19,0,69.7,1.4977,10.372
31,81.13,1.744,6.53,1314.9,53.4,8509,56,3,0,72.25,1.5474,12.4242
7,59.8,2.032,6.81,1601.3,68.19,3039,118,6,0,70.6,5.0088,8.7812
34,75.46,2.688,6.0,1257.2,64.5,36995,12,19,0,69.95,1.4649,12.5767
36,71.71,1.402,5.31,1063.3,46.58,32573,32,13,0,72.46,1.5482,13.5047
42,52.77,3.735,5.77,1492.6,41.05,5725,63,17,0,68.54,1.4641,9.1456
49,75.29,1.683,5.12,1574.2,61.5,35219,62,5,0,68.92,4.0726,14.7051
30,94.07,7.059,3.45,1831.9,84.26,30636,90,2,1,71.59,2.1129,27.2667
40,76.18,3.252,6.68,1202.0,60.61,39017,23,8,0,70.25,1.1896,11.4042
36,65.86,2.475,5.48,1505.4,42.14,32263,32,13,0,72.24,1.5182,12.0182
16,77.39,3.875,5.88,1518.8,54.68,3392,83,12,0,72.57,1.8025,13.1616
45,49.03,2.615,5.03,1417.6,74.14,1174,30,11,0,69.01,1.4509,9.7475
50,55.27,2.332,6.31,1299.9,63.72,22499,21,3,0,68.99,1.0612,8.7591
44,64.3,2.782,5.84,1487.2,47.13,15604,41,3,0,71.08,2.6622,11.0103
40,81.56,1.528,4.77,1569.8,53.02,39190,23,8,0,70.64,1.2135,17.0985
33,73.14,1.765,5.2,1859.2,74.54,17670,109,0,0,68.27,1.9065,14.0654
34,104.98,5.284,2.11,1801.4,94.58,36907,12,19,1,71.41,1.5058,49.7536
24,70.42,2.268,5.3,1404.3,91.06,2250,86,13,0,66.92,2.0795,13.2868
31,67.71,3.598,6.29,1355.6,52.1,8227,56,3,0,72.05,1.5275,10.7647
41,71.65,1.0,5.04,972.1,58.58,17089,22,7,0,71.5,1.6405,14.2163
42,69.84,2.442,4.64,1312.3,59.82,5584,63,17,0,68.33,1.3998,15.0517
13,58.39,2.566,5.81,1274.3,39.86,47068,72,9,0,72.47,1.1326,10.0499
14,62.81,4.93,5.25,1307.2,57.17,33118,41,2,0,71.02,3.2987,11.9638
23,46.73,2.099,4.67,1321.3,55.22,6634,25,12,0,69.51,2.3426,10.0064
15,63.57,1.096,5.53,1971.6,63.28,12595,110,16,0,71.8,1.2642,11.4955
39,69.81,3.408,6.58,1236.5,54.93,34088,15,13,0,71.95,1.4812,10.6094
28,73.89,2.419,5.52,1530.8,59.54,47996,40,2,0,68.17,0.8333,13.3859
6,65.24,2.364,4.91,1524.9,43.42,28441,71,2,0,70.57,1.4359,13.2872
42,82.44,1.499,5.5,1333.2,44.27,5692,63,17,0,68.53,1.18,14.9891
25,77.3,1.727,5.64,1160.2,18.54,8806,25,2,0,70.01,2.5944,13.7057
9,64.46,2.662,6.05,1246.6,55.26,28924,28,7,0,70.05,2.2265,10.6545
31,104.19,12.669,4.05,1993.2,83.13,8561,56,3,1,73.39,2.5415,25.7259
48,42.14,1.603,7.1,1447.5,37.22,29566,115,7,0,70.62,1.2448,5.9352
37,72.67,1.878,4.08,1572.8,42.72,14690,91,13,0,71.99,3.7886,17.8113
44,66.24,1.054,5.59,1431.4,69.77,15244,41,3,0,70.91,2.7024,11.8497
5,78.1,2.898,4.56,1563.1,70.57,31241,49,5,0,68.97,3.4433,17.1272
48,70.33,1.521,5.29,1768.8,42.48,29910,115,7,0,70.45,1.2622,13.2949
45,68.55,1.837,4.53,1441.2,66.01,1020,30,11,0,68.99,1.4223,15.1325
12,74.15,3.68,5.49,1269.2,60.17,32318,111,6,0,68.17,1.8663,13.5064
21,80.79,2.065,5.07,1644.2,34.89,41467,7,11,0,68.57,1.6544,15.9349
2,77.93,2.187,5.67,1683.8,49.06,6848,88,17,0,70.39,2.0046,13.7443
49,78.31,0.997,4.72,1156.2,45.45,35123,62,5,0,69.37,4.0999,16.5911
29,69.49,3.125,5.75,2013.0,74.13,37043,18,13,0,72.05,1.5877,12.0852
34,59.47,7.488,6.09,1394.1,57.5,37017,12,19,0,71.21,1.7048,9.7652
43,71.63,1.269,5.09,1480.4,55.63,22157,106,18,0,69.0,1.7676,14.0727
28,67.73,1.916,5.23,1317.1,52.35,47974,40,2,0,68.31,0.8326,12.9503
3,48.47,2.218,4.5,1095.9,65.86,50250,40,16,0,66.65,2.3868,10.7711
38,66.3,1.683,4.55,1380.2,59.68,28599,81,13,0,65.87,2.4331,14.5714
15,68.42,1.89,6.63,1292.6,48.77,12509,110,16,0,71.48,1.2723,10.3198
46,87.75,7.688,2.04,1926.6,39.66,11195,19,9,1,70.93,1.5963,43.0147
32,68.51,1.583,5.88,1321.5,54.14,26264,56,0,0,71.93,1.8284,11.6514
40,96.1,5.166,4.84,1498.6,53.81,39228,23,8,1,71.7,1.3125,19.8554
11,68.95,1.82,4.54,1115.4,56.45,39604,84,14,0,68.26,1.2011,15.1872
15,101.88,10.663,4.52,1303.3,69.87,12911,110,16,1,72.89,2.0759,22.5398
5,65.69,1.727,5.96,1652.1,70.3,31341,49,5,0,67.72,0.8966,11.0218
26,63.46,2.119,6.12,1672.7,55.82,12032,95,13,0,71.8,4.0937,10.3693
36,69.56,1.058,5.52,1671.0,66.26,32523,32,13,0,71.68,1.5332,12.6014
27,63.18,2.382,6.88,1560.4,55.69,2027,52,16,0,68.77,4.4461,9.1831
41,80.38,2.781,5.21,1239.5,63.2,16932,22,7,0,71.58,1.6406,15.428
32,51.46,1.6,6.21,1402.5,54.94,26179,56,0,0,71.49,1.839,8.2866
48,82.78,1.784,6.03,1497.6,75.9,30020,115,7,0,71.07,1.2277,13.728
48,72.42,4.165,4.0,1750.8,50.07,29610,115,7,0,70.84,1.2662,18.105
12,65.47,1.971,4.34,1307.3,40.63,32467,111,6,0,68.05,1.8345,15.0853
41,75.59,2.004,5.52,1714.1,38.76,17006,22,7,0,72.27,1.5919,13.6938
16,59.62,2.047,5.6,1282.3,39.87,3276,83,12,0,70.58,1.8058,10.6464
36,69.54,3.242,5.61,1484.4,46.83,32385,32,13,0,72.22,1.536,12.3957
43,70.15,1.319,5.34,1365.2,67.51,22435,106,18,0,69.3,1.7889,13.1367
33,70.61,1.403,5.28,1432.6,56.0,17691,109,0,0,68.71,1.9132,13.3731
49,55.44,2.481,5.9,1625.4,48.67,35245,62,5,0,68.69,4.1026,9.3966
25,68.0,1.193,6.76,1627.6,59.42,9077,25,2,0,70.06,2.6266,10.0592
14,65.65,3.765,6.29,1858.4,62.76,33093,41,2,0,70.79,3.2251,10.4372
49,56.14,2.447,5.15,1231.2,61.26,35109,62,5,0,68.63,3.9856,10.901
35,57.63,0.998,5.5,1722.4,43.11,8170,57,10,0,66.93,1.0804,10.4782
18,67.45,1.744,6.84,1623.0,79.14,32764,65,18,0,67.85,1.874,9.8611
1,71.47,2.996,6.21,1481.1,43.31,2553,74,9,0,69.76,1.6086,11.5089
48,74.93,1.129,5.85,819.7,68.32,29695,115,7,0,71.43,1.288,12.8085
7,66.91,4.94,6.56,1683.0,53.0,3024,118,6,0,69.38,1.3555,10.1997
5,69.08,2.047,4.35,1391.1,64.35,31376,49,5,0,67.83,0.8488,15.8805
40,67.82,1.415,5.37,1559.5,58.35,39329,23,8,0,71.18,1.1971,12.6294
47,70.51,2.297,6.24,1311.6,40.12,17927,55,7,0,69.22,1.7535,11.2997
50,57.25,1.931,6.94,1709.7,44.81,22068,21,3,0,68.62,1.049,8.2493
32,86.66,7.03,5.08,1260.5,61.77,25904,56,0,0,72.41,2.0482,17.0591
9,56.1,1.791,6.13,1309.9,58.48,28738,28,7,0,69.36,2.1791,9.1517
3,72.14,2.82,5.56,1644.8,57.68,50333,40,16,0,66.91,2.3892,12.9748
30,78.74,1.478,4.97,1837.7,50.73,30616,90,2,0,72.4,2.0853,15.8431
19,57.56,1.412,5.39,1571.8,33.89,34182,75,12,0,67.42,0.8275,10.679
31,94.57,3.874,5.16,1079.7,76.61,8143,56,3,1,74.49,2.5263,18.3275
12,67.09,3.251,4.53,1040.1,42.02,32186,111,6,0,68.01,1.7934,14.8102
44,68.71,1.262,6.0,1506.5,46.62,15395,41,3,0,70.55,2.7255,11.4517
14,74.19,1.099,5.96,1312.0,49.09,33188,41,2,0,70.93,3.2219,12.448
36,57.04,2.048,5.09,1282.7,52.32,32513,32,13,0,71.11,1.5394,11.2063
33,69.63,3.153,6.05,1057.3,57.14,17689,109,0,0,69.16,1.9081,11.5091
2,75.8,2.492,4.73,1498.4,67.23,6701,88,17,0,71.15,1.988,16.0254
29,65.9,1.437,5.35,1418.3,37.31,36795,18,13,0,71.77,1.5992,12.3178
24,87.68,1.861,6.16,1403.4,40.35,2618,86,13,0,67.82,2.0484,14.2338
48,62.91,2.815,6.42,1498.3,39.25,29877,115,7,0,70.05,1.2879,9.7991
34,69.85,1.4,7.16,1675.4,40.11,36984,12,19,0,71.5,1.7444,9.7556
11,74.56,2.212,4.46,1372.9,56.24,39705,84,14,0,68.59,1.1983,16.7175
31,57.4,2.199,4.91,1509.0,50.5,8119,56,3,0,74.13,2.523,11.6904
1,98.61,24.387,2.93,2011.6,65.35,2562,74,9,1,71.01,4.7809,33.6553
34,63.05,2.299,5.08,1781.0,39.11,36737,12,19,0,71.18,1.7511,12.4114
50,98.06,3.921,3.44,2109.0,80.86,22124,21,3,1,70.13,1.0909,28.5058
6,65.07,0.679,6.21,1331.2,62.36,28488,71,2,0,70.34,1.4515,10.4783
49,61.33,1.564,5.54,1329.0,53.85,34862,62,5,0,67.64,3.9771,11.0704
20,71.4,3.306,4.35,1671.3,57.55,24728,31,3,0,67.97,1.0897,16.4138
41,93.12,1.813,6.19,1520.7,54.18,16664,22,7,0,73.07,1.603,15.0436
40,62.93,1.323,5.84,1582.4,57.45,39168,23,8,0,70.29,1.1661,10.7757
9,65.82,1.035,5.89,1480.5,20.14,28570,28,7,0,69.19,2.157,11.1749
25,70.2,0.905,5.14,1455.2,51.08,9054,25,2,0,70.59,2.6546,13.6576
9,73.98,1.282,5.91,1432.5,54.5,28742,28,7,0,69.4,2.1259,12.5178
48,100.25,2.097,3.52,1850.1,68.7,29883,115,7,1,71.3,1.2443,28.4801
21,84.11,7.198,5.16,1373.3,95.06,41164,7,11,1,69.3,1.82,16.3004
10,67.51,2.235,5.97,1345.8,44.54,30941,81,9,0,69.64,1.5877,11.3082
29,79.38,4.312,4.09,1575.3,54.45,36701,18,13,0,72.1,1.5792,19.4083
25,75.11,1.868,5.16,1469.5,71.82,8986,25,2,0,70.87,2.6665,14.5562
1,78.81,1.909,4.58,1406.7,61.89,2455,74,9,0,71.34,4.6897,17.2074
31,78.6,3.06,5.81,1303.1,48.03,8398,56,3,0,74.66,2.523,13.5284
48,66.93,3.285,3.98,1245.2,77.27,29744,115,7,0,71.62,1.251,16.8166
38,60.52,2.461,5.11,1407.1,70.33,28509,81,13,0,65.57,2.3647,11.8434
28,65.96,1.987,6.17,1540.0,40.38,48030,40,2,0,68.04,0.8333,10.6904
37,74.65,3.097,5.87,1420.7,62.6,14531,91,13,0,72.34,3.7679,12.7172
41,72.06,3.923,7.48,1223.6,56.38,16908,22,7,0,73.14,1.5571,9.6337
32,79.08,1.288,4.32,1138.4,46.44,26100,56,0,0,71.1,1.5739,18.3056
34,75.87,2.284,5.85,1431.6,48.84,37145,12,19,0,71.76,1.7505,12.9692
15,73.09,1.708,6.54,1668.1,66.33,12710,110,16,0,72.21,2.0862,11.1758
32,64.93,0.583,4.48,1642.1,69.66,25971,56,0,0,70.89,1.6047,14.4933
43,84.41,3.346,5.23,1462.7,50.68,22454,106,18,0,69.96,1.7495,16.1396
17,67.07,1.479,7.26,1263.5,41.11,49089,49,0,0,70.79,1.4286,9.2383
35,71.89,2.644,6.09,1355.7,62.45,8136,57,10,0,67.32,1.0697,11.8046
1,64.39,3.122,5.01,1234.0,37.64,2327,74,9,0,71.3,4.6822,12.8523
32,66.91,1.731,4.16,1237.1,49.62,25936,56,0,0,70.62,1.6093,16.0841
44,66.0,2.891,5.37,1445.0,40.7,15585,41,3,0,70.19,2.6772,12.2905
11,65.12,1.947,5.02,1219.4,60.23,39549,84,14,0,68.52,1.1759,12.9721
22,68.14,0.961,6.28,1682.0,33.06,25246,35,6,0,71.63,1.827,10.8503
27,83.22,4.061,3.09,1295.7,70.71,2280,52,16,1,69.39,4.349,26.932
43,75.05,1.17,5.75,1310.2,50.13,22107,106,18,0,70.45,1.7657,13.0522
46,110.08,4.232,2.51,1599.2,87.14,11484,19,9,1,73.1,1.6045,43.8566
50,67.75,1.274,6.97,1488.7,59.06,22257,21,3,0,70.37,1.0982,9.7202
19,71.42,4.694,6.0,1950.7,41.74,33968,75,12,0,67.59,0.9587,11.9033
26,67.4,1.437,6.31,1376.7,32.24,11802,95,13,0,71.9,4.044,10.6815
23,76.32,1.594,4.62,1450.4,75.18,6594,25,12,0,69.59,2.344,16.5195
30,87.78,7.799,3.78,1787.1,65.95,30839,90,2,1,72.67,2.3044,23.2222
11,43.73,2.277,4.77,1209.6,60.45,39976,84,14,0,67.31,1.1189,9.1677
7,59.94,1.389,4.89,1512.5,56.9,2661,118,6,0,69.17,1.3752,12.2577
48,96.83,16.582,2.67,1792.6,87.01,29965,115,7,1,73.0,3.0832,36.2659
3,62.85,1.212,6.69,1352.4,43.67,49944,40,16,0,66.49,2.4279,9.3946
29,69.17,1.047,5.0,1793.2,57.93,36850,18,13,0,71.98,1.6091,13.834
24,81.57,2.081,3.71,1425.9,45.88,2350,86,13,0,68.39,2.0133,21.9865
29,70.61,0.645,4.98,1158.5,48.9,37119,18,13,0,71.85,1.6853,14.1787
49,79.5,1.944,5.59,1323.1,60.39,34930,62,5,0,68.3,3.9692,14.2218
9,55.95,2.145,4.74,1507.7,63.05,28929,28,7,0,68.82,2.0793,11.8038
1,59.67,4.005,5.53,1831.9,59.99,2597,74,9,0,70.63,4.6814,10.7902
10,60.32,7.051,4.78,1573.9,59.25,31298,81,9,0,69.54,1.7889,12.6192
40,61.92,2.182,5.81,1605.4,63.47,39317,23,8,0,69.43,1.1402,10.6575
19,76.02,2.915,5.8,1383.8,56.71,34335,75,12,0,67.94,0.9452,13.1069
8,71.97,1.006,5.03,1433.9,49.13,39833,98,4,0,70.37,1.5467,14.3082
3,71.94,2.013,5.95,1524.3,60.49,50053,40,16,0,66.1,2.4389,12.0908
39,63.3,4.123,6.91,1698.2,69.42,34183,15,13,0,71.72,1.4964,9.1606
39,66.71,1.027,4.35,1728.9,71.5,34252,15,13,0,72.0,1.5276,15.3356
21,60.91,1.806,4.99,1602.9,56.02,41437,7,11,0,69.35,1.8168,12.2064
43,65.84,2.889,6.3,1783.5,63.94,22138,106,18,0,70.67,1.7635,10.4508
16,62.11,2.219,5.38,1329.7,44.62,3163,83,12,0,69.93,1.7907,11.5446
38,80.78,2.611,4.87,942.5,54.82,28265,81,13,0,66.37,2.3,16.5873
11,86.75,3.175,5.87,1342.2,49.34,39548,84,14,0,67.95,1.1071,14.7785
7,87.35,2.389,6.06,1480.7,58.53,2879,118,6,0,69.82,1.3728,14.4142
28,99.81,25.563,2.18,1713.1,90.45,47903,40,2,1,69.83,4.8449,45.7844
46,82.49,5.169,3.39,948.9,89.81,11046,19,9,1,73.6,1.671,24.3333
46,61.7,1.54,3.78,1599.4,41.46,11217,19,9,0,73.0,1.6466,16.3228
41,75.21,1.865,5.35,1417.7,38.01,16869,22,7,0,71.87,1.5588,14.0579
12,83.19,8.156,5.16,1987.0,64.85,32200,111,6,1,68.64,2.0492,16.1221
1,68.4,4.433,3.39,1525.9,36.16,2734,74,9,0,70.28,4.6728,20.177
15,54.16,2.126,4.53,1693.5,60.54,12978,110,16,0,71.04,2.0908,11.9558
4,62.75,5.003,4.18,1473.8,56.97,31827,45,1,0,73.31,2.8637,15.012
37,68.91,3.416,5.71,1447.7,45.59,14770,91,13,0,70.83,3.735,12.0683
34,70.01,2.132,5.08,1435.7,65.42,36986,12,19,0,71.06,1.701,13.7815
2,62.98,2.988,6.3,1312.6,64.97,6645,88,17,0,71.64,1.979,9.9968
48,60.33,1.639,5.74,1430.9,44.19,29991,115,7,0,72.81,3.1002,10.5105
8,67.79,1.282,6.33,1151.8,38.29,39736,98,4,0,70.25,1.554,10.7093
19,67.98,2.002,6.94,1327.9,40.35,33906,75,12,0,68.21,0.9424,9.7954
21,62.96,1.891,5.64,1312.5,35.07,41124,7,11,0,69.08,1.8132,11.1631
4,68.5,2.054,4.77,914.1,70.64,31651,45,1,0,73.08,2.8028,14.3606
24,74.8,1.13,5.63,1523.9,76.43,2503,86,13,0,68.26,2.047,13.286
28,73.09,1.057,5.77,1463.5,68.34,47895,40,2,0,69.48,4.8528,12.6672
3,79.85,2.885,5.26,1458.1,39.94,50179,40,16,0,66.56,2.429,15.1806
12,63.62,2.653,6.15,1423.5,56.24,32645,111,6,0,68.23,2.0116,10.3447
43,66.72,4.424,4.89,1392.1,76.81,22508,106,18,0,70.45,1.7864,13.6442
32,100.6,4.179,4.34,1427.8,62.76,25989,56,0,1,71.93,1.6159,23.1797
1,58.93,1.649,5.85,1519.8,65.54,2539,74,9,0,70.27,4.6616,10.0735
35,69.51,1.128,6.47,1390.2,50.69,8480,57,10,0,67.26,1.0851,10.7434
43,74.57,1.413,6.1,1438.0,50.42,22355,106,18,0,70.62,1.76,12.2246
5,79.13,3.078,5.87,1460.0,39.25,31299,49,5,0,68.36,0.8074,13.4804
2,91.38,4.215,3.97,1198.0,87.63,6851,88,17,1,72.53,1.9821,23.0176
27,107.89,6.071,2.93,1754.9,108.99,2304,52,16,1,71.0,4.2968,36.8225
9,60.21,2.171,7.05,1410.1,59.53,28697,28,7,0,68.46,2.0354,8.5404
13,61.99,2.736,5.84,1422.4,57.11,46796,72,9,0,72.44,1.1352,10.6147
20,63.89,8.03,6.26,1401.0,44.11,24886,31,3,0,67.78,1.6586,10.2061
12,54.27,6.543,6.97,1390.4,48.83,32480,111,6,0,67.73,2.0387,7.7862
6,73.25,3.914,5.28,1440.4,63.56,28527,71,2,0,70.64,1.4745,13.8731
28,80.06,3.056,4.68,1525.2,49.88,47887,40,2,0,69.71,4.8519,17.1068
48,67.08,2.919,6.23,1256.2,72.68,29624,115,7,0,72.9,3.0861,10.7673
47,96.44,6.202,4.36,1783.2,134.2,17821,55,7,1,69.79,1.8843,22.1193
16,56.5,3.04,5.38,1553.3,68.57,3389,83,12,0,69.79,1.7913,10.5019
40,73.57,2.916,5.2,1543.3,46.06,39427,23,8,0,69.49,1.1409,14.1481
43,71.97,2.834,5.65,1569.2,54.95,22136,106,18,0,70.39,1.7169,12.7381
2,66.46,1.302,5.51,1598.2,43.11,6633,88,17,0,72.27,1.9874,12.0617
43,70.03,1.377,6.93,1435.9,41.27,22475,106,18,0,70.22,1.7395,10.1053
6,81.84,1.533,6.18,1467.6,50.04,28491,71,2,0,71.5,1.481,13.2427
38,58.3,0.774,6.6,1536.3,63.14,28320,81,13,0,65.97,2.2934,8.8333
33,58.72,3.585,5.49,1170.7,61.04,17564,109,0,0,68.48,1.9212,10.6958
13,70.41,1.543,6.27,1529.5,58.71,46972,72,9,0,72.45,1.099,11.2297
50,87.19,2.319,4.75,1490.4,65.88,22275,21,3,0,71.0,1.0665,18.3558
17,68.58,2.064,4.75,1305.6,55.07,48866,49,0,0,70.57,1.4279,14.4379
10,70.87,2.559,5.3,1548.0,48.59,31300,81,9,0,69.8,1.7933,13.3717
13,60.21,1.448,7.07,1932.8,59.03,46660,72,9,0,70.93,1.1036,8.5163
34,70.83,1.366,5.67,1058.1,42.9,36900,12,19,0,71.16,1.738,12.4921
36,65.57,0.833,6.23,1514.4,46.95,32500,32,13,0,70.1,1.5798,10.5249
27,68.25,7.16,4.71,1591.0,99.07,2240,52,16,1,70.53,4.3537,14.4904
7,70.75,1.596,6.74,1511.8,33.28,3071,118,6,0,70.6,1.3467,10.497
11,77.28,4.33,5.41,1704.5,41.62,39574,84,14,0,68.29,1.0721,14.2847
39,65.6,1.439,6.35,1524.4,59.09,33938,15,13,0,71.91,1.5394,10.3307
11,77.02,2.127,3.37,1320.4,38.49,39960,84,14,0,67.66,1.0558,22.8546
26,69.58,1.561,4.84,1590.9,59.41,12084,95,13,0,72.11,4.0337,14.376
39,71.91,2.403,3.84,1642.9,60.23,34106,15,13,0,71.8,1.523,18.7266
33,85.15,3.575,4.48,1691.5,53.39,17562,109,0,0,69.02,1.9336,19.0067
9,76.49,2.152,4.62,1419.0,47.05,28641,28,7,0,69.1,2.0316,16.5563
19,57.13,4.769,4.66,1479.8,43.78,33993,75,12,0,67.66,1.0626,12.2597
41,75.47,2.391,6.73,1286.2,47.92,16740,22,7,0,72.49,1.5624,11.214
16,77.67,1.259,6.15,1640.0,49.32,3296,83,12,0,69.61,1.8128,12.6293
43,78.38,2.883,6.13,1659.9,67.57,22425,106,18,0,70.98,1.7017,12.7863
4,63.59,1.83,6.73,1746.0,48.53,31859,45,1,0,72.65,2.7501,9.4487
47,58.56,1.364,6.02,1398.2,59.98,17831,55,7,0,69.65,1.8845,9.7276
13,62.61,2.999,6.56,1560.5,41.02,47046,72,9,0,69.99,0.8399,9.5442
23,74.41,1.611,5.37,1512.4,58.75,6191,25,12,0,69.89,2.3613,13.8566
32,71.15,1.779,4.75,1134.2,68.21,26295,56,0,0,71.73,1.6037,14.9789
3,64.25,1.848,6.18,1570.0,70.33,49933,40,16,0,66.81,2.4409,10.3964
13,68.95,3.038,5.3,1357.5,44.92,46706,72,9,0,69.19,0.8586,13.0094
22,70.66,1.785,4.57,1554.4,53.99,25289,35,6,0,71.58,1.7991,15.4617
17,86.45,4.617,5.69,1378.5,56.59,49074,49,0,0,71.75,1.2928,15.1933
33,68.16,3.186,4.84,1206.8,62.77,17753,109,0,0,69.39,1.9337,14.0826
16,61.59,2.207,5.3,1663.6,42.03,3314,83,12,0,69.84,1.8043,11.6208
23,83.75,1.045,4.92,1541.2,60.13,6254,25,12,0,69.54,2.3909,17.0224
26,73.0,1.709,4.95,1371.6,75.23,12016,95,13,0,72.31,4.0176,14.7475
30,63.29,1.438,5.99,1280.4,81.28,30901,90,2,0,72.45,2.2943,10.5659
12,72.73,3.273,5.38,1618.6,48.91,32200,111,6,0,67.29,2.0104,13.5186
22,70.87,2.328,5.01,1402.1,53.65,25082,35,6,0,71.55,1.76,14.1457
22,53.65,1.644,5.84,1106.1,58.95,24880,35,6,0,70.77,1.7387,9.1866
20,73.34,4.929,5.4,1600.8,67.28,24933,31,3,0,68.03,1.7014,13.5815
9,67.0,1.64,5.29,1558.2,58.74,28889,28,7,0,68.91,2.0325,12.6654
25,75.45,2.132,3.74,1360.2,56.86,9128,25,2,0,70.23,2.6606,20.1738
16,72.56,1.259,5.61,1408.9,42.38,3244,83,12,0,69.76,1.8191,12.934
22,83.21,2.375,5.7,938.1,48.04,25184,35,6,0,71.29,1.7029,14.5982
44,63.45,1.917,3.42,1421.2,46.4,15196,41,3,0,70.3,2.6695,18.5526
4,75.33,3.164,5.74,1301.5,56.76,31713,45,1,0,72.76,2.6869,13.1237
34,66.44,6.547,4.28,1340.5,35.39,36967,12,19,0,70.04,1.7534,15.5234
6,113.6,2.443,3.72,900.2,55.23,28434,71,2,1,73.42,1.4671,30.5376
14,71.85,2.984,7.07,1585.8,57.38,32773,41,2,0,70.32,2.0783,10.1627
17,81.81,1.138,4.78,1553.7,82.84,49137,49,0,0,72.31,1.3163,17.1151
10,97.29,15.935,3.42,2014.0,71.33,30935,81,9,1,70.75,3.1418,28.4474
38,68.97,3.584,6.42,1347.9,52.78,28211,81,13,0,66.11,2.2405,10.743
23,61.33,1.008,5.74,1344.0,66.32,6250,25,12,0,69.45,2.4085,10.6847
19,76.22,4.998,5.76,1491.3,55.2,34244,75,12,0,68.44,1.1468,13.2326
42,62.52,5.058,5.41,1449.3,46.96,5779,63,17,0,68.26,1.2636,11.5564
42,74.85,3.891,5.84,1259.0,33.54,5621,63,17,0,68.66,1.28,12.8168
41,66.65,1.163,5.49,1203.0,35.99,16708,22,7,0,72.23,1.493,12.1403
24,73.66,1.528,6.57,1395.1,58.4,2651,86,13,0,68.44,2.0644,11.2116
12,59.0,3.437,4.6,1791.7,72.09,32284,111,6,0,66.74,1.9793,12.8261
7,64.46,2.028,4.86,1553.9,61.41,3053,118,6,0,70.08,1.3231,13.2634
47,56.11,4.278,6.36,1108.7,64.92,17939,55,7,0,69.26,1.9076,8.8223
25,66.19,1.172,5.86,1616.0,58.91,8738,25,2,0,69.02,2.6147,11.2952
33,56.14,2.476,5.12,1332.7,78.32,17819,109,0,0,69.58,1.9171,10.9648
40,73.88,1.41,6.99,1476.8,65.4,39295,23,8,0,70.21,1.0663,10.5694
11,70.78,1.645,4.45,1345.6,58.8,39574,84,14,0,67.75,0.9817,15.9056
10,64.99,4.951,4.68,1658.7,36.28,31110,81,9,0,71.33,3.1505,13.8868
1,73.61,2.05,4.44,1566.9,67.27,2545,74,9,0,70.88,4.6625,16.5788
11,63.8,2.171,6.83,1241.4,58.31,39563,84,14,0,67.35,0.932,9.3411
44,58.92,4.984,5.63,1483.8,63.75,15379,41,3,0,69.78,2.6908,10.4654
32,77.48,2.442,5.84,1416.4,74.77,25938,56,0,0,72.21,1.6012,13.2671
2,70.35,1.228,6.81,1678.1,29.49,6641,88,17,0,72.09,2.0082,10.3304
23,68.23,3.419,5.65,1482.6,60.0,6264,25,12,0,69.52,2.3861,12.0761
41,86.45,3.393,6.16,1745.9,75.07,16680,22,7,0,72.47,1.4956,14.0341
23,79.63,2.095,4.6,1513.1,40.41,6580,25,12,0,70.53,2.3398,17.3109
15,46.76,0.758,5.69,1586.5,54.6,12565,110,16,0,70.26,2.1057,8.2179
32,66.72,3.665,7.42,1761.1,50.02,25991,56,0,0,72.71,1.6174,8.9919
35,72.79,3.477,7.26,1273.0,69.56,8408,57,10,0,67.35,1.0882,10.0262
28,78.05,2.062,5.66,1355.6,31.51,47762,40,2,0,70.28,4.8387,13.7898
4,72.71,3.029,5.12,1688.4,44.79,31582,45,1,0,72.76,2.6279,14.2012
26,58.77,2.773,3.6,1230.4,52.59,12146,95,13,0,71.41,3.9976,16.325
1,69.32,4.051,4.43,1391.2,49.08,2487,74,9,0,71.45,4.6601,15.6479
37,90.31,9.753,3.63,1874.9,76.21,14296,91,13,1,71.03,3.948,24.8788
29,66.05,4.958,5.65,1314.4,57.94,36829,18,13,0,71.88,1.7191,11.6903
3,79.96,2.886,4.1,1561.6,56.0,49952,40,16,0,67.98,2.4159,19.5024
3,67.49,2.983,4.05,1705.8,46.25,50166,40,16,0,68.54,2.3832,16.6642
7,73.82,2.672,5.31,1566.6,52.51,2585,118,6,0,70.26,1.3186,13.9021
18,70.08,2.513,5.93,1427.9,50.7,32852,65,18,0,67.16,1.5489,11.8179
12,64.56,2.774,5.94,1572.7,55.18,32543,111,6,0,66.54,1.9618,10.8687
28,81.04,1.747,4.87,1101.2,47.71,48060,40,2,0,71.27,4.8475,16.6407
37,70.41,5.731,6.09,1356.2,52.93,14411,91,13,0,70.0,2.2102,11.5616
37,62.04,1.929,5.1,1187.3,70.54,14745,91,13,0,69.58,2.2166,12.1647
26,57.19,3.233,6.16,1262.9,45.37,12114,95,13,0,70.84,3.998,9.2841
45,69.36,0.806,6.02,1269.6,54.59,1233,30,11,0,69.0,1.4307,11.5216
19,76.42,2.222,4.67,1552.9,63.47,34262,75,12,0,68.74,1.1434,16.364
33,69.92,1.476,4.62,1288.3,51.66,17738,109,0,0,70.16,1.9111,15.1342
18,70.02,2.732,7.03,1698.2,76.76,32765,65,18,0,67.9,1.4803,9.9602
22,118.65,1.649,2.25,1574.7,93.2,25012,35,6,1,73.35,1.6739,52.7333
24,63.3,3.815,4.1,1377.2,56.79,2211,86,13,0,67.96,2.0705,15.439
18,78.51,3.609,5.61,1657.1,46.04,33044,65,18,0,68.34,1.4616,13.9947
21,67.03,1.194,5.59,1455.9,47.25,41282,7,11,0,69.11,1.8383,11.9911
12,63.59,2.672,6.4,1812.3,63.85,32544,111,6,0,65.95,1.9715,9.9359
4,68.36,2.938,5.04,1274.9,52.53,31606,45,1,0,71.96,2.3177,13.5635
30,71.81,1.227,5.71,1908.4,62.56,30791,90,2,0,72.24,2.3286,12.5762
39,62.68,2.34,6.7,1253.9,72.69,34196,15,13,0,71.58,1.4141,9.3552
35,66.58,2.717,5.5,1775.2,57.24,8180,57,10,0,68.04,1.0863,12.1055
46,70.26,1.886,5.87,1328.3,55.98,11233,19,9,0,72.87,1.6131,11.9693
12,48.06,1.586,4.84,1521.3,89.65,32235,111,6,0,65.33,1.9968,9.9298
34,70.15,3.82,5.85,1506.2,58.14,36924,12,19,0,70.26,1.7558,11.9915
19,81.69,2.169,5.02,618.5,41.41,34340,75,12,0,69.45,1.137,16.2729
17,78.25,7.764,5.24,1703.3,90.2,49212,49,0,1,72.08,1.7043,14.9332
14,64.23,1.717,5.14,1242.2,51.67,33009,41,2,0,70.33,2.1143,12.4961
27,73.29,3.183,6.02,1625.5,52.34,2299,52,16,0,70.21,4.3489,12.1744
42,59.88,2.173,4.69,1722.9,55.63,5650,63,17,0,68.35,1.2739,12.7676
13,74.99,2.977,4.52,1709.5,71.21,46946,72,9,0,69.75,0.8437,16.5907
9,69.95,1.689,4.83,1498.7,83.0,28638,28,7,0,69.15,2.0401,14.4824
1,55.61,2.023,4.75,1234.0,53.21,2569,74,9,0,70.81,4.6475,11.7074
37,64.77,2.506,5.61,1321.0,34.97,14458,91,13,0,69.02,1.8695,11.5455
22,76.46,3.062,6.02,1499.5,60.66,25047,35,6,0,73.64,1.649,12.701
35,69.18,2.02,4.62,1662.6,56.36,8238,57,10,0,67.85,1.0577,14.974
48,66.69,3.298,4.82,1519.5,63.93,29949,115,7,0,72.89,3.0709,13.8361
43,59.52,1.19,5.06,1595.7,51.05,22371,106,18,0,70.29,1.7307,11.7628
32,74.76,11.871,6.96,1541.8,24.27,25890,56,0,0,72.78,2.4237,10.7414
17,80.31,2.171,7.65,1831.9,75.28,48808,49,0,0,72.56,1.6958,10.498
17,63.97,1.711,6.09,1549.7,44.56,49115,49,0,0,71.96,1.6541,10.5041
20,50.58,3.571,5.3,1420.4,58.34,24921,31,3,0,67.27,1.6751,9.5434
9,88.24,2.804,6.36,1732.6,29.42,28514,28,7,0,70.46,2.0334,13.8742
10,82.37,1.704,5.46,1564.1,49.99,31093,81,9,0,71.66,3.1557,15.0861
37,72.67,1.055,6.13,1519.3,54.75,14737,91,13,0,68.91,1.8906,11.8548
19,73.93,0.737,6.6,1312.2,53.27,34299,75,12,0,70.19,1.1638,11.2015
17,63.7,3.566,2.76,1531.4,59.6,48908,49,0,0,71.94,1.6435,23.0797
40,62.8,2.267,6.37,1436.4,35.0,39113,23,8,0,70.03,1.0401,9.8587
50,71.72,2.913,4.17,1572.8,72.42,22399,21,3,0,71.65,1.0757,17.199
32,84.4,1.225,5.41,1546.7,79.24,26207,56,0,0,73.8,2.4123,15.6007
32,63.08,2.49,5.21,1465.0,53.93,25887,56,0,0,71.48,2.3938,12.1075
37,73.8,5.165,6.65,1575.5,58.21,14757,91,13,0,68.86,1.9494,11.0977
47,67.36,3.441,6.06,1821.1,67.61,17816,55,7,0,69.33,1.8727,11.1155
18,69.76,2.02,5.47,1434.4,51.01,32737,65,18,0,68.33,1.4632,12.7532
23,65.96,2.879,5.02,1485.2,56.66,6275,25,12,0,70.45,2.3249,13.1394
24,66.65,2.215,6.02,1358.3,56.54,2276,86,13,0,67.91,2.0741,11.0714
4,69.45,1.387,4.17,1553.6,53.02,31581,45,1,0,72.05,2.3209,16.6547
17,62.55,2.635,4.95,1363.3,47.72,49200,49,0,0,71.93,1.6365,12.6364
14,81.95,1.288,4.84,804.9,42.31,33164,41,2,0,71.04,2.0401,16.9318
2,65.89,1.927,4.87,1264.0,51.89,6605,88,17,0,71.84,1.9869,13.5298
3,67.47,2.455,3.7,1507.2,44.35,49971,40,16,0,68.05,2.3874,18.2351
35,77.12,1.741,5.25,1723.7,50.33,8081,57,10,0,67.88,1.0622,14.6895
38,82.57,1.704,4.75,1432.5,68.95,28476,81,13,0,66.86,2.2019,17.3832
4,60.4,3.931,4.87,1613.9,62.85,31805,45,1,0,70.95,2.3003,12.4025
30,72.9,2.419,4.95,1479.6,64.5,31075,90,2,0,71.37,2.1512,14.7273
27,73.22,1.95,4.8,1176.4,48.21,2386,52,16,0,70.74,4.343,15.2542
14,74.34,1.013,4.36,1231.9,49.67,33117,41,2,0,71.52,2.0926,17.0505
24,54.41,1.163,6.15,1508.2,39.61,2188,86,13,0,67.27,2.0804,8.8472
16,73.76,0.822,4.52,1298.4,43.93,3034,83,12,0,70.18,1.8571,16.3186
13,88.54,2.378,2.84,1591.7,70.43,46652,72,9,1,70.3,0.8299,31.1761
18,78.68,2.26,6.01,1379.8,48.85,33115,65,18,0,68.82,1.4389,13.0915
49,59.6,2.956,6.18,1527.8,48.28,35125,62,5,0,68.24,3.9649,9.644
49,95.91,23.462,4.75,1332.9,82.6,34952,62,5,1,69.66,5.7291,20.1916
43,77.28,5.519,1.82,1883.6,94.23,22365,106,18,1,71.12,1.8207,42.4615
2,84.43,1.359,5.58,1421.0,34.55,6696,88,17,0,72.6,1.9891,15.1308
45,68.15,0.937,7.29,1097.8,45.66,1071,30,11,0,68.97,1.4294,9.3484
2,65.77,2.658,3.13,1662.2,77.87,6905,88,17,0,72.16,1.9892,21.0128
18,57.27,5.854,5.02,1701.5,58.66,33105,65,18,0,68.27,1.5664,11.4084
47,66.49,1.828,5.63,1728.7,41.1,17677,55,7,0,69.43,1.8819,11.8099
49,60.33,1.24,6.65,1573.3,55.21,35301,62,5,0,69.6,5.7437,9.0722
43,56.44,2.593,6.01,1352.4,52.95,22015,106,18,0,70.92,1.8214,9.391
16,63.72,8.328,3.95,1840.3,63.76,3310,83,12,0,70.07,2.1623,16.1316
10,68.38,3.113,4.4,1392.3,56.14,30938,81,9,0,72.16,3.143,15.5409
4,81.51,2.455,4.11,1527.9,50.3,31453,45,1,0,71.92,2.3,19.8321
43,62.67,0.915,7.13,1543.9,43.34,22204,106,18,0,70.74,1.8575,8.7896
23,77.35,2.119,6.36,896.9,61.62,6280,25,12,0,71.18,2.3284,12.1619
37,74.87,3.15,6.55,1733.8,50.62,14770,91,13,0,69.43,1.9365,11.4305
40,66.26,1.052,5.11,1654.0,60.43,39015,23,8,0,70.26,1.0728,12.9667
31,87.59,1.173,5.64,1216.4,51.76,8615,56,3,0,74.94,2.55,15.5301
15,101.94,6.221,2.9,1610.6,125.06,12660,110,16,1,71.28,2.2256,35.1517
23,74.76,1.543,5.22,1437.8,55.16,6574,25,12,0,70.98,2.3378,14.3218
13,93.92,3.42,4.98,1842.3,98.75,46746,72,9,1,71.48,0.864,18.8594
5,79.64,1.884,6.72,1489.5,44.06,31229,49,5,0,69.09,0.7809,11.8512
33,90.59,3.528,6.4,1331.8,32.61,17779,109,0,0,70.79,1.9017,14.1547
33,106.11,3.213,3.02,1519.1,71.07,17403,109,0,1,71.55,1.7773,35.1358
50,58.51,3.152,5.04,1583.9,61.32,22399,21,3,0,70.95,1.0417,11.6091
36,67.41,2.26,6.13,1570.2,70.27,32540,32,13,0,70.4,1.5508,10.9967
30,76.44,2.09,7.25,1581.2,78.02,30909,90,2,0,70.88,1.7757,10.5434
31,63.57,2.485,5.19,1836.5,51.27,8321,56,3,0,74.88,2.5508,12.2486
12,74.7,1.553,4.42,1311.0,40.9,32452,111,6,0,66.21,2.0386,16.9005
15,72.34,2.309,5.97,1252.7,52.85,12752,110,16,0,71.47,2.2281,12.1173
28,53.61,2.194,5.1,1531.2,42.02,47813,40,2,0,70.66,4.8513,10.5118
41,65.11,5.726,5.31,1393.0,21.13,16610,22,7,0,71.85,1.6091,12.2618
50,64.8,1.939,5.21,1521.1,65.52,22252,21,3,0,70.12,1.0397,12.4376
48,69.76,2.62,5.35,1393.5,72.6,29987,115,7,0,72.59,3.0526,13.0393
10,58.62,1.787,4.53,1604.7,53.37,31100,81,9,0,71.69,3.1597,12.9404
7,76.36,1.509,4.86,1531.5,46.13,2791,118,6,0,69.99,1.3175,15.7119
13,74.45,3.522,4.65,1179.0,33.24,47030,72,9,0,71.99,0.899,16.0108
30,53.01,1.184,4.97,1552.1,58.36,30871,90,2,0,70.49,1.777,10.666
16,113.32,3.312,4.07,2004.0,86.57,3206,83,12,1,72.37,2.1248,27.8428
49,70.98,1.229,5.23,1679.7,90.58,35116,62,5,0,69.71,5.7545,13.5717
34,88.29,3.898,2.31,1602.4,82.34,37013,12,19,1,70.89,1.7228,38.2208
21,80.69,10.7,3.33,1806.5,98.07,41201,7,11,1,69.3,2.4472,24.2312
45,71.2,2.739,5.42,1396.2,65.23,1032,30,11,0,68.44,1.3783,13.1365
6,63.22,3.733,4.53,1756.5,78.53,28735,71,2,0,72.97,1.4764,13.9558
3,66.03,1.139,5.65,1694.9,55.63,50182,40,16,0,67.88,2.4193,11.6867
44,72.11,1.199,6.02,1180.0,49.34,15425,41,3,0,68.62,2.6517,11.9784
30,67.05,1.008,5.13,1776.0,57.38,30894,90,2,0,70.56,1.8042,13.0702
39,61.3,2.384,5.58,1535.9,44.59,34314,15,13,0,71.49,1.4147,10.9857
19,67.56,1.225,7.03,1622.0,62.73,34234,75,12,0,69.58,1.185,9.6102
15,53.77,2.083,5.61,1274.1,77.14,12711,110,16,0,70.7,2.2291,9.5847
24,74.27,4.094,5.46,1743.3,45.48,2448,86,13,0,67.5,2.0748,13.6026
24,65.12,2.408,5.4,1377.2,65.61,2586,86,13,0,67.58,2.0323,12.0593
7,82.71,1.611,6.23,1519.0,69.93,2953,118,6,0,69.57,1.3299,13.2761
31,64.0,1.549,4.45,1748.4,73.91,8519,56,3,0,74.61,2.5626,14.382
39,62.04,0.778,5.24,1395.3,39.8,34319,15,13,0,71.13,1.4606,11.8397
42,54.4,1.571,4.7,1518.3,45.56,5704,63,17,0,67.81,1.2999,11.5745
26,56.33,3.532,5.85,1339.6,55.15,11961,95,13,0,69.88,3.9793,9.6291
16,67.01,2.473,6.91,1448.6,58.85,3385,83,12,0,72.18,2.079,9.6975
20,83.11,1.893,6.75,1203.3,59.62,24744,31,3,0,67.93,1.645,12.3126
31,65.95,1.732,5.31,1772.7,40.25,8255,56,3,0,74.32,2.323,12.42
21,84.05,2.308,5.19,1564.3,50.32,41165,7,11,0,69.87,2.4358,16.1946
2,95.51,19.519,2.93,1428.5,67.56,6975,88,17,1,73.01,3.9398,32.5973
17,66.48,1.202,7.08,1047.4,39.71,49146,49,0,0,71.63,1.6562,9.3898
16,82.12,1.825,3.6,1866.9,72.94,3259,83,12,1,72.38,2.0904,22.8111
12,61.12,2.439,5.46,1483.7,60.87,32353,111,6,0,65.84,2.0473,11.1941
44,67.16,1.415,4.86,1079.9,64.21,15562,41,3,0,69.3,2.6221,13.8189
36,51.25,9.987,5.58,868.4,54.92,32594,32,13,0,68.85,1.979,9.1846
25,56.43,1.983,6.23,1052.2,50.34,8770,25,2,0,68.29,2.561,9.0578
40,83.22,1.831,4.89,1133.2,63.84,39425,23,8,0,70.33,1.04,17.0184
40,76.6,3.845,5.48,1627.1,51.57,39349,23,8,0,70.11,1.0809,13.9781
49,67.46,4.175,5.72,1628.3,66.83,35278,62,5,0,69.74,5.7426,11.7937
18,58.59,2.819,4.77,1395.7,51.14,32813,65,18,0,68.09,1.5559,12.283
28,69.38,2.298,4.84,1234.4,61.07,48036,40,2,0,71.39,4.8505,14.3347
14,114.43,3.381,3.08,1701.2,69.15,33149,41,2,1,73.29,2.0912,37.1526
10,74.89,1.906,4.05,1476.8,60.41,31025,81,9,0,70.38,3.164,18.4914
26,80.8,2.177,5.05,1484.5,81.95,12066,95,13,0,70.32,3.9765,16.0
38,90.76,10.704,3.18,2070.5,92.18,28393,81,13,1,67.9,2.7014,28.5409
25,66.86,2.77,5.82,1292.2,61.08,9029,25,2,0,68.0,2.5541,11.488
3,100.29,2.469,2.77,1569.5,53.49,50211,40,16,1,69.14,2.4066,36.2058
41,60.14,1.45,5.95,1491.8,42.31,16955,22,7,0,71.83,1.5909,10.1076
28,65.05,4.361,6.38,1523.2,30.36,47916,40,2,0,71.51,4.8553,10.1959
17,58.54,1.836,6.52,1434.9,76.9,48987,49,0,0,70.29,1.6626,8.9785
45,74.9,5.534,5.83,1528.7,46.0,1207,30,11,0,68.88,1.4868,12.8473
26,69.26,2.693,6.02,1612.0,66.93,11820,95,13,0,70.21,3.9792,11.505
49,79.46,4.032,4.78,1194.9,53.83,35261,62,5,0,69.91,5.7186,16.6234
44,74.17,9.476,5.57,1756.2,58.02,15390,41,3,0,70.05,2.9288,13.316
28,70.37,4.267,4.26,1408.7,64.85,48104,40,2,0,72.23,4.8433,16.5188
33,70.55,2.636,4.5,1390.6,67.0,17737,109,0,0,71.59,1.7732,15.6778
46,66.78,7.972,5.19,1127.8,66.07,11289,19,9,0,72.59,1.9474,12.8671
17,65.32,3.723,5.67,1159.5,50.11,49141,49,0,0,69.88,1.6591,11.5203
27,84.36,1.478,5.9,1436.2,69.45,2183,52,16,0,69.9,1.5444,14.2983
27,89.45,8.568,2.72,1426.6,99.09,1949,52,16,1,70.68,1.9583,32.886
33,53.75,1.818,5.29,1515.8,50.15,17496,109,0,0,70.96,1.7746,10.1607
24,48.61,3.609,5.09,1336.3,52.14,2229,86,13,0,66.96,2.0269,9.5501
12,64.91,1.199,6.17,1526.5,48.88,32369,111,6,0,65.89,2.0452,10.5203
24,86.81,5.259,3.55,1751.1,77.32,2515,86,13,1,67.74,2.0723,24.4535
24,59.45,1.9,5.74,1604.9,53.92,2277,86,13,0,67.84,2.0821,10.3571
44,64.73,4.638,3.11,1179.6,61.96,15218,41,3,0,69.66,2.9215,20.8135
42,69.54,1.769,5.64,1569.7,59.0,5507,63,17,0,67.75,1.3154,12.3298
16,91.84,5.345,5.16,1444.1,50.32,3345,83,12,0,72.56,1.7096,17.7984
42,69.33,1.931,7.02,931.8,44.92,5578,63,17,0,67.71,1.2836,9.8761
29,75.0,1.454,6.71,1414.5,46.03,37140,18,13,0,71.96,1.716,11.1773
13,74.61,3.552,4.68,1415.6,53.21,47083,72,9,0,71.74,0.9298,15.9423
48,72.57,2.442,5.34,1035.6,66.05,29927,115,7,0,71.85,3.0529,13.5899
25,66.4,1.83,5.39,1356.0,51.41,9032,25,2,0,67.88,1.5296,12.3191
50,64.58,4.475,5.94,1767.8,46.87,22461,21,3,0,69.8,1.1298,10.8721
20,72.39,3.449,7.13,1391.2,50.83,24711,31,3,0,68.27,1.654,10.1529
47,56.55,2.529,6.9,1296.7,67.97,18086,55,7,0,69.14,1.8823,8.1957
49,95.89,11.77,5.06,1416.9,75.07,34949,62,5,1,71.41,5.9271,18.9506
45,62.5,2.936,5.56,1270.0,60.02,984,30,11,0,67.86,1.3551,11.241
28,66.52,2.266,6.01,1377.1,58.18,47752,40,2,0,71.78,4.8472,11.0682
32,81.03,2.291,4.54,1310.2,49.58,26147,56,0,0,71.6,2.3807,17.848
40,72.08,0.871,5.3,1421.5,32.16,39200,23,8,0,70.12,1.1104,13.6
26,51.91,1.115,4.95,1716.5,47.2,12139,95,13,0,68.09,3.9259,10.4869
50,65.45,1.163,5.52,1529.2,63.12,22490,21,3,0,69.69,1.1449,11.8569
50,69.76,1.836,5.8,1411.9,68.24,22118,21,3,0,69.5,1.1348,12.0276
48,71.21,3.915,6.02,1568.6,76.75,29942,115,7,0,72.12,3.0542,11.8289
38,76.31,3.388,4.06,1593.7,48.01,28253,81,13,0,68.25,2.6422,18.7956
4,70.37,0.576,5.49,1381.7,49.66,31535,45,1,0,71.84,2.3423,12.8179
12,67.21,0.887,6.79,1649.7,60.49,32207,111,6,0,65.92,2.085,9.8984
38,59.43,1.173,6.87,1413.8,57.02,28344,81,13,0,67.97,2.6739,8.6507
25,63.58,1.683,5.42,1612.3,56.61,8981,25,2,0,67.84,1.526,11.7306
12,53.56,1.513,5.23,1646.4,40.51,32440,111,6,0,65.38,2.1142,10.2409
49,98.38,5.955,2.55,1452.8,50.93,34918,62,5,1,72.26,5.906,38.5804
17,67.25,0.428,4.74,1409.2,57.52,48810,49,0,0,70.21,1.5184,14.1878
23,55.78,2.129,4.46,1516.7,63.34,6357,25,12,0,70.63,2.3371,12.5067
32,66.65,1.587,5.49,1342.1,79.01,25933,56,0,0,71.72,2.3895,12.1403
3,65.6,3.021,5.4,1464.7,64.49,50412,40,16,0,69.37,1.9377,12.1481
39,62.65,1.554,4.88,1869.2,44.87,34343,15,13,0,71.23,1.4581,12.8381
39,69.46,2.146,4.83,1205.7,64.5,34367,15,13,0,71.49,1.4316,14.381
28,60.08,3.85,5.15,1605.6,48.74,47897,40,2,0,70.79,4.849,11.666
27,73.82,2.281,6.18,1508.4,64.53,2180,52,16,0,70.61,1.9538,11.945
31,56.64,2.573,6.54,1530.1,64.13,8205,56,3,0,73.61,2.3217,8.6606
35,81.31,2.241,4.34,1666.6,73.36,8385,57,10,1,68.43,0.9081,18.735
20,71.84,2.932,6.73,1554.8,55.34,24811,31,3,0,68.64,1.6171,10.6746
39,79.02,1.826,6.04,1515.0,68.67,34222,15,13,0,70.2,1.042,13.0828
44,63.79,0.938,5.19,1580.4,60.87,15434,41,3,0,69.54,2.9596,12.2909
3,84.94,2.768,5.57,1156.8,60.48,50304,40,16,0,69.9,1.9364,15.2496
24,62.2,2.577,5.64,1539.8,34.68,2250,86,13,0,67.7,1.8816,11.0284
20,66.4,2.448,4.66,1715.6,58.84,24767,31,3,0,69.16,1.5862,14.2489
39,65.41,1.852,5.9,1800.6,67.33,34381,15,13,0,69.6,0.8417,11.0864
25,77.72,2.578,4.56,1756.6,51.18,8838,25,2,0,68.24,1.5124,17.0439
42,70.58,3.871,5.84,1380.8,42.69,5575,63,17,0,68.23,1.2961,12.0856
41,79.47,1.934,6.31,1343.6,65.69,16934,22,7,0,72.14,1.5903,12.5943
31,55.82,3.553,5.78,1327.6,30.35,8432,56,3,0,71.79,2.3087,9.6574
28,56.77,1.451,3.91,1562.4,53.72,47712,40,2,0,70.45,4.8593,14.5192
2,56.7,1.015,4.35,1989.3,44.82,6576,88,17,0,72.78,3.9644,13.0345
5,72.69,6.038,5.42,1330.2,29.95,31507,49,5,0,69.01,1.0603,13.4114
24,61.08,3.854,6.23,1563.7,49.33,2415,86,13,0,67.43,1.8945,9.8042
6,96.69,5.813,2.45,1679.2,100.06,28394,71,2,1,74.07,1.5976,39.4653
12,55.33,1.565,3.35,978.4,48.07,32364,111,6,0,65.16,2.1172,16.5164
11,85.14,1.822,6.74,1638.8,57.84,39962,84,14,0,68.83,0.9386,12.632
22,71.14,4.234,5.54,1312.8,55.19,25186,35,6,0,73.39,1.6439,12.8412
50,64.66,1.307,5.54,1345.1,59.75,22256,21,3,0,69.32,1.1168,11.6715
19,73.0,1.551,4.9,1483.3,64.32,34264,75,12,0,69.84,1.15,14.898
4,69.09,1.89,6.88,1699.9,59.61,31622,45,1,0,71.87,2.3028,10.0422
8,64.52,2.927,4.15,1173.0,65.02,39906,98,4,0,69.54,1.5534,15.547
11,71.41,2.11,5.98,1547.5,54.84,39677,84,14,0,68.81,0.9391,11.9415
47,78.42,1.977,5.85,1500.4,57.98,17986,55,7,0,69.14,1.8827,13.4051
37,66.49,2.413,6.12,1479.6,39.71,14750,91,13,0,69.6,1.9119,10.8644
33,76.9,3.778,5.72,1467.8,59.08,17382,109,0,0,70.44,0.927,13.4441
2,64.85,2.35,4.88,1215.8,61.5,6583,88,17,0,72.31,3.9681,13.2889
46,74.72,2.576,4.99,1415.5,80.28,11224,19,9,0,72.69,1.9034,14.9739
2,97.89,5.032,2.68,1681.4,63.11,7025,88,17,1,73.27,3.9745,36.5261
32,67.52,3.143,6.72,1553.5,47.83,26268,56,0,0,71.48,2.3499,10.0476
23,67.88,1.712,5.19,1477.6,57.37,6656,25,12,0,70.7,2.3011,13.079
42,77.45,1.24,5.43,1288.9,52.75,5615,63,17,0,68.53,1.338,14.2634
7,79.53,1.31,4.87,1573.4,73.19,2663,118,6,0,69.71,1.077,16.3306
13,65.35,4.432,6.09,1584.3,54.27,46736,72,9,0,71.87,0.9744,10.7307
42,70.64,1.025,6.0,1290.8,52.16,5773,63,17,0,68.9,1.3852,11.7733
21,67.18,2.762,4.56,1320.0,58.03,41249,7,11,0,68.58,2.4357,14.7325
4,51.59,1.529,5.69,1650.2,60.25,31505,45,1,0,71.06,2.3207,9.0668
9,75.41,1.719,4.99,1564.1,35.25,28940,28,7,0,71.1,2.0217,15.1122
12,71.53,2.775,6.75,1391.7,45.31,32570,111,6,0,65.37,2.1195,10.597
23,67.81,5.522,4.84,1590.5,57.84,6481,25,12,0,70.18,2.3281,14.0103
49,58.33,2.908,5.63,1274.5,55.08,34860,62,5,0,72.5,5.8987,10.3606
22,62.7,3.298,5.37,1271.0,68.06,25176,35,6,0,73.13,1.5971,11.676
5,68.68,1.292,4.66,1439.9,30.89,31172,49,5,0,69.54,1.0879,14.7382
5,70.53,1.567,4.52,1366.3,51.58,31420,49,5,0,69.16,1.1009,15.604
23,55.55,4.181,4.86,1372.2,61.9,6250,25,12,0,68.92,2.3247,11.43
19,66.94,1.105,3.93,1338.0,50.27,34186,75,12,0,70.05,1.1847,17.0331
41,73.95,2.825,5.75,1515.9,58.55,16975,22,7,0,72.58,1.4985,12.8609
47,62.91,1.667,5.56,1342.7,61.78,17844,55,7,0,68.79,1.8737,11.3147
26,63.18,4.969,5.75,1254.7,83.79,11873,95,13,0,67.88,3.9378,10.9878
25,77.77,0.995,5.63,1528.2,34.5,9094,25,2,0,68.5,1.5275,13.8135
27,76.81,8.73,4.06,1183.9,55.91,2200,52,16,1,70.89,2.2838,18.9187
42,68.93,2.952,6.06,1116.9,29.41,5948,63,17,0,69.13,1.3842,11.3746
9,62.1,3.813,6.29,1803.4,66.7,28595,28,7,0,70.75,2.0333,9.8728
37,71.9,2.015,5.81,1697.6,44.8,14428,91,13,0,69.4,1.9071,12.3752
19,57.49,0.942,5.83,1692.6,63.4,33969,75,12,0,69.32,1.2246,9.8611
14,66.64,3.017,3.98,1385.6,49.05,33009,41,2,0,73.01,2.0822,16.7437
6,64.77,1.307,4.27,1267.2,68.95,28529,71,2,0,73.67,1.5544,15.1686
49,77.53,3.088,5.17,1217.5,55.43,34836,62,5,0,72.84,5.8872,14.9961
22,73.39,2.327,5.08,1525.3,70.85,25056,35,6,0,72.89,1.6046,14.4469
32,59.75,1.463,5.87,1684.0,48.85,25924,56,0,0,70.76,2.3596,10.1789
32,66.93,4.097,5.03,1477.6,62.68,25905,56,0,0,71.07,2.3754,13.3062
33,68.57,1.238,5.95,1375.2,36.79,17842,109,0,0,70.33,0.9552,11.5244
14,81.48,4.903,4.54,1564.1,59.78,33187,41,2,0,73.64,2.0911,17.9471
1,77.38,3.882,5.94,1490.0,55.22,2475,74,9,0,71.1,4.625,13.0269
12,70.8,1.317,5.37,1490.8,66.68,32576,111,6,0,65.12,2.1555,13.1844
33,80.36,13.06,2.81,2163.8,77.28,17697,109,0,1,69.98,2.3701,28.5979
1,72.2,0.697,5.51,1798.9,53.47,2376,74,9,0,70.72,4.6411,13.1034
17,66.2,2.267,5.0,1693.2,70.73,48986,49,0,0,70.24,1.5114,13.24
5,63.73,1.669,5.82,956.0,48.13,31474,49,5,0,69.38,1.1069,10.9502
40,71.55,2.532,4.7,1090.9,52.02,39205,23,8,0,70.6,1.0922,15.2234
15,73.15,2.663,5.65,1454.0,62.62,12667,110,16,0,71.2,2.2253,12.9469
16,81.4,5.191,4.45,1667.0,46.12,3258,83,12,0,73.33,1.743,18.2921
42,61.41,4.351,5.79,1288.9,48.68,5959,63,17,0,68.54,1.1798,10.6062
2,53.69,0.966,6.08,1277.2,68.73,6912,88,17,0,72.38,4.01,8.8306
50,66.61,3.121,4.88,1527.1,43.06,22536,21,3,0,68.85,1.1286,13.6496
8,59.15,2.555,4.57,1647.4,46.53,39802,98,4,0,69.46,1.529,12.9431
9,68.6,0.764,5.42,1688.0,48.58,28992,28,7,0,70.96,2.0588,12.6568
25,61.58,5.291,6.89,1403.8,62.59,9167,25,2,0,68.33,1.6357,8.9376
11,68.39,1.367,5.14,1256.9,59.59,39682,84,14,0,69.09,0.9671,13.3054
22,79.5,1.684,5.58,1350.9,41.1,25344,35,6,0,73.46,1.6281,14.2473
16,59.14,1.26,4.91,1293.4,69.68,3366,83,12,0,72.64,1.7493,12.0448
6,56.26,3.104,3.63,1414.8,47.94,28488,71,2,0,72.77,1.5152,15.4986
6,79.08,2.493,5.81,1506.4,41.58,28477,71,2,0,73.65,1.514,13.611
21,72.24,5.468,6.14,1368.2,69.24,41351,7,11,0,68.98,2.447,11.7655
34,76.1,1.255,5.0,1517.9,74.6,36863,12,19,0,71.14,1.7696,15.22
21,82.11,1.758,4.65,1672.5,79.34,41553,7,11,0,69.52,2.4546,17.6581
37,76.05,3.434,6.08,1321.1,37.73,14457,91,13,0,69.71,1.9003,12.5082
31,110.07,7.461,3.16,976.0,98.49,8375,56,3,1,73.55,2.488,34.8323
4,75.88,4.082,5.24,1629.3,68.05,31536,45,1,0,71.34,2.3284,14.4809
35,68.55,1.45,5.4,1797.3,65.41,8306,57,10,0,68.48,0.9209,12.6944
48,66.87,4.658,5.94,1265.9,84.63,29618,115,7,0,71.94,3.0649,11.2576
9,94.08,11.737,3.26,1181.6,73.5,28645,28,7,1,72.01,2.7731,28.8589
7,64.65,4.602,4.38,1332.7,38.26,3016,118,6,0,69.22,1.1707,14.7603
17,76.49,1.112,6.18,1357.4,32.36,48792,49,0,0,70.7,1.5098,12.377
28,72.58,1.123,4.51,1611.9,69.66,48071,40,2,0,70.55,4.867,16.0931
2,63.63,3.889,3.73,1131.5,50.31,6670,88,17,0,72.03,4.0105,17.059
7,60.91,3.202,5.12,1468.7,50.1,2718,118,6,0,68.96,1.1771,11.8965
29,67.34,3.74,5.97,1378.6,48.96,36680,18,13,0,71.42,1.6991,11.2797
18,65.43,2.293,6.72,1334.7,63.53,33089,65,18,0,68.21,1.5499,9.7366
43,56.57,1.606,5.79,1326.9,44.61,22270,106,18,0,69.15,1.1926,9.7703
43,64.16,1.866,4.93,1370.2,69.13,22130,106,18,0,68.96,1.1988,13.0142
47,66.22,2.258,5.34,1082.4,57.17,17679,55,7,0,68.1,1.8705,12.4007
25,71.08,1.495,4.1,1165.6,70.14,9086,25,2,0,69.33,1.6329,17.3366
36,73.05,2.26,5.49,1509.4,55.19,32302,32,13,0,69.37,1.9523,13.306
29,69.73,6.622,4.81,1560.4,63.42,36962,18,13,0,71.65,1.7838,14.4969
37,60.6,2.439,4.41,1435.4,49.09,14666,91,13,0,69.46,1.8595,13.7415
8,61.4,5.676,4.2,1642.2,48.62,39764,98,4,0,68.99,1.6444,14.619
29,72.45,1.296,4.98,1485.2,75.96,37108,18,13,0,71.34,1.8341,14.5482
26,68.93,1.521,5.83,1419.7,59.96,12026,95,13,0,68.09,3.9252,11.8233
29,56.36,1.78,6.05,1552.2,72.08,37009,18,13,0,70.85,1.8032,9.3157
13,55.19,1.829,5.31,1460.3,67.53,46929,72,9,0,70.98,0.9754,10.3936
24,66.98,4.728,6.56,1223.5,55.35,2299,86,13,0,67.64,1.9311,10.2104
47,66.27,2.385,5.76,1290.7,66.18,17795,55,7,0,67.82,1.8288,11.5052
47,58.79,3.879,5.97,1180.4,73.07,17761,55,7,0,67.73,1.8198,9.8476
35,68.08,3.121,4.73,1450.1,49.89,8323,57,10,0,68.71,0.8518,14.3932
10,65.37,2.218,4.9,1291.5,56.45,31073,81,9,0,69.52,3.1685,13.3408
9,69.56,2.294,5.22,1681.6,47.53,28904,28,7,0,71.74,2.7715,13.3257
49,80.92,5.72,4.56,1559.8,62.22,35309,62,5,0,73.61,5.8714,17.7456
22,84.57,2.602,5.31,1186.1,43.49,24977,35,6,0,74.41,1.4222,15.9266
8,65.19,3.043,4.66,1614.2,47.46,39672,98,4,0,69.29,1.6245,13.9893
13,70.09,1.602,5.49,1008.8,29.57,47086,72,9,0,71.08,0.9397,12.7668
26,55.99,2.511,4.6,1270.1,57.34,12082,95,13,0,67.72,3.9229,12.1717
29,61.61,1.397,5.63,1555.2,27.15,36710,18,13,0,70.93,1.8407,10.9432
18,64.16,5.038,3.76,1440.5,58.87,33024,65,18,0,68.15,1.3396,17.0638
19,51.65,8.625,4.86,1112.3,39.07,33922,75,12,0,69.27,1.7424,10.6276
50,91.76,0.598,5.61,1261.0,60.28,22241,21,3,0,70.2,1.1808,16.3565
47,82.71,4.025,6.56,1321.7,51.04,17792,55,7,0,68.24,1.8124,12.6082
18,65.61,3.265,5.19,1284.4,54.0,32953,65,18,0,67.62,1.343,12.6416
35,75.62,3.269,5.47,1554.2,48.58,8071,57,10,0,68.96,0.8401,13.8245
46,64.91,3.893,5.27,1590.0,36.02,11387,19,9,0,72.36,1.8742,12.3169
25,61.82,2.214,4.92,1493.1,58.65,8930,25,2,0,69.06,1.253,12.565
44,82.09,1.985,5.34,1466.1,43.41,15214,41,3,0,70.22,2.963,15.3727
16,52.56,1.819,6.37,1247.7,64.2,3325,83,12,0,72.56,1.7105,8.2512
17,62.98,1.634,4.75,1224.5,58.92,48885,49,0,0,70.42,1.5164,13.2589
26,65.89,2.95,4.57,1485.5,66.66,12011,95,13,0,67.73,3.848,14.4179
16,70.85,1.418,6.42,1508.8,57.45,3343,83,12,0,72.54,1.7314,11.0358
50,65.13,2.088,4.88,1621.1,37.17,22246,21,3,0,70.39,1.1647,13.3463
14,57.38,2.029,6.15,1238.5,46.35,32874,41,2,0,73.49,2.0557,9.3301
29,87.35,2.857,4.46,1750.0,70.82,37003,18,13,0,71.59,1.8426,19.5852
48,73.98,1.243,5.17,1625.7,42.99,29764,115,7,0,71.8,3.0897,14.3095
14,76.67,1.28,5.54,1170.2,53.44,33228,41,2,0,73.8,2.0676,13.8394
12,97.94,7.731,5.79,1715.7,72.71,32596,111,6,1,66.15,2.3481,16.9154
30,64.16,2.123,4.14,1286.9,53.19,30738,90,2,0,70.66,1.8022,15.4976
26,76.8,3.648,4.74,1223.1,79.12,11900,95,13,0,68.12,3.8476,16.2025
35,73.71,3.89,3.65,1503.1,81.04,8399,57,10,0,68.88,0.9048,20.1945
19,67.57,4.463,5.94,1484.8,68.89,33962,75,12,0,69.27,1.7762,11.3754
19,68.27,1.649,5.91,1627.6,65.57,34147,75,12,0,69.11,1.7908,11.5516
45,66.27,2.719,4.98,1438.6,45.17,913,30,11,0,68.09,1.3059,13.3072
14,89.68,3.713,5.07,1415.9,46.88,32862,41,2,0,74.65,2.0429,17.6884
34,77.89,2.089,5.4,1662.2,66.05,37078,12,19,0,71.35,1.7668,14.4241
2,68.12,1.861,5.51,1696.1,60.85,6767,88,17,0,70.56,3.79,12.363
35,69.66,1.018,4.23,1871.8,53.69,8124,57,10,0,69.35,0.942,16.4681
33,86.98,9.477,5.82,1164.7,67.51,17544,109,0,1,70.83,2.7216,14.945
7,77.72,2.637,6.19,1523.9,49.36,2687,118,6,0,69.32,1.0321,12.5557
45,69.0,7.49,6.16,1713.7,59.16,1284,30,11,0,68.4,1.6446,11.2013
22,69.02,3.502,6.01,1598.0,58.45,25174,35,6,0,74.18,1.3938,11.4842
48,109.28,6.102,3.91,2299.5,77.03,30004,115,7,1,73.3,3.1344,27.9488
33,81.57,19.757,5.27,1389.7,80.37,17686,109,0,1,71.14,4.3044,15.4782
31,76.41,1.735,6.0,1483.9,67.31,8570,56,3,0,74.52,2.4838,12.735
39,78.49,1.239,4.78,1122.8,40.82,34122,15,13,0,69.35,0.8628,16.4205
29,73.52,1.616,4.99,1361.6,88.56,36660,18,13,0,71.66,1.865,14.7335
11,79.44,1.945,5.92,1199.1,50.6,39821,84,14,0,69.58,0.9729,13.4189
3,65.81,3.59,5.65,1608.3,33.0,50145,40,16,0,69.45,1.9387,11.6478
45,66.71,3.948,6.73,1668.7,56.54,1201,30,11,0,68.57,1.6607,9.9123
39,67.94,4.419,4.52,1485.9,49.77,34289,15,13,0,69.07,0.967,15.031
9,60.02,1.648,5.65,1286.2,54.15,28810,28,7,0,70.64,2.4818,10.623
28,65.38,1.154,4.16,1603.2,72.11,47786,40,2,0,69.8,4.8726,15.7163
30,66.31,2.475,6.44,1524.6,55.57,30700,90,2,0,70.8,1.7968,10.2966
22,54.68,5.921,6.27,1180.5,67.83,25098,35,6,0,74.57,1.5128,8.7209
37,77.32,1.935,5.26,1472.9,67.85,14720,91,13,0,69.76,1.8548,14.6996
49,58.56,3.099,5.27,1070.2,56.48,34833,62,5,0,73.03,5.8632,11.112
8,65.72,2.237,4.82,1308.7,48.62,39832,98,4,0,69.06,1.5963,13.6349
12,69.96,2.166,5.58,1093.2,54.19,32431,111,6,0,65.99,2.3578,12.5376
49,73.77,1.148,5.26,1654.0,35.18,35283,62,5,0,73.29,5.8869,14.0247
24,95.42,6.102,3.21,1872.0,112.97,2178,86,13,1,69.28,2.0007,29.7259
41,73.87,3.967,3.37,1282.6,47.52,16642,22,7,0,73.09,1.4888,21.9199
20,52.96,7.583,5.03,1107.1,76.33,24639,31,3,0,68.57,1.8286,10.5288
41,86.03,5.01,1.9,1827.6,85.38,16641,22,7,1,73.67,1.5333,45.2789
11,67.77,2.745,5.28,1556.5,48.2,39996,84,14,0,69.49,0.9527,12.8352
6,75.37,2.771,5.32,1227.9,80.84,28369,71,2,0,73.22,1.506,14.1673
5,56.98,6.02,4.67,1318.7,60.98,31186,49,5,0,68.93,1.2966,12.2013
28,86.72,1.269,6.44,1544.5,52.51,47928,40,2,0,70.75,4.8869,13.4658
38,63.76,2.033,6.47,1485.4,34.89,28151,81,13,0,68.16,2.6708,9.8547
15,71.44,2.589,6.31,1730.9,27.36,12557,110,16,0,71.43,2.225,11.3217
33,63.91,1.506,5.03,1305.8,55.22,17781,109,0,0,70.95,4.3184,12.7058
35,107.68,2.608,3.23,1269.4,92.12,8098,57,10,1,70.67,0.925,33.3375
43,51.01,3.718,6.44,1738.1,52.86,22471,106,18,0,68.7,1.2252,7.9208
19,81.68,2.081,5.33,1113.0,71.26,33884,75,12,0,70.21,1.7735,15.3246
41,61.39,2.439,3.96,1620.7,40.66,16922,22,7,0,73.79,1.4787,15.5025
32,70.37,2.943,4.59,1350.9,66.27,26125,56,0,0,70.99,2.3755,15.3312
35,66.42,1.331,4.75,1701.2,39.64,8215,57,10,0,70.74,0.8946,13.9832
4,67.96,1.162,6.19,1462.9,60.1,31792,45,1,0,70.99,2.3422,10.979
17,59.79,4.135,6.14,1302.3,49.65,48774,49,0,0,69.84,1.5605,9.7378
47,66.15,1.624,4.79,1371.1,50.59,17688,55,7,0,68.16,1.6711,13.81
40,70.41,2.066,3.17,1467.9,56.35,39400,23,8,0,71.04,1.0638,22.2114
19,88.82,2.863,5.34,1377.5,46.67,33998,75,12,0,71.07,1.7707,16.633
20,59.4,2.941,4.5,1053.6,41.72,24822,31,3,0,67.47,1.801,13.2
45,84.93,1.241,4.3,1286.9,53.61,941,30,11,0,69.28,1.6878,19.7512
24,64.07,1.77,5.9,1495.3,64.03,2402,86,13,0,69.38,1.9632,10.8593
34,67.94,4.115,4.94,1824.3,62.68,36805,12,19,0,71.58,1.7777,13.753
7,63.53,1.486,5.84,1466.8,47.08,2775,118,6,0,69.37,1.0441,10.8784
4,53.63,2.507,4.11,1514.6,68.54,31849,45,1,0,70.13,2.3327,13.0487
22,68.89,1.398,4.95,1454.2,45.49,24864,35,6,0,74.62,1.5508,13.9172
43,66.41,4.722,4.49,1617.7,41.9,22036,106,18,0,68.13,1.2877,14.7906
15,69.33,3.637,6.56,1484.3,80.23,12709,110,16,0,71.61,2.2298,10.5686
11,70.62,1.264,6.01,1543.9,51.61,39787,84,14,0,69.88,0.9752,11.7504
29,63.61,2.8,6.84,1386.0,57.04,36782,18,13,0,71.11,1.8346,9.2997
11,58.91,1.878,3.36,1562.3,53.16,40013,84,14,0,69.11,0.8722,17.5327
21,70.66,0.653,5.77,1387.6,53.96,41250,7,11,0,69.66,2.4865,12.2461
42,60.61,4.574,6.16,1262.0,51.57,5801,63,17,0,68.86,1.233,9.8393
22,67.09,1.954,5.0,1797.5,75.23,24875,35,6,0,73.38,1.5638,13.418
35,58.8,2.159,5.07,1697.2,66.04,8082,57,10,0,70.9,0.8891,11.5976
9,61.87,2.474,5.63,1649.3,71.37,28861,28,7,0,70.39,2.4673,10.9893
44,69.0,3.658,4.73,1509.8,53.45,15655,41,3,0,70.27,2.934,14.5877
22,59.65,2.259,7.43,1599.6,57.98,24966,35,6,0,72.77,1.5546,8.0283
14,69.04,3.232,5.37,1482.6,63.58,32841,41,2,0,75.25,1.9298,12.8566
40,75.73,1.859,5.24,1545.7,58.51,39354,23,8,0,71.3,1.0681,14.4523
8,71.94,2.097,4.74,1435.2,73.59,39591,98,4,0,69.2,1.5485,15.1772
34,64.75,3.315,6.63,1577.1,50.84,36772,12,19,0,71.16,1.7782,9.7662
20,77.69,2.963,5.11,1554.1,67.93,24982,31,3,0,68.23,1.8009,15.2035
22,56.62,1.904,5.62,1066.3,53.84,24985,35,6,0,72.01,1.5331,10.0747
26,74.2,2.227,5.64,1660.8,44.73,12060,95,13,0,68.23,3.8488,13.156
14,75.69,2.68,5.09,1297.8,38.34,33039,41,2,0,74.65,1.9208,14.8703
46,68.82,1.528,5.12,1692.3,62.99,11094,19,9,0,72.33,1.8855,13.4414
22,62.74,2.843,4.24,1507.6,60.37,25076,35,6,0,71.48,1.2832,14.7972
30,59.87,4.842,6.17,1269.1,58.58,30746,90,2,0,70.88,1.8541,9.7034
44,56.83,1.885,5.15,1484.7,71.85,15550,41,3,0,69.89,2.9238,11.035
12,60.47,2.686,6.82,1711.4,50.55,32192,111,6,0,65.99,2.3555,8.8666
34,67.48,1.022,5.11,1730.9,30.96,36848,12,19,0,70.7,1.7593,13.2055
34,75.42,1.345,5.7,1677.8,42.67,37176,12,19,0,71.06,1.7383,13.2316
40,58.15,1.47,6.74,1269.8,68.04,39272,23,8,0,71.38,1.0832,8.6276
17,73.63,0.717,3.68,1362.6,55.65,48792,49,0,0,70.08,1.5726,20.0082
5,64.95,0.949,5.16,1385.7,46.21,31351,49,5,0,68.79,1.3327,12.5872
32,49.52,1.233,5.3,1500.1,48.36,25953,56,0,0,70.13,2.3606,9.3434
5,78.18,4.994,4.69,1350.8,69.33,31434,49,5,0,69.11,1.424,16.6695
4,66.32,4.549,5.84,1505.1,63.11,31688,45,1,0,70.03,2.3353,11.3562
24,70.92,2.973,4.33,1316.6,37.65,2579,86,13,0,69.31,1.8675,16.3788
5,65.79,2.46,5.17,1741.9,49.32,31351,49,5,0,69.08,1.4085,12.7253
29,61.23,4.906,6.24,1775.9,52.07,37143,18,13,0,71.58,1.5843,9.8125
28,113.42,7.393,1.39,2016.7,73.93,48006,40,2,1,72.96,4.9526,81.5971
4,78.07,1.064,4.69,1615.9,42.82,31556,45,1,0,70.29,2.3677,16.6461
12,70.95,2.28,5.09,1108.7,68.26,32188,111,6,0,66.89,1.9133,13.9391
31,73.26,2.569,5.69,1336.2,70.59,8394,56,3,0,74.89,2.4496,12.8752
44,74.05,1.605,6.17,1470.0,66.97,15597,41,3,0,70.28,2.9296,12.0016
12,66.91,0.988,4.72,1468.7,56.53,32458,111,6,0,66.71,1.9552,14.1758
26,76.53,2.559,4.27,1622.4,64.04,12199,95,13,0,67.88,3.8497,17.9227
11,59.72,3.275,5.86,1448.2,60.2,39930,84,14,0,68.95,0.8761,10.1911
11,67.19,2.43,5.21,1389.1,64.64,39651,84,14,0,69.29,0.8662,12.8964
41,60.07,3.199,4.39,1377.7,63.79,17034,22,7,0,72.74,1.29,13.6834
43,71.25,3.089,4.99,1096.9,45.7,22258,106,18,0,68.07,1.2291,14.2786
1,68.32,2.182,5.95,1518.5,56.68,2602,74,9,0,71.08,4.6388,11.4824
40,106.17,10.748,2.5,1870.8,62.5,39460,23,8,1,72.75,2.0286,42.468
40,65.47,2.53,5.48,1587.9,48.31,39475,23,8,0,72.86,2.0282,11.9471
36,62.57,2.551,5.34,1640.2,54.72,32654,32,13,0,69.11,1.9527,11.7172
23,66.97,1.733,6.61,1488.1,56.02,6581,25,12,0,68.49,2.3168,10.1316
9,70.82,4.066,5.15,1395.4,56.34,28993,28,7,0,69.03,2.1421,13.7515
20,88.7,1.353,4.93,1615.1,61.75,24657,31,3,0,69.68,1.8068,17.9919
22,68.08,2.129,7.03,1612.8,65.57,25325,35,6,0,71.04,1.287,9.6842
23,68.47,2.69,6.15,1630.0,43.4,6612,25,12,0,68.77,2.2837,11.1333
46,75.98,1.507,3.92,1508.1,46.33,11120,19,9,0,72.96,1.8781,19.3827
29,62.2,3.817,4.31,1426.3,55.24,37059,18,13,0,71.45,1.5753,14.4316
46,58.77,1.6,6.64,1077.5,67.5,11400,19,9,0,72.68,1.861,8.8509
25,68.67,2.963,6.18,1486.1,70.59,9086,25,2,0,69.5,1.2506,11.1117
14,66.83,3.447,4.6,1321.5,56.2,33146,41,2,0,73.07,1.9151,14.5283
29,78.11,2.416,4.37,1675.7,55.49,36792,18,13,0,71.87,1.5722,17.8741
4,45.48,2.548,6.28,1176.3,66.51,31734,45,1,0,69.43,2.3298,7.242
17,66.35,2.687,7.15,1620.7,36.84,48783,49,0,0,70.9,1.5734,9.2797
18,66.92,1.458,5.47,1394.5,30.61,32845,65,18,0,68.02,1.1174,12.234
42,56.45,8.423,5.46,1228.7,53.25,5759,63,17,0,67.69,1.667,10.3388
37,60.67,1.996,5.65,1475.7,46.39,14653,91,13,0,69.53,1.8654,10.7381
35,60.5,1.923,6.15,933.9,63.54,8360,57,10,0,69.83,0.843,9.8374
49,73.85,1.689,5.0,1458.3,44.73,35160,62,5,0,72.14,5.9181,14.77
19,69.42,2.357,5.97,1464.1,49.84,34095,75,12,0,71.12,1.7715,11.6281
7,66.73,0.878,6.4,1174.5,58.07,2601,118,6,0,69.03,1.0641,10.4266
47,77.53,2.188,6.36,1182.1,56.5,18097,55,7,0,69.04,1.6764,12.1903
35,65.98,1.974,5.31,1365.1,62.84,8510,57,10,0,69.57,0.8361,12.4256
32,71.36,1.646,5.23,996.2,54.43,25945,56,0,0,70.3,2.3727,13.6444
14,62.9,1.677,4.8,1483.4,62.47,32814,41,2,0,71.55,1.276,13.1042
44,77.34,2.16,5.16,1739.7,42.32,15617,41,3,0,69.39,2.1733,14.9884
7,89.51,3.408,2.82,393.5,129.9,2820,118,6,1,69.74,1.0634,31.7411
20,66.46,3.332,4.9,1496.7,54.81,24758,31,3,0,70.0,1.7869,13.5633
31,55.85,2.109,4.6,1267.2,58.7,8378,56,3,0,74.54,2.4357,12.1413
4,96.01,3.419,2.38,1057.0,48.01,31857,45,1,1,70.66,2.3214,40.3403
19,54.39,2.409,4.76,1569.7,78.5,34128,75,12,0,69.77,1.7613,11.4265
21,70.48,1.048,6.02,1377.7,72.75,41200,7,11,0,69.8,2.5252,11.7076
13,68.65,2.239,5.67,1458.3,47.27,47030,72,9,0,71.46,0.8905,12.1076
9,55.73,2.072,5.45,1390.6,61.66,28536,28,7,0,68.25,2.1304,10.2257
3,74.92,1.733,5.27,1619.8,39.31,50305,40,16,0,69.44,1.9242,14.2163
44,67.48,1.734,7.25,1654.9,36.82,15456,41,3,0,69.45,2.1401,9.3076
8,72.64,2.898,5.17,1614.8,55.26,39560,98,4,0,69.6,1.5126,14.0503
24,72.41,2.709,5.99,1500.3,46.05,2355,86,13,0,69.22,1.3246,12.0885
36,69.18,2.572,5.61,1255.4,83.55,32383,32,13,0,68.47,1.951,12.3316
2,58.3,4.921,5.79,1473.8,54.35,6911,88,17,0,70.19,3.8066,10.0691
49,68.26,1.706,4.11,1341.1,68.28,34915,62,5,0,72.4,5.9128,16.6083
11,72.06,3.205,5.42,1642.9,70.29,39689,84,14,0,69.48,0.8682,13.2952
28,57.67,3.675,5.94,1760.4,21.4,47912,40,2,0,72.58,4.9285,9.7088
12,85.02,3.752,5.38,1563.6,68.22,32397,111,6,0,67.17,1.9566,15.803
17,62.7,2.421,4.9,1475.9,63.7,48808,49,0,0,70.51,1.5568,12.7959
49,62.35,3.792,5.42,1736.9,75.31,34943,62,5,0,72.54,5.8925,11.5037
7,71.06,2.563,6.2,1309.6,56.51,2807,118,6,0,69.75,1.0592,11.4613
20,50.75,1.398,6.05,1505.3,27.1,24597,31,3,0,69.01,1.8192,8.3884
24,71.58,6.372,7.22,987.9,60.85,2246,86,13,0,69.19,1.491,9.9141
18,75.42,1.265,6.5,1305.6,78.14,33189,65,18,0,68.05,1.1418,11.6031
8,52.62,5.624,4.34,1530.5,76.54,39869,98,4,0,68.68,1.6025,12.1244
6,74.83,3.436,6.01,1466.4,58.17,28332,71,2,0,73.68,1.4887,12.4509
10,74.16,1.526,5.42,1812.1,35.94,31250,81,9,0,69.34,3.1846,13.6827
28,110.52,7.12,3.19,1852.7,110.4,47805,40,2,1,74.09,4.9567,34.6458
5,64.63,1.558,4.01,1778.5,28.93,31261,49,5,0,68.41,1.4231,16.1172
15,64.76,5.121,5.08,1281.2,68.98,12569,110,16,0,71.3,2.2673,12.748
45,76.84,4.998,4.9,1396.2,55.45,981,30,11,0,69.27,1.7371,15.6816
4,65.9,1.51,5.57,1634.0,60.62,31901,45,1,0,70.35,2.2972,11.8312
33,76.68,0.993,4.95,1104.6,43.58,17761,109,0,0,71.73,4.3279,15.4909
38,57.31,2.276,5.03,1001.8,72.78,28231,81,13,0,66.06,2.3211,11.3936
27,66.08,1.495,5.14,1666.8,73.11,2322,52,16,0,71.17,2.287,12.856
14,76.87,1.558,5.12,1566.7,52.53,32990,41,2,0,71.71,1.2726,15.0137
40,69.82,1.421,4.95,1204.8,32.74,39040,23,8,0,72.25,2.0268,14.1051
31,73.74,3.41,5.73,1683.9,57.53,8433,56,3,0,74.52,2.4202,12.8691
26,61.47,1.791,5.18,1693.4,68.31,12103,95,13,0,66.82,0.996,11.8668
44,62.27,1.139,5.18,1191.1,68.31,15177,41,3,0,69.15,2.1462,12.0212
3,77.32,4.15,4.23,1661.1,56.68,50276,40,16,0,69.79,1.903,18.279
3,60.47,1.789,7.47,1184.5,58.69,50253,40,16,0,69.77,1.9117,8.095
26,60.45,1.43,6.85,1422.9,45.8,12045,95,13,0,66.67,0.9759,8.8248
32,61.3,1.7,3.72,1078.4,61.97,26165,56,0,0,69.72,2.3821,16.4785
6,100.42,4.466,2.1,1778.5,92.32,28754,71,2,1,74.61,1.5267,47.819
30,70.01,1.995,4.14,1629.1,55.29,30991,90,2,0,71.0,1.8377,16.9106
47,72.95,2.86,5.64,1689.0,26.81,17674,55,7,0,69.2,1.6365,12.9344
2,67.22,1.574,6.39,1616.0,64.27,6563,88,17,0,69.81,3.7931,10.5196
36,50.55,4.234,4.92,1447.5,54.02,32455,32,13,0,67.15,1.9725,10.2744
22,84.14,1.863,6.9,1501.4,60.81,25306,35,6,0,71.81,1.2139,12.1942
6,55.61,1.759,6.28,1362.1,50.06,28453,71,2,0,73.22,1.1587,8.8551
1,78.0,1.223,5.12,1495.6,74.25,2490,74,9,0,71.75,4.6294,15.2344
34,67.99,2.902,6.05,1126.7,59.0,37137,12,19,0,71.68,1.7376,11.238
18,75.37,4.523,4.35,1558.6,65.7,33058,65,18,0,68.54,1.1985,17.3264
4,73.92,2.37,6.45,1401.9,69.35,31851,45,1,0,69.5,2.2992,11.4605
43,70.36,4.179,4.27,1892.0,61.06,22072,106,18,0,68.34,1.259,16.4778
19,53.52,1.171,5.79,1671.6,37.47,33889,75,12,0,69.08,1.7794,9.2435
30,69.19,1.639,5.94,1666.1,88.32,30610,90,2,0,71.04,1.8123,11.6481
2,67.22,1.578,6.23,1627.9,61.08,6974,88,17,0,69.73,3.7814,10.7897
40,101.82,5.701,2.17,1426.0,71.67,39127,23,8,1,73.54,2.1222,46.9217
44,67.58,2.293,6.7,1402.1,46.24,15426,41,3,0,68.43,2.1478,10.0866
14,55.86,1.475,5.16,1347.6,62.5,33143,41,2,0,71.79,1.2357,10.8256
35,60.19,0.885,3.8,1358.0,45.1,8247,57,10,0,69.21,0.8869,15.8395
12,72.3,2.536,4.76,1420.8,45.19,32232,111,6,0,67.45,1.9485,15.1891
45,73.75,1.272,5.19,1256.1,45.84,1173,30,11,0,69.87,1.7662,14.21
3,63.65,2.103,5.86,1583.5,67.73,50025,40,16,0,69.83,1.9176,10.8618
36,65.8,1.568,6.42,1272.8,78.98,32645,32,13,0,66.34,1.8331,10.2492
14,56.44,3.269,6.22,1350.0,53.76,33181,41,2,0,71.09,1.2393,9.074
23,74.48,4.716,4.24,1312.1,60.74,6204,25,12,0,69.21,2.3063,17.566
42,63.73,4.984,4.72,1535.8,61.42,5618,63,17,0,67.64,1.7012,13.5021
21,50.46,1.236,5.72,1895.2,39.84,41293,7,11,0,69.12,2.2906,8.8217
47,69.25,1.344,4.79,1672.2,42.18,17867,55,7,0,69.37,1.6315,14.4572
14,62.57,2.017,4.8,1671.2,52.99,32918,41,2,0,70.27,1.2365,13.0354
40,62.47,1.679,4.89,1129.2,54.72,39332,23,8,0,73.39,2.1064,12.7751
41,56.19,3.457,6.93,1161.7,45.14,16616,22,7,0,72.21,1.2717,8.1082
7,75.22,1.786,4.89,1478.1,39.23,2639,118,6,0,70.85,1.0654,15.3824
15,58.19,1.561,4.5,1289.0,78.95,12944,110,16,0,70.92,2.2354,12.9311
37,69.34,2.731,5.25,1504.2,63.1,14349,91,13,0,69.69,1.8573,13.2076
37,64.8,0.915,6.57,1789.0,55.97,14468,91,13,0,69.7,1.9029,9.863
50,68.62,5.222,5.35,1332.5,67.84,22331,21,3,0,70.75,1.3093,12.8262
16,68.1,2.147,4.12,1428.8,46.13,3462,83,12,0,72.76,1.7252,16.5291
2,66.93,1.462,5.71,1491.0,65.85,6632,88,17,0,69.45,3.7959,11.7215
45,55.64,7.38,4.4,1270.9,67.91,989,30,11,0,69.1,1.9992,12.6455
8,71.69,3.086,5.24,1148.2,30.52,39693,98,4,0,68.66,1.5639,13.6813
24,72.63,1.102,4.7,1213.0,42.2,2286,86,13,0,69.61,1.5348,15.4532
48,64.28,2.379,5.36,1864.1,55.48,29799,115,7,0,73.09,3.1371,11.9925
11,63.33,2.115,5.46,1185.4,50.71,39822,84,14,0,69.06,0.8506,11.5989
12,72.59,2.072,5.68,1656.0,57.54,32211,111,6,0,67.68,1.9543,12.7799
36,68.7,1.93,4.68,1298.7,62.99,32491,32,13,0,66.43,1.813,14.6795
28,75.79,1.385,5.36,1565.8,40.17,47671,40,2,0,74.45,4.979,14.1399
30,63.09,2.775,5.3,1717.0,77.97,31053,90,2,0,70.97,1.7423,11.9038
22,72.32,3.883,6.61,1245.3,47.81,24873,35,6,0,71.38,1.0715,10.941
3,59.91,1.911,6.51,1244.2,36.34,50095,40,16,0,69.74,1.9262,9.2028
25,67.61,2.429,5.06,1357.6,33.8,9152,25,2,0,69.87,1.2436,13.3617
10,70.47,3.011,5.29,1145.9,33.27,31007,81,9,0,69.29,3.1585,13.3214
5,59.45,1.782,5.46,1503.0,64.49,31404,49,5,0,67.54,1.4318,10.8883
30,79.28,3.207,5.21,1690.4,62.59,30722,90,2,0,71.06,1.742,15.2169
17,70.01,2.499,6.22,1545.7,33.78,48854,49,0,0,71.09,1.5556,11.2556
45,83.82,8.598,5.36,1530.8,41.63,1004,30,11,1,70.03,2.2931,15.6381
21,77.32,1.433,5.69,1351.6,60.06,41462,7,11,0,70.16,2.3074,13.5888
36,65.33,1.822,5.16,1188.5,53.46,32659,32,13,0,65.82,1.8195,12.6609
41,99.61,6.107,3.3,1343.7,95.71,16784,22,7,1,72.85,1.4418,30.1848
21,80.97,3.2,4.81,1501.3,53.8,41563,7,11,0,70.65,2.3029,16.8337
48,61.57,1.66,5.65,1683.4,43.92,29958,115,7,0,71.65,3.136,10.8973
21,64.89,10.02,5.53,1358.5,76.06,41596,7,11,0,71.37,2.7392,11.7342
33,56.39,1.202,5.82,1678.5,55.9,17491,109,0,0,71.1,4.3589,9.689
33,62.56,1.471,5.9,1609.8,72.8,17746,109,0,0,71.38,4.3737,10.6034
12,65.76,1.482,5.41,1477.4,52.41,32552,111,6,0,66.95,1.6123,12.1553
14,80.11,1.385,5.68,1304.8,37.39,32979,41,2,0,71.16,1.1855,14.1039
2,63.94,1.182,5.21,1482.5,68.52,6680,88,17,0,69.8,3.7114,12.2726
30,64.2,2.088,3.82,1350.7,47.58,30750,90,2,0,70.84,1.7351,16.8063
13,72.0,4.342,5.55,1201.7,73.4,46861,72,9,0,71.48,0.9825,12.973
45,71.08,1.725,4.15,1206.1,47.22,1108,30,11,0,69.6,2.2728,17.1277
40,63.27,3.136,6.92,1683.1,28.36,39262,23,8,0,73.42,2.1074,9.1431
8,76.36,1.388,6.57,1538.1,60.93,39873,98,4,0,68.94,1.6025,11.6225
16,73.24,1.233,4.08,1274.0,55.54,3050,83,12,0,72.54,1.7556,17.951
4,71.34,3.117,4.03,1623.0,71.96,31753,45,1,0,69.71,2.2717,17.7022
28,64.11,1.494,5.25,1434.1,57.41,47623,40,2,0,74.62,4.9757,12.2114
23,76.1,1.268,5.61,1346.2,39.27,6613,25,12,0,69.91,1.3982,13.5651
10,72.21,2.428,5.5,1300.6,68.74,30947,81,9,0,69.69,3.063,13.1291
39,77.5,15.864,3.08,1633.1,98.92,34388,15,13,1,68.86,2.9362,25.1623
7,61.26,3.262,5.39,1660.7,72.78,2842,118,6,0,70.51,1.0302,11.3655
45,52.55,3.329,5.53,1582.1,65.17,1039,30,11,0,69.34,2.2562,9.5027
15,68.34,1.627,6.25,1440.1,58.52,12786,110,16,0,70.82,2.2242,10.9344
17,68.86,1.418,6.66,1303.5,76.41,49061,49,0,0,70.04,1.5683,10.3393
38,77.73,4.961,6.08,1760.5,56.83,28181,81,13,0,67.02,2.3598,12.7845
46,78.64,3.045,5.53,1672.9,70.29,11389,19,9,0,73.45,1.8566,14.2206
39,63.04,2.515,5.48,1526.7,56.84,34166,15,13,0,68.54,2.9244,11.5036
36,64.02,2.289,4.31,1788.2,38.85,32423,32,13,0,65.67,1.8164,14.8538
18,75.15,2.106,4.95,1566.8,50.59,33035,65,18,0,68.77,1.1814,15.1818
40,71.72,2.407,4.08,1552.5,52.37,39008,23,8,0,73.81,2.0956,17.5784
32,73.21,1.969,5.52,1506.0,28.92,26200,56,0,0,69.92,2.3867,13.2627
13,72.69,1.94,6.93,1254.6,47.71,46875,72,9,0,71.22,0.93,10.4892
12,83.59,3.617,5.02,1398.8,44.28,32600,111,6,0,67.79,1.6262,16.6514
36,68.45,2.127,5.81,1264.9,55.86,32500,32,13,0,65.89,1.8047,11.7814
15,68.9,2.282,5.3,1139.6,53.87,12494,110,16,0,71.16,2.2211,13.0
19,70.63,1.641,5.43,1478.9,44.1,33940,75,12,0,68.65,1.7902,13.0074
13,78.09,1.652,6.58,1626.7,48.44,47025,72,9,0,71.74,0.9121,11.8678
40,52.12,2.713,5.74,1792.6,61.82,39388,23,8,0,72.81,2.0923,9.0801
38,93.35,14.791,4.37,1874.2,82.31,28217,81,13,1,68.46,3.3729,21.3616
34,74.07,1.836,5.0,1666.7,50.39,36798,12,19,0,72.24,1.7428,14.814
41,72.13,4.743,5.35,1498.8,47.6,16878,22,7,0,72.87,1.4218,13.4822
3,63.7,4.247,5.77,1625.7,58.6,50360,40,16,0,69.82,1.946,11.0399
32,66.17,1.842,5.11,1575.2,63.54,25991,56,0,0,70.4,2.3742,12.9491
43,73.5,2.386,5.85,977.6,55.62,22175,106,18,0,69.01,1.2576,12.5641
31,73.53,3.909,6.14,1447.4,85.61,8479,56,3,0,74.57,2.4249,11.9756
16,75.13,1.355,5.44,1526.3,29.14,3002,83,12,0,71.6,1.7187,13.8107
26,53.93,1.714,4.53,1261.5,51.55,12201,95,13,0,65.89,0.9649,11.9051
50,88.02,5.328,1.98,2338.3,92.37,22350,21,3,1,71.21,1.4348,44.4545
40,61.29,1.102,6.11,1733.2,68.36,39168,23,8,0,71.97,2.1041,10.0311
40,72.71,0.952,5.65,1194.2,46.14,39154,23,8,0,70.99,2.0606,12.869
17,57.64,1.17,6.98,1478.9,82.63,48767,49,0,0,69.01,1.5639,8.2579
29,73.73,1.77,3.84,1438.6,56.06,36832,18,13,0,72.28,1.5935,19.2005
5,59.01,1.159,6.0,1340.4,53.11,31414,49,5,0,67.51,1.4565,9.835
26,64.87,1.679,6.67,1631.8,46.28,11817,95,13,0,65.87,0.9637,9.7256
50,80.4,3.53,4.27,1443.9,53.91,22539,21,3,0,72.02,1.4002,18.829
9,66.38,2.013,4.47,1340.6,54.35,28506,28,7,0,68.04,2.1296,14.8501
12,72.28,2.69,4.97,1336.3,34.27,32284,111,6,0,68.54,1.3958,14.5433
37,81.11,3.915,6.42,1682.0,62.44,14430,91,13,0,70.75,1.9032,12.634
10,114.04,6.216,3.38,1460.7,73.18,31267,81,9,1,71.78,3.1052,33.7396
11,66.99,1.531,4.58,1363.0,64.27,39743,84,14,0,68.57,0.869,14.6266
12,64.16,1.647,5.95,1266.7,51.73,32619,111,6,0,68.18,1.3939,10.7832
30,64.08,1.98,5.91,1114.1,31.68,30890,90,2,0,70.69,1.7051,10.8426
3,65.23,6.189,6.47,1330.6,47.9,50013,40,16,0,69.92,2.0516,10.0819
8,68.05,1.831,5.02,1165.1,70.34,39611,98,4,0,68.88,1.4503,13.5558
5,58.57,2.16,6.69,1404.9,65.52,31515,49,5,0,66.98,1.455,8.7549
31,66.48,2.569,5.16,1483.7,45.03,8553,56,3,0,74.79,2.4176,12.8837
6,51.0,3.27,5.43,1136.1,35.31,28601,71,2,0,72.34,1.1297,9.3923
9,87.55,5.028,4.2,1442.7,82.54,28846,28,7,1,69.33,2.1907,20.8452
18,72.57,2.742,6.05,1584.8,51.35,32746,65,18,0,69.13,1.166,11.995
30,58.44,2.135,4.38,1298.0,56.05,30792,90,2,0,70.51,1.7033,13.3425
21,67.17,1.69,6.26,1390.4,53.47,41459,7,11,0,71.37,2.7452,10.73
45,68.59,3.61,5.44,1245.4,67.44,1305,30,11,0,69.83,2.2294,12.6085
11,61.4,3.247,5.68,1536.3,58.46,39808,84,14,0,68.24,0.8771,10.8099
47,63.0,1.769,6.5,1664.8,71.25,17818,55,7,0,68.85,1.199,9.6923
19,67.18,1.998,5.3,1316.8,59.06,34308,75,12,0,68.94,1.7942,12.6755
6,78.71,1.298,5.77,1547.2,47.91,28556,71,2,0,72.26,1.1594,13.6412
16,70.62,1.134,4.8,1066.1,46.14,3069,83,12,0,71.1,1.7344,14.7125
43,65.36,0.787,4.96,1375.8,67.3,22340,106,18,0,69.27,1.3112,13.1774
12,75.63,3.238,5.59,1621.8,46.34,32423,111,6,0,68.87,1.388,13.5295
37,44.51,3.153,4.97,1663.9,67.57,14511,91,13,0,69.74,1.8423,8.9557
9,65.39,1.89,5.86,1211.6,54.68,28902,28,7,0,69.41,2.1863,11.1587
23,64.53,0.687,4.23,1583.9,49.52,6403,25,12,0,69.84,1.4434,15.2553
31,68.58,1.729,5.1,1437.4,82.96,8242,56,3,0,74.59,2.4127,13.4471
44,60.38,5.99,5.95,1480.2,44.13,15633,41,3,0,68.54,2.2474,10.1479
46,62.35,1.468,5.34,1783.7,46.76,11298,19,9,0,73.76,1.8422,11.676
36,75.82,2.048,5.29,1508.6,71.6,32571,32,13,0,66.2,1.789,14.3327
26,79.88,3.013,7.41,1060.6,56.4,11751,95,13,0,66.66,0.9637,10.78
19,60.77,2.504,4.85,1372.1,55.33,33910,75,12,0,68.22,1.7806,12.5299
45,72.77,4.578,5.13,1530.1,67.65,1124,30,11,0,69.74,2.2262,14.1852
22,68.81,0.951,5.11,1471.3,42.47,25006,35,6,0,71.7,1.1161,13.4658
45,65.07,6.004,5.71,1351.0,66.96,1205,30,11,0,69.12,2.2788,11.3958
12,97.42,8.818,5.41,1692.1,105.03,32335,111,6,1,70.24,1.9117,18.0074
4,65.44,2.599,5.74,1644.0,53.52,31440,45,1,0,68.22,1.1496,11.4007
23,71.62,1.766,4.25,1603.1,52.71,6333,25,12,0,69.82,1.4057,16.8518
11,72.61,2.52,7.53,1189.4,66.93,39918,84,14,0,68.86,0.8505,9.6428
42,64.76,1.316,4.12,1376.4,77.55,5830,63,17,0,67.81,1.7352,15.7184
40,65.03,4.895,6.45,1629.3,44.48,39045,23,8,0,70.87,2.1046,10.0822
16,78.2,1.393,5.66,1972.0,48.76,3193,83,12,0,71.16,1.7379,13.8163
4,58.1,1.417,6.85,1560.1,66.44,31700,45,1,0,67.99,1.1438,8.4818
38,72.05,1.86,7.25,1491.4,56.27,28423,81,13,0,68.96,3.3694,9.9379
18,67.87,1.716,4.55,1153.7,73.74,32913,65,18,0,69.46,1.1781,14.9165
14,99.43,19.826,4.16,1708.6,92.94,33079,41,2,1,72.93,3.7085,23.9014
27,66.64,1.548,5.91,1378.3,57.23,2108,52,16,0,71.25,2.3089,11.2758
9,57.36,3.911,6.32,1160.5,27.91,28657,28,7,0,68.65,2.2005,9.0759
27,71.61,1.111,5.66,1297.4,49.01,1992,52,16,0,71.63,2.3403,12.6519
19,63.1,5.056,4.54,1258.6,64.78,33904,75,12,0,68.45,1.8292,13.8987
13,52.71,0.839,3.34,1245.5,66.6,47004,72,9,0,71.11,0.9494,15.7814
34,79.27,3.425,2.9,2011.6,96.33,36759,12,19,1,73.63,1.7315,27.3345
18,59.36,5.184,3.04,1702.8,66.73,32900,65,18,0,69.13,1.2753,19.5263
1,63.82,1.639,6.14,1714.3,87.77,2483,74,9,0,71.23,4.6467,10.3941
24,59.62,1.041,5.16,1548.3,60.47,2426,86,13,0,69.92,1.5594,11.5543
50,100.86,9.907,1.54,1940.2,78.99,22441,21,3,1,73.34,1.9543,65.4935
29,59.63,2.74,4.61,1400.6,59.37,36887,18,13,0,70.96,1.5344,12.9349
22,67.09,1.906,3.92,1366.0,59.24,25236,35,6,0,71.34,1.1211,17.1148
30,69.61,1.783,5.07,1515.4,63.29,30882,90,2,0,70.91,1.7094,13.7298
15,55.44,2.26,6.5,1378.8,41.78,12636,110,16,0,70.25,2.1831,8.5292
46,63.35,1.537,4.72,1637.0,26.76,11352,19,9,0,73.28,1.833,13.4216
44,64.4,2.351,4.91,1701.0,54.3,15491,41,3,0,68.32,2.2126,13.1161
33,68.97,0.527,5.82,1404.6,57.58,17567,109,0,0,71.13,4.3837,11.8505
42,79.92,2.331,5.78,1307.7,38.95,5737,63,17,0,68.1,1.7338,13.827
39,64.68,1.258,6.71,1311.8,74.56,34351,15,13,0,68.47,2.9306,9.6393
24,70.85,7.628,7.32,1262.3,60.84,2266,86,13,0,69.77,1.8222,9.679
11,54.35,1.901,5.79,1310.8,29.22,39933,84,14,0,68.64,0.7209,9.3869
29,75.34,2.166,5.11,1264.5,53.27,36696,18,13,0,70.36,1.5176,14.7436
4,54.89,2.498,6.92,1538.8,71.83,31514,45,1,0,67.66,1.0128,7.9321
39,65.54,2.133,6.56,1569.6,50.06,34293,15,13,0,68.71,2.924,9.9909
38,57.18,3.503,5.61,1018.4,62.74,28470,81,13,0,67.86,3.3487,10.1925
50,90.59,3.015,5.2,1640.2,57.09,22176,21,3,0,74.1,1.9488,17.4212
15,68.81,7.71,6.06,1243.2,42.74,12817,110,16,0,70.03,2.3764,11.3548
14,74.77,2.367,5.2,1608.9,54.9,33030,41,2,0,73.41,3.7112,14.3788
31,68.28,1.395,7.03,1383.5,66.6,8518,56,3,0,72.92,2.4316,9.7127
26,64.16,2.225,5.91,1509.9,62.29,11860,95,13,0,66.17,0.8934,10.8562
9,73.82,4.638,4.66,1414.3,65.26,28562,28,7,0,68.62,2.2001,15.8412
34,69.98,2.187,6.16,1330.6,66.26,37000,12,19,0,72.67,1.7384,11.3604
26,78.33,1.563,4.6,1448.1,60.25,12039,95,13,0,66.35,0.9019,17.0283
30,65.5,1.298,5.03,1206.9,76.83,31069,90,2,0,70.64,1.7282,13.0219
40,60.08,4.161,6.8,1101.5,59.79,39477,23,8,0,70.76,2.1082,8.8353
38,65.75,5.639,5.51,1192.3,44.25,28625,81,13,0,68.59,3.3439,11.9328
43,74.6,2.591,6.01,1602.2,77.86,22196,106,18,0,68.95,1.3075,12.4126
21,69.91,2.452,5.97,1343.4,43.86,41379,7,11,0,71.66,2.7327,11.7102
43,63.37,2.383,4.36,1348.1,62.0,22181,106,18,0,68.39,1.303,14.5344
4,74.29,1.763,6.08,1230.1,45.93,31733,45,1,0,67.9,1.0188,12.2188
34,81.78,2.256,6.13,1410.2,38.93,37164,12,19,0,73.37,1.7297,13.3409
27,72.93,2.838,5.92,1266.9,49.05,2020,52,16,0,72.21,2.2987,12.3193
37,63.85,3.67,5.0,1363.6,67.82,14584,91,13,0,69.8,1.8395,12.77
15,62.46,3.615,6.07,1570.6,72.19,12555,110,16,0,68.9,2.3651,10.29
8,55.62,1.625,5.48,1156.3,59.43,39937,98,4,0,68.14,1.471,10.1496
6,79.35,1.483,5.44,1481.1,73.64,28309,71,2,0,72.77,1.183,14.5864
8,67.37,1.893,5.85,1605.8,62.21,39701,98,4,0,68.31,1.1554,11.5162
47,66.19,2.725,6.35,1262.0,81.28,17958,55,7,0,68.72,1.1984,10.4236
41,80.64,3.144,4.94,1459.7,48.24,17054,22,7,0,73.63,1.4019,16.3239
7,57.86,3.266,5.26,1481.0,71.54,2853,118,6,0,70.33,1.034,11.0
38,60.74,3.513,5.06,1568.5,59.98,28313,81,13,0,68.34,3.2845,12.004
12,85.32,2.899,4.32,1489.0,51.87,32444,111,6,0,71.15,1.9125,19.75
21,64.99,4.34,6.66,1125.0,51.35,41238,7,11,0,71.08,2.7094,9.7583
10,70.72,2.945,4.39,1598.5,48.74,31053,81,9,0,72.43,3.091,16.1093
45,67.78,3.159,5.95,1128.9,56.41,1207,30,11,0,68.49,2.227,11.3916
22,75.12,2.281,4.52,1375.8,51.08,25042,35,6,0,71.63,1.0771,16.6195
22,60.39,2.28,5.45,1445.7,55.68,24976,35,6,0,71.2,1.0677,11.0807
32,63.63,2.195,5.99,1390.9,54.88,26136,56,0,0,70.19,2.3647,10.6227
7,81.39,1.784,6.16,1314.0,49.43,2912,118,6,0,70.35,1.0413,13.2127
25,65.37,2.01,4.65,1394.0,46.75,9082,25,2,0,70.14,1.2445,14.0581
19,78.82,1.461,5.09,1396.6,60.72,34257,75,12,0,68.76,1.7991,15.4853
21,66.56,2.085,4.81,1272.9,47.19,41290,7,11,0,70.52,2.7177,13.8378
6,100.5,6.638,4.2,1868.9,102.93,28790,71,2,1,74.26,1.4099,23.9286
17,77.86,4.679,5.8,1206.5,46.19,48840,49,0,0,68.87,1.6333,13.4241
21,63.62,8.612,0.5,2034.4,73.49,41434,7,11,1,70.69,2.8897,127.24
26,65.18,1.428,5.17,1410.9,60.24,12005,95,13,0,66.42,0.9201,12.6074
32,67.96,1.75,4.6,1145.2,63.29,25938,56,0,0,70.88,2.3617,14.7739
8,75.0,2.465,6.46,1713.1,70.45,39762,98,4,0,68.38,1.1355,11.6099
8,64.02,4.285,5.95,1647.4,73.82,39664,98,4,0,68.11,1.1814,10.7597
34,69.96,3.177,4.96,1440.1,43.11,36823,12,19,0,73.2,1.6628,14.1048
8,65.94,2.827,5.48,1384.8,60.75,39630,98,4,0,68.02,1.1693,12.0328
38,58.98,1.299,4.78,1458.6,64.98,28156,81,13,0,67.86,3.3132,12.3389
33,71.57,3.43,4.49,1822.0,48.61,17772,109,0,0,71.96,4.3836,15.9399
37,64.43,2.045,5.78,1513.0,64.15,14335,91,13,0,69.46,1.8259,11.1471
9,72.48,2.771,6.94,1422.8,55.95,28997,28,7,0,68.95,2.1999,10.4438
30,62.94,1.541,6.35,1702.3,54.42,30819,90,2,0,70.54,1.7385,9.9118
44,78.92,2.534,5.23,1202.8,52.11,15397,41,3,0,68.19,1.9329,15.0899
38,73.81,1.965,5.51,1370.5,59.89,28311,81,13,0,68.48,3.3077,13.3956
35,65.56,2.175,5.33,1438.0,59.09,8082,57,10,0,68.95,0.8495,12.3002
40,59.55,2.459,6.52,1372.4,55.85,39261,23,8,0,70.66,2.1058,9.1334
23,71.94,1.857,5.71,1534.7,40.59,6304,25,12,0,69.84,1.3907,12.5989
26,67.13,3.732,5.11,1345.8,60.23,11915,95,13,0,66.41,0.9443,13.137
3,65.17,1.913,5.79,1122.2,56.54,50008,40,16,0,69.93,2.04,11.2556
45,93.3,3.829,2.73,2255.4,97.67,961,30,11,1,69.63,2.1408,34.1758
28,65.69,2.241,6.66,1562.8,53.55,47619,40,2,0,73.89,4.9713,9.8634
15,78.44,2.323,5.6,1370.9,49.04,12637,110,16,0,69.19,2.3697,14.0071
45,81.96,2.094,4.95,1510.5,43.63,1102,30,11,0,69.82,2.1607,16.5576
25,74.11,2.461,5.6,1636.6,46.06,8930,25,2,0,70.56,1.217,13.2339
8,64.11,2.713,6.18,1603.0,47.04,39572,98,4,0,67.55,1.1649,10.3738
22,69.35,1.544,5.85,1434.5,51.36,24871,35,6,0,71.14,1.0854,11.8547
38,47.46,2.212,7.01,1497.0,39.47,28184,81,13,0,67.95,3.3038,6.7703
19,75.37,1.532,4.83,1567.7,41.48,34122,75,12,0,68.73,1.8114,15.6046
32,98.46,4.339,3.31,1021.7,104.48,26049,56,0,1,71.37,2.2089,29.7462
48,68.07,3.281,1.32,1426.8,60.43,29684,115,7,1,71.79,3.1112,51.5682
26,104.81,2.21,4.7,1892.1,108.37,12054,95,13,1,67.87,0.9282,22.3
46,45.94,2.212,6.7,1369.9,39.13,11081,19,9,0,70.71,1.827,6.8567
5,77.31,1.345,6.41,1229.3,52.3,31253,49,5,0,67.29,1.4635,12.0608
9,64.12,2.839,5.99,1286.1,63.98,28606,28,7,0,69.29,2.1891,10.7045
34,65.53,1.928,5.45,1425.6,58.32,37052,12,19,0,73.02,1.6439,12.0239
12,54.78,1.549,4.93,1537.3,66.73,32198,111,6,0,71.43,1.9134,11.1116
9,55.59,2.27,5.14,1375.4,50.89,28809,28,7,0,68.86,2.1587,10.8152
47,76.89,3.413,4.92,1557.3,63.02,18150,55,7,0,69.34,1.1802,15.628
50,63.51,2.622,6.94,1568.2,50.64,22349,21,3,0,73.45,1.945,9.1513
19,69.5,2.134,6.48,2013.0,31.03,34178,75,12,0,68.79,1.8098,10.7253
39,50.24,3.654,5.41,1700.2,61.22,34423,15,13,0,68.07,2.9261,9.2865
35,74.66,1.66,3.84,1245.0,58.42,8322,57,10,0,69.58,0.8529,19.4427
49,74.57,2.039,6.23,1240.1,49.81,35317,62,5,0,71.72,4.747,11.9695
37,68.58,3.777,3.93,1655.2,51.28,14564,91,13,0,69.38,1.8282,17.4504
25,80.74,1.187,4.73,1252.2,38.74,8835,25,2,0,69.97,1.0732,17.0698
26,73.61,3.633,5.18,1388.0,45.49,11866,95,13,0,67.9,0.9458,14.2104
50,61.13,1.615,6.42,1101.1,50.38,22277,21,3,0,72.58,1.9337,9.5218
13,71.37,1.819,4.68,1497.5,65.05,47084,72,9,0,71.17,0.9518,15.25
18,65.6,4.223,5.61,1726.9,54.92,33181,65,18,0,68.63,1.2879,11.6934
36,74.56,0.938,6.94,1453.1,50.66,32299,32,13,0,66.92,1.7724,10.7435
12,67.64,2.188,7.03,1966.9,49.9,32597,111,6,0,71.13,1.9021,9.6216
8,73.57,1.182,5.26,1849.4,53.2,39767,98,4,0,67.47,1.2084,13.9867
27,64.49,3.713,5.48,1231.1,62.16,2235,52,16,0,71.77,2.2665,11.7682
4,78.43,2.671,5.45,1755.5,53.59,31722,45,1,0,68.52,1.0132,14.3908
13,65.08,3.617,5.34,1281.8,57.87,46923,72,9,0,70.08,0.9558,12.1873
33,70.77,1.733,4.74,1378.4,57.87,17471,109,0,0,72.4,4.3896,14.9304
45,68.17,5.511,5.59,1656.4,59.86,1143,30,11,0,70.08,2.1706,12.195
35,77.67,3.407,4.81,1498.0,44.16,8215,57,10,0,70.38,0.8877,16.1476
38,69.06,2.569,5.86,1677.8,67.46,28211,81,13,0,67.97,3.182,11.785
15,76.14,1.854,5.08,1510.4,61.08,12960,110,16,0,69.41,2.3481,14.9882
37,65.66,1.603,5.99,1343.2,40.29,14710,91,13,0,69.18,1.8347,10.9616
6,70.83,2.57,4.9,1796.5,54.34,28748,71,2,0,74.64,1.4107,14.4551
20,75.81,3.388,5.0,1982.2,49.93,24654,31,3,0,69.61,1.7909,15.162
41,77.95,2.735,6.68,1488.5,49.35,17067,22,7,0,73.74,1.3998,11.6692
40,75.31,1.439,5.88,1171.2,65.75,39303,23,8,0,70.73,2.1223,12.8078
14,58.65,3.625,5.45,1258.9,69.86,32965,41,2,0,73.24,3.695,10.7615
38,78.09,2.709,4.82,1395.9,45.5,28205,81,13,0,68.49,3.121,16.2012
31,65.59,1.305,5.51,1365.5,68.64,8417,56,3,0,73.2,2.4309,11.9038
9,52.54,1.843,6.52,1450.8,76.57,28816,28,7,0,67.97,2.1433,8.0583
23,72.54,2.053,6.57,1177.4,47.78,6350,25,12,0,70.39,1.3927,11.0411
10,66.06,1.297,6.13,1647.5,37.91,31181,81,9,0,72.58,3.1029,10.7765
44,69.7,1.168,4.34,1522.4,36.14,15370,41,3,0,68.09,1.9577,16.0599
31,62.84,3.293,5.53,1508.7,38.38,8453,56,3,0,72.33,2.4247,11.3635
22,67.39,2.108,4.22,1390.1,66.88,24876,35,6,0,71.71,1.074,15.9692
33,105.3,2.048,1.22,819.6,109.16,17543,109,0,1,73.74,4.3844,86.3115
12,65.93,1.645,5.65,1358.1,65.05,32580,111,6,0,71.33,1.9131,11.669
32,65.87,3.813,4.66,1456.2,34.78,26110,56,0,0,70.82,2.2016,14.1352
38,67.09,2.626,5.12,1378.6,57.65,28560,81,13,0,68.95,3.1264,13.1035
35,66.82,0.574,4.57,1587.7,47.43,8188,57,10,0,70.32,0.9043,14.6214
10,65.81,1.439,5.39,1460.2,70.18,31165,81,9,0,72.38,3.1228,12.2096
8,69.45,1.102,4.69,1867.7,49.95,39852,98,4,0,67.38,1.2505,14.8081
49,80.66,5.253,6.55,841.5,72.14,35054,62,5,0,72.62,4.7486,12.3145
35,89.59,2.684,7.23,1515.4,56.96,8223,57,10,0,71.48,0.9095,12.3914
35,68.58,2.52,5.58,1547.9,60.12,8425,57,10,0,71.94,0.8798,12.2903
35,68.55,2.107,4.88,1424.6,62.13,8068,57,10,0,71.8,0.8747,14.0471
23,79.25,1.9,6.43,1169.0,62.58,6453,25,12,0,69.6,1.1695,12.325
17,64.87,1.477,7.63,1425.4,60.78,48846,49,0,0,68.77,1.6333,8.502
46,66.89,2.253,4.28,1459.9,58.68,11519,19,9,0,70.07,1.8296,15.6285
17,59.58,1.749,5.7,1531.5,59.28,48776,49,0,0,68.4,1.6379,10.4526
34,75.87,3.209,4.84,1549.8,28.91,36783,12,19,0,73.04,1.6442,15.6756
1,70.36,2.473,4.84,1535.6,67.14,2466,74,9,0,71.59,4.6421,14.5372
4,72.35,1.975,5.77,1401.0,36.09,31875,45,1,0,68.4,1.0045,12.539
26,58.81,2.212,5.77,1305.0,68.11,11907,95,13,0,67.9,0.9461,10.1924
32,69.05,2.839,5.5,1209.9,42.25,26182,56,0,0,71.0,2.1527,12.5545
35,89.8,3.95,3.19,1953.3,85.83,8345,57,10,1,72.64,0.9171,28.1505
38,55.76,0.844,5.91,1447.1,69.78,28323,81,13,0,68.42,3.1723,9.4349
36,65.13,4.6,6.42,973.6,58.06,32434,32,13,0,66.97,1.8175,10.1449
22,59.97,3.973,4.6,1190.5,49.29,25199,35,6,0,70.74,1.1148,13.037
24,81.07,1.098,6.87,1442.3,53.42,2338,86,13,0,70.21,1.8605,11.8006
1,65.17,1.993,6.37,1408.0,52.56,2729,74,9,0,71.62,4.6439,10.2308
17,92.82,5.481,2.86,1801.9,92.85,48927,49,0,1,68.67,1.6961,32.4545
41,77.64,1.854,4.91,1301.4,43.15,16664,22,7,0,74.14,1.4149,15.8126
27,84.69,11.718,2.84,1514.4,100.46,2193,52,16,1,72.73,2.8451,29.8204
35,70.21,1.66,5.84,1435.8,69.92,8502,57,10,0,72.53,0.8893,12.0223
34,56.36,1.136,5.32,1590.3,75.34,36885,12,19,0,71.01,1.6047,10.594
29,70.87,2.317,3.3,1237.6,51.27,36772,18,13,0,70.37,1.5102,21.4758
9,66.54,2.52,5.47,1477.8,38.59,28880,28,7,0,68.41,2.1387,12.1645
10,71.35,4.26,4.73,1238.4,58.1,31188,81,9,0,71.63,3.1287,15.0846
15,76.87,3.241,5.41,1458.9,45.63,12965,110,16,0,70.23,2.3305,14.2089
29,65.67,5.08,6.09,1627.1,50.66,36711,18,13,0,70.28,1.5772,10.7833
15,44.99,2.322,5.61,1518.6,56.2,12946,110,16,0,68.3,2.2608,8.0196
15,73.22,1.081,6.85,1711.6,66.71,12828,110,16,0,68.6,2.2979,10.6891
4,102.7,4.294,2.68,1391.3,91.63,31901,45,1,1,69.64,1.0713,38.3209
14,67.95,2.228,5.66,1594.7,70.2,32800,41,2,0,73.33,3.6981,12.0053
40,67.05,2.025,3.77,1633.2,61.85,39058,23,8,0,70.44,2.1099,17.7851
15,76.87,1.745,4.3,1499.6,28.62,12595,110,16,0,69.15,2.2779,17.8767
34,78.58,9.354,4.56,1268.2,88.91,37017,12,19,1,71.81,1.8671,17.2325
50,65.02,3.401,6.39,1864.2,57.28,22523,21,3,0,72.53,1.9173,10.1753
3,72.44,3.022,7.29,1554.6,58.01,50205,40,16,0,69.45,1.0978,9.9369
34,87.78,3.324,3.4,1122.0,78.37,36871,12,19,1,72.56,1.8435,25.8176
37,70.04,1.065,6.76,1194.3,58.65,14372,91,13,0,69.07,1.8649,10.3609
7,58.92,0.85,6.11,1456.1,56.15,2697,118,6,0,69.96,1.0576,9.6432
44,72.55,1.125,6.03,1640.9,43.37,15397,41,3,0,68.01,1.9777,12.0315
33,63.28,2.71,5.74,1600.3,80.78,17515,109,0,0,73.44,4.3619,11.0244
19,70.0,2.859,4.21,1503.7,45.96,34323,75,12,0,69.33,1.7499,16.6271
9,69.18,2.281,5.05,1055.3,51.42,28669,28,7,0,68.78,2.137,13.699
47,72.65,2.312,4.83,1456.5,46.64,18120,55,7,0,69.54,1.1773,15.0414
21,70.61,2.069,6.29,1351.7,46.07,41474,7,11,0,70.51,2.8753,11.2258
27,53.85,0.536,6.24,1418.0,77.57,2189,52,16,0,71.91,2.8954,8.6298
27,74.36,4.175,4.57,1297.3,64.34,2067,52,16,0,72.17,2.8983,16.2713
38,68.14,3.234,5.01,1459.7,77.19,28557,81,13,0,68.5,3.1522,13.6008
24,62.29,2.653,5.0,1667.0,51.07,2181,86,13,0,69.16,1.8456,12.458
32,72.52,2.662,4.91,1604.2,76.17,25846,56,0,0,71.23,2.1402,14.7699
26,95.02,2.43,5.53,1618.8,59.67,11864,95,13,0,69.48,0.9328,17.1826
12,58.04,2.726,5.64,1527.8,40.18,32580,111,6,0,71.05,1.8885,10.2908
46,62.12,1.64,7.3,1558.1,49.51,11349,19,9,0,69.5,1.8453,8.5096
24,76.19,2.335,4.44,1071.9,59.72,2377,86,13,0,68.93,1.8403,17.1599
45,68.65,4.346,4.05,1232.6,63.34,1245,30,11,0,70.9,2.1616,16.9506
29,74.22,3.889,5.99,1227.8,48.15,36903,18,13,0,69.52,1.536,12.3907
17,65.51,1.608,4.65,1321.8,62.79,48871,49,0,0,67.99,1.6826,14.0882
17,68.57,1.239,4.11,1288.0,51.26,48955,49,0,0,67.58,1.2729,16.6837
18,62.93,1.152,5.37,1397.7,40.86,32863,65,18,0,68.44,1.3117,11.7188
50,85.61,6.762,4.51,1344.5,106.02,22159,21,3,1,73.01,2.0594,18.9823
50,66.72,2.452,5.41,1279.1,44.7,22295,21,3,0,73.49,2.0575,12.3327
15,72.83,4.342,6.22,1607.0,58.15,12612,110,16,0,69.34,2.2782,11.709
36,73.39,2.416,7.09,1501.8,43.37,32713,32,13,0,66.69,1.8153,10.3512
13,74.67,2.477,5.84,1473.8,28.69,46790,72,9,0,70.55,0.9471,12.786
33,80.02,1.578,4.58,1622.6,64.23,17808,109,0,0,73.87,4.3841,17.4716
49,61.99,2.977,6.17,1273.4,65.27,35309,62,5,0,72.06,4.7283,10.047
31,78.95,1.694,5.89,1183.0,66.39,8124,56,3,0,72.95,2.4413,13.4041
47,103.59,7.168,5.31,1801.6,81.49,17978,55,7,1,70.71,1.4883,19.5085
23,64.52,2.703,5.48,1399.7,30.45,6538,25,12,0,69.41,1.1721,11.7737
17,55.73,2.881,3.87,1692.8,87.25,48905,49,0,0,66.56,1.2797,14.4005
28,68.07,2.117,4.97,1393.5,71.33,47967,40,2,0,73.64,4.9749,13.6962
20,71.86,1.244,6.23,1928.0,74.17,24797,31,3,0,69.3,1.8318,11.5345
50,74.0,0.992,4.84,1630.5,73.75,22185,21,3,0,74.19,2.0906,15.2893
13,83.35,2.985,5.18,1517.9,70.74,47124,72,9,0,70.42,0.9498,16.0907
45,59.3,2.934,6.06,1116.6,54.82,1114,30,11,0,70.51,2.1302,9.7855
42,93.26,14.759,4.04,1605.2,74.08,5580,63,17,1,68.67,2.9518,23.0842
3,63.37,2.895,6.49,1689.8,46.33,49952,40,16,0,69.3,1.0919,9.7643
42,69.26,0.712,6.54,1428.3,47.28,5923,63,17,0,68.41,3.0035,10.5902
22,74.87,2.315,5.5,1279.7,40.92,24919,35,6,0,68.92,1.0992,13.6127
6,76.96,2.654,4.01,1564.7,52.64,28362,71,2,0,74.64,1.4041,19.192
38,65.7,1.339,6.27,1491.3,33.82,28137,81,13,0,68.71,3.1755,10.4785
17,72.92,1.787,5.11,1725.7,57.62,48817,49,0,0,66.93,1.2784,14.2701
41,73.44,0.968,5.84,1324.2,33.05,16890,22,7,0,74.76,1.4305,12.5753
43,73.11,1.11,4.02,1385.1,60.97,22504,106,18,0,68.45,1.31,18.1866
30,72.83,2.453,6.03,1441.7,63.34,31083,90,2,0,69.98,1.7178,12.0779
13,64.52,1.972,6.89,1391.2,74.27,46941,72,9,0,70.12,0.9366,9.3643
28,55.85,2.485,5.1,1752.7,72.36,47659,40,2,0,73.15,4.9677,10.951
17,80.35,1.891,6.08,1402.2,63.52,49091,49,0,0,67.62,1.2496,13.2155
16,65.69,1.53,3.69,1400.6,42.37,3347,83,12,0,71.33,1.7497,17.8022
13,79.21,0.827,6.41,1567.6,61.91,47076,72,9,0,70.99,1.0027,12.3573
45,59.1,2.036,5.28,1419.3,65.55,1244,30,11,0,70.08,2.0684,11.1932
6,72.45,3.269,6.45,1731.2,60.64,28354,71,2,0,74.73,1.393,11.2326
35,64.32,3.228,5.99,1705.9,70.35,8130,57,10,0,72.44,0.9078,10.7379
36,68.52,1.724,4.03,1338.5,45.24,32250,32,13,0,66.18,1.8215,17.0025
40,71.17,4.676,6.27,1369.6,45.36,39059,23,8,0,70.79,2.1446,11.3509
13,68.15,1.267,6.67,1521.5,72.08,46705,72,9,0,71.24,1.0325,10.2174
18,66.34,2.617,6.05,1528.1,52.55,33000,65,18,0,68.95,1.3084,10.9653
19,67.5,3.145,4.74,2083.6,53.55,34059,75,12,0,68.97,1.6736,14.2405
34,76.79,4.103,4.73,1310.6,64.64,36928,12,19,0,73.13,1.8535,16.2347
30,92.42,6.02,3.93,1569.8,56.67,30763,90,2,1,70.29,1.8551,23.5165
30,58.75,2.507,6.5,1332.6,77.17,30954,90,2,0,68.82,1.6022,9.0385
14,48.11,1.187,5.44,1629.6,48.38,33087,41,2,0,72.24,3.696,8.8438
30,65.91,3.473,4.86,1382.8,63.23,30748,90,2,0,68.29,1.5997,13.5617
19,62.96,2.419,6.12,1889.6,59.82,33964,75,12,0,68.41,1.6731,10.2876
50,76.7,1.691,4.72,1473.4,29.78,22242,21,3,0,73.3,2.1031,16.25
1,71.97,2.939,5.11,1077.8,65.21,2337,74,9,0,71.25,4.6316,14.0841
48,87.02,21.267,2.07,1682.7,83.64,29961,115,7,1,72.3,4.8233,42.0386
26,86.74,5.344,6.79,1453.2,53.77,11819,95,13,0,70.74,1.0846,12.7747
22,73.8,2.705,6.16,1709.3,43.77,25252,35,6,0,68.81,1.0949,11.9805
27,60.34,2.213,5.34,1219.8,39.17,1918,52,16,0,72.13,2.9078,11.2996
32,60.42,1.371,5.6,1494.3,29.46,25977,56,0,0,69.55,2.1429,10.7893
2,67.45,2.302,5.5,1343.9,62.72,6720,88,17,0,69.68,3.7066,12.2636
2,60.02,3.503,5.4,1208.5,54.38,7030,88,17,0,69.57,3.7009,11.1148
38,75.45,3.449,3.2,1589.9,59.06,28437,81,13,1,68.49,3.1712,23.5781
22,65.77,2.265,4.55,1653.6,40.09,25207,35,6,0,68.58,1.0377,14.4549
23,64.33,2.892,5.14,1757.9,69.65,6503,25,12,0,70.15,1.1784,12.5156
23,62.26,2.756,4.95,1190.6,57.18,6256,25,12,0,69.56,1.1721,12.5778
31,75.36,1.21,5.42,1842.5,36.07,8387,56,3,0,72.71,2.4561,13.9041
39,65.72,2.079,4.02,1546.6,63.04,34364,15,13,0,67.96,2.93,16.3483
6,92.01,5.21,3.12,1323.5,88.56,28778,71,2,1,75.95,1.4721,29.4904
38,67.7,2.022,7.32,1614.9,42.27,28368,81,13,0,68.88,3.1359,9.2486
46,65.6,2.001,5.19,1539.9,81.19,11280,19,9,0,68.84,1.8462,12.6397
7,65.34,1.742,5.17,1133.0,58.41,2698,118,6,0,70.03,1.0635,12.6383
31,78.54,5.498,5.52,1318.1,63.68,8554,56,3,0,73.16,2.5052,14.2283
13,59.1,1.326,6.12,1026.6,56.09,47013,72,9,0,70.77,1.0417,9.6569
37,67.01,1.683,6.21,1283.4,63.82,14656,91,13,0,68.76,1.8852,10.7907
32,66.09,8.413,3.36,1542.2,68.77,26284,56,0,0,69.34,2.4202,19.6696
12,73.55,2.087,5.95,935.6,53.8,32548,111,6,0,71.31,1.854,12.3613
47,67.76,2.979,4.81,1441.3,27.93,17844,55,7,0,70.12,1.4794,14.0873
5,65.41,2.692,5.22,1398.3,57.78,31528,49,5,0,67.31,1.4644,12.5307
46,56.12,1.988,6.23,1303.0,65.81,11474,19,9,0,68.33,1.8397,9.008
18,74.39,1.769,6.98,1676.7,69.14,33188,65,18,0,67.56,1.3096,10.6576
3,62.01,2.219,4.81,1908.2,49.81,50238,40,16,0,69.87,1.0918,12.8919
22,65.61,4.88,5.95,1683.0,49.79,25289,35,6,0,68.7,1.1364,11.0269
6,61.24,3.349,5.08,1479.4,68.67,28425,71,2,0,75.77,1.4595,12.0551
24,79.32,0.858,4.74,1410.2,37.11,2389,86,13,0,69.12,1.8537,16.7342
5,74.32,1.922,6.88,1546.5,42.1,31230,49,5,0,67.96,1.4359,10.8023
39,65.37,4.03,5.57,1297.0,45.63,34007,15,13,0,67.59,2.9303,11.7361
41,73.61,1.303,5.56,1768.3,81.97,16667,22,7,0,74.84,1.4142,13.2392
30,64.14,6.21,5.68,1287.5,41.86,30773,90,2,0,67.3,1.3931,11.2923
50,79.58,1.125,4.05,1212.3,69.15,22411,21,3,0,73.79,2.1087,19.6494
8,45.15,4.001,5.97,1721.6,59.7,39699,98,4,0,66.33,1.2801,7.5628
3,68.67,1.539,5.37,1638.1,56.95,50220,40,16,0,69.72,1.1156,12.7877
20,68.55,1.525,4.78,1486.7,36.85,24610,31,3,0,68.39,1.8154,14.341
49,65.59,2.108,5.69,1207.9,55.37,34913,62,5,0,71.53,4.7022,11.5272
28,64.89,1.117,5.1,1527.5,71.06,47752,40,2,0,73.1,4.9835,12.7235
15,71.23,3.684,5.57,1372.3,65.76,12559,110,16,0,68.06,1.6329,12.7882
32,60.59,3.005,6.51,1194.2,44.05,26193,56,0,0,68.64,2.4168,9.3072
42,65.33,2.15,4.35,1531.2,68.59,5652,63,17,0,67.59,3.0113,15.0184
19,63.67,2.117,4.73,1512.5,54.19,33944,75,12,0,67.66,1.6735,13.4609
16,55.42,1.361,6.12,1685.1,65.48,2999,83,12,0,71.23,1.7472,9.0556
16,70.68,0.721,5.97,1452.0,59.69,2973,83,12,0,70.95,1.7509,11.8392
20,64.03,2.218,4.91,1189.7,66.99,24754,31,3,0,68.46,1.7876,13.0407
50,48.1,2.122,6.52,1713.1,56.09,22504,21,3,0,72.16,2.112,7.3773
15,70.27,1.737,5.29,1425.0,57.65,12708,110,16,0,67.94,1.632,13.2836
26,73.29,2.218,6.17,1617.1,49.79,11746,95,13,0,70.43,1.084,11.8784
22,66.81,2.334,4.36,1304.8,63.52,25021,35,6,0,68.43,1.1364,15.3234
18,61.31,3.819,6.95,1266.4,39.56,32980,65,18,0,67.69,1.3109,8.8216
18,83.24,0.915,5.37,1204.1,47.6,33051,65,18,0,68.83,1.3586,15.5009
24,81.3,3.032,5.59,1425.0,80.7,2480,86,13,0,69.44,1.8243,14.5438
44,55.46,4.677,6.35,1626.1,87.73,15397,41,3,0,67.64,2.023,8.7339
14,71.45,1.846,6.22,1272.1,50.5,32964,41,2,0,72.23,3.7054,11.4871
1,68.7,2.719,5.48,1548.8,42.3,2481,74,9,0,71.59,4.6149,12.5365
10,52.66,0.746,4.35,1277.9,71.43,31040,81,9,0,71.62,3.1534,12.1057
2,48.18,1.54,6.27,1270.9,56.78,6616,88,17,0,69.19,3.7079,7.6842
19,75.32,2.582,3.92,1971.7,83.43,33979,75,12,1,67.71,1.6349,19.2143
34,80.94,1.757,5.9,1432.5,47.04,36950,12,19,0,73.34,1.8655,13.7186
48,58.82,1.358,6.53,1509.9,58.73,29668,115,7,0,72.02,4.8182,9.0077
18,68.84,3.331,6.28,1768.2,48.7,32748,65,18,0,68.89,1.3426,10.9618
40,71.31,2.117,5.13,1466.6,58.03,39449,23,8,0,71.0,2.1174,13.9006
45,59.31,3.993,5.93,1502.1,41.22,1387,30,11,0,69.72,1.9716,10.0017
3,77.17,2.297,5.36,1411.2,47.88,50238,40,16,0,70.32,1.0772,14.3974
17,74.87,1.478,5.56,1550.8,48.59,49147,49,0,0,68.14,1.2542,13.4658
16,62.45,4.686,4.1,1291.2,79.75,3384,83,12,0,71.07,1.8173,15.2317
40,56.88,3.152,5.72,1239.3,90.33,39001,23,8,0,69.91,2.1066,9.9441
42,79.1,2.52,5.77,1385.2,48.88,5589,63,17,0,68.04,2.9934,13.7088
8,71.95,1.49,6.58,1802.6,40.94,39880,98,4,0,66.34,1.2893,10.9347
37,68.28,1.822,6.94,1225.2,58.43,14734,91,13,0,68.73,1.8972,9.8386
37,105.48,9.899,3.16,1121.1,109.01,14495,91,13,1,69.36,1.9202,33.3797
41,80.26,1.457,5.56,1153.4,70.89,16934,22,7,0,74.84,1.4455,14.4353
9,65.11,1.909,7.06,1714.8,56.73,28624,28,7,0,68.31,2.1416,9.2224
47,60.65,4.051,6.39,1574.8,47.48,17923,55,7,0,70.16,1.4501,9.4914
14,73.96,3.884,5.98,1318.3,56.84,33200,41,2,0,72.63,3.6969,12.3679
7,56.93,3.472,3.96,1547.8,41.09,2750,118,6,0,69.69,1.0833,14.3763
32,78.05,1.969,5.21,1409.7,53.0,26128,56,0,0,69.11,2.4233,14.9808
47,63.05,1.387,4.88,1465.6,70.25,18067,55,7,0,69.85,1.4792,12.9201
27,74.83,4.052,5.8,1475.4,64.71,2331,52,16,0,72.9,2.893,12.9017
30,59.94,0.752,6.46,1267.9,51.63,30785,90,2,0,67.16,1.4225,9.2786
6,95.58,4.131,3.98,1114.3,84.44,28652,71,2,1,76.83,1.4693,24.0151
26,70.38,4.037,3.9,1265.5,68.07,11796,95,13,0,70.48,1.1265,18.0462
6,70.05,2.625,4.88,1280.6,50.28,28547,71,2,0,77.03,1.4648,14.3545
10,75.25,2.005,5.52,1458.9,76.57,31099,81,9,0,71.55,3.1499,13.6322
14,65.96,3.719,5.94,1453.8,60.46,33023,41,2,0,71.97,3.676,11.1044
18,76.57,1.437,4.2,1159.5,60.04,33112,65,18,0,69.16,1.3732,18.231
4,72.9,1.218,4.92,1365.6,82.6,31455,45,1,0,69.83,1.093,14.8171
5,62.73,5.13,6.19,1331.5,66.2,31337,49,5,0,68.31,1.5376,10.1341
15,72.96,1.56,6.11,1044.0,48.88,12688,110,16,0,68.73,1.6473,11.9411
11,76.86,2.925,4.34,1202.0,43.25,39863,84,14,0,68.97,0.7245,17.7097
4,59.66,1.957,5.78,1640.8,44.48,31593,45,1,0,69.43,1.0771,10.3218
48,70.25,6.431,5.2,1334.8,46.39,29699,115,7,0,72.39,4.8088,13.5096
6,60.07,9.305,5.57,1447.2,75.83,28402,71,2,0,76.82,1.8559,10.7846
7,73.97,0.902,5.73,1322.7,61.07,2862,118,6,0,70.28,1.1216,12.9092
13,69.12,3.509,4.34,1339.4,50.7,46816,72,9,0,71.14,1.0415,15.9263
14,67.53,3.726,5.49,1567.0,54.16,33200,41,2,0,71.68,3.6448,12.3005
10,66.11,1.571,5.08,1321.7,48.91,31158,81,9,0,71.76,3.165,13.0138
7,71.43,2.024,4.84,1030.2,45.62,2804,118,6,0,70.47,0.9715,14.7583
26,58.81,0.827,7.28,1439.4,57.77,11740,95,13,0,70.77,1.1443,8.0783
18,59.29,0.658,5.11,1509.3,41.22,32729,65,18,0,68.72,1.4437,11.6027
50,105.71,10.087,5.87,1716.4,107.31,22508,21,3,1,73.58,2.5575,18.0085
25,77.79,7.785,6.37,1327.8,83.52,9154,25,2,0,69.84,1.5038,12.2119
17,74.67,3.652,5.9,1213.4,55.57,49167,49,0,0,68.48,1.2736,12.6559
35,61.33,2.725,5.59,1570.6,49.7,8424,57,10,0,72.11,0.912,10.9714
33,61.16,2.774,3.72,1296.4,47.19,17581,109,0,0,73.97,4.3886,16.4409
31,74.9,3.386,4.98,1386.6,31.07,8347,56,3,0,71.94,1.4677,15.0402
8,73.36,2.525,6.6,1744.1,42.04,39935,98,4,0,66.44,1.2815,11.1152
27,73.35,4.394,4.01,1380.6,56.07,2377,52,16,0,73.16,2.8602,18.2918
19,70.32,2.929,5.67,1466.1,78.05,33937,75,12,0,67.83,1.6142,12.4021
24,63.27,4.002,5.34,1518.1,53.55,2537,86,13,0,69.44,1.8277,11.8483
46,77.04,1.412,5.51,1416.7,64.71,11398,19,9,0,68.97,1.8558,13.9819
42,80.47,2.166,6.36,1686.4,41.87,5516,63,17,0,69.06,2.9756,12.6525
28,76.25,4.004,4.91,1390.3,67.42,47910,40,2,0,72.12,1.7478,15.5295
3,61.66,1.001,5.11,1360.3,54.59,50335,40,16,0,69.89,1.1229,12.0665
26,68.17,1.233,5.93,1388.0,42.25,12195,95,13,0,70.97,1.0555,11.4958
39,78.89,2.867,4.73,1472.4,72.55,33969,15,13,0,68.08,2.9299,16.6786
26,81.18,2.766,5.7,1179.3,53.38,11948,95,13,0,71.48,1.0398,14.2421
26,74.8,4.878,4.06,1578.5,61.27,11727,95,13,0,72.27,1.1499,18.4236
46,56.75,3.353,4.69,1600.3,61.47,11381,19,9,0,68.67,1.8561,12.1002
23,59.72,1.307,5.31,1357.8,47.32,6412,25,12,0,68.95,1.182,11.2467
21,67.44,5.79,5.22,1177.1,59.19,41545,7,11,0,71.11,2.9124,12.9195
15,68.48,4.738,5.54,1582.7,41.34,12924,110,16,0,69.63,1.6281,12.361
2,76.8,1.512,5.44,1418.1,36.18,6647,88,17,0,69.15,3.7172,14.1176
21,72.68,1.375,5.37,1329.9,44.09,41315,7,11,0,70.83,2.9365,13.5345
14,60.18,1.113,5.01,1093.8,76.96,33122,41,2,0,69.42,3.6744,12.012
6,68.38,1.061,5.44,1514.5,30.9,28555,71,2,0,76.62,1.9147,12.5699
21,79.64,1.928,5.43,1520.8,49.86,41197,7,11,0,70.78,2.9395,14.6667
23,74.27,1.571,6.25,1417.2,73.64,6350,25,12,0,68.55,1.1618,11.8832
22,78.37,1.081,5.44,1524.3,61.12,25140,35,6,0,68.38,1.163,14.4062
14,79.14,0.996,4.42,1403.5,39.07,33238,41,2,0,69.94,3.7042,17.905
38,101.15,2.526,3.74,1789.2,65.14,28532,81,13,1,70.22,3.1417,27.0455
5,55.95,2.234,5.38,1735.5,26.31,31382,49,5,0,67.51,1.4818,10.3996
22,69.94,1.446,5.79,1385.1,55.64,25015,35,6,0,67.77,1.1839,12.0794
41,71.01,2.638,4.76,1209.4,49.71,16895,22,7,0,74.64,1.4347,14.9181
26,54.42,2.408,5.72,1875.5,70.69,12009,95,13,0,71.79,1.1475,9.514
46,73.55,3.681,6.67,1532.3,50.21,11477,19,9,0,69.26,1.8634,11.027
26,62.07,1.616,6.2,1351.5,61.03,12136,95,13,0,71.18,1.1379,10.0113
6,61.53,1.546,5.4,1406.0,61.74,28625,71,2,0,75.77,1.9141,11.3944
37,63.65,3.851,4.44,1422.1,47.01,14491,91,13,0,69.08,1.837,14.3356
48,58.7,1.084,5.46,1274.7,51.78,29847,115,7,0,73.08,4.822,10.7509
2,57.27,3.16,5.01,1364.5,53.49,6802,88,17,0,68.37,3.7156,11.4311
21,73.71,3.148,4.11,1431.1,73.11,41264,7,11,0,70.35,2.8297,17.9343
47,73.97,5.092,2.26,1240.2,99.3,17973,55,7,1,68.92,1.386,32.7301
47,74.54,1.235,6.31,1274.6,49.14,17697,55,7,0,69.58,1.3923,11.813
2,67.31,2.559,6.12,1405.2,39.97,6997,88,17,0,68.55,3.7169,10.9984
50,72.03,1.681,5.64,1323.1,48.55,22395,21,3,0,74.14,2.5791,12.7713
47,64.6,1.669,6.34,1756.7,60.48,17972,55,7,0,69.94,1.3777,10.1893
16,63.4,5.345,6.29,1422.3,65.58,3463,83,12,0,71.12,1.914,10.0795
9,71.52,2.882,4.78,1400.4,54.48,28962,28,7,0,68.5,2.1236,14.9623
1,62.16,2.69,6.16,1741.0,56.42,2654,74,9,0,71.37,4.6177,10.0909
21,79.8,1.433,6.15,1236.8,35.69,41537,7,11,0,71.13,2.8392,12.9756
47,61.32,1.526,4.46,1601.3,63.03,18031,55,7,0,69.69,1.3909,13.7489
2,67.58,2.984,4.8,1289.6,48.22,7040,88,17,0,67.56,3.7083,14.0792
16,70.05,4.165,4.25,925.1,58.37,3142,83,12,0,71.69,1.9409,16.4824
37,66.66,7.9,6.15,1202.8,30.12,14690,91,13,0,69.27,2.0945,10.839
15,76.19,8.187,6.66,1516.7,51.77,12941,110,16,0,68.56,1.8331,11.4399
8,70.24,1.659,5.12,1424.3,68.57,39522,98,4,0,66.37,1.2534,13.7187
32,86.4,3.971,5.69,1399.6,55.19,25954,56,0,0,69.6,1.541,15.1845
48,73.74,0.787,5.59,1117.8,60.1,29997,115,7,0,73.22,4.8417,13.1914
41,66.11,2.377,5.24,1434.1,60.58,16946,22,7,0,73.52,1.4208,12.6164
9,69.93,3.347,4.98,1699.2,75.23,28820,28,7,0,68.5,2.1062,14.0422
31,67.44,1.024,5.53,1413.6,20.06,8268,56,3,0,70.81,1.4861,12.1953
48,48.92,2.984,5.91,1162.1,65.24,29816,115,7,0,71.81,4.8227,8.2775
29,70.17,1.834,6.03,1457.3,39.21,36939,18,13,0,69.55,1.5482,11.6368
45,83.16,3.515,4.93,1504.5,61.42,998,30,11,0,70.21,1.9564,16.8682
33,60.6,3.667,4.74,1252.7,56.97,17765,109,0,0,72.95,4.3885,12.7848
27,89.2,4.433,4.44,761.7,84.11,2040,52,16,1,73.78,2.863,20.0901
7,69.11,1.52,5.37,1196.1,34.21,2705,118,6,0,70.86,0.9672,12.8696
41,62.73,2.982,5.05,1604.5,47.81,17030,22,7,0,73.13,1.4048,12.4218
36,68.35,1.255,4.79,1306.3,78.03,32630,32,13,0,66.27,1.8322,14.2693
44,69.74,1.444,5.59,1278.2,46.33,15491,41,3,0,67.78,2.011,12.4758
23,68.34,1.88,5.43,1365.4,83.31,6256,25,12,0,68.85,1.1311,12.5856
46,71.33,2.225,5.56,1706.5,56.83,11386,19,9,0,70.0,1.8433,12.8291
34,84.14,1.643,4.26,1738.4,59.57,36966,12,19,0,73.93,1.8778,19.7512
43,70.37,1.075,6.31,1282.4,54.41,22118,106,18,0,68.46,1.3206,11.1521
27,66.8,1.441,6.94,1365.0,56.05,2247,52,16,0,73.67,2.8426,9.6254
26,74.55,1.432,5.49,1692.4,55.52,12214,95,13,0,71.19,1.1565,13.5792
27,50.6,3.801,5.32,1493.4,34.78,2094,52,16,0,73.47,2.7805,9.5113
29,92.53,2.95,2.79,1325.8,50.24,37033,18,13,1,70.66,1.5214,33.1649
38,59.65,1.718,4.79,1152.2,40.72,28451,81,13,0,69.27,3.1414,12.453
18,68.25,3.977,5.49,1420.3,58.39,33150,65,18,0,68.29,1.4551,12.4317
8,68.26,2.032,6.51,1321.7,60.33,39856,98,4,0,66.39,1.2282,10.4854
48,55.71,2.64,5.11,1834.5,42.76,29551,115,7,0,71.11,4.8328,10.9022
48,71.07,2.11,5.42,993.7,56.09,29798,115,7,0,70.95,4.8106,13.1125
21,63.41,1.932,5.55,1668.1,74.06,41461,7,11,0,71.15,2.8384,11.4252
45,62.14,1.781,5.85,1342.1,38.97,898,30,11,0,69.68,1.981,10.6222
18,67.97,1.701,4.13,1438.3,75.2,32939,65,18,0,68.21,1.4636,16.4576
14,74.79,2.533,5.63,1636.3,59.65,33078,41,2,0,69.67,3.6889,13.2842
20,72.62,2.564,5.38,1277.0,48.51,24607,31,3,0,68.12,1.7646,13.4981
33,84.87,5.535,3.37,1985.3,93.59,17720,109,0,1,73.65,4.4022,25.184
11,63.09,5.21,5.65,1439.7,61.55,39551,84,14,0,68.49,0.9306,11.1664
6,62.31,1.925,5.91,1848.3,51.22,28567,71,2,0,73.63,1.9274,10.5431
17,61.85,2.338,6.03,1537.4,61.25,49086,49,0,0,68.62,1.2706,10.257
41,63.91,3.124,5.29,1900.7,44.59,16903,22,7,0,72.66,1.3886,12.0813
3,73.29,1.864,4.96,1619.0,53.34,50299,40,16,0,69.62,1.132,14.7762
41,77.86,3.989,5.71,1203.4,62.21,16661,22,7,0,72.76,1.3998,13.6357
30,66.9,4.507,4.86,1390.9,72.85,30681,90,2,0,66.96,1.4553,13.7654
22,74.45,2.838,5.4,1549.4,58.09,25310,35,6,0,68.0,1.1668,13.787
31,70.1,5.906,6.8,1492.7,63.06,8188,56,3,0,71.34,1.6276,10.3088
4,60.63,3.592,5.4,1188.0,76.03,31439,45,1,0,69.44,1.0579,11.2278
7,48.56,3.165,4.77,1970.5,56.04,3006,118,6,0,69.24,0.987,10.1803
15,66.68,2.969,5.53,1558.9,58.49,12731,110,16,0,68.32,1.8257,12.0579
16,58.95,2.065,5.12,1497.0,18.85,3165,83,12,0,70.91,1.9242,11.5137
50,64.44,2.326,4.1,1389.0,65.53,22085,21,3,0,74.12,2.5717,15.7171
7,71.53,1.194,6.69,1244.1,66.6,2801,118,6,0,69.27,1.0013,10.6921
46,61.2,2.496,6.55,1554.8,40.45,11438,19,9,0,69.3,1.8265,9.3435
35,83.9,4.628,2.91,1219.0,94.47,8238,57,10,1,72.4,1.0238,28.8316
22,56.51,4.164,7.69,1602.2,46.24,24988,35,6,0,68.07,0.9805,7.3485
40,67.95,3.153,4.04,1588.4,68.04,39343,23,8,0,69.55,2.0981,16.8193
49,73.56,3.335,3.97,1531.5,51.73,35221,62,5,0,72.29,4.6926,18.529
43,73.55,1.919,4.13,1375.1,63.03,22418,106,18,0,68.0,1.3131,17.8087
38,62.32,2.597,5.3,1548.0,43.13,28299,81,13,0,68.08,2.7349,11.7585
9,56.56,1.4,5.82,1066.7,58.4,28788,28,7,0,67.18,2.1331,9.7182
47,70.34,1.961,5.65,1355.0,41.98,18141,55,7,0,69.85,1.3877,12.4496
37,70.24,2.349,5.3,1371.8,52.49,14363,91,13,0,69.5,2.0966,13.2528
20,63.47,2.475,5.33,1404.5,55.57,24707,31,3,0,67.94,1.7694,11.9081
36,61.44,2.358,4.22,1677.0,64.42,32737,32,13,0,66.37,1.8306,14.5592
45,68.98,1.391,5.43,1230.7,55.08,1019,30,11,0,69.95,2.0371,12.7035
16,58.39,2.714,6.26,1269.4,37.83,3302,83,12,0,70.77,1.9225,9.3275
35,60.11,2.768,6.66,1743.5,50.22,8487,57,10,0,71.51,1.0263,9.0255
16,58.41,1.199,5.63,1280.3,60.61,3375,83,12,0,70.19,1.9244,10.3748
37,69.3,2.016,6.31,1737.4,37.23,14645,91,13,0,69.36,2.0652,10.9826
13,69.66,3.635,6.8,1342.6,74.92,46977,72,9,0,71.44,1.062,10.2441
12,66.58,2.031,5.47,1677.2,65.01,32537,111,6,0,71.85,1.842,12.1718
4,60.5,2.731,5.17,1621.4,55.66,31594,45,1,0,68.56,1.0604,11.7021
41,74.14,1.82,6.69,1428.0,75.61,16824,22,7,0,73.07,1.3684,11.0822
31,56.41,1.257,5.62,1633.6,42.59,8450,56,3,0,70.41,1.6547,10.0374
48,71.82,1.774,6.26,1462.3,46.84,29967,115,7,0,71.32,4.8279,11.4728
11,78.53,2.294,5.95,1582.7,49.04,39540,84,14,0,69.05,0.9249,13.1983
21,57.68,2.254,4.66,1501.9,62.65,41542,7,11,0,70.76,2.8127,12.3777
36,60.47,1.887,6.33,1309.6,46.0,32337,32,13,0,65.9,1.8206,9.5529
30,62.46,1.021,5.95,1332.1,55.93,30744,90,2,0,66.52,1.4906,10.4975
32,66.0,9.6,4.97,1649.4,51.08,26192,56,0,0,68.83,2.0612,13.2797
21,68.16,3.144,5.09,1627.7,46.78,41579,7,11,0,70.24,2.3327,13.391
42,49.49,5.71,6.55,1196.7,32.78,5670,63,17,0,68.92,3.0126,7.5557
1,69.06,2.509,5.58,1505.0,36.97,2442,74,9,0,69.94,4.5915,12.3763
47,78.78,5.043,6.06,1777.4,52.41,17721,55,7,0,70.77,1.4692,13.0
16,73.42,2.287,6.04,1501.0,65.14,3161,83,12,0,70.17,1.8878,12.1556
17,71.75,2.994,6.09,1570.9,43.05,49170,49,0,0,68.89,1.2428,11.7816
20,69.11,3.003,5.2,1618.6,59.48,24565,31,3,0,68.17,1.7467,13.2904
19,53.51,0.905,5.75,1539.0,48.04,34163,75,12,0,67.02,1.637,9.3061
22,87.56,8.417,3.86,1694.2,88.69,25188,35,6,1,68.85,1.5525,22.6839
33,59.54,3.61,5.66,1539.5,36.87,17420,109,0,0,73.79,4.3933,10.5194
48,78.34,3.025,6.21,1384.1,45.49,29560,115,7,0,70.41,4.8148,12.6151
2,60.89,1.541,6.86,1357.5,58.55,6772,88,17,0,67.33,3.7039,8.8761
17,62.36,1.105,4.82,1481.7,74.07,48808,49,0,0,68.68,1.207,12.9378
38,66.27,6.446,6.19,1149.4,65.89,28465,81,13,0,67.66,2.8192,10.706
49,74.2,3.434,5.15,1551.6,49.23,35170,62,5,0,73.04,4.6813,14.4078
32,77.63,1.919,4.45,1638.1,57.86,26074,56,0,0,69.44,2.0708,17.4449
44,64.19,2.642,6.21,1524.2,59.93,15239,41,3,0,67.6,1.9881,10.3366
32,58.15,2.466,5.42,1533.7,57.39,26150,56,0,0,68.48,2.0685,10.7288
1,63.96,0.936,3.28,1189.4,54.97,2285,74,9,0,69.49,4.5943,19.5
36,70.93,2.935,6.5,1475.0,51.02,32574,32,13,0,66.11,1.8225,10.9123
17,63.17,5.79,5.76,1422.7,29.92,48974,49,0,0,68.56,1.405,10.967
19,75.76,2.403,5.61,1857.8,60.61,33913,75,12,0,67.38,1.6088,13.5045
1,77.59,2.183,5.39,1401.4,40.41,2369,74,9,0,69.74,4.5793,14.3952
40,76.23,1.946,5.12,1878.5,71.51,39361,23,8,0,69.72,2.0644,14.8887
20,78.92,2.845,5.18,1228.3,59.71,24604,31,3,0,68.05,1.7299,15.2355
6,70.09,3.138,5.52,1317.9,52.73,28740,71,2,0,73.92,1.9254,12.6975
24,63.11,3.292,4.85,1623.2,52.02,2606,86,13,0,69.29,1.8171,13.0124
48,101.7,2.041,1.48,2400.1,81.81,29809,115,7,1,71.86,4.8311,68.7162
49,67.25,2.148,6.49,1530.7,63.13,34879,62,5,0,73.29,4.6685,10.3621
48,58.09,5.296,3.82,1449.6,56.85,29835,115,7,0,70.24,4.0485,15.2068
10,67.31,3.465,5.43,1060.7,49.84,31048,81,9,0,71.97,3.1401,12.3959
34,70.43,1.198,4.23,1662.8,48.52,36840,12,19,0,73.91,1.8843,16.6501
49,69.24,4.544,4.9,1588.7,42.73,35220,62,5,0,72.86,4.6436,14.1306
13,67.38,1.631,6.05,1329.0,47.38,46881,72,9,0,71.37,1.0727,11.1372
34,70.94,3.539,5.87,1370.1,47.74,37091,12,19,0,74.1,1.7283,12.0852
48,61.57,2.135,6.17,1362.7,70.25,29875,115,7,0,70.3,4.0392,9.9789
17,63.69,3.769,4.87,1324.8,78.23,49105,49,0,0,68.02,1.4026,13.078
50,62.35,1.715,5.87,1384.0,65.75,22188,21,3,0,74.03,2.5772,10.6218
49,71.84,4.048,5.56,1431.6,71.28,35150,62,5,0,73.37,4.6349,12.9209
8,68.62,3.147,5.21,1498.5,56.96,39956,98,4,0,66.56,1.2313,13.1708
37,76.27,2.527,4.91,1626.9,46.94,14637,91,13,0,69.46,2.0215,15.5336
4,56.74,1.0,5.56,1541.0,42.06,31518,45,1,0,67.99,1.0323,10.205
50,74.32,6.211,5.09,1540.1,61.62,22075,21,3,0,74.4,2.6133,14.6012
43,70.8,2.18,5.75,1398.2,66.71,22443,106,18,0,67.83,1.2864,12.313
36,74.34,2.383,4.91,1570.5,60.79,32277,32,13,0,66.31,1.7956,15.1405
2,69.07,1.304,6.52,1508.1,60.3,6612,88,17,0,67.28,3.7024,10.5936
3,70.91,4.563,5.78,955.8,76.6,50130,40,16,0,69.9,1.1894,12.2682
9,76.94,0.976,5.56,1227.4,43.48,28621,28,7,0,67.24,2.1578,13.8381
25,47.83,1.777,4.76,1200.6,61.25,8880,25,2,0,69.06,1.4962,10.0483
22,69.09,1.194,5.39,1684.3,57.89,25136,35,6,0,68.94,1.5755,12.8182
11,73.36,1.433,5.76,1576.5,55.78,39863,84,14,0,70.28,0.9487,12.7361
35,61.02,1.831,4.96,1089.9,50.48,8236,57,10,0,71.2,1.0137,12.3024
3,61.77,1.351,3.95,1476.0,55.96,50160,40,16,0,69.14,1.2197,15.638
27,55.24,3.59,5.86,1468.4,67.5,2216,52,16,0,73.14,2.7629,9.4266
48,72.3,3.427,4.63,1181.7,34.66,29796,115,7,0,70.51,4.0366,15.6156
6,74.8,1.333,5.33,1914.2,53.52,28428,71,2,0,73.01,1.8855,14.0338
38,71.91,1.559,6.03,1336.6,59.18,28295,81,13,0,68.18,2.8081,11.9254
29,80.72,1.504,4.67,1327.1,53.34,37103,18,13,0,70.72,1.512,17.2848
45,58.96,1.224,5.48,1607.5,42.96,1266,30,11,0,69.65,2.0941,10.7591
36,68.96,1.446,5.4,1100.5,73.97,32311,32,13,0,66.28,1.8048,12.7704
45,59.28,2.518,5.0,1807.3,55.45,1044,30,11,0,69.24,1.9488,11.856
28,67.64,2.779,5.43,1861.1,64.91,47714,40,2,0,71.9,1.7117,12.4567
19,53.96,1.102,7.3,1510.1,51.44,34277,75,12,0,67.24,1.602,7.3918
43,73.95,0.979,5.52,1389.2,72.82,22489,106,18,0,68.16,1.319,13.3967
6,64.51,1.967,3.73,1540.5,41.15,28346,71,2,0,73.0,1.863,17.2949
25,71.54,3.145,5.18,1886.2,71.62,8998,25,2,0,68.78,1.49,13.8108
3,75.54,2.935,4.63,1505.3,51.58,50033,40,16,0,69.47,1.2191,16.3153
47,63.73,0.776,5.09,1761.1,71.58,17682,55,7,0,70.16,1.5172,12.5206
45,75.99,3.52,5.35,1629.7,58.85,1370,30,11,0,69.63,1.9469,14.2037
6,64.53,1.154,4.87,1528.5,57.08,28619,71,2,0,73.34,1.9056,13.2505
19,65.4,1.493,5.82,1668.6,64.05,33967,75,12,0,67.81,0.9743,11.2371
1,67.6,1.034,6.96,1537.8,68.89,2242,74,9,0,69.8,4.5979,9.7126
19,68.99,1.314,5.78,1882.6,72.04,33957,75,12,0,67.87,0.8781,11.936
29,65.9,2.244,4.82,1837.9,68.16,36986,18,13,0,70.58,1.4732,13.6722
34,69.28,0.993,5.84,1610.2,54.49,36792,12,19,0,74.06,1.7538,11.863
29,77.13,1.631,5.27,1225.6,48.02,37119,18,13,0,70.85,1.4239,14.6357
10,69.64,15.293,3.47,1961.6,79.64,30894,81,9,1,71.65,3.934,20.0692
48,55.49,2.515,4.49,1411.7,44.49,29590,115,7,0,70.05,4.0428,12.3586
37,69.45,1.709,5.08,1333.8,66.0,14767,91,13,0,69.24,2.0386,13.6713
32,106.79,4.876,0.76,1816.8,35.37,26141,56,0,1,70.16,2.08,140.5132
28,64.73,1.937,5.93,1533.8,68.75,47876,40,2,0,71.26,1.7193,10.9157
42,74.48,2.135,5.78,1405.3,65.87,5725,63,17,0,69.12,3.0178,12.8858
29,84.95,6.418,3.42,1328.9,80.09,36945,18,13,1,71.64,1.5451,24.8392
48,92.95,4.761,0.69,1123.4,101.12,29963,115,7,1,71.01,4.0431,134.7101
14,80.46,1.968,5.54,1473.8,75.82,33139,41,2,0,70.63,3.6897,14.5235
37,112.68,3.761,3.38,1084.0,90.87,14459,91,13,1,71.16,2.0416,33.3373
32,64.62,1.243,7.02,1780.7,84.29,26280,56,0,0,70.04,2.1155,9.2051
45,68.02,4.391,5.12,1760.6,60.14,972,30,11,0,68.93,1.8917,13.2852
9,68.03,1.193,5.26,1602.5,73.35,28914,28,7,0,67.49,2.1797,12.9335
6,56.96,3.912,5.05,1762.3,62.81,28364,71,2,0,72.42,1.9101,11.2792
19,62.35,4.332,6.46,1083.2,52.7,34069,75,12,0,67.62,0.9741,9.6517
46,66.83,2.594,7.52,1296.5,68.15,11270,19,9,0,68.43,1.5112,8.887
36,61.11,2.975,5.54,1469.1,60.66,32407,32,13,0,66.45,1.8042,11.0307
11,73.83,2.158,5.4,1219.5,56.06,39939,84,14,0,69.74,0.9373,13.6722
12,65.76,2.024,3.88,1443.5,56.64,32257,111,6,0,72.29,1.8313,16.9485
6,67.38,2.008,5.6,1357.1,40.68,28302,71,2,0,72.09,1.922,12.0321
18,58.45,5.02,5.49,1590.4,68.57,32910,65,18,0,67.37,1.53,10.6466
5,83.1,4.022,5.1,1617.8,50.06,31388,49,5,0,68.65,1.5074,16.2941
31,57.96,1.182,5.08,1704.5,66.63,8594,56,3,0,69.18,1.6543,11.4094
45,79.03,0.87,4.56,1376.8,66.38,1078,30,11,0,69.02,1.9511,17.3311
39,66.72,2.767,5.63,1500.1,50.46,34145,15,13,0,67.98,2.9245,11.8508
40,66.35,0.934,4.88,1254.1,69.9,39072,23,8,0,69.5,2.1032,13.5963
2,57.22,6.087,7.03,1594.8,89.17,7030,88,17,0,66.92,3.7477,8.1394
32,78.48,1.84,4.37,1549.5,37.32,26307,56,0,0,70.82,2.1045,17.9588
30,68.33,2.266,5.36,1260.4,53.54,30737,90,2,0,66.18,1.4887,12.7481
48,68.0,3.493,5.56,1508.2,25.74,29693,115,7,0,70.82,4.0344,12.2302
2,68.97,3.229,6.39,1677.3,57.76,6618,88,17,0,66.27,3.728,10.7934
18,55.87,2.474,5.8,1628.8,40.94,33068,65,18,0,67.31,1.3928,9.6328
30,78.82,1.599,4.88,1504.9,71.77,30628,90,2,0,67.26,1.4744,16.1516
7,68.38,2.396,5.7,1689.4,49.34,2691,118,6,0,69.43,1.0014,11.9965
17,56.39,2.133,5.93,1554.7,42.94,48851,49,0,0,67.75,1.3924,9.5093
13,68.85,2.164,4.04,1424.9,52.91,47076,72,9,0,71.11,1.0695,17.0421
22,63.88,4.206,4.86,1390.9,60.77,24994,35,6,1,69.11,1.6044,13.144
17,76.9,5.515,5.94,1234.4,58.56,48871,49,0,0,68.46,1.4863,12.9461
34,87.17,5.49,2.78,1828.9,126.44,37166,12,19,1,74.02,1.8292,31.3561
40,68.0,1.968,5.73,1151.1,76.75,39384,23,8,0,69.4,2.1049,11.8674
44,63.42,1.76,6.18,1259.4,65.0,15239,41,3,0,67.49,1.9978,10.2621
46,77.66,4.596,3.31,1252.4,89.32,11153,19,9,1,67.08,1.5293,23.4622
36,77.75,4.539,4.1,1804.7,86.58,32580,32,13,1,66.96,1.8087,18.9634
3,72.4,3.862,5.9,1564.4,43.9,50200,40,16,0,69.68,1.2438,12.2712
43,79.11,1.826,5.82,1157.4,38.94,22413,106,18,0,68.68,1.251,13.5928
48,68.68,3.243,6.39,1395.5,39.18,30016,115,7,0,70.72,4.0356,10.748
37,65.44,2.766,4.07,1231.0,62.3,14384,91,13,0,70.89,2.0315,16.0786
28,75.26,10.656,6.31,1491.0,41.17,48029,40,2,0,71.14,2.3507,11.9271
8,53.54,2.804,4.69,1654.5,61.3,39535,98,4,0,66.33,1.2316,11.4158
16,53.37,1.627,4.74,1783.9,61.11,3425,83,12,0,69.74,1.4641,11.2595
9,80.01,3.485,4.56,1688.4,76.9,28674,28,7,0,67.96,2.136,17.5461
16,74.44,2.336,6.51,1467.4,66.97,3408,83,12,0,68.12,1.4511,11.4347
8,67.81,1.888,5.93,1497.3,81.71,39486,98,4,0,66.59,1.0575,11.4351
46,68.81,3.809,4.87,1571.1,55.65,11184,19,9,0,66.51,1.4563,14.1294
23,81.68,1.347,6.1,1534.8,68.43,6215,25,12,0,69.41,1.1283,13.3902
18,65.84,0.85,4.38,1434.0,58.38,32831,65,18,0,67.61,1.4443,15.032
35,78.44,2.487,5.38,1318.0,31.35,8206,57,10,0,71.63,1.0029,14.5799
46,63.23,2.722,4.28,1323.5,49.19,11175,19,9,0,66.57,1.4382,14.7734
32,66.46,2.336,6.29,1539.1,44.27,25866,56,0,0,70.8,2.0979,10.566
10,52.9,2.045,5.21,1581.0,59.06,30959,81,9,0,70.8,3.941,10.1536
29,67.14,3.57,5.21,1512.6,49.34,37011,18,13,0,71.31,1.52,12.8868
44,63.21,3.549,3.94,1547.4,62.23,15582,41,3,0,67.48,1.9979,16.0431
20,92.16,4.353,4.21,1681.3,113.32,24812,31,3,1,69.46,1.6946,21.8907
28,63.37,4.549,6.9,1607.1,53.66,47643,40,2,0,70.4,2.3502,9.1841
17,67.29,1.426,5.33,1096.6,42.24,48925,49,0,0,68.2,1.4538,12.6248
7,73.51,2.583,4.78,949.9,68.66,2690,118,6,0,69.42,0.9998,15.3787
40,83.13,1.917,5.94,1706.4,64.77,39092,23,8,0,69.71,2.1038,13.9949
43,61.32,1.062,4.57,1447.4,68.27,22176,106,18,0,68.13,1.2638,13.4179
9,72.94,3.637,6.14,1726.4,38.69,28749,28,7,0,67.08,1.0617,11.8795
20,74.67,3.243,4.78,1730.5,63.38,24949,31,3,0,70.0,1.6803,15.6213
10,63.03,4.793,7.58,1330.8,41.65,30892,81,9,0,70.62,3.9309,8.3153
32,58.17,1.191,3.84,1278.0,54.24,26179,56,0,0,70.29,2.1301,15.1484
11,65.98,3.529,6.27,1439.0,36.98,39998,84,14,0,69.27,0.878,10.5231
10,73.21,1.631,5.5,1502.4,33.96,30929,81,9,0,71.15,3.8992,13.3109
48,87.39,12.835,2.63,1484.2,76.97,29837,115,7,1,71.57,4.4415,33.2281
15,62.54,2.687,5.04,1339.6,24.35,12981,110,16,0,68.69,1.8149,12.4087
48,69.09,0.969,4.94,1281.9,54.84,29819,115,7,0,71.37,4.4494,13.9858
18,78.58,4.203,6.5,1743.3,68.9,33055,65,18,0,68.16,1.4762,12.0892
35,61.43,2.148,6.54,1507.8,66.06,8321,57,10,0,71.04,0.9863,9.393
21,63.02,2.633,5.52,1102.2,34.58,41583,7,11,0,69.36,2.3294,11.4167
3,55.4,2.433,6.82,1364.0,46.16,49939,40,16,0,69.24,1.201,8.1232
17,116.4,2.979,1.9,1614.5,100.21,48748,49,0,1,70.28,1.4555,61.2632
29,61.79,2.217,5.62,1822.7,69.74,36694,18,13,0,71.08,1.5184,10.9947
11,64.26,3.784,5.52,1487.0,71.09,39594,84,14,0,68.74,0.9222,11.6413
49,77.63,1.897,5.85,1427.8,66.7,34922,62,5,0,72.61,2.2493,13.2701
26,61.73,2.588,5.62,1507.6,43.25,12169,95,13,0,70.57,1.1567,10.984
50,73.59,1.317,5.8,1393.4,57.55,22547,21,3,0,74.56,2.6286,12.6879
28,68.04,1.356,5.19,1436.6,55.98,47803,40,2,0,71.01,2.3722,13.1098
10,74.23,1.812,5.54,1467.8,48.46,31340,81,9,0,71.29,3.9117,13.3989
45,58.96,2.365,5.59,1248.7,72.78,1331,30,11,0,68.4,1.9095,10.5474
17,66.7,1.011,4.44,1563.4,51.29,48820,49,0,0,70.45,1.4929,15.0225
35,72.83,13.701,2.23,2280.7,59.71,8356,57,10,1,71.0,2.5099,32.6592
37,72.36,5.128,6.12,1561.5,56.88,14298,91,13,0,70.74,2.0747,11.8235
26,60.36,4.004,6.91,1653.9,57.48,11866,95,13,0,70.53,1.1909,8.7352
8,69.44,2.058,4.0,1559.2,67.63,39490,98,4,0,66.77,1.0544,17.36
18,71.54,5.235,5.29,1207.8,47.78,32743,65,18,0,68.47,1.4901,13.5236
6,71.35,0.914,5.75,1236.6,31.79,28541,71,2,0,71.94,1.9691,12.4087
44,64.34,2.086,4.77,1396.4,65.96,15418,41,3,0,67.7,1.9448,13.4885
18,72.75,2.141,5.7,1563.3,67.66,32987,65,18,0,68.77,1.4904,12.7632
36,69.73,2.138,2.08,1226.5,89.2,32605,32,13,1,67.06,1.8102,33.524
1,100.76,5.394,6.47,1521.1,55.46,2698,74,9,1,71.02,4.6165,15.5734
28,57.89,3.136,6.68,1589.8,45.05,47769,40,2,0,70.53,2.3648,8.6662
4,62.82,1.773,5.17,1198.1,62.68,31765,45,1,0,67.73,1.035,12.1509
8,75.79,3.805,6.16,1527.6,55.84,39594,98,4,0,67.19,1.0885,12.3036
16,65.5,2.757,5.47,1757.6,29.29,3346,83,12,0,68.06,1.4532,11.9744
6,78.74,1.918,5.37,1437.2,66.75,28554,71,2,0,71.04,1.9528,14.6629
11,75.01,1.925,5.65,1426.0,49.08,39918,84,14,0,68.92,0.9135,13.2761
16,52.74,6.462,3.49,1566.2,55.98,3078,83,12,0,66.83,1.6696,15.1117
38,78.73,2.172,5.59,1292.8,37.35,28592,81,13,0,68.81,2.8056,14.0841
42,58.95,1.974,5.46,1148.2,60.05,5993,63,17,0,68.14,3.0059,10.7967
48,92.5,7.51,2.58,1878.4,89.9,29763,115,7,1,70.67,4.4866,35.8527
25,66.39,4.245,6.5,1805.5,57.35,9073,25,2,0,68.98,1.5275,10.2138
25,60.08,1.437,5.23,1192.1,38.11,8752,25,2,0,68.26,1.5342,11.4876
26,75.57,3.255,7.46,1347.2,62.37,11909,95,13,0,71.16,1.1761,10.13
7,63.49,2.489,7.07,1762.1,59.21,2940,118,6,0,68.89,0.9897,8.9802
9,65.39,3.126,5.4,1293.3,53.69,28939,28,7,0,66.91,1.0635,12.1093
23,61.27,7.177,5.01,1453.2,61.25,6217,25,12,0,68.64,1.5022,12.2295
33,68.49,1.103,5.11,1445.0,55.02,17437,109,0,0,73.73,4.4027,13.4031
16,56.55,4.082,4.5,1611.1,60.8,3312,83,12,0,65.36,1.5964,12.5667
40,73.3,2.717,6.39,1676.9,45.62,38997,23,8,0,70.34,2.0832,11.471
33,66.4,3.978,5.72,1693.1,44.96,17410,109,0,0,72.72,4.4023,11.6084
20,61.1,2.172,5.42,1428.4,35.76,24964,31,3,0,69.58,1.6933,11.2731
12,75.97,3.764,6.69,1324.3,55.3,32637,111,6,0,72.47,1.842,11.3558
20,75.26,1.229,5.15,1464.9,44.88,24879,31,3,0,70.05,1.3838,14.6136
31,57.16,1.493,6.55,1196.6,42.61,8164,56,3,0,68.91,1.6719,8.7267
34,67.75,2.3,5.32,1306.9,50.63,36867,12,19,0,73.67,1.8037,12.735
4,72.74,1.396,6.1,1747.4,51.76,31914,45,1,0,68.61,1.0402,11.9246
14,70.56,3.637,5.67,1430.3,81.31,32767,41,2,0,70.37,3.67,12.4444
16,67.33,2.043,5.14,1681.3,48.06,3141,83,12,0,64.78,1.4927,13.0992
48,79.28,1.415,6.69,1272.4,56.64,29981,115,7,0,71.29,4.5071,11.8505
46,62.24,1.424,4.49,1278.9,48.84,11523,19,9,0,66.23,1.4521,13.8619
19,70.34,1.282,6.17,1203.2,73.04,34275,75,12,0,67.15,0.9948,11.4003
11,57.53,0.867,5.85,1206.2,63.03,39775,84,14,0,68.66,0.9679,9.8342
3,69.45,2.039,4.66,1528.0,61.7,50327,40,16,0,67.95,1.2085,14.9034
44,67.07,3.782,5.1,1221.0,42.24,15541,41,3,0,67.49,1.9328,13.151
24,58.2,2.52,6.43,1450.1,49.78,2352,86,13,0,69.45,1.7718,9.0513
42,71.78,1.653,5.21,1271.8,51.16,5941,63,17,0,68.52,3.0087,13.7774
46,74.11,2.148,4.31,1522.7,55.82,11264,19,9,0,66.54,0.9084,17.1949
37,53.07,0.668,4.58,1483.1,59.79,14289,91,13,0,70.42,2.1304,11.5873
36,59.5,2.435,5.63,1390.4,66.91,32547,32,13,0,67.4,0.9343,10.5684
33,66.37,1.435,4.59,1581.4,64.23,17540,109,0,0,71.06,4.4286,14.4597
22,64.43,1.223,6.23,1292.2,51.69,24912,35,6,0,69.44,1.6256,10.3419
36,64.89,2.116,5.35,1394.7,54.08,32554,32,13,0,67.06,0.9356,12.129
22,62.38,2.179,6.1,1688.6,64.6,25159,35,6,0,69.42,1.6287,10.2262
43,81.42,2.081,5.22,1665.0,52.55,22061,106,18,0,68.52,1.2589,15.5977
48,60.25,0.996,5.88,1579.9,48.56,30046,115,7,0,71.24,4.5247,10.2466
29,72.63,1.754,5.51,1645.2,32.86,36956,18,13,0,71.2,1.3121,13.1815
33,78.68,1.975,5.63,1883.7,56.18,17567,109,0,0,71.4,4.4382,13.9751
4,75.19,3.34,5.76,1668.9,65.27,31732,45,1,0,68.58,0.9977,13.0538
25,63.51,1.868,6.7,1220.0,55.68,8783,25,2,0,68.08,1.5173,9.4791
13,69.31,2.898,5.22,1132.7,76.39,46850,72,9,0,70.31,1.0731,13.2778
5,56.91,3.678,4.97,1561.7,53.26,31504,49,5,0,67.94,1.5205,11.4507
3,99.23,19.09,4.91,1030.9,78.37,50292,40,16,1,69.35,3.554,20.2098
39,56.05,2.526,5.02,1095.8,37.49,34065,15,13,0,66.67,2.9233,11.1653
4,61.74,7.407,4.99,1474.6,79.6,31471,45,1,0,68.32,1.4049,12.3727
39,71.69,1.315,5.06,1252.5,59.32,34160,15,13,0,66.75,2.94,14.168
23,78.71,2.102,6.06,1300.8,64.44,6663,25,12,0,69.17,1.5024,12.9884
15,63.42,1.919,4.89,1371.1,74.43,12964,110,16,0,68.28,1.8298,12.9693
27,71.52,2.608,5.72,1541.5,70.05,2267,52,16,0,72.65,2.776,12.5035
23,64.4,1.775,5.8,1419.7,48.88,6419,25,12,0,68.63,1.5077,11.1034
12,72.89,2.133,5.25,1410.9,50.36,32535,111,6,0,72.56,1.8203,13.8838
13,83.75,2.449,5.35,1398.2,78.75,46707,72,9,0,69.89,1.0542,15.6542
33,63.74,2.208,4.47,1318.2,69.59,17705,109,0,0,71.82,4.4315,14.2595
22,66.92,1.834,6.41,1424.1,56.93,24914,35,6,0,69.37,1.6341,10.4399
22,66.51,1.999,5.0,1556.4,61.97,24877,35,6,0,68.64,1.6314,13.302
26,66.9,1.512,5.35,1727.6,70.61,11799,95,13,0,71.7,1.1834,12.5047
4,69.63,1.244,5.21,1518.3,57.77,31777,45,1,0,68.99,1.4324,13.3647
44,75.67,1.967,6.06,1488.6,45.74,15546,41,3,0,67.85,1.9195,12.4868
17,73.79,2.866,5.64,1166.7,57.45,48738,49,0,0,70.61,1.4939,13.0833
30,58.59,0.895,6.34,1564.8,45.83,30931,90,2,0,66.91,1.4798,9.2413
49,71.81,1.261,4.23,1306.6,50.84,35161,62,5,0,73.09,2.2484,16.9764
7,66.03,2.352,5.14,1524.6,70.58,3039,118,6,0,68.19,0.9802,12.8463
39,51.51,1.615,5.76,1595.4,59.92,34188,15,13,0,66.26,2.9376,8.9427
16,80.56,1.41,5.56,1890.1,46.33,3215,83,12,0,65.67,1.4881,14.4892
37,76.76,1.536,5.04,1115.1,62.12,14641,91,13,0,70.4,2.1409,15.2302
25,59.35,0.483,5.8,978.4,53.73,9090,25,2,0,67.62,1.538,10.2328
1,63.07,3.282,5.12,1532.2,38.65,2735,74,9,0,69.54,1.1815,12.3184
23,60.29,2.432,4.98,1513.2,50.71,6589,25,12,0,68.03,1.4948,12.1064
20,60.71,5.606,5.77,1855.2,55.74,24928,31,3,0,69.52,1.4334,10.5217
46,65.48,1.087,4.48,1639.7,30.74,11366,19,9,0,66.16,0.9463,14.6161
27,61.69,2.981,4.76,1606.2,59.71,2180,52,16,0,70.73,2.7413,12.9601
9,54.33,3.012,6.6,1400.2,22.5,28936,28,7,0,66.67,1.0424,8.2318
12,66.09,3.716,4.64,1679.9,21.87,32222,111,6,0,71.23,1.512,14.2435
19,79.41,1.07,5.68,1274.0,31.02,34283,75,12,0,66.76,1.0139,13.9806
9,78.83,2.31,5.67,1452.9,43.44,28696,28,7,0,67.38,1.0447,13.903
33,68.65,2.767,6.06,1211.6,68.58,17844,109,0,0,71.48,4.4363,11.3284
3,92.08,9.91,3.18,1159.2,83.7,50110,40,16,1,69.65,3.7903,28.956
44,69.15,3.256,7.2,1553.6,49.31,15466,41,3,0,67.64,1.293,9.6042
21,76.74,2.249,6.55,1842.5,51.6,41279,7,11,0,69.76,2.3342,11.716
19,66.95,3.371,4.7,1445.0,44.52,34148,75,12,0,66.66,1.0425,14.2447
41,74.21,2.822,5.7,1627.8,59.49,16890,22,7,0,72.56,1.3667,13.0193
34,59.74,3.073,5.56,1888.1,58.51,37185,12,19,0,72.91,1.7976,10.7446
50,83.46,18.688,2.9,1552.6,70.32,22112,21,3,1,75.34,4.0521,28.7793
27,55.11,2.632,6.7,1856.4,62.54,1982,52,16,0,70.18,2.6508,8.2254
11,70.77,2.354,6.99,1483.2,49.07,39886,84,14,0,68.06,0.9603,10.1245
48,64.53,4.005,7.47,1523.7,31.63,29971,115,7,0,71.09,4.5217,8.6386
9,72.05,7.324,4.88,1906.7,50.55,28896,28,7,0,67.43,1.3832,14.7643
4,62.2,6.836,6.89,1873.7,49.0,31739,45,1,0,68.82,1.6325,9.0276
28,68.02,3.527,5.36,1851.9,57.66,47832,40,2,0,70.65,2.3533,12.6903
46,74.97,3.585,5.45,1444.8,34.14,11400,19,9,0,66.57,0.9262,13.756
50,61.4,5.226,7.15,1442.8,52.31,22333,21,3,0,75.13,4.0535,8.5874
7,87.14,3.104,6.3,1594.1,47.15,2761,118,6,0,68.51,0.9709,13.8317
14,72.79,1.249,4.5,1502.6,57.6,33005,41,2,0,69.67,3.6898,16.1756
17,65.44,2.406,6.55,1213.0,55.72,49132,49,0,0,70.46,1.4733,9.9908
11,67.73,1.296,6.13,910.1,61.02,39785,84,14,0,67.91,0.9856,11.0489
49,65.69,5.408,5.91,1023.6,56.78,35307,62,5,0,72.87,2.2288,11.1151
41,64.19,1.486,6.56,1393.7,59.63,16939,22,7,0,72.52,1.27,9.7851
46,67.69,3.929,4.64,1464.8,53.39,11069,19,9,0,66.53,0.9647,14.5884
27,62.43,1.213,5.13,1231.7,49.77,2032,52,16,0,69.73,2.6931,12.1696
10,63.92,1.405,6.35,1543.7,57.46,30941,81,9,0,69.9,2.9329,10.0661
45,58.81,1.518,5.76,1681.8,66.96,1354,30,11,0,68.53,1.765,10.2101
25,55.91,4.682,5.12,1515.8,45.78,8793,25,2,0,66.82,1.601,10.9199
42,56.42,2.247,6.27,1650.0,57.26,5625,63,17,0,67.76,3.0143,8.9984
49,65.94,2.078,5.74,1803.4,72.1,34941,62,5,0,72.8,2.2482,11.4878
23,71.12,1.836,5.31,1102.7,69.01,6609,25,12,0,68.67,1.4992,13.3936
12,72.43,1.528,4.95,1496.4,67.24,32623,111,6,0,71.34,1.5273,14.6323
43,68.16,1.551,4.9,1639.2,32.39,22445,106,18,0,68.44,1.2541,13.9102
13,70.87,2.05,4.86,1469.6,31.7,46943,72,9,0,69.74,1.031,14.5823
25,60.73,1.841,5.21,1366.9,54.76,9109,25,2,0,66.21,1.6052,11.6564
19,70.51,1.192,5.03,1040.6,70.54,33971,75,12,0,67.33,1.0623,14.0179
5,64.07,2.784,5.06,1017.5,59.89,31477,49,5,0,67.36,1.5199,12.6621
48,69.15,2.268,7.31,1581.9,45.37,30038,115,7,0,70.35,2.6653,9.4596
32,58.92,3.825,4.04,1586.5,82.02,26167,56,0,0,70.68,2.1062,14.5842
47,69.06,3.596,2.8,1713.0,69.03,17756,55,7,1,70.42,1.5099,24.6643
36,37.31,1.129,6.17,1463.6,30.76,32379,32,13,0,66.01,0.9692,6.047
38,71.17,1.28,5.72,1428.0,53.33,28401,81,13,0,69.39,2.8278,12.4423
18,70.97,3.612,4.22,1194.7,55.99,32896,65,18,0,68.94,1.4779,16.8175
33,75.14,2.496,6.35,1369.8,53.89,17843,109,0,0,71.75,4.4128,11.8331
33,77.06,3.393,4.53,1538.9,50.56,17510,109,0,0,71.61,3.9468,17.011
31,61.88,2.578,4.89,1419.2,58.03,8369,56,3,0,68.82,1.6557,12.6544
21,70.37,1.974,5.55,1419.2,49.08,41257,7,11,0,69.68,2.2818,12.6793
27,61.34,2.527,6.21,1558.4,62.42,2095,52,16,0,69.23,2.6814,9.8776
18,65.4,3.444,5.5,1528.8,73.88,32810,65,18,0,68.52,1.4475,11.8909
50,64.8,5.166,5.55,1013.5,58.29,22426,21,3,0,74.0,3.9859,11.6757
7,69.33,3.283,4.6,1154.3,58.96,2830,118,6,0,68.7,0.8707,15.0717
15,56.73,1.752,5.19,1159.8,70.2,12705,110,16,0,67.67,1.8482,10.9306
44,66.05,1.231,4.88,1386.1,55.44,15333,41,3,0,67.7,1.2355,13.5348
26,66.23,3.863,5.96,1173.0,52.79,11776,95,13,0,71.76,1.194,11.1124
24,68.26,1.99,4.89,1545.8,50.41,2235,86,13,0,69.2,1.7801,13.9591
2,79.15,1.22,6.55,1320.9,35.3,6893,88,17,0,66.83,3.7492,12.084
29,52.4,2.987,5.73,1519.2,35.67,36744,18,13,0,70.37,1.278,9.1449
31,66.98,1.037,5.2,1728.3,47.08,8154,56,3,0,68.87,1.6791,12.8808
47,74.24,1.78,5.64,1543.7,55.24,17865,55,7,0,70.75,1.5205,13.1631
43,65.7,5.602,4.48,1741.4,60.59,22087,106,18,0,67.92,1.4242,14.6652
39,62.24,3.285,4.96,1479.6,38.85,34146,15,13,0,66.07,2.9161,12.5484
16,53.49,5.511,7.6,1617.4,53.6,3081,83,12,0,65.71,1.6125,7.0382
7,69.4,1.613,5.77,1416.8,54.53,2793,118,6,0,69.06,0.8599,12.0277
21,74.03,3.773,4.52,1314.0,51.25,41540,7,11,0,69.35,2.2769,16.3783
10,38.92,1.707,5.43,1459.4,66.62,31040,81,9,0,68.82,2.917,7.1676
28,55.58,1.833,5.62,1521.8,48.6,47740,40,2,0,70.04,2.3569,9.8897
22,74.2,2.576,3.94,1315.4,56.65,25159,35,6,0,68.72,1.6108,18.8325
6,55.74,0.968,5.5,1128.2,64.87,28376,71,2,0,71.04,1.9786,10.1345
36,70.29,1.149,4.82,1386.6,57.61,32440,32,13,0,66.06,0.9967,14.583
45,53.85,3.679,5.29,1526.1,26.77,937,30,11,0,67.28,1.3604,10.1796
40,72.71,3.343,6.22,1335.5,34.35,39039,23,8,0,68.95,1.2571,11.6897
42,68.64,1.179,6.11,1792.6,46.77,5992,63,17,0,68.12,3.0368,11.234
35,81.46,2.977,4.95,1858.3,62.95,8541,57,10,0,71.49,2.4826,16.4566
36,67.02,2.252,5.1,1552.7,44.72,32457,32,13,0,66.74,0.9046,13.1412
43,59.78,2.789,5.81,1495.7,57.5,22306,106,18,0,67.93,1.4038,10.2892
21,67.09,2.444,5.71,1515.6,70.81,41314,7,11,0,69.2,2.2276,11.7496
23,105.43,15.17,5.46,1391.6,89.95,6234,25,12,1,70.23,2.9797,19.3095
25,74.78,1.459,5.03,1454.4,57.19,8956,25,2,0,66.57,1.5958,14.8668
46,79.72,1.466,6.27,1622.1,48.0,11348,19,9,0,66.68,0.9665,12.7145
2,67.88,2.468,4.25,1428.6,62.45,6581,88,17,0,65.68,1.394,15.9718
21,71.89,1.648,6.21,1164.0,72.14,41427,7,11,0,69.26,2.2079,11.5765
12,83.34,3.515,6.43,1775.5,56.81,32571,111,6,0,72.29,1.537,12.9611
2,60.25,0.947,6.04,1548.3,55.97,6892,88,17,0,65.83,1.3971,9.9752
16,52.47,2.165,6.52,1423.1,52.35,3342,83,12,0,64.94,1.597,8.0475
20,60.15,1.742,4.18,1174.1,49.31,24992,31,3,0,69.92,1.4451,14.39
13,56.81,1.606,6.33,1368.3,48.63,46680,72,9,0,69.0,1.0109,8.9747
37,43.85,3.629,5.44,1559.6,43.63,14695,91,13,0,69.7,2.1329,8.0607
42,59.14,1.293,6.11,1531.7,51.75,5876,63,17,0,68.32,3.0439,9.6792
46,62.17,1.261,4.62,1363.0,61.54,11080,19,9,0,66.82,0.9814,13.4567
48,57.3,4.468,6.25,1469.3,71.26,29895,115,7,0,70.28,2.6425,9.168
19,83.84,5.6,3.68,1543.5,51.33,33960,75,12,0,68.59,1.2498,22.7826
33,60.4,0.951,6.44,1218.3,61.22,17453,109,0,0,70.51,3.7542,9.3789
7,68.08,1.304,5.77,1258.8,69.62,2710,118,6,0,68.65,0.8761,11.799
3,70.47,3.805,5.33,1209.8,65.96,50149,40,16,0,69.84,3.7903,13.2214
43,72.25,2.623,5.86,1427.2,71.3,22142,106,18,0,67.72,1.2427,12.3294
21,69.74,1.091,6.18,1671.4,61.87,41336,7,11,0,70.06,2.2132,11.2848
30,61.59,2.181,6.17,1771.6,44.34,30738,90,2,0,66.8,1.4791,9.9822
17,72.65,1.779,4.09,1493.9,57.91,49034,49,0,0,71.09,1.4519,17.7628
35,80.48,2.96,6.42,1704.1,45.7,8118,57,10,0,70.36,2.4822,12.5358
44,57.72,3.364,5.45,1501.5,45.17,15350,41,3,0,67.44,1.212,10.5908
6,64.37,1.497,5.77,1349.0,46.63,28342,71,2,0,71.6,1.994,11.156
39,62.83,1.521,4.99,1295.5,60.3,34222,15,13,0,65.96,2.9144,12.5912
25,79.57,1.813,5.67,1410.9,51.33,9198,25,2,0,67.53,1.5987,14.0335
18,61.09,2.929,6.99,1610.4,61.66,32710,65,18,0,67.92,1.4042,8.7396
23,85.96,1.114,4.04,1331.5,45.1,6312,25,12,0,70.99,2.9568,21.2772
20,65.18,1.91,4.03,1318.2,37.76,24560,31,3,0,69.17,1.4446,16.1737
26,67.62,2.604,5.63,1565.3,51.96,12125,95,13,0,71.24,1.192,12.0107
18,76.66,1.672,5.08,1235.5,69.95,32858,65,18,0,67.99,1.4163,15.0906
34,64.31,3.081,6.64,1464.3,30.99,36937,12,19,0,72.76,1.7785,9.6852
33,59.34,5.014,4.78,1494.2,51.99,17484,109,0,0,69.58,1.3088,12.4142
11,65.19,1.745,7.9,1320.0,71.65,39624,84,14,0,67.77,0.9716,8.2519
1,58.03,3.337,4.77,1729.9,61.59,2306,74,9,0,68.67,1.1841,12.1656
42,66.17,0.856,6.15,1568.3,50.03,5753,63,17,0,68.18,3.0685,10.7593
49,73.0,3.152,5.02,1572.8,75.02,35114,62,5,0,72.53,2.2474,14.5418
30,52.17,0.962,5.02,1358.2,72.74,30819,90,2,0,66.21,1.515,10.3924
18,65.6,2.116,4.52,1343.2,71.25,33169,65,18,0,67.7,1.4229,14.5133
19,75.32,4.523,5.82,1323.7,48.7,34341,75,12,0,68.79,1.3153,12.9416
45,64.49,2.575,5.39,1021.9,65.67,1068,30,11,0,67.01,1.3344,11.9647
47,83.52,1.755,6.5,1249.4,75.64,18053,55,7,0,71.47,1.5331,12.8492
16,100.23,2.633,4.73,1633.8,86.93,3251,83,12,1,66.28,1.5945,21.1903
21,74.06,3.221,3.92,1538.9,72.17,41352,7,11,0,69.92,2.1871,18.8929
40,74.3,2.889,4.91,1772.7,66.8,39455,23,8,0,69.32,1.2583,15.1324
40,68.92,1.38,5.86,1617.2,52.62,39215,23,8,0,69.28,1.26,11.7611
23,81.49,5.629,6.59,1259.6,59.82,6423,25,12,0,72.07,2.9992,12.3657
16,75.68,2.996,6.08,1216.9,55.91,3023,83,12,0,66.38,1.5695,12.4474
43,84.11,3.747,5.1,1079.2,25.09,22299,106,18,0,68.87,1.2757,16.4922
29,70.74,2.381,6.18,1319.7,57.33,37046,18,13,0,70.97,1.2634,11.4466
41,59.44,3.099,5.8,1456.0,72.91,16788,22,7,0,72.49,1.2365,10.2483
35,51.88,4.122,5.49,1323.7,54.26,8507,57,10,0,69.75,2.4732,9.4499
34,61.07,2.184,6.23,1522.8,56.8,36832,12,19,0,72.61,1.7797,9.8026
31,71.43,1.295,5.57,1448.0,41.43,8308,56,3,0,69.48,1.7021,12.8241
17,72.38,1.381,5.23,1154.5,49.41,48781,49,0,0,70.86,1.4088,13.8394
43,63.11,1.243,5.59,1177.8,27.58,22174,106,18,0,68.89,1.2611,11.2898
3,76.24,2.472,3.42,1731.4,46.75,50123,40,16,0,69.9,3.7766,22.2924
32,99.72,30.0,2.96,1767.3,107.26,26145,56,0,1,71.86,5.875,33.6892
17,94.64,7.051,2.61,1997.1,72.86,48751,49,0,1,72.1,1.6639,36.2605
16,68.58,3.122,5.07,1529.0,68.9,2979,83,12,0,66.11,1.5466,13.5266
3,56.1,1.688,6.24,1270.0,54.84,50167,40,16,0,69.01,3.7981,8.9904
12,74.17,1.631,5.47,1671.5,48.48,32362,111,6,0,72.42,1.5504,13.5594
11,54.39,3.931,5.69,1564.0,48.95,39812,84,14,0,66.73,1.0149,9.5589
31,84.93,18.252,4.53,1637.1,90.99,8160,56,3,1,70.69,3.6204,18.7483
40,67.87,1.546,6.44,1324.7,49.84,39436,23,8,0,67.86,1.0925,10.5388
23,64.45,1.182,6.25,1328.7,40.96,6637,25,12,0,71.97,3.0108,10.312
20,62.54,1.461,6.75,1427.2,42.6,24875,31,3,0,68.76,1.4644,9.2652
35,57.81,2.986,4.42,1409.1,58.09,8247,57,10,0,69.71,2.4672,13.0792
35,84.28,2.125,5.43,1128.8,57.39,8398,57,10,0,70.7,2.4637,15.5212
34,57.21,1.91,5.16,1590.2,64.61,37119,12,19,0,72.18,1.7508,11.0872
16,63.16,1.953,4.38,1524.2,48.14,3378,83,12,0,65.8,1.5185,14.4201
43,64.83,4.107,5.09,1304.7,80.62,22015,106,18,1,69.23,1.2972,12.7367
43,79.39,2.528,6.11,1719.0,52.57,22012,106,18,0,69.87,1.2905,12.9935
2,75.38,0.922,5.0,1264.5,61.96,7043,88,17,0,66.26,1.4322,15.076
35,64.59,1.122,4.75,1637.2,45.11,8210,57,10,0,70.65,2.4853,13.5979
27,48.81,3.254,5.52,1105.5,67.61,2229,52,16,0,67.75,2.6474,8.8424
25,70.12,3.553,5.59,1271.0,69.73,8790,25,2,0,67.67,1.612,12.5438
19,89.18,2.308,5.09,1098.6,33.42,34134,75,12,0,69.7,1.312,17.5206
1,73.37,1.993,4.71,1526.9,74.42,2593,74,9,0,69.04,1.185,15.5775
16,62.29,2.871,6.23,1218.8,59.77,3081,83,12,0,65.14,1.4897,9.9984
38,61.98,2.724,5.49,1344.4,52.43,28548,81,13,0,68.73,2.8041,11.2896
11,64.06,1.866,6.1,1438.1,48.52,39785,84,14,0,66.57,1.0208,10.5016
42,67.04,1.492,5.6,1644.4,44.69,5840,63,17,0,68.08,3.0775,11.9714
42,77.63,1.171,4.84,1680.2,64.32,5523,63,17,0,68.38,3.0998,16.0393
47,73.34,1.528,4.01,1513.4,36.1,17735,55,7,0,72.08,1.5334,18.2893
16,64.23,5.039,5.94,1629.7,56.55,3429,83,12,0,65.07,1.5278,10.8131
32,61.61,1.448,5.65,2053.2,44.22,25918,56,0,0,71.87,5.8799,10.9044
19,62.4,3.139,4.96,1873.2,39.88,34161,75,12,0,69.77,1.3188,12.5806
48,70.34,2.116,6.72,1715.1,36.77,29758,115,7,0,70.29,2.575,10.4673
15,62.38,1.849,5.79,1500.7,56.89,12739,110,16,0,67.38,1.8608,10.7737
15,60.28,2.975,5.44,1502.2,84.26,12970,110,16,0,67.19,1.8055,11.0809
18,61.81,1.453,5.73,1400.2,42.58,33107,65,18,0,67.44,1.4322,10.7871
21,62.13,2.6,6.05,1459.6,49.35,41619,7,11,0,69.14,2.1894,10.2694
4,58.64,2.74,4.56,1341.3,64.54,31441,45,1,0,68.01,1.5969,12.8596
36,74.35,2.308,6.69,1363.2,55.53,32399,32,13,0,67.1,0.8952,11.1136
3,66.01,2.216,5.42,1746.6,56.04,50382,40,16,0,69.24,3.7901,12.179
25,61.8,3.313,4.85,1597.2,51.19,9036,25,2,0,67.48,1.6116,12.7423
35,79.32,1.837,5.46,1477.0,56.13,8139,57,10,0,71.44,2.4579,14.5275
27,69.03,2.515,4.34,1800.8,52.92,2057,52,16,0,66.9,2.4307,15.9055
5,59.45,2.426,5.02,1564.7,56.74,31435,49,5,0,67.1,1.5076,11.8426
50,66.98,1.701,5.87,1199.9,45.6,22469,21,3,0,74.08,3.9962,11.4106
36,67.4,3.678,5.09,1554.9,58.76,32252,32,13,0,67.04,0.9408,13.2417
6,51.82,2.342,6.51,1536.3,65.83,28748,71,2,0,70.48,1.9724,7.9601
6,71.71,8.127,2.52,1247.8,93.35,28314,71,2,1,70.16,2.2306,28.4563
45,65.53,1.226,5.39,1675.0,49.08,1229,30,11,0,67.55,1.3878,12.1577
21,71.66,1.734,5.34,1239.9,47.36,41618,7,11,0,69.42,1.6289,13.4195
10,61.86,7.333,5.4,1706.0,18.12,31055,81,9,0,67.96,3.0379,11.4556
23,60.18,1.303,5.71,1672.0,76.52,6278,25,12,0,71.62,3.0285,10.5394
44,56.01,1.436,5.66,1721.2,67.02,15511,41,3,0,66.36,1.2267,9.8958
27,64.87,1.486,5.81,1359.0,49.51,2083,52,16,0,66.53,2.4509,11.1652
29,62.3,2.765,7.17,1221.1,67.08,37139,18,13,0,71.0,1.2276,8.689
36,69.27,0.994,6.1,1100.7,50.44,32572,32,13,0,67.21,0.9734,11.3557
18,63.74,4.559,5.87,1721.9,66.05,32772,65,18,0,67.63,1.3911,10.8586
14,71.64,3.455,4.82,1657.8,68.78,33074,41,2,0,69.78,3.6904,14.8631
23,81.13,4.904,1.73,1338.9,80.01,6492,25,12,1,71.9,3.0337,46.896
41,62.98,1.763,6.47,1485.7,66.67,17007,22,7,0,71.81,1.2427,9.7342
38,106.09,22.032,1.67,1980.2,84.65,28512,81,13,1,69.26,4.1718,63.5269
11,66.6,2.646,4.49,1544.6,30.92,39632,84,14,0,66.41,0.9898,14.833
5,60.91,0.818,4.86,1423.1,36.57,31207,49,5,0,66.76,1.5511,12.5329
29,82.45,4.449,6.16,1363.1,49.72,36687,18,13,0,70.79,1.2697,13.3847
14,65.46,2.665,6.68,1528.0,56.74,33096,41,2,0,69.35,3.6905,9.7994
23,70.71,2.797,6.03,1377.3,29.37,6288,25,12,0,71.67,3.0149,11.7264
22,72.29,8.732,5.38,1482.3,76.88,25217,35,6,0,68.86,1.9983,13.4368
11,65.26,6.24,5.62,1580.3,64.95,39852,84,14,0,66.67,1.2392,11.6121
11,74.69,3.712,6.39,1604.1,57.13,39982,84,14,0,67.29,1.2514,11.6886
28,53.76,3.258,6.68,1677.8,73.21,47654,40,2,0,69.5,2.3507,8.0479
16,70.19,3.467,4.95,1514.7,47.25,3281,83,12,0,65.69,1.4907,14.1798
33,62.25,1.457,4.8,1416.9,50.27,17782,109,0,0,69.51,1.3103,12.9688
24,70.2,0.996,5.66,1517.6,57.86,2362,86,13,0,69.41,1.8287,12.4028
30,64.9,2.373,5.32,1536.9,62.28,31071,90,2,0,66.42,1.431,12.1992
27,62.32,2.349,5.36,1354.2,58.97,2330,52,16,0,65.92,2.1647,11.6269
38,63.89,2.359,5.17,1540.8,74.22,28545,81,13,0,68.92,4.1649,12.3578
49,77.28,2.82,5.01,1297.3,42.49,35229,62,5,0,71.76,1.4036,15.4251
30,99.2,10.63,5.29,1353.0,120.67,30872,90,2,1,67.64,2.2019,18.7524
16,57.35,1.908,6.27,1993.7,41.84,3271,83,12,0,65.13,1.4278,9.1467
39,75.77,2.783,5.44,1494.1,49.96,34239,15,13,0,66.12,2.9129,13.9283
42,70.16,3.695,6.45,1433.4,65.56,5954,63,17,0,68.07,3.0779,10.8775
9,61.63,1.615,5.89,1377.4,75.69,28810,28,7,0,67.68,1.3976,10.4635
21,68.73,2.487,5.8,1643.4,57.56,41285,7,11,0,69.49,1.6147,11.85
12,62.04,1.274,5.7,1430.6,47.8,32224,111,6,0,72.22,1.5379,10.8842
50,84.5,3.569,4.23,1920.0,114.91,22139,21,3,1,74.74,3.9944,19.9764
28,71.1,3.931,4.84,1599.5,47.06,47935,40,2,0,69.96,2.3519,14.6901
36,66.78,3.88,4.72,1465.5,58.8,32354,32,13,0,67.32,1.0284,14.1483
38,92.25,12.335,3.1,1103.3,64.18,28597,81,13,1,70.38,4.5445,29.7581
50,75.71,3.102,5.61,1946.4,58.29,22252,21,3,0,74.23,3.9944,13.4955
28,55.64,1.188,5.79,1308.5,44.03,47942,40,2,0,69.92,2.3606,9.6097
47,51.79,1.807,6.54,1226.0,34.89,17752,55,7,0,70.79,1.5141,7.919
24,59.86,0.853,5.17,1599.2,56.92,2390,86,13,0,69.88,1.8811,11.5783
21,72.51,1.619,4.61,1504.4,53.22,41576,7,11,0,69.59,1.6307,15.7289
7,76.98,3.315,4.38,1440.8,37.65,3072,118,6,0,69.22,0.8921,17.5753
34,57.89,1.637,4.91,1631.2,56.47,36831,12,19,0,71.45,1.7412,11.7902
47,64.96,2.493,6.76,1467.0,53.21,18031,55,7,0,70.74,1.501,9.6095
11,53.71,1.18,5.75,1479.0,64.12,40010,84,14,0,66.73,1.2887,9.3409
10,73.39,1.492,4.82,1184.6,35.93,31059,81,9,0,68.17,3.057,15.2261
13,70.03,1.38,6.07,1472.6,74.53,46898,72,9,0,69.19,0.9183,11.5371
6,68.15,1.604,4.59,1599.0,60.44,28398,71,2,0,68.82,2.1136,14.8475
8,64.07,1.203,6.42,1926.5,47.04,39559,98,4,0,66.86,1.1184,9.9798
20,65.03,1.326,6.82,1446.0,67.05,24715,31,3,0,68.48,1.492,9.5352
48,70.17,2.97,5.39,1345.7,34.63,29838,115,7,0,70.77,2.5347,13.0186
50,71.91,2.587,3.61,1734.7,36.41,22165,21,3,0,73.88,4.0056,19.9197
23,77.21,2.13,5.19,1553.7,57.3,6365,25,12,0,72.2,2.9826,14.8767
26,61.87,1.567,5.82,1632.6,48.55,12079,95,13,0,71.15,1.21,10.6306
35,78.07,3.29,6.53,1601.7,70.24,8147,57,10,0,71.96,2.4519,11.9556
3,63.11,2.182,4.97,1414.1,34.09,50182,40,16,0,69.22,3.7887,12.6982
27,72.53,1.34,5.44,1310.3,56.29,1985,52,16,0,66.19,2.1697,13.3327
16,63.11,2.367,6.67,1577.4,63.13,3021,83,12,0,65.16,1.3952,9.4618
48,67.42,3.088,4.59,1225.1,24.95,29874,115,7,0,70.5,2.4774,14.6885
35,52.6,2.183,5.86,1497.4,57.97,8450,57,10,0,71.05,2.4412,8.9761
27,65.72,2.267,6.22,1512.5,55.9,2001,52,16,0,66.15,2.1534,10.5659
3,58.86,3.479,6.57,1549.0,40.45,50289,40,16,0,69.18,3.7709,8.9589
13,46.08,2.402,6.25,1126.8,63.18,46674,72,9,0,68.81,0.9165,7.3728
5,68.01,5.463,5.2,1336.5,60.56,31556,49,5,0,66.29,1.6527,13.0788
48,75.27,2.287,4.38,1786.6,69.97,29756,115,7,0,71.6,2.4868,17.1849
48,60.09,2.273,4.99,1509.3,56.34,29890,115,7,0,71.78,2.4927,12.0421
12,70.98,4.827,5.41,1350.6,53.56,32294,111,6,0,71.64,1.5851,13.1201
3,69.64,3.439,5.86,1281.6,56.37,49989,40,16,0,69.43,3.7696,11.884
24,72.64,2.799,6.74,1764.4,72.06,2350,86,13,0,69.29,1.8178,10.7774
18,73.75,3.055,5.71,1612.1,59.19,32743,65,18,0,67.97,1.3563,12.9159
38,63.02,2.537,5.89,1534.9,66.7,28132,81,13,0,70.27,4.534,10.6995
49,81.59,1.123,5.2,1400.0,52.53,35064,62,5,0,71.06,1.3284,15.6904
30,71.11,4.808,7.34,1580.7,55.11,30942,90,2,0,67.72,2.2265,9.688
14,70.0,3.969,5.55,1321.4,59.69,33119,41,2,0,69.48,3.6941,12.6126
31,71.52,1.184,5.88,1364.2,48.32,8557,56,3,0,69.09,3.5263,12.1633
10,70.69,2.373,4.25,1837.2,54.75,31140,81,9,0,68.68,3.0485,16.6329
12,84.09,3.486,5.68,1172.1,53.56,32546,111,6,0,72.13,1.5918,14.8046
19,78.58,4.412,4.54,1250.3,52.17,33922,75,12,0,70.42,1.2704,17.3084
29,58.74,1.35,6.46,1522.8,76.87,36728,18,13,0,70.18,1.2828,9.0929
16,65.31,1.822,4.84,1758.2,65.09,3001,83,12,0,65.24,1.3236,13.4938
32,56.96,0.686,5.58,1377.2,81.84,26039,56,0,0,71.2,5.9069,10.2079
14,70.13,1.432,6.45,1019.2,51.24,33068,41,2,0,69.78,3.6986,10.8729
5,64.49,3.921,6.57,1436.3,59.57,31477,49,5,0,65.66,1.6585,9.8158
8,68.22,1.906,4.85,1380.7,48.58,39751,98,4,0,66.68,1.1206,14.066
16,108.93,4.584,3.44,1935.6,93.95,3220,83,12,1,66.86,1.344,31.6657
45,73.12,2.659,4.89,1576.4,42.79,1385,30,11,0,67.74,1.384,14.953
10,68.66,3.097,5.46,1345.4,54.55,31207,81,9,0,68.42,3.0375,12.5751
8,61.05,1.314,6.32,1717.4,46.25,39955,98,4,0,67.03,0.9144,9.6598
9,87.41,2.908,4.97,1764.2,40.81,28585,28,7,0,68.55,1.3864,17.5875
27,55.26,4.311,6.63,1155.7,55.88,2113,52,16,0,65.47,2.1271,8.3348
4,80.17,1.486,5.81,1421.0,57.16,31716,45,1,0,69.46,1.6167,13.7986
29,61.84,2.914,5.2,1274.7,65.13,37144,18,13,0,70.1,1.2825,11.8923
3,73.72,1.531,4.55,1367.1,59.26,50229,40,16,0,69.78,3.7548,16.2022
41,73.3,1.296,5.41,1469.6,48.94,16903,22,7,0,71.78,1.2846,13.549
25,81.2,13.906,4.3,1637.8,78.88,9122,25,2,1,68.21,2.7989,18.8837
44,71.02,2.784,5.78,1147.9,50.06,15179,41,3,0,66.44,1.2021,12.2872
41,52.96,4.339,6.21,1432.2,60.72,16618,22,7,0,70.91,1.3011,8.5282
14,63.77,2.377,5.5,1796.7,50.81,32755,41,2,0,69.24,3.6873,11.5945
23,70.47,1.76,6.27,1151.4,51.25,6488,25,12,0,72.15,2.9827,11.2392
18,66.28,3.056,7.38,1506.0,78.94,32802,65,18,0,68.11,1.3186,8.981
10,70.47,1.943,4.75,1363.9,62.14,31157,81,9,0,68.63,3.0418,14.8358
7,63.91,5.209,6.42,1196.9,56.54,2668,118,6,0,69.1,1.0279,9.9548
5,66.77,2.965,5.7,1560.9,56.99,31299,49,5,0,65.41,1.5128,11.714
1,63.75,1.337,4.69,1461.1,57.44,2254,74,9,0,69.21,1.1681,13.5928
19,66.75,3.215,5.22,1634.9,38.79,33987,75,12,0,69.91,1.2594,12.7874
28,70.44,1.829,5.39,1706.6,60.67,47753,40,2,0,69.83,2.339,13.0686
37,83.14,1.805,6.03,1656.6,30.96,14595,91,13,0,70.28,2.1479,13.7877
33,71.72,1.905,5.58,1667.9,48.25,17797,109,0,0,69.3,1.28,12.853
4,68.89,1.856,6.18,1884.7,69.87,31789,45,1,0,68.33,1.6171,11.1472
9,74.19,7.066,4.9,1867.1,61.95,28975,28,7,0,68.0,1.5735,15.1408
10,68.57,1.865,5.4,1509.2,51.73,31027,81,9,0,68.4,3.0346,12.6981
10,63.52,2.629,5.69,1485.6,46.72,30911,81,9,0,68.11,3.0365,11.1634
21,77.51,1.452,4.61,1773.8,56.82,41371,7,11,0,70.12,1.6134,16.8134
14,84.1,8.326,3.89,1527.8,65.71,33011,41,2,1,70.41,3.8138,21.6195
20,92.56,8.754,3.15,1542.3,107.63,24826,31,3,1,69.57,1.938,29.3841
17,66.7,2.051,7.11,1524.4,55.84,49123,49,0,0,72.4,1.657,9.3812
1,65.58,1.978,4.68,1110.7,59.64,2678,74,9,0,69.1,1.0913,14.0128
35,62.2,1.434,4.87,1606.5,63.35,8208,57,10,0,70.4,2.4629,12.7721
13,63.08,0.91,5.62,1529.2,36.81,46812,72,9,0,68.52,0.9463,11.2242
30,78.25,1.675,6.05,1374.3,47.38,30659,90,2,0,68.35,2.2404,12.9339
33,70.56,2.103,4.84,1621.6,57.27,17448,109,0,0,69.89,1.2546,14.5785
10,91.31,15.205,4.47,1401.5,102.26,31318,81,9,1,68.9,3.9002,20.4273
6,79.8,2.502,3.62,1364.9,68.84,28447,71,2,0,69.19,2.1141,22.0442
11,80.21,2.863,5.98,1581.0,53.86,39791,84,14,0,67.07,1.2842,13.413
32,52.39,3.291,6.09,888.9,64.63,26106,56,0,0,70.62,5.8896,8.6026
7,75.66,1.512,4.89,1547.3,52.52,3025,118,6,0,68.52,1.0232,15.4724
36,80.5,1.596,6.55,1289.6,44.92,32706,32,13,0,67.83,1.0384,12.2901
38,76.49,1.538,5.5,1455.0,43.65,28382,81,13,0,70.92,4.5548,13.9073
5,73.7,1.752,6.18,1600.6,45.68,31194,49,5,0,65.62,1.4969,11.9256
41,65.66,2.375,5.7,1463.3,50.15,16756,22,7,0,70.06,1.2186,11.5193
43,65.82,2.624,6.62,1280.8,74.19,22490,106,18,0,70.48,1.2651,9.9426
35,77.19,3.447,5.35,1315.1,62.76,8467,57,10,0,70.83,2.409,14.428
36,70.16,2.486,4.78,1709.2,39.53,32339,32,13,0,67.59,1.0377,14.6778
29,73.79,1.54,6.73,1450.5,64.24,36698,18,13,0,70.62,1.2392,10.9643
29,62.18,0.595,5.58,1248.1,65.26,36738,18,13,0,70.62,1.2951,11.1434
24,63.38,2.86,5.49,1634.1,53.61,2639,86,13,0,69.45,1.8057,11.5446
41,53.09,2.787,4.96,1371.2,53.91,17080,22,7,0,69.71,1.217,10.7036
13,65.43,1.279,5.22,1415.6,49.96,46815,72,9,0,68.39,0.9631,12.5345
36,74.33,0.712,4.66,1292.8,56.66,32588,32,13,0,67.58,1.0517,15.9506
18,73.63,1.872,6.46,1058.1,49.84,33193,65,18,0,68.41,1.3307,11.3978
49,61.99,1.467,6.31,1548.6,59.71,34918,62,5,0,71.21,1.3624,9.8241
40,62.26,1.738,5.53,1055.2,44.58,39059,23,8,0,67.85,1.0907,11.2586
47,68.37,4.324,5.11,1626.1,51.41,18012,55,7,0,70.36,1.5382,13.3796
48,68.17,1.014,6.76,1466.2,56.64,29761,115,7,0,71.66,2.5267,10.0843
38,72.03,4.65,6.46,1225.4,34.74,28577,81,13,0,71.47,4.5329,11.1502
17,69.3,3.2,6.35,1677.0,59.59,48755,49,0,0,71.42,1.5575,10.9134
40,67.07,3.251,6.54,1295.3,72.43,39467,23,8,0,68.01,1.0941,10.2554
17,70.51,1.844,5.99,1196.2,68.1,48934,49,0,0,71.63,1.5512,11.7713
45,60.45,1.93,6.21,1432.7,52.98,1284,30,11,0,67.23,1.357,9.7343
27,73.51,1.851,5.81,1441.9,61.23,2101,52,16,0,65.5,2.1435,12.6523
31,73.89,2.511,3.8,1502.0,81.68,8379,56,3,0,68.98,3.5181,19.4447
31,82.09,2.085,4.8,1718.4,78.81,8593,56,3,0,69.35,3.522,17.1021
42,64.32,2.237,4.98,1036.5,52.33,5539,63,17,0,67.81,3.0513,12.9157
8,71.43,1.919,4.63,1309.0,50.1,39750,98,4,0,67.02,0.8994,15.4276
20,67.44,1.73,5.22,1286.7,55.47,24626,31,3,0,70.17,1.6797,12.9195
2,61.57,1.196,6.1,1181.7,47.99,6608,88,17,0,64.75,1.3373,10.0934
28,76.26,2.902,4.44,1741.5,50.36,47735,40,2,0,70.28,2.3013,17.1757
46,63.87,2.19,6.2,1531.0,60.86,11084,19,9,0,66.21,0.973,10.3016
28,62.06,1.853,6.3,1348.0,60.97,47986,40,2,0,69.25,2.2828,9.8508
24,74.47,1.804,6.75,1501.7,50.78,2167,86,13,0,69.96,1.819,11.0326
44,54.92,1.73,6.16,986.6,50.07,15372,41,3,0,66.36,1.2055,8.9156
11,74.52,2.849,6.72,1454.2,40.42,39686,84,14,0,67.54,1.2799,11.0893
6,55.22,1.814,5.44,1397.3,72.33,28667,71,2,0,68.28,2.1244,10.1507
38,72.84,1.685,5.22,1380.7,85.39,28160,81,13,0,71.43,4.538,13.954
35,79.05,5.655,5.21,1236.0,99.35,8307,57,10,1,70.39,2.4613,15.1727
45,68.86,2.872,5.14,1281.2,77.48,903,30,11,0,67.38,1.1827,13.3969
43,67.67,2.948,5.05,1484.9,48.66,22324,106,18,0,70.54,1.1763,13.4
37,73.19,0.828,6.51,1598.0,46.02,14363,91,13,0,70.63,2.1517,11.2427
22,65.06,2.23,5.85,1456.3,53.42,25112,35,6,0,68.78,1.9921,11.1214
6,72.53,2.083,6.46,1876.1,72.63,28743,71,2,0,68.29,2.1272,11.2276
10,78.74,2.841,5.23,1226.4,50.06,31045,81,9,0,67.43,3.8659,15.0554
16,75.61,2.419,4.9,1381.3,36.12,3182,83,12,0,67.56,1.3365,15.4306
39,51.24,1.258,4.74,1436.8,57.31,34328,15,13,0,65.64,2.9297,10.8101
46,76.9,1.101,5.58,1565.3,41.12,11069,19,9,0,66.82,0.9907,13.7814
11,69.95,1.039,5.62,1070.8,63.73,39566,84,14,0,67.66,1.3027,12.4466
10,99.45,2.35,4.29,1550.9,38.97,30932,81,9,1,68.63,3.8718,23.1818
6,65.93,2.693,4.25,1857.9,43.9,28331,71,2,0,67.2,2.0627,15.5129
27,59.51,2.323,4.72,1862.9,56.78,2133,52,16,0,65.29,2.1462,12.6081
30,72.75,3.269,6.28,1589.4,64.7,30994,90,2,0,68.08,2.2408,11.5844
48,60.91,5.265,4.92,1691.4,51.4,29643,115,7,0,71.21,2.5337,12.3801
2,68.4,1.869,4.32,1216.8,61.57,6922,88,17,0,65.36,1.3122,15.8333
32,71.79,1.567,5.61,1337.6,57.93,25947,56,0,0,70.96,5.9003,12.7968
49,79.47,1.177,5.33,1769.7,60.26,34959,62,5,0,71.29,1.4054,14.9099
26,73.73,3.528,5.59,1437.5,54.79,12077,95,13,0,70.96,1.2004,13.1896
49,77.27,2.375,4.94,1228.2,49.47,34994,62,5,0,71.14,1.2629,15.6417
35,62.98,1.795,5.31,1696.5,27.44,8464,57,10,0,70.16,2.475,11.8606
25,66.14,3.478,4.53,1716.7,64.32,8746,25,2,0,67.73,2.7973,14.6004
32,75.51,2.559,5.84,1648.2,46.37,26255,56,0,0,71.28,5.8881,12.9298
9,68.07,0.726,6.31,1755.9,64.21,28944,28,7,0,68.11,1.6252,10.7876
24,63.44,0.949,4.7,1471.6,39.85,2572,86,13,0,70.06,1.8485,13.4979
1,73.6,1.433,5.32,1671.5,47.54,2536,74,9,0,69.71,1.0981,13.8346
19,67.85,1.123,5.19,1691.9,54.88,34202,75,12,0,69.6,1.2765,13.0732
32,93.21,10.497,5.22,1288.0,52.06,25861,56,0,1,71.06,6.0262,17.8563
39,82.49,1.98,5.75,1563.4,38.89,34407,15,13,0,66.52,2.9335,14.3461
31,75.38,1.651,5.22,1513.0,51.6,8516,56,3,0,70.17,3.5281,14.4406
47,69.24,3.305,6.13,1423.3,61.25,17885,55,7,0,70.2,1.543,11.2953
6,73.38,3.61,7.13,1675.7,45.62,28395,71,2,0,67.71,2.0671,10.2917
24,71.48,4.86,5.51,1454.9,52.58,2561,86,13,0,70.25,1.8548,12.9728
48,68.3,1.503,5.53,1353.2,73.29,29982,115,7,0,70.79,2.5644,12.3508
18,103.42,7.048,2.29,1610.7,54.34,32893,65,18,1,69.62,1.5795,45.1616
13,69.04,2.633,5.57,1401.3,56.07,47041,72,9,0,68.26,0.8483,12.395
9,61.2,2.24,7.41,1562.4,37.76,28875,28,7,0,68.27,1.6165,8.2591
16,74.45,3.043,3.93,1561.2,69.02,3147,83,12,0,68.23,1.3361,18.944
44,64.47,2.07,5.57,1467.6,70.24,15466,41,3,0,65.96,1.1957,11.5745
24,64.74,3.904,5.63,1563.5,41.37,2441,86,13,0,68.97,1.7337,11.4991
35,55.12,1.813,5.55,1511.4,48.49,8338,57,10,0,69.6,2.4815,9.9315
25,76.39,3.482,5.94,1608.3,47.57,9021,25,2,0,67.67,2.7595,12.8603
15,63.84,3.057,3.56,1096.3,54.07,12505,110,16,0,67.43,1.7823,17.9326
42,103.82,3.055,3.5,2190.2,74.23,5792,63,17,1,69.26,3.051,29.6629
23,59.89,2.005,6.02,1947.8,50.8,6192,25,12,0,71.65,2.9804,9.9485
47,63.07,2.299,5.77,1612.9,52.49,17931,55,7,0,69.94,1.5184,10.9307
7,66.75,3.484,3.97,1397.1,61.4,2825,118,6,0,68.34,1.0481,16.8136
14,64.56,1.223,5.76,1413.0,49.65,32838,41,2,0,70.75,3.8408,11.2083
40,55.88,7.029,6.32,1659.2,46.71,39425,23,8,0,67.35,1.4383,8.8418
31,84.92,3.515,6.22,1228.9,52.18,8346,56,3,0,70.63,3.5288,13.6527
39,69.58,1.342,5.09,1398.5,39.22,34391,15,13,0,66.84,2.9188,13.6699
29,65.53,1.174,4.82,1917.6,49.61,37082,18,13,0,70.1,1.329,13.5954
30,65.73,3.542,5.25,1391.2,72.2,30916,90,2,0,68.14,2.239,12.52
45,84.58,3.28,5.02,1685.4,38.72,1224,30,11,0,68.08,1.1848,16.8486
9,64.56,0.93,4.46,1151.1,62.79,28933,28,7,0,67.88,1.615,14.4753
47,60.87,1.549,4.91,1549.9,73.78,17700,55,7,0,69.86,1.5252,12.3971
5,69.45,2.222,5.29,1428.4,49.58,31584,49,5,0,65.58,1.4807,13.1285
9,55.7,4.943,4.78,1531.6,55.62,28644,28,7,0,67.18,1.6792,11.6527
24,59.46,2.365,5.41,1721.9,62.05,2177,86,13,0,68.78,1.7243,10.9908
50,94.66,11.411,4.21,1502.2,63.24,22292,21,3,1,73.62,4.1103,22.4846
16,57.74,1.037,6.06,1518.0,39.34,3153,83,12,0,68.2,1.3455,9.5281
26,72.32,2.477,4.54,1528.2,50.01,11894,95,13,0,71.26,1.17,15.9295
46,94.52,3.796,4.48,1236.8,81.43,11192,19,9,1,68.11,1.0158,21.0982
18,72.52,2.687,5.36,1634.8,48.88,33041,65,18,0,70.09,1.569,13.5299
34,72.75,1.416,5.37,1449.4,56.44,37144,12,19,0,71.65,1.7643,13.5475
38,81.49,2.103,7.3,1555.0,46.24,28347,81,13,0,72.84,4.5397,11.163
40,74.03,6.083,6.78,1529.6,70.06,39404,23,8,0,68.27,1.6005,10.9189
49,113.63,3.954,6.14,1693.4,90.78,35165,62,5,1,73.43,1.2873,18.5065
37,57.39,1.494,6.34,1360.7,59.45,14588,91,13,0,69.64,2.1659,9.0521
11,77.89,16.032,2.74,2020.4,71.88,39708,84,14,1,68.35,3.0291,28.427
50,72.42,2.504,5.51,1779.1,66.98,22180,21,3,0,72.86,4.118,13.1434
47,63.02,5.447,5.55,1561.9,66.45,17978,55,7,0,69.72,1.6221,11.355
5,88.99,4.357,4.21,1923.8,137.39,31559,49,5,1,66.63,1.4965,21.1378
29,69.04,0.873,5.31,1333.8,75.82,36663,18,13,0,69.9,1.3653,13.0019
13,69.33,2.057,5.53,1577.6,29.79,46737,72,9,0,68.12,0.848,12.5371
22,60.69,3.548,5.81,1068.1,62.05,25098,35,6,0,68.18,1.9904,10.4458
29,64.98,3.263,5.61,1278.0,70.27,36862,18,13,0,70.13,1.3725,11.5829
21,70.82,5.334,5.26,1488.1,42.09,41309,7,11,0,70.29,1.7011,13.4639
34,71.6,1.805,4.73,1623.3,57.21,36825,12,19,0,71.55,1.765,15.1374
9,52.67,2.389,6.18,1446.1,36.0,28889,28,7,0,66.7,1.6811,8.5227
13,68.6,1.9,4.77,1530.9,49.7,46741,72,9,0,67.73,0.8444,14.3816
34,75.65,4.469,5.65,1445.2,59.55,36812,12,19,0,71.4,1.7949,13.3894
1,76.58,1.561,5.67,797.0,47.09,2590,74,9,0,69.83,1.108,13.5062
34,72.86,1.867,4.41,2015.6,86.21,37010,12,19,0,71.52,1.8008,16.5215
14,71.22,5.137,5.17,1456.9,59.15,32879,41,2,0,71.11,3.846,13.7756
33,59.4,1.522,6.21,1398.0,54.2,17584,109,0,0,69.76,1.2528,9.5652
20,68.27,1.084,4.82,1543.0,60.97,24949,31,3,0,70.54,1.7106,14.1639
14,75.51,3.33,6.0,1885.9,52.74,32962,41,2,0,70.92,3.82,12.585
27,71.02,2.174,5.54,1463.0,49.61,1971,52,16,0,64.72,1.1117,12.8195
10,99.2,3.971,2.5,1600.4,82.69,31329,81,9,1,70.01,3.8433,39.68
16,63.97,1.319,5.69,1748.7,43.72,3333,83,12,0,67.8,1.3792,11.2425
10,64.7,1.399,4.8,1429.3,66.13,30923,81,9,0,69.96,3.8443,13.4792
5,76.82,2.822,5.54,1528.7,33.56,31224,49,5,0,67.46,1.3375,13.8664
10,61.57,4.963,5.14,1260.3,41.44,31189,81,9,0,69.55,3.8519,11.9786
25,74.54,1.218,6.19,903.8,62.02,9123,25,2,0,68.21,2.7546,12.042
18,63.53,3.762,4.43,1069.4,43.27,32967,65,18,0,69.26,1.5198,14.3409
3,70.95,2.721,4.87,1347.3,53.72,50330,40,16,0,70.02,3.7437,14.5688
42,75.04,1.203,5.99,1488.5,61.9,5959,63,17,0,69.83,3.0673,12.5275
45,67.64,3.504,4.87,1472.4,45.43,894,30,11,0,67.01,1.1738,13.8891
18,68.24,1.208,5.73,1631.9,66.28,33201,65,18,0,69.24,1.5616,11.9092
1,62.92,3.445,4.72,1595.3,10.0,2692,74,9,0,69.56,1.0731,13.3305
31,66.02,2.475,5.23,1458.3,65.46,8384,56,3,0,70.32,3.5241,12.6233
14,61.47,2.686,5.16,1486.1,52.73,33207,41,2,0,69.34,1.6166,11.9128
33,65.5,0.94,5.64,1475.7,39.89,17759,109,0,0,69.62,1.2272,11.6135
39,75.42,2.115,5.53,1660.3,45.03,34276,15,13,0,67.37,2.9104,13.6383
34,66.69,4.48,4.75,1586.0,59.3,37029,12,19,0,70.89,1.8294,14.04
21,71.47,3.277,5.7,1443.9,66.3,41562,7,11,0,70.62,1.1659,12.5386
22,74.84,0.798,5.89,1353.2,34.59,25006,35,6,0,68.78,2.0362,12.7063
17,57.23,1.071,4.66,1270.5,52.48,48864,49,0,0,71.15,1.5584,12.2811
21,62.49,2.323,3.94,1362.1,53.17,41179,7,11,0,70.28,1.1627,15.8604
31,74.11,2.347,4.2,1501.2,54.91,8486,56,3,0,70.64,3.5253,17.6452
29,52.1,3.922,7.0,1716.1,46.09,36672,18,13,0,69.16,1.3962,7.4429
14,60.07,0.791,6.65,1533.9,35.2,32861,41,2,0,68.73,1.6687,9.0331
27,69.74,2.66,4.49,1259.6,50.48,2232,52,16,0,65.38,1.0133,15.5323
8,63.64,2.773,5.53,1335.2,33.44,39669,98,4,0,66.49,0.8887,11.5081
16,86.95,1.67,5.87,1177.7,60.71,3307,83,12,0,69.2,1.3776,14.8126
16,61.79,3.283,3.63,1350.5,56.88,3336,83,12,0,68.68,1.375,17.022
26,64.1,2.379,6.61,1569.8,51.66,11939,95,13,0,71.13,1.1539,9.6974
48,61.85,1.889,6.49,889.7,63.41,29782,115,7,0,69.13,2.5681,9.53
16,70.0,1.868,5.62,1687.1,45.01,3162,83,12,0,68.86,1.3913,12.4555
29,83.16,3.536,5.76,1391.5,45.51,37037,18,13,0,69.67,1.4057,14.4375
23,73.98,1.365,4.18,1500.6,58.7,6355,25,12,0,71.71,2.9931,17.6986
38,66.14,3.181,5.06,1612.6,38.41,28264,81,13,0,72.72,4.5347,13.0711
32,63.09,3.232,6.86,1753.7,60.42,25836,56,0,0,70.94,6.0301,9.1968
16,91.44,1.125,4.82,1495.7,65.59,3259,83,12,0,70.48,1.208,18.971
38,71.56,2.332,5.97,1290.1,57.12,28537,81,13,0,72.45,4.539,11.9866
16,61.8,2.612,4.63,1475.9,51.8,3065,83,12,0,70.69,1.1692,13.3477
1,76.24,4.259,5.41,1604.5,65.43,2316,74,9,0,70.42,1.1439,14.0924
42,72.45,1.297,6.02,1686.6,65.24,5942,63,17,0,70.33,3.0707,12.0349
16,72.82,2.223,6.11,1517.2,56.26,3443,83,12,0,70.92,1.1661,11.9182
37,68.07,1.267,4.81,1492.3,67.02,14331,91,13,0,70.62,2.1921,14.1518
8,73.48,1.643,5.3,1835.6,59.17,39520,98,4,0,66.71,0.8936,13.8642
38,81.36,5.979,5.03,1273.4,55.28,28383,81,13,0,73.05,4.5555,16.175
7,65.85,1.978,6.2,1657.3,51.76,2783,118,6,0,67.95,1.0439,10.621
9,70.25,4.067,4.89,1410.8,71.27,28683,28,7,0,67.32,1.6981,14.3661
4,72.77,2.702,5.14,1618.3,43.4,31823,45,1,0,68.61,1.5999,14.1576
22,56.81,1.73,4.39,1559.0,70.6,25112,35,6,0,68.26,2.031,12.9408
3,84.88,1.662,6.49,1475.3,42.74,49941,40,16,0,70.54,3.7619,13.0786
37,76.3,2.337,3.22,1375.7,56.74,14583,91,13,0,71.14,2.1878,23.6957
6,98.51,3.86,3.76,1768.3,51.04,28577,71,2,1,67.83,2.0596,26.1995
47,57.35,2.228,5.57,1618.9,51.54,17956,55,7,0,68.91,1.6224,10.2962
31,88.4,3.586,4.28,1249.8,89.55,8234,56,3,1,71.46,3.5191,20.6542
25,59.97,1.91,5.41,1531.1,50.49,9051,25,2,0,67.75,2.7454,11.085
33,67.43,1.755,5.41,1831.5,54.19,17751,109,0,0,69.44,1.2204,12.464
29,67.7,1.77,4.44,1463.6,47.58,37097,18,13,0,69.76,1.3221,15.2477
22,65.6,1.239,4.56,1684.2,59.31,24941,35,6,0,68.18,2.0543,14.386
49,64.7,1.515,6.37,1552.4,45.08,35165,62,5,0,73.06,1.2701,10.157
8,90.2,8.207,4.2,2318.9,88.29,39736,98,4,1,68.15,1.4966,21.4762
39,75.43,3.794,5.59,1776.9,56.68,34180,15,13,0,67.62,2.9125,13.4937
32,78.15,8.884,2.54,1401.0,82.68,25919,56,0,1,71.32,6.0859,30.7677
3,83.97,5.504,3.36,1982.7,76.78,50189,40,16,1,71.4,3.7823,24.9911
23,102.72,1.482,3.68,1469.9,57.29,6623,25,12,1,72.69,3.0007,27.913
36,70.54,1.307,5.6,1260.2,76.18,32473,32,13,0,67.81,0.9495,12.5964
21,75.81,1.816,6.77,1433.6,60.0,41555,7,11,0,70.63,0.9409,11.1979
11,73.97,3.659,5.55,1317.7,59.62,39665,84,14,0,68.41,3.0272,13.3279
24,58.71,1.898,5.99,1554.0,63.05,2666,86,13,0,68.27,1.731,9.8013
31,75.23,0.526,5.91,1729.9,47.94,8273,56,3,0,71.75,3.5404,12.7293
6,65.69,3.188,6.08,1666.3,63.64,28495,71,2,0,67.65,2.0623,10.8043
26,61.71,1.997,6.09,1132.7,43.1,11717,95,13,0,69.33,1.1587,10.133
47,65.75,1.624,4.89,1614.2,48.96,18148,55,7,0,68.62,1.6375,13.4458
38,72.54,2.755,5.96,1283.0,45.67,28250,81,13,0,73.74,4.517,12.1711
10,60.96,1.332,4.87,1612.2,45.06,30944,81,9,0,69.9,3.8345,12.5175
19,68.65,1.236,3.91,1332.9,52.58,33948,75,12,0,69.56,1.3018,17.5575
6,71.95,2.162,6.25,1740.4,27.27,28616,71,2,0,68.14,1.506,11.512
5,77.89,3.65,4.25,1812.8,43.56,31277,49,5,0,68.0,1.2937,18.3271
30,106.19,6.533,4.03,2037.8,80.54,30945,90,2,1,69.89,2.3469,26.3499
16,54.44,3.361,6.51,1395.7,56.81,3098,83,12,0,69.83,1.1472,8.3625
18,71.44,2.295,6.25,1377.9,61.65,32879,65,18,0,69.03,1.5357,11.4304
15,68.49,1.87,6.31,1298.5,76.15,12643,110,16,0,67.44,1.775,10.8542
7,69.44,2.708,5.77,863.1,45.64,2593,118,6,0,68.29,1.0302,12.0347
43,56.36,1.546,5.34,1621.8,50.77,22495,106,18,0,69.92,1.1787,10.5543
15,69.98,1.761,6.46,1795.0,49.8,12711,110,16,0,67.48,1.7872,10.8328
25,74.33,2.224,5.55,1755.7,58.6,8980,25,2,0,68.27,2.7453,13.3928
18,70.89,1.657,6.62,1045.7,53.7,32919,65,18,0,69.51,1.4833,10.7085
38,65.74,3.627,7.5,1344.2,57.48,28380,81,13,0,73.64,4.515,8.7653
1,64.43,1.999,6.58,1423.0,46.75,2481,74,9,0,69.89,1.1001,9.7918
3,66.08,2.336,6.35,1596.7,70.86,49970,40,16,0,71.57,3.7805,10.4063
9,65.84,1.588,4.7,1112.6,54.64,28875,28,7,0,67.87,1.7053,14.0085
5,92.37,23.823,2.7,1498.3,82.32,31539,49,5,1,68.59,4.4679,34.2111
40,56.77,1.979,5.93,1471.8,45.21,39378,23,8,0,68.08,1.5701,9.5734
22,70.74,2.856,7.78,1350.6,22.98,25105,35,6,0,68.63,2.0418,9.0925
8,63.05,4.34,6.91,1417.0,50.73,39761,98,4,0,67.97,1.5338,9.1245
17,53.78,3.766,4.85,1233.8,55.15,48879,49,0,0,71.07,1.5737,11.0887
22,65.04,2.43,5.51,1265.5,65.36,25284,35,6,0,68.22,2.0406,11.804
46,70.14,1.52,4.53,1330.7,55.07,11381,19,9,0,69.12,1.0327,15.4834
16,53.99,3.467,5.07,1344.9,26.23,3399,83,12,0,69.86,0.9938,10.6489
25,55.78,6.723,5.54,1537.6,62.88,9168,25,2,0,67.73,2.842,10.0686
37,76.36,1.802,6.51,1597.2,50.94,14362,91,13,0,71.63,2.192,11.7296
49,83.97,8.26,2.4,1207.0,65.69,35301,62,5,1,73.48,1.6801,34.9875
29,63.76,1.837,5.36,1780.0,55.43,37001,18,13,0,69.32,1.2988,11.8955
25,76.57,1.878,5.09,1554.6,58.89,8908,25,2,0,68.11,2.8513,15.0432
45,70.34,3.596,5.29,1504.0,43.13,959,30,11,0,66.53,1.1779,13.2968
10,65.2,2.875,4.59,1404.0,53.18,30909,81,9,0,69.48,3.8219,14.2048
7,58.29,0.947,4.48,1742.9,44.49,2985,118,6,0,68.31,1.0526,13.0112
18,74.35,0.729,5.34,1605.5,51.7,32991,65,18,0,69.76,1.5375,13.9232
42,72.81,1.684,5.01,1470.4,46.06,5877,63,17,0,71.01,2.8475,14.5329
39,71.41,4.541,5.61,1306.9,60.0,34087,15,13,0,67.3,2.9209,12.7291
47,70.38,2.258,5.11,1614.0,49.92,17721,55,7,0,67.24,1.3456,13.773
17,69.34,3.449,4.42,1106.0,54.98,48839,49,0,0,70.92,1.5674,15.6878
43,72.36,4.776,4.9,1675.3,62.05,22297,106,18,0,70.0,1.2249,14.7673
46,92.33,2.636,4.63,1621.9,58.0,11396,19,9,0,70.18,1.0329,19.9417
35,91.74,3.982,5.87,1381.1,85.73,8095,57,10,1,69.68,2.4819,15.6286
42,54.15,3.808,5.77,1565.8,64.45,5712,63,17,0,70.61,2.8157,9.3847
15,85.36,2.993,7.23,1709.5,66.75,12958,110,16,0,68.73,1.7808,11.8064
35,60.83,3.747,4.37,1393.4,53.34,8498,57,10,0,69.29,2.4619,13.9199
18,82.62,3.926,2.46,2025.2,91.34,33198,65,18,1,70.37,1.5313,33.5854
13,53.32,2.012,5.18,1368.3,41.68,46685,72,9,0,67.75,0.8031,10.2934
13,55.09,2.324,4.99,1708.0,74.55,46896,72,9,0,67.08,0.8015,11.0401
33,67.98,0.898,6.47,1439.0,40.88,17494,109,0,0,69.33,1.253,10.507
24,65.74,3.188,5.32,1824.1,78.93,2170,86,13,0,67.99,1.7343,12.3571
49,70.49,2.641,4.75,1537.7,49.49,35328,62,5,0,73.57,1.6596,14.84
40,65.03,2.743,5.81,1539.1,56.39,39249,23,8,0,67.76,1.519,11.1928
30,68.33,1.647,4.92,1181.0,58.4,30808,90,2,0,70.31,2.3577,13.8882
46,86.01,8.827,4.43,926.3,79.45,11336,19,9,1,71.18,1.6482,19.4153
46,68.25,1.738,5.52,1594.8,54.56,11475,19,9,0,71.29,1.6542,12.3641
22,71.57,1.977,4.75,1702.7,55.08,25192,35,6,0,68.13,2.0486,15.0674
8,91.13,3.251,6.57,1463.2,46.67,39535,98,4,0,68.65,1.5384,13.8706
10,65.87,0.805,6.4,1523.6,61.02,31256,81,9,0,69.47,3.8438,10.2922
16,64.32,3.693,6.65,1323.3,57.52,3303,83,12,0,70.35,1.0136,9.6722
29,47.75,1.573,6.8,1487.2,36.87,36852,18,13,0,68.39,1.3055,7.0221
44,45.21,1.38,6.3,1127.0,55.42,15520,41,3,0,64.62,1.2137,7.1762
41,65.38,1.216,4.73,1559.1,52.28,16915,22,7,0,69.93,1.2516,13.8224
43,70.05,1.512,6.04,1358.2,41.01,22157,106,18,0,69.86,1.2368,11.5977
36,79.91,2.74,5.56,1562.8,65.79,32474,32,13,0,68.08,0.9554,14.3723
14,75.61,1.183,5.74,1139.1,58.62,32953,41,2,0,69.43,1.6903,13.1725
22,69.29,1.995,5.69,1417.8,38.1,25208,35,6,0,68.27,2.0526,12.1775
36,46.07,1.428,5.66,1597.9,58.91,32584,32,13,0,67.14,0.9635,8.1396
12,72.65,1.285,4.74,1436.5,68.91,32547,111,6,0,72.13,1.6148,15.327
5,61.52,3.305,4.72,1585.0,51.5,31566,49,5,0,68.41,4.4616,13.0339
14,78.71,2.533,5.87,1503.1,57.65,32829,41,2,0,69.88,1.6878,13.4089
39,88.58,5.428,4.17,1203.0,72.01,34170,15,13,1,68.27,2.9492,21.2422
24,67.1,2.578,6.07,928.6,57.53,2516,86,13,0,67.81,1.5462,11.0544
7,78.17,2.019,5.83,1338.7,54.86,2584,118,6,0,68.18,1.0488,13.4082
12,62.43,2.597,4.28,1567.2,63.21,32389,111,6,0,71.99,1.5929,14.5864
9,78.79,17.53,3.4,1943.4,102.23,28526,28,7,1,68.38,3.4487,23.1735
39,58.92,3.612,5.77,1740.5,51.79,34402,15,13,0,67.45,2.921,10.2114
25,68.44,2.631,3.88,1370.7,71.96,8916,25,2,0,68.23,2.8424,17.6392
9,76.0,2.068,6.57,1322.4,73.34,28713,28,7,0,68.66,3.4521,11.5677
19,66.67,5.665,5.04,1569.4,112.06,34106,75,12,1,69.42,1.4525,13.2282
25,69.96,2.322,5.36,1664.9,57.03,8802,25,2,0,68.06,2.8443,13.0522
31,58.97,1.78,5.0,1677.6,55.91,8226,56,3,0,71.48,3.5322,11.794
20,49.08,1.8,5.22,1184.7,53.59,24733,31,3,0,69.35,1.717,9.4023
4,57.95,3.902,4.85,1536.4,35.85,31849,45,1,0,67.95,1.618,11.9485
24,68.67,1.587,5.13,1608.8,72.12,2373,86,13,0,67.64,1.5299,13.386
11,54.28,2.415,6.63,1629.3,65.7,40023,84,14,0,68.4,3.0192,8.187
50,82.88,8.474,2.25,2252.7,90.38,22349,21,3,1,73.67,4.1949,36.8356
40,71.9,1.51,7.47,1737.9,50.98,39418,23,8,0,68.04,1.4822,9.6252
49,74.27,4.438,5.22,1354.9,49.34,35210,62,5,0,74.07,1.6776,14.228
44,66.92,2.027,5.24,1354.0,44.23,15328,41,3,0,64.6,1.2083,12.771
38,83.4,1.85,5.57,1148.6,59.04,28437,81,13,0,74.38,4.5033,14.9731
13,51.21,2.932,4.43,1352.7,49.25,47081,72,9,0,66.5,0.7576,11.5598
10,69.07,1.315,5.79,1026.2,29.11,30896,81,9,0,69.54,3.8743,11.9292
12,50.29,5.325,5.36,1622.9,68.04,32577,111,6,0,70.6,1.6679,9.3825
21,76.01,1.691,6.95,1461.7,64.7,41399,7,11,0,70.77,0.9285,10.9367
16,58.4,0.784,3.94,1693.1,30.99,3270,83,12,0,68.61,1.0837,14.8223
48,74.48,1.989,5.95,1197.9,55.15,29551,115,7,0,69.81,2.5509,12.5176
30,65.47,1.397,4.67,1549.4,59.6,30678,90,2,0,70.13,2.3682,14.0193
46,74.91,5.442,6.49,1240.7,52.85,11096,19,9,0,72.07,1.7349,11.5424
7,78.14,2.615,5.53,1728.1,64.75,2954,118,6,0,68.98,1.0037,14.1302
25,54.14,3.295,5.89,1404.1,45.79,8741,25,2,0,66.95,2.8096,9.1919
27,60.2,1.044,4.01,1363.9,32.24,2298,52,16,0,64.79,1.0266,15.0125
11,62.57,1.788,4.04,1527.4,44.37,39584,84,14,0,67.81,3.0334,15.4876
42,99.66,3.833,3.54,1144.2,49.43,5778,63,17,1,72.06,2.8123,28.1525
23,66.21,2.185,6.02,1559.5,61.41,6211,25,12,0,72.76,3.0044,10.9983
29,68.92,1.403,4.56,1381.6,59.57,36820,18,13,0,67.4,1.3188,15.114
20,63.04,1.047,5.81,1594.1,57.13,24548,31,3,0,68.28,1.7275,10.8503
30,71.61,3.234,5.46,1392.4,62.02,31099,90,2,0,70.39,2.3382,13.1154
12,71.9,1.995,6.34,1448.5,78.89,32284,111,6,0,70.59,1.677,11.3407
4,72.99,4.475,4.35,1054.9,51.64,31858,45,1,0,68.02,1.6555,16.7793
9,62.75,2.007,6.11,1528.8,54.64,28890,28,7,0,68.57,3.4503,10.27
15,78.11,1.945,6.35,1359.0,53.74,12641,110,16,0,69.11,1.4813,12.3008
29,64.56,4.872,5.49,1288.4,57.59,36777,18,13,0,66.73,1.3959,11.7596
13,70.25,1.351,6.59,1295.0,62.24,47086,72,9,0,66.31,0.7686,10.6601
29,68.28,4.488,5.38,1744.6,53.44,36984,18,13,0,66.83,1.4491,12.6914
18,68.75,2.855,4.87,1450.4,41.07,32866,65,18,0,70.8,1.467,14.117
29,64.55,2.559,6.06,1423.9,34.48,37093,18,13,0,66.3,1.4334,10.6518
47,67.85,3.288,5.39,1001.7,45.14,17916,55,7,0,67.24,1.3511,12.5881
22,79.81,4.962,5.08,1943.0,40.87,25266,35,6,0,68.87,2.0563,15.7106
6,95.06,7.48,3.65,1750.3,80.72,28411,71,2,1,69.25,1.801,26.0438
28,62.78,2.691,7.23,1443.4,65.92,47919,40,2,0,67.14,2.1059,8.6833
38,61.05,4.201,4.61,1295.8,50.78,28493,81,13,0,73.78,4.5021,13.243
28,68.68,0.784,4.08,1390.0,38.05,47901,40,2,0,67.6,2.1504,16.8333
18,66.29,3.243,5.54,1616.3,49.5,32955,65,18,0,71.24,1.4664,11.9657
15,73.02,1.03,5.52,1855.7,37.45,12885,110,16,0,69.55,1.51,13.2283
1,82.65,2.24,6.06,1331.4,63.6,2676,74,9,0,70.32,1.046,13.6386
13,66.8,2.105,6.62,1862.1,53.85,47118,72,9,0,65.62,0.7432,10.0906
15,56.2,2.833,6.96,1756.1,52.81,12988,110,16,0,68.63,1.5088,8.0747
25,78.5,1.588,5.95,1118.2,53.04,8959,25,2,0,66.98,2.6657,13.1933
32,84.73,12.247,3.75,1485.1,89.93,26152,56,0,1,71.83,6.2583,22.5947
22,84.83,2.84,4.36,918.4,51.9,24917,35,6,1,69.62,2.0535,19.4564
44,63.03,1.464,5.82,1534.1,51.73,15459,41,3,0,64.63,1.1952,10.8299
18,77.83,1.302,6.21,1490.1,55.38,33168,65,18,0,71.74,1.4417,12.533
37,68.38,2.887,5.77,1538.3,51.25,14369,91,13,0,71.63,2.1823,11.851
14,81.51,3.115,5.57,947.4,53.13,32869,41,2,0,71.27,1.6579,14.6338
30,65.45,1.056,6.44,1605.2,55.18,30842,90,2,0,70.49,2.3547,10.163
34,80.76,3.308,6.73,1556.5,68.46,37203,12,19,0,71.34,1.8305,12.0
48,48.14,2.605,5.83,1558.5,65.95,29861,115,7,0,69.25,2.5436,8.2573
32,61.29,3.206,5.47,1685.1,58.44,26215,56,0,0,71.87,6.2218,11.2048
13,60.4,4.229,5.14,1422.4,59.87,46783,72,9,0,65.45,0.8684,11.751
5,85.1,2.315,5.6,1363.7,48.07,31372,49,5,0,69.26,4.4487,15.1964
8,70.49,3.673,4.7,1904.8,36.85,39908,98,4,0,68.92,1.5153,14.9979
39,78.41,13.538,1.99,1440.6,77.04,34246,15,13,1,67.89,3.5917,39.402
7,95.92,18.018,1.69,1339.3,100.66,2835,118,6,1,70.25,3.3397,56.7574
35,89.0,1.018,6.8,1173.1,59.77,8049,57,10,0,70.32,2.5053,13.0882
48,64.11,2.433,3.9,1290.1,38.11,29977,115,7,0,68.91,2.5493,16.4385
18,81.42,1.717,5.5,1477.5,73.36,33061,65,18,0,71.86,1.4347,14.8036
39,73.83,3.411,5.23,1277.2,63.93,34206,15,13,0,67.73,2.4791,14.1166
23,76.86,1.041,6.12,1314.2,48.97,6347,25,12,0,73.28,3.0288,12.5588
17,64.04,1.484,5.52,1592.0,53.43,49122,49,0,0,70.24,1.5797,11.6014
49,94.22,22.78,2.26,1288.8,84.18,35214,62,5,1,74.89,4.347,41.6903
42,64.86,2.586,6.26,1592.6,54.8,5570,63,17,0,71.43,2.8112,10.361
44,63.88,2.5,4.38,959.9,50.35,15379,41,3,0,64.48,1.195,14.5845
8,79.94,4.576,3.9,1604.4,57.83,39683,98,4,0,69.5,1.5657,20.4974
3,67.95,3.751,5.65,1663.4,38.85,50079,40,16,0,71.54,3.7555,12.0265
12,67.94,1.582,4.91,1240.0,51.8,32659,111,6,0,70.74,1.679,13.8371
5,63.3,6.129,5.24,1496.2,45.62,31601,49,5,0,69.42,4.4558,12.0802
42,76.42,1.149,5.98,1442.9,84.01,5926,63,17,0,70.73,1.1747,12.7793
25,89.41,12.778,3.92,1080.7,72.83,8749,25,2,1,68.71,3.2997,22.8087
3,80.86,3.261,6.23,1460.7,45.06,50143,40,16,0,71.69,3.7453,12.9791
17,64.57,1.426,5.51,1423.0,55.4,48785,49,0,0,69.81,1.5815,11.7187
27,70.2,2.132,4.55,1576.6,73.62,2120,52,16,0,65.2,1.0282,15.4286
3,57.93,1.041,4.89,1557.5,62.71,49967,40,16,0,71.54,3.744,11.8466
25,64.76,2.08,7.62,1192.0,54.98,9054,25,2,0,68.43,3.3126,8.4987
16,76.91,3.691,5.51,2005.6,65.03,3000,83,12,0,68.66,1.1043,13.9583
40,62.45,2.571,5.14,1402.3,32.99,39177,23,8,0,68.14,1.4519,12.1498
30,69.12,4.16,5.54,1680.5,64.8,31005,90,2,0,70.34,2.3593,12.4765
11,71.67,2.922,5.22,1587.9,32.61,39904,84,14,0,68.17,3.0033,13.7299
37,68.56,3.018,5.08,1442.1,49.88,14355,91,13,0,71.75,2.1686,13.4961
33,87.73,2.939,5.67,1321.5,56.19,17764,109,0,0,68.6,1.2551,15.4727
8,107.07,10.675,4.77,1090.1,80.12,39750,98,4,1,71.29,2.2561,22.4465
1,72.6,0.748,4.95,1669.9,62.34,2640,74,9,0,70.5,1.0967,14.6667
36,73.97,3.196,5.19,1452.4,39.16,32344,32,13,0,67.38,0.9646,14.2524
17,67.47,1.906,5.12,1594.5,49.19,49026,49,0,0,69.51,1.5794,13.1777
18,70.01,1.274,6.53,1643.3,61.94,32712,65,18,0,71.79,1.3707,10.7213
12,107.57,3.707,4.14,2035.2,63.54,32585,111,6,1,72.08,1.6867,25.9831
7,74.1,1.034,3.69,1616.6,76.5,2742,118,6,0,70.97,3.3633,20.0813
25,60.79,2.787,6.55,1615.0,48.03,8896,25,2,0,68.2,3.3118,9.2809
1,62.71,0.814,6.12,1192.0,30.49,2288,74,9,0,69.86,1.1173,10.2467
35,58.94,3.543,4.86,1169.2,66.54,8107,57,10,0,70.22,2.5042,12.1276
10,58.75,2.039,5.84,1247.0,51.15,31013,81,9,0,69.09,2.9761,10.0599
39,58.61,6.709,5.9,1411.2,57.1,34385,15,13,0,67.55,2.5789,9.9339
1,78.41,0.65,5.78,1789.5,57.28,2309,74,9,0,70.47,1.1597,13.5657
33,62.25,0.951,5.81,1543.5,45.52,17441,109,0,0,68.55,1.2899,10.7143
26,84.18,1.857,5.68,1531.2,55.36,11813,95,13,0,69.77,1.1532,14.8204
27,72.14,1.034,4.14,1733.1,40.89,2026,52,16,0,65.09,1.0326,17.4251
9,66.81,1.581,5.29,1772.8,50.7,28863,28,7,0,68.37,3.4697,12.6295
8,66.54,3.709,5.49,1913.6,58.6,39781,98,4,0,71.0,2.2239,12.1202
35,74.96,2.73,5.67,1630.5,63.68,8402,57,10,0,69.85,2.4881,13.2205
18,77.06,1.79,6.87,1279.0,47.2,32969,65,18,0,71.97,1.3782,11.2169
39,75.96,1.41,5.48,1477.5,36.84,34254,15,13,0,68.02,2.5738,13.8613
49,63.32,1.032,5.71,1646.9,36.63,35328,62,5,0,74.16,4.3762,11.0893
33,67.74,2.076,5.16,1421.6,60.36,17598,109,0,0,68.04,1.2805,13.1279
28,67.54,3.266,7.02,1466.2,47.03,47724,40,2,0,65.81,1.9588,9.6211
49,92.41,12.955,3.91,1293.4,89.91,35086,62,5,1,75.43,4.7571,23.6343
17,72.07,1.438,3.79,1773.0,58.39,48958,49,0,0,69.94,1.5988,19.0158
28,71.74,1.406,5.87,1470.4,61.25,47760,40,2,0,65.64,1.9582,12.2215
1,59.71,1.188,4.96,1218.0,56.76,2269,74,9,0,70.03,1.1784,12.0383
49,82.85,4.053,5.92,1655.7,40.96,35326,62,5,0,76.15,4.7371,13.9949
13,75.82,3.884,4.6,1376.6,64.56,46972,72,9,0,65.31,0.8943,16.4826
29,73.32,5.414,4.37,1693.6,47.6,37031,18,13,0,65.82,1.3304,16.778
26,72.41,1.499,4.84,1449.4,43.95,12196,95,13,0,70.34,1.1734,14.9607
28,84.25,5.375,6.31,1657.9,43.47,48099,40,2,0,66.48,2.0083,13.3518
7,66.63,0.983,5.89,1751.3,44.72,2597,118,6,0,70.66,3.3612,11.3124
9,62.12,1.602,5.44,1383.4,50.97,28646,28,7,0,68.04,3.489,11.4191
49,65.24,3.555,5.41,1682.2,56.96,35257,62,5,0,75.8,4.7354,12.0591
4,59.32,1.442,5.44,1225.8,68.13,31461,45,1,0,67.76,1.6779,10.9044
33,72.84,1.838,5.94,1418.4,82.74,17414,109,0,0,68.53,1.2827,12.2626
47,69.51,0.95,5.54,1463.9,56.27,17662,55,7,0,67.61,1.353,12.5469
22,53.1,2.942,6.14,1153.4,49.68,25260,35,6,0,68.56,2.0185,8.6482
29,73.42,1.992,4.66,1431.5,65.23,37038,18,13,0,66.08,1.3211,15.7554
36,71.65,2.4,5.69,1353.8,81.18,32420,32,13,0,67.8,0.9649,12.5923
27,76.6,1.022,6.84,1667.5,70.79,2068,52,16,0,65.22,0.9946,11.1988
39,72.45,4.254,5.52,1500.9,50.05,34099,15,13,0,68.31,2.5676,13.125
14,69.28,2.849,6.16,1260.6,49.25,33175,41,2,0,71.18,1.6457,11.2468
44,67.58,1.863,5.01,1613.7,39.15,15345,41,3,0,64.78,0.9273,13.489
14,55.89,3.176,5.22,1384.0,53.05,33106,41,2,0,70.43,1.6323,10.7069
17,59.1,2.904,6.22,1570.2,58.95,49209,49,0,0,69.41,1.5981,9.5016
13,68.23,2.366,6.34,1632.3,70.69,47098,72,9,0,65.32,0.8698,10.7618
11,71.2,2.475,5.96,1499.3,35.05,39851,84,14,0,67.86,3.0014,11.9463
28,85.25,0.861,5.52,1510.8,39.18,47727,40,2,0,67.3,2.0481,15.4438
18,118.41,7.865,3.45,1086.5,86.12,32863,65,18,1,73.95,1.7361,34.3217
6,93.4,4.621,3.41,2001.8,86.75,28562,71,2,1,70.58,1.8278,27.39
41,78.28,4.204,6.4,1533.2,43.15,16986,22,7,0,70.86,1.2812,12.2312
8,74.14,3.734,3.78,1003.6,71.71,39643,98,4,0,71.19,2.1828,19.6138
13,78.44,3.525,5.29,1256.3,64.43,46937,72,9,0,66.12,0.8792,14.828
21,79.99,2.146,4.95,1349.5,47.18,41137,7,11,0,70.78,0.925,16.1596
23,66.28,1.598,4.79,1386.5,68.5,6323,25,12,0,73.45,3.0395,13.8372
35,105.42,5.385,2.72,1879.4,69.19,8378,57,10,1,71.74,2.5275,38.7574
12,73.07,1.097,4.27,1585.5,53.26,32297,111,6,0,71.06,1.149,17.1124
29,78.12,1.096,5.91,1644.1,55.47,36917,18,13,0,66.76,1.3534,13.2183
14,83.17,1.533,5.71,1507.9,68.28,33240,41,2,0,71.15,1.6397,14.5657
39,75.61,2.079,5.8,1407.4,65.21,34140,15,13,0,69.36,2.5812,13.0362
47,75.61,2.247,5.42,1614.8,69.2,17928,55,7,0,68.13,1.3348,13.9502
44,105.6,5.684,1.36,1571.0,106.73,15282,41,3,1,66.49,1.1618,77.6471
13,45.6,7.532,4.99,1488.9,49.63,46676,72,9,0,65.14,1.3567,9.1383
28,71.43,3.633,5.71,1325.0,67.7,48046,40,2,0,67.44,2.0473,12.5096
50,84.44,2.07,5.28,1618.2,80.09,22382,21,3,1,74.64,4.1827,15.9924
36,73.45,1.807,6.02,1505.6,52.89,32508,32,13,0,68.34,0.9663,12.201
19,79.01,1.087,5.42,1525.4,71.37,34027,75,12,0,69.9,1.4806,14.5775
17,80.73,3.501,4.81,1463.1,49.56,48829,49,0,0,70.18,1.5716,16.7838
18,59.59,3.283,4.85,1678.1,51.11,33123,65,18,0,73.71,1.7339,12.2866
36,61.42,3.676,7.4,1695.8,54.79,32318,32,13,0,67.95,1.0004,8.3
9,68.92,1.201,5.7,1293.1,58.05,28782,28,7,0,68.56,3.494,12.0912
25,63.53,4.233,5.24,1325.6,55.05,9082,25,2,0,68.34,3.2871,12.124
5,65.35,2.465,5.47,1820.6,58.08,31169,49,5,0,69.69,4.429,11.947
23,69.44,1.654,4.94,1582.0,56.23,6341,25,12,0,73.85,3.0329,14.0567
23,89.6,7.733,2.99,964.9,56.75,6397,25,12,1,74.49,3.1807,29.9666
17,63.1,0.848,4.62,1670.6,60.51,48822,49,0,0,70.18,1.4778,13.658
31,75.1,1.78,4.06,1689.0,32.34,8264,56,3,0,71.99,3.5393,18.4975
8,65.76,0.905,6.68,1547.1,46.56,39626,98,4,0,72.05,2.2284,9.8443
11,79.78,2.422,4.34,1168.4,70.5,39577,84,14,0,68.13,2.9841,18.3825
3,78.68,3.862,5.4,1593.7,52.71,50322,40,16,0,71.76,3.7233,14.5704
2,58.18,2.623,5.19,1780.4,65.31,6580,88,17,0,65.14,1.2696,11.21
3,63.49,1.076,6.11,1774.6,41.89,50055,40,16,0,71.45,3.7599,10.3912
10,76.55,1.881,5.22,1563.8,66.11,31299,81,9,0,70.08,2.9787,14.6648
37,76.8,3.775,5.51,1798.4,65.26,14296,91,13,0,72.03,2.1436,13.9383
3,80.09,1.454,6.16,1355.0,89.91,50142,40,16,0,72.21,3.7573,13.0016
47,59.28,1.594,5.45,1219.9,33.44,17746,55,7,0,67.52,1.2248,10.8771
47,62.54,2.441,5.49,1431.6,47.78,17671,55,7,0,67.02,1.2018,11.3916
17,65.9,2.649,4.78,1258.5,35.88,49004,49,0,0,70.27,1.4551,13.7866
3,56.15,1.042,4.34,1486.1,48.34,50391,40,16,0,71.41,3.7928,12.9378
22,86.1,0.933,6.65,1489.2,42.31,25201,35,6,0,69.24,2.0375,12.9474
24,78.22,2.141,5.59,1197.0,69.77,2460,86,13,0,68.42,1.499,13.9928
46,61.71,1.738,5.48,1388.8,54.55,11352,19,9,0,71.43,1.7241,11.2609
28,78.19,2.289,5.88,1488.2,24.88,47958,40,2,0,68.37,2.0496,13.2976
25,76.89,1.762,5.31,1304.8,42.16,9005,25,2,0,68.9,3.2896,14.4802
1,77.03,1.954,4.61,1598.7,37.94,2529,74,9,0,70.52,1.1787,16.7093
33,70.28,1.317,7.27,1616.1,65.96,17561,109,0,0,68.93,1.2677,9.6671
1,65.84,2.665,5.61,1622.5,61.91,2693,74,9,0,70.26,1.1725,11.7362
33,64.22,2.155,5.28,1918.8,39.02,17416,109,0,0,68.07,1.0582,12.1629
30,61.37,1.83,6.41,1515.2,39.22,30948,90,2,0,69.04,2.2954,9.5741
21,83.38,2.342,5.15,1522.3,48.68,41527,7,11,0,71.19,0.9109,16.1903
10,68.24,1.494,6.81,1856.6,44.39,31211,81,9,0,70.29,2.9705,10.0206
37,53.33,1.27,4.42,1515.4,38.93,14663,91,13,0,71.46,2.1557,12.0656
33,64.73,3.92,4.98,1515.9,23.45,17831,109,0,0,68.29,1.0789,12.998
37,68.57,1.22,5.82,1657.4,34.05,14738,91,13,0,71.47,2.1724,11.7818
13,69.46,3.244,6.36,1402.4,41.11,46703,72,9,0,65.13,1.3455,10.9214
21,70.0,2.801,5.23,1643.3,49.52,41199,7,11,0,70.78,0.893,13.3843
27,63.27,5.001,5.05,940.6,56.41,2361,52,16,0,64.14,1.0509,12.5287
38,61.95,2.327,3.58,1500.9,60.96,28600,81,13,0,73.54,4.4967,17.3045
16,75.14,2.188,6.89,1699.9,55.32,3234,83,12,0,68.93,1.102,10.9057
5,63.62,1.271,6.4,1308.6,58.5,31509,49,5,0,69.9,4.4482,9.9406
20,53.43,1.291,4.43,1412.8,49.47,24616,31,3,0,67.74,1.7381,12.0609
26,74.04,4.115,6.06,1214.0,68.89,12154,95,13,0,69.47,1.2127,12.2178
18,91.56,9.946,2.29,1214.5,111.18,32885,65,18,1,74.97,2.2656,39.9825
29,67.16,3.169,6.73,1378.8,57.19,36759,18,13,0,66.53,1.3494,9.9792
9,63.12,2.057,5.47,1447.8,74.85,28898,28,7,0,67.98,3.4694,11.5393
47,78.57,1.046,4.1,1520.4,42.51,17920,55,7,0,67.6,1.2247,19.1634
1,58.92,1.933,4.22,1396.0,68.17,2424,74,9,0,69.86,1.1677,13.9621
45,59.08,3.978,6.51,1365.8,55.48,895,30,11,0,66.15,1.0603,9.0753
3,64.3,2.073,5.14,1238.1,62.01,49981,40,16,0,71.07,3.8045,12.5097
28,71.33,4.136,5.31,1084.9,57.09,47839,40,2,0,68.63,2.0264,13.4331
2,111.73,3.514,5.46,1774.6,80.79,6884,88,17,1,66.95,1.2933,20.4634
19,71.16,3.024,5.75,1556.3,47.28,34290,75,12,0,70.25,1.4837,12.3757
36,60.5,1.586,3.8,1419.3,68.2,32553,32,13,0,67.37,1.01,15.9211
28,61.45,5.449,6.35,1472.3,77.29,47926,40,2,0,68.02,2.0769,9.6772
28,55.29,2.406,5.9,1300.5,49.22,48021,40,2,0,67.5,2.0808,9.3712
38,77.06,1.3,4.45,1334.2,44.71,28425,81,13,0,72.54,4.5213,17.3169
29,75.2,4.785,5.89,1249.4,45.52,36883,18,13,0,67.48,1.421,12.7674
43,56.08,1.527,5.17,1487.5,47.9,22210,106,18,0,69.47,1.2058,10.8472
28,57.31,1.595,4.99,1098.0,65.68,48006,40,2,0,67.19,2.0903,11.485
36,69.44,1.864,6.17,1372.1,64.94,32359,32,13,0,67.39,0.9991,11.2545
31,58.03,1.894,6.72,1301.4,41.9,8200,56,3,0,71.11,3.5366,8.6354
24,63.87,4.88,4.98,1832.9,54.13,2505,86,13,0,68.12,1.1654,12.8253
12,60.49,1.882,6.24,1307.2,55.32,32416,111,6,0,70.03,1.1534,9.6939
42,66.98,1.755,5.83,1470.3,53.06,5979,63,17,0,70.64,1.1375,11.4889
25,58.06,3.617,5.23,1659.8,65.57,9185,25,2,0,68.85,3.2236,11.1013
35,75.7,1.628,4.97,1528.5,71.04,8347,57,10,0,72.35,2.5328,15.2314
38,60.42,1.399,5.4,1713.4,72.77,28590,81,13,0,72.57,4.5287,11.1889
25,78.53,1.312,4.0,1676.1,51.94,8998,25,2,0,69.79,3.2519,19.6325
2,57.5,2.798,3.72,1107.7,62.68,6699,88,17,0,66.92,1.1732,15.457
12,80.95,5.922,4.66,2120.8,73.01,32479,111,6,1,71.12,1.3311,17.3712
39,52.88,3.354,5.88,1511.2,50.62,34095,15,13,0,68.83,2.5671,8.9932
39,58.81,1.23,4.97,1217.6,36.6,34156,15,13,0,68.56,2.6005,11.833
9,73.06,2.325,4.15,1435.0,49.32,28577,28,7,0,68.19,3.4463,17.6048
3,62.21,7.273,6.4,950.8,59.8,49960,40,16,0,71.35,3.873,9.7203
32,76.21,2.733,4.06,1549.4,71.72,26070,56,0,0,72.29,6.2014,18.7709
13,68.14,1.374,5.18,1775.5,73.4,46821,72,9,0,65.16,1.354,13.1544
22,67.38,1.461,6.78,1623.8,38.37,24876,35,6,0,68.94,2.0589,9.9381
22,70.71,1.886,5.79,1727.8,60.78,25284,35,6,0,69.53,2.0483,12.2124
34,85.57,3.142,3.95,1627.5,44.49,37058,12,19,0,72.17,1.8197,21.6633
14,70.61,5.497,6.85,1426.0,49.21,33037,41,2,0,71.28,1.7251,10.308
21,60.77,0.836,6.83,1352.6,51.25,41349,7,11,0,70.67,0.9453,8.8975
45,61.21,2.448,6.33,1596.3,60.67,1370,30,11,0,65.84,1.0044,9.6698
9,82.51,2.068,5.84,1083.7,68.98,28920,28,7,0,68.3,3.457,14.1284
27,76.95,1.48,5.51,1662.0,61.46,2089,52,16,0,64.57,1.0493,13.9655
3,62.13,2.292,6.27,1252.3,55.69,49999,40,16,0,71.05,3.8686,9.9091
23,74.27,3.4,6.59,1185.9,37.11,6609,25,12,0,74.74,3.1711,11.2701
25,78.06,1.773,5.72,1280.9,69.02,9050,25,2,0,70.51,3.2534,13.6469
29,68.14,1.912,5.07,1357.1,57.56,36738,18,13,0,67.37,1.4281,13.4398
2,66.82,2.252,6.06,1641.2,47.45,6955,88,17,0,66.9,1.1654,11.0264
2,77.88,3.146,6.22,1542.0,55.27,6852,88,17,0,67.35,1.1706,12.5209
44,47.6,1.74,4.41,1325.6,52.3,15369,41,3,0,65.19,1.169,10.7937
25,66.32,3.303,5.4,1204.2,73.77,8943,25,2,0,70.16,3.2236,12.2815
11,91.95,5.63,3.24,1457.0,82.79,39784,84,14,1,68.88,3.0177,28.3796
23,67.03,2.501,4.9,1346.2,79.29,6653,25,12,0,74.13,3.1516,13.6796
34,60.8,1.783,5.04,1309.1,42.55,37153,12,19,0,71.54,1.8335,12.0635
38,74.0,4.465,5.51,1298.4,75.43,28361,81,13,0,73.06,4.5204,13.4301
35,79.87,3.083,5.75,1416.6,66.6,8275,57,10,0,72.41,2.5279,13.8904
37,63.64,2.715,5.13,966.2,48.88,14322,91,13,0,69.73,1.5791,12.4055
4,67.49,2.607,5.82,1581.1,36.18,31493,45,1,0,68.15,1.6545,11.5962
8,61.22,0.733,5.18,1598.8,37.01,39952,98,4,0,71.6,2.2578,11.8185
17,76.12,2.339,5.4,1606.6,59.27,49115,49,0,0,71.09,1.4535,14.0963
49,66.36,1.508,6.33,1420.3,39.85,35029,62,5,0,75.48,4.7662,10.4834
10,51.62,3.438,4.85,1506.0,38.66,31080,81,9,0,69.39,2.9597,10.6433
47,56.18,2.27,6.1,1449.4,62.6,17930,55,7,0,67.39,1.2118,9.2098
17,65.57,3.422,6.13,1551.2,43.78,48868,49,0,0,70.62,1.3223,10.6966
50,66.61,5.062,4.32,1397.8,50.01,22453,21,3,0,74.7,4.1786,15.419
2,87.63,2.365,4.7,1429.1,26.58,6658,88,17,0,68.21,1.1568,18.6447
46,75.48,0.938,4.37,1415.4,61.8,11465,19,9,0,72.21,1.7659,17.2723
12,74.95,5.068,6.13,1678.5,65.23,32320,111,6,0,71.42,1.4135,12.2268
23,66.44,4.876,5.14,1634.5,43.36,6463,25,12,0,74.34,3.0583,12.9261
32,52.23,1.761,4.33,1607.6,54.47,25992,56,0,0,71.94,6.2234,12.0624
15,73.84,3.382,3.88,1435.4,84.02,12898,110,16,0,68.53,1.505,19.0309
30,66.37,2.544,4.98,1245.4,39.07,30709,90,2,0,69.36,2.2951,13.3273
3,78.21,3.066,4.9,1266.8,54.25,50105,40,16,0,70.17,2.0594,15.9612
40,62.73,2.928,5.8,1014.3,66.48,39311,23,8,0,68.27,1.4518,10.8155
49,66.5,1.997,5.89,1109.7,79.41,35248,62,5,0,75.45,4.7691,11.2903
25,62.26,1.163,5.71,1304.9,60.13,8890,25,2,0,69.44,3.2422,10.9037
36,91.71,4.935,3.21,2035.8,92.22,32573,32,13,1,68.66,1.131,28.5701
25,68.55,2.145,5.43,1129.3,50.44,9128,25,2,0,69.37,3.2557,12.6243
50,63.83,2.338,4.55,1578.5,59.55,22179,21,3,0,73.8,4.1722,14.0286
47,65.41,2.529,6.42,1350.1,64.52,18099,55,7,0,67.18,1.2084,10.1885
41,72.99,1.183,5.37,1702.0,48.92,16729,22,7,0,69.75,1.0908,13.5922
3,73.4,1.838,6.65,1840.0,40.49,50310,40,16,0,69.39,1.4626,11.0376
38,54.2,1.77,6.52,1385.2,54.85,28439,81,13,0,72.55,4.5127,8.3129
15,74.33,1.423,5.02,1186.2,38.69,12583,110,16,0,68.43,1.5241,14.8068
17,72.4,4.993,5.62,1557.9,58.99,48888,49,0,0,70.83,1.4032,12.8826
12,67.44,4.404,5.56,1418.1,51.53,32382,111,6,0,71.48,1.4288,12.1295
23,83.21,1.109,5.65,1309.5,43.34,6236,25,12,0,74.53,3.0788,14.7274
27,72.69,1.284,5.18,1393.6,50.53,2000,52,16,0,65.49,1.0288,14.0328
39,71.28,1.724,4.18,1123.4,56.79,34167,15,13,0,68.24,2.6188,17.0526
21,92.07,10.622,4.12,1144.9,97.58,41394,7,11,1,72.1,1.9304,22.3471
14,76.33,1.431,5.34,1332.5,58.73,32814,41,2,0,71.95,1.7129,14.294
3,70.6,3.867,5.34,1359.7,52.59,50215,40,16,0,69.4,1.4646,13.221
12,67.67,3.723,4.54,1402.1,48.4,32664,111,6,0,71.89,1.438,14.9053
20,74.72,1.227,6.56,1154.1,45.23,24606,31,3,0,68.74,1.743,11.3902
43,59.79,1.74,5.78,1644.2,56.78,22383,106,18,0,68.85,1.2109,10.3443
15,58.22,1.794,5.57,1441.9,66.47,12547,110,16,0,68.98,1.533,10.4524
9,53.61,5.221,5.61,1280.7,69.34,28878,28,7,0,67.49,3.4779,9.5561
34,81.48,3.414,4.95,1194.1,64.99,36930,12,19,0,72.59,1.7983,16.4606
8,71.85,3.642,5.53,1159.4,61.98,39585,98,4,0,71.54,2.2569,12.9928
46,63.07,1.362,5.81,1358.5,43.22,11294,19,9,0,71.78,1.7784,10.8554
38,66.24,1.276,5.64,1504.3,54.88,28332,81,13,0,72.32,4.5193,11.7447
48,68.68,2.018,4.5,1366.4,38.42,29927,115,7,0,69.46,2.5576,15.2622
43,64.35,0.864,5.65,1406.7,54.78,22439,106,18,0,68.89,1.2462,11.3894
40,62.02,1.539,5.46,1325.3,42.68,39126,23,8,0,67.72,1.4481,11.359
41,68.81,3.35,4.66,1327.2,47.51,16962,22,7,0,69.61,0.9988,14.7661
9,77.58,2.874,4.57,1795.0,71.19,28876,28,7,0,68.0,3.4792,16.9759
29,84.02,2.675,5.79,1354.7,67.87,37023,18,13,0,68.28,1.4279,14.5112
29,61.42,1.266,3.46,1464.6,46.04,37005,18,13,0,67.4,1.3993,17.7514
15,72.72,1.615,5.71,1666.6,71.4,12578,110,16,0,68.96,1.5132,12.7356
11,57.24,1.946,6.07,1308.7,58.68,39610,84,14,0,68.52,3.0297,9.43
25,64.27,2.237,4.87,1139.3,50.58,8931,25,2,0,69.47,3.2663,13.1971
4,59.66,4.309,6.53,1010.6,35.38,31502,45,1,0,68.35,1.6818,9.1363
33,57.4,1.984,6.48,1253.6,59.59,17576,109,0,0,67.83,1.0572,8.858
9,62.32,3.312,4.92,1280.0,32.53,28547,28,7,0,68.33,3.4783,12.6667
7,70.04,3.951,5.1,1606.1,40.75,2978,118,6,0,70.6,3.3611,13.7333
10,70.49,1.912,6.0,1160.0,47.66,31026,81,9,0,69.24,2.958,11.7483
28,79.44,2.891,5.64,1361.6,65.12,47759,40,2,0,67.37,1.3288,14.0851
48,47.16,2.728,6.35,1423.0,39.69,29929,115,7,0,67.55,2.5381,7.4268
19,70.12,3.998,5.19,1270.8,63.48,33990,75,12,0,70.51,1.5088,13.5106
47,63.14,1.883,4.57,1540.5,47.03,18129,55,7,0,66.53,1.0755,13.8162
2,69.8,0.522,7.31,1731.9,50.84,6596,88,17,0,68.46,1.1928,9.5486
16,58.91,3.45,4.42,1625.0,84.66,3163,83,12,0,68.75,1.1077,13.3281
29,73.33,1.163,6.68,1402.6,66.04,36659,18,13,0,68.01,1.4065,10.9775
38,60.97,1.792,5.8,933.8,81.84,28589,81,13,0,71.58,4.526,10.5121
28,65.77,1.203,5.8,1192.7,37.22,47702,40,2,0,67.47,1.3079,11.3397
45,61.29,2.441,5.54,1380.3,49.26,1301,30,11,0,65.92,1.0036,11.0632
49,57.7,3.123,6.47,1307.5,34.75,35237,62,5,0,74.97,4.773,8.9181
10,64.86,1.849,4.84,1521.1,36.38,31086,81,9,0,69.28,2.9491,13.4008
46,60.79,3.766,5.06,1567.3,64.86,11386,19,9,0,71.34,1.7886,12.0138
12,72.76,2.909,5.18,1317.6,39.19,32403,111,6,0,71.85,1.4265,14.0463
2,65.29,1.663,6.28,1306.9,24.68,6591,88,17,0,68.37,1.2002,10.3965
2,68.68,3.777,5.44,1158.5,59.36,6963,88,17,0,68.73,1.2135,12.625
50,79.2,4.71,6.17,1447.1,60.17,22189,21,3,0,74.32,4.1537,12.8363
18,69.15,2.658,4.71,1627.0,55.04,32855,65,18,0,74.66,2.2474,14.6815
23,63.41,2.122,5.14,1370.3,48.44,6473,25,12,0,74.49,3.0734,12.3366
23,70.52,3.984,5.74,1131.9,74.83,6490,25,12,0,74.92,3.076,12.2857
30,63.7,3.737,5.66,1690.1,60.19,30709,90,2,0,69.27,2.298,11.2544
21,82.76,4.46,5.3,1564.7,81.74,41181,7,11,1,72.71,1.9615,15.6151
17,65.18,5.111,4.34,1416.8,52.32,49131,49,0,0,68.7,1.4945,15.0184
35,56.34,5.254,6.71,1412.5,68.58,8411,57,10,0,72.19,2.5469,8.3964
18,68.01,0.967,5.53,1426.2,44.91,32993,65,18,0,74.76,2.2822,12.2984
2,67.62,3.006,5.6,1614.0,57.6,6759,88,17,0,69.54,1.2105,12.075
35,62.63,4.973,6.41,1478.4,77.02,8113,57,10,0,71.77,1.36,9.7707
33,75.14,2.98,6.11,1485.9,58.9,17837,109,0,0,68.19,1.001,12.2979
37,46.04,1.83,5.31,1285.1,49.24,14479,91,13,0,68.99,1.5629,8.6704
35,62.21,3.09,5.88,1534.7,50.82,8238,57,10,0,70.97,1.3599,10.5799
39,70.06,1.119,5.14,1409.3,61.18,34332,15,13,0,68.38,2.653,13.6304
36,75.08,2.095,6.48,1701.5,38.47,32447,32,13,0,68.55,1.0307,11.5864
28,71.7,1.005,6.1,1688.7,49.65,47855,40,2,0,67.62,1.3244,11.7541
11,56.81,1.528,5.85,1092.8,52.27,39763,84,14,0,68.21,3.0468,9.7111
9,69.63,2.623,5.33,1527.6,44.76,28565,28,7,0,67.95,3.4745,13.0638
31,59.69,3.792,5.87,1572.0,70.9,8500,56,3,0,70.46,3.5224,10.1687
41,61.34,2.239,6.33,1655.5,41.71,16707,22,7,0,68.8,0.9877,9.6904
32,62.28,7.662,5.61,1619.3,57.24,25826,56,0,0,71.28,6.2158,11.1016
10,68.98,2.199,4.59,1455.3,48.77,31258,81,9,0,70.53,2.9414,15.0283
34,58.94,0.474,3.77,1991.7,29.35,36768,12,19,0,71.77,1.2607,15.634
34,74.34,2.785,6.55,1045.0,48.5,36798,12,19,0,71.21,1.252,11.3496
34,71.15,4.71,5.65,1582.3,52.32,37188,12,19,0,70.98,1.2898,12.5929
15,58.58,4.137,5.53,2030.6,43.77,12738,110,16,0,68.2,1.5289,10.5931
41,72.51,2.502,5.59,1660.3,48.53,16855,22,7,0,68.58,0.9853,12.9714
30,59.97,3.107,4.2,1515.0,61.13,31042,90,2,0,69.1,2.1966,14.2786
13,66.33,4.583,4.92,1421.0,62.48,46800,72,9,0,65.06,1.4146,13.4817
33,68.39,1.468,4.35,1490.4,45.36,17418,109,0,0,68.27,1.0,15.7218
23,70.41,3.32,5.09,1531.2,55.3,6573,25,12,0,74.89,3.064,13.833
29,80.49,1.076,5.41,1551.8,49.46,36790,18,13,0,68.79,1.4322,14.878
38,66.86,0.958,6.22,1649.1,58.06,28598,81,13,0,71.4,4.5343,10.7492
28,85.63,4.419,3.39,1474.8,82.74,47926,40,2,1,68.78,1.372,25.2596
37,64.65,1.934,5.9,1584.7,58.78,14627,91,13,0,68.91,1.0628,10.9576
13,63.41,2.452,5.48,1366.3,55.59,47108,72,9,0,64.81,1.4138,11.5712
34,69.93,2.221,6.95,1624.5,63.22,37105,12,19,0,70.52,1.28,10.0619
33,68.07,4.323,4.49,1428.4,55.88,17604,109,0,0,67.83,1.095,15.1604
48,83.26,3.956,6.03,1683.1,56.66,29710,115,7,0,68.19,2.5426,13.8076
4,82.66,3.169,5.52,1381.2,46.73,31510,45,1,0,68.7,1.6663,14.9746
12,67.72,1.814,6.67,1558.3,49.96,32199,111,6,0,71.9,1.4334,10.1529
13,88.32,15.095,4.68,1316.4,98.63,46817,72,9,1,65.0,2.9134,18.8718
15,71.64,1.32,5.79,1061.4,67.92,12777,110,16,0,68.15,1.5174,12.3731
35,72.36,0.997,5.19,1389.6,52.42,8052,57,10,0,70.63,1.4231,13.9422
19,68.44,3.722,4.92,1538.6,49.29,34304,75,12,0,70.23,1.5248,13.9106
7,68.81,3.687,6.32,1283.4,58.48,2625,118,6,0,70.59,3.3478,10.8877
47,60.36,2.484,4.84,1110.1,50.52,17660,55,7,0,66.39,1.0261,12.4711
40,90.03,2.398,6.14,1198.9,39.68,39187,23,8,0,68.68,1.4424,14.6629
40,93.63,2.934,3.4,1522.6,109.43,39404,23,8,1,69.61,1.3828,27.5382
15,100.62,1.906,3.44,1829.4,113.52,12662,110,16,1,69.37,1.5073,29.25
40,88.09,3.165,3.89,1872.2,85.65,39067,23,8,1,70.31,1.3816,22.6452
44,68.5,2.345,5.37,1499.0,54.24,15634,41,3,0,65.14,1.141,12.7561
8,67.16,1.463,6.28,1593.9,51.72,39593,98,4,0,71.41,2.2629,10.6943
22,77.12,2.703,5.67,1408.0,52.66,24883,35,6,0,69.1,1.6565,13.6014
14,61.03,2.559,4.34,1554.5,59.24,32938,41,2,0,71.19,1.6707,14.0622
23,55.38,3.264,5.61,1470.6,40.46,6640,25,12,0,72.8,1.6979,9.8717
34,62.28,2.042,4.94,1816.3,43.35,36799,12,19,0,69.61,1.2693,12.6073
44,60.03,5.357,6.15,1590.2,54.31,15568,41,3,0,64.62,1.2547,9.761
41,64.9,1.834,5.02,1444.5,52.65,16727,22,7,0,68.05,0.9858,12.9283
35,76.31,1.382,4.14,1658.1,68.01,8097,57,10,0,71.65,1.4364,18.4324
35,59.46,0.769,6.28,1200.8,37.36,8350,57,10,0,71.72,1.4975,9.4682
29,102.69,30.0,1.95,1700.6,61.69,36779,18,13,1,69.99,5.7996,52.6615
45,80.69,2.734,5.05,1522.8,41.11,1275,30,11,0,66.82,0.9955,15.9782
45,66.53,1.2,4.48,1615.6,44.22,1364,30,11,0,67.12,0.997,14.8504
15,64.52,1.116,5.75,1659.3,57.79,12829,110,16,0,69.13,1.5272,11.2209
9,66.63,4.461,4.84,1371.0,61.59,28822,28,7,0,67.72,3.3829,13.7665
4,59.24,1.478,6.45,1382.7,61.63,31483,45,1,0,67.9,1.6917,9.1845
6,75.57,14.27,3.58,1664.9,91.39,28501,71,2,1,71.13,2.9612,21.1089
22,79.39,1.719,5.01,1798.7,51.36,24990,35,6,0,69.53,1.6417,15.8463
41,66.37,3.517,6.52,1677.3,38.83,16982,22,7,0,67.75,0.9639,10.1794
25,76.22,1.946,5.46,1468.3,80.75,9148,25,2,0,69.27,2.4083,13.9597
18,71.63,1.079,5.98,1360.1,57.45,32884,65,18,0,75.17,2.2951,11.9783
50,67.53,3.164,3.63,1463.0,33.7,22337,21,3,0,74.05,4.0992,18.6033
45,63.51,3.384,6.72,1467.2,71.58,1093,30,11,0,66.31,0.9918,9.4509
31,71.34,1.537,5.08,1421.2,38.47,8296,56,3,0,70.16,3.493,14.0433
13,69.0,0.819,5.31,1199.5,53.53,47078,72,9,0,64.93,2.944,12.9944
13,61.26,2.95,5.36,1327.2,55.41,46846,72,9,0,65.11,2.9274,11.4291
50,72.0,2.884,4.72,1320.3,60.77,22289,21,3,0,73.85,4.0708,15.2542
25,69.87,0.824,6.57,1441.7,66.1,8879,25,2,0,69.42,2.4458,10.6347
27,82.19,2.781,6.47,1442.1,56.23,1931,52,16,0,66.61,0.9973,12.7032
28,75.61,1.371,5.85,1586.4,59.55,47789,40,2,0,69.09,1.383,12.9248
10,77.96,1.592,5.73,1025.9,66.65,30950,81,9,0,71.2,2.8061,13.6056
38,76.68,1.669,4.53,1321.8,50.84,28313,81,13,0,72.01,4.5502,16.9272
27,80.2,4.077,5.31,1171.8,57.42,2133,52,16,0,66.97,1.0624,15.1036
28,77.29,1.232,5.42,1308.6,58.52,47693,40,2,0,70.0,1.4021,14.2601
3,73.9,13.379,4.16,1680.3,88.97,50186,40,16,1,69.3,2.6216,17.7644
21,67.22,3.555,4.63,1467.2,73.25,41140,7,11,0,72.89,1.9676,14.5184
16,79.82,1.419,5.92,1589.5,65.73,3166,83,12,0,69.48,1.1337,13.4831
22,81.42,4.274,6.18,908.0,69.61,24988,35,6,0,70.26,1.6447,13.1748
5,81.4,11.813,4.72,1554.6,44.37,31532,49,5,1,70.07,4.6936,17.2458
47,63.81,0.449,5.87,1351.1,46.96,18020,55,7,0,66.17,1.0622,10.8705
50,56.39,2.035,6.31,1752.9,55.29,22338,21,3,0,72.89,4.0416,8.9366
45,71.26,4.083,5.35,1503.8,50.43,1186,30,11,0,66.69,1.0254,13.3196
17,80.1,3.199,5.94,1780.8,74.38,48858,49,0,0,69.25,1.4556,13.4848
5,83.81,12.768,3.45,1388.6,85.35,31204,49,5,1,70.83,4.9822,24.2928
6,68.25,2.786,4.55,1474.9,53.96,28792,71,2,0,71.06,2.9629,15.0
8,62.48,0.686,5.73,1160.7,45.64,39699,98,4,0,71.17,2.3078,10.904
44,75.59,1.429,6.73,1619.1,35.34,15245,41,3,0,65.46,1.1934,11.2318
40,68.92,2.488,6.63,919.0,59.12,38986,23,8,0,70.82,1.3788,10.3952
13,69.84,1.429,4.36,1526.1,52.41,46804,72,9,0,65.1,2.9262,16.0183
49,79.0,3.037,5.46,1544.7,56.97,35162,62,5,0,75.26,4.778,14.4689
49,59.88,4.895,4.07,1542.7,51.88,35314,62,5,0,74.52,4.758,14.7125
20,71.48,2.201,4.64,1518.8,59.37,25017,31,3,0,68.56,1.7326,15.4052
3,49.31,3.03,5.78,1505.4,37.57,50392,40,16,0,69.02,2.6029,8.5311
4,66.95,4.42,5.77,1523.4,62.79,31534,45,1,0,67.67,1.7088,11.6031
25,68.12,1.842,6.56,1216.2,51.38,8901,25,2,0,69.08,2.4513,10.3841
42,70.19,1.357,4.8,1529.7,69.29,5618,63,17,0,70.84,1.1505,14.6229
17,55.94,2.906,4.27,1374.9,80.18,48821,49,0,0,68.51,1.4558,13.1007
22,75.74,2.559,4.39,1138.6,51.44,25166,35,6,0,70.73,1.6205,17.2528
13,79.45,2.808,5.23,1637.8,55.1,46872,72,9,0,66.49,2.9229,15.1912
41,76.02,4.376,7.07,1246.6,44.52,16957,22,7,0,67.85,1.003,10.7525
42,74.07,1.501,5.31,1401.3,59.51,5543,63,17,0,70.63,1.1558,13.9492
47,66.02,1.524,6.19,1605.1,53.97,17752,55,7,0,65.83,1.0682,10.6656
21,68.27,3.585,6.08,1392.8,61.3,41226,7,11,0,72.53,1.9699,11.2286
14,65.67,2.331,3.8,1725.6,63.85,32934,41,2,0,70.81,1.673,17.2816
47,68.29,3.31,6.21,1703.6,46.1,18086,55,7,0,65.2,1.0857,10.9968
29,77.38,4.144,5.45,1581.7,60.93,36684,18,13,0,70.63,5.7648,14.1982
14,68.69,3.839,5.31,1083.3,56.53,33057,41,2,0,70.32,1.6736,12.936
21,80.26,2.063,5.77,1339.8,44.68,41199,7,11,0,72.94,1.9682,13.9099
48,69.12,2.199,4.6,1721.8,46.65,29852,115,7,0,68.21,2.5501,15.0261
6,86.07,1.616,5.61,1527.1,47.91,28560,71,2,0,71.53,2.9553,15.3422
37,59.29,1.748,6.22,1122.9,67.15,14506,91,13,0,68.45,1.0677,9.5322
41,65.72,5.134,5.29,1329.0,51.21,16965,22,7,0,67.25,1.095,12.4234
4,69.02,2.355,5.23,1694.4,64.62,31872,45,1,0,66.27,1.6894,13.1969
24,73.58,1.705,5.57,1640.9,67.38,2598,86,13,0,67.81,1.1405,13.2101
48,65.51,2.386,4.31,1311.3,58.62,29623,115,7,0,67.3,1.4906,15.1995
31,77.72,2.85,5.83,1187.3,52.92,8559,56,3,0,70.28,3.4911,13.331
3,71.42,1.168,5.74,1386.5,35.39,50202,40,16,0,69.24,2.6292,12.4425
8,59.39,1.422,5.89,1192.2,48.78,39660,98,4,0,70.79,2.3326,10.0832
13,52.72,2.62,6.4,1150.4,42.9,47087,72,9,0,66.06,2.8863,8.2375
46,75.28,1.565,4.66,1526.4,54.72,11389,19,9,0,71.92,1.8045,16.1545
38,56.35,2.48,5.33,1511.4,45.41,28525,81,13,0,69.94,2.3577,10.5722
30,64.13,1.885,4.35,1465.3,57.03,30819,90,2,0,69.27,2.1602,14.7425
41,48.89,3.14,6.63,1143.5,78.08,16900,22,7,0,66.32,1.0972,7.3741
36,75.67,1.451,4.07,1439.2,44.28,32696,32,13,0,68.8,1.0433,18.5921
4,72.53,2.274,4.78,1245.1,64.18,31776,45,1,0,66.26,1.6573,15.1736
32,63.74,2.64,5.63,1497.5,72.11,25826,56,0,0,70.34,6.2324,11.3215
39,89.22,4.207,3.49,1013.3,51.11,34238,15,13,1,69.76,2.6576,25.5645
14,61.44,3.46,5.56,1972.0,83.03,32847,41,2,0,69.94,1.6707,11.0504
35,77.86,2.421,5.45,1221.1,61.21,8393,57,10,0,71.45,1.4933,14.2862
6,62.77,1.484,7.12,1195.7,48.77,28690,71,2,0,71.45,2.9664,8.816
19,58.32,1.071,5.9,1466.3,43.4,33935,75,12,0,69.73,1.5587,9.8847
46,47.81,1.216,5.27,1364.0,26.23,11477,19,9,0,71.13,1.8304,9.0721
26,102.32,9.124,3.11,1946.2,93.82,12060,95,13,1,70.11,1.7164,32.9003
28,66.57,1.115,6.31,1195.2,78.5,47618,40,2,0,70.53,1.4225,10.5499
22,69.58,2.376,5.21,1457.5,67.5,25294,35,6,0,71.03,1.6188,13.3551
12,78.93,1.99,5.42,1634.0,59.91,32549,111,6,0,72.45,1.4344,14.5627
17,70.42,1.013,7.18,1722.2,55.57,48947,49,0,0,68.72,1.4975,9.8078
15,63.68,0.721,5.36,1398.0,45.8,12570,110,16,0,68.74,1.5597,11.8806
46,69.92,4.544,5.99,1286.2,66.68,11294,19,9,0,70.81,1.828,11.6728
14,66.36,1.187,5.15,1570.0,56.46,33043,41,2,0,69.68,1.6734,12.8854
33,75.92,1.138,6.16,1266.5,31.93,17640,109,0,0,68.34,1.1172,12.3247
25,67.82,0.519,6.95,1254.1,65.51,9107,25,2,0,68.8,2.4752,9.7583
21,72.16,1.694,5.12,1350.7,47.01,41593,7,11,0,72.87,1.9726,14.0937
2,82.95,4.174,5.93,1578.4,31.28,6614,88,17,0,69.79,1.2506,13.9882
2,66.98,1.059,5.41,1726.1,53.37,6749,88,17,0,70.2,1.2737,12.3808
13,51.31,1.366,5.31,1139.6,72.45,47019,72,9,0,65.47,2.8838,9.6629
31,74.28,1.398,4.97,1748.3,60.82,8427,56,3,0,70.56,3.4835,14.9457
36,72.08,2.892,5.38,1303.4,49.78,32338,32,13,0,69.32,1.0516,13.3978
19,69.57,4.39,5.4,1819.5,61.04,34237,75,12,0,70.4,1.5555,12.8833
40,76.23,2.325,5.83,1283.0,65.66,39307,23,8,0,71.16,1.3766,13.0755
20,64.55,2.179,5.43,1430.4,65.93,24968,31,3,0,68.25,1.7155,11.8877
21,63.87,1.013,5.12,1127.4,72.27,41503,7,11,0,72.73,2.0047,12.4746
18,72.24,1.171,4.94,1270.2,55.87,32942,65,18,0,75.53,2.3041,14.6235
25,76.6,4.811,6.08,1773.9,58.43,8881,25,2,0,69.49,2.5012,12.5987
18,68.51,14.352,4.37,1033.2,81.44,32847,65,18,0,75.31,3.2778,15.6773
26,70.52,2.446,5.56,1463.5,62.79,12003,95,13,0,70.0,1.7135,12.6835
20,57.64,2.172,5.42,1687.1,51.51,24986,31,3,0,67.8,1.7052,10.6347
27,53.95,2.79,5.42,1340.6,51.98,2322,52,16,0,66.65,1.058,9.9539
15,66.73,2.878,5.9,1699.8,54.14,12876,110,16,0,68.67,1.4882,11.3102
49,74.97,2.594,5.68,1317.4,50.74,35223,62,5,0,74.66,4.73,13.1989
24,77.89,4.605,5.67,1688.5,47.78,2192,86,13,0,68.46,1.2187,13.7372
41,71.68,2.193,5.13,1584.2,80.67,16953,22,7,0,66.56,1.1008,13.9727
15,80.24,6.874,5.17,1309.0,48.86,12703,110,16,0,68.84,1.2761,15.5203
38,70.74,3.922,6.05,1120.3,45.18,28252,81,13,0,70.22,2.3626,11.6926
14,102.03,6.117,4.67,1580.6,66.07,32755,41,2,1,70.94,1.7943,21.848
18,70.94,1.204,5.55,1366.6,27.36,33087,65,18,0,75.5,3.3081,12.782
37,55.5,3.195,6.64,1446.3,62.45,14362,91,13,0,67.88,1.0841,8.3584
33,57.2,3.025,5.39,1577.6,70.46,17584,109,0,0,67.86,1.1243,10.6122
44,74.86,5.642,3.98,1484.8,82.05,15446,41,3,1,65.67,1.3379,18.809
3,65.5,2.148,5.44,1447.1,72.62,50402,40,16,0,69.34,2.6298,12.0404
1,69.53,1.921,6.79,1461.0,46.0,2722,74,9,0,70.16,1.1628,10.2401
23,63.38,5.064,6.36,1437.5,38.33,6365,25,12,0,71.86,1.7301,9.9654
40,86.65,1.384,5.49,1804.1,65.63,39047,23,8,0,71.59,1.3936,15.7832
17,84.48,1.764,5.98,1661.1,64.67,49142,49,0,0,69.21,1.4979,14.1271
19,55.12,2.937,5.42,1385.8,54.0,33955,75,12,0,69.54,1.5541,10.1697
25,61.19,1.707,6.21,1193.9,47.6,8956,25,2,0,68.94,2.5095,9.8535
37,61.86,2.969,5.37,1487.9,71.74,14343,91,13,0,67.28,1.0921,11.5196
24,62.56,5.25,4.14,1274.1,61.15,2645,86,13,0,67.89,1.3327,15.1111
2,95.26,6.509,4.2,1440.8,58.84,6775,88,17,1,71.36,1.5272,22.681
21,71.61,2.486,3.97,1543.6,42.74,41424,7,11,0,72.72,1.9924,18.0378
27,60.27,1.591,4.55,1145.7,56.25,2009,52,16,0,66.86,1.0657,13.2462
10,77.9,4.035,5.03,1069.0,65.23,31001,81,9,0,71.39,2.8032,15.4871
22,63.26,1.218,6.75,1401.4,50.3,25250,35,6,0,70.88,1.6364,9.3719
43,53.53,3.559,3.69,1555.8,42.5,22106,106,18,0,68.08,1.2492,14.5068
11,71.75,5.683,3.0,1292.2,95.22,39843,84,14,1,68.07,3.0781,23.9167
1,66.6,1.212,5.34,1425.0,44.59,2484,74,9,0,70.06,1.1738,12.4719
13,78.5,0.477,6.18,1592.7,50.67,46928,72,9,0,65.87,2.9364,12.7023
5,71.94,1.171,5.56,1394.1,43.56,31280,49,5,0,70.74,5.0031,12.9388
43,61.97,3.341,4.99,1118.1,57.5,22069,106,18,0,67.73,1.2341,12.4188
45,69.8,1.261,5.95,1299.3,47.49,1262,30,11,0,66.72,1.0326,11.7311
42,51.51,4.333,5.77,1463.5,43.67,5901,63,17,0,69.42,1.2406,8.9272
45,91.22,16.573,4.48,1347.8,82.83,1299,30,11,1,68.06,2.9997,20.3616
49,71.33,3.684,5.53,1225.2,62.29,34924,62,5,0,74.89,4.7247,12.8987
9,66.74,1.632,4.57,1400.9,55.43,28678,28,7,0,67.94,3.3825,14.6039
8,78.47,4.519,5.53,1823.5,51.05,39511,98,4,0,71.83,2.352,14.1899
8,70.22,4.897,5.25,1281.7,48.24,39621,98,4,0,71.93,2.3656,13.3752
44,59.04,4.458,5.31,1389.1,52.31,15205,41,3,0,65.45,1.389,11.1186
43,66.21,1.001,5.43,1952.2,50.3,22133,106,18,0,67.42,1.265,12.1934
7,73.5,1.252,5.2,1889.4,64.67,2965,118,6,0,71.63,3.3694,14.1346
43,60.16,1.355,5.0,1579.4,41.03,22158,106,18,0,66.98,1.2825,12.032
13,64.08,2.769,4.79,1410.0,50.11,47057,72,9,0,65.65,2.9285,13.3779
49,73.37,1.942,4.36,1514.1,50.14,35089,62,5,0,75.2,4.7274,16.828
25,64.22,2.676,6.81,1212.8,49.86,8915,25,2,0,69.3,2.3728,9.4302
13,73.36,1.733,5.97,1604.9,67.1,47087,72,9,0,65.85,2.9319,12.2881
34,73.17,0.985,5.09,1740.6,51.36,36746,12,19,0,69.72,1.2805,14.3752
32,84.18,2.345,5.97,1413.5,71.65,25973,56,0,0,71.1,6.179,14.1005
26,61.34,4.168,4.73,1647.1,64.92,11838,95,13,0,69.62,1.7177,12.9683
25,76.44,1.192,3.73,1406.6,41.31,9169,25,2,0,69.29,2.3874,20.4933
4,69.24,1.483,6.44,1440.3,72.57,31743,45,1,0,66.65,1.6723,10.7516
42,75.48,5.531,6.37,1558.7,88.17,5832,63,17,0,70.51,1.219,11.8493
43,62.83,2.519,5.6,1528.1,57.38,22372,106,18,0,66.52,1.2478,11.2196
44,76.84,1.582,6.37,1387.7,74.36,15529,41,3,0,66.01,1.3948,12.0628
37,59.97,2.77,6.66,1689.3,43.54,14390,91,13,0,66.88,1.0885,9.0045
1,58.83,2.359,5.81,1433.0,62.32,2403,74,9,0,69.85,1.1502,10.1256
26,70.97,1.14,6.31,1353.3,45.73,12160,95,13,0,70.13,1.7029,11.2472
40,50.18,2.457,7.48,1319.9,62.49,39191,23,8,0,70.92,1.3476,6.7086
30,67.97,2.139,4.67,971.0,78.76,31002,90,2,0,69.32,2.1401,14.5546
26,67.07,2.546,6.18,1408.1,70.7,11873,95,13,0,70.08,1.6694,10.8528
1,58.74,1.991,6.39,1425.3,38.8,2474,74,9,0,69.06,1.1504,9.1925
31,57.5,5.976,4.93,1399.0,46.12,8333,56,3,0,70.04,3.4863,11.6633
36,83.64,2.592,6.66,1527.3,47.21,32541,32,13,0,70.11,1.0537,12.5586
35,85.66,6.27,5.02,1487.0,40.11,8258,57,10,0,72.33,1.6108,17.0637
32,73.35,5.418,6.47,1284.9,49.99,26208,56,0,0,70.92,6.15,11.3369
16,70.83,2.116,3.42,1464.2,49.9,3090,83,12,0,69.76,1.0077,20.7105
15,55.62,3.109,6.27,1716.8,40.93,12917,110,16,0,68.38,1.2793,8.8708
1,69.99,0.557,5.93,1094.2,44.42,2439,74,9,0,69.16,1.1737,11.8027
44,76.33,3.971,4.74,1384.4,64.4,15255,41,3,0,66.56,1.4086,16.1034
27,53.25,1.816,4.2,1478.3,67.57,2112,52,16,0,66.48,1.0466,12.6786
50,74.59,2.487,4.34,1176.9,66.28,22385,21,3,0,73.99,4.0326,17.1866
11,84.8,1.618,7.31,1159.6,71.79,39912,84,14,0,69.21,3.0561,11.6005
28,63.01,1.448,4.68,1526.7,61.34,47798,40,2,0,70.19,1.4003,13.4637
6,72.54,6.291,5.44,1342.8,65.64,28661,71,2,0,71.79,2.9919,13.3346
16,62.43,8.866,6.24,1484.2,63.0,3324,83,12,0,69.44,1.6447,10.0048
11,79.01,1.95,5.27,1535.6,34.71,39913,84,14,0,69.55,3.0628,14.9924
6,69.54,3.188,6.47,1441.2,73.38,28692,71,2,0,72.31,2.9911,10.7481
19,69.36,1.299,5.72,1465.4,57.26,34279,75,12,0,70.18,1.5454,12.1259
39,67.35,6.15,5.86,1461.9,45.99,34294,15,13,0,69.58,2.6888,11.4932
48,94.17,9.131,3.4,1651.1,116.82,29914,115,7,1,68.34,1.9448,27.6971
29,64.36,3.114,4.62,1216.7,48.46,36696,18,13,0,70.58,5.7407,13.9307
12,76.89,2.05,5.09,1090.1,43.24,32494,111,6,0,72.49,1.4356,15.1061
33,68.4,2.343,5.18,1685.1,30.22,17461,109,0,0,67.58,1.123,13.2046
30,61.7,2.016,5.4,1357.6,50.43,30736,90,2,0,69.28,2.1125,11.4259
34,79.31,1.608,3.93,1758.6,62.86,36949,12,19,0,70.07,1.2815,20.1807
50,65.97,1.24,4.37,1002.7,67.61,22245,21,3,0,72.33,3.9123,15.0961
7,102.88,6.312,2.97,1700.3,92.66,2666,118,6,1,72.93,3.409,34.6397
33,75.21,1.224,4.58,1486.3,68.85,17705,109,0,0,67.5,1.1085,16.4214
42,70.77,2.922,5.41,1308.0,63.7,5767,63,17,0,70.35,1.2275,13.0813
10,70.25,1.845,5.37,1588.3,53.11,31262,81,9,0,71.37,2.8095,13.0819
12,91.67,4.082,3.32,1045.7,97.44,32214,111,6,1,73.27,1.4458,27.6114
34,62.98,3.39,4.88,1198.4,75.51,36729,12,19,0,69.81,1.2479,12.9057
3,68.99,2.419,5.23,1471.9,34.72,50056,40,16,0,69.76,2.6334,13.1912
26,78.37,3.641,6.55,1374.6,54.91,12000,95,13,0,69.97,1.6757,11.9649
7,81.27,3.233,6.48,1181.4,54.12,2644,118,6,0,73.47,3.4041,12.5417
12,70.11,1.196,4.54,1857.1,71.13,32457,111,6,0,73.44,1.4807,15.4427
45,94.02,2.486,2.5,1359.3,95.16,919,30,11,1,69.51,3.0001,37.608
12,65.42,1.715,6.72,1456.8,46.75,32375,111,6,0,73.14,1.4738,9.7351
16,76.62,2.023,5.91,1642.7,54.65,3013,83,12,0,70.24,1.6425,12.9645
41,80.64,2.518,4.51,1340.7,50.66,16898,22,7,0,67.3,1.1012,17.8803
18,62.23,1.213,5.84,1368.5,56.18,32945,65,18,0,75.03,3.3234,10.6558
44,61.99,4.247,6.51,1242.7,53.84,15305,41,3,0,66.46,1.4354,9.5223
44,88.29,4.558,3.19,1382.5,83.93,15509,41,3,1,67.35,1.4668,27.6771
13,82.63,3.254,3.85,1806.6,71.42,46917,72,9,1,67.07,2.9216,21.4623
47,61.17,2.538,4.05,1215.6,48.48,18037,55,7,0,64.69,1.0746,15.1037
41,76.22,1.9,6.54,1590.7,64.27,16916,22,7,0,67.82,1.1121,11.6544
43,69.98,3.293,4.67,1537.4,58.12,22031,106,18,0,66.13,1.2525,14.985
25,65.93,2.048,4.28,1879.7,53.27,9120,25,2,0,69.18,2.391,15.4042
15,57.35,3.506,5.74,1464.8,63.99,12687,110,16,0,68.16,1.2988,9.9913
46,73.43,2.775,5.72,1064.9,73.22,11114,19,9,0,71.0,1.8118,12.8374
42,60.03,1.669,5.04,1037.1,49.61,5925,63,17,0,70.4,1.2319,11.9107
26,62.94,2.643,4.38,1520.0,65.56,11951,95,13,0,69.47,1.6249,14.3699
27,68.42,1.825,6.07,1758.4,46.11,2386,52,16,0,66.78,1.0497,11.2718
26,54.81,3.049,4.88,1350.3,55.66,11916,95,13,0,69.49,1.6225,11.2316
47,87.48,17.543,5.4,1449.8,96.54,18018,55,7,1,66.18,3.28,16.2
22,76.95,3.694,5.38,1390.6,73.82,25174,35,6,0,71.31,1.6466,14.303
35,64.43,4.338,3.76,1428.7,38.84,8137,57,10,0,71.71,1.6139,17.1356
32,71.04,2.439,4.64,1332.7,70.64,25933,56,0,0,71.46,6.1505,15.3103
14,84.05,1.751,5.79,1424.9,43.69,33044,41,2,0,71.72,1.812,14.5164
11,88.47,6.345,4.61,1179.8,105.76,39792,84,14,1,70.42,3.0917,19.1909
23,88.79,4.5,2.92,1521.6,81.29,6308,25,12,1,72.17,1.6654,30.4075
28,69.95,1.516,5.13,1356.1,65.75,47892,40,2,0,70.79,1.3901,13.6355
2,57.11,2.028,4.49,1533.2,32.36,6888,88,17,0,70.93,1.5278,12.7194
25,69.0,1.977,4.94,1426.7,60.75,8851,25,2,0,69.14,2.3942,13.9676
3,69.91,2.336,6.1,1006.4,53.25,50376,40,16,0,69.78,2.6375,11.4607
37,62.71,1.944,5.4,1498.0,51.01,14365,91,13,0,64.8,1.0484,11.613
32,62.13,2.496,5.6,1337.3,52.51,25828,56,0,0,69.59,6.1703,11.0946
3,57.72,2.202,5.06,1515.2,60.45,50285,40,16,0,69.11,2.6238,11.4071
43,77.15,1.166,4.11,1152.4,43.6,22106,106,18,0,66.79,1.2475,18.7713
37,65.29,2.514,5.44,1684.5,66.67,14378,91,13,0,64.8,1.0445,12.0018
15,76.07,1.548,6.4,1461.1,64.92,12755,110,16,0,68.69,1.307,11.8859
46,66.41,1.736,6.02,1288.5,60.52,11351,19,9,0,71.13,1.8205,11.0316
10,72.07,2.684,4.56,1627.7,64.75,31034,81,9,0,71.51,2.8093,15.8048
25,64.88,1.86,5.23,1556.4,58.24,8716,25,2,0,69.59,2.3953,12.4054
20,66.93,1.539,7.02,1246.4,64.41,24983,31,3,0,67.92,1.7155,9.5342
13,62.83,1.38,6.54,1446.0,64.61,46866,72,9,0,67.39,2.9404,9.607
15,69.82,1.578,5.96,1752.2,60.89,12986,110,16,0,69.24,1.3112,11.7148
29,74.42,4.804,5.03,1759.3,54.18,36706,18,13,0,70.8,5.7086,14.7952
2,63.91,5.851,5.05,1257.7,45.7,6593,88,17,0,71.05,1.6569,12.6554
3,75.54,1.235,5.39,1066.6,54.9,50193,40,16,0,69.3,2.6509,14.0148
16,71.09,2.886,4.7,1332.2,47.31,3003,83,12,0,70.57,1.6416,15.1255
37,57.14,2.067,5.48,1474.2,30.65,14770,91,13,0,64.16,0.8476,10.427
12,68.39,2.865,4.64,1269.3,62.64,32545,111,6,0,72.52,1.4676,14.7392
29,63.63,1.695,6.01,923.3,49.35,37101,18,13,0,70.74,5.7263,10.5874
11,87.21,2.325,6.1,1337.4,60.76,39658,84,14,0,71.33,3.0795,14.2967
48,62.37,1.904,4.01,1254.7,41.66,29657,115,7,0,67.08,1.704,15.5536
2,69.54,2.553,4.68,1612.0,33.54,6948,88,17,0,71.07,1.631,14.859
8,63.27,2.14,5.03,1543.3,72.65,39678,98,4,0,71.67,2.3639,12.5785
20,62.64,2.435,4.08,1656.2,36.12,24703,31,3,0,67.5,1.7153,15.3529
26,71.48,2.056,6.13,1592.6,42.97,12058,95,13,0,69.88,1.6101,11.6607
29,71.16,1.363,5.87,1534.8,36.02,36662,18,13,0,71.54,5.7502,12.1227
1,78.49,0.926,7.0,1607.3,71.07,2634,74,9,0,68.23,0.9629,11.2129
5,85.92,5.272,5.92,1507.5,56.63,31513,49,5,0,71.7,5.0037,14.5135
44,79.62,1.164,6.14,1250.4,60.54,15531,41,3,0,67.51,1.4964,12.9674
45,68.85,2.661,5.66,1727.3,61.73,1055,30,11,0,69.21,3.0022,12.1643
35,75.31,3.068,5.3,1530.2,53.75,8244,57,10,0,71.59,1.6134,14.2094
21,60.07,1.319,4.07,1575.2,58.87,41525,7,11,0,72.32,1.9846,14.7592
4,48.19,1.723,7.39,1666.5,73.64,31670,45,1,0,66.14,1.683,6.521
1,78.6,1.962,7.04,1341.9,44.85,2424,74,9,0,68.88,0.9176,11.1648
25,54.65,1.975,4.47,1063.1,56.27,8908,25,2,0,68.6,2.3896,12.226
6,55.92,0.812,5.3,1444.9,62.8,28504,71,2,0,71.83,3.0261,10.5509
30,70.95,1.709,5.8,1250.9,68.29,30734,90,2,0,69.39,2.1227,12.2328
8,72.38,2.414,5.11,1331.9,43.72,39627,98,4,0,71.53,2.3659,14.1644
30,74.77,3.786,5.34,1534.3,51.37,30832,90,2,0,69.22,2.1126,14.0019
38,64.11,2.454,4.83,1532.5,79.41,28140,81,13,0,69.05,1.2782,13.2733
28,71.16,1.938,5.94,1464.2,43.69,47837,40,2,0,70.82,1.3885,11.9798
40,81.98,7.468,4.54,1416.5,59.55,38986,23,8,0,71.5,1.6543,18.0573
2,72.79,1.786,4.23,1509.5,56.81,6658,88,17,0,71.72,1.4763,17.208
19,73.99,1.027,4.72,1798.8,50.62,34023,75,12,0,70.54,1.5651,15.6758
33,69.39,6.028,5.42,1336.3,52.77,17695,109,0,0,67.88,1.3412,12.8026
31,59.68,1.279,6.86,1450.1,65.06,8565,56,3,0,70.18,3.4858,8.6997
36,68.91,1.449,5.19,1791.2,78.19,32447,32,13,0,71.42,1.0408,13.2775
4,61.25,1.03,4.59,1402.9,52.98,31605,45,1,0,66.17,1.7231,13.3442
49,57.54,5.785,4.32,1796.8,54.61,34839,62,5,0,74.56,4.7333,13.3194
36,75.03,2.109,6.42,1402.6,42.1,32258,32,13,0,71.62,1.0139,11.6869
46,68.78,1.746,5.82,1315.3,35.22,11149,19,9,0,71.41,1.8128,11.8179
28,86.1,4.409,3.79,1779.2,104.66,47683,40,2,1,71.23,1.4466,22.7177
4,77.42,0.88,4.55,1859.1,39.32,31511,45,1,0,67.03,1.7286,17.0154
40,80.52,2.331,6.88,1376.8,35.26,39434,23,8,0,71.39,1.6456,11.7035
45,73.11,3.304,4.54,1365.1,53.99,997,30,11,0,69.43,2.9922,16.1035
26,74.38,4.945,6.29,1714.6,44.46,11946,95,13,0,69.87,1.6308,11.8251
39,75.51,2.248,5.19,1523.0,36.53,34124,15,13,0,70.58,2.6733,14.5491
21,86.93,1.834,3.6,1316.2,102.29,41252,7,11,1,72.85,1.9911,24.1472
43,65.03,2.283,5.32,1556.2,56.79,22422,106,18,0,66.11,1.2452,12.2237
30,73.44,2.603,5.63,1283.4,67.03,30668,90,2,0,69.84,2.0682,13.0444
8,68.3,3.631,5.82,1293.8,48.1,39882,98,4,0,71.7,2.3304,11.7354
46,64.9,6.587,6.25,1470.2,67.88,11438,19,9,0,71.02,1.9843,10.384
20,75.64,0.918,6.08,1466.0,73.34,24838,31,3,0,68.01,1.7436,12.4408
9,68.1,0.994,5.25,1406.2,50.45,28649,28,7,0,67.13,3.4148,12.9714
23,66.1,1.826,5.29,1583.4,33.89,6296,25,12,0,72.23,1.6432,12.4953
2,65.17,2.27,6.94,1248.4,65.22,6841,88,17,0,71.56,1.4704,9.3905
11,61.15,2.508,5.22,1641.5,42.84,39573,84,14,0,71.61,3.0854,11.7146
35,59.96,6.117,5.82,1587.5,58.43,8171,57,10,0,71.9,1.7146,10.3024
41,70.88,1.431,5.24,1455.0,60.22,16663,22,7,0,67.52,1.1069,13.5267
35,72.46,6.153,5.5,1315.6,54.55,8425,57,10,0,72.32,1.7674,13.1745
38,65.15,1.257,5.65,1593.7,62.49,28512,81,13,0,69.14,1.307,11.531
10,79.7,2.39,6.24,1196.3,57.64,31227,81,9,0,71.9,2.8045,12.7724
2,64.59,5.116,5.99,1477.3,32.64,6718,88,17,0,70.95,1.5341,10.783
30,67.34,3.205,4.43,1775.7,42.7,30654,90,2,0,70.08,2.0604,15.2009
34,61.91,1.383,3.81,1685.3,72.88,36718,12,19,0,68.76,1.116,16.2493
34,68.08,2.061,5.53,1476.9,75.61,36854,12,19,0,68.77,1.1187,12.311
47,71.86,1.723,7.05,1424.0,65.32,17984,55,7,0,66.46,3.2888,10.1929
35,83.69,3.038,4.5,1698.6,67.64,8052,57,10,0,72.6,1.7693,18.5978
20,79.84,2.538,5.28,1475.3,53.87,24631,31,3,0,68.46,1.739,15.1212
44,64.21,5.246,5.83,1615.5,48.06,15433,41,3,0,67.3,1.5756,11.0137
32,81.24,2.726,4.37,1679.5,61.59,26011,56,0,0,70.29,6.1403,18.5904
33,72.47,2.166,6.85,1417.4,63.57,17652,109,0,0,68.43,1.2107,10.5796
36,73.12,2.735,5.63,1783.5,61.08,32391,32,13,0,71.87,1.0175,12.9876
42,82.0,7.107,2.92,1249.0,100.29,5957,63,17,1,70.82,1.576,28.0822
22,64.68,4.953,6.39,1844.5,50.93,25228,35,6,0,70.92,1.712,10.1221
39,60.66,1.637,6.09,1658.9,71.91,34424,15,13,0,70.51,2.699,9.9606
16,81.08,2.448,6.42,1946.2,56.99,3365,83,12,0,71.23,1.6319,12.6293
29,44.85,1.573,6.04,1392.2,73.7,37052,18,13,0,69.94,5.7684,7.4255
8,52.15,2.11,4.47,1482.4,43.39,39644,98,4,0,71.03,2.3256,11.6667
39,57.51,3.56,4.29,1405.0,62.43,34397,15,13,0,70.29,2.6695,13.4056
8,80.1,2.148,4.68,1428.6,45.46,39681,98,4,0,71.83,2.3013,17.1154
11,69.87,1.963,5.95,1368.9,49.3,39673,84,14,0,71.86,3.0833,11.7429
34,64.93,1.129,5.88,1630.4,57.47,37119,12,19,0,68.99,1.1431,11.0425
24,73.14,3.618,5.58,1264.5,60.93,2575,86,13,0,67.64,1.2847,13.1075
29,77.5,2.468,5.0,1571.0,61.06,37126,18,13,0,70.35,5.7597,15.5
28,67.43,2.296,4.39,1425.2,63.78,47885,40,2,0,71.45,1.4418,15.3599
43,69.93,3.728,6.54,1502.8,72.93,22268,106,18,0,66.18,1.2516,10.6927
5,79.32,2.767,4.73,1421.2,50.93,31314,49,5,0,72.68,4.9933,16.7696
46,50.26,0.632,5.88,1284.9,56.94,11405,19,9,0,70.39,2.0032,8.5476
49,60.0,3.092,4.56,1363.1,62.57,35019,62,5,0,73.84,4.73,13.1579
47,110.05,2.175,2.92,1649.8,85.45,18120,55,7,1,68.2,3.279,37.6884
7,69.61,0.94,4.9,1562.3,53.74,2629,118,6,0,73.31,3.4354,14.2061
26,50.09,1.203,5.14,1623.1,50.02,11762,95,13,0,69.39,1.6716,9.7451
14,76.69,2.871,5.6,1622.6,62.63,33182,41,2,0,72.0,1.8001,13.6946
33,63.11,2.97,3.93,1335.3,72.96,17536,109,0,0,68.46,1.2105,16.0585
49,53.42,1.79,6.45,1255.4,74.85,34918,62,5,0,72.66,4.7125,8.2822
13,71.11,1.015,5.69,1596.7,47.11,47138,72,9,0,68.22,2.9733,12.4974
39,62.73,1.867,5.03,1561.6,49.6,34309,15,13,0,69.75,2.6863,12.4712
47,72.26,5.091,5.31,1408.2,57.61,17725,55,7,0,68.33,3.3096,13.6083
5,60.81,0.884,4.06,1247.4,59.84,31272,49,5,0,71.75,5.0539,14.9778
50,59.6,1.323,5.0,1480.8,47.49,22271,21,3,0,71.82,3.9231,11.92
18,69.0,0.988,6.07,1316.5,42.01,32796,65,18,0,73.59,3.2559,11.3674
17,57.9,3.345,6.11,1716.0,67.87,48730,49,0,0,68.61,1.4764,9.4763
26,70.93,2.56,5.53,1238.7,76.93,11893,95,13,0,69.83,1.6592,12.8264
34,78.79,3.944,6.94,1374.9,67.11,36812,12,19,0,69.59,1.1789,11.353
41,69.99,4.01,5.75,1411.2,59.38,17021,22,7,0,67.35,1.1294,12.1722
18,73.81,3.897,5.45,2074.2,45.61,32913,65,18,0,73.65,3.2594,13.5431
2,62.14,4.85,5.42,1213.5,27.56,7038,88,17,0,70.72,1.5954,11.4649
34,78.58,1.121,5.35,1283.9,59.24,37208,12,19,0,70.32,1.2079,14.6879
45,74.27,3.132,4.59,1515.2,74.53,1114,30,11,0,69.23,2.9512,16.1808
26,73.41,1.307,6.49,1284.7,48.46,11878,95,13,0,69.74,1.6897,11.3112
19,65.18,2.704,7.18,1753.9,56.37,33992,75,12,0,70.38,1.5345,9.078
13,60.96,1.209,3.89,1322.2,39.6,46768,72,9,0,67.83,2.977,15.671
35,75.7,2.085,4.51,1329.5,62.36,8432,57,10,0,72.46,1.7233,16.7849
2,68.06,0.755,6.42,1612.7,48.61,7007,88,17,0,71.04,1.6054,10.6012
9,60.97,7.887,6.37,1217.4,78.32,28693,28,7,0,66.58,3.4587,9.5714
32,59.62,1.56,4.28,1084.0,67.67,26186,56,0,0,69.5,6.1466,13.9299
32,77.11,1.695,6.03,1182.9,53.1,26321,56,0,0,69.94,6.1594,12.7877
35,78.06,1.531,6.06,1584.9,44.13,8504,57,10,0,73.08,1.734,12.8812
2,65.69,1.07,5.33,1669.5,37.89,6951,88,17,0,70.64,1.5983,12.3246
44,109.77,9.76,1.6,2238.1,93.81,15320,41,3,1,69.13,2.0702,68.6062
32,75.91,1.314,5.96,1793.9,43.27,26236,56,0,0,70.68,6.1563,12.7366
49,64.75,1.555,6.88,1270.8,55.39,34891,62,5,0,72.78,4.7102,9.4113
18,72.18,2.318,6.54,1370.8,60.08,33099,65,18,0,74.01,3.26,11.0367
37,112.72,4.311,3.75,1497.8,83.22,14337,91,13,1,66.65,0.8983,30.0587
34,61.9,1.317,5.08,1222.8,60.48,36960,12,19,0,70.51,1.2238,12.185
26,69.51,3.453,4.52,1254.1,71.01,12043,95,13,0,69.85,1.6696,15.3783
42,64.92,1.705,5.58,1478.0,60.0,5905,63,17,0,71.18,1.583,11.6344
43,75.51,4.84,6.36,1652.3,49.92,22266,106,18,0,66.59,1.1798,11.8726
35,72.26,2.229,5.69,1754.8,69.07,8356,57,10,0,73.8,1.7209,12.6995
8,65.65,1.593,5.02,1707.9,57.02,39788,98,4,0,71.59,2.3107,13.0777
19,59.4,1.525,5.95,1530.0,38.78,34228,75,12,0,70.26,1.5213,9.9832
44,70.4,1.431,5.38,1681.3,67.34,15289,41,3,0,69.65,2.1026,13.0855
17,62.93,3.134,4.17,1502.5,71.18,48752,49,0,0,67.29,1.1677,15.0911
49,62.92,3.058,4.0,1481.4,46.93,35095,62,5,0,72.09,4.6711,15.73
49,78.74,1.687,5.76,1509.8,39.09,34887,62,5,0,72.15,4.6861,13.6701
42,83.21,1.819,4.83,1581.0,23.39,5693,63,17,0,71.78,1.5662,17.2277
25,64.39,2.232,5.72,1375.9,52.23,8954,25,2,0,67.56,1.0084,11.257
5,65.37,1.721,6.81,1747.6,55.74,31237,49,5,0,72.1,5.0854,9.5991
14,60.18,1.378,5.66,1548.1,69.56,33202,41,2,0,71.58,1.8021,10.6325
6,65.02,2.188,5.94,1540.5,65.02,28737,71,2,0,71.57,2.9914,10.9461
10,104.3,4.188,3.54,2119.4,70.8,31208,81,9,1,73.39,2.8083,29.4633
4,75.5,3.738,6.08,1804.0,56.16,31879,45,1,0,67.56,1.7262,12.4178
16,70.87,2.699,5.83,1376.3,40.26,3439,83,12,0,69.64,1.5835,12.1561
12,50.24,1.217,5.8,1510.4,43.12,32265,111,6,0,71.52,1.4849,8.6621
44,61.85,4.395,5.89,1464.1,44.87,15486,41,3,0,69.9,2.0837,10.5008
45,59.27,3.725,5.74,1228.4,63.63,1183,30,11,0,69.24,2.9458,10.3258
18,61.29,1.924,5.17,1198.4,59.33,32770,65,18,0,73.72,3.2457,11.8549
46,70.0,2.225,5.91,1292.5,51.61,11334,19,9,0,70.18,1.9979,11.8443
36,69.52,7.528,6.33,1714.2,45.52,32485,32,13,0,71.67,1.47,10.9826
45,68.91,1.307,4.78,1617.0,43.84,1337,30,11,0,69.66,2.9518,14.4163
44,73.98,2.392,5.12,1566.0,44.54,15357,41,3,0,70.02,2.0893,14.4492
28,79.03,2.423,5.51,1284.1,60.33,47809,40,2,0,72.13,1.4408,14.343
34,67.83,0.674,6.14,1707.8,61.16,36859,12,19,0,70.93,1.2635,11.0472
12,72.16,2.632,4.8,1719.5,60.73,32629,111,6,0,71.95,1.4483,15.0333
4,60.43,2.054,5.15,1290.8,55.51,31676,45,1,0,67.04,1.7073,11.734
20,80.05,1.253,5.66,1658.2,83.23,24716,31,3,0,68.5,1.7503,14.1431
21,81.6,1.08,4.84,945.0,57.03,41545,7,11,0,73.67,2.0188,16.8595
15,63.66,3.877,6.94,1808.7,59.72,12534,110,16,0,69.29,1.3402,9.1729
42,57.06,1.975,5.7,1182.3,52.58,5880,63,17,0,71.7,1.5502,10.0105
50,55.41,4.043,6.59,1482.7,65.45,22256,21,3,0,71.44,3.9026,8.4082
39,78.22,3.491,5.85,1360.4,68.08,34207,15,13,0,70.87,2.6458,13.3709
4,75.96,1.678,4.75,1121.3,58.56,31611,45,1,0,67.08,1.7212,15.9916
26,66.07,2.218,6.61,1328.6,67.3,12209,95,13,0,69.84,1.6631,9.9955
22,69.1,4.528,5.19,1319.3,51.18,24987,35,6,0,70.78,1.2171,13.3141
2,64.96,3.721,4.67,1530.5,51.78,7005,88,17,0,70.78,1.5723,13.9101
6,72.4,3.243,5.54,1182.4,57.03,28308,71,2,0,71.31,2.9738,13.0686
41,76.6,4.294,5.54,1511.8,41.27,16952,22,7,0,67.45,1.1755,13.8267
21,67.19,2.002,5.57,1446.9,66.05,41184,7,11,0,73.48,2.0142,12.0628
48,64.95,2.698,4.42,1090.8,43.94,29903,115,7,0,66.49,1.679,14.6946
11,70.37,1.416,5.79,1319.3,48.5,39884,84,14,0,72.01,3.108,12.1537
44,81.37,3.19,6.55,1431.1,64.54,15650,41,3,0,71.12,2.0637,12.4229
15,62.53,3.292,6.2,1325.1,58.45,12552,110,16,0,69.38,1.347,10.0855
2,66.63,2.687,5.25,1363.2,52.86,6577,88,17,0,70.7,1.558,12.6914
33,50.97,2.901,4.4,1162.7,41.77,17734,109,0,0,67.6,1.2152,11.5841
3,68.62,5.883,5.39,1296.6,66.48,49980,40,16,0,68.62,2.6942,12.731
43,75.51,1.581,5.91,1234.3,47.74,22165,106,18,0,67.25,1.1956,12.7766
19,69.54,2.017,5.97,1472.6,46.68,34349,75,12,0,70.22,1.4987,11.6482
21,78.81,0.396,5.58,1473.7,52.54,41283,7,11,0,73.9,2.0666,14.1237
37,63.4,1.868,6.42,1696.2,71.96,14608,91,13,0,66.09,0.8887,9.8754
34,61.16,1.37,6.75,1039.0,65.59,36981,12,19,0,70.45,1.265,9.0607
18,63.99,1.933,5.77,1547.1,52.58,32735,65,18,0,73.41,3.2503,11.0901
8,56.09,4.631,5.55,1190.8,71.63,39932,98,4,0,71.27,2.3238,10.1063
7,62.3,1.605,8.05,1436.0,62.47,2778,118,6,0,73.26,3.4483,7.7391
34,77.41,1.81,6.5,1390.5,31.66,36948,12,19,0,70.69,1.2649,11.9092
48,72.83,1.661,4.71,1476.3,49.69,29690,115,7,0,67.01,1.6525,15.4628
36,72.55,3.857,5.91,1074.7,57.26,32502,32,13,0,71.89,1.4764,12.2758
22,68.75,3.327,5.35,1842.6,57.37,24984,35,6,0,70.94,1.224,12.8505
38,73.25,3.689,6.67,1534.6,71.29,28328,81,13,0,69.01,1.309,10.982
49,69.66,1.123,5.2,1658.0,64.36,35202,62,5,0,70.32,4.7325,13.3962
21,72.16,2.528,6.04,1705.3,44.09,41434,7,11,0,73.88,2.0566,11.947
46,65.8,2.03,5.31,1098.1,55.33,11500,19,9,0,70.1,1.9846,12.3917
20,105.48,8.658,5.76,1527.3,64.38,24621,31,3,1,69.06,2.1457,18.3125
47,75.1,2.614,4.93,1374.1,64.44,17687,55,7,0,68.83,3.3076,15.2333
3,96.01,5.712,2.66,1871.0,111.94,50147,40,16,1,69.12,2.7021,36.094
3,73.39,2.7,7.22,1260.3,52.09,50140,40,16,0,69.43,2.6979,10.1648
35,71.71,2.727,5.09,1510.2,45.55,8101,57,10,0,72.96,1.7178,14.0884
13,93.28,9.639,1.51,1551.9,103.41,46931,72,9,1,68.94,3.2528,61.7748
30,63.47,2.856,4.32,1449.8,47.98,30969,90,2,0,70.55,2.0116,14.6921
32,45.44,2.602,5.76,1424.7,56.43,25853,56,0,0,70.12,6.1701,7.8889
11,79.21,1.447,4.91,1628.0,73.1,39854,84,14,0,72.6,3.0739,16.1324
37,62.53,0.861,6.17,1158.9,68.37,14733,91,13,0,66.87,0.8883,10.1345
3,70.09,2.4,4.9,1246.7,53.42,50427,40,16,0,69.52,2.7011,14.3041
34,60.62,1.668,5.23,1493.5,60.33,37065,12,19,0,70.06,1.1838,11.5908
15,67.21,1.635,5.78,1552.1,70.32,12657,110,16,0,69.52,1.3519,11.628
38,81.9,1.671,5.86,1702.8,70.1,28292,81,13,0,69.42,1.249,13.9761
21,62.42,2.367,5.63,1260.9,43.93,41344,7,11,0,73.26,2.0427,11.087
20,66.88,1.722,5.32,1698.1,56.36,24626,31,3,0,68.74,2.1447,12.5714
29,77.01,2.739,6.09,1383.1,69.73,37034,18,13,0,70.9,5.7495,12.6453
38,77.55,1.82,3.92,1478.3,49.46,28539,81,13,0,69.61,1.2455,19.7832
26,64.28,2.633,6.14,1484.4,43.27,12151,95,13,0,69.7,1.6629,10.4691
16,64.73,1.796,5.77,1330.8,67.73,3348,83,12,0,69.19,1.5926,11.2184
49,96.04,10.259,3.57,1758.9,47.25,35194,62,5,1,71.62,4.8476,26.902
25,73.08,2.269,4.99,1444.1,64.51,8886,25,2,0,67.9,1.0084,14.6453
20,61.02,2.742,6.02,1414.1,46.37,24597,31,3,0,68.73,2.145,10.1362
2,64.99,4.608,6.49,1261.0,73.92,6717,88,17,0,70.99,1.5938,10.0139
36,75.34,2.514,5.69,1341.8,51.97,32489,32,13,0,72.14,1.4386,13.2408
41,47.0,2.758,4.27,1538.2,50.16,16963,22,7,0,66.74,1.144,11.007
43,58.2,2.332,5.91,1487.9,58.26,22192,106,18,0,66.66,1.196,9.8477
1,69.87,11.05,3.01,1336.4,83.33,2537,74,9,1,69.37,2.0776,23.2126
18,70.74,2.59,6.17,1627.6,31.43,33182,65,18,0,73.4,3.2384,11.4652
15,63.35,1.181,5.73,1733.8,59.95,12750,110,16,0,69.31,1.3713,11.0558
50,79.42,0.922,5.5,1769.1,50.02,22293,21,3,0,72.15,3.9287,14.44
14,76.59,1.28,5.95,1140.6,38.18,32775,41,2,0,72.12,1.8308,12.8723
19,67.32,2.786,5.91,1279.3,50.24,34123,75,12,0,69.72,1.4561,11.3909
21,60.94,1.438,5.55,1427.3,78.35,41514,7,11,0,72.84,1.9736,10.9802
49,77.73,3.587,4.19,1356.5,64.8,35306,62,5,0,71.36,4.7885,18.5513
1,63.4,0.826,6.68,1363.0,54.11,2491,74,9,0,68.96,2.0956,9.491
12,69.43,1.985,5.03,1376.9,50.78,32533,111,6,0,71.88,1.3984,13.8032
33,65.98,2.389,7.01,1149.3,45.66,17498,109,0,0,67.41,1.2147,9.4123
26,63.24,2.911,6.71,1556.6,50.27,11720,95,13,0,69.76,1.6401,9.4247
23,72.0,3.434,5.13,1316.9,59.54,6638,25,12,0,72.73,1.6144,14.0351
40,65.24,3.938,4.5,1449.6,33.51,39305,23,8,0,71.06,1.6578,14.4978
29,68.8,2.766,5.51,1327.3,23.58,36756,18,13,0,71.78,5.7345,12.4864
21,63.13,2.131,5.07,1499.1,38.25,41426,7,11,0,72.5,1.9675,12.4517
39,72.74,4.314,5.87,1853.5,56.62,34411,15,13,0,70.47,2.6291,12.3918
24,53.31,5.188,5.65,1434.8,63.19,2289,86,13,0,66.47,1.3725,9.4354
3,64.71,2.629,5.28,1482.9,67.22,49984,40,16,0,68.85,2.7036,12.2557
2,73.86,2.333,5.12,1738.7,70.49,6743,88,17,0,69.41,1.5956,14.4258
46,74.91,0.697,4.72,1442.3,61.08,11516,19,9,0,69.9,2.01,15.8708
31,61.14,2.048,6.98,1668.3,75.73,8383,56,3,0,70.31,3.4724,8.7593
50,68.49,2.4,5.81,1704.7,71.5,22226,21,3,0,71.91,3.9234,11.7883
14,58.52,1.949,4.85,1315.3,76.71,32986,41,2,0,71.05,1.4273,12.066
29,79.69,1.617,5.92,1334.7,36.53,37023,18,13,0,72.23,5.7307,13.4611
49,66.8,4.283,6.04,1209.7,55.66,35139,62,5,0,71.21,4.7736,11.0596
18,68.79,2.644,6.07,1652.4,68.47,32878,65,18,0,73.17,3.201,11.3328
22,64.6,1.811,5.45,1767.6,59.43,25193,35,6,0,71.1,1.2183,11.8532
36,68.37,5.861,6.95,1624.2,76.55,32558,32,13,0,72.21,1.5654,9.8374
20,55.67,1.501,5.04,1710.2,56.95,24585,31,3,0,67.92,2.139,11.0456
20,80.61,3.8,5.17,1099.4,57.98,24848,31,3,0,68.74,2.0533,15.5919
36,70.42,1.511,5.66,1610.7,48.78,32299,32,13,0,71.79,1.5681,12.4417
15,74.71,2.754,5.2,1422.0,60.19,12528,110,16,0,69.51,1.3663,14.3673
34,69.73,2.368,6.04,1539.2,58.77,36981,12,19,0,69.93,1.1822,11.5447
41,64.01,0.865,4.71,1531.5,40.2,16644,22,7,0,66.93,1.2085,13.5902
4,73.12,1.55,7.38,1407.3,75.77,31514,45,1,0,67.55,1.4308,9.9079
31,61.09,1.671,5.64,1821.9,57.1,8588,56,3,0,70.47,3.4696,10.8316
9,72.6,2.414,4.88,1943.2,56.0,28924,28,7,0,66.77,3.4218,14.877
25,66.11,4.941,6.05,1724.1,52.88,8711,25,2,0,68.12,1.151,10.9273
40,65.84,1.066,6.31,1352.2,45.73,39331,23,8,0,70.77,1.7004,10.4342
50,68.1,0.937,5.25,1261.6,48.15,22097,21,3,0,71.68,3.9359,12.9714
26,61.9,3.214,4.61,1437.2,39.15,12181,95,13,0,69.27,1.6362,13.4273
1,70.48,5.271,4.98,1373.2,42.69,2557,74,9,0,69.24,2.1833,14.1526
29,71.83,3.298,5.11,1452.8,51.09,36711,18,13,0,72.53,5.7277,14.0568
8,83.88,1.012,5.61,1805.8,59.78,39881,98,4,0,71.71,2.3476,14.9519
33,71.16,1.644,6.22,1591.5,37.13,17461,109,0,0,67.9,1.2116,11.4405
21,55.81,1.238,4.91,1703.2,44.96,41492,7,11,0,72.22,1.9827,11.3666
30,62.2,1.253,5.03,1502.5,74.62,30631,90,2,0,70.44,2.0433,12.3658
47,54.19,6.286,3.57,1390.0,34.7,17834,55,7,0,68.55,3.3613,15.1793
12,55.98,1.484,4.75,1281.9,64.86,32211,111,6,0,70.71,1.4136,11.7853
1,56.61,1.736,5.11,1515.4,50.57,2650,74,9,0,68.87,2.1853,11.0783
16,60.41,1.149,6.53,1591.1,48.14,3298,83,12,0,68.6,1.6179,9.2511
4,62.63,1.826,5.89,1307.7,58.25,31432,45,1,0,67.26,1.4124,10.6333
40,79.25,2.228,6.0,1159.8,57.96,39216,23,8,0,70.98,1.7056,13.2083
18,68.11,2.126,5.25,1512.2,43.34,33150,65,18,0,72.56,3.2037,12.9733
8,75.13,2.292,6.68,1563.0,78.2,39782,98,4,0,71.08,2.113,11.247
12,53.54,5.692,5.41,1222.9,50.94,32416,111,6,0,69.91,1.5065,9.8965
39,95.64,12.942,3.58,1518.9,55.52,34330,15,13,1,71.55,3.1954,26.7151
8,59.13,1.184,5.61,1569.6,52.73,39828,98,4,0,70.91,2.13,10.5401
33,77.78,1.31,5.69,1810.1,45.31,17811,109,0,0,68.41,1.1957,13.6696
13,59.18,1.717,5.22,1256.3,46.11,46834,72,9,0,68.89,3.2656,11.3372
14,68.33,6.147,7.05,1466.7,41.86,32859,41,2,0,71.21,1.5632,9.6922
42,69.64,1.464,3.71,1196.0,55.61,5585,63,17,0,71.84,1.5272,18.7709
31,68.2,3.696,6.24,1540.1,74.55,8251,56,3,0,70.74,3.4729,10.9295
42,72.89,0.919,5.36,1176.3,62.2,5527,63,17,0,72.09,1.5482,13.5989
16,55.95,1.001,4.74,1620.9,64.92,3171,83,12,0,68.53,1.6194,11.8038
11,54.22,2.282,5.23,1872.1,55.31,39742,84,14,0,71.74,3.0782,10.3671
35,82.3,2.169,5.89,1430.9,48.52,8413,57,10,0,73.86,1.7274,13.9728
16,68.88,3.307,5.91,1311.9,48.68,3394,83,12,0,68.73,1.6046,11.6548
37,64.33,4.134,6.69,1710.5,38.63,14382,91,13,0,66.08,0.9687,9.6158
24,71.26,1.478,5.14,1425.2,70.09,2541,86,13,0,66.8,1.3819,13.8638
3,55.86,3.021,5.9,1416.9,61.8,50261,40,16,0,68.76,2.6657,9.4678
28,63.9,2.921,4.92,1263.8,38.86,47829,40,2,0,71.93,1.3997,12.9878
17,56.92,1.157,5.22,1476.8,52.73,49170,49,0,0,66.88,1.2003,10.9042
33,64.26,1.533,5.07,1647.3,57.37,17778,109,0,0,68.28,1.2011,12.6746
23,108.15,9.063,3.21,1441.7,88.38,6520,25,12,1,73.85,2.0112,33.6916
47,58.38,2.098,4.69,1494.9,37.33,17662,55,7,0,68.36,3.331,12.4478
11,70.59,3.989,3.64,1297.0,63.29,39542,84,14,0,72.45,3.0522,19.3929
25,65.91,6.911,5.41,1605.8,62.97,8977,25,2,0,68.22,1.4429,12.183
45,69.08,0.494,5.39,1655.8,47.92,1081,30,11,0,70.3,3.0067,12.8163
30,63.63,2.225,4.97,1395.8,44.73,31047,90,2,0,68.96,1.2735,12.8028
34,98.69,3.751,3.25,1531.7,89.66,36956,12,19,1,71.26,1.1297,30.3662
7,66.15,4.869,5.58,1687.0,57.7,2817,118,6,0,73.26,3.4601,11.8548
41,55.86,2.636,6.07,1519.2,50.74,16674,22,7,0,66.63,1.1916,9.2026
13,83.09,8.549,2.79,1601.1,42.11,46870,72,9,1,69.19,3.4361,29.7814
36,73.1,2.343,5.09,1326.8,61.14,32612,32,13,0,71.91,1.5692,14.3615
18,75.03,3.412,6.64,1306.1,64.1,33156,65,18,0,72.83,3.2039,11.2997
46,60.06,0.543,4.61,1188.3,66.01,11263,19,9,0,69.81,2.0358,13.0282
37,67.08,2.469,5.73,1478.0,56.98,14438,91,13,0,65.83,0.9182,11.7068
15,68.33,2.124,4.47,1273.8,52.98,12734,110,16,0,68.8,1.3624,15.2864
3,62.18,1.763,7.11,1625.4,65.32,50208,40,16,0,68.07,2.6793,8.7454
4,95.81,9.161,4.1,1800.6,96.12,31619,45,1,1,68.66,1.7549,23.3683
17,60.52,1.848,6.38,1429.4,56.74,48878,49,0,0,66.51,1.2016,9.4859
13,101.56,9.293,2.3,1756.9,91.1,46869,72,9,1,70.58,3.6229,44.1565
5,76.76,2.598,6.42,1770.2,51.2,31335,49,5,0,72.63,5.0883,11.9564
36,64.36,4.364,7.18,1735.5,66.91,32392,32,13,0,71.49,1.5459,8.9638
13,66.6,4.584,3.91,1607.3,53.94,46878,72,9,0,70.08,3.6261,17.0332
16,68.6,0.992,4.8,1353.3,68.88,3406,83,12,0,67.97,1.628,14.2917
32,58.31,1.338,5.71,1518.7,49.78,26123,56,0,0,68.4,3.0778,10.2119
36,64.29,2.903,6.07,1223.1,78.43,32300,32,13,0,71.23,1.5108,10.5914
5,92.0,10.604,5.33,1434.5,89.14,31512,49,5,1,73.98,5.2137,17.2608
8,63.83,4.984,5.0,1472.3,55.49,39599,98,4,0,69.78,2.1693,12.766
40,62.42,2.375,5.21,1529.7,64.95,39414,23,8,0,70.71,1.6802,11.9808
42,68.94,1.68,5.21,1432.6,53.94,5708,63,17,0,71.72,1.5327,13.2322
9,60.71,4.745,5.52,1636.0,40.5,28500,28,7,0,66.75,3.4252,10.9982
35,64.1,1.658,5.48,1281.3,58.62,8245,57,10,0,72.82,1.6975,11.6971
40,64.9,2.31,6.34,1588.1,48.34,39213,23,8,0,70.58,1.6606,10.2366
25,54.63,0.922,5.26,1278.6,55.7,9184,25,2,0,67.3,1.4684,10.3859
36,103.41,7.899,3.0,1708.8,89.66,32581,32,13,1,72.21,1.8208,34.47
3,60.14,1.811,4.95,1612.2,39.96,50086,40,16,0,67.93,2.6584,12.1495
3,60.51,2.069,6.55,1485.0,41.0,50136,40,16,0,67.12,2.6438,9.2382
36,54.68,1.308,5.86,1457.8,74.44,32663,32,13,0,72.57,1.8258,9.3311
43,62.79,0.651,4.84,1209.6,52.0,22144,106,18,0,65.78,1.2231,12.9731
37,75.28,6.598,5.55,1114.9,59.36,14600,91,13,0,66.58,1.2444,13.564
34,74.07,2.313,6.04,1287.0,50.73,37017,12,19,0,70.99,1.1047,12.2632
15,69.62,4.276,5.92,1241.3,58.68,12530,110,16,0,68.44,1.4109,11.7601
24,74.43,2.395,5.7,1387.1,41.02,2519,86,13,0,67.28,1.3802,13.0579
33,78.19,1.39,5.21,1583.5,65.35,17397,109,0,0,68.7,1.1799,15.0077
12,59.15,2.05,5.38,1115.8,71.02,32529,111,6,0,69.78,1.5149,10.9944
44,70.56,2.637,5.43,1219.0,50.23,15317,41,3,0,71.38,2.0519,12.9945
44,57.76,2.174,5.13,1092.8,55.93,15255,41,3,0,71.9,2.0249,11.2593
13,60.65,2.765,6.64,1656.6,35.46,46793,72,9,0,70.71,3.5441,9.134
48,69.44,0.944,6.9,1409.1,48.6,29990,115,7,0,67.22,1.679,10.0638
50,88.78,3.92,4.22,1403.6,64.03,22410,21,3,0,71.9,2.4136,21.0379
4,70.86,1.103,5.97,1447.5,51.43,31442,45,1,0,69.17,1.7841,11.8693
20,73.85,2.236,5.67,1617.1,49.93,24854,31,3,0,69.32,2.0491,13.0247
32,67.44,2.439,4.42,1351.5,42.42,26214,56,0,0,68.64,3.0543,15.2579
18,68.3,1.899,5.06,1640.7,60.54,32769,65,18,0,72.91,3.2134,13.498
41,80.33,9.333,4.86,1422.3,71.27,17093,22,7,0,66.92,1.7585,16.5288
44,76.45,1.387,4.78,1734.1,50.71,15651,41,3,0,72.3,2.0477,15.9937
42,78.45,5.241,4.58,1245.7,45.07,5851,63,17,0,72.07,1.6149,17.1288
46,73.55,1.518,6.29,1715.9,77.06,11432,19,9,0,70.22,2.0456,11.6932
22,66.19,1.473,5.0,1525.2,50.2,24926,35,6,0,70.74,1.1834,13.238
21,58.76,3.642,5.09,1528.3,57.48,41359,7,11,0,71.51,1.9946,11.5442
12,71.38,2.995,7.71,1218.8,60.98,32438,111,6,0,70.66,1.4212,9.2581
40,64.39,1.794,6.2,1525.9,49.37,39102,23,8,0,70.67,1.6589,10.3855
8,69.39,1.448,4.78,1616.3,48.26,39702,98,4,0,69.73,2.1882,14.5167
9,71.93,5.679,5.52,1315.7,49.36,28646,28,7,0,67.06,3.4112,13.0308
30,48.7,1.569,5.98,1153.1,61.2,30952,90,2,0,68.03,1.2173,8.1438
4,57.31,2.181,5.01,1649.0,47.34,31716,45,1,0,68.22,1.7706,11.4391
3,55.07,2.197,5.61,1552.4,40.43,50053,40,16,0,67.07,2.6127,9.8164
24,74.69,1.874,5.99,1397.2,53.95,2227,86,13,0,67.96,1.3915,12.4691
10,65.17,1.64,6.51,1567.8,58.37,31343,81,9,0,73.45,2.8207,10.0108
14,59.17,1.335,5.28,1553.4,44.67,33003,41,2,0,70.7,1.5119,11.2064
35,66.65,2.368,5.78,1354.2,54.46,8201,57,10,0,73.14,1.7039,11.5311
3,99.79,5.644,3.75,2048.9,98.88,50116,40,16,1,68.55,2.643,26.6107
23,107.74,8.528,3.4,2029.8,104.74,6475,25,12,1,75.4,2.2948,31.6882
35,76.55,3.095,7.15,1493.0,58.13,8348,57,10,0,73.21,1.7017,10.7063
43,79.82,2.57,5.14,1018.8,60.02,22502,106,18,0,66.47,1.1993,15.5292
24,66.01,1.263,4.93,1425.7,70.94,2604,86,13,0,67.87,1.4162,13.3895
25,71.93,2.333,5.66,1777.0,61.83,8981,25,2,0,67.87,1.4431,12.7085
38,105.05,2.053,3.68,2242.4,79.64,28470,81,13,1,70.59,1.2462,28.5462
14,89.11,5.982,4.95,1329.9,59.38,32793,41,2,1,71.27,1.6519,18.002
23,71.29,2.153,5.66,1512.8,65.88,6275,25,12,0,75.15,2.2943,12.5954
11,69.83,1.178,4.66,1610.3,53.38,39965,84,14,0,72.01,3.0818,14.985
6,86.82,10.237,3.7,1780.8,102.5,28774,71,2,1,72.6,3.2199,23.4649
12,66.62,2.607,4.48,1277.5,58.22,32471,111,6,0,70.44,1.4124,14.8705
19,68.99,1.809,5.36,1339.0,55.5,34079,75,12,0,69.8,1.4647,12.8713
2,76.72,1.765,4.87,1724.4,62.13,6928,88,17,0,70.21,1.6138,15.7536
10,49.4,2.151,6.2,1348.5,62.7,31379,81,9,0,71.71,1.0581,7.9677
28,63.01,1.687,5.92,1024.4,53.51,47709,40,2,0,71.74,1.4005,10.6436
2,76.02,3.582,4.24,1697.6,66.1,6942,88,17,0,70.59,1.6131,17.9292
6,68.07,1.426,6.35,1457.3,74.25,28480,71,2,0,72.76,3.2223,10.7197
10,74.07,1.004,6.76,1629.3,65.3,31158,81,9,0,71.51,1.0894,10.9571
22,56.12,1.098,5.42,1343.0,49.37,25291,35,6,0,70.71,1.2098,10.3542
48,78.12,2.376,5.88,1702.2,56.48,29701,115,7,0,67.59,1.6778,13.2857
2,57.45,4.222,6.18,1603.4,37.16,6821,88,17,0,69.74,1.6331,9.2961
17,72.45,3.267,6.17,1455.1,62.46,49040,49,0,0,66.59,1.2018,11.7423
18,71.13,1.978,5.03,1482.3,49.04,32913,65,18,0,72.63,3.2002,14.1412
26,82.94,2.045,5.84,1724.8,70.08,11791,95,13,0,69.71,1.6434,14.2021
16,56.34,1.094,4.23,1391.5,51.2,3407,83,12,0,67.74,1.6494,13.3191
16,65.51,1.183,6.93,1459.8,60.75,3430,83,12,0,67.56,1.6668,9.4531
45,76.46,2.184,5.14,1546.8,27.68,1352,30,11,0,70.8,3.0113,14.8755
33,66.39,0.869,4.99,1281.0,56.01,17485,109,0,0,67.81,1.209,13.3046
1,68.53,3.734,7.95,1144.8,43.91,2578,74,9,0,68.65,2.197,8.6201
31,67.33,3.034,4.9,1490.8,32.92,8143,56,3,0,70.75,3.4496,13.7408
37,79.02,2.932,5.54,1535.1,52.42,14482,91,13,0,67.03,1.2151,14.2635
3,81.41,3.034,5.27,1428.4,55.3,50095,40,16,0,69.35,2.5128,15.4478
24,68.74,1.886,6.14,1238.3,36.99,2406,86,13,0,67.81,1.3806,11.1954
43,60.18,3.46,5.23,1440.5,58.53,22065,106,18,0,66.28,1.1669,11.5067
34,68.89,4.837,6.14,1571.1,60.68,37140,12,19,0,70.29,1.2195,11.2199
19,65.78,1.376,5.58,1422.1,61.61,34225,75,12,0,69.61,1.4567,11.7885
12,65.89,6.522,6.35,1374.6,32.1,32335,111,6,0,70.35,1.5805,10.3764
49,64.6,3.955,4.93,1332.8,61.01,35087,62,5,0,70.81,4.7749,13.1034
26,63.69,0.901,5.64,1550.0,59.72,12032,95,13,0,69.69,1.6901,11.2926
25,84.94,3.581,6.12,1539.6,57.39,8830,25,2,0,68.14,1.4507,13.8791
29,68.77,2.191,5.94,1753.5,46.56,37136,18,13,0,72.55,5.7349,11.5774
9,65.81,3.04,5.42,1158.4,57.01,28521,28,7,0,67.48,3.4016,12.1421
20,61.17,2.842,3.81,1512.2,47.74,24540,31,3,0,69.15,2.0483,16.0551
3,72.39,2.307,3.81,1634.5,57.65,50250,40,16,0,69.78,2.5125,19.0
16,67.57,1.663,6.06,1698.3,48.02,3174,83,12,0,66.56,1.6513,11.1502
11,73.37,4.884,5.75,1195.3,47.7,39629,84,14,0,71.96,3.099,12.76
10,63.4,2.644,5.72,1798.3,59.49,31303,81,9,0,70.01,1.0916,11.0839
12,71.71,1.514,6.55,1533.5,53.03,32651,111,6,0,68.86,1.6002,10.9481
24,59.59,1.225,5.76,1362.2,60.85,2313,86,13,0,67.8,1.3604,10.3455
8,69.89,2.59,5.28,1687.4,57.67,39723,98,4,0,69.31,2.161,13.2367
31,53.14,2.829,5.34,1365.8,56.84,8241,56,3,0,69.99,3.4306,9.9513
6,64.51,1.773,6.03,1445.0,38.64,28639,71,2,0,73.28,3.2363,10.6982
11,82.7,2.653,6.63,1501.4,38.27,40011,84,14,0,72.5,3.0649,12.4736
38,56.63,2.677,4.06,1732.1,64.12,28453,81,13,0,70.2,1.2386,13.9483
5,87.19,3.889,5.56,2086.1,90.43,31186,49,5,1,75.08,5.1471,15.6817
42,62.88,1.339,4.93,1626.7,68.06,5985,63,17,0,72.01,1.6334,12.7546
32,65.81,1.805,4.38,1185.3,49.75,25986,56,0,0,69.01,3.0156,15.0251
1,85.83,2.008,5.65,1465.1,65.62,2409,74,9,0,69.04,2.1917,15.1912
3,65.89,2.866,5.1,1098.9,36.84,50066,40,16,0,69.26,2.5135,12.9196
3,53.82,2.758,6.46,1597.2,51.15,50193,40,16,0,68.45,2.4982,8.3313
34,72.61,1.184,5.35,1275.1,50.18,36946,12,19,0,70.78,1.2347,13.572
14,81.21,2.387,5.03,1285.5,54.78,33139,41,2,0,72.09,1.6539,16.1451
23,78.88,0.88,6.86,1219.1,56.6,6559,25,12,0,75.5,2.3273,11.4985
6,69.11,1.99,4.75,1105.8,67.49,28360,71,2,0,73.18,3.1265,14.5495
33,61.27,1.185,6.21,1595.8,59.23,17436,109,0,0,67.77,1.199,9.8663
25,88.5,8.417,2.23,1785.6,65.36,8991,25,2,1,68.58,1.8951,39.6861
13,68.25,2.294,5.08,1512.8,45.28,46870,72,9,0,70.66,3.5538,13.435
24,70.35,2.547,5.14,1434.8,51.2,2440,86,13,0,67.7,1.361,13.6868
13,64.47,3.069,5.69,1403.6,67.47,46695,72,9,0,70.51,3.5246,11.3304
44,65.09,5.202,5.27,1476.1,45.13,15199,41,3,0,72.38,2.0394,12.351
20,74.54,2.572,4.33,998.5,56.43,24543,31,3,0,69.65,2.0379,17.2148
10,60.97,2.984,5.53,1412.1,42.39,31326,81,9,0,68.42,1.0442,11.0253
27,83.57,4.242,5.51,1451.7,51.98,2197,52,16,0,68.23,1.1079,15.167
9,84.03,4.924,5.63,1466.1,67.55,28614,28,7,0,68.78,3.4031,14.9254
5,65.18,2.777,5.48,1866.6,57.46,31459,49,5,0,74.96,5.1658,11.8942
47,85.24,4.249,2.48,1412.1,38.27,18070,55,7,1,69.52,3.336,34.371
46,60.28,1.74,5.71,1282.8,69.94,11178,19,9,0,69.53,2.0303,10.5569
12,72.08,1.274,6.98,1531.7,75.88,32567,111,6,0,68.82,1.5919,10.3266
35,42.41,1.837,5.27,1449.0,36.89,8417,57,10,0,70.58,1.6534,8.0474
43,70.53,1.335,5.54,1105.9,52.55,22215,106,18,0,65.91,1.1867,12.731
1,69.63,4.342,6.1,1608.1,46.97,2252,74,9,0,69.32,2.2179,11.4148
19,67.22,5.09,6.43,1317.3,54.8,34321,75,12,0,68.91,1.4164,10.4541
47,69.23,1.994,4.12,1559.4,52.09,17885,55,7,0,69.66,3.3298,16.8034
15,63.78,3.069,5.25,1544.1,37.82,12983,110,16,0,68.06,1.3798,12.1486
6,68.95,1.992,6.47,1500.0,50.78,28744,71,2,0,73.21,3.1166,10.6569
37,63.8,3.005,5.44,1714.6,51.77,14661,91,13,0,66.51,1.2157,11.7279
49,61.08,2.051,6.06,1722.7,37.56,34978,62,5,0,69.43,2.7754,10.0792
8,79.07,6.222,5.71,1458.3,56.77,39892,98,4,0,68.15,1.5713,13.8476
17,73.51,1.587,6.38,1723.9,44.92,49134,49,0,0,67.27,1.178,11.5219
5,75.16,1.715,5.27,1467.7,56.24,31121,49,5,0,75.41,5.2032,14.2619
13,71.47,1.353,4.21,1636.8,64.37,46797,72,9,0,70.72,3.5495,16.9762
8,54.68,3.672,5.81,1682.6,45.39,39477,98,4,0,67.65,1.5702,9.4114
11,68.26,0.761,6.38,1518.1,51.2,39540,84,14,0,72.1,1.5185,10.6991
20,83.85,16.797,2.49,1472.7,75.84,24656,31,3,1,70.43,3.5455,33.6747
17,63.16,2.9,4.36,1497.3,65.24,49075,49,0,0,67.66,1.1538,14.4862
44,68.76,1.773,6.1,1504.9,64.4,15652,41,3,0,72.59,2.0604,11.2721
46,55.66,3.371,4.75,1415.4,54.28,11349,19,9,0,67.91,2.0209,11.7179
7,59.47,3.091,4.58,1616.9,55.36,2640,118,6,0,72.11,3.4601,12.9847
12,79.04,2.202,6.83,1772.7,62.0,32180,111,6,0,69.59,1.5844,11.5725
37,80.68,6.425,5.94,1504.3,88.54,14503,91,13,1,66.69,1.4226,13.5825
15,64.61,2.568,5.66,1478.1,56.09,12521,110,16,0,68.41,1.3787,11.4152
32,76.66,2.642,5.38,1571.7,72.26,26240,56,0,0,70.02,3.0221,14.2491
27,59.22,3.099,6.52,1317.0,88.9,2077,52,16,0,67.82,1.119,9.0828
48,81.3,1.416,4.92,1791.0,56.24,29810,115,7,0,68.59,1.6571,16.5244
21,83.05,5.623,6.29,1420.3,57.21,41150,7,11,0,71.8,2.0872,13.2035
33,59.91,3.859,5.21,1193.3,46.8,17487,109,0,0,67.44,1.2418,11.499
5,61.41,1.193,4.35,1771.8,66.29,31406,49,5,0,75.18,5.2427,14.1172
13,78.13,5.247,6.57,1345.6,38.77,46803,72,9,0,71.34,3.5585,11.8919
44,121.21,14.644,2.55,1780.5,72.21,15611,41,3,1,74.82,3.0413,47.5333
1,53.18,0.905,4.47,1363.4,50.28,2387,74,9,0,68.36,2.2034,11.8971
35,53.85,4.831,4.88,1475.6,79.71,8376,57,10,0,69.67,1.666,11.0348
31,60.6,1.91,5.59,1406.1,49.95,8354,56,3,0,68.97,1.1504,10.8408
20,103.83,2.022,4.54,1560.8,56.21,24649,31,3,0,70.9,3.3414,22.87
48,65.55,1.688,5.4,1341.2,54.84,29844,115,7,0,68.39,1.665,12.1389
39,66.56,2.526,5.61,1514.8,42.54,34076,15,13,0,71.18,3.1853,11.8645
20,61.53,2.69,5.32,1369.6,41.12,24863,31,3,0,70.66,3.3332,11.5658
48,68.3,3.663,4.82,1582.8,46.91,29987,115,7,0,68.31,1.6777,14.1701
25,75.67,14.312,2.19,2002.7,87.53,9192,25,2,1,68.97,3.0426,34.5525
24,65.19,1.82,4.04,1681.7,65.48,2517,86,13,0,67.78,1.374,16.1361
32,78.87,3.081,6.14,1545.4,44.04,26250,56,0,0,70.31,2.9922,12.8453
4,67.52,2.097,5.47,1655.8,63.97,31719,45,1,0,68.16,1.7666,12.3437
18,62.96,1.467,4.59,1686.3,44.01,33163,65,18,0,71.86,3.2053,13.7168
38,75.43,2.08,5.58,1970.9,26.72,28231,81,13,0,70.36,1.2411,13.5179
32,63.47,1.621,4.55,1696.1,67.74,25834,56,0,0,69.81,3.0141,13.9495
33,78.88,2.834,5.63,1384.3,65.11,17693,109,0,0,67.7,1.2412,14.0107
24,60.31,7.305,5.58,1922.5,46.93,2390,86,13,0,67.19,1.648,10.8082
11,57.28,1.977,5.5,1633.1,68.14,39630,84,14,0,71.4,1.5131,10.4145
38,73.69,2.529,6.24,1551.1,51.15,28155,81,13,0,70.04,0.9929,11.8093
34,64.58,2.26,5.51,1742.8,60.02,36712,12,19,0,70.08,1.2072,11.7205
41,66.45,6.144,4.06,1311.4,49.67,16927,22,7,0,67.48,1.8505,16.367
21,70.39,2.275,4.95,1433.0,77.98,41550,7,11,0,71.4,2.086,14.2202
23,71.01,1.704,5.19,1620.7,50.21,6193,25,12,0,75.96,2.3354,13.6821
29,66.25,2.666,5.6,1553.7,49.43,36995,18,13,0,72.62,5.734,11.8304
50,54.74,1.04,4.94,1806.9,53.13,22471,21,3,0,71.62,2.4324,11.081
34,63.77,1.383,5.88,1380.5,44.79,36931,12,19,0,70.28,1.1661,10.8452
6,78.16,3.883,4.37,1723.8,43.61,28634,71,2,0,73.14,3.1075,17.8856
44,80.27,3.332,6.13,1164.3,53.63,15559,41,3,0,73.77,3.0231,13.0946
11,87.18,1.661,5.61,1041.7,43.65,39878,84,14,0,72.77,1.5265,15.5401
27,74.29,2.424,6.35,1608.8,60.14,1994,52,16,0,68.21,1.1044,11.6992
3,79.93,1.237,5.62,1673.8,55.8,50063,40,16,0,68.84,2.5286,14.2224
27,80.84,2.025,6.0,1736.2,56.86,1966,52,16,0,68.98,1.1067,13.4733
44,61.73,1.536,4.26,1317.0,54.38,15369,41,3,0,74.35,3.0298,14.4906
19,69.78,2.787,4.99,1752.3,68.68,34300,75,12,0,68.68,1.3642,13.984
32,57.0,2.617,4.5,1271.4,52.72,26123,56,0,0,68.3,2.6463,12.6667
1,57.93,4.082,5.54,1312.6,56.14,2292,74,9,0,68.09,2.2322,10.4567
41,69.81,2.969,4.96,1601.9,57.7,16770,22,7,0,67.66,1.8434,14.0746
3,69.97,0.95,5.74,1423.6,34.74,49976,40,16,0,68.67,1.3382,12.1899
24,68.23,2.361,4.7,1637.4,31.49,2346,86,13,0,67.39,1.5984,14.517
29,57.68,11.909,5.35,1279.4,61.07,36760,18,13,0,71.97,5.9666,10.7813
36,66.94,1.562,5.95,1643.2,23.25,32630,32,13,0,72.28,1.8531,11.2504
49,58.11,1.516,6.03,1059.9,41.81,35160,62,5,0,69.21,2.7576,9.6368
5,68.68,3.01,5.36,1304.9,42.88,31461,49,5,0,74.97,5.2179,12.8134
50,66.02,1.628,4.34,1252.0,40.32,22419,21,3,0,71.67,2.4213,15.212
40,60.07,0.932,6.48,1402.8,35.61,39191,23,8,0,70.38,1.7062,9.2701
37,79.07,1.525,5.77,1575.2,46.97,14624,91,13,0,67.14,1.4481,13.7036
22,75.39,4.466,3.52,1247.1,51.76,24923,35,6,0,71.12,1.2366,21.4176
41,71.43,7.865,5.66,919.6,32.51,16688,22,7,0,68.42,2.0725,12.6201
38,45.25,1.023,5.83,1519.0,33.89,28593,81,13,0,68.9,1.0235,7.7616
3,83.9,2.547,4.84,1702.9,113.6,49986,40,16,1,70.11,1.3358,17.3347
9,67.61,1.944,5.21,1473.7,47.11,28924,28,7,0,68.67,3.4197,12.977
25,71.59,1.048,4.8,1358.2,65.97,8971,25,2,0,69.35,3.0459,14.9146
5,67.07,5.952,4.14,1376.8,62.16,31238,49,5,0,74.87,5.1942,16.2005
17,78.9,2.169,4.71,1766.1,58.95,49115,49,0,0,68.06,1.1407,16.7516
45,66.8,1.611,4.21,1488.9,77.18,950,30,11,0,70.85,3.0014,15.867
8,69.15,3.641,6.1,1528.2,63.59,39577,98,4,0,67.44,1.5676,11.3361
36,70.79,1.845,5.15,1193.1,71.59,32730,32,13,0,72.24,1.865,13.7456
3,58.63,2.805,5.07,1522.3,66.55,50206,40,16,0,69.58,1.2994,11.5641
39,65.21,3.223,5.54,1327.6,48.8,34369,15,13,0,70.76,3.19,11.7708
23,56.75,3.639,6.24,1415.1,71.99,6281,25,12,0,75.24,2.3001,9.0946
38,73.64,1.36,6.82,1197.6,67.73,28321,81,13,0,69.23,0.9963,10.7977
33,64.98,1.253,5.7,1255.0,52.99,17678,109,0,0,67.48,1.2436,11.4
10,48.63,3.798,6.09,1451.2,36.11,31073,81,9,0,67.75,1.071,7.9852
28,61.56,2.839,6.33,1151.8,71.71,47910,40,2,0,71.32,1.3841,9.7251
24,72.56,2.77,6.46,1228.0,73.67,2285,86,13,0,67.43,1.5486,11.2322
6,71.91,2.696,6.3,1300.1,10.0,28518,71,2,0,73.84,3.0894,11.4143
33,67.68,2.497,6.38,1299.4,67.65,17596,109,0,0,67.62,1.243,10.6082
12,73.66,0.978,4.85,1178.3,59.61,32214,111,6,0,69.28,1.495,15.1876
11,81.88,2.447,5.72,1510.6,49.83,39988,84,14,0,73.58,1.5164,14.3147
38,70.38,1.57,5.45,1307.4,42.2,28367,81,13,0,68.69,1.0018,12.9138
40,88.57,8.125,1.76,1714.6,101.8,39151,23,8,1,71.74,1.8334,50.3239
12,59.0,3.644,6.43,1679.4,40.89,32592,111,6,0,68.62,1.4238,9.1757
13,67.67,3.425,5.6,1608.7,64.33,46889,72,9,0,70.47,2.5916,12.0839
50,78.87,2.923,5.23,1471.6,56.29,22425,21,3,0,72.17,2.4023,15.0803
17,69.04,1.626,7.15,1384.3,68.53,49111,49,0,0,68.27,1.1355,9.6559
31,69.26,1.76,6.55,1407.3,45.26,8328,56,3,0,68.88,1.13,10.574
39,62.19,2.741,6.05,1187.0,53.03,34295,15,13,0,70.37,3.2005,10.2793
25,81.31,1.102,5.4,1357.4,52.18,8848,25,2,0,69.89,3.0677,15.0574
23,67.25,2.848,6.14,1755.3,30.87,6330,25,12,0,73.77,2.2678,10.9528
41,81.7,2.675,5.71,1806.6,55.05,16615,22,7,0,69.1,2.0265,14.3082
47,74.27,9.06,6.0,1419.6,52.94,17717,55,7,0,69.82,3.5373,12.3783
9,68.24,1.336,5.2,1668.6,59.47,28993,28,7,0,68.77,3.4264,13.1231
16,78.32,3.713,5.91,1237.5,43.27,3302,83,12,0,67.25,1.6696,13.2521
13,75.26,2.035,5.76,1372.8,75.21,47141,72,9,0,70.74,2.5555,13.066
50,71.12,3.69,5.78,1578.2,37.06,22157,21,3,0,71.61,2.4032,12.3045
34,70.8,2.1,4.86,1518.7,56.27,36918,12,19,0,70.13,1.159,14.5679
21,75.27,1.697,5.17,1643.5,53.75,41308,7,11,0,71.06,2.0942,14.559
38,71.21,2.25,6.26,1579.1,67.81,28414,81,13,0,69.11,0.9029,11.3754
23,70.12,1.777,5.81,1692.8,64.92,6418,25,12,0,73.93,2.2791,12.0688
38,83.69,2.785,3.19,1627.4,83.66,28318,81,13,1,70.02,0.9133,26.2351
11,75.13,3.741,5.88,1533.9,42.3,39582,84,14,0,73.72,1.5315,12.7772
25,80.99,3.439,5.55,1207.6,43.62,8881,25,2,0,70.58,3.0633,14.5928
32,71.32,2.699,5.52,1365.9,50.44,25874,56,0,0,68.65,2.6496,12.9203
37,80.9,2.717,5.71,1391.9,66.29,14668,91,13,0,67.65,1.4474,14.1681
48,68.61,2.225,5.16,1364.8,44.21,30040,115,7,0,68.36,1.6767,13.2965
42,66.79,3.837,5.29,1450.1,51.23,5526,63,17,0,70.47,1.6518,12.6257
3,73.1,3.081,5.01,1557.9,31.27,50247,40,16,0,69.9,1.2963,14.5908
21,67.52,0.971,5.87,1697.4,44.02,41417,7,11,0,70.96,2.1201,11.5026
11,70.39,1.878,5.94,1775.1,51.65,39565,84,14,0,73.69,1.5402,11.8502
37,59.26,4.097,4.33,1579.8,59.59,14612,91,13,0,66.92,1.4584,13.6859
48,61.88,3.997,5.87,1318.7,29.52,30043,115,7,0,67.8,1.6993,10.5417
8,83.42,3.045,4.94,1252.9,67.37,39702,98,4,0,68.18,1.5233,16.8866
50,81.59,5.5,3.09,1782.8,97.62,22515,21,3,1,71.86,2.4482,26.4045
28,68.55,1.59,5.46,1279.4,45.17,47803,40,2,0,70.66,1.2541,12.5549
26,53.2,0.833,6.01,1597.5,43.52,12112,95,13,0,69.34,1.7309,8.8519
10,63.64,2.463,6.97,1637.8,51.55,31225,81,9,0,67.84,0.9194,9.1306
48,67.55,2.984,5.83,1156.8,62.08,29949,115,7,0,68.11,1.6983,11.5866
3,67.77,1.891,5.04,1282.4,67.94,50365,40,16,0,69.85,1.3063,13.4464
22,74.52,1.057,5.64,1729.2,43.52,24976,35,6,0,71.28,1.2796,13.2128
13,72.0,3.208,6.64,1437.7,38.0,46653,72,9,0,71.18,2.5549,10.8434
41,70.76,0.773,4.34,1753.2,58.76,16848,22,7,0,68.79,2.0918,16.3041
21,66.34,1.581,6.03,1593.1,39.69,41479,7,11,0,71.19,2.0995,11.0017
35,80.84,1.296,5.47,1664.4,54.93,8382,57,10,0,69.71,1.7083,14.7788
12,72.46,2.942,5.36,1344.2,43.53,32295,111,6,0,68.83,1.3759,13.5187
44,73.0,5.1,5.41,1471.0,45.92,15622,41,3,0,74.54,3.0201,13.4935
22,71.97,3.958,6.11,1308.5,64.63,25243,35,6,0,71.57,1.3079,11.7791
50,69.04,2.363,5.58,1286.7,49.68,22481,21,3,0,71.74,2.4515,12.3728
35,55.11,3.211,6.33,1474.7,49.34,8513,57,10,0,69.66,1.6445,8.7062
21,79.07,2.805,5.93,1611.4,54.43,41344,7,11,0,70.65,1.2159,13.3339
49,78.6,2.175,5.37,1523.4,39.51,35213,62,5,0,68.63,1.9245,14.6369
21,77.69,3.531,1.78,1312.0,84.26,41559,7,11,1,70.44,1.1555,43.6461
20,56.08,1.946,6.52,1009.4,51.36,24889,31,3,0,70.15,3.3175,8.6012
16,69.92,2.039,5.35,1570.1,54.07,3446,83,12,0,67.13,1.6716,13.0692
11,62.41,3.514,7.13,1018.9,74.23,39967,84,14,0,72.96,1.5484,8.7532
6,71.43,1.893,5.3,1362.5,35.32,28565,71,2,0,73.79,3.0941,13.4774
36,56.51,2.036,5.67,1568.6,50.99,32465,32,13,0,71.54,1.8591,9.9665
45,65.41,0.662,5.23,1558.3,58.88,926,30,11,0,70.53,3.0445,12.5067
40,54.34,1.222,5.46,1633.9,43.49,39134,23,8,0,70.92,1.7295,9.9524
32,76.97,1.729,5.9,1279.4,52.49,26054,56,0,0,68.6,2.3873,13.0458
14,58.84,1.045,5.29,1651.2,63.52,32815,41,2,0,72.04,1.6414,11.1229
15,46.48,1.758,5.37,1190.1,61.32,12684,110,16,0,67.27,1.377,8.6555
35,68.68,2.374,4.42,1313.0,56.27,8304,57,10,0,69.91,1.5927,15.5385
17,78.14,4.303,6.03,1457.1,71.57,48977,49,0,0,68.84,1.1666,12.9585
36,78.84,3.826,4.68,1660.8,84.27,32631,32,13,1,72.26,1.8616,16.8462
16,56.68,1.463,5.38,1154.0,43.11,3394,83,12,0,67.22,1.6761,10.5353
21,66.3,2.244,6.68,1324.9,44.79,41510,7,11,0,70.4,1.1192,9.9251
40,80.86,1.477,6.55,1209.8,62.39,39016,23,8,0,71.93,1.7412,12.345
50,52.54,2.146,5.53,1482.0,57.54,22073,21,3,0,69.98,1.7457,9.5009
25,92.28,2.213,4.19,1531.4,85.72,9040,25,2,1,71.25,3.0593,22.0239
15,72.85,3.347,5.84,1597.7,63.01,12840,110,16,0,67.21,1.3674,12.4743
13,62.44,2.506,5.91,1241.9,67.45,47047,72,9,0,70.88,2.5315,10.5651
1,59.3,3.43,6.72,1192.0,55.25,2338,74,9,0,67.11,2.2422,8.8244
24,74.32,3.292,5.71,1321.3,65.33,2526,86,13,0,67.83,1.5365,13.0158
38,51.88,4.875,5.72,1638.1,49.21,28286,81,13,0,68.97,1.0582,9.0699
11,73.17,2.013,4.99,1004.6,29.7,40025,84,14,0,72.18,1.4241,14.6633
4,71.97,0.835,6.06,1120.7,51.82,31692,45,1,0,68.13,1.805,11.8762
28,70.48,5.432,6.04,1865.4,56.27,47814,40,2,0,70.05,1.359,11.6689
36,73.23,0.936,6.14,1615.9,42.38,32289,32,13,0,72.79,1.8883,11.9267
25,85.27,2.765,5.28,1516.7,58.64,8877,25,2,0,71.89,3.0211,16.1496
14,66.56,1.376,5.05,1593.5,78.64,33124,41,2,0,71.67,1.6336,13.1802
20,66.58,2.955,6.12,1589.6,61.4,24628,31,3,0,70.88,3.3089,10.8791
19,73.2,0.837,5.86,1653.1,31.07,34357,75,12,0,68.02,1.4127,12.4915
47,56.7,1.144,4.3,1360.8,55.36,17766,55,7,0,69.36,3.567,13.186
8,63.45,1.476,5.15,1384.6,58.91,39661,98,4,0,68.27,1.4876,12.3204
15,64.7,0.843,6.55,1564.1,65.0,12499,110,16,0,67.48,1.4045,9.8779
47,64.69,1.01,5.89,1589.7,52.4,18018,55,7,0,69.16,3.5653,10.983
31,63.15,1.635,6.31,1651.2,55.27,8186,56,3,0,68.43,1.1408,10.0079
47,73.8,2.163,5.67,1551.1,66.5,17847,55,7,0,69.08,3.5664,13.0159
41,71.16,4.354,6.36,1559.9,55.51,16981,22,7,0,68.71,2.0508,11.1887
28,69.4,2.012,4.87,1507.2,61.09,47991,40,2,0,69.96,1.3431,14.2505
30,82.06,2.938,4.85,1163.4,58.48,30851,90,2,0,68.18,1.2017,16.9196
20,67.12,2.934,7.25,1266.5,38.34,25017,31,3,0,71.05,3.2835,9.2579
9,80.23,2.375,6.2,1580.0,42.72,28982,28,7,0,68.83,1.7043,12.9403
31,63.86,2.153,5.18,1431.5,56.58,8328,56,3,0,67.67,1.1401,12.3282
37,89.69,6.307,3.1,1823.5,87.02,14746,91,13,1,68.43,1.586,28.9323
49,68.12,1.887,5.51,1602.2,50.54,35276,62,5,0,68.02,1.9325,12.363
5,60.78,4.015,4.82,1545.6,48.12,31470,49,5,0,73.7,5.1963,12.61
42,88.67,0.863,6.21,1494.2,59.33,5678,63,17,0,71.03,1.6655,14.2786
24,75.96,2.048,4.42,1655.7,47.62,2256,86,13,0,68.52,1.5425,17.1855
7,53.62,1.218,5.5,1405.3,55.54,3049,118,6,0,71.46,3.4859,9.7491
12,86.88,2.072,5.69,1719.4,46.31,32186,111,6,0,69.63,1.3577,15.2689
49,82.99,1.278,6.81,1842.3,40.84,35156,62,5,0,68.76,1.9643,12.1865
47,83.5,2.802,6.5,1039.8,32.35,17731,55,7,0,70.09,3.5498,12.8462
13,68.33,1.452,4.84,1694.7,49.51,46812,72,9,0,70.41,2.5571,14.1178
4,70.88,3.43,5.4,1500.2,58.82,31531,45,1,0,68.66,1.7924,13.1259
20,83.79,1.214,5.23,1700.6,63.7,25018,31,3,0,72.31,3.2854,16.021
38,80.13,3.94,5.21,1619.7,44.31,28578,81,13,0,69.79,1.0966,15.38
31,69.81,2.581,3.89,1331.1,69.79,8477,56,3,0,67.44,1.13,17.946
16,69.19,2.137,4.59,1528.5,55.96,3434,83,12,0,67.86,1.6634,15.0741
41,69.33,3.367,4.86,1349.5,49.14,16924,22,7,0,68.73,2.0508,14.2654
29,73.53,1.344,5.98,1501.7,53.11,36874,18,13,0,71.98,5.9774,12.296
10,63.48,1.088,6.22,1569.7,50.33,30910,81,9,0,67.94,0.9315,10.2058
4,82.44,1.221,4.19,1609.8,66.82,31559,45,1,0,69.06,1.7636,19.6754
47,103.36,2.77,3.3,1333.9,96.43,17764,55,7,1,71.79,3.5467,31.3212
12,82.67,2.288,5.32,1790.3,59.33,32352,111,6,0,70.04,1.3559,15.5395
9,65.23,1.879,5.15,1445.0,48.9,28862,28,7,0,68.39,1.7089,12.666
42,79.69,6.306,1.74,1145.2,86.6,5579,63,17,1,71.34,1.8084,45.7989
7,63.37,2.43,5.2,1746.8,45.18,2833,118,6,0,71.21,3.4736,12.1865
39,80.6,4.367,4.88,1456.7,63.21,34087,15,13,0,70.04,3.1877,16.5164
35,80.3,2.659,6.04,1581.6,43.66,8133,57,10,0,70.67,1.5926,13.2947
1,70.68,3.211,5.88,1316.8,47.25,2468,74,9,0,67.04,2.2182,12.0204
6,66.29,3.522,5.2,1379.4,50.5,28301,71,2,0,73.8,3.0867,12.7481
4,116.29,5.993,2.06,1967.9,92.12,31776,45,1,1,71.43,1.8939,56.4515
9,76.08,0.83,5.02,1479.4,74.74,28859,28,7,0,68.94,1.7527,15.1554
24,73.07,2.824,5.38,1097.9,72.05,2514,86,13,0,69.12,1.5286,13.5818
5,96.28,8.166,3.49,899.3,90.87,31324,49,5,1,74.51,5.2172,27.5874
28,93.25,5.255,4.34,1573.2,117.01,47808,40,2,1,70.59,1.4561,21.4862
39,70.78,1.046,5.57,1368.8,30.21,34099,15,13,0,70.53,3.2434,12.7074
32,70.3,0.87,5.94,1432.0,44.62,26139,56,0,0,68.0,1.4064,11.835
9,63.49,0.854,6.09,1688.9,56.89,28922,28,7,0,68.8,1.7821,10.4253
13,70.6,4.696,5.2,1202.0,61.33,46732,72,9,0,71.16,2.5715,13.5769
35,65.18,3.723,4.07,1188.0,50.52,8265,57,10,0,70.37,1.5507,16.0147
41,73.35,3.852,5.84,1676.8,59.67,16839,22,7,0,69.23,2.0357,12.5599
34,56.64,1.034,5.9,1355.7,44.62,36873,12,19,0,69.53,1.0433,9.6
17,75.31,2.169,6.38,1697.2,32.88,49135,49,0,0,69.16,1.1606,11.8041
43,73.68,2.31,5.47,1521.7,76.1,22121,106,18,0,66.24,1.1853,13.4698
36,94.32,6.902,3.07,1772.0,63.61,32393,32,13,1,73.83,2.0293,30.7231
22,53.04,1.506,6.12,1402.6,51.63,25217,35,6,0,70.79,1.3223,8.6667
47,74.14,1.725,6.03,1503.0,54.8,18048,55,7,0,71.61,3.5301,12.2952
38,58.58,1.853,5.68,1407.3,58.75,28290,81,13,0,69.15,1.003,10.3134
46,71.03,5.134,2.89,1857.1,107.23,11329,19,9,1,67.94,2.0757,24.5779
22,65.71,2.374,6.85,1602.7,57.59,24851,35,6,0,70.64,1.3163,9.5927
21,73.89,7.53,4.19,614.3,98.67,41259,7,11,1,70.64,1.5473,17.6348
47,61.37,3.485,4.62,1658.0,56.29,17659,55,7,0,71.83,3.522,13.2835
18,70.74,4.186,6.83,1546.5,41.05,32810,65,18,0,71.89,3.1889,10.3572
43,68.77,2.161,4.76,1129.6,55.41,22118,106,18,0,66.28,1.1787,14.4475
27,65.25,0.951,5.25,1766.1,62.69,1996,52,16,0,68.68,1.1249,12.4286
5,66.56,2.775,6.94,1388.0,46.44,31336,49,5,0,74.04,5.2311,9.5908
28,69.32,4.579,5.82,1411.9,38.81,47840,40,2,0,70.51,1.4789,11.9107
31,64.75,5.345,5.93,1183.9,68.5,8422,56,3,0,66.6,1.2613,10.9191
49,77.23,1.248,5.42,1775.2,74.52,35114,62,5,0,69.21,1.9735,14.2491
8,64.51,1.952,5.29,1354.6,23.0,39522,98,4,0,67.97,1.4853,12.1947
44,60.54,1.985,5.48,1521.6,42.63,15641,41,3,0,74.56,3.0338,11.0474
13,64.45,2.364,5.25,1572.4,49.72,46758,72,9,0,71.7,2.5469,12.2762
12,57.81,1.458,5.71,1753.1,53.74,32431,111,6,0,69.63,1.3655,10.1243
15,68.09,2.567,4.84,1613.8,45.86,12823,110,16,0,67.28,1.3905,14.0682
18,71.37,3.385,5.48,1755.4,43.92,32827,65,18,0,71.65,3.1748,13.0237
28,62.52,2.095,5.67,1058.0,49.22,48091,40,2,0,70.55,1.3538,11.0265
14,71.65,2.652,6.52,1443.1,37.33,32928,41,2,0,71.37,1.6329,10.9893
13,70.34,5.404,5.15,1036.8,61.01,46774,72,9,0,71.36,2.5048,13.6583
4,65.64,3.308,5.91,1279.5,44.65,31899,45,1,0,71.36,1.8993,11.1066
21,71.82,0.752,6.23,1247.4,58.34,41200,7,11,0,70.28,1.5793,11.5281
15,63.08,2.512,5.19,1425.4,60.14,12506,110,16,0,67.47,1.3506,12.1541
37,69.2,1.683,5.03,1120.7,62.2,14298,91,13,0,68.46,1.566,13.7575
10,71.74,5.73,6.03,1496.7,54.14,30892,81,9,0,68.21,1.1659,11.8972
35,69.0,6.662,5.37,1292.9,52.33,8355,57,10,0,70.06,1.684,12.8492
21,73.25,3.015,5.43,1225.5,69.32,41264,7,11,0,70.33,1.5818,13.4899
46,71.06,4.147,5.08,1497.1,39.85,11221,19,9,0,67.06,2.0969,13.9882
4,85.62,1.092,6.29,1044.8,37.27,31479,45,1,0,72.44,1.8897,13.6121
32,61.36,1.449,4.63,1473.4,54.44,26248,56,0,0,68.0,1.417,13.2527
49,71.62,2.279,4.33,1522.4,49.99,35122,62,5,0,69.42,1.9682,16.5404
12,51.99,3.283,4.64,1656.4,49.43,32653,111,6,0,68.51,1.371,11.2047
48,66.93,1.094,6.0,1530.9,45.19,29924,115,7,0,68.06,1.695,11.155
29,76.55,0.939,5.53,1415.8,43.64,36648,18,13,0,71.91,5.9807,13.8427
36,59.84,3.302,5.79,1362.1,55.18,32447,32,13,0,72.5,1.9966,10.3351
23,69.51,4.025,3.87,1156.8,79.03,6521,25,12,0,73.62,2.2245,17.9612
23,69.51,4.483,5.53,1187.6,42.57,6478,25,12,0,73.76,2.1926,12.5696
31,95.21,9.025,1.49,766.3,98.78,8567,56,3,1,67.82,1.835,63.8993
35,66.24,2.424,4.88,1326.3,51.72,8537,57,10,0,70.35,1.6128,13.5738
38,75.47,1.482,4.65,1962.0,72.01,28213,81,13,0,70.03,1.0106,16.2301
13,83.54,3.541,4.94,1570.8,63.52,46967,72,9,0,72.18,2.4994,16.9109
50,87.0,3.686,5.89,1530.0,54.06,22141,21,3,0,70.59,1.7505,14.7708
34,70.6,1.045,5.66,1295.7,58.5,37132,12,19,0,69.56,1.0599,12.4735
47,107.46,7.489,4.94,1594.0,79.83,17908,55,7,1,73.58,3.6104,21.753
30,60.3,2.422,4.78,1657.3,22.94,30614,90,2,0,67.67,1.1959,12.6151
38,65.07,2.066,6.17,1645.2,50.94,28366,81,13,0,69.99,0.9909,10.5462
27,70.66,1.261,5.37,1465.0,45.26,2405,52,16,0,68.88,1.1464,13.1583
40,77.51,3.732,5.5,1336.2,51.92,39481,23,8,0,72.45,1.7551,14.0927
3,85.98,8.194,2.85,1593.2,101.83,50073,40,16,1,70.52,1.7161,30.1684
17,71.75,6.475,3.48,1234.1,90.99,49002,49,0,1,69.15,1.3687,20.6178
13,73.97,1.953,5.51,1652.6,44.82,46758,72,9,0,72.2,2.4927,13.4247
32,60.79,0.918,4.99,1428.9,59.14,25990,56,0,0,67.36,1.4513,12.1824
19,58.5,1.561,3.9,1644.4,54.26,34195,75,12,0,67.85,1.4229,15.0
47,59.05,4.056,6.47,1735.5,44.11,18074,55,7,0,73.41,3.5914,9.1267
48,66.24,4.088,4.64,1310.9,55.98,29769,115,7,0,68.29,1.6334,14.2759
49,60.93,2.012,4.41,1528.2,61.87,35074,62,5,0,69.56,1.9781,13.8163
41,71.49,3.821,5.27,1226.7,72.6,16787,22,7,0,69.19,2.0248,13.5655
25,61.64,2.476,5.8,809.6,45.34,9153,25,2,0,71.62,3.0113,10.6276
32,69.32,0.413,5.21,1246.8,84.66,25973,56,0,0,68.07,1.5027,13.3052
48,73.14,1.177,5.79,1569.3,56.5,29992,115,7,0,68.49,1.6446,12.6321
19,70.85,3.504,5.99,1609.0,56.55,34225,75,12,0,67.53,1.3822,11.828
32,69.24,3.907,6.24,1469.2,51.2,25968,56,0,0,68.36,1.0549,11.0962
21,67.39,1.696,5.73,1339.6,49.29,41430,7,11,0,70.48,1.5635,11.7609
25,75.32,2.516,4.28,1253.5,72.31,9006,25,2,0,71.94,2.9601,17.5981
6,51.92,2.6,5.44,1480.3,64.01,28522,71,2,0,72.91,3.0957,9.5441
2,67.66,1.451,5.24,1416.7,49.53,6841,88,17,0,68.91,1.6593,12.9122
9,66.7,1.793,6.46,1275.5,80.99,28890,28,7,0,68.99,1.7767,10.3251
9,60.78,1.639,6.45,1245.8,54.27,28759,28,7,0,68.65,1.7612,9.4233
26,63.61,1.057,6.79,1476.1,63.25,12194,95,13,0,68.48,1.7568,9.3682
29,73.51,1.549,5.09,1035.2,61.33,36718,18,13,0,72.18,5.999,14.442
44,66.78,3.462,4.32,1607.9,59.52,15272,41,3,0,74.2,2.9903,15.4583
35,61.57,2.28,7.37,1091.6,58.3,8377,57,10,0,69.67,1.6163,8.3541
13,74.31,2.287,6.61,1539.3,50.65,46944,72,9,0,71.85,2.506,11.2421
16,67.87,2.372,5.37,1301.6,45.16,3126,83,12,0,68.0,1.6408,12.6387
38,69.16,3.579,5.24,1281.8,65.52,28280,81,13,0,70.33,1.0208,13.1985
33,72.34,1.516,5.31,1513.6,42.0,17851,109,0,0,67.94,1.2104,13.6234
14,88.79,1.412,6.31,1367.4,32.71,32872,41,2,0,71.67,1.6556,14.0713
3,86.84,1.716,3.86,1363.1,58.01,50398,40,16,0,71.73,1.7282,22.4974
44,70.01,1.898,5.52,1387.1,71.72,15450,41,3,0,73.99,2.997,12.683
25,81.03,1.841,2.38,1668.9,54.75,8996,25,2,1,72.12,2.9572,34.0462
1,74.84,2.022,6.08,1461.3,61.89,2324,74,9,0,67.54,2.1911,12.3092
11,65.36,3.147,6.42,1401.3,76.14,39554,84,14,0,72.52,1.4223,10.1807
25,74.94,3.429,5.64,1475.6,48.7,9001,25,2,0,72.69,2.9403,13.2872
10,58.0,5.866,3.77,1453.3,64.0,31302,81,9,0,67.89,1.3162,15.3846
40,65.43,2.825,5.78,1362.1,51.47,39052,23,8,0,72.18,1.7369,11.3201
50,62.02,0.85,5.35,1674.3,55.69,22159,21,3,0,69.72,1.3524,11.5925
41,88.85,7.355,5.05,1636.5,59.92,17005,22,7,0,70.19,2.1296,17.5941
40,72.46,1.279,4.81,1349.5,81.33,39154,23,8,0,72.59,1.7625,15.0644
10,58.14,2.585,5.55,1655.5,49.99,31043,81,9,0,67.43,1.2879,10.4757
30,74.03,1.804,5.26,1273.8,66.87,30791,90,2,0,68.01,1.1916,14.0741
5,68.27,0.515,5.27,1556.7,49.89,31135,49,5,0,73.03,3.4717,12.9545
39,79.46,5.053,4.87,1605.0,41.34,34079,15,13,0,70.58,2.5287,16.3162
10,72.09,3.007,5.65,1895.1,56.41,31270,81,9,0,67.99,1.2832,12.7593
49,70.26,2.914,6.07,1613.9,60.41,35206,62,5,0,69.2,1.978,11.575
27,117.38,5.093,4.73,1297.7,50.91,1935,52,16,1,71.47,1.2151,24.8161
9,76.13,0.948,7.19,1309.2,40.95,28754,28,7,0,69.2,1.7976,10.5883
6,54.36,5.497,5.06,1287.7,32.95,28347,71,2,0,71.07,3.1169,10.7431
12,63.22,4.484,6.64,1639.0,61.87,32599,111,6,0,67.94,1.4229,9.5211
6,61.24,3.253,5.5,1234.2,76.54,28601,71,2,0,70.89,3.1164,11.1345
17,82.53,2.0,6.3,1499.4,66.05,49077,49,0,0,70.12,1.3799,13.1
42,71.2,3.392,5.51,1351.9,47.97,5724,63,17,0,71.27,1.7976,12.922
6,74.77,2.078,6.54,1205.2,35.33,28679,71,2,0,71.0,3.1184,11.4327
12,65.13,2.351,4.93,1593.9,46.36,32406,111,6,0,66.83,1.3897,13.211
11,74.11,1.237,6.06,1592.1,65.72,39626,84,14,0,73.24,1.4332,12.2294
12,76.38,0.798,5.04,1498.2,34.3,32192,111,6,0,67.09,1.4089,15.1548
19,68.5,3.287,5.05,1478.0,51.94,33919,75,12,0,67.6,1.3839,13.5644
17,66.19,1.826,5.4,1706.3,67.83,48797,49,0,0,69.52,1.3864,12.2574
18,81.88,6.128,4.22,1013.3,95.11,33203,65,18,1,70.13,3.084,19.4028
34,72.59,2.66,5.15,1396.0,51.73,36948,12,19,0,69.98,1.0697,14.0951
34,66.29,0.955,7.07,1255.5,46.81,36761,12,19,0,69.7,1.0709,9.3762
34,66.2,2.499,6.67,2049.9,55.24,36922,12,19,0,69.15,1.0731,9.925
37,61.48,2.679,5.27,1722.2,60.13,14497,91,13,0,68.37,1.5664,11.666
46,67.01,1.126,5.77,1480.8,63.6,11291,19,9,0,66.26,1.673,11.6135
28,76.26,1.611,4.69,1158.1,60.14,47989,40,2,0,71.43,1.3655,16.2601
28,56.4,2.486,5.58,1346.6,63.69,47680,40,2,0,71.39,1.3532,10.1075
26,71.38,1.606,4.93,1333.0,71.85,12110,95,13,0,68.44,1.7536,14.4787
31,75.77,3.032,4.0,1368.9,48.07,8309,56,3,0,67.89,1.8335,18.9425
21,68.44,0.922,5.87,1122.5,29.88,41335,7,11,0,70.34,1.5895,11.6593
42,76.45,2.6,5.87,1494.5,63.46,5571,63,17,0,72.2,1.7861,13.0239
3,62.28,2.344,4.62,1587.3,54.25,50114,40,16,0,71.18,1.6952,13.4805
21,72.91,1.434,6.05,1658.5,40.94,41296,7,11,0,70.88,1.5867,12.0512
35,70.77,1.822,6.26,1426.6,59.16,8370,57,10,0,69.05,1.5069,11.3051
6,50.16,1.349,5.4,1481.9,40.16,28505,71,2,0,69.13,3.0529,9.2889
19,72.73,7.852,5.98,1705.7,76.72,34360,75,12,0,67.81,1.7319,12.1622
47,59.42,2.138,4.18,1408.6,75.92,17800,55,7,0,73.37,3.5973,14.2153
26,61.75,3.536,5.36,1205.2,63.75,12083,95,13,0,67.92,1.7378,11.5205
48,70.73,2.967,6.83,1375.9,52.52,29573,115,7,0,68.86,1.6381,10.3558
49,67.83,1.293,7.15,1324.7,48.94,34965,62,5,0,69.53,1.9601,9.4867
21,67.31,2.626,6.62,1788.6,46.23,41310,7,11,0,70.06,1.5852,10.1677
38,79.73,1.521,4.92,1249.8,43.21,28303,81,13,0,70.86,0.9939,16.2053
37,62.07,1.637,3.9,2004.5,72.29,14477,91,13,0,69.04,1.5732,15.9154
19,67.56,1.823,6.38,1338.6,58.79,33951,75,12,0,67.76,1.7133,10.5893
37,74.23,2.21,6.21,1570.5,83.22,14390,91,13,0,69.44,1.566,11.9533
10,69.02,2.699,4.81,1183.0,39.95,31073,81,9,0,67.67,1.2717,14.3493
26,68.86,2.511,6.58,1626.1,46.88,11791,95,13,0,66.53,1.0764,10.465
15,58.66,2.442,5.7,1532.3,58.45,12689,110,16,0,66.93,1.3266,10.2912
48,44.28,5.025,5.39,1240.6,45.53,29766,115,7,0,67.6,1.6985,8.2152
26,70.87,4.764,6.99,1382.3,39.49,11847,95,13,0,66.55,1.1761,10.1388
46,80.55,1.552,6.22,1658.3,66.55,11152,19,9,0,66.78,1.6768,12.9502
36,60.97,3.568,5.95,1455.2,35.54,32390,32,13,0,71.91,1.9851,10.2471
24,72.31,1.711,5.75,1391.1,61.84,2616,86,13,0,69.39,1.5466,12.5757
37,61.54,2.334,6.55,1805.0,47.94,14442,91,13,0,69.53,1.5496,9.3954
22,63.95,1.874,5.51,1409.9,52.01,25091,35,6,0,69.98,1.2308,11.6062
8,67.86,2.721,5.37,1391.0,59.28,39841,98,4,0,68.0,1.4612,12.6369
30,55.66,1.419,4.98,1348.8,66.27,30787,90,2,0,65.91,0.8643,11.1767
18,56.73,0.744,5.32,1157.8,47.2,33195,65,18,0,70.01,3.1242,10.6635
38,68.84,1.484,4.89,1600.2,44.06,28606,81,13,0,70.54,1.0002,14.0777
12,76.78,2.666,5.44,1683.1,57.6,32590,111,6,0,67.57,1.3979,14.114
8,74.77,2.032,5.53,1371.6,41.93,39854,98,4,0,68.51,1.4024,13.5208
25,70.77,1.348,5.53,1732.7,69.2,8790,25,2,0,72.97,2.9643,12.7975
32,72.27,4.131,5.54,1282.1,48.69,26082,56,0,0,68.71,1.1237,13.0451
29,85.19,0.971,6.46,1267.3,38.43,37099,18,13,0,72.59,6.0244,13.1873
24,66.06,2.034,6.3,1530.0,41.05,2505,86,13,0,69.35,1.5546,10.4857
18,66.0,1.021,4.32,1397.0,49.41,33054,65,18,0,68.95,2.7857,15.2778
4,88.55,3.306,1.44,1717.2,125.79,31570,45,1,1,72.68,1.892,61.4931
43,56.62,2.878,5.84,1431.9,54.34,22287,106,18,0,66.29,1.1725,9.6952
22,71.55,2.372,5.18,1245.6,34.16,25100,35,6,0,69.43,1.2296,13.8127
7,69.65,3.638,5.41,1718.5,79.72,2715,118,6,0,71.27,3.4497,12.8743
11,70.05,2.24,4.44,1321.7,56.85,39983,84,14,0,73.17,1.2758,15.777
10,70.76,3.151,6.11,1468.0,66.09,31191,81,9,0,67.78,1.2469,11.581
17,85.75,5.272,5.96,2059.8,80.75,49130,49,0,1,70.46,1.416,14.3876
24,73.91,2.381,5.84,1557.3,58.52,2491,86,13,0,69.57,1.5355,12.6558
50,74.19,8.015,2.51,1435.8,56.78,22526,21,3,1,69.29,1.734,29.5578
23,83.62,2.058,3.91,1398.1,46.92,6200,25,12,0,74.35,2.1781,21.3862
15,64.11,1.401,5.07,1551.7,54.52,12654,110,16,0,65.41,1.3414,12.645
4,61.19,1.43,5.79,1141.6,59.03,31631,45,1,0,72.76,1.8932,10.5682
6,82.5,1.44,5.94,1711.7,43.86,28674,71,2,0,68.68,3.0724,13.8889
48,67.85,2.219,4.39,1700.1,67.49,29828,115,7,0,68.42,1.7023,15.4556
41,64.07,2.577,5.41,1736.8,65.84,16826,22,7,0,70.09,2.1436,11.8429
4,71.82,1.207,5.19,1394.6,60.81,31759,45,1,0,72.97,1.8654,13.8382
39,77.9,1.518,5.32,1409.9,49.04,34376,15,13,0,70.75,2.5618,14.6429
42,69.58,1.091,4.1,1340.5,56.39,5616,63,17,0,70.95,1.8038,16.9707
41,73.89,1.328,5.31,1505.0,48.71,17054,22,7,0,70.0,2.1955,13.9153
32,63.24,1.835,7.07,1387.5,58.56,25942,56,0,0,67.84,1.1268,8.9448
17,58.33,1.711,4.29,1312.7,57.56,48821,49,0,0,70.15,1.437,13.5967
5,67.98,3.547,4.81,1692.2,54.71,31121,49,5,0,73.3,3.4695,14.1331
40,49.3,2.832,5.04,1600.7,64.75,39269,23,8,0,72.03,1.7621,9.7817
3,62.02,2.309,6.15,1298.9,64.72,50261,40,16,0,70.9,1.5825,10.0846
25,61.07,2.124,5.79,1331.4,39.39,9160,25,2,0,72.33,2.9427,10.5475
10,58.06,1.547,4.73,1175.7,71.42,31308,81,9,0,68.04,1.2638,12.2748
21,65.85,4.807,5.75,1609.6,48.72,41428,7,11,0,69.4,1.6407,11.4522
19,67.73,1.988,5.68,1481.3,62.08,34110,75,12,0,67.81,1.607,11.9243
35,85.71,0.884,5.77,1552.4,64.41,8315,57,10,0,69.93,1.5451,14.8544
26,79.54,4.267,5.16,817.1,50.4,12052,95,13,0,67.3,1.1822,15.4147
9,70.23,3.542,6.94,1225.4,70.2,28943,28,7,0,69.08,1.8001,10.1196
30,76.51,1.496,5.78,812.1,89.6,30887,90,2,0,66.25,0.8702,13.237
39,75.31,2.697,6.17,1308.2,47.37,34224,15,13,0,71.44,2.4691,12.2058
14,65.27,5.689,6.22,1586.0,49.7,32889,41,2,0,71.51,1.7624,10.4936
47,66.49,1.993,6.0,1667.1,38.63,17845,55,7,0,73.48,3.5496,11.0817
15,74.58,2.15,4.45,1533.0,48.9,12771,110,16,0,65.83,1.3099,16.7596
39,71.63,2.236,5.43,1785.5,25.3,34004,15,13,0,71.26,2.4475,13.1915
7,67.42,4.74,5.48,1430.2,58.33,2773,118,6,0,70.87,3.4616,12.3029
24,62.37,2.714,6.01,1213.8,51.07,2538,86,13,0,68.9,1.5283,10.3777
31,71.3,1.862,5.59,1370.6,34.6,8374,56,3,0,67.17,1.8349,12.7549
5,67.59,2.242,6.17,1287.7,56.75,31545,49,5,0,72.57,3.4712,10.9546
41,55.78,3.506,5.33,1498.1,83.3,16784,22,7,0,69.59,2.1723,10.4653
41,82.62,3.11,2.81,1186.4,70.39,16741,22,7,1,71.0,2.1725,29.4021
36,71.54,1.746,4.71,1201.2,65.29,32323,32,13,0,71.74,1.9745,15.189
5,86.03,3.842,4.61,1856.0,33.8,31241,49,5,0,73.52,3.4454,18.6616
31,84.11,9.502,4.35,1211.5,100.54,8266,56,3,1,67.54,2.2378,19.3356
4,77.68,4.035,5.7,1787.1,43.03,31657,45,1,0,73.33,1.896,13.6281
33,62.06,4.839,6.11,1749.7,54.27,17591,109,0,0,68.13,1.3153,10.1571
39,64.77,2.492,5.53,1473.3,62.76,34160,15,13,0,70.94,2.4446,11.7125
37,60.23,1.484,6.48,1320.0,37.44,14751,91,13,0,69.73,1.5818,9.2948
34,64.94,1.125,5.16,1476.8,75.58,37016,12,19,0,69.23,1.0458,12.5853
25,69.99,1.981,4.16,1755.3,28.06,8713,25,2,0,72.5,2.9439,16.8245
36,80.56,2.119,5.08,1398.3,55.51,32286,32,13,0,72.1,1.9866,15.8583
41,57.78,5.374,5.09,1011.6,54.85,16919,22,7,0,70.42,2.182,11.3517
25,63.47,2.214,4.52,1235.5,62.5,9059,25,2,0,72.26,2.9399,14.042
46,92.68,7.343,1.06,1908.9,81.65,11155,19,9,1,67.52,1.8605,87.434
4,70.27,2.464,5.21,1285.6,43.22,31897,45,1,0,73.23,1.8956,13.4875
30,59.86,5.524,4.5,1433.8,57.34,31103,90,2,0,66.01,1.0607,13.3022
15,62.6,3.764,5.44,1486.4,39.06,12819,110,16,0,65.78,1.2683,11.5074
41,63.71,1.732,5.28,1534.1,57.91,17089,22,7,0,69.71,2.2063,12.0663
39,68.44,2.887,5.79,1633.0,42.41,34226,15,13,0,70.64,2.4334,11.8204
9,68.16,2.009,5.47,1453.0,42.88,28714,28,7,0,68.48,1.8013,12.4607
5,68.1,3.88,5.37,1391.6,46.03,31316,49,5,0,73.63,3.4293,12.6816
13,74.19,1.083,5.93,1327.6,50.14,47031,72,9,0,72.33,2.5179,12.511
39,67.15,1.791,5.69,1591.4,51.63,33932,15,13,0,71.24,2.452,11.8014
26,56.63,1.725,5.27,1406.5,54.38,11750,95,13,0,66.71,1.1578,10.7457
3,76.33,3.814,5.21,1276.7,66.17,50161,40,16,0,70.08,1.4762,14.6507
29,74.64,2.733,7.25,1476.7,30.65,37031,18,13,0,72.86,6.016,10.2952
48,73.5,0.661,4.75,1616.7,36.15,29952,115,7,0,68.81,1.7561,15.4737
5,76.57,0.822,6.54,1489.3,63.11,31223,49,5,0,74.17,3.4466,11.708
41,76.2,2.48,5.09,1107.8,55.57,16879,22,7,0,69.71,2.1892,14.9705
20,75.97,1.573,4.48,1033.8,57.57,24951,31,3,0,72.36,3.2778,16.9576
18,85.37,3.596,6.45,1483.3,45.75,32909,65,18,0,69.62,2.7914,13.2357
19,71.78,0.783,4.43,1155.0,69.5,34310,75,12,0,67.51,1.6209,16.2032
31,94.54,4.026,4.74,1998.1,95.72,8583,56,3,1,69.02,2.2272,19.9451
38,74.29,2.363,7.33,1384.8,69.42,28271,81,13,0,71.28,0.9998,10.1351
22,77.45,1.703,6.86,1607.3,62.14,25121,35,6,0,70.44,1.2373,11.2901
24,49.81,2.644,6.07,1482.3,53.12,2517,86,13,0,68.32,1.4682,8.2059
50,60.92,3.278,5.94,1592.2,64.84,22096,21,3,0,69.06,1.674,10.2559
23,79.38,4.022,5.51,1607.5,38.42,6563,25,12,0,73.92,2.0024,14.4065
4,79.58,3.13,6.15,1658.6,54.37,31536,45,1,0,73.66,1.8889,12.9398
27,62.73,1.723,5.59,1435.8,42.59,1997,52,16,0,71.02,1.2175,11.2218
14,68.89,2.475,6.12,1653.4,47.47,32767,41,2,0,72.05,1.7626,11.2565
23,75.51,1.903,7.38,1363.9,57.45,6435,25,12,0,73.97,2.0295,10.2317
26,77.67,1.737,6.99,1782.7,58.12,11987,95,13,0,67.15,1.1702,11.1116
38,72.38,17.669,6.21,1510.5,68.79,28228,81,13,1,71.35,3.2799,11.6554
18,55.76,1.295,5.27,1517.8,60.52,33073,65,18,0,69.11,2.783,10.5806
3,67.99,0.773,5.76,1232.8,61.65,50379,40,16,0,69.86,1.5307,11.8038
28,74.02,2.749,4.09,1921.6,63.55,47905,40,2,0,71.16,1.3517,18.0978
42,58.89,2.164,5.54,1845.2,42.47,5828,63,17,0,70.7,1.8068,10.63
36,66.24,3.565,5.74,1619.8,51.44,32690,32,13,0,71.37,1.9836,11.5401
47,66.02,2.579,4.26,1567.9,63.37,17711,55,7,0,73.48,3.5268,15.4977
40,69.14,1.165,3.83,1353.1,61.65,39368,23,8,0,72.33,1.7743,18.0522
12,63.62,2.585,5.54,1456.1,49.46,32616,111,6,0,67.37,1.3966,11.4838
9,54.16,1.673,4.35,1521.8,62.18,28779,28,7,0,68.5,1.7449,12.4506
32,58.47,2.401,5.8,1702.7,57.86,26255,56,0,0,67.22,0.9028,10.081
44,62.26,5.972,6.05,1257.7,56.7,15422,41,3,0,74.13,3.0269,10.2909
5,62.84,1.418,5.55,1460.4,50.65,31609,49,5,0,73.4,3.0647,11.3225
4,72.56,1.642,6.25,1451.6,64.42,31902,45,1,0,74.68,1.8904,11.6096
49,62.94,5.772,4.41,1520.2,60.53,35324,62,5,0,69.03,2.0513,14.2721
27,62.79,1.877,6.37,1280.2,72.48,2121,52,16,0,71.16,1.221,9.8571
10,60.82,3.142,4.9,1217.6,65.58,31314,81,9,0,67.64,1.2549,12.4122
19,63.87,1.59,5.63,1500.8,49.54,34150,75,12,0,67.2,1.6323,11.3446
41,81.72,3.758,4.14,1616.6,59.47,16717,22,7,0,70.16,2.1356,19.7391
7,86.81,2.329,4.9,1643.7,104.65,2913,118,6,1,71.83,3.4458,17.7163
25,70.92,3.801,4.77,1585.6,58.11,9109,25,2,0,72.52,2.9263,14.8679
30,52.61,1.036,5.24,1976.4,40.35,30896,90,2,0,65.22,1.0909,10.0401
23,72.09,3.9,6.33,1538.4,48.36,6607,25,12,0,74.19,2.0208,11.3886
12,63.29,1.272,5.38,1657.2,26.65,32175,111,6,0,67.91,1.3944,11.7639
38,71.8,1.703,6.2,1495.9,45.6,28383,81,13,0,71.67,3.2881,11.5806
34,67.12,2.881,5.3,1512.5,41.09,37153,12,19,0,69.45,1.0572,12.6642
6,54.78,3.912,5.87,1469.9,49.63,28440,71,2,0,67.81,2.0288,9.3322
26,115.22,2.862,3.12,1954.9,91.82,11748,95,13,1,68.68,1.1487,36.9295
28,73.73,3.572,5.17,1030.1,40.64,47939,40,2,0,71.5,1.3405,14.2611
22,60.66,2.442,6.31,1552.6,49.21,25224,35,6,0,69.38,1.1932,9.6133
40,62.35,1.129,5.9,1547.9,60.82,39088,23,8,0,71.18,1.8017,10.5678
8,70.96,1.551,4.12,1530.5,83.09,39469,98,4,0,68.99,1.3971,17.2233
31,62.21,3.783,5.68,1488.3,48.51,8392,56,3,0,68.49,2.2095,10.9525
28,68.66,1.758,5.59,1389.1,67.97,47778,40,2,0,71.37,1.3104,12.2826
35,73.09,1.865,5.85,1529.3,49.85,8407,57,10,0,69.84,1.5598,12.494
33,70.98,2.693,5.92,1482.5,68.02,17606,109,0,0,67.96,1.3111,11.9899
24,74.6,3.84,6.3,1634.5,53.19,2560,86,13,0,68.36,1.4643,11.8413
3,67.3,1.345,5.14,1198.9,48.59,50149,40,16,0,69.74,1.5538,13.0934
35,60.0,3.788,4.99,1307.4,59.19,8509,57,10,0,69.84,1.4151,12.024
30,63.11,3.989,5.7,985.4,54.13,31011,90,2,0,65.12,1.0946,11.0719
34,69.69,2.418,4.79,1550.4,69.48,37063,12,19,0,69.52,1.0609,14.5491
2,71.0,2.037,6.63,1390.6,53.94,6983,88,17,0,68.96,1.5893,10.7089
20,58.97,1.967,5.21,1180.6,46.29,24954,31,3,0,71.84,3.2808,11.3186
24,74.61,0.993,6.99,1653.8,66.33,2609,86,13,0,68.22,1.4647,10.6738
47,55.96,3.362,5.62,1741.2,59.7,17737,55,7,0,72.97,3.5265,9.9573
34,62.97,6.35,5.6,1300.1,77.09,37042,12,19,0,69.44,1.367,11.2446
31,73.81,4.006,5.59,1529.7,43.99,8325,56,3,0,69.15,2.194,13.2039
18,73.11,1.134,5.22,1598.5,57.93,33200,65,18,0,69.18,2.7816,14.0057
33,77.05,2.465,4.62,1259.8,42.33,17535,109,0,0,68.32,1.2963,16.6775
22,74.12,5.537,6.11,1527.7,60.5,25325,35,6,0,69.67,1.3174,12.1309
2,66.42,2.318,6.29,1533.2,49.4,6713,88,17,0,69.01,1.5702,10.5596
1,61.47,2.711,5.16,1620.6,61.13,2487,74,9,0,66.83,2.1522,11.9128
48,74.02,2.794,5.46,1505.5,58.13,29725,115,7,0,69.03,1.7498,13.5568
28,54.54,4.289,5.96,1191.5,83.75,47633,40,2,0,70.07,1.3029,9.151
7,81.78,2.249,5.24,1234.9,57.53,2960,118,6,0,72.08,3.4327,15.6069
19,71.39,5.714,4.8,1279.4,64.63,34265,75,12,0,67.26,1.7319,14.8729
44,65.82,1.864,5.64,1631.7,32.75,15348,41,3,0,73.67,3.0181,11.6702
16,64.02,1.931,6.29,1654.3,60.18,2997,83,12,0,68.24,1.6095,10.1781
8,67.03,4.601,6.26,1590.9,57.34,39715,98,4,0,68.51,1.4015,10.7077
23,70.17,1.87,4.8,1502.4,62.26,6447,25,12,0,74.34,2.0263,14.6188
48,62.54,2.855,5.45,1538.3,38.37,29607,115,7,0,69.67,1.7499,11.4752
15,68.97,3.221,6.35,1586.5,67.8,12622,110,16,0,65.88,1.2722,10.8614
25,55.04,3.158,5.58,1522.9,42.46,8760,25,2,0,72.53,2.9123,9.8638
25,67.96,1.449,3.54,1369.9,48.56,9023,25,2,0,72.68,2.9301,19.1977
9,66.78,2.003,3.88,1237.4,58.11,28851,28,7,0,68.05,1.7507,17.2113
12,62.57,3.18,5.45,1626.4,48.95,32468,111,6,0,67.51,1.3998,11.4807
37,76.34,0.757,4.8,1156.3,64.61,14554,91,13,0,70.33,1.6457,15.9042
11,64.81,2.395,5.01,1728.5,65.83,39667,84,14,0,72.33,1.2632,12.9361
28,74.22,2.885,5.81,1668.4,45.54,47746,40,2,0,70.02,1.2767,12.7745
14,108.61,7.483,4.53,1337.4,91.18,32840,41,2,1,73.11,1.9789,23.9757
8,67.91,2.284,6.5,1478.8,45.7,39813,98,4,0,68.42,1.334,10.4477
23,77.5,2.325,4.06,1342.8,43.98,6426,25,12,0,74.1,1.9813,19.0887
33,75.6,3.758,5.39,932.6,44.08,17460,109,0,0,68.63,1.2652,14.026
9,73.78,4.02,4.56,1669.7,61.47,28582,28,7,0,68.53,1.7676,16.1798
31,85.06,1.515,5.33,1371.8,63.25,8529,56,3,0,70.2,2.2238,15.9587
29,66.57,2.648,4.45,1764.7,24.67,36931,18,13,0,72.14,6.0162,14.9596
48,52.71,2.74,5.83,1468.5,53.65,29997,115,7,0,68.4,1.7311,9.0412
1,64.17,1.925,4.81,1142.0,75.1,2586,74,9,0,67.02,2.1354,13.341
5,69.13,3.882,4.04,1892.2,70.64,31516,49,5,0,72.79,2.3738,17.1114
1,65.11,6.689,5.99,1420.6,42.02,2671,74,9,0,66.52,2.2777,10.8698
3,67.99,3.455,5.54,1571.4,77.36,50096,40,16,0,69.88,1.5629,12.2726
33,72.46,3.253,5.78,1534.5,31.94,17458,109,0,0,68.49,1.2463,12.5363
13,72.13,2.172,5.98,1897.3,63.58,47058,72,9,0,72.37,2.4784,12.0619
31,75.58,2.668,5.34,1369.7,80.39,8451,56,3,0,70.38,2.1973,14.1536
1,71.11,2.018,6.0,1417.1,47.44,2705,74,9,0,66.74,2.2844,11.8517
36,64.54,1.011,4.93,1125.4,55.87,32321,32,13,0,71.19,2.0027,13.0913
16,63.61,1.368,5.79,1609.4,41.08,2997,83,12,0,67.68,1.5984,10.9862
11,100.25,3.032,4.34,2303.8,83.25,39894,84,14,1,73.22,1.2621,23.0991
25,79.13,2.653,5.15,1302.8,52.61,8955,25,2,0,72.93,2.925,15.365
21,71.38,3.614,6.53,1347.5,59.18,41241,7,11,0,69.58,1.6537,10.9311
10,61.3,3.014,5.77,1734.3,59.1,31149,81,9,0,67.49,1.2405,10.6239
19,57.0,1.288,6.84,1157.3,59.38,34270,75,12,0,66.78,1.7374,8.3333
22,80.8,1.858,4.96,1225.9,38.76,25227,35,6,0,70.09,1.3181,16.2903
50,67.97,1.083,5.03,1208.0,59.14,22237,21,3,0,69.23,1.7087,13.5129
30,68.59,2.73,3.9,1663.9,66.19,31088,90,2,0,65.1,1.0409,17.5872
49,63.24,2.007,4.35,969.2,43.39,35264,62,5,0,68.69,2.0529,14.5379
49,83.69,2.691,6.5,1462.4,57.73,35050,62,5,0,69.12,2.0441,12.8754
6,65.27,2.4,4.1,1701.7,54.09,28670,71,2,0,67.69,2.0318,15.9195
7,63.29,1.876,6.45,1368.6,47.57,3070,118,6,0,71.94,3.4447,9.8124
1,64.39,9.938,4.53,2006.9,88.3,2462,74,9,1,66.97,2.6903,14.2141
35,59.63,2.514,5.28,1257.2,62.23,8287,57,10,0,69.31,1.2194,11.2936
21,59.96,3.826,6.06,1314.6,51.21,41150,7,11,0,68.79,1.6083,9.8944
10,77.78,2.59,5.16,1697.2,55.56,31259,81,9,0,67.86,1.2347,15.0736
8,67.16,1.572,4.3,1401.7,64.13,39960,98,4,0,68.58,1.3498,15.6186
49,64.07,1.977,5.08,1627.6,47.91,34998,62,5,0,69.39,1.9552,12.6122
24,96.13,6.71,3.59,1796.3,74.12,2601,86,13,1,69.62,1.5983,26.7772
29,73.3,1.57,4.92,1553.7,57.47,36869,18,13,0,72.63,6.0111,14.8984
19,55.33,2.011,6.5,1339.5,52.66,34245,75,12,0,66.65,1.7132,8.5123
39,76.9,0.641,5.25,1376.4,58.26,33977,15,13,0,71.99,2.4756,14.6476
4,88.09,2.233,5.94,1245.0,60.38,31633,45,1,0,75.8,1.8651,14.83
29,80.2,1.418,6.44,1647.0,64.8,36670,18,13,0,72.92,6.0065,12.4534
39,67.01,1.392,5.51,1440.2,21.04,34400,15,13,0,71.81,2.485,12.1615
15,47.84,1.304,7.5,1713.0,36.09,12915,110,16,0,64.53,0.9495,6.3787
33,68.83,4.924,4.79,1246.7,50.07,17531,109,0,0,68.97,1.3382,14.3695
1,69.4,3.465,5.62,1434.2,37.6,2550,74,9,0,66.97,2.6768,12.3488
37,68.03,2.979,5.42,1495.1,48.93,14649,91,13,0,70.67,1.6456,12.5517
41,59.69,1.061,6.09,1363.8,57.42,16643,22,7,0,69.73,2.206,9.8013
3,72.18,1.541,5.26,1677.2,45.02,50152,40,16,0,70.56,1.5774,13.7224
28,70.31,1.281,5.08,1467.8,58.9,47782,40,2,0,69.72,1.2743,13.8406
29,37.15,2.66,4.56,1358.6,54.19,36670,18,13,0,71.11,5.9842,8.1469
50,62.91,1.862,5.44,1491.6,47.64,22231,21,3,0,68.55,1.6659,11.5643
39,76.22,1.689,4.94,1701.3,66.13,34275,15,13,0,72.07,2.4672,15.4291
9,73.7,5.634,5.15,1663.0,51.4,28992,28,7,0,68.7,1.8647,14.3107
5,73.55,4.395,5.3,1375.6,43.02,31480,49,5,0,72.86,2.3404,13.8774
42,77.06,1.383,6.15,1078.0,45.58,5876,63,17,0,70.72,1.7989,12.5301
26,71.59,7.158,1.66,1775.1,78.37,12107,95,13,1,69.04,1.4915,43.1265
25,88.33,4.313,4.01,1587.0,77.46,8895,25,2,1,73.86,2.9131,22.0274
23,88.2,1.163,5.82,1695.4,70.86,6365,25,12,0,75.14,2.0185,15.1546
47,70.9,4.467,4.89,1317.5,62.04,18153,55,7,0,73.37,3.5176,14.499
29,74.27,2.118,6.25,1677.4,75.49,36899,18,13,0,69.93,2.1861,11.8832
31,67.95,2.515,5.94,1623.2,67.32,8506,56,3,0,69.97,2.2014,11.4394
27,58.62,2.605,6.33,1149.6,57.85,2235,52,16,0,70.64,1.2221,9.2607
30,104.71,11.809,2.96,1298.3,77.77,31095,90,2,1,66.91,2.1582,35.375
12,66.19,2.71,5.23,1522.9,47.52,32177,111,6,0,67.38,1.3939,12.6558
19,74.99,4.709,6.46,1359.0,69.18,34082,75,12,0,66.88,1.729,11.6084
48,71.65,1.205,5.64,1347.9,50.94,29681,115,7,0,68.51,1.7554,12.7039
8,67.6,7.118,3.13,1243.8,75.23,39746,98,4,1,68.38,1.6207,21.5974
13,57.27,2.257,4.66,1844.2,56.88,47056,72,9,0,72.22,2.4439,12.2897
37,68.82,1.665,5.43,1518.9,66.53,14295,91,13,0,70.92,1.6536,12.674
37,99.83,3.593,5.25,1537.1,83.09,14586,91,13,1,72.36,1.6577,19.0152
19,71.83,3.171,4.26,1635.5,42.57,34095,75,12,0,67.58,1.7316,16.8615
24,61.74,2.825,6.31,1429.1,38.38,2212,86,13,0,69.15,1.5885,9.7845
50,60.62,1.248,5.87,1629.5,67.36,22539,21,3,0,68.26,1.6856,10.3271
28,51.87,2.144,6.51,1106.8,54.57,47812,40,2,0,69.11,1.2363,7.9677
17,56.36,1.914,4.88,1848.9,37.44,48769,49,0,0,69.32,1.4468,11.5492
41,65.88,3.031,6.87,1554.4,48.03,16693,22,7,0,69.29,2.2054,9.5895
3,86.94,2.814,2.72,1691.0,91.52,50395,40,16,1,71.59,1.5676,31.9632
31,59.85,1.081,5.42,1348.4,67.76,8142,56,3,0,69.37,2.2143,11.0424
49,68.99,2.899,4.5,1424.3,31.16,35237,62,5,0,69.76,1.9541,15.3311
32,70.66,1.05,5.14,1595.9,48.87,26192,56,0,0,67.21,0.9253,13.7471
40,64.59,1.271,4.83,1593.0,46.01,39007,23,8,0,69.97,1.8212,13.3727
10,58.72,4.845,5.45,1408.5,84.47,31311,81,9,0,67.06,1.2713,10.7743
21,70.47,1.16,6.08,1441.6,44.39,41387,7,11,0,68.72,1.6379,11.5905
14,67.29,0.901,5.75,1225.7,54.13,33101,41,2,0,72.97,1.9558,11.7026
21,70.67,3.297,4.74,1392.7,31.26,41290,7,11,0,69.07,1.6426,14.9093
5,62.72,2.536,5.05,1398.5,46.28,31478,49,5,0,71.89,2.3124,12.4198
3,72.05,2.77,7.6,1585.2,50.73,50063,40,16,0,72.09,1.5576,9.4803
18,67.12,2.039,5.54,1748.7,52.28,32817,65,18,0,68.96,2.7654,12.1155
5,72.42,2.232,5.57,1089.3,40.94,31361,49,5,0,71.6,2.3203,13.0018
12,52.06,2.917,6.57,1202.2,32.9,32525,111,6,0,67.21,1.3733,7.9239
47,74.41,1.361,4.6,1859.0,72.36,18147,55,7,0,72.83,2.0275,16.1761
5,86.53,6.571,0.5,1299.6,88.49,31136,49,5,1,72.67,2.3555,173.06
7,78.25,1.631,4.38,1560.5,34.04,2683,118,6,0,72.45,3.451,17.8653
11,69.51,1.85,4.72,1538.2,52.14,40008,84,14,0,72.43,0.974,14.7267
1,57.22,1.987,5.68,1455.7,54.59,2522,74,9,0,66.58,2.6555,10.0739
27,61.88,1.534,5.12,1532.1,69.58,2148,52,16,0,70.32,1.2303,12.0859
34,70.46,1.414,4.35,1689.4,55.6,36832,12,19,0,69.09,1.3245,16.1977
29,81.22,2.76,4.39,1713.9,21.53,37021,18,13,0,70.09,2.1639,18.5011
37,60.25,3.119,5.54,1534.0,44.35,14649,91,13,0,72.49,1.6477,10.8755
23,64.08,2.698,4.94,1100.2,31.95,6430,25,12,0,74.87,2.0195,12.9717
44,68.0,1.399,5.79,1538.7,55.76,15399,41,3,0,73.32,3.0604,11.7444
27,81.08,3.019,6.39,1529.4,55.57,2118,52,16,0,71.18,1.21,12.6886
29,71.64,1.925,5.0,1291.9,54.0,36873,18,13,0,70.39,2.1657,14.328
30,69.78,2.024,5.45,1139.2,58.34,31028,90,2,0,67.05,2.1646,12.8037
37,61.63,2.947,6.27,1190.1,43.94,14521,91,13,0,70.36,1.623,9.8293
7,55.94,2.038,6.58,1599.6,71.25,2964,118,6,0,71.89,3.458,8.5015
45,72.45,1.313,6.66,1463.4,50.59,1082,30,11,0,71.03,3.0576,10.8784
13,102.95,4.118,4.43,1249.6,52.67,47115,72,9,1,72.62,2.0864,23.2393
39,64.69,2.829,4.65,1748.4,41.42,34198,15,13,0,71.05,2.4587,13.9118
24,50.73,1.053,5.7,1198.7,60.87,2226,86,13,0,69.04,1.5366,8.9
18,72.68,3.049,6.45,1619.8,34.21,33067,65,18,0,69.14,1.2759,11.2682
44,64.77,2.145,4.92,1703.1,69.49,15536,41,3,0,73.44,3.0766,13.1646
48,98.6,7.316,3.98,1814.4,115.78,29571,115,7,1,69.89,1.9939,24.7739
8,58.84,2.341,5.16,1492.1,59.05,39609,98,4,0,67.99,1.6167,11.4031
6,79.39,3.324,5.99,1598.0,64.96,28583,71,2,0,67.41,2.0129,13.2538
21,71.46,3.215,5.99,1281.2,57.27,41311,7,11,0,69.51,1.625,11.9299
21,93.79,4.307,3.58,1704.6,97.98,41467,7,11,1,70.78,1.6504,26.1983
6,75.35,5.156,4.78,1488.2,45.31,28601,71,2,0,67.93,2.0306,15.7636
46,60.21,2.813,5.36,1341.8,66.52,11182,19,9,0,67.46,1.8542,11.2332
50,78.97,2.22,6.39,1805.3,68.39,22240,21,3,0,68.55,1.6855,12.3584
22,50.33,1.394,5.17,1331.2,46.53,25344,35,6,0,68.97,1.345,9.735
49,70.42,1.223,5.02,1430.2,41.47,35109,62,5,0,70.47,1.9692,14.0279
8,93.08,5.43,3.89,1382.9,115.46,39779,98,4,1,69.69,1.6916,23.928
20,70.8,2.238,4.24,1367.4,41.24,24586,31,3,0,72.1,3.2801,16.6981
1,66.3,3.378,5.48,1246.3,65.02,2473,74,9,0,66.89,2.648,12.0985
28,69.56,1.448,5.64,1504.8,52.61,47681,40,2,0,69.38,1.2363,12.3333
16,74.61,2.305,5.43,1554.7,70.59,3103,83,12,0,67.66,1.5982,13.7403
20,73.38,1.313,4.55,1324.1,68.71,24874,31,3,0,72.76,3.2948,16.1275
9,60.39,1.476,4.64,1598.1,70.36,28533,28,7,0,68.44,1.8516,13.0151
46,48.47,1.554,6.15,1533.1,49.19,11523,19,9,0,66.33,1.8351,7.8813
45,74.23,3.034,5.49,1513.7,64.38,1173,30,11,0,71.25,3.0572,13.5209
4,59.21,2.255,6.59,1558.5,54.55,31592,45,1,0,75.04,1.8318,8.9848
6,66.81,3.016,4.96,1594.2,49.12,28592,71,2,0,67.69,1.9189,13.4698
48,73.88,5.954,5.46,1366.9,46.75,29763,115,7,0,69.04,1.6328,13.5311
14,83.41,2.787,4.68,1458.8,79.46,33176,41,2,1,73.27,1.9317,17.8226
36,73.0,2.835,5.82,1480.8,72.58,32459,32,13,0,71.1,1.9906,12.543
47,46.34,3.835,5.34,1079.6,42.63,17975,55,7,0,71.76,2.0044,8.6779
16,97.57,3.665,3.14,1847.4,99.48,3273,83,12,1,69.27,1.6054,31.0732
41,62.47,5.64,5.49,1352.0,49.5,16680,22,7,0,69.93,2.2351,11.3789
22,72.44,2.596,5.52,1244.2,66.75,25282,35,6,0,68.68,1.3304,13.1232
7,74.54,3.223,4.51,1799.9,74.42,2850,118,6,0,72.57,3.4247,16.5277
50,75.83,1.4,5.73,1329.0,49.48,22240,21,3,0,69.36,1.6986,13.2339
35,67.77,1.92,5.82,1454.4,72.39,8107,57,10,0,68.64,1.2244,11.6443
42,64.81,2.362,7.03,930.1,42.4,5517,63,17,0,70.63,1.7898,9.2191
3,81.35,1.409,5.26,908.2,65.54,50385,40,16,0,72.96,1.5747,15.4658
17,97.03,2.377,3.45,1128.3,112.2,48992,49,0,1,70.64,1.4455,28.1246
47,71.08,3.07,5.68,1567.4,42.49,17700,55,7,0,70.14,1.9902,12.5141
50,66.59,1.819,7.47,1279.2,66.16,22530,21,3,0,69.03,1.7045,8.9143
33,64.94,6.333,4.21,1441.3,51.91,17493,109,0,0,68.83,1.5404,15.4252
25,80.52,4.039,5.29,1511.5,57.52,9130,25,2,0,74.47,2.8178,15.2212
18,62.64,3.571,7.0,1404.3,53.19,32791,65,18,0,68.79,1.2757,8.9486
45,74.59,1.772,6.33,1289.0,46.85,997,30,11,0,70.83,3.0688,11.7836
9,61.82,3.374,6.59,1434.5,68.32,28533,28,7,0,68.24,1.8413,9.3809
26,85.53,2.612,6.23,1160.6,59.06,12053,95,13,0,70.32,1.4896,13.7287
26,56.45,5.013,4.85,1800.0,40.62,11818,95,13,0,69.7,1.5572,11.6392
11,91.24,10.213,4.3,1514.1,83.77,39585,84,14,1,72.6,1.8762,21.2186
8,55.48,1.791,4.95,1636.6,46.92,39502,98,4,0,68.67,1.7008,11.2081
19,69.66,1.66,7.08,1555.5,47.07,34033,75,12,0,67.59,1.7213,9.839
17,69.76,1.043,3.69,1622.4,47.3,48762,49,0,0,70.53,1.4138,18.9051
35,63.28,0.691,5.44,1358.8,71.1,8192,57,10,0,68.13,1.2807,11.6324
42,66.98,3.979,4.8,1636.0,43.85,5731,63,17,0,70.5,1.7849,13.9542
48,67.27,2.301,5.86,1317.9,60.45,29764,115,7,0,69.24,1.626,11.4795
17,65.77,1.348,4.25,1404.3,59.36,48727,49,0,0,70.55,1.3381,15.4753
11,54.6,1.129,5.42,1683.1,65.63,39565,84,14,0,72.32,1.9027,10.0738
27,66.88,3.841,5.29,1096.9,41.44,2179,52,16,0,71.05,1.2456,12.6427
23,92.15,7.708,3.58,2087.7,79.01,6566,25,12,1,75.77,2.2065,25.7402
37,69.54,3.073,5.32,1487.1,49.22,14591,91,13,0,70.62,1.6076,13.0714
49,76.31,3.739,6.31,1649.8,34.33,35012,62,5,0,70.96,1.9646,12.0935
39,45.96,3.286,5.17,1199.6,62.06,34252,15,13,0,70.16,2.3742,8.8897
14,86.22,1.569,5.27,1261.0,27.69,33123,41,2,0,74.32,1.9505,16.3605
13,50.93,1.824,4.99,1502.9,61.57,46844,72,9,0,72.27,2.0828,10.2064
3,53.15,1.496,4.52,1359.1,66.38,50383,40,16,0,72.88,1.5901,11.7588
47,77.59,0.639,6.73,1566.8,35.64,17666,55,7,0,70.36,2.0298,11.529
35,70.82,1.497,5.93,1255.4,70.57,8287,57,10,0,67.83,1.2819,11.9427
21,62.81,0.827,5.54,1460.0,61.2,41266,7,11,0,71.07,1.6696,11.3375
45,61.24,3.472,4.23,1261.6,61.0,1087,30,11,0,70.57,3.0686,14.4775
34,78.28,3.207,2.06,1641.8,45.14,36882,12,19,0,69.08,1.3255,38.0
46,59.65,4.365,5.29,1544.0,49.5,11412,19,9,0,66.19,1.8514,11.276
44,66.03,3.308,3.18,1455.3,61.83,15176,41,3,1,72.51,3.0719,20.7642
40,60.83,1.253,5.44,1372.4,64.89,39271,23,8,0,68.83,1.8351,11.182
39,63.5,4.181,6.87,1526.4,66.41,34067,15,13,0,69.66,2.3797,9.2431
36,69.12,3.284,3.85,1632.6,51.87,32539,32,13,0,70.94,1.9875,17.9532
36,72.88,3.601,4.4,1234.9,65.96,32704,32,13,0,71.08,1.7723,16.5636
45,64.1,2.117,5.24,1640.8,84.98,1170,30,11,0,70.31,3.0717,12.2328
8,79.35,4.597,5.2,1360.3,63.59,39566,98,4,0,69.24,1.7059,15.2596
36,60.27,4.519,5.2,1297.6,71.01,32606,32,13,0,70.56,1.7894,11.5904
28,69.08,2.181,6.79,1281.0,38.12,47854,40,2,0,69.35,1.2155,10.1738
32,71.59,2.76,5.37,1814.7,64.73,26246,56,0,0,67.6,0.9323,13.3315
29,59.46,2.206,4.94,1633.4,36.44,36740,18,13,0,69.77,2.1136,12.0364
26,76.82,3.909,7.39,1600.7,68.55,11844,95,13,0,69.8,1.5086,10.3951
11,80.73,1.45,4.96,1545.6,48.9,39533,84,14,0,72.78,1.9134,16.2762
2,74.43,2.251,7.52,1631.5,47.9,6878,88,17,0,69.25,1.571,9.8976
5,79.36,2.159,5.89,1401.8,55.04,31597,49,5,0,73.26,2.3427,13.4737
24,66.78,3.815,5.51,1202.1,59.3,2413,86,13,0,68.85,1.5376,12.1198
27,63.9,3.389,5.15,863.1,56.53,2024,52,16,0,70.7,1.2232,12.4078
42,61.22,1.772,6.86,1770.9,45.3,5979,63,17,0,69.96,1.7772,8.9242
46,62.38,3.347,5.26,1373.7,63.21,11037,19,9,0,66.25,1.8428,11.8593
31,77.63,4.741,5.34,1194.3,76.82,8175,56,3,0,70.21,2.1629,14.5375
17,69.93,2.151,5.69,1670.5,51.83,49178,49,0,0,70.13,1.3319,12.29
39,77.66,1.533,5.4,1171.0,73.84,34390,15,13,0,70.37,2.3826,14.3815
25,62.98,3.426,5.79,1490.3,67.05,8707,25,2,0,74.82,2.7747,10.8774
47,69.88,1.306,5.05,1455.0,61.84,17735,55,7,0,70.14,2.063,13.8376
2,71.22,2.741,5.17,1118.0,29.18,6935,88,17,0,69.4,1.5718,13.7756
31,68.35,4.593,4.03,1447.0,60.4,8516,56,3,0,70.57,2.138,16.9603
42,59.12,0.957,5.52,1440.1,62.51,5805,63,17,0,70.28,1.785,10.7101
20,66.02,2.024,4.29,1386.3,45.49,24801,31,3,0,72.72,3.2868,15.3893
50,69.08,2.799,6.34,1762.8,23.12,22538,21,3,0,69.16,1.6847,10.8959
11,62.14,2.089,6.23,1421.1,56.25,39961,84,14,0,72.43,1.9001,9.9743
14,61.98,3.247,5.21,1788.0,40.17,33173,41,2,0,74.16,1.948,11.8964
28,62.38,1.306,5.92,1440.5,57.61,47711,40,2,0,68.98,1.2403,10.5372
42,67.44,1.987,5.47,1734.6,65.09,5907,63,17,0,69.95,1.6817,12.3291
27,67.25,1.597,4.83,1308.2,50.44,2332,52,16,0,70.31,1.1977,13.9234
4,70.75,1.23,5.26,1276.9,64.76,31811,45,1,0,74.84,1.837,13.4506
26,58.96,2.563,5.61,1261.3,55.12,12186,95,13,0,70.17,1.473,10.5098
34,61.21,0.999,7.03,1546.9,66.04,37056,12,19,0,69.05,1.3362,8.707
23,59.97,1.708,3.78,1257.8,32.09,6517,25,12,0,75.96,2.2374,15.8651
50,66.19,1.526,4.78,1165.0,57.19,22159,21,3,0,69.43,1.6788,13.8473
40,58.2,1.289,5.28,1114.6,53.26,39347,23,8,0,68.39,1.851,11.0227
3,65.53,1.011,6.84,1223.1,58.63,50354,40,16,0,71.45,1.486,9.5804
22,63.4,3.533,7.12,1160.1,48.52,25047,35,6,0,67.93,1.3002,8.9045
26,64.34,1.055,4.96,1438.1,63.39,11988,95,13,0,69.89,1.5155,12.9718
38,79.82,1.88,5.65,1684.7,46.41,28215,81,13,0,72.28,3.2771,14.1274
24,70.36,3.029,5.47,1519.2,33.74,2327,86,13,0,68.68,1.5379,12.8629
21,83.45,3.189,5.81,1332.8,81.17,41229,7,11,0,72.1,1.6623,14.3632
20,66.43,3.242,5.7,1541.8,55.95,24906,31,3,0,72.88,3.2845,11.6544
26,54.72,1.251,3.76,1258.4,72.23,12202,95,13,0,69.12,1.5178,14.5532
33,80.27,8.077,4.55,1247.0,86.21,17469,109,0,1,69.04,1.8505,17.6418
34,109.11,6.732,2.82,1413.2,48.09,36923,12,19,1,70.77,1.5879,38.6915
31,70.62,0.874,3.96,1460.3,51.24,8278,56,3,0,70.97,2.1827,17.8333
9,74.47,9.968,6.59,1591.1,67.96,28944,28,7,0,68.5,2.3114,11.3005
10,90.77,4.263,4.4,1820.4,81.88,31152,81,9,1,67.6,1.2805,20.6295
30,54.11,2.711,5.53,1303.2,71.11,30719,90,2,0,66.65,2.1572,9.7848
44,72.13,1.531,6.22,1699.9,85.8,15451,41,3,0,72.2,3.0599,11.5965
10,61.59,2.303,5.57,1405.5,61.41,31211,81,9,0,67.23,1.2663,11.0575
37,71.46,9.26,6.15,1648.1,53.97,14301,91,13,0,70.99,1.9963,11.6195
27,64.49,2.288,4.59,1753.7,59.38,2068,52,16,0,70.36,1.079,14.0501
28,59.53,1.083,5.19,1696.5,62.28,47927,40,2,0,67.88,1.229,11.4701
6,66.03,4.21,5.44,1516.9,42.27,28345,71,2,0,67.55,1.9337,12.1379
26,66.3,3.295,5.68,1525.7,52.05,11993,95,13,0,68.98,1.515,11.6725
7,75.65,3.299,3.68,1493.4,61.0,2630,118,6,0,72.46,3.414,20.5571
33,76.37,1.123,5.62,1218.8,78.99,17440,109,0,0,69.33,1.7742,13.589
27,81.19,2.147,4.39,1563.0,49.39,2235,52,16,0,70.54,1.0616,18.4943
34,56.21,5.297,5.44,1188.2,79.5,37027,12,19,0,70.56,1.6738,10.3327
11,70.57,2.028,4.7,1385.2,40.92,40003,84,14,0,72.07,1.888,15.0149
37,109.86,5.117,2.3,1164.2,90.4,14532,91,13,1,72.89,2.0236,47.7652
23,71.7,3.26,5.66,1499.8,69.45,6557,25,12,0,76.31,2.2117,12.6678
1,92.04,2.036,3.97,1223.1,62.47,2735,74,9,1,68.27,2.647,23.1839
29,63.65,1.105,5.37,1827.4,61.16,37015,18,13,0,69.77,2.1263,11.8529
47,67.64,3.196,5.28,1465.8,41.42,17962,55,7,0,70.7,1.9507,12.8106
28,66.21,4.952,5.73,1312.2,50.33,48025,40,2,0,67.82,1.3186,11.555
27,67.0,0.744,4.74,1553.5,52.54,2103,52,16,0,70.3,1.093,14.135
34,70.24,1.521,5.09,1442.7,50.35,37087,12,19,0,70.26,1.6807,13.7996
35,59.38,4.388,6.22,1562.6,73.17,8188,57,10,0,67.29,1.3351,9.5466
38,71.03,1.422,4.91,1638.7,22.96,28437,81,13,0,72.19,3.2865,14.4664
8,84.85,0.639,4.8,1492.8,68.78,39937,98,4,0,70.43,1.7434,17.6771
5,93.1,5.263,4.28,1821.5,113.24,31261,49,5,1,73.94,2.3597,21.7523
11,60.5,3.673,5.36,1224.8,50.39,39530,84,14,0,72.34,1.8972,11.2873
45,80.39,1.667,5.94,1765.7,73.76,957,30,11,0,71.2,3.0751,13.5337
3,79.14,1.525,5.89,1663.8,50.1,50425,40,16,0,71.35,1.4915,13.4363
13,71.43,3.254,6.61,1561.6,40.04,46946,72,9,0,71.79,1.7701,10.8064
41,61.97,2.069,7.82,1634.9,47.37,17030,22,7,0,69.85,2.1807,7.9246
13,63.15,2.831,6.23,1457.7,45.86,46712,72,9,0,70.19,1.1979,10.1364
33,57.02,1.454,5.18,1124.8,55.7,17395,109,0,0,68.69,1.7915,11.0077
34,67.94,1.538,5.48,1429.6,64.84,36944,12,19,0,70.57,1.684,12.3978
11,66.03,2.301,5.43,1395.4,41.84,39886,84,14,0,72.15,1.8792,12.1602
25,56.9,3.276,4.72,1474.2,72.51,8920,25,2,0,74.19,2.7666,12.0551
49,68.91,1.742,6.2,1465.5,41.89,34972,62,5,0,71.2,1.975,11.1145
37,64.04,3.206,6.51,1562.2,58.08,14285,91,13,0,72.76,2.0151,9.8372
42,60.98,13.48,6.62,1479.1,54.44,5859,63,17,0,69.54,2.7999,9.2115
47,86.08,11.372,4.39,1410.1,92.94,17709,55,7,1,71.86,2.5811,19.6082
8,67.85,1.402,7.84,1442.8,56.0,39513,98,4,0,69.77,1.7265,8.6543
6,64.18,2.446,4.89,983.0,72.9,28387,71,2,0,67.89,1.8784,13.1247
33,77.01,1.732,3.94,1234.2,29.71,17527,109,0,0,69.27,1.804,19.5457
41,63.36,0.938,5.13,1393.1,57.39,16678,22,7,0,70.16,2.2461,12.3509
45,107.87,4.4,2.71,2026.6,118.41,899,30,11,1,73.14,3.089,39.8044
1,75.33,1.579,6.12,1300.8,70.08,2304,74,9,0,68.5,2.6082,12.3088
43,71.55,30.0,4.29,922.9,86.57,22362,106,18,1,66.26,5.7595,16.6783
36,72.48,2.077,3.46,1390.1,67.06,32421,32,13,0,70.45,1.7983,20.948
28,54.55,0.705,7.27,1425.2,57.23,47879,40,2,0,66.8,1.3791,7.5034
17,58.55,1.053,5.66,1486.0,69.72,48983,49,0,0,70.23,1.359,10.3445
45,77.42,2.968,6.01,1286.0,37.23,1252,30,11,0,73.81,3.0871,12.8819
26,65.4,2.114,5.08,1589.2,49.92,11806,95,13,0,68.95,1.5166,12.874
39,105.11,20.677,3.99,1196.2,48.78,34040,15,13,1,72.35,4.3099,26.3434
31,66.46,1.126,4.78,1559.0,66.78,8313,56,3,0,71.19,2.2034,13.9038
5,59.66,4.076,5.1,1645.7,43.19,31406,49,5,0,72.59,1.8416,11.698
6,67.11,2.142,5.02,1546.9,52.45,28584,71,2,0,67.98,1.8794,13.3685
45,75.17,1.83,4.66,1515.0,56.68,961,30,11,0,73.58,3.0957,16.1309
45,80.82,3.112,5.37,1270.1,53.3,1324,30,11,0,74.18,3.0734,15.0503
11,56.22,4.553,4.59,1431.5,34.51,39942,84,14,0,71.58,1.8908,12.2484
30,61.82,3.496,5.6,1553.5,67.51,31014,90,2,0,66.73,2.1607,11.0393
6,72.05,3.276,5.98,1278.5,49.58,28661,71,2,0,67.97,1.8795,12.0485
32,80.31,2.632,4.6,1300.2,39.15,25900,56,0,0,67.56,0.9296,17.4587
3,55.51,1.062,7.1,1074.6,27.39,50295,40,16,0,70.65,1.5153,7.8183
41,74.11,2.847,4.26,1355.1,64.76,17069,22,7,0,69.9,1.9048,17.3967
8,75.15,2.301,5.4,1481.3,30.77,39836,98,4,0,69.77,1.7264,13.9167
27,83.71,1.238,7.02,1262.3,29.67,2108,52,16,0,70.37,1.1177,11.9245
19,60.86,2.76,4.87,1385.6,56.05,34152,75,12,0,67.04,1.6876,12.4969
38,50.56,1.545,4.9,961.8,59.34,28501,81,13,0,70.89,3.2885,10.3184
41,63.65,1.261,6.61,1326.5,53.49,16981,22,7,0,69.78,1.8641,9.6293
34,64.63,0.786,6.24,1330.2,59.54,36855,12,19,0,70.36,1.7231,10.3574
37,64.89,1.627,4.95,1562.6,50.06,14619,91,13,0,72.33,1.9244,13.1091
46,71.36,3.37,5.04,1473.0,70.19,11184,19,9,0,66.09,1.8322,14.1587
14,65.79,6.666,5.16,1514.9,58.61,33229,41,2,0,74.04,2.086,12.75
30,62.99,1.407,5.69,1630.5,55.67,30774,90,2,0,66.68,2.1722,11.0703
13,63.76,3.694,5.69,1142.3,48.05,46726,72,9,0,70.07,1.1567,11.2056
44,73.25,1.846,4.59,1675.8,43.11,15222,41,3,0,72.57,3.0618,15.9586
34,66.67,3.619,3.97,1491.0,57.56,37119,12,19,0,69.02,1.7191,16.7935
15,78.64,2.359,5.46,1278.1,56.71,12493,110,16,0,65.48,0.9407,14.4029
39,80.17,2.761,4.27,1340.3,53.4,34196,15,13,0,73.08,4.2962,18.7752
37,63.82,0.957,4.72,1434.8,51.91,14562,91,13,0,71.69,1.9771,13.5212
17,58.73,1.791,5.14,1355.4,61.74,48874,49,0,0,69.75,1.3337,11.4261
2,65.47,4.86,6.25,1205.6,58.0,6693,88,17,0,68.67,1.6003,10.4752
45,72.62,1.299,5.01,1530.9,78.15,1194,30,11,0,74.56,3.0922,14.495
5,61.12,3.151,5.44,1397.0,58.38,31362,49,5,0,71.5,1.8387,11.2353
15,81.1,1.149,6.3,1736.6,74.74,12883,110,16,0,66.47,0.9499,12.873
13,71.93,1.558,5.02,1359.8,50.23,46902,72,9,0,70.54,1.1872,14.3287
43,88.39,1.834,3.83,1762.8,56.33,22129,106,18,1,67.02,5.7552,23.0783
31,76.61,1.877,4.61,1424.5,35.85,8612,56,3,0,71.54,2.2205,16.6182
34,58.06,1.877,5.79,1744.4,59.64,37168,12,19,0,68.35,1.7236,10.0276
26,83.54,5.936,1.73,1541.3,91.69,11871,95,13,1,69.76,1.6512,48.289
48,74.57,1.743,3.89,1152.7,47.72,29877,115,7,0,69.65,1.639,19.1697
32,62.79,3.281,5.24,1437.7,47.44,25906,56,0,0,67.69,0.9552,11.9828
20,65.27,1.586,5.66,1444.2,59.37,24956,31,3,0,72.45,3.2683,11.5318
38,64.08,2.018,5.04,1305.7,49.12,28336,81,13,0,70.32,3.2861,12.7143
6,71.01,3.607,6.02,1651.2,84.54,28571,71,2,0,67.31,1.1296,11.7957
3,63.57,1.998,5.44,1237.7,13.3,49981,40,16,0,70.55,1.5121,11.6857
7,65.64,2.489,5.09,1447.1,49.71,2649,118,6,0,71.94,3.4153,12.8959
42,63.8,2.215,5.71,1049.9,49.21,5671,63,17,0,69.69,2.7912,11.1734
26,65.25,2.045,5.8,1822.4,51.09,11864,95,13,0,69.84,1.6597,11.25
3,67.42,1.383,5.61,1605.4,38.65,50141,40,16,0,71.12,1.5195,12.0178
36,63.5,0.661,4.68,1642.6,55.29,32287,32,13,0,70.24,1.7669,13.5684
33,58.4,5.967,6.64,1591.5,71.14,17676,109,0,0,69.58,1.9205,8.7952
24,62.4,2.938,5.99,1659.1,52.8,2381,86,13,0,68.17,1.5282,10.4174
21,74.89,2.007,5.31,1261.6,59.18,41512,7,11,0,71.76,1.5547,14.1036
30,64.49,1.442,5.97,1726.2,60.95,30697,90,2,0,66.53,2.1866,10.8023
16,60.48,2.544,5.85,1476.7,65.82,3081,83,12,0,68.47,1.5944,10.3385
42,58.24,2.58,5.54,1216.7,65.94,5902,63,17,0,68.7,2.6499,10.5126
24,60.14,0.477,5.06,1470.1,38.55,2575,86,13,0,67.93,1.5693,11.8854
42,75.16,2.505,3.46,1542.0,45.45,5946,63,17,0,69.13,2.6406,21.7225
30,56.88,0.894,5.04,1846.7,66.52,30617,90,2,0,66.33,2.2162,11.2857
22,76.54,1.561,6.57,1799.7,45.29,25027,35,6,0,67.96,1.3192,11.6499
12,78.87,3.203,4.74,1570.4,86.1,32446,111,6,1,68.27,1.2221,16.6392
1,70.44,1.826,5.99,1586.5,72.76,2620,74,9,0,68.16,2.5776,11.7596
45,76.45,0.859,5.84,1340.0,56.88,938,30,11,0,74.77,3.1102,13.0908
16,61.17,2.597,4.61,1117.9,78.88,3146,83,12,0,68.06,1.5942,13.269
24,78.52,1.18,5.53,1674.5,44.63,2373,86,13,0,68.34,1.592,14.1989
29,74.51,2.088,5.74,1347.8,61.81,36742,18,13,0,69.91,2.1155,12.9808
44,69.26,3.662,5.7,1542.4,63.41,15277,41,3,0,70.89,2.7591,12.1509
1,64.22,2.754,6.01,1647.7,58.79,2401,74,9,0,67.56,2.5631,10.6855
39,79.18,2.62,5.36,1516.8,39.31,34237,15,13,0,73.12,4.303,14.7724
33,68.45,2.74,5.54,1231.3,68.33,17667,109,0,0,69.68,1.918,12.3556
9,78.88,4.49,4.3,1621.2,50.0,28539,28,7,0,69.25,2.1045,18.3442
50,65.51,1.015,6.29,1364.5,65.59,22502,21,3,0,69.85,1.6758,10.4149
30,66.5,2.834,6.22,1571.5,59.13,30948,90,2,0,66.15,2.2048,10.6913
13,63.74,3.6,6.38,1563.1,46.61,47037,72,9,0,70.35,1.1921,9.9906
1,68.89,1.721,6.24,1577.1,63.91,2718,74,9,0,67.52,2.0087,11.0401
6,62.32,1.411,5.5,1685.3,56.61,28707,71,2,0,67.07,1.1305,11.3309
43,66.2,2.361,6.44,1646.0,59.71,22488,106,18,0,67.44,5.7457,10.2795
36,79.06,2.124,5.13,1477.7,68.46,32697,32,13,0,70.6,1.7502,15.4113
6,61.46,2.759,6.24,1426.7,54.62,28521,71,2,0,66.94,1.1066,9.8494
2,79.94,2.136,4.91,1597.8,50.36,7042,88,17,0,69.21,1.5575,16.2811
44,62.97,2.274,5.2,1406.9,82.06,15529,41,3,0,70.58,2.7401,12.1096
14,67.87,2.096,5.46,1352.4,47.59,32997,41,2,0,74.31,2.0928,12.4304
14,99.54,3.406,6.2,1902.4,51.33,32988,41,2,0,75.69,2.0584,16.0548
13,80.33,5.716,5.72,1804.5,97.65,47093,72,9,1,71.01,1.326,14.0437
2,59.33,1.785,5.78,1305.3,56.54,7034,88,17,0,67.71,1.3928,10.2647
25,69.55,6.499,5.48,1642.2,52.28,8904,25,2,0,73.55,2.8394,12.6916
23,69.7,1.088,5.22,1799.0,69.28,6650,25,12,0,75.52,2.247,13.3525
28,67.67,2.099,5.07,1568.2,62.54,48033,40,2,0,66.96,1.3814,13.3471
31,68.99,1.048,5.13,1649.2,68.3,8292,56,3,0,71.61,2.2647,13.4483
44,64.73,1.904,5.84,1687.4,41.59,15398,41,3,0,70.7,2.7439,11.0839
20,58.94,0.529,5.48,1728.9,48.1,24687,31,3,0,71.58,3.3088,10.7555
48,62.63,2.806,6.22,1632.2,60.99,29811,115,7,0,69.22,1.6237,10.0691
45,64.77,1.319,4.55,1560.9,66.8,972,30,11,0,74.56,3.109,14.2352
45,69.44,2.055,6.69,1888.9,32.74,1093,30,11,0,73.66,1.0323,10.3797
1,103.62,13.585,1.49,1698.0,89.66,2592,74,9,1,69.2,2.8865,69.5436
27,80.89,6.616,3.55,1535.0,85.52,2080,52,16,1,70.4,1.3754,22.7859
1,79.92,3.67,3.49,1354.7,42.88,2635,74,9,0,69.59,2.8646,22.8997
37,66.05,4.327,5.1,1725.4,31.07,14742,91,13,0,71.79,1.9927,12.951
3,60.58,3.681,5.94,1383.5,63.59,50027,40,16,0,70.31,1.532,10.1987
33,72.94,5.328,5.02,1175.9,67.57,17813,109,0,0,69.75,1.9613,14.5299
9,71.68,2.76,5.29,1382.6,34.23,28977,28,7,0,69.21,2.1013,13.5501
11,58.06,1.161,6.79,1142.8,72.61,39630,84,14,0,70.94,1.8638,8.5508
24,73.42,3.613,6.86,1107.7,37.58,2374,86,13,0,68.91,1.5711,10.7026
2,89.99,2.239,7.36,1345.2,56.59,6638,88,17,0,69.08,1.388,12.2269
23,84.11,2.297,4.87,1188.6,66.13,6517,25,12,0,76.27,2.236,17.271
6,66.84,2.189,6.16,1443.9,29.72,28595,71,2,0,66.85,1.1001,10.8506
1,49.26,3.969,4.34,1526.4,40.96,2421,74,9,0,69.28,2.8399,11.3502
35,80.93,0.84,5.41,1451.0,63.99,8305,57,10,0,67.67,1.3827,14.9593
9,53.63,2.448,5.15,1435.6,45.01,28856,28,7,0,68.91,2.0723,10.4136
6,73.25,4.576,5.23,1345.0,54.16,28395,71,2,0,67.02,1.1314,14.0057
13,76.8,1.676,5.12,1409.3,65.81,46685,72,9,0,71.24,1.3103,15.0
4,71.45,3.118,5.9,949.0,54.19,31667,45,1,0,75.3,1.8382,12.1102
28,64.23,2.701,5.36,1298.1,47.48,47619,40,2,0,67.01,1.3682,11.9832
28,64.11,2.576,6.88,1409.9,54.39,47884,40,2,0,67.12,1.3675,9.3183
45,111.9,6.769,4.41,2008.7,71.75,1390,30,11,1,74.4,1.3916,25.3741
46,80.15,2.117,5.71,1290.0,48.79,11229,19,9,0,67.44,1.8083,14.0368
36,65.29,1.16,5.51,1263.9,37.47,32491,32,13,0,70.28,1.7838,11.8494
33,70.9,4.033,5.54,1532.1,48.78,17441,109,0,0,69.47,1.9355,12.7978
14,71.53,2.682,5.49,1199.8,54.07,32913,41,2,0,74.42,1.9551,13.0291
15,68.65,1.307,5.49,1320.7,68.36,12497,110,16,0,66.17,0.9601,12.5046
17,76.45,4.194,6.22,1354.0,49.33,49056,49,0,0,69.41,1.3729,12.291
8,53.28,7.034,5.63,1628.0,57.94,39901,98,4,0,69.52,1.8741,9.4636
14,63.96,3.382,4.1,1513.1,54.26,32985,41,2,0,73.58,1.9403,15.6
19,63.61,1.062,7.77,1532.6,40.03,34352,75,12,0,66.98,1.7201,8.1866
15,85.69,1.077,4.91,1581.8,60.17,12576,110,16,0,66.83,0.9829,17.4521
45,64.79,1.437,4.89,1394.2,34.21,1377,30,11,0,74.23,1.4032,13.2495
45,67.35,3.458,5.99,1599.4,58.02,1043,30,11,0,73.99,1.4082,11.2437
41,66.94,2.694,5.38,1438.1,49.52,16910,22,7,0,69.66,1.8667,12.4424
40,70.53,2.287,5.72,1389.3,60.38,39061,23,8,0,68.15,1.8511,12.3304
36,69.23,1.176,5.85,1473.8,50.6,32333,32,13,0,70.48,1.7873,11.8342
17,58.56,1.505,4.6,1569.9,37.14,49022,49,0,0,69.44,1.3766,12.7304
4,73.21,2.15,5.03,1249.6,45.16,31885,45,1,0,75.19,1.8308,14.5547
37,72.71,1.07,4.77,1598.9,42.99,14507,91,13,0,71.46,1.9087,15.2432
33,45.45,10.043,6.3,1425.8,74.75,17396,109,0,0,68.68,2.3591,7.2143
22,69.21,1.527,5.06,1678.7,56.71,25270,35,6,0,67.95,1.3371,13.6779
35,64.05,3.549,5.26,1574.3,48.77,8268,57,10,0,66.91,1.3955,12.1768
50,63.18,3.057,5.11,1368.9,72.22,22312,21,3,0,69.18,1.6489,12.364
34,90.27,4.943,4.62,873.9,40.36,37044,12,19,0,69.24,1.73,19.539
22,85.52,4.839,6.34,1284.0,61.67,25062,35,6,0,68.87,1.3806,13.489
34,71.09,2.053,5.64,1239.5,53.29,36797,12,19,0,69.18,1.7104,12.6046
11,79.07,2.232,5.08,1776.7,56.49,39731,84,14,0,70.79,1.8655,15.565
2,74.22,2.464,6.14,1758.2,56.02,6921,88,17,0,69.51,1.236,12.0879
11,80.74,2.822,5.08,1212.8,63.42,39681,84,14,0,71.31,1.8235,15.8937
26,64.85,2.574,5.72,1342.8,50.15,12082,95,13,0,69.96,1.6584,11.3374
21,70.83,3.876,6.18,1454.2,69.03,41357,7,11,0,71.78,1.5727,11.4612
9,69.61,2.597,5.05,1615.3,56.85,28616,28,7,0,68.82,1.9893,13.7842
30,69.74,4.189,3.84,1670.5,61.46,30991,90,2,0,65.94,2.214,18.1615
46,79.69,3.983,6.23,1134.5,70.25,11367,19,9,0,67.84,1.7882,12.7913
26,80.28,2.339,5.64,1517.4,64.96,12053,95,13,0,69.85,1.6536,14.234
8,70.51,2.245,6.47,1467.6,72.76,39832,98,4,0,69.8,1.843,10.898
41,69.67,1.376,6.5,1606.4,66.51,16665,22,7,0,69.59,1.6194,10.7185
50,68.35,1.203,5.02,1424.8,60.87,22376,21,3,0,69.17,1.6705,13.6155
26,111.0,17.915,2.61,2362.0,92.53,11959,95,13,1,71.82,3.458,42.5287
18,67.92,1.192,4.89,1820.8,43.93,32867,65,18,0,69.03,1.2766,13.8896
46,71.74,1.447,4.85,1156.1,48.72,11103,19,9,0,67.77,1.8085,14.7918
8,68.28,2.066,5.46,1535.3,75.0,39617,98,4,0,69.76,1.8235,12.5055
6,70.4,1.591,5.25,1203.4,71.22,28758,71,2,0,66.7,1.1525,13.4095
23,74.6,1.5,6.18,1337.0,54.27,6230,25,12,0,76.37,2.2646,12.0712
20,78.81,17.646,1.41,1594.4,96.57,24796,31,3,1,71.52,4.431,55.8936
47,71.24,3.53,4.86,1475.2,58.17,17864,55,7,0,71.28,2.5748,14.6584
20,66.54,3.021,6.03,1499.4,58.96,24901,31,3,0,69.9,4.3042,11.0348
16,62.68,2.685,6.12,1507.1,43.13,3096,83,12,0,68.07,0.8061,10.2418
39,74.77,1.96,4.09,1540.2,59.26,34337,15,13,0,73.2,4.3179,18.2812
8,77.15,4.243,3.97,1360.2,49.79,39824,98,4,1,70.06,1.8347,19.4332
38,68.44,3.027,4.87,1079.0,63.78,28403,81,13,0,68.8,3.2822,14.0534
9,54.55,1.852,6.51,1110.3,60.4,28726,28,7,0,68.35,1.9982,8.3794
10,49.43,7.268,6.53,1390.4,52.41,31072,81,9,0,66.29,1.5352,7.5697
17,63.69,2.306,6.56,1266.7,70.76,48941,49,0,0,69.47,1.3691,9.7088
5,70.36,2.412,6.68,1316.2,54.95,31119,49,5,0,71.72,1.8451,10.5329
18,56.91,1.428,6.29,2011.3,25.84,32920,65,18,0,68.52,1.2579,9.0477
1,79.0,0.717,5.74,1572.8,53.04,2710,74,9,0,69.72,2.901,13.7631
33,69.31,2.71,6.6,1368.2,40.97,17674,109,0,0,68.31,2.3227,10.5015
42,79.95,1.554,4.95,1601.5,48.7,5863,63,17,0,69.0,2.6455,16.1515
9,68.17,2.288,5.35,1499.9,72.47,28839,28,7,0,67.69,1.9461,12.7421
2,64.92,2.657,5.54,1674.6,44.94,6607,88,17,0,69.32,1.2356,11.7184
16,64.22,5.515,5.43,1109.7,52.43,3061,83,12,0,67.56,1.0612,11.8269
31,73.49,1.009,5.01,1579.5,51.04,8180,56,3,0,72.46,2.3058,14.6687
6,76.9,3.273,3.48,1505.0,50.04,28485,71,2,1,66.91,1.1534,22.0977
39,61.87,1.313,5.23,1531.4,56.42,34008,15,13,0,71.79,3.8659,11.8298
7,82.49,5.833,3.67,1765.3,54.69,2636,118,6,1,71.38,1.5156,22.4768
24,69.23,1.262,5.53,1669.0,83.83,2427,86,13,0,68.86,1.6013,12.519
50,68.71,2.725,6.12,1582.9,65.91,22484,21,3,0,69.2,1.6389,11.2271
42,76.7,0.991,5.36,1682.3,51.04,5907,63,17,0,69.81,2.6667,14.3097
29,76.2,5.375,5.6,1461.9,38.44,36874,18,13,0,71.21,2.1866,13.6071
35,50.19,1.021,5.75,1299.4,69.95,8043,57,10,0,66.33,1.4199,8.7287
1,69.31,3.47,5.69,1435.3,55.69,2509,74,9,0,69.03,2.8836,12.181
30,72.17,1.077,5.27,1686.9,51.49,30995,90,2,0,65.89,2.2425,13.6945
39,66.27,2.258,5.91,1624.3,54.99,34418,15,13,0,71.78,3.8684,11.2132
15,72.16,0.649,5.17,1539.8,56.83,12831,110,16,0,67.18,0.9832,13.9574
44,66.76,1.411,5.98,1699.7,63.47,15539,41,3,0,70.4,2.7635,11.1639
16,76.83,2.828,4.88,1348.5,55.69,3245,83,12,0,67.8,1.0598,15.7439
33,71.63,2.566,4.69,1520.6,62.62,17544,109,0,0,68.53,2.2622,15.2729
8,65.88,0.989,5.21,1440.4,75.45,39578,98,4,0,69.51,1.7654,12.6449
26,82.41,1.305,4.72,1407.8,56.21,12105,95,13,0,73.04,3.4433,17.4597
15,81.84,2.838,5.35,1833.7,113.27,12843,110,16,1,67.99,0.9654,15.2972
9,76.51,3.612,5.4,1548.0,45.52,28825,28,7,0,68.06,1.9494,14.1685
15,66.49,2.777,5.76,1443.6,61.67,12613,110,16,0,67.96,0.9656,11.5434
2,64.68,3.815,4.64,1379.3,49.89,6780,88,17,0,68.98,1.237,13.9397
45,64.39,2.188,5.68,1603.6,70.35,990,30,11,0,73.58,1.3981,11.3363
10,69.68,5.53,5.93,1769.5,56.65,30933,81,9,0,65.87,1.5973,11.7504
1,89.25,2.245,1.57,1768.6,92.45,2332,74,9,1,69.85,2.8906,56.8471
13,57.23,3.24,5.57,1210.3,57.16,46924,72,9,0,70.36,1.2215,10.2747
21,61.19,1.637,5.77,1577.3,43.06,41228,7,11,0,71.19,1.5744,10.6049
49,66.99,3.582,6.51,1473.0,76.02,35192,62,5,0,70.72,1.9693,10.2903
37,66.26,3.232,5.28,1254.1,61.55,14545,91,13,0,70.92,1.8856,12.5492
48,71.24,3.043,5.18,1708.7,65.46,29918,115,7,0,69.3,1.5775,13.7529
16,63.6,2.138,4.6,1293.3,67.04,3079,83,12,0,67.07,1.0595,13.8261
10,67.37,1.431,4.54,1739.6,47.59,31022,81,9,0,64.33,1.6304,14.8392
2,72.25,6.076,3.93,2393.1,69.57,6634,88,17,1,69.28,1.3968,18.3842
1,61.41,1.04,6.12,1713.8,39.46,2490,74,9,0,70.19,2.8856,10.0343
27,89.99,2.882,5.04,1452.1,63.23,2108,52,16,1,71.9,1.3764,17.8552
37,61.82,1.394,5.18,1373.8,35.39,14574,91,13,0,70.13,1.9135,11.9344
45,76.52,4.297,4.44,1309.2,46.88,1045,30,11,0,74.3,1.4281,17.2342
16,58.55,1.306,5.66,1518.3,57.83,3276,83,12,0,66.55,1.0723,10.3445
44,109.73,9.376,2.21,1689.4,116.86,15323,41,3,1,71.58,3.0418,49.6516
4,63.44,1.393,5.03,1401.8,52.56,31894,45,1,0,74.78,1.8349,12.6123
35,58.91,1.143,4.83,1509.3,56.56,8526,57,10,0,66.01,1.449,12.1967
4,62.92,1.42,5.08,1483.5,62.68,31644,45,1,0,74.79,1.844,12.3858
20,73.09,1.882,5.86,1852.3,71.04,24725,31,3,0,70.16,4.3015,12.4727
10,60.71,1.467,4.03,1485.9,50.41,31026,81,9,0,64.15,1.638,15.0645
37,73.84,1.871,6.1,1577.5,37.4,14753,91,13,0,70.73,1.9093,12.1049
12,104.49,10.94,2.78,1035.1,94.06,32246,111,6,1,70.16,2.0915,37.5863
28,62.36,1.18,5.88,1689.9,56.74,47927,40,2,0,66.86,1.3834,10.6054
36,72.09,3.412,6.94,1207.6,70.25,32409,32,13,0,70.81,1.7922,10.3876
45,85.55,2.647,5.56,1980.0,64.59,1151,30,11,0,74.99,1.413,15.3867
50,65.1,2.712,5.32,1121.4,60.7,22416,21,3,0,68.21,1.6131,12.2368
14,69.54,1.513,5.55,1588.3,71.27,32894,41,2,0,73.29,1.9641,12.5297
26,63.69,1.717,7.34,1277.1,63.52,12059,95,13,0,73.04,3.4252,8.6771
13,60.18,0.928,5.65,1525.0,63.71,46665,72,9,0,70.05,1.2808,10.6513
48,69.85,1.462,6.33,1115.4,43.92,29814,115,7,0,68.95,1.6002,11.0348
28,71.46,1.157,5.2,1420.2,47.6,48094,40,2,0,66.9,1.2736,13.7423
30,90.15,1.811,3.67,1077.9,46.14,31000,90,2,0,66.84,2.2486,24.564
26,63.96,2.226,5.62,1453.9,62.91,11767,95,13,0,72.73,3.412,11.3808
28,73.93,1.555,4.84,1329.7,47.32,47854,40,2,0,67.09,1.2834,15.2748
33,66.3,3.669,5.63,1544.8,50.81,17786,109,0,0,68.74,2.2014,11.7762
2,78.95,1.763,5.7,1181.9,58.58,6598,88,17,0,69.88,1.3405,13.8509
17,77.46,2.697,4.71,1464.7,46.8,48890,49,0,0,70.33,1.3434,16.4459
41,70.15,2.931,4.59,1497.4,63.01,16637,22,7,0,69.11,1.6183,15.2832
14,69.37,3.397,4.7,1081.6,63.59,32984,41,2,0,73.67,1.9368,14.7596
36,74.15,1.857,5.87,1663.0,55.75,32608,32,13,0,69.59,1.4277,12.632
19,61.15,3.713,5.07,1383.5,63.74,34320,75,12,0,67.05,1.7172,12.0611
32,61.06,2.299,5.99,1764.6,24.97,26036,56,0,0,67.02,0.951,10.1937
35,72.57,3.258,5.8,1357.6,62.0,8117,57,10,0,65.84,1.4522,12.5121
43,63.96,5.452,5.88,1362.9,57.14,22394,106,18,0,67.62,5.7472,10.8776
30,65.39,1.629,4.79,1374.4,38.21,30891,90,2,0,66.92,2.259,13.6514
4,64.54,2.138,5.29,1431.0,52.19,31496,45,1,0,73.49,1.1933,12.2004
40,73.79,1.133,3.71,1507.4,47.12,39177,23,8,0,67.61,1.8579,19.8895
10,71.94,2.093,6.12,1669.3,45.15,31077,81,9,0,65.09,1.6396,11.7549
6,67.72,0.358,4.85,1257.5,63.27,28656,71,2,0,66.75,1.2531,13.9629
23,75.92,2.545,4.23,1374.1,48.04,6538,25,12,0,75.03,1.8896,17.948
23,60.7,2.007,4.97,1496.3,70.22,6314,25,12,0,73.07,1.4706,12.2133
19,73.02,3.285,5.81,1320.5,57.04,34259,75,12,0,67.19,1.7143,12.568
31,69.49,6.291,5.0,1356.1,67.29,8490,56,3,0,72.83,2.3822,13.898
11,79.85,6.225,5.32,1327.0,56.06,39624,84,14,0,72.25,1.952,15.0094
50,71.93,1.233,5.45,1395.1,63.05,22144,21,3,0,68.93,1.606,13.1982
14,63.82,2.007,4.05,1100.3,61.69,33153,41,2,0,73.14,1.9137,15.758
8,72.86,2.715,5.59,1292.3,79.0,39866,98,4,0,70.27,1.7591,13.034
37,67.49,4.907,5.18,1516.8,71.83,14398,91,13,0,69.81,1.8185,13.029
32,58.66,1.983,4.89,1219.9,53.79,25919,56,0,0,66.31,0.9348,11.9959
1,73.61,1.809,4.54,1226.8,53.5,2613,74,9,0,70.85,2.9021,16.2137
38,74.86,3.078,6.14,1456.1,50.11,28500,81,13,0,69.56,3.2822,12.1922
42,97.48,2.822,3.5,2091.2,62.89,5825,63,17,1,70.97,2.652,27.8514
6,60.32,2.75,5.95,1095.1,46.32,28351,71,2,0,66.51,1.2461,10.1378
9,76.91,2.401,5.89,1576.7,52.32,28821,28,7,0,68.42,1.9284,13.0577
32,79.84,2.368,5.68,1236.0,45.73,26169,56,0,0,67.74,0.9315,14.0563
16,68.76,1.618,5.13,1171.7,43.71,3451,83,12,0,66.72,1.0759,13.4035
13,66.61,1.431,4.69,1373.2,62.54,47086,72,9,0,69.69,1.3024,14.2026
2,71.84,1.124,6.35,1382.9,73.41,7046,88,17,0,70.28,1.3132,11.3134
24,74.37,1.099,5.9,1332.4,58.61,2398,86,13,0,69.25,1.6257,12.6051
24,72.83,4.513,5.87,1495.8,38.43,2665,86,13,0,69.77,1.3605,12.4072
27,66.52,2.725,6.27,1656.3,56.72,2171,52,16,0,72.16,1.3635,10.6093
10,62.89,1.509,6.32,1426.0,53.57,31192,81,9,0,64.62,1.6134,9.9509
4,56.52,3.021,6.46,1301.1,55.3,31535,45,1,0,72.89,1.1761,8.7492
25,67.35,3.127,5.68,1555.5,54.02,8713,25,2,0,72.67,2.6388,11.8574
21,65.05,1.781,5.58,1265.7,66.58,41422,7,11,0,71.09,1.544,11.6577
47,68.68,1.371,4.63,1587.0,58.63,17701,55,7,0,71.25,2.5922,14.8337
32,81.64,8.377,3.64,1670.1,91.81,26007,56,0,1,68.71,1.5551,22.4286
31,80.43,1.313,4.04,1651.6,54.22,8226,56,3,0,73.29,2.3961,19.9084
28,70.05,1.165,5.18,1450.7,49.47,47720,40,2,0,66.12,1.153,13.5232
45,68.32,2.352,5.76,1542.0,57.71,1123,30,11,0,74.96,1.3552,11.8611
42,79.34,1.219,5.17,1459.8,61.66,5952,63,17,0,71.24,2.6433,15.3462
18,66.85,2.724,5.44,1674.6,54.88,32772,65,18,0,68.23,1.2218,12.2886
45,76.48,8.487,4.08,1131.9,63.07,1293,30,11,0,74.96,1.8291,18.7451
3,68.44,0.893,5.03,1357.2,67.35,50050,40,16,0,70.25,1.5343,13.6064
6,105.39,6.831,3.33,968.2,61.96,28382,71,2,1,68.73,1.4844,31.6486
26,68.87,2.348,5.81,1519.2,48.27,12186,95,13,0,73.03,3.4216,11.8537
7,113.43,9.936,7.16,2003.0,72.01,3069,118,6,1,73.02,2.0513,15.8422
31,65.77,3.318,3.61,1089.3,64.99,8228,56,3,0,73.4,2.3717,18.2188
48,66.23,3.632,4.31,1419.1,50.54,29918,115,7,0,68.32,1.5801,15.3666
19,101.55,2.23,1.94,1704.6,91.52,34228,75,12,1,68.62,1.7178,52.3454
5,66.77,5.834,4.68,1504.2,41.2,31115,49,5,0,71.37,1.8802,14.2671
33,72.68,1.328,5.91,1545.4,48.28,17578,109,0,0,69.27,2.2552,12.2978
42,79.45,3.934,6.76,1690.9,58.18,5953,63,17,0,71.68,2.6401,11.753
33,106.7,4.839,3.29,1557.5,111.37,17695,109,0,1,70.43,2.2615,32.4316
15,67.59,1.64,5.09,1646.4,80.89,12936,110,16,0,68.13,0.9484,13.279
48,104.02,2.498,2.49,1804.4,102.95,29609,115,7,1,69.93,1.5616,41.7751
35,59.68,2.909,5.54,1467.8,51.66,8466,57,10,0,66.56,1.4468,10.7726
49,52.63,3.251,4.41,1214.3,29.78,34873,62,5,0,70.01,1.9376,11.9342
39,57.34,1.817,6.12,1370.1,66.87,34401,15,13,0,71.45,3.8789,9.3693
23,78.6,2.051,5.83,1733.8,35.55,6390,25,12,0,73.38,1.4722,13.482
46,69.46,1.236,4.51,2022.9,47.37,11085,19,9,0,67.9,1.823,15.4013
7,69.21,1.407,5.91,1436.5,56.58,2737,118,6,0,73.13,2.0331,11.7107
46,65.23,2.788,4.79,1576.8,55.36,11304,19,9,0,67.75,1.8119,13.618
39,65.25,3.139,5.14,1491.5,47.94,34380,15,13,0,71.58,3.8779,12.6946
9,69.69,2.66,5.36,1462.9,48.3,28899,28,7,0,67.98,1.9268,13.0019
40,69.17,2.365,5.52,1295.0,72.0,39331,23,8,0,68.4,1.8579,12.5308
20,89.72,3.777,4.18,837.7,82.18,24987,31,3,1,71.36,4.2991,21.4641
41,77.42,2.965,5.32,1350.3,57.01,16642,22,7,0,69.39,1.5494,14.5526
33,68.55,2.303,5.52,1451.2,87.84,17722,109,0,0,70.58,2.2217,12.4185
18,60.15,1.352,5.35,1978.8,52.97,32810,65,18,0,67.73,1.2406,11.243
19,67.54,5.285,6.85,1265.9,68.09,34058,75,12,0,68.56,1.7808,9.8599
2,65.12,4.223,4.63,1721.8,55.14,6908,88,17,0,70.16,1.2819,14.0648
5,76.21,2.163,6.03,1640.1,50.06,31569,49,5,0,71.99,1.8385,12.6385
34,60.74,2.008,5.65,1511.9,42.89,36973,12,19,0,69.02,1.7129,10.7504
4,66.28,1.374,4.94,1229.7,61.73,31688,45,1,0,73.27,1.1924,13.417
2,62.74,1.695,6.02,1492.2,81.22,6944,88,17,0,70.03,1.2506,10.4219
19,73.17,2.453,6.57,1356.2,52.41,34116,75,12,0,68.87,1.7544,11.137
18,102.4,4.178,4.81,1884.7,90.7,33197,65,18,1,69.45,1.2899,21.289
27,69.66,2.495,4.54,1468.3,51.37,2250,52,16,0,72.84,1.3549,15.3436
35,72.1,1.302,4.1,1653.1,72.6,8353,57,10,0,67.32,1.3844,17.5854
46,72.37,1.757,3.66,1217.3,51.09,11148,19,9,0,68.06,1.624,19.7732
8,66.65,1.422,6.39,1686.2,48.45,39940,98,4,0,70.16,1.7771,10.4304
39,73.04,3.625,6.1,1296.6,48.66,34114,15,13,0,71.27,3.8709,11.9738
25,81.54,4.289,5.88,1784.5,40.25,9085,25,2,0,72.91,1.2361,13.8673
3,56.59,1.994,5.77,1501.5,46.08,50365,40,16,0,69.11,1.535,9.8076
40,83.32,3.515,5.26,1515.1,64.86,39161,23,8,0,68.46,1.5375,15.8403
39,65.99,1.528,5.17,1475.6,40.88,33993,15,13,0,71.07,3.8608,12.764
22,83.86,2.031,7.0,1501.5,44.39,25176,35,6,0,69.16,1.3718,11.98
47,56.77,2.677,6.07,1410.5,38.78,17879,55,7,0,70.52,2.2884,9.3526
15,68.18,3.278,4.56,1582.2,54.26,12601,110,16,0,67.86,0.9664,14.9518
15,67.94,4.153,6.34,1384.9,26.52,12900,110,16,0,67.84,1.0393,10.7161
45,63.85,2.13,4.38,1376.6,34.08,1021,30,11,0,74.84,1.8186,14.5776
27,61.31,1.421,5.75,1628.3,42.53,2264,52,16,0,72.55,1.3669,10.6626
4,87.0,6.511,0.74,1675.0,85.44,31480,45,1,1,74.08,1.4665,117.5676
31,64.66,3.294,5.69,1507.6,67.12,8337,56,3,0,73.44,2.3591,11.3638
12,67.16,2.192,6.42,1476.2,44.99,32371,111,6,0,69.98,2.0973,10.4611
25,62.28,2.194,5.67,1509.8,35.95,9148,25,2,0,72.52,1.1843,10.9841
39,75.85,1.111,4.93,1456.7,61.54,34333,15,13,0,70.92,3.8608,15.3854
32,58.47,2.679,5.18,1533.6,77.06,25899,56,0,0,68.34,1.5556,11.2876
1,74.41,2.789,7.67,1947.4,39.1,2555,74,9,0,71.48,2.9046,9.7014
39,83.52,4.282,5.27,1861.0,50.79,34333,15,13,0,71.15,3.8559,15.8482
42,78.04,2.04,4.27,1119.9,51.61,5747,63,17,0,71.66,2.5993,18.2763
50,73.73,2.895,5.27,1800.4,46.74,22069,21,3,0,69.25,1.5969,13.9905
26,67.68,2.375,5.28,1519.5,69.25,12005,95,13,0,72.98,3.4235,12.8182
11,68.71,1.833,5.68,1508.8,50.4,39710,84,14,0,71.48,1.9477,12.0968
35,75.97,1.76,5.61,1466.3,52.67,8125,57,10,0,67.12,1.3712,13.5419
24,56.77,4.179,6.99,1619.1,74.39,2650,86,13,0,69.29,1.3974,8.1216
8,93.82,3.775,5.65,1316.0,64.44,39659,98,4,1,70.6,1.7874,16.6053
41,78.28,2.165,5.91,1296.6,68.71,16802,22,7,0,69.68,1.5342,13.2453
28,74.21,1.54,4.75,1697.0,70.24,47642,40,2,0,66.33,1.0459,15.6232
10,61.12,3.731,4.79,1425.9,45.7,31017,81,9,0,64.53,1.6121,12.7599
47,66.84,3.856,5.18,1396.1,33.21,17861,55,7,0,70.95,2.2562,12.9035
28,66.22,3.171,5.57,1453.8,67.34,47783,40,2,0,66.48,1.0682,11.8887
35,81.08,2.057,4.59,1366.2,59.13,8352,57,10,0,68.2,1.3631,17.6645
47,66.59,0.817,5.5,1844.0,52.43,17951,55,7,0,71.03,2.2646,12.1073
29,59.28,3.134,5.59,1049.0,46.56,36963,18,13,0,70.45,2.1887,10.6047
28,72.69,4.178,6.89,1409.0,48.33,47753,40,2,0,66.33,1.1382,10.5501
34,82.56,5.394,1.27,1254.7,75.33,37202,12,19,1,69.8,1.7912,65.0079
42,61.9,1.548,4.92,1411.9,55.63,5728,63,17,0,71.62,2.5946,12.5813
7,68.48,5.307,5.45,1362.8,40.7,2925,118,6,0,73.07,2.0728,12.5651
5,68.64,2.656,6.64,1554.1,58.28,31150,49,5,0,71.98,1.8443,10.3373
7,82.27,4.712,5.69,1495.4,72.4,2683,118,6,0,73.63,2.0921,14.4587
8,68.13,4.194,6.83,1424.1,55.24,39611,98,4,0,70.79,1.783,9.9751
27,67.81,2.0,5.31,1351.6,60.7,2289,52,16,0,71.89,1.3223,12.7702
28,75.72,1.406,5.56,1166.1,64.87,48042,40,2,0,67.14,1.15,13.6187
34,72.48,1.765,5.43,1610.7,56.84,36781,12,19,0,69.87,1.7972,13.3481
8,61.31,1.614,6.5,1365.1,41.32,39752,98,4,0,70.66,1.7926,9.4323
3,59.34,2.885,5.87,1793.0,66.88,50027,40,16,0,69.14,1.5362,10.109
37,77.32,2.507,5.37,1356.7,45.32,14750,91,13,0,70.15,1.8043,14.3985
33,58.81,3.137,5.2,1300.4,55.14,17538,109,0,0,70.21,2.2097,11.3096
7,73.86,1.291,5.03,1005.0,65.33,2789,118,6,0,73.64,2.0904,14.6839
6,66.93,3.169,4.28,1693.4,58.05,28393,71,2,0,69.26,1.3896,15.6379
21,65.02,1.678,6.42,1358.4,29.84,41248,7,11,0,71.04,1.541,10.1277
50,107.86,6.889,5.13,1483.6,74.35,22194,21,3,1,70.46,1.8258,21.0253
49,70.17,5.799,4.68,1323.1,65.34,35316,62,5,0,68.93,1.315,14.9936
7,71.85,1.109,4.24,1486.3,38.38,3063,118,6,0,72.35,2.0358,16.9458
19,66.52,1.771,4.69,1475.1,76.34,33950,75,12,0,68.84,1.7073,14.1834
44,78.46,2.202,4.49,1261.3,57.53,15485,41,3,0,71.91,3.0478,17.4744
19,72.3,2.295,4.3,1624.6,49.33,33952,75,12,0,68.94,1.7104,16.814
49,59.68,0.69,5.55,1729.2,58.19,35228,62,5,0,68.18,1.3635,10.7532
10,67.98,3.861,5.33,1589.7,50.65,31283,81,9,0,64.82,1.6157,12.7542
8,66.81,3.979,6.89,1514.7,73.66,39790,98,4,0,70.61,1.8041,9.6967
14,62.45,3.284,5.94,1329.3,33.1,32879,41,2,0,73.3,1.8992,10.5135
44,72.99,1.762,5.51,1439.5,56.46,15615,41,3,0,72.54,3.0561,13.2468
16,56.04,2.404,5.64,1628.8,70.32,3461,83,12,0,66.54,1.0532,9.9362
12,61.79,1.741,5.66,1479.8,54.89,32399,111,6,0,69.78,2.1103,10.917
17,69.15,1.842,4.54,1318.8,61.13,48896,49,0,0,70.69,1.3435,15.2313
4,81.38,1.859,4.79,1668.8,42.39,31651,45,1,0,74.47,1.4305,16.9896
8,68.59,4.043,6.26,1566.8,57.35,39703,98,4,0,70.36,1.804,10.9569
49,56.06,4.781,5.78,1298.5,59.84,35168,62,5,0,67.73,1.3938,9.699
22,69.22,1.59,7.07,1769.0,55.67,25030,35,6,0,69.35,1.297,9.7907
10,62.75,3.013,5.3,1280.4,69.37,31244,81,9,0,65.41,1.6129,11.8396
1,63.35,2.673,4.56,1509.7,49.39,2585,74,9,0,71.17,2.9079,13.8925
39,70.59,0.951,5.08,1256.3,84.86,34101,15,13,0,70.95,3.8805,13.8957
27,79.71,3.265,5.58,1308.0,62.55,2313,52,16,0,72.74,1.3262,14.2849
49,73.0,3.754,6.19,1575.8,63.38,35178,62,5,0,68.08,1.386,11.7932
45,71.21,4.226,5.67,1542.2,38.72,931,30,11,0,75.08,1.7871,12.5591
11,72.87,1.213,6.48,971.6,59.12,39966,84,14,0,71.1,1.9758,11.2454
37,71.11,2.467,6.27,1495.9,44.27,14314,91,13,0,70.55,1.8056,11.3413
47,67.67,1.709,6.15,1194.6,79.75,17995,55,7,0,70.77,2.2752,11.0033
21,81.38,4.111,5.72,1658.5,46.44,41524,7,11,0,71.13,1.5662,14.2273
32,65.38,1.307,5.09,1188.8,67.4,25979,56,0,0,68.32,1.5683,12.8448
39,63.9,7.721,2.81,1852.2,51.99,34241,15,13,1,70.63,3.991,22.7402
40,69.36,1.506,5.61,1627.2,60.01,39199,23,8,0,67.99,1.5447,12.3636
28,75.27,2.397,5.52,1170.3,64.81,47834,40,2,0,67.19,1.1451,13.6359
37,75.17,3.1,6.6,1595.2,64.38,14670,91,13,0,71.1,1.7884,11.3894
46,42.89,4.262,5.9,1448.4,49.59,11388,19,9,0,67.76,1.6081,7.2695
4,60.9,1.773,5.44,1368.7,55.7,31653,45,1,0,74.06,1.4257,11.1949
7,63.46,1.873,4.9,1425.9,43.37,3061,118,6,0,71.61,2.0509,12.951
21,77.39,1.962,4.98,1695.1,58.01,41518,7,11,0,71.12,1.5669,15.5402
6,83.3,1.367,5.19,1203.1,34.84,28523,71,2,0,70.18,1.4239,16.0501
17,78.31,2.603,6.54,1213.2,51.42,49106,49,0,0,70.93,1.3334,11.974
45,63.38,3.149,5.75,1582.6,58.44,897,30,11,0,74.7,1.756,11.0226
2,69.25,1.351,5.54,1612.3,52.61,7046,88,17,0,70.21,1.2727,12.5
23,62.75,1.771,5.5,1475.8,46.24,6595,25,12,0,72.7,1.4366,11.4091
2,64.11,3.287,5.17,1664.3,49.39,6625,88,17,0,70.11,1.2772,12.4004
27,66.79,0.899,5.48,1690.4,61.96,2378,52,16,0,72.43,1.3642,12.188
10,67.57,2.563,5.62,1373.7,61.96,30986,81,9,0,65.57,1.6109,12.0231
18,58.09,3.611,4.79,1283.5,40.41,32794,65,18,0,69.2,1.3054,12.1273
15,77.54,2.278,5.39,1734.9,47.33,12505,110,16,0,68.17,0.9551,14.3859
15,56.58,1.341,5.61,1174.8,76.66,12525,110,16,0,67.87,0.9573,10.0856
48,63.08,2.099,5.18,1339.3,54.08,29736,115,7,0,69.71,1.5626,12.1776
24,62.61,1.758,4.7,1685.1,28.61,2263,86,13,0,68.88,1.4093,13.3213
2,70.43,5.321,4.64,1559.6,48.32,6790,88,17,0,70.33,1.3287,15.1789
16,63.43,2.019,4.99,1460.3,55.63,3235,83,12,0,66.85,1.021,12.7114
16,67.91,1.289,5.63,1505.0,81.47,3433,83,12,0,66.81,1.0164,12.0622
14,61.27,2.409,5.68,1682.6,44.16,32868,41,2,0,73.01,1.7905,10.787
5,73.68,1.562,5.28,1552.5,31.18,31536,49,5,0,72.26,1.8101,13.9545
44,63.63,3.246,6.27,1776.0,51.08,15391,41,3,0,72.01,3.027,10.1483
29,69.76,1.74,4.54,1548.1,40.28,36860,18,13,0,70.15,2.1966,15.3656
48,62.29,1.466,5.22,1561.2,47.44,29957,115,7,0,69.45,1.5837,11.933
48,70.95,1.433,6.31,1386.5,73.06,29605,115,7,0,69.82,1.5887,11.2441
42,61.13,4.262,6.14,1763.3,52.74,5753,63,17,0,71.39,2.6033,9.956
22,64.63,2.463,5.02,1210.5,67.11,25315,35,6,0,69.17,1.2244,12.8745
39,56.55,4.232,5.21,1412.1,63.78,34383,15,13,0,70.29,3.992,10.8541
37,75.6,5.827,6.81,1382.5,54.16,14278,91,13,0,71.15,1.8793,11.1013
42,60.96,0.866,5.37,1450.9,52.5,5665,63,17,0,70.23,2.6032,11.352
17,81.97,1.786,4.58,1556.5,46.04,48938,49,0,0,71.28,1.3284,17.8974
36,62.14,3.251,6.24,1716.9,49.17,32731,32,13,0,69.9,1.4111,9.9583
10,74.88,2.029,4.18,1413.3,41.33,31296,81,9,0,66.05,1.5665,17.9139
43,61.95,1.98,6.16,1184.6,62.97,22132,106,18,0,67.52,5.7285,10.0568
1,62.98,2.855,4.97,1648.2,54.15,2255,74,9,0,70.68,2.8965,12.672
6,65.59,0.688,5.04,1466.9,61.12,28715,71,2,0,69.79,1.4841,13.0139
41,55.98,1.933,5.05,1396.0,66.38,17039,22,7,0,69.13,1.5459,11.0851
28,69.87,0.87,5.11,1197.9,71.24,47697,40,2,0,67.03,1.1368,13.6732
38,69.36,1.887,4.51,1937.9,50.92,28463,81,13,0,69.31,3.2845,15.3792
18,69.6,3.237,4.97,1258.4,71.22,33023,65,18,0,69.15,1.3134,14.004
19,64.98,2.978,6.12,1627.4,50.01,34121,75,12,0,68.6,1.6599,10.6176
24,62.25,2.756,4.84,1621.6,52.02,2221,86,13,0,68.37,1.4025,12.8616
22,67.1,1.449,5.04,1819.2,45.48,25285,35,6,0,69.1,1.2248,13.3135
44,72.14,1.499,4.25,1678.6,47.13,15657,41,3,0,72.3,3.0283,16.9741
27,60.9,1.817,5.16,1334.1,42.46,2068,52,16,0,71.6,1.3674,11.8023
49,74.36,0.913,4.29,1287.8,73.96,34917,62,5,0,68.63,1.4248,17.3333
29,63.58,3.903,4.92,1580.6,67.48,37031,18,13,0,69.93,2.2122,12.9228
10,75.61,2.808,3.98,1338.3,62.35,31107,81,9,0,66.21,1.4807,18.9975
19,68.81,5.819,5.99,1053.6,45.77,34185,75,12,0,69.03,1.74,11.4875
29,70.54,3.065,5.32,1753.6,44.73,36912,18,13,0,69.55,2.2022,13.2594
25,64.85,2.904,4.57,1487.0,72.43,9184,25,2,0,71.84,1.1205,14.1904
20,74.48,1.183,6.41,1288.7,55.61,24778,31,3,0,72.14,4.306,11.6193
21,104.23,2.753,4.86,1649.5,96.07,41450,7,11,1,72.7,1.5635,21.4465
4,68.74,1.079,6.87,1763.9,48.0,31526,45,1,0,73.48,1.4314,10.0058
47,74.36,3.871,4.18,1228.9,39.95,18127,55,7,0,70.39,2.2785,17.7895
22,72.88,4.046,5.32,1349.2,56.63,24887,35,6,0,69.44,1.2659,13.6992
28,72.73,2.012,5.69,1467.0,59.99,48082,40,2,0,67.2,1.1348,12.7821
19,83.29,1.042,5.19,1313.4,38.83,34092,75,12,0,69.55,1.7837,16.0482
11,96.3,2.42,3.04,1664.9,72.71,39718,84,14,1,71.99,1.9677,31.6776
14,89.58,2.66,4.79,1421.0,51.65,32765,41,2,0,74.27,1.7581,18.7015
10,65.16,3.888,6.08,1457.3,55.33,31207,81,9,0,66.51,1.3761,10.7171
5,81.3,2.312,5.26,1731.8,37.67,31248,49,5,0,73.12,1.8158,15.4563
49,58.77,1.502,3.43,1064.1,48.03,35214,62,5,0,68.66,1.4252,17.1341
26,77.74,1.465,5.84,1681.6,65.36,11851,95,13,0,73.27,3.4387,13.3116
34,75.55,11.24,3.46,1607.4,80.59,36811,12,19,1,70.66,2.4732,21.8353
49,62.87,1.192,5.42,1155.9,61.64,34851,62,5,0,68.0,1.4506,11.5996
6,55.7,2.334,5.39,1457.0,62.48,28443,71,2,0,70.02,1.4555,10.334
28,54.53,2.937,6.07,1615.1,41.92,47718,40,2,0,67.2,1.0517,8.9835
26,89.79,6.089,4.57,1737.3,93.64,11928,95,13,1,73.7,3.4783,19.6477
9,66.15,3.968,4.47,926.8,58.71,28658,28,7,0,68.02,1.9314,14.7987
44,92.43,2.882,3.68,1329.5,76.6,15263,41,3,1,73.29,3.0124,25.1168
27,60.0,2.593,5.5,1397.4,39.4,2153,52,16,0,71.38,1.3328,10.9091
17,74.21,1.73,6.88,1619.2,44.48,49149,49,0,0,71.74,1.333,10.7863
14,66.6,2.947,5.28,1493.1,67.44,32893,41,2,0,73.33,1.6411,12.6136
33,69.95,1.708,5.02,1538.6,62.95,17485,109,0,0,70.11,2.2014,13.9343
30,63.16,1.765,5.34,1253.6,50.11,30634,90,2,0,66.96,2.2476,11.8277
27,68.83,1.901,5.36,1607.5,64.28,2127,52,16,0,71.3,1.314,12.8414
30,67.87,1.844,6.79,1383.8,64.19,30627,90,2,0,67.13,2.2522,9.9956
50,75.87,3.119,5.28,1312.9,55.51,22284,21,3,0,70.65,1.8162,14.3693
46,75.33,1.521,4.9,1819.9,46.97,11397,19,9,0,67.98,1.6232,15.3735
49,56.91,1.525,4.16,1823.3,48.07,35025,62,5,0,67.54,1.4593,13.6803
32,69.99,1.346,5.33,1083.0,51.23,25968,56,0,0,68.04,1.584,13.1313
42,87.71,13.321,2.74,1687.6,88.37,5992,63,17,1,70.57,3.3083,32.0109
34,56.92,1.903,5.6,1614.8,64.1,36872,12,19,0,70.09,2.4483,10.1643
9,61.23,1.348,6.05,1638.8,61.64,28722,28,7,0,67.4,1.9104,10.1207
49,52.46,1.482,5.84,1380.0,58.3,35076,62,5,0,66.26,1.4524,8.9829
40,62.02,1.11,4.4,1916.4,53.82,39313,23,8,0,67.86,1.5148,14.0955
45,68.33,2.371,6.48,1572.4,75.88,1009,30,11,0,74.46,1.76,10.5448
28,72.68,1.914,5.68,1571.5,57.73,47952,40,2,0,67.13,1.0363,12.7958
22,74.68,1.45,5.48,1546.8,67.2,25257,35,6,0,69.8,1.2667,13.6277
26,69.89,3.087,6.38,1322.0,51.51,12210,95,13,0,74.25,3.4594,10.9545
44,75.38,1.312,4.1,1581.5,63.47,15267,41,3,0,71.38,1.8384,18.3854
14,64.04,2.982,6.19,1388.9,65.31,32850,41,2,0,72.62,1.6376,10.3457
39,64.86,2.419,4.73,1508.7,67.11,34021,15,13,0,70.14,3.9955,13.7125
4,59.37,0.928,5.98,1167.0,30.17,31816,45,1,0,71.11,1.2505,9.9281
1,63.31,4.2,5.25,1385.1,62.82,2289,74,9,0,70.75,2.8977,12.059
45,57.99,1.85,5.33,1044.3,52.25,1256,30,11,0,73.76,1.7578,10.8799
27,59.69,3.352,5.46,1288.1,42.64,2379,52,16,0,68.9,1.2077,10.9322
16,74.88,1.652,5.39,1689.0,66.88,2973,83,12,0,67.07,0.9908,13.8924
34,71.41,1.896,4.66,1472.0,55.01,37124,12,19,0,70.04,2.4597,15.324
48,80.73,2.48,6.11,1515.9,51.95,29720,115,7,0,70.37,1.5885,13.2128
19,70.59,2.753,5.08,1851.9,52.91,33978,75,12,0,69.64,1.7825,13.8957
45,60.43,7.203,4.89,1876.8,69.69,959,30,11,0,73.73,1.9606,12.3579
29,57.29,1.503,4.7,1290.2,49.57,36936,18,13,0,68.95,2.2122,12.1894
26,68.96,1.691,6.21,1525.3,74.56,11725,95,13,0,73.89,3.4605,11.1047
29,79.79,2.533,6.95,1645.3,66.69,36736,18,13,0,69.41,2.2103,11.4806
4,63.85,0.918,6.4,1611.9,56.92,31565,45,1,0,71.04,1.2581,9.9766
32,59.09,2.725,5.67,1730.0,62.02,26267,56,0,0,67.22,1.5791,10.4215
34,72.79,2.476,5.48,1418.4,58.73,37026,12,19,0,70.31,2.4213,13.2828
12,68.35,2.703,5.46,1322.2,50.93,32481,111,6,0,69.88,1.9629,12.5183
23,66.68,1.967,5.99,1414.1,55.91,6222,25,12,0,72.52,1.4298,11.1319
8,62.16,2.041,4.77,1515.8,53.73,39623,98,4,0,69.99,1.7886,13.0314
14,74.58,5.603,4.95,1529.9,48.87,33166,41,2,0,73.28,1.6747,15.0667
44,63.99,2.124,4.55,1573.0,50.79,15301,41,3,0,70.7,1.8394,14.0637
15,73.23,1.871,5.25,1659.5,43.71,12875,110,16,0,68.23,0.9561,13.9486
4,70.2,3.417,5.3,1595.7,53.9,31795,45,1,0,70.4,1.2622,13.2453
30,60.96,1.37,4.17,1518.9,54.38,30765,90,2,0,67.64,2.2568,14.6187
34,62.33,2.18,4.73,1437.1,59.02,37110,12,19,0,70.15,2.426,13.1776
20,62.91,2.498,6.29,1145.9,41.91,24856,31,3,0,71.4,4.3103,10.0016
39,62.34,1.676,6.55,1401.9,64.57,34266,15,13,0,69.94,3.9975,9.5176
19,60.21,1.093,5.86,1806.6,61.46,34014,75,12,0,69.11,1.4768,10.2747
24,57.58,3.407,5.7,1357.9,39.05,2493,86,13,0,67.61,1.4066,10.1018
20,61.66,3.252,5.68,1408.9,56.58,24626,31,3,0,70.9,4.3029,10.8556
13,69.28,1.816,5.6,1353.2,33.97,47100,72,9,0,69.58,1.3136,12.3714
13,63.31,2.13,5.5,1475.1,39.57,46660,72,9,0,69.61,1.3185,11.5109
19,52.26,1.692,5.34,1359.5,57.71,33977,75,12,0,68.48,1.4802,9.7865
16,72.98,1.491,6.29,1444.8,46.28,2995,83,12,0,67.77,0.9742,11.6025
37,66.87,1.097,6.09,1256.4,60.5,14413,91,13,0,71.37,1.916,10.9803
10,63.44,1.286,5.7,1243.6,49.08,31136,81,9,0,66.73,1.4219,11.1298
16,72.96,3.915,5.89,1329.6,69.25,3036,83,12,0,68.08,1.0036,12.3871
36,74.29,1.4,4.41,1533.0,51.67,32468,32,13,0,70.2,1.4166,16.8458
12,77.47,3.579,5.22,1323.7,85.0,32439,111,6,0,70.12,1.9527,14.841
11,68.24,1.224,3.82,1570.7,40.05,39945,84,14,0,71.9,1.9852,17.8639
23,59.32,2.397,5.85,1586.0,60.87,6371,25,12,0,72.63,1.4165,10.1402
4,65.23,2.851,6.51,1346.7,75.38,31822,45,1,0,69.42,1.2491,10.02
26,76.07,0.936,4.92,1582.1,45.28,12202,95,13,0,72.25,3.499,15.4614
35,71.5,4.068,5.62,1446.8,66.57,8286,57,10,0,68.32,1.4055,12.7224
10,77.8,2.288,5.5,1231.8,30.67,31157,81,9,0,66.96,1.4302,14.1455
19,77.5,1.41,6.08,1614.2,70.34,33967,75,12,0,68.88,1.4958,12.7467
43,74.8,2.05,4.38,1245.9,49.49,22179,106,18,0,68.4,5.738,17.0776
42,60.44,2.977,5.19,1581.6,38.98,5727,63,17,0,70.12,3.308,11.6455
5,71.31,3.324,6.29,1381.3,37.44,31190,49,5,0,72.08,1.487,11.337
37,53.01,1.716,6.05,1476.3,62.17,14589,91,13,0,71.07,1.9086,8.762
30,70.66,1.249,5.55,1779.0,44.64,30980,90,2,0,67.17,2.2738,12.7315
20,63.6,1.44,6.28,1156.8,49.94,24547,31,3,0,71.0,4.3215,10.1274
3,72.69,1.513,6.03,1181.8,70.6,50010,40,16,0,69.12,1.5352,12.0547
40,79.49,2.551,6.29,1111.1,61.1,39090,23,8,0,68.43,1.5013,12.6375
9,76.7,2.967,5.64,1684.6,45.63,28830,28,7,0,67.95,1.8606,13.5993
15,76.18,1.306,4.93,1277.0,70.2,12721,110,16,0,69.47,0.9689,15.4523
26,60.88,2.758,6.31,2040.1,52.98,12170,95,13,0,71.81,3.4109,9.6482
40,66.55,2.263,5.28,1550.0,58.83,39285,23,8,0,67.9,1.5014,12.6042
31,55.51,1.964,4.97,1065.6,85.11,8538,56,3,0,72.84,2.3712,11.169
44,79.17,9.466,4.41,1814.1,105.51,15423,41,3,1,71.43,2.2749,17.9524
5,81.87,3.123,5.63,1517.1,44.01,31592,49,5,0,72.71,1.4858,14.5417
19,68.0,1.183,4.93,1396.6,42.84,34097,75,12,0,68.73,1.4767,13.7931
11,62.35,2.774,5.62,1468.2,66.8,39538,84,14,0,71.9,1.9785,11.0943
10,57.32,2.708,5.64,1558.0,40.72,31073,81,9,0,66.48,1.4301,10.1631
17,63.1,3.303,5.2,1533.4,47.77,49210,49,0,0,71.09,1.3441,12.1346
28,70.3,1.196,5.5,1064.0,52.25,47967,40,2,0,67.13,1.039,12.7818
34,59.55,2.528,5.73,1511.1,48.12,36895,12,19,0,69.93,2.3917,10.3927
10,87.81,4.199,6.75,1420.2,77.3,31126,81,9,1,67.19,1.4504,13.0089
13,76.38,9.163,4.02,1659.9,88.99,46931,72,9,1,69.95,1.8366,19.0
25,55.7,3.52,4.34,1159.5,65.17,9108,25,2,0,70.78,1.1221,12.8341
5,54.68,1.846,6.1,1514.8,70.43,31575,49,5,0,72.15,1.4087,8.9639
36,79.83,8.563,4.68,1192.1,45.56,32361,32,13,0,70.58,1.8576,17.0577
11,69.2,1.583,4.38,1525.9,38.93,39661,84,14,0,71.73,1.9871,15.7991
25,82.63,2.248,4.85,1206.7,53.71,9193,25,2,0,70.38,1.1211,17.0371
36,75.89,2.807,5.13,1357.4,72.52,32334,32,13,0,71.39,1.8492,14.7934
19,70.15,2.194,5.66,1311.6,43.32,34295,75,12,0,68.99,1.4634,12.394
36,61.45,6.529,4.65,1623.0,56.14,32561,32,13,0,70.66,1.9851,13.2151
42,73.77,9.021,3.91,1803.1,67.3,5560,63,17,1,70.01,3.518,18.867
44,64.63,3.739,4.77,1438.1,49.37,15257,41,3,0,71.08,2.2387,13.5493
27,80.84,8.225,5.52,1412.4,44.57,2348,52,16,0,69.66,1.6818,14.6449
35,73.84,3.094,6.51,1464.6,48.25,8444,57,10,0,68.05,1.411,11.3425
13,66.37,2.881,6.36,1303.9,66.96,46900,72,9,0,69.77,1.802,10.4355
38,60.6,3.675,5.06,1415.0,42.75,28373,81,13,0,68.76,3.2877,11.9763
42,51.84,1.64,4.53,1530.8,64.32,5970,63,17,0,69.27,3.5043,11.4437
15,63.66,2.465,5.13,1282.0,58.38,12889,110,16,0,69.09,0.9377,12.4094
12,63.97,2.71,5.55,1336.2,43.33,32345,111,6,0,69.79,1.9254,11.5261
43,80.93,1.714,5.1,1265.4,54.16,22116,106,18,0,69.2,5.7508,15.8686
10,66.14,2.203,5.66,1280.9,56.09,30917,81,9,0,67.52,1.4267,11.6855
29,77.5,1.964,6.67,1327.3,51.05,36701,18,13,0,69.88,2.2148,11.6192
21,69.54,2.376,4.79,1386.2,39.96,41257,7,11,0,72.52,1.1872,14.5177
31,78.04,1.101,5.93,1602.5,58.2,8556,56,3,0,73.39,2.3723,13.1602
45,79.06,1.515,5.37,1283.8,67.39,1190,30,11,0,74.35,1.9774,14.7225
4,68.17,1.813,4.8,1133.0,43.58,31865,45,1,0,69.72,1.2408,14.2021
31,101.5,26.134,2.82,1546.9,69.38,8164,56,3,1,73.66,5.1543,35.9929
8,62.48,2.544,6.28,1316.8,58.52,39758,98,4,0,69.8,1.7628,9.949
5,68.03,2.138,5.12,1343.9,44.61,31167,49,5,0,72.15,1.4201,13.2871
32,65.39,4.16,6.3,1254.5,52.16,26281,56,0,0,67.3,1.6099,10.3794
26,73.18,3.789,5.47,1529.8,48.74,11810,95,13,0,71.29,3.4094,13.3784
24,70.65,2.074,4.6,1228.2,46.26,2259,86,13,0,67.51,1.4111,15.3587
29,67.51,4.038,6.88,1567.4,64.59,37013,18,13,0,70.28,1.0664,9.8125
8,93.58,20.717,3.43,1581.8,88.79,39702,98,4,1,70.87,4.0114,27.2828
19,64.84,2.451,4.83,1724.7,61.02,34071,75,12,0,68.72,1.3097,13.4244
23,54.72,2.837,6.24,1437.0,51.17,6457,25,12,0,72.11,1.4164,8.7692
34,67.09,2.01,3.78,1233.6,56.59,37004,12,19,0,69.93,2.4035,17.7487
6,84.3,1.496,4.21,1676.7,47.38,28688,71,2,0,70.1,1.4532,20.0238
23,75.45,2.359,5.55,1570.4,75.58,6675,25,12,0,72.33,1.4059,13.5946
39,68.42,2.993,5.1,1480.2,38.03,33931,15,13,0,69.59,3.9576,13.4157
50,69.37,3.914,6.67,1337.6,35.04,22252,21,3,0,70.14,1.7368,10.4003
39,71.33,2.328,6.49,1419.8,66.8,34358,15,13,0,69.77,3.9414,10.9908
18,57.27,2.7,6.4,1165.0,51.94,32931,65,18,0,68.67,1.3136,8.9484
3,85.62,8.52,1.27,2409.9,77.16,50200,40,16,1,69.87,1.9964,67.4173
18,75.08,2.904,7.57,1408.6,65.79,32789,65,18,0,68.96,1.312,9.9181
9,74.02,1.38,6.44,1649.2,38.93,28931,28,7,0,68.26,1.8739,11.4938
50,55.94,5.884,5.81,1984.0,69.04,22100,21,3,0,69.6,1.858,9.6282
25,65.91,2.178,4.88,1256.5,45.85,8968,25,2,0,69.58,1.1324,13.5061
4,74.92,5.749,6.17,1838.7,60.48,31775,45,1,0,69.84,1.4099,12.1426
8,96.27,5.946,2.71,1009.7,60.57,39752,98,4,1,72.08,4.0059,35.524
14,77.1,1.512,5.11,1652.3,54.35,33195,41,2,0,73.71,1.6688,15.0881
36,70.42,3.05,4.03,1278.5,37.67,32545,32,13,0,70.55,1.935,17.4739
9,58.66,1.079,4.72,1213.4,59.21,28575,28,7,0,68.17,1.8944,12.428
45,68.92,0.911,5.78,1358.8,60.78,979,30,11,0,73.88,2.0065,11.9239
2,64.16,3.143,5.73,1760.8,48.29,6613,88,17,0,69.93,1.3263,11.1972
22,73.82,5.752,6.55,1827.7,50.91,25227,35,6,0,70.53,1.4004,11.2702
7,72.43,11.057,3.46,1382.2,101.15,2645,118,6,1,71.72,2.5724,20.9335
50,69.72,1.992,5.61,1257.8,74.38,22156,21,3,0,70.32,1.8605,12.4278
9,72.87,3.126,5.65,968.1,59.44,28674,28,7,0,68.03,1.8465,12.8973
38,68.48,1.395,5.65,1736.4,44.91,28223,81,13,0,69.73,3.2792,12.1204
20,69.59,1.927,5.08,1318.7,63.14,24729,31,3,0,70.79,4.3291,13.6988
47,80.79,8.212,2.16,1481.4,89.94,17981,55,7,1,69.45,2.4949,37.4028
20,54.11,3.003,5.72,1477.7,47.18,24886,31,3,0,69.55,3.2561,9.4598
37,100.08,5.953,3.16,1432.8,64.06,14500,91,13,1,72.06,1.9385,31.6709
30,78.98,1.293,5.75,1640.6,63.25,30791,90,2,0,67.95,2.2889,13.7357
21,76.22,6.466,6.95,1636.2,54.74,41615,7,11,0,72.7,1.3724,10.9669
38,67.03,2.223,5.8,1629.1,50.98,28340,81,13,0,69.45,3.2659,11.5569
5,74.11,1.522,5.73,1766.7,53.38,31270,49,5,0,72.42,1.4459,12.9337
41,76.34,11.931,3.42,1702.1,77.23,16978,22,7,1,69.25,2.4025,22.3216
42,81.95,4.139,2.07,2253.2,74.8,5840,63,17,1,70.23,3.4972,39.5894
2,76.02,6.524,4.73,1539.0,83.36,6752,88,17,1,69.9,1.5018,16.0719
29,65.62,0.877,6.7,1587.1,58.36,36747,18,13,0,69.96,1.0887,9.794
45,77.64,2.388,5.45,1376.4,51.49,1107,30,11,0,72.62,1.9889,14.2459
10,76.06,1.637,3.57,1361.3,60.21,31363,81,9,0,68.16,1.4568,21.3053
45,58.7,5.35,6.03,1873.0,38.01,970,30,11,0,71.84,2.0483,9.7347
12,80.53,2.652,4.75,1459.3,118.78,32278,111,6,1,69.85,1.9208,16.9537
15,73.65,3.19,5.55,1344.1,40.25,12811,110,16,0,69.46,0.9219,13.2703
30,53.72,2.371,6.32,1396.7,50.16,30723,90,2,0,67.1,2.2839,8.5
22,70.33,1.591,5.31,1452.8,58.66,24859,35,6,0,70.32,1.3598,13.2448
4,64.16,3.403,5.44,1464.2,67.29,31840,45,1,0,69.28,1.3845,11.7941
38,66.12,2.513,4.87,1602.5,49.51,28349,81,13,0,69.28,3.254,13.577
17,62.49,2.049,6.77,1567.6,64.8,48939,49,0,0,70.81,1.3354,9.2304
49,61.44,1.343,7.65,1562.2,62.87,35114,62,5,0,65.61,1.449,8.0314
13,55.52,2.151,5.96,1390.4,68.13,46769,72,9,0,69.4,1.8056,9.3154
11,64.52,1.315,3.19,1859.0,46.63,39775,84,14,0,71.69,2.0044,20.2257
43,85.52,11.589,1.07,1853.5,60.88,22058,106,18,1,70.0,5.9506,79.9252
20,66.85,1.217,7.1,1018.2,59.33,24986,31,3,0,68.01,3.2689,9.4155
14,76.61,1.635,4.49,1287.3,70.23,33197,41,2,0,73.92,1.6938,17.0624
33,100.87,10.402,4.65,1990.4,68.31,17690,109,0,1,71.73,2.5772,21.6925
23,61.02,0.889,5.49,1484.9,97.43,6206,25,12,0,71.98,1.4196,11.1148
38,68.6,4.446,5.36,1901.4,53.16,28527,81,13,0,69.17,3.2625,12.7985
3,75.55,4.26,5.92,1482.2,54.33,50158,40,16,0,69.43,1.6397,12.7618
36,70.76,2.551,5.64,1588.5,62.94,32332,32,13,0,69.56,1.7597,12.5461
26,67.77,5.142,3.74,1574.4,59.6,11865,95,13,0,71.76,3.4123,18.1203
44,55.62,1.578,6.2,1369.4,55.37,15643,41,3,0,70.87,2.2483,8.971
30,74.25,2.321,4.96,1351.2,65.89,31052,90,2,0,67.88,2.2717,14.9698
1,74.85,3.329,5.75,1352.9,66.26,2724,74,9,0,71.2,2.8801,13.0174
29,72.87,4.003,6.08,1157.1,49.58,36812,18,13,0,69.8,1.1036,11.9852
2,77.26,5.334,3.26,1191.3,84.41,6572,88,17,1,69.95,1.5701,23.6994
10,68.53,1.219,5.11,1539.4,45.08,31073,81,9,0,68.46,1.5026,13.411
6,72.01,2.433,5.56,1246.9,64.78,28657,71,2,0,70.82,1.4372,12.9514
42,61.16,2.591,6.08,1127.8,49.9,5935,63,17,0,69.57,3.4743,10.0592
9,80.69,5.445,4.82,1274.3,60.16,28859,28,7,0,68.47,1.9093,16.7407
13,65.03,3.225,6.0,1929.0,49.91,46715,72,9,0,69.18,1.7298,10.8383
11,91.12,8.848,3.14,1713.9,74.47,39794,84,14,1,72.4,2.3479,29.0191
3,64.09,1.418,5.94,1488.8,48.06,50093,40,16,0,68.49,1.6459,10.7896
18,66.85,1.485,4.83,1548.4,51.03,33130,65,18,0,68.62,1.3186,13.8406
25,78.18,3.585,4.51,1328.1,90.34,8778,25,2,0,70.26,1.1345,17.3348
44,75.04,1.148,4.12,1294.1,38.9,15557,41,3,0,71.22,2.2768,18.2136
22,68.76,2.495,5.9,1596.4,70.09,25262,35,6,0,70.08,1.3237,11.6542
19,81.33,1.548,4.38,1672.0,57.77,34006,75,12,0,69.73,1.3002,18.5685
46,63.57,2.806,4.86,1320.6,50.9,11107,19,9,0,67.89,1.6179,13.0802
28,53.4,1.313,5.78,1480.3,49.6,48029,40,2,0,67.2,1.0476,9.2388
14,80.08,2.545,6.52,1561.1,56.78,33088,41,2,0,73.56,1.6609,12.2822
25,71.9,2.379,5.39,1397.2,42.75,9187,25,2,0,70.12,1.1374,13.3395
46,67.72,3.34,6.57,1499.3,52.47,11058,19,9,0,67.59,1.5655,10.3075
3,63.64,1.256,6.29,1356.4,66.74,50224,40,16,0,68.54,1.6608,10.1176
6,55.76,3.081,6.74,1462.9,60.82,28683,71,2,0,70.42,1.4361,8.273
31,78.06,2.656,5.19,2035.0,71.49,8441,56,3,0,73.75,5.1575,15.0405
15,64.52,2.416,6.69,1352.4,49.54,12792,110,16,0,69.31,0.9198,9.6442
42,68.15,1.44,5.98,1451.5,54.16,5805,63,17,0,69.7,3.4928,11.3963
20,63.81,2.246,5.2,1431.1,36.23,24919,31,3,0,68.1,3.2708,12.2712
29,60.02,1.076,5.46,1571.7,55.25,36812,18,13,0,69.24,1.1237,10.9927
14,56.46,1.843,5.02,1470.1,55.48,33208,41,2,0,73.19,1.5861,11.247
23,61.3,1.473,4.92,1239.7,77.41,6318,25,12,0,71.64,1.3721,12.4593
15,87.3,2.588,7.07,1528.7,66.13,12874,110,16,0,70.32,0.9211,12.3479
6,87.67,11.596,4.76,2285.4,86.17,28376,71,2,1,70.77,2.2982,18.4181
1,74.99,4.851,4.59,1993.6,61.04,2600,74,9,0,71.61,2.815,16.3377
6,74.97,2.353,5.56,1349.9,53.79,28560,71,2,0,70.75,2.2631,13.4838
36,98.42,10.1,2.99,1941.1,79.98,32446,32,13,1,71.17,2.2903,32.9164
26,69.91,2.108,5.16,1841.9,52.32,12193,95,13,0,71.48,3.4188,13.5484
21,65.6,3.689,4.8,1332.2,59.88,41327,7,11,0,72.38,1.3844,13.6667
6,72.35,4.623,4.45,1494.3,86.11,28600,71,2,1,70.98,2.2861,16.2584
32,69.82,4.386,5.47,1447.6,58.03,26002,56,0,0,67.83,1.6555,12.7642
45,70.99,1.887,5.25,1516.2,62.03,1152,30,11,0,71.66,2.0469,13.5219
34,73.83,4.886,3.13,1921.0,86.26,37111,12,19,1,70.1,2.4225,23.5879
20,82.39,1.635,4.57,1669.6,46.05,24815,31,3,0,69.2,3.2748,18.0284
45,88.99,5.355,1.99,1576.0,61.26,1178,30,11,1,72.0,2.1002,44.7186
24,60.01,3.526,5.59,1381.1,52.43,2247,86,13,0,66.99,1.4086,10.7352
23,68.44,5.653,3.99,1077.5,46.89,6450,25,12,0,71.0,1.5204,17.1529
16,55.45,1.444,3.62,1551.0,57.84,3077,83,12,0,67.57,1.0112,15.3177
20,79.67,5.042,4.75,1318.5,49.51,24696,31,3,0,69.75,3.3077,16.7726
49,67.31,1.317,6.02,1660.9,36.35,34917,62,5,0,65.43,1.469,11.1811
39,77.83,2.537,6.96,1503.7,66.51,34155,15,13,0,69.83,3.9286,11.1825
22,64.2,1.48,6.02,1548.3,36.03,25129,35,6,0,69.76,1.3082,10.6645
8,76.38,2.299,5.88,1232.8,53.13,39706,98,4,0,72.45,3.9616,12.9898
47,75.78,3.507,5.26,1499.9,77.4,18154,55,7,0,69.52,2.4686,14.4068
50,65.39,5.05,4.29,1464.2,52.49,22370,21,3,0,69.41,1.9099,15.2424
48,59.6,2.413,5.49,1301.9,42.01,29606,115,7,0,70.07,1.5526,10.8561
5,75.01,1.092,5.38,1540.3,64.76,31576,49,5,0,71.96,1.4885,13.9424
9,69.92,2.776,5.43,1676.0,64.44,28981,28,7,0,68.54,1.8965,12.8766
12,68.97,2.967,4.92,1330.7,53.77,32643,111,6,0,69.65,1.8771,14.0183
23,76.14,3.127,5.86,1634.5,77.0,6341,25,12,0,70.87,1.4937,12.9932
13,83.76,2.138,6.08,1304.4,47.27,46819,72,9,0,69.19,1.7294,13.7763
28,65.37,2.326,5.43,1412.7,76.07,48035,40,2,0,67.02,1.0443,12.0387
46,73.0,2.541,5.94,1400.7,61.15,11504,19,9,0,68.13,1.4917,12.2896
12,70.49,2.188,6.36,1492.2,43.1,32247,111,6,0,70.13,1.878,11.0833
25,65.95,6.277,6.55,1595.2,52.87,9165,25,2,0,69.49,1.2911,10.0687
29,105.24,5.328,3.21,1795.4,98.82,37000,18,13,1,70.08,1.231,32.785
16,70.65,1.344,7.16,1589.7,56.93,3179,83,12,0,67.25,0.9879,9.8673
15,68.4,1.277,5.51,1688.6,50.14,12549,110,16,0,70.73,0.9387,12.4138
22,67.74,1.603,4.71,1028.5,39.18,24970,35,6,0,70.37,1.3052,14.3822
29,85.42,4.222,4.76,1407.2,57.0,37133,18,13,0,70.52,1.2761,17.9454
7,89.44,10.799,6.11,1200.8,41.93,2960,118,6,0,72.85,2.9409,14.6383
15,66.39,4.738,6.46,1299.5,50.12,12570,110,16,0,70.82,1.0608,10.2771
12,62.7,3.516,6.02,1284.1,43.42,32293,111,6,0,69.72,1.8821,10.4153
9,52.36,1.128,6.16,1684.8,73.49,28577,28,7,0,68.47,1.918,8.5
16,72.1,5.072,5.43,1381.5,39.51,3321,83,12,0,67.34,1.1414,13.2781
33,52.6,1.024,5.73,1516.7,55.17,17479,109,0,0,70.96,2.6365,9.1798
10,63.56,1.939,4.83,1436.5,65.63,31365,81,9,0,67.87,1.5151,13.1594
7,74.26,1.92,4.3,1442.2,60.01,2874,118,6,0,73.19,2.9582,17.2698
30,58.56,2.657,5.99,1804.5,65.66,30607,90,2,0,67.13,2.2596,9.7763
45,83.9,13.471,3.22,1298.9,97.18,1334,30,11,1,72.47,2.9376,26.0559
21,61.03,3.58,6.24,1568.9,73.21,41178,7,11,0,72.12,1.3723,9.7804
17,63.98,1.006,6.62,1438.9,64.48,49080,49,0,0,70.22,1.3087,9.6647
31,61.72,5.11,5.26,1544.4,62.9,8547,56,3,0,73.35,5.1458,11.7338
14,75.57,2.058,5.36,1297.8,65.47,33065,41,2,0,73.47,1.5939,14.0989
7,69.19,2.403,5.46,1463.6,56.64,3003,118,6,0,73.6,2.9679,12.6722
35,60.76,2.102,4.86,1626.6,57.73,8352,57,10,0,67.87,1.3874,12.5021
18,57.62,1.073,6.14,1420.3,68.15,32898,65,18,0,68.18,1.3458,9.3844
35,62.92,1.208,5.93,1927.7,46.62,8262,57,10,0,67.61,1.0713,10.6105
4,78.85,0.874,4.74,1307.1,39.24,31586,45,1,0,69.64,1.4194,16.635
20,65.97,2.832,5.78,1623.8,47.17,25008,31,3,0,69.7,3.3076,11.4135
12,76.73,0.868,6.04,1353.5,65.55,32652,111,6,0,69.3,1.9217,12.7036
2,69.7,1.999,3.95,1660.1,51.57,6661,88,17,0,70.46,1.5677,17.6456
31,52.83,1.206,6.11,1194.9,46.96,8533,56,3,0,72.05,5.0363,8.6465
45,54.91,1.51,5.78,1217.5,49.93,1376,30,11,0,71.58,2.9136,9.5
48,52.09,2.737,4.41,1269.0,64.04,29807,115,7,0,69.48,1.5268,11.8118
1,63.21,3.771,3.52,1348.8,80.58,2596,74,9,1,71.28,2.8,17.9574
49,59.0,2.586,5.57,1201.9,52.77,35004,62,5,0,65.35,1.4658,10.5925
12,74.39,1.843,4.46,1181.0,44.88,32342,111,6,0,68.96,1.9299,16.6794
14,72.8,5.461,5.33,1587.6,56.18,33195,41,2,0,71.98,1.383,13.6585
18,80.61,1.149,3.92,1425.4,54.56,33123,65,18,0,68.57,1.3696,20.5638
46,68.8,3.719,6.06,1417.9,44.4,11410,19,9,0,67.93,1.4717,11.3531
26,66.85,1.91,4.33,1543.3,61.62,11912,95,13,0,71.81,3.4271,15.4388
6,64.03,1.415,6.64,1475.5,57.05,28450,71,2,0,70.9,2.2986,9.6431
25,72.56,1.7,5.8,1663.2,61.2,8936,25,2,0,69.4,1.3246,12.5103
2,77.57,1.593,5.32,1560.6,39.4,6754,88,17,0,70.88,1.5617,14.5808
50,67.18,1.242,5.13,1288.5,57.12,22069,21,3,0,69.63,1.8939,13.0955
33,65.76,2.26,4.98,1558.0,61.33,17586,109,0,0,70.49,2.6419,13.2048
1,66.52,2.572,4.88,1580.3,55.34,2490,74,9,0,71.37,2.4429,13.6311
21,60.64,2.771,4.66,1599.3,50.81,41470,7,11,0,71.79,1.3079,13.0129
46,70.91,1.082,6.89,1508.2,58.07,11225,19,9,0,68.37,1.5015,10.2917
9,72.59,1.321,6.0,1327.9,53.24,28590,28,7,0,68.71,1.9401,12.0983
32,81.24,2.906,6.3,1070.2,50.81,26229,56,0,0,68.25,1.6567,12.8952
50,66.76,6.703,5.03,1349.0,51.35,22282,21,3,0,69.32,1.7517,13.2724
22,86.74,7.149,5.91,1603.7,90.74,25131,35,6,1,71.25,1.6152,14.6768
8,65.75,4.43,5.23,1099.4,53.36,39695,98,4,0,72.74,3.9519,12.5717
50,58.89,2.579,6.12,1879.8,44.84,22560,21,3,0,69.24,1.749,9.6225
26,54.53,1.315,3.93,1397.7,65.21,12168,95,13,0,71.4,3.4204,13.8753
36,62.74,2.573,5.24,1368.0,51.13,32341,32,13,0,71.25,2.2925,11.9733
47,56.81,5.381,5.81,1766.7,58.27,17862,55,7,0,69.33,2.4984,9.778
32,63.2,1.81,5.32,1353.5,69.5,25849,56,0,0,67.67,1.655,11.8797
5,70.9,3.443,6.13,1600.5,71.32,31371,49,5,0,72.08,1.479,11.5661
26,71.17,1.107,6.7,1274.2,63.19,11959,95,13,0,72.08,3.4241,10.6224
9,67.91,2.079,5.18,1610.4,68.57,28757,28,7,0,68.46,1.9401,13.11
50,64.28,2.166,6.11,1175.9,72.14,22446,21,3,0,69.08,1.7176,10.5205
1,56.14,3.383,5.24,1341.8,66.55,2710,74,9,0,70.82,2.4425,10.7137
25,98.76,3.073,2.16,2119.1,107.13,9086,25,2,1,70.56,1.2704,45.7222
46,70.65,2.288,5.67,1706.5,23.94,11341,19,9,0,69.0,1.5045,12.4603
30,70.74,1.962,5.68,1539.9,65.52,31082,90,2,0,67.58,2.1778,12.4542
6,77.3,1.766,6.83,1200.2,36.58,28478,71,2,0,71.45,2.3097,11.3177
32,61.86,2.278,4.62,1404.5,53.97,25991,56,0,0,67.32,1.6162,13.3896
23,83.27,3.558,5.17,1881.3,44.46,6378,25,12,0,71.19,1.5021,16.1064
15,65.9,3.357,5.57,1324.1,78.08,12808,110,16,0,70.46,1.0819,11.8312
31,59.2,2.125,4.82,1457.5,70.67,8543,56,3,0,70.58,5.0448,12.2822
2,70.31,1.578,5.67,1118.9,62.19,7044,88,17,0,70.85,1.5771,12.4004
27,64.65,3.94,5.67,1868.5,51.39,2297,52,16,0,69.73,1.6913,11.4021
23,57.38,0.99,5.39,1309.6,62.02,6661,25,12,0,70.58,1.5092,10.6456
47,69.78,4.172,5.78,1379.0,79.47,18128,55,7,0,67.76,2.3604,12.0727
4,62.59,4.549,6.18,1629.2,70.49,31746,45,1,0,68.93,1.4817,10.1278
10,70.55,1.255,7.21,1556.7,46.27,31318,81,9,0,68.36,1.4939,9.785
37,70.78,2.943,6.49,1467.5,58.73,14696,91,13,0,72.18,1.9387,10.906
37,62.11,3.912,5.24,1263.7,36.0,14738,91,13,0,71.9,1.9151,11.8531
13,73.21,0.721,6.39,1336.6,55.35,46814,72,9,0,69.16,1.7732,11.457
4,75.6,1.608,5.97,1465.9,55.01,31519,45,1,0,69.06,1.4825,12.6633
44,70.08,5.07,6.28,1184.4,48.36,15241,41,3,0,71.22,2.3081,11.1592
42,64.3,0.916,4.22,1444.4,51.53,5863,63,17,0,69.59,3.5301,15.237
27,64.25,1.402,5.03,1419.0,41.55,2188,52,16,0,69.97,1.7142,12.7734
17,73.58,3.771,5.69,1490.2,55.82,48736,49,0,0,70.15,1.3401,12.9315
42,62.76,2.554,6.14,1489.6,61.55,5538,63,17,0,69.66,3.5183,10.2215
27,66.62,1.697,3.75,1754.2,62.97,2248,52,16,0,70.17,1.7096,17.7653
24,89.89,1.657,7.19,1303.8,56.15,2465,86,13,0,67.99,1.4184,12.5021
46,66.62,1.883,4.9,1429.0,58.32,11152,19,9,0,68.81,1.4397,13.5959
37,81.75,2.545,4.13,1584.1,49.23,14657,91,13,0,71.14,1.9201,19.7942
36,57.41,3.964,6.48,1717.3,61.66,32566,32,13,0,70.66,2.2775,8.8596
9,70.77,3.604,4.48,1393.6,56.79,28651,28,7,0,68.34,1.8633,15.7969
42,66.5,2.624,4.88,1046.5,64.6,5623,63,17,0,69.96,3.4843,13.627
42,59.57,1.671,5.29,1589.5,46.71,5555,63,17,0,69.64,3.4907,11.2609
31,112.65,12.082,2.8,1633.7,82.59,8545,56,3,1,72.68,5.337,40.2321
32,57.88,1.188,5.32,1435.5,50.55,25878,56,0,0,67.18,1.6254,10.8797
46,57.98,1.715,5.42,1340.8,64.6,11252,19,9,0,68.27,1.4238,10.6974
43,103.06,5.207,3.97,1199.2,90.43,22296,106,18,1,71.79,5.9287,25.9597
40,61.28,3.374,4.85,1544.8,45.89,39017,23,8,0,67.85,1.5214,12.6351
5,78.05,2.58,4.42,1521.8,56.95,31309,49,5,0,72.14,1.413,17.6584
48,62.32,1.261,6.74,1334.3,38.49,29749,115,7,0,69.03,1.5232,9.2463
8,66.71,1.905,5.67,1444.4,38.3,39952,98,4,0,71.64,3.9562,11.7654
26,65.71,7.582,6.1,1005.4,55.86,11898,95,13,0,72.06,3.5375,10.7721
24,71.27,1.261,5.07,1760.6,54.55,2335,86,13,0,67.88,1.447,14.0572
9,76.05,1.427,4.46,1248.9,47.29,28727,28,7,0,68.99,1.865,17.0516
36,83.4,3.305,6.03,1384.9,42.03,32493,32,13,0,70.78,2.2645,13.8308
26,67.37,1.997,5.83,1295.4,73.59,11831,95,13,0,72.14,3.5394,11.5557
7,52.72,1.376,6.51,1377.2,52.92,2891,118,6,0,73.56,2.9623,8.0983
5,73.66,1.366,4.76,1358.0,82.74,31590,49,5,0,72.59,1.4155,15.4748
44,77.58,1.371,4.45,1492.1,65.43,15608,41,3,0,71.86,2.2433,17.4337
31,63.98,5.706,6.39,1666.0,59.15,8198,56,3,0,72.27,5.3497,10.0125
24,70.14,4.325,5.99,1734.8,54.09,2485,86,13,0,68.2,1.4874,11.7095
26,61.03,1.121,5.62,1357.2,66.76,12093,95,13,0,71.2,3.5262,10.8594
30,72.13,2.015,6.18,1603.4,41.6,30698,90,2,0,68.39,2.1583,11.6715
33,65.69,1.618,4.8,1571.2,63.6,17426,109,0,0,70.08,2.6843,13.6854
40,72.01,1.087,6.42,1626.2,45.86,39255,23,8,0,68.15,1.5379,11.2165
28,75.68,5.082,5.2,1243.6,60.08,48114,40,2,0,67.3,1.2197,14.5538
15,72.98,2.474,6.26,1698.4,71.91,12761,110,16,0,70.89,1.0397,11.6581
22,74.66,1.675,5.13,1261.5,54.83,25122,35,6,0,71.69,1.62,14.5536
50,57.48,2.138,5.53,1378.9,47.82,22415,21,3,0,68.86,1.7119,10.3942
18,62.16,0.778,5.01,1347.9,50.32,32835,65,18,0,68.54,1.3979,12.4072
8,71.93,2.441,5.56,1620.7,47.15,39693,98,4,0,72.32,3.9447,12.9371
35,71.47,1.851,4.35,1483.1,59.44,8268,57,10,0,67.83,1.072,16.4299
33,76.01,1.492,5.29,1424.6,73.24,17822,109,0,0,70.23,2.7253,14.3686
4,72.32,2.714,4.07,1260.9,48.0,31562,45,1,0,68.4,1.4834,17.769
26,80.47,3.429,5.53,1405.7,47.05,11987,95,13,0,71.84,3.5177,14.5515
26,68.42,2.366,6.39,1341.1,56.3,12131,95,13,0,71.98,3.5198,10.7074
38,81.85,4.904,5.33,1229.1,47.06,28259,81,13,0,69.09,3.2822,15.3565
18,59.97,2.128,5.75,1341.1,64.52,32955,65,18,0,68.09,1.3468,10.4296
43,66.17,2.05,6.26,1231.4,51.53,22186,106,18,0,71.93,5.935,10.5703
38,76.22,5.824,4.1,1081.7,59.91,28400,81,13,0,70.1,3.309,18.5902
16,45.51,2.575,4.84,1172.7,51.04,3421,83,12,0,66.88,1.1251,9.4029
46,72.44,1.978,5.81,1387.6,26.86,11259,19,9,0,68.49,1.3941,12.4682
28,74.27,1.037,6.85,1492.7,58.17,47833,40,2,0,67.79,1.2287,10.8423
50,57.74,1.235,4.56,1647.6,44.0,22222,21,3,0,68.74,1.7124,12.6623
45,80.7,5.17,2.74,1421.0,88.32,947,30,11,1,72.24,2.8838,29.4526
9,79.81,1.436,5.7,1463.8,78.12,28611,28,7,0,69.74,1.8863,14.0018
41,57.57,1.953,5.07,1537.4,71.62,16974,22,7,0,68.67,2.4133,11.355
13,61.29,2.091,6.38,1837.5,62.88,46962,72,9,0,68.62,1.7759,9.6066
40,68.62,3.833,5.64,1429.8,82.97,39382,23,8,0,68.32,1.5735,12.1667
23,105.56,1.671,2.8,1628.7,110.85,6295,25,12,1,72.05,1.5131,37.7
21,67.67,4.878,5.74,1645.5,41.72,41396,7,11,0,71.58,1.3223,11.7892
21,69.94,1.739,5.53,1487.8,38.49,41582,7,11,0,71.69,1.3483,12.6474
15,66.81,1.162,5.06,1013.6,44.9,12619,110,16,0,70.8,1.0448,13.2036
42,109.05,5.058,3.03,1180.8,105.99,5636,63,17,1,71.64,2.7926,35.9901
10,75.33,3.548,4.59,1281.3,52.98,31165,81,9,0,67.72,1.4698,16.4118
27,66.73,3.12,5.76,1746.5,41.53,2012,52,16,0,69.57,1.7105,11.5851
45,72.03,1.382,6.36,1372.4,44.73,1047,30,11,0,72.35,2.9051,11.3255
20,65.43,2.106,4.63,1381.5,64.25,24568,31,3,0,68.93,3.2935,14.1317
17,65.99,2.305,4.47,1385.6,59.24,49163,49,0,0,69.91,1.0223,14.7629
4,82.11,3.382,5.78,1355.4,53.6,31423,45,1,0,69.35,1.4956,14.2059
27,73.42,1.42,5.94,1499.6,62.2,2229,52,16,0,69.84,1.7137,12.3603
42,59.22,1.927,4.98,1378.1,56.57,5770,63,17,0,71.45,2.7972,11.8916
50,78.87,1.648,4.95,1608.3,41.51,22270,21,3,0,68.73,1.725,15.9333
18,71.79,5.513,6.76,1773.1,54.17,32743,65,18,0,68.11,1.4825,10.6198
26,67.66,2.28,4.73,1261.5,54.82,11904,95,13,0,71.46,3.5205,14.3044
33,68.5,6.298,5.3,1478.4,52.93,17408,109,0,0,70.21,2.7644,12.9245
7,72.74,4.14,4.75,1421.0,72.07,2866,118,6,0,73.95,2.9508,15.3137
32,80.13,3.257,5.48,1585.1,61.19,26064,56,0,0,67.98,1.5879,14.6223
14,67.09,2.287,5.23,1257.3,57.29,33242,41,2,0,71.97,1.3255,12.8279
25,65.6,2.294,4.0,1270.7,68.45,8723,25,2,0,70.75,1.2647,16.4
27,85.27,3.083,3.65,849.1,99.51,2037,52,16,1,70.73,1.7089,23.3616
39,77.34,2.562,5.2,1488.6,66.19,34251,15,13,0,70.36,3.931,14.8731
37,63.07,1.506,4.14,1453.9,79.39,14308,91,13,0,71.26,1.9531,15.2343
23,66.84,1.437,5.75,1272.6,61.27,6347,25,12,0,71.61,1.5274,11.6243
17,74.31,3.424,5.77,1366.0,50.59,48886,49,0,0,69.57,1.0492,12.8787
18,79.02,1.982,6.17,1473.7,57.77,33060,65,18,0,67.99,1.2556,12.8071
10,73.59,1.025,4.47,1467.9,48.99,31182,81,9,0,68.22,1.5089,16.4631
18,72.3,2.176,3.92,1330.6,45.19,33024,65,18,0,68.64,1.2145,18.4439
38,53.19,1.501,3.75,1390.2,54.48,28192,81,13,0,68.98,3.3237,14.184
7,65.01,5.437,5.49,1343.9,65.68,2953,118,6,0,73.76,2.9699,11.8415
29,64.4,1.985,6.17,1337.5,58.79,37040,18,13,0,70.43,1.2829,10.4376
22,53.5,1.753,6.11,1642.3,56.01,24959,35,6,0,70.94,1.6299,8.7561
37,87.08,0.596,5.12,1553.6,59.87,14594,91,13,0,72.32,2.0235,17.0078
42,41.32,4.158,6.34,1033.8,44.9,5995,63,17,0,70.74,2.8032,6.5174
40,75.48,1.437,6.85,1063.5,53.0,39122,23,8,0,68.97,1.5587,11.019
22,65.9,2.561,5.7,1474.1,63.69,24931,35,6,0,70.46,1.6177,11.5614
36,59.17,2.192,5.67,1584.3,57.18,32252,32,13,0,70.48,2.275,10.4356
17,74.24,1.045,6.49,1294.9,50.01,48759,49,0,0,69.9,1.076,11.4391
49,57.61,2.895,5.31,1461.4,60.71,35070,62,5,0,64.82,1.4655,10.8493
12,72.62,1.039,5.1,1580.1,69.87,32590,111,6,0,69.57,1.945,14.2392
48,64.13,1.779,5.27,1486.6,70.24,29624,115,7,0,68.75,1.5339,12.1689
29,77.72,1.917,5.89,1953.7,49.98,36695,18,13,0,70.62,1.2726,13.1952
25,68.27,1.659,5.37,1620.6,35.98,9161,25,2,0,70.68,1.2797,12.7132
3,71.68,1.194,4.49,1540.9,45.51,49995,40,16,0,68.94,1.6759,15.9644
6,80.31,1.627,6.08,1275.0,63.71,28348,71,2,0,71.99,2.3201,13.2089
19,74.06,4.696,5.12,1479.3,61.86,34105,75,12,0,70.51,1.3679,14.4648
28,66.54,2.284,5.71,1659.0,58.49,48081,40,2,0,68.09,1.2095,11.6532
16,69.12,1.214,5.39,1548.3,57.68,3242,83,12,0,66.88,1.1508,12.8237
42,69.04,3.389,5.76,1636.9,64.97,5726,63,17,0,70.49,2.8,11.9861
45,56.08,2.322,5.06,1788.3,55.46,1178,30,11,0,70.02,2.8496,11.083
36,79.49,2.705,5.03,1576.6,63.74,32441,32,13,0,71.1,2.2283,15.8032
48,63.8,3.398,6.95,1552.0,70.23,29615,115,7,0,69.56,1.4591,9.1799
47,71.46,2.908,6.16,1389.7,39.59,18042,55,7,0,68.27,2.359,11.6006
20,69.57,1.4,5.95,1219.0,50.83,24533,31,3,0,68.67,3.2967,11.6924
29,71.04,3.109,3.71,1101.6,55.2,37093,18,13,0,70.24,1.2497,19.1482
36,70.32,2.494,5.84,1480.3,60.81,32723,32,13,0,70.99,2.2327,12.0411
2,55.15,1.922,5.92,1519.3,41.05,6618,88,17,0,70.38,1.5868,9.3159
25,66.55,3.927,5.9,1485.1,69.37,8784,25,2,0,70.81,1.2714,11.2797
47,72.99,2.39,5.42,1396.2,51.6,17700,55,7,0,68.84,2.3537,13.4668
12,73.88,1.954,6.19,1254.2,42.86,32616,111,6,0,70.49,1.951,11.9354
3,77.48,1.94,5.78,1351.4,62.99,49948,40,16,0,68.99,1.6433,13.4048
17,57.61,3.473,5.58,1166.6,66.77,49088,49,0,0,68.73,0.9063,10.3244
17,75.33,1.662,3.94,1399.6,56.95,49114,49,0,0,69.44,0.9075,19.1193
9,69.72,3.509,6.16,1383.1,35.98,28501,28,7,0,69.54,1.1371,11.3182
14,67.04,2.552,6.04,1146.4,49.07,33245,41,2,0,71.29,1.3273,11.0993
45,77.42,1.206,6.96,1926.4,40.14,1234,30,11,0,70.55,2.8577,11.1236
37,56.98,4.707,4.54,1246.1,58.25,14325,91,13,0,71.8,2.0502,12.5507
15,83.85,2.628,2.09,1698.8,56.6,12879,110,16,1,72.3,1.0299,40.1196
12,81.74,2.054,5.01,1521.7,40.34,32492,111,6,0,71.26,1.9224,16.3154
21,115.66,1.489,2.92,1481.9,80.81,41551,7,11,1,73.76,1.3319,39.6096
14,60.96,1.301,4.93,1291.7,42.29,33166,41,2,0,70.23,1.3401,12.3651
15,73.77,1.143,5.48,1413.1,67.72,12810,110,16,0,72.1,1.0546,13.4617
39,62.74,1.574,5.8,1054.0,43.62,34268,15,13,0,71.06,3.9501,10.8172
17,68.37,3.158,4.94,1215.0,55.1,49164,49,0,0,69.94,0.9268,13.8401
26,58.66,2.524,5.09,1432.4,58.31,12104,95,13,0,69.28,1.6248,11.5246
9,68.66,6.714,5.26,1414.7,38.21,28986,28,7,0,69.12,1.3676,13.0532
27,59.31,2.448,6.05,1528.2,59.62,2322,52,16,0,70.4,1.6956,9.8033
10,72.08,2.892,5.64,1271.6,71.21,31331,81,9,0,69.16,1.154,12.7801
50,66.97,5.042,6.25,1377.4,59.49,22486,21,3,0,68.36,1.7573,10.7152
31,63.13,2.27,5.52,1473.2,50.95,8484,56,3,0,71.35,5.3368,11.4366
39,51.8,0.399,5.28,1179.8,58.75,34293,15,13,0,70.57,3.9931,9.8106
22,66.96,1.32,5.53,1466.7,49.21,24859,35,6,0,70.72,1.641,12.1085
34,66.17,4.912,1.68,1954.7,75.83,37050,12,19,1,70.23,2.3601,39.3869
3,55.99,3.31,6.59,1718.2,44.6,49975,40,16,0,68.49,1.6309,8.4962
25,72.6,3.97,5.69,1246.3,71.05,8778,25,2,0,70.88,1.2751,12.7592
48,81.42,1.269,4.98,1368.4,75.97,29620,115,7,0,70.13,1.4825,16.3494
26,61.09,1.901,4.84,1649.7,54.81,12161,95,13,0,68.39,1.6085,12.6219
3,94.32,8.565,2.36,1423.2,87.96,50230,40,16,1,69.62,2.0606,39.9661
13,67.95,1.733,5.75,1564.3,49.23,46938,72,9,0,68.36,1.7544,11.8174
36,61.6,2.108,4.8,1268.6,60.02,32669,32,13,0,70.68,2.246,12.8333
18,58.64,2.027,5.34,1288.0,63.25,32845,65,18,0,68.33,1.1853,10.9813
32,76.17,5.236,5.53,1242.4,71.97,26190,56,0,0,68.27,1.5873,13.774
41,72.35,4.707,5.66,1647.9,53.94,16923,22,7,0,67.98,2.2698,12.7827
36,53.13,1.381,5.18,1227.7,43.82,32487,32,13,0,69.86,2.2768,10.2568
45,68.38,2.339,5.63,1476.9,62.31,1190,30,11,0,70.59,2.8695,12.1456
27,89.84,8.855,5.14,1595.2,87.57,2387,52,16,1,71.46,2.1124,17.4786
1,69.8,3.789,5.87,1334.6,58.47,2388,74,9,0,71.34,2.4321,11.891
44,73.94,2.176,5.95,1524.0,68.39,15369,41,3,0,72.2,2.2383,12.4269
9,57.55,1.274,4.82,1528.4,46.99,28522,28,7,0,68.53,1.3964,11.9398
15,66.03,1.225,4.95,1558.9,59.89,12964,110,16,0,71.47,1.0513,13.3394
43,63.3,2.832,4.55,1386.4,57.42,22060,106,18,0,71.65,5.9385,13.9121
10,70.2,1.396,6.19,1260.9,40.89,31266,81,9,0,69.18,0.978,11.3409
39,71.06,5.892,4.91,1674.8,41.68,34261,15,13,0,70.3,4.0107,14.4725
6,83.78,2.159,7.04,1532.6,52.58,28458,71,2,0,72.48,2.3242,11.9006
30,65.83,2.691,4.42,1549.5,63.56,30661,90,2,0,68.51,2.1365,14.8937
30,66.87,6.444,5.37,1441.0,45.46,31031,90,2,0,68.44,2.2845,12.4525
31,60.6,2.035,6.31,1393.2,64.68,8508,56,3,0,70.73,5.3453,9.6038
44,60.66,2.12,6.02,1160.3,80.1,15170,41,3,0,71.89,2.2228,10.0764
20,66.11,0.998,5.34,1142.0,50.96,25011,31,3,0,68.96,3.3142,12.3801
25,64.85,2.089,5.83,1660.3,48.31,8855,25,2,0,71.29,1.2971,11.1235
5,63.28,1.96,5.72,1623.2,50.75,31243,49,5,0,72.35,1.4169,11.0629
39,104.38,5.333,3.96,1947.2,54.71,34226,15,13,1,70.27,1.6991,26.3586
29,77.11,2.444,6.26,1631.6,67.9,36827,18,13,0,71.9,1.2507,12.3179
4,54.36,1.828,5.66,1177.4,59.96,31716,45,1,0,68.67,1.4789,9.6042
5,60.12,2.528,5.4,1171.5,66.16,31461,49,5,0,71.79,1.3824,11.1333
39,63.63,0.923,7.25,1282.8,49.66,34293,15,13,0,69.58,1.7415,8.7766
43,53.12,3.195,6.15,1391.1,35.13,22253,106,18,0,70.65,5.9093,8.6374
41,64.45,3.855,5.61,1157.7,59.05,16861,22,7,0,68.0,2.273,11.4884
43,71.05,5.838,5.69,1496.7,64.45,22353,106,18,0,70.9,5.9042,12.4868
45,57.46,3.9,6.09,1022.2,70.63,1292,30,11,0,70.3,2.8549,9.4351
1,67.08,0.837,5.11,1265.8,43.52,2566,74,9,0,71.37,2.4811,13.1272
17,66.87,1.982,4.71,1459.8,45.67,49088,49,0,0,68.68,0.9277,14.1975
23,74.42,2.156,5.27,1465.5,74.87,6564,25,12,0,71.03,1.505,14.1214
17,76.04,3.088,5.56,1090.0,51.61,48893,49,0,0,68.95,0.9088,13.6763
12,56.55,2.567,6.24,1595.9,65.3,32629,111,6,0,70.9,1.9212,9.0625
11,72.6,1.656,4.69,1384.1,38.93,39976,84,14,0,72.51,2.3585,15.4797
39,66.66,1.016,4.85,1571.7,63.05,34224,15,13,0,69.06,1.7758,13.7443
18,64.63,3.043,5.62,941.5,59.61,32780,65,18,0,67.47,1.1651,11.5
5,81.14,5.344,3.76,1829.8,71.06,31278,49,5,1,72.55,1.4726,21.5798
17,68.51,1.86,5.63,1475.5,59.12,49126,49,0,0,69.06,0.8913,12.1687
24,61.2,2.155,5.92,1246.4,60.2,2346,86,13,0,68.68,1.4917,10.3378
11,79.37,5.253,4.19,1135.9,101.11,39881,84,14,1,73.12,2.4027,18.9427
15,83.18,4.136,4.25,1265.6,50.4,12691,110,16,0,72.08,1.1024,19.5718
16,75.48,1.237,5.18,1574.8,49.4,3108,83,12,0,67.19,1.1746,14.5714
45,77.7,3.721,4.82,1046.6,64.2,985,30,11,0,70.35,2.8516,16.1203
13,67.53,2.23,5.89,1488.1,44.3,46989,72,9,0,68.16,1.7536,11.4652
39,79.89,2.465,5.52,1064.8,53.87,33981,15,13,0,69.27,1.7702,14.4728
27,51.62,0.778,5.73,1530.0,57.49,2089,52,16,0,70.22,2.1525,9.0087
29,68.63,1.279,6.54,1523.7,25.47,36645,18,13,0,71.67,1.2786,10.4939
47,74.55,2.502,5.28,1345.7,55.79,17794,55,7,0,69.18,2.3428,14.1193
46,66.26,2.269,5.06,1887.6,62.57,11218,19,9,0,67.9,1.376,13.0949
17,61.35,2.006,6.4,1311.3,47.66,49194,49,0,0,68.7,0.893,9.5859
22,64.78,1.637,5.92,1295.9,36.98,25027,35,6,0,70.33,1.5306,10.9426
42,66.69,2.568,6.46,1499.2,42.27,5803,63,17,0,69.94,2.7818,10.3235
20,71.99,3.093,6.52,1588.0,48.31,24850,31,3,0,69.01,3.3121,11.0414
6,67.06,2.178,6.09,1271.1,66.95,28631,71,2,0,72.32,2.3235,11.0115
30,78.24,1.777,5.6,1422.7,58.16,30792,90,2,0,67.33,1.1883,13.9714
28,66.81,3.251,5.37,1171.1,30.88,47906,40,2,0,68.11,1.0816,12.4413
32,73.66,4.572,4.86,1340.4,44.51,26277,56,0,0,68.45,1.6108,15.1564
10,94.27,2.071,5.92,1472.9,62.33,31064,81,9,0,70.3,0.9609,15.924
30,69.92,2.117,4.99,1643.4,50.31,30620,90,2,0,67.34,1.1877,14.012
49,72.02,2.588,3.53,1520.3,48.38,35229,62,5,0,64.99,1.4429,20.4023
47,66.23,1.032,3.76,1535.6,49.62,17852,55,7,0,69.18,2.3878,17.6144
48,59.03,1.479,3.99,1348.7,82.1,29694,115,7,0,69.53,1.446,14.7945
29,80.2,2.061,4.45,1728.8,77.2,37139,18,13,0,71.62,1.2839,18.0225
39,59.78,1.561,5.07,1585.5,55.1,34336,15,13,0,69.18,1.7627,11.7909
24,71.23,4.979,6.65,1368.6,53.11,2568,86,13,0,68.54,1.5471,10.7113
23,70.99,1.356,5.05,1214.1,62.89,6271,25,12,0,71.32,1.5208,14.0574
42,83.4,3.164,6.22,1533.5,50.69,5609,63,17,0,70.22,2.7406,13.4084
33,60.2,3.654,6.14,1524.2,55.47,17547,109,0,0,70.02,2.713,9.8046
40,67.59,2.541,5.96,1758.0,63.58,39388,23,8,0,68.09,0.9366,11.3406
17,66.45,1.976,5.99,1391.8,57.87,49129,49,0,0,69.03,0.8552,11.0935
38,69.83,1.198,2.87,1577.5,78.33,28616,81,13,0,69.45,3.3372,24.331
43,60.31,1.633,6.36,1328.4,81.93,22270,106,18,0,70.5,5.9289,9.4827
25,70.62,0.846,5.2,1566.7,93.01,8861,25,2,0,71.4,1.3379,13.5808
13,75.1,2.85,5.48,1586.2,69.32,46695,72,9,0,68.91,1.7503,13.7044
32,74.06,2.997,6.06,1518.8,49.37,26292,56,0,0,68.53,1.5914,12.2211
50,68.05,1.87,5.91,1601.6,56.16,22502,21,3,0,68.42,1.756,11.5144
13,68.44,3.48,6.38,1605.5,75.74,46704,72,9,0,67.47,1.734,10.7273
32,69.75,1.69,6.59,1763.0,60.26,25958,56,0,0,68.8,1.5959,10.5842
25,73.22,2.095,6.01,1494.8,55.41,8889,25,2,0,71.15,1.3524,12.183
9,49.98,1.596,4.63,1383.5,58.64,28678,28,7,0,68.38,1.4112,10.7948
35,95.96,6.124,3.75,1844.2,124.36,8142,57,10,1,69.27,1.3437,25.5893
17,62.72,3.569,6.1,1642.0,54.84,49043,49,0,0,69.2,0.8807,10.282
1,77.35,2.966,6.34,1816.5,56.97,2687,74,9,0,70.76,2.4703,12.2003
31,68.53,1.011,4.73,1580.5,40.48,8261,56,3,0,70.75,5.3719,14.4884
35,61.12,1.069,6.08,1322.6,48.09,8536,57,10,0,68.86,1.3644,10.0526
8,73.06,1.94,5.54,1516.4,63.05,39725,98,4,0,72.06,3.9567,13.1877
33,62.8,1.269,8.2,1545.2,56.46,17421,109,0,0,69.29,2.5919,7.6585
23,68.32,8.115,5.09,1324.0,40.86,6283,25,12,0,70.33,1.5835,13.4224
24,73.27,2.88,5.27,1308.1,51.25,2384,86,13,0,68.48,1.5021,13.9032
2,63.68,1.314,5.69,1202.0,39.94,6950,88,17,0,69.93,1.6171,11.1916
30,57.12,2.087,5.22,1059.3,47.39,30622,90,2,0,67.46,1.1834,10.9425
26,72.85,2.712,5.36,1474.2,63.21,12109,95,13,0,68.77,1.5965,13.5914
50,59.89,1.64,6.02,1612.9,61.37,22406,21,3,0,68.04,1.7759,9.9485
20,83.38,13.508,4.14,1573.8,87.93,24860,31,3,1,69.43,3.9389,20.1401
46,88.04,1.021,4.89,1464.7,43.46,11028,19,9,0,67.7,1.0113,18.0041
43,98.46,8.469,2.35,1684.7,78.54,22178,106,18,1,71.45,5.9908,41.8979
16,67.8,2.11,6.02,1187.4,67.11,3240,83,12,0,67.35,1.1724,11.2625
21,64.57,2.312,5.73,1274.0,42.93,41349,7,11,0,73.48,1.3291,11.2688
18,66.62,1.324,6.35,1715.0,57.53,32980,65,18,0,67.92,1.164,10.4913
24,70.6,1.82,6.38,1647.3,78.24,2255,86,13,0,67.42,1.2629,11.0658
42,59.29,0.917,4.54,1534.5,45.08,5839,63,17,0,68.62,2.7831,13.0595
39,64.68,3.1,4.16,1265.0,61.07,34155,15,13,0,69.12,1.7623,15.5481
5,78.26,3.141,6.21,1547.7,50.33,31178,49,5,0,72.8,1.4651,12.6023
16,71.25,3.075,4.97,1219.2,82.36,3464,83,12,0,67.67,1.1622,14.336
47,60.01,1.127,5.76,1693.6,54.31,17726,55,7,0,69.35,2.4307,10.4184
32,72.67,0.724,6.59,1729.7,53.43,26181,56,0,0,69.39,1.6545,11.0273
24,76.14,2.851,6.03,1357.0,54.79,2361,86,13,0,68.02,1.2631,12.6269
16,62.21,1.161,4.95,1533.5,51.51,3269,83,12,0,67.15,1.1901,12.5677
41,77.63,2.691,5.49,1674.3,64.98,16846,22,7,0,68.16,2.2434,14.1403
35,77.48,2.528,5.89,1495.8,67.97,8528,57,10,0,68.52,1.3318,13.1545
39,70.0,2.387,5.11,1607.7,66.83,34106,15,13,0,69.64,1.7534,13.6986
5,76.67,1.389,6.6,1835.5,64.98,31396,49,5,0,72.39,1.2838,11.6167
3,87.23,17.987,4.29,1122.9,46.06,50256,40,16,1,70.42,3.762,20.3333
1,70.64,2.923,6.41,1268.6,51.03,2456,74,9,0,70.56,2.4475,11.0203
4,77.57,1.048,5.24,1469.3,34.43,31632,45,1,0,68.93,1.5012,14.8034
47,70.35,3.264,5.3,1528.5,50.51,18065,55,7,0,69.33,2.4172,13.2736
33,58.26,3.131,5.06,1224.6,31.77,17647,109,0,0,68.53,2.5457,11.5138
30,75.22,1.723,4.7,1176.7,58.8,30955,90,2,0,68.02,1.1538,16.0043
29,50.43,0.864,5.55,1801.0,49.97,36991,18,13,0,70.74,1.3265,9.0865
44,80.05,1.12,5.18,1279.8,60.55,15622,41,3,0,72.53,2.2472,15.4537
48,64.85,2.819,5.44,1424.4,57.78,29757,115,7,0,69.14,1.4461,11.921
41,98.29,6.474,2.78,1332.3,108.17,16663,22,7,1,69.93,2.3425,35.3561
37,75.12,2.081,5.91,1211.9,39.36,14322,91,13,0,71.95,1.5946,12.7107
16,69.09,3.577,6.44,1727.3,58.4,3343,83,12,0,65.96,1.1861,10.7283
27,67.37,0.682,5.22,1673.1,75.65,1908,52,16,0,70.24,2.1552,12.9061
11,79.18,1.807,3.84,1650.1,61.68,39631,84,14,0,72.24,2.4158,20.6198
33,69.12,2.219,4.29,1599.8,57.42,17550,109,0,0,69.04,2.5232,16.1119
9,74.07,6.395,5.54,1310.0,52.71,28582,28,7,0,68.56,1.6133,13.37
32,66.87,2.039,4.79,1771.3,52.19,25888,56,0,0,69.23,1.6201,13.9603
19,71.66,2.822,5.71,1340.1,49.98,34070,75,12,0,70.37,1.2959,12.5499
23,59.43,3.164,5.56,1446.2,41.24,6331,25,12,0,70.31,1.5827,10.6888
24,61.57,1.668,4.94,1228.4,58.45,2445,86,13,0,68.47,1.2361,12.4636
38,63.56,2.408,6.54,1638.6,56.77,28296,81,13,0,68.95,3.323,9.7187
21,72.9,2.552,6.77,1485.5,56.34,41382,7,11,0,74.02,1.3147,10.7681
4,58.93,3.517,5.62,1328.0,34.47,31551,45,1,0,68.33,1.5168,10.4858
16,72.26,1.362,5.19,1371.7,29.03,3327,83,12,0,66.46,1.2029,13.9229
10,64.53,3.058,5.59,1068.0,45.79,31137,81,9,0,70.46,0.9515,11.5438
49,69.82,1.844,5.7,1602.3,65.31,35216,62,5,0,65.28,1.2748,12.2491
10,70.62,2.816,6.12,1096.0,41.04,31082,81,9,0,70.41,0.9519,11.5392
2,69.23,1.098,5.46,1614.4,45.59,6728,88,17,0,69.85,1.6608,12.6795
18,67.58,1.465,5.22,1530.1,30.39,32764,65,18,0,67.69,1.1512,12.9464
42,58.89,2.293,5.37,1249.7,63.69,5851,63,17,0,67.77,2.7576,10.9665
11,59.07,0.874,4.69,1388.0,56.65,39589,84,14,0,71.8,2.4438,12.5949
20,63.89,2.454,6.23,1116.0,39.55,24877,31,3,0,69.34,3.9334,10.2552
25,79.44,3.921,2.16,1579.5,101.36,8855,25,2,1,70.78,1.3402,36.7778
3,64.42,4.231,4.97,1547.2,65.89,50333,40,16,0,70.1,3.7509,12.9618
34,57.62,0.438,6.64,1195.8,78.3,37080,12,19,0,69.7,2.4006,8.6777
25,63.29,1.862,4.39,1321.5,67.47,8711,25,2,0,70.06,1.3508,14.4169
39,55.83,3.32,5.98,1483.5,51.4,34341,15,13,0,69.25,1.7556,9.3361
35,66.89,2.981,6.11,1388.2,48.18,8167,57,10,0,68.26,1.3334,10.9476
16,74.0,2.41,4.97,1298.7,57.15,3410,83,12,0,66.99,1.2016,14.8893
36,62.45,1.758,4.17,1414.3,52.3,32700,32,13,0,69.95,2.2751,14.976
19,73.61,2.364,6.06,1675.4,72.41,33938,75,12,0,70.44,1.2897,12.1469
48,59.49,3.633,5.27,1466.0,69.23,29655,115,7,0,69.02,1.4609,11.2884
36,99.1,6.909,4.91,1244.9,104.21,32627,32,13,1,71.06,2.3959,20.1833
39,61.61,2.076,5.66,1452.6,78.77,34082,15,13,0,68.77,1.7504,10.8852
14,64.4,2.263,6.33,1730.8,58.14,32855,41,2,0,70.34,1.3439,10.1738
22,60.67,2.95,5.51,1336.0,46.95,25283,35,6,0,69.49,1.5277,11.0109
28,74.03,3.241,5.95,1687.3,64.15,47919,40,2,0,68.92,1.0647,12.442
25,63.33,1.768,5.33,1676.4,55.43,8763,25,2,0,70.08,1.3732,11.8818
17,73.41,3.082,5.36,1444.3,44.0,48794,49,0,0,69.07,0.8103,13.6959
17,64.36,1.847,5.25,1145.2,61.97,49186,49,0,0,69.31,0.7971,12.259
42,51.89,2.134,6.04,1057.3,42.08,5536,63,17,0,66.62,2.7639,8.5911
15,62.09,3.501,6.18,1737.1,40.34,12872,110,16,0,71.09,1.0933,10.0469
8,54.71,1.883,4.9,1456.4,64.06,39810,98,4,0,70.8,3.9239,11.1653
28,54.07,4.4,5.21,1626.6,82.05,48064,40,2,0,68.36,1.1557,10.3781
26,71.74,2.028,6.08,1166.4,65.43,12179,95,13,0,69.1,1.5995,11.7993
49,68.21,2.522,5.2,1460.5,43.3,34882,62,5,0,65.49,1.2724,13.1173
41,70.23,1.711,4.57,1582.1,62.8,16817,22,7,0,69.41,2.3645,15.3676
10,63.82,1.446,5.37,1273.2,53.48,31319,81,9,0,70.45,0.9547,11.8845
32,62.66,2.736,5.38,1237.9,65.65,25896,56,0,0,68.86,1.6202,11.6468
47,74.96,1.939,4.38,1618.2,41.74,17908,55,7,0,69.35,2.4007,17.1142
50,66.81,1.46,5.27,1385.1,52.91,22298,21,3,0,68.07,1.7782,12.6774
45,69.99,4.019,6.31,1408.0,68.78,1359,30,11,0,69.7,2.845,11.0919
20,58.22,1.201,5.69,1088.6,58.72,24972,31,3,0,69.0,3.9589,10.232
4,76.25,3.413,4.85,1266.4,67.94,31860,45,1,0,68.86,1.5108,15.7216
11,80.61,3.288,5.75,1296.2,62.51,40012,84,14,0,71.36,1.8957,14.0191
29,89.61,3.592,5.77,1452.5,49.83,36923,18,13,0,72.0,1.3398,15.5303
25,64.01,1.453,4.17,1436.9,36.0,9128,25,2,0,70.37,1.4065,15.3501
49,70.05,2.583,5.4,1104.4,55.09,34851,62,5,0,64.92,1.2716,12.9722
9,61.73,3.929,4.46,1412.6,57.08,28937,28,7,0,68.86,1.6202,13.8408
22,89.32,5.824,6.0,1600.9,61.23,25225,35,6,0,71.12,1.6488,14.8867
25,61.85,1.338,6.32,1398.2,70.03,8946,25,2,0,70.05,1.2156,9.7864
7,80.06,2.683,3.9,1519.6,76.29,2819,118,6,0,74.28,2.9729,20.5282
14,73.03,0.649,5.39,1783.7,67.54,33228,41,2,0,70.64,1.1489,13.5492
39,94.92,11.142,1.65,1377.1,85.34,33956,15,13,1,69.98,2.4392,57.5273
40,76.87,4.186,6.29,1481.8,45.32,39479,23,8,0,69.03,1.0186,12.221
21,64.8,2.485,6.56,1545.0,60.79,41201,7,11,0,73.78,1.2691,9.878
17,70.94,3.703,6.11,1467.5,50.95,48830,49,0,0,69.61,0.8399,11.6105
47,64.39,3.179,6.54,1293.6,42.97,17944,55,7,0,70.1,2.3974,9.8456
45,57.67,8.866,6.69,1134.4,58.71,1339,30,11,0,69.26,3.0187,8.6203
50,51.65,4.308,6.46,1476.8,64.35,22295,21,3,0,67.49,1.7539,7.9954
15,65.75,1.35,6.02,1200.3,46.54,12651,110,16,0,70.83,1.0521,10.9219
15,81.41,1.91,4.13,1762.7,49.86,12806,110,16,0,70.81,1.0548,19.7119
9,81.71,1.022,5.65,1643.0,40.96,28984,28,7,0,69.43,1.6581,14.4619
3,70.46,2.913,5.6,1595.2,62.93,50335,40,16,0,69.41,3.7504,12.5821
38,69.05,1.157,3.96,1750.9,31.0,28155,81,13,0,69.12,3.3409,17.4369
40,69.15,1.544,6.69,1512.0,48.82,39021,23,8,0,68.54,1.0168,10.3363
49,67.6,3.332,7.19,1496.6,36.92,35101,62,5,0,65.07,1.2817,9.4019
6,71.41,2.323,5.66,1602.9,58.59,28727,71,2,0,72.7,2.3066,12.6166
18,81.83,3.109,4.99,1339.7,54.97,33031,65,18,0,68.3,1.1598,16.3988
28,69.28,3.747,4.84,1607.4,41.89,47731,40,2,0,68.57,1.1912,14.314
17,66.02,2.084,5.84,1353.5,64.74,48776,49,0,0,69.14,0.8416,11.3048
33,56.96,2.491,5.95,1526.5,62.33,17682,109,0,0,68.2,2.504,9.5731
6,58.58,3.908,6.53,1700.9,46.5,28483,71,2,0,72.58,2.316,8.9709
47,70.17,1.609,5.63,1284.7,41.13,17841,55,7,0,70.07,2.4195,12.4636
46,84.32,6.532,2.6,1321.1,72.09,11504,19,9,1,68.71,1.308,32.4308
28,62.88,1.996,5.33,1563.0,64.75,47747,40,2,0,68.51,1.1919,11.7974
43,85.12,4.441,2.45,972.5,90.73,22440,106,18,1,71.85,5.9607,34.7429
7,66.12,1.021,4.49,1593.9,46.38,3036,118,6,0,73.42,3.0121,14.7261
10,66.12,3.332,4.31,1176.2,71.3,31192,81,9,0,70.66,0.9348,15.3411
46,65.38,3.62,4.69,1621.4,61.97,11178,19,9,0,69.41,1.3027,13.9403
30,75.99,3.858,5.4,1355.9,45.68,30703,90,2,0,68.56,1.1954,14.0722
1,65.79,5.485,6.49,1363.4,66.05,2673,74,9,0,70.37,2.4695,10.1371
32,60.65,2.925,5.32,1742.1,65.74,25933,56,0,0,68.04,1.6194,11.4004
33,86.4,3.263,3.4,1161.1,96.75,17740,109,0,1,69.37,2.4528,25.4118
45,82.84,6.521,3.58,999.9,62.86,973,30,11,1,69.52,2.915,23.1397
37,59.16,1.486,4.88,1721.3,64.06,14358,91,13,0,69.84,1.5426,12.123
38,60.5,6.782,5.28,1419.3,40.41,28440,81,13,0,68.76,3.4238,11.4583
33,68.05,0.939,6.24,1614.6,60.27,17410,109,0,0,69.35,2.5035,10.9054
22,68.59,2.233,5.52,1727.8,36.43,25254,35,6,0,70.96,1.6514,12.4257
5,72.95,1.51,5.28,1698.3,53.28,31365,49,5,0,72.12,1.3038,13.8163
19,67.33,1.155,4.44,1316.6,53.86,34336,75,12,0,70.35,1.3084,15.1644
16,67.35,2.355,5.23,1351.7,46.45,3301,83,12,0,67.18,1.199,12.8776
14,75.17,2.413,4.31,1751.6,61.29,32966,41,2,0,70.94,1.1446,17.4408
48,72.72,1.506,4.82,1627.7,44.29,29758,115,7,0,69.85,1.4783,15.0871
28,69.5,2.958,7.27,1226.8,31.89,47620,40,2,0,68.81,1.1739,9.5598
13,60.26,1.245,6.59,1590.0,76.36,46744,72,9,0,67.86,1.7516,9.1442
6,66.18,2.359,6.72,1544.8,55.39,28686,71,2,0,72.55,2.314,9.8482
16,60.85,2.559,6.16,1528.4,51.91,3399,83,12,0,67.04,0.9871,9.8782
13,66.02,1.94,6.83,1645.3,63.69,47029,72,9,0,67.63,1.7554,9.6662
44,77.08,2.219,4.68,1516.1,50.87,15462,41,3,0,72.99,2.2483,16.4701
16,135.47,13.68,2.79,1304.7,68.48,3368,83,12,1,69.49,2.5493,48.5556
3,73.19,4.305,5.4,1638.4,53.36,50142,40,16,0,69.46,3.7541,13.5537
8,80.36,1.967,6.24,1490.7,61.14,39923,98,4,0,71.33,3.9114,12.8782
10,68.3,1.851,5.46,1011.3,45.47,30892,81,9,0,70.67,0.8906,12.5092
44,62.73,1.111,5.49,1519.2,71.22,15388,41,3,0,72.6,2.2602,11.4262
48,71.32,1.775,5.27,1602.8,43.17,29660,115,7,0,69.84,1.4598,13.5332
9,68.91,2.593,5.77,1696.6,49.73,28937,28,7,0,69.11,1.6483,11.9428
28,67.96,3.303,6.19,1821.4,60.39,47737,40,2,0,68.67,1.1583,10.979
17,85.9,5.608,3.42,2114.2,89.09,48816,49,0,1,69.84,1.0518,25.117
39,81.19,6.617,4.97,1463.7,42.31,33980,15,13,0,70.2,2.5037,16.336
25,69.91,6.853,4.06,1126.0,41.25,9163,25,2,0,70.16,1.4819,17.2192
30,75.0,1.689,7.05,1525.3,51.82,31041,90,2,0,69.0,1.1894,10.6383
20,71.5,1.33,5.49,1551.2,34.36,24533,31,3,0,69.26,3.9641,13.0237
27,59.44,2.554,6.23,1368.3,57.88,2024,52,16,0,69.23,2.1285,9.5409
45,61.75,3.329,6.75,1178.4,49.84,1165,30,11,0,69.44,2.8942,9.1481
48,85.69,2.215,4.36,1365.6,36.64,29581,115,7,0,69.3,1.059,19.6537
10,59.06,1.895,6.24,1363.3,40.98,31094,81,9,0,70.51,0.8838,9.4647
2,77.7,3.198,5.25,1394.9,40.17,6834,88,17,0,70.36,1.6088,14.8
47,79.67,2.86,5.18,1234.6,68.25,17874,55,7,0,70.15,2.3611,15.3803
16,57.73,2.661,5.49,1649.3,66.95,3002,83,12,0,69.24,2.5472,10.5155
2,76.48,3.199,4.99,1863.8,111.86,6578,88,17,1,70.21,1.6038,15.3267
19,64.13,2.849,6.67,1244.4,64.22,34122,75,12,0,70.48,1.3093,9.6147
8,56.73,1.12,4.13,1523.8,52.33,39518,98,4,0,70.56,3.9371,13.7361
33,55.44,1.743,6.28,1242.0,43.08,17510,109,0,0,68.62,2.4907,8.828
3,66.96,4.878,5.89,1392.2,63.2,50017,40,16,0,68.86,3.7423,11.3684
14,60.07,1.293,4.7,1485.9,59.62,32818,41,2,0,69.3,1.1624,12.7809
30,63.81,3.605,5.87,1611.7,62.86,30851,90,2,0,69.29,1.1851,10.8705
43,63.73,2.085,6.49,1408.5,41.11,22215,106,18,0,72.08,5.9649,9.8197
11,74.88,3.226,5.02,1412.1,64.39,39925,84,14,0,72.21,1.8704,14.9163
35,70.14,1.499,6.39,1501.6,53.17,8070,57,10,0,68.68,1.3116,10.9765
11,61.14,1.533,6.52,1814.1,56.56,39763,84,14,0,71.39,1.8679,9.3773
36,72.46,1.052,6.02,1488.0,32.43,32669,32,13,0,71.43,2.3788,12.0365
39,57.51,3.618,5.87,1312.9,50.07,34402,15,13,0,69.12,2.4962,9.7973
16,74.39,1.476,5.81,1675.2,45.78,3210,83,12,0,69.9,2.5436,12.8038
6,75.0,1.948,5.26,999.3,77.5,28718,71,2,0,72.62,2.2946,14.2586
18,75.01,3.33,5.56,1609.0,57.05,32850,65,18,0,68.4,1.1682,13.491
42,75.65,2.539,4.9,939.3,48.52,5547,63,17,0,66.52,2.7565,15.4388
37,59.02,5.727,6.62,1374.0,39.82,14772,91,13,0,69.63,1.6593,8.9154
28,71.26,2.582,5.42,1768.9,48.78,47734,40,2,0,68.55,1.1419,13.1476
47,62.87,1.396,5.01,1280.3,82.52,18155,55,7,0,69.86,2.358,12.5489
16,65.42,0.601,4.49,1478.4,64.26,3321,83,12,0,69.76,2.5699,14.5702
10,58.57,2.167,5.04,1348.3,26.98,31101,81,9,0,70.14,0.8825,11.621
33,58.78,2.898,4.55,1507.1,70.0,17652,109,0,0,68.12,2.4861,12.9187
5,92.89,19.726,4.83,2008.2,98.17,31146,49,5,1,72.11,3.6865,19.2319
17,69.77,2.132,5.24,1664.0,51.39,48990,49,0,0,69.48,1.0559,13.3149
45,62.62,1.622,5.09,1868.7,58.88,1114,30,11,0,69.08,2.9306,12.3026
39,65.68,1.408,4.41,1726.6,60.27,34197,15,13,0,68.91,2.4793,14.8934
4,58.55,3.564,4.91,1996.7,59.34,31501,45,1,0,68.68,1.5045,11.9246
46,75.5,1.409,5.45,1535.6,45.91,11134,19,9,0,70.07,1.2787,13.8532
24,60.22,1.561,5.84,1564.8,39.77,2592,86,13,0,68.19,1.2281,10.3116
28,66.96,3.912,5.56,1291.1,54.1,48079,40,2,0,68.43,1.1386,12.0432
45,57.78,1.14,5.64,1043.1,60.47,977,30,11,0,68.84,2.9785,10.2447
34,66.3,1.537,5.4,1398.3,54.61,37105,12,19,0,69.2,2.4237,12.2778
44,66.01,1.711,5.1,1159.9,51.45,15347,41,3,0,72.29,2.2628,12.9431
11,63.82,3.634,4.45,1437.0,80.82,39740,84,14,0,71.46,1.8709,14.3416
18,64.3,1.097,5.56,1162.5,61.62,32901,65,18,0,68.47,1.169,11.5647
49,75.55,3.098,5.44,1782.8,62.14,35260,62,5,0,65.34,1.2853,13.8879
4,62.6,1.215,4.48,1407.2,58.46,31795,45,1,0,68.6,1.5294,13.9732
43,72.03,3.843,5.53,1445.3,57.41,22474,106,18,0,72.47,5.9106,13.0253
9,63.21,2.85,5.38,1281.9,42.16,28586,28,7,0,68.54,1.6471,11.7491
46,70.18,2.761,5.03,1515.4,65.64,11299,19,9,0,70.4,1.2691,13.9523
19,70.81,3.649,4.01,1747.6,60.9,34247,75,12,0,70.78,1.2916,17.6584
23,69.17,2.408,5.63,1487.8,37.71,6330,25,12,0,70.2,1.5741,12.286
8,57.38,1.244,5.94,1539.8,48.82,39601,98,4,0,70.73,3.8978,9.6599
17,66.52,3.825,4.62,1702.8,46.93,48865,49,0,0,68.84,1.0721,14.3983
19,78.46,4.326,6.12,1666.6,52.86,34262,75,12,0,71.51,1.32,12.8203
35,84.77,5.304,3.26,1885.3,101.66,8419,57,10,1,69.73,1.4474,26.0031
39,72.17,1.841,5.46,1549.3,55.09,34304,15,13,0,69.26,2.3085,13.2179
29,69.58,3.835,6.44,1576.1,60.0,37078,18,13,0,72.24,1.3201,10.8043
28,59.86,1.19,5.57,1390.1,63.36,48018,40,2,0,67.83,1.1552,10.7469
41,85.14,4.756,2.42,1806.2,90.07,16686,22,7,1,70.55,2.3434,35.1818
16,80.9,2.133,5.12,1550.5,65.26,3181,83,12,0,70.8,2.5715,15.8008
28,64.42,1.685,5.06,1474.7,67.25,47617,40,2,0,67.75,1.1638,12.7312
21,58.89,2.292,6.47,1421.7,49.99,41467,7,11,0,73.29,1.2711,9.102
48,66.95,9.323,4.62,1385.1,46.65,29625,115,7,1,69.01,1.625,14.4913
5,68.86,3.876,5.69,1510.2,70.32,31391,49,5,0,72.49,3.685,12.1019
20,70.09,1.676,5.36,1583.3,68.11,24537,31,3,0,69.72,3.936,13.0765
26,51.9,1.874,4.84,1653.2,59.39,12037,95,13,0,68.39,1.6065,10.7231
25,73.78,0.565,6.17,1252.4,59.0,8965,25,2,0,69.83,1.5193,11.9579
26,70.32,2.393,5.39,1132.4,56.04,12054,95,13,0,68.5,1.6064,13.0464
6,56.36,0.995,6.29,1615.1,72.44,28640,71,2,0,72.04,2.3117,8.9603
24,69.77,1.643,5.08,1753.4,57.06,2531,86,13,0,68.17,1.2367,13.7343
23,65.85,5.496,5.98,1365.0,59.24,6302,25,12,0,70.04,1.6628,11.0117
7,76.95,0.991,5.74,1238.2,81.77,3038,118,6,0,73.22,3.0494,13.4059
41,105.52,18.305,3.64,1370.8,116.24,17070,22,7,1,72.29,3.8485,28.989
44,67.24,5.498,5.86,1253.8,42.19,15230,41,3,0,72.21,2.3244,11.4744
34,59.71,2.401,4.0,1481.4,45.69,37076,12,19,0,69.14,2.3873,14.9275
21,80.41,3.36,5.03,1453.0,70.41,41290,7,11,0,73.66,1.2733,15.9861
45,53.59,5.933,4.7,1825.7,52.3,1007,30,11,0,68.23,2.9969,11.4021
3,47.83,1.532,6.32,1349.8,46.87,50045,40,16,0,68.64,3.7414,7.568
2,71.26,2.187,5.03,1029.4,60.19,6876,88,17,0,70.71,1.5941,14.167
6,73.06,2.759,5.88,1469.2,55.41,28562,71,2,0,71.88,2.3094,12.4252
3,69.49,4.936,6.61,1760.9,39.66,50233,40,16,0,68.8,3.7131,10.5129
42,71.39,2.631,5.29,1713.1,48.41,5617,63,17,0,66.92,2.7364,13.4953
11,64.32,2.037,5.9,1896.6,53.33,39774,84,14,0,71.2,1.8707,10.9017
4,77.88,1.894,4.57,1636.4,54.99,31432,45,1,0,69.49,1.5332,17.0416
23,66.2,4.836,5.64,1435.4,24.84,6278,25,12,0,69.29,1.7202,11.7376
44,66.93,1.514,5.47,1393.2,36.41,15568,41,3,0,72.38,2.3377,12.2358
20,67.19,2.814,4.36,1503.1,32.52,24741,31,3,0,69.24,2.4937,15.4106
16,64.53,1.458,6.62,1194.1,63.45,3116,83,12,0,70.85,2.5795,9.7477
19,106.13,6.321,2.78,1508.7,64.66,34298,75,12,1,72.88,1.5156,38.1763
28,85.03,1.435,5.2,1310.1,79.16,47755,40,2,0,68.27,1.1313,16.3519
15,92.08,7.917,3.16,1548.5,39.22,12728,110,16,1,71.88,1.5397,29.1392
49,74.54,1.512,5.48,1073.3,72.08,35086,62,5,0,65.51,1.2745,13.6022
3,79.31,3.371,5.66,1310.7,25.46,50203,40,16,0,68.81,3.6857,14.0124
2,70.03,3.474,5.9,1252.6,38.1,6798,88,17,0,69.88,1.5925,11.8695
7,54.6,1.31,6.71,1447.8,66.33,2771,118,6,0,72.86,3.066,8.1371
37,64.88,2.506,5.81,1253.8,48.41,14588,91,13,0,69.63,1.6416,11.167
39,74.14,1.576,5.93,1230.5,49.74,34153,15,13,0,69.99,2.3135,12.5025
24,61.46,1.858,6.31,1335.8,63.25,2284,86,13,0,68.13,1.2391,9.7401
34,50.26,3.874,5.01,1270.5,53.57,36904,12,19,0,66.68,2.27,10.0319
26,61.87,3.443,4.67,1261.9,65.48,11984,95,13,0,67.84,1.5936,13.2484
18,58.44,1.858,4.91,1382.0,55.65,33182,65,18,0,68.07,1.1495,11.9022
47,58.49,1.091,5.83,1888.4,63.15,17692,55,7,0,69.48,2.3987,10.0326
21,68.55,3.312,4.66,1458.6,53.77,41581,7,11,0,72.61,1.2392,14.7103
7,64.87,2.492,6.04,1864.8,52.83,2709,118,6,0,72.3,3.0465,10.7401
37,72.02,1.756,5.25,1381.8,42.92,14402,91,13,0,69.97,1.6092,13.7181
34,76.49,1.251,5.27,1212.6,59.57,37078,12,19,0,67.53,2.2456,14.5142
32,65.59,4.969,6.02,1490.9,28.07,26278,56,0,0,68.16,1.673,10.8953
45,63.07,2.115,5.15,1287.5,53.64,1038,30,11,0,68.44,2.9896,12.2466
34,61.31,2.427,3.51,1478.3,46.11,36885,12,19,0,67.16,2.2294,17.4672
23,58.37,1.799,6.47,1610.9,54.11,6326,25,12,0,68.62,1.7119,9.0216
21,62.17,0.86,4.9,1521.0,54.57,41528,7,11,0,72.58,1.2369,12.6878
20,62.37,2.622,5.69,1461.8,70.27,24935,31,3,0,69.07,2.493,10.9613
2,72.83,1.206,5.5,1435.9,71.0,6749,88,17,0,69.82,1.6288,13.2418
32,62.96,5.422,5.43,1710.2,51.26,25949,56,0,0,68.23,1.7398,11.5948
1,62.96,2.906,5.2,1625.3,54.81,2487,74,9,0,70.32,2.468,12.1077
33,71.02,4.024,5.02,1116.6,56.86,17555,109,0,0,69.18,2.028,14.1474
34,65.13,1.38,5.85,1616.8,37.78,36718,12,19,0,67.04,2.2339,11.1333
7,70.48,1.847,5.42,1343.5,55.51,2685,118,6,0,72.91,3.0512,13.0037
21,73.14,0.861,6.12,1137.5,51.77,41534,7,11,0,72.15,1.2948,11.951
17,87.66,1.238,6.49,1735.4,43.71,48765,49,0,0,69.4,1.0949,13.5069
23,62.0,1.047,4.8,1396.6,64.98,6555,25,12,0,68.04,1.7468,12.9167
20,62.15,1.562,6.0,1730.7,53.4,24603,31,3,0,68.61,2.4985,10.3583
30,60.74,3.871,7.36,1683.2,60.62,30608,90,2,0,69.05,1.2219,8.2527
22,50.36,3.282,4.07,1439.9,61.04,25050,35,6,0,70.42,1.6466,12.3735
41,82.41,1.358,5.96,1419.7,58.36,16610,22,7,0,72.55,3.8732,13.8272
4,72.53,1.283,4.51,1420.7,61.64,31431,45,1,0,69.75,1.5364,16.082
32,66.03,2.665,5.87,1417.8,45.67,26095,56,0,0,68.54,1.7265,11.2487
31,68.91,2.05,4.68,1517.0,38.4,8419,56,3,0,71.13,5.3533,14.7244
43,77.57,1.481,4.2,1307.3,45.82,22012,106,18,0,72.38,5.9313,18.469
46,117.44,8.4,5.54,1715.1,66.61,11088,19,9,1,72.32,1.7375,21.1986
34,80.08,2.723,5.04,1503.3,69.33,37032,12,19,0,67.68,2.1884,15.8889
25,67.91,1.579,5.84,1110.9,58.6,9060,25,2,0,70.07,1.5332,11.6284
39,67.66,2.304,5.94,1321.0,46.38,34386,15,13,0,70.11,2.3148,11.3906
2,73.72,3.716,5.91,1347.0,54.56,6581,88,17,0,70.19,1.6369,12.4738
23,66.72,2.402,4.76,1441.2,57.05,6427,25,12,0,68.29,1.7419,14.0168
7,71.84,3.118,5.85,1371.6,38.34,3018,118,6,0,72.79,3.0519,12.2803
10,72.53,2.742,6.26,1477.0,32.47,31278,81,9,0,70.04,0.8854,11.5863
29,62.19,4.812,6.19,1581.6,68.97,37047,18,13,0,71.73,1.3768,10.0468
28,77.58,1.481,4.72,1254.1,69.3,47843,40,2,0,68.34,1.1284,16.4364
33,70.57,3.331,6.41,1994.1,66.46,17648,109,0,0,69.24,2.0287,11.0094
12,81.7,4.106,5.14,1453.0,42.11,32244,111,6,0,71.12,1.8972,15.8949
34,67.34,3.034,5.11,1323.3,77.49,37003,12,19,0,67.71,2.1843,13.1781
15,74.3,1.495,6.74,1341.7,46.21,12536,110,16,0,72.16,1.544,11.0237
14,79.23,3.415,6.4,1674.7,67.25,33154,41,2,0,69.62,1.1762,12.3797
25,74.13,2.212,5.29,1491.9,29.44,8868,25,2,0,70.46,1.5351,14.0132
4,61.92,1.706,5.33,1379.9,21.36,31773,45,1,0,68.71,1.2912,11.6173
18,79.99,1.934,4.78,1629.9,44.61,33024,65,18,0,69.03,1.137,16.7343
45,70.63,2.498,4.76,1260.2,45.58,937,30,11,0,68.87,2.9157,14.8382
48,96.19,7.577,1.82,1545.5,69.27,29989,115,7,1,70.22,1.9231,52.8516
27,70.45,6.46,6.07,1148.5,36.88,2146,52,16,0,68.79,2.117,11.6063
15,85.47,2.57,5.72,1345.8,56.78,12677,110,16,0,72.88,1.5379,14.9423
37,69.35,1.124,4.7,1315.4,61.41,14642,91,13,0,70.11,1.6172,14.7553
37,73.4,1.509,5.45,1500.2,48.03,14701,91,13,0,70.14,1.5998,13.4679
31,63.33,3.376,5.41,1256.8,45.77,8451,56,3,0,70.54,5.3518,11.7061
43,66.33,6.216,5.72,1335.5,60.58,22295,106,18,0,72.63,5.9351,11.5962
19,62.85,0.808,6.58,1376.1,40.16,33882,75,12,0,71.27,1.5644,9.5517
46,79.49,4.491,5.04,1314.5,57.11,11343,19,9,0,72.29,1.7661,15.7718
37,62.65,1.964,3.81,1553.1,73.99,14405,91,13,0,69.99,1.6048,16.4436
16,75.04,1.032,4.93,1436.2,68.1,3383,83,12,0,71.14,2.5856,15.2211
4,85.76,3.035,5.79,1640.6,36.33,31797,45,1,0,68.89,1.2941,14.8117
35,74.47,6.277,6.08,1718.7,48.04,8060,57,10,0,70.01,1.6417,12.2484
39,82.43,3.032,6.41,1073.0,56.89,34168,15,13,0,70.95,2.299,12.8596
23,69.75,1.682,5.7,1431.4,49.93,6369,25,12,0,67.92,1.7496,12.2368
1,68.78,2.142,4.06,1324.4,60.47,2636,74,9,0,70.31,2.457,16.9409
17,74.55,6.243,5.69,1336.6,42.54,49044,49,0,0,69.87,1.3154,13.1019
19,63.44,1.823,4.91,1667.3,45.06,34123,75,12,0,71.1,1.4733,12.9206
30,63.63,1.898,7.67,1620.1,60.36,30648,90,2,0,68.8,1.1635,8.296
43,106.96,13.037,5.2,1606.5,99.92,22078,106,18,1,74.15,6.1237,20.5692
5,69.65,3.783,5.07,1531.6,32.35,31390,49,5,0,72.85,3.6859,13.7377
40,59.79,2.271,6.43,1496.8,50.42,39187,23,8,0,67.8,0.9599,9.2986
4,73.51,1.676,4.28,1368.2,58.87,31798,45,1,0,69.42,1.2963,17.1752
13,98.19,8.269,3.13,2140.7,86.44,46837,72,9,1,69.09,2.0933,31.3706
17,79.71,1.517,4.28,1175.4,60.65,48880,49,0,0,70.59,1.3322,18.6238
5,84.14,1.394,5.67,1290.3,47.62,31487,49,5,0,73.42,3.7031,14.8395
10,66.71,3.834,3.92,1554.2,50.82,31318,81,9,0,69.67,0.9334,17.0179
7,64.96,1.86,5.87,1787.0,53.88,3042,118,6,0,72.35,3.0734,11.0664
49,66.63,0.889,4.83,1725.4,41.16,35315,62,5,0,65.11,1.285,13.795
23,63.99,0.682,5.78,1707.1,48.79,6349,25,12,0,67.97,1.7882,11.0709
38,81.58,2.297,4.52,2033.2,49.35,28565,81,13,0,68.84,3.4106,18.0487
40,66.48,2.477,5.38,1160.5,73.34,39398,23,8,0,67.85,0.9508,12.3569
26,78.48,1.298,5.12,1781.3,57.15,11876,95,13,0,67.37,1.4484,15.3281
13,71.55,3.269,5.34,1376.5,64.24,46920,72,9,0,69.42,2.0882,13.3989
15,76.08,1.637,5.65,1540.3,56.85,12535,110,16,0,73.21,1.5133,13.4655
20,70.02,1.459,5.03,1373.2,52.96,24779,31,3,0,67.79,2.4999,13.9205
32,71.49,2.177,5.03,1190.9,49.5,26184,56,0,0,68.19,1.7305,14.2127
45,56.08,2.122,4.38,1298.2,51.04,1015,30,11,0,67.91,2.8986,12.8037
44,69.29,1.35,5.98,1041.2,46.74,15165,41,3,0,72.56,2.3498,11.587
23,56.66,1.178,4.95,928.3,85.94,6640,25,12,0,67.55,1.8083,11.4465
38,73.6,1.805,5.36,1791.5,61.06,28431,81,13,0,69.03,3.4039,13.7313
22,71.58,1.795,4.82,1335.7,38.43,24884,35,6,0,70.21,1.6404,14.8506
26,71.21,4.906,4.41,1356.4,55.56,12133,95,13,0,67.42,1.5242,16.1474
27,73.11,1.371,5.32,1346.1,37.2,2354,52,16,0,68.09,2.1404,13.7425
20,73.01,2.866,5.44,1474.2,43.46,24653,31,3,0,67.73,2.4818,13.421
13,75.06,4.259,5.94,1249.4,58.85,47146,72,9,0,69.55,2.0858,12.6364
10,83.52,2.351,4.13,1715.2,59.65,31093,81,9,0,70.44,0.8751,20.2228
13,73.95,3.733,4.87,1342.0,49.54,46909,72,9,0,69.97,2.0876,15.1848
36,73.63,1.452,6.22,1578.1,65.91,32339,32,13,0,71.2,2.3967,11.8376
25,78.94,2.389,6.46,1447.7,49.4,8919,25,2,0,71.42,1.5243,12.2198
10,65.56,1.034,6.56,1383.3,59.37,31353,81,9,0,70.52,0.8892,9.9939
5,79.7,1.226,5.31,1593.6,60.56,31155,49,5,0,73.96,3.6863,15.0094
4,67.37,1.579,5.22,1429.7,59.17,31809,45,1,0,69.36,1.2781,12.9061
36,67.18,2.093,3.76,1463.3,46.68,32592,32,13,0,71.28,2.3689,17.867
33,59.78,1.251,4.8,1507.6,36.43,17586,109,0,0,68.74,2.058,12.4542
10,78.33,1.251,3.41,1612.7,63.21,31258,81,9,0,70.55,0.914,22.9707
35,68.85,5.535,6.87,1632.8,65.79,8450,57,10,0,70.24,1.6931,10.0218
24,65.85,0.725,5.09,1834.1,62.02,2333,86,13,0,68.37,1.2229,12.9371
44,63.09,3.413,5.73,1600.0,61.23,15188,41,3,0,72.41,2.3341,11.0105
37,76.97,1.916,5.55,1700.4,40.15,14723,91,13,0,70.62,1.5895,13.8685
7,44.21,1.458,7.05,1405.7,51.93,2753,118,6,0,71.46,3.0967,6.2709
6,80.1,4.958,5.16,1654.6,54.57,28379,71,2,0,72.39,2.2912,15.5233
19,69.31,3.256,4.74,1513.2,50.74,34006,75,12,0,70.94,1.4798,14.6224
48,56.7,4.86,5.6,1401.5,60.75,29802,115,7,0,69.47,1.9575,10.125
14,68.82,2.101,6.91,1364.7,56.14,32799,41,2,0,69.82,1.1662,9.9595
14,51.6,1.279,5.93,1609.7,42.57,32764,41,2,0,69.07,1.1758,8.7015
28,74.44,2.782,5.62,1463.8,50.79,47963,40,2,0,68.31,1.1305,13.2456
19,59.44,3.049,5.0,1647.1,67.21,34231,75,12,0,70.65,1.4718,11.888
41,80.82,1.518,5.08,1044.5,56.91,16954,22,7,0,72.51,3.9024,15.9094
36,69.71,3.993,6.62,1552.8,70.13,32294,32,13,0,71.3,2.3297,10.5302
2,66.72,1.241,5.23,1649.6,40.54,6828,88,17,0,70.27,1.66,12.7572
21,75.03,3.884,5.72,1644.3,54.11,41123,7,11,0,72.16,1.3077,13.1171
5,68.15,5.001,5.97,1287.8,74.55,31210,49,5,0,73.63,3.6996,11.4154
23,65.09,3.54,7.49,1818.5,51.14,6354,25,12,0,67.8,1.8174,8.6903
36,65.15,2.914,6.52,1345.5,49.88,32617,32,13,0,71.01,2.3318,9.9923
43,79.02,1.164,6.36,1874.2,51.59,22022,106,18,0,74.37,6.1516,12.4245
43,72.55,1.077,6.19,1328.8,55.0,22255,106,18,0,74.53,6.1784,11.7205
32,66.73,2.362,6.65,1140.8,44.38,25842,56,0,0,67.57,1.3213,10.0346
40,58.08,4.006,4.76,1551.4,57.18,39013,23,8,0,67.25,1.013,12.2017
20,69.11,3.709,5.38,1503.4,69.56,24573,31,3,0,67.99,2.4904,12.8457
49,63.95,1.752,6.45,1435.6,69.37,35187,62,5,0,64.9,1.2848,9.9147
41,73.4,2.394,5.6,1426.1,84.53,16683,22,7,0,73.08,3.8717,13.1071
23,72.84,8.243,2.34,1612.6,97.18,6193,25,12,1,68.55,2.1456,31.1282
7,58.91,2.153,5.13,1581.8,62.75,2627,118,6,0,70.47,3.0701,11.4834
10,73.55,1.848,5.01,1141.6,57.75,30948,81,9,0,71.22,0.9119,14.6806
38,122.92,9.961,3.43,1626.6,84.58,28221,81,13,1,71.06,3.6587,35.8367
12,69.01,2.206,4.79,1507.9,59.11,32373,111,6,0,70.8,1.9013,14.4071
17,64.87,4.735,5.13,1260.6,55.83,49104,49,0,0,70.63,1.3394,12.6452
25,70.26,1.83,5.83,1236.3,56.66,8863,25,2,0,70.91,1.5308,12.0515
33,69.24,1.925,4.98,1234.7,62.38,17772,109,0,0,68.86,2.0615,13.9036
2,57.03,2.037,5.49,1275.7,74.2,6964,88,17,0,69.64,1.5133,10.388
31,66.84,1.886,5.62,1793.5,72.64,8284,56,3,0,70.47,5.3651,11.8932
2,61.81,2.633,6.69,1317.6,60.44,7004,88,17,0,68.92,1.5016,9.2392
47,74.91,2.629,7.07,1279.7,53.59,18074,55,7,0,69.02,1.6411,10.5955
35,73.3,1.335,5.91,1452.0,44.67,8235,57,10,0,70.35,1.6989,12.4027
43,59.77,1.804,6.88,1250.3,69.91,22027,106,18,0,74.66,6.1991,8.6875
9,87.38,3.96,4.85,1440.2,52.14,28614,28,7,0,69.28,1.6658,18.0165
20,77.61,2.22,5.87,1328.8,52.18,24938,31,3,0,68.65,2.4898,13.2215
21,66.1,2.777,5.63,1207.5,26.44,41189,7,11,0,71.96,1.2867,11.7407
36,61.75,3.625,5.28,1627.1,38.84,32654,32,13,0,70.5,2.3095,11.6951
48,75.25,1.745,5.27,1768.5,51.47,29847,115,7,0,70.0,1.971,14.2789
4,67.41,1.671,4.59,1605.6,58.53,31550,45,1,0,69.69,1.2492,14.6863
19,69.14,2.193,4.15,1646.4,41.5,34062,75,12,0,70.51,1.473,16.6602
32,70.56,1.947,5.68,1595.5,51.84,25896,56,0,0,68.08,1.334,12.4225
16,72.0,0.848,5.68,1210.6,52.52,3099,83,12,0,71.02,2.6031,12.6761
26,67.42,2.742,4.88,1660.9,34.94,11844,95,13,0,67.36,1.5118,13.8156
43,46.16,1.224,5.0,1770.3,49.16,22182,106,18,0,73.6,3.2427,9.232
18,72.46,1.07,5.42,1202.2,62.27,33200,65,18,0,69.27,1.1626,13.369
45,61.55,0.973,6.23,1392.7,48.87,964,30,11,0,67.6,2.8961,9.8796
21,64.72,2.708,5.53,1762.9,76.65,41454,7,11,0,72.11,1.2654,11.7034
46,65.82,1.047,5.16,1588.2,60.04,11206,19,9,0,71.71,1.7871,12.7558
46,52.4,5.433,5.56,1309.2,62.29,11297,19,9,0,70.91,1.8454,9.4245
12,68.14,1.564,5.29,1850.1,32.9,32217,111,6,0,70.99,1.9182,12.8809
47,73.94,1.619,4.53,1064.9,51.18,17995,55,7,0,69.13,1.6501,16.3223
6,71.74,3.171,6.62,1406.2,41.52,28520,71,2,0,72.87,2.2911,10.8369
18,72.17,3.305,5.92,1335.7,56.97,33054,65,18,0,69.77,1.1638,12.1909
25,82.1,6.074,5.79,1385.2,39.05,8759,25,2,0,71.58,1.6854,14.1796
31,73.71,1.422,5.36,1857.4,71.24,8509,56,3,0,70.6,5.3533,13.7519
20,72.94,3.039,4.13,1683.0,49.94,24570,31,3,0,69.04,2.4765,17.661
22,65.8,1.911,7.26,1433.5,71.24,24986,35,6,0,70.07,1.6305,9.0634
45,70.76,1.401,6.13,1363.7,53.0,1201,30,11,0,67.32,2.9226,11.5432
16,85.19,4.071,5.29,1561.1,53.89,3427,83,12,0,71.53,2.6115,16.104
33,64.91,1.657,5.26,1748.4,57.06,17755,109,0,0,68.54,2.052,12.3403
41,70.15,5.444,5.93,1392.0,46.9,16898,22,7,0,73.26,3.8819,11.8297
36,57.48,1.451,4.98,1493.0,39.45,32501,32,13,0,70.3,2.3452,11.5422
34,58.55,2.733,4.83,1471.0,60.01,36840,12,19,0,67.73,2.1728,12.1222
29,65.62,4.987,2.11,1223.5,79.09,36700,18,13,1,71.29,1.348,31.0995
10,76.36,3.038,5.61,1164.5,48.37,31237,81,9,0,70.75,0.8287,13.6114
29,65.45,1.208,5.33,1646.4,61.44,36957,18,13,0,71.55,1.3868,12.2795
3,59.76,10.794,4.92,1294.3,50.83,49980,40,16,0,68.99,3.9057,12.1463
50,60.46,8.201,5.8,1624.6,72.72,22356,21,3,0,67.38,2.0472,10.4241
30,70.77,2.457,5.34,1361.7,71.89,30609,90,2,0,68.74,1.1343,13.2528
4,70.48,2.692,5.75,1558.4,50.41,31550,45,1,0,69.97,1.2066,12.2574
14,72.2,2.777,5.18,1731.8,56.33,32854,41,2,0,69.19,1.1619,13.9382
3,87.03,5.435,3.67,1228.2,89.8,49946,40,16,1,69.96,3.8861,23.7139
38,77.24,1.978,4.79,1451.1,51.61,28311,81,13,0,71.26,2.108,16.1253
44,71.1,1.286,5.91,1828.4,46.26,15626,41,3,0,70.8,1.8979,12.0305
44,63.28,1.064,6.22,1204.1,55.79,15202,41,3,0,70.17,1.9208,10.1736
21,59.11,0.928,6.21,1651.7,43.09,41148,7,11,0,71.86,1.306,9.5185
22,69.19,1.071,5.26,1565.9,68.11,25175,35,6,0,69.39,1.5969,13.154
50,61.86,3.463,4.71,1424.8,64.2,22526,21,3,0,67.1,2.0007,13.1338
23,82.36,5.883,4.33,1544.6,52.19,6197,25,12,1,68.84,2.227,19.0208
7,58.92,0.93,5.72,1393.4,74.44,2696,118,6,0,68.2,2.7731,10.3007
46,69.23,1.121,7.86,1423.1,43.72,11510,19,9,0,70.9,1.85,8.8079
14,69.97,5.177,4.68,1618.5,36.62,33107,41,2,0,69.45,1.281,14.9509
43,69.22,2.757,4.43,1663.3,44.32,22500,106,18,0,72.8,3.2231,15.6253
26,60.14,1.636,5.2,1276.8,84.33,12121,95,13,0,66.69,1.4837,11.5654
17,72.24,2.339,6.04,1432.4,55.37,49005,49,0,0,70.57,1.3303,11.9603
47,62.81,1.379,5.45,1528.7,72.0,18046,55,7,0,68.88,1.6498,11.5248
23,55.2,2.047,6.47,1539.0,67.58,6421,25,12,0,68.6,2.1908,8.5317
31,107.93,7.125,4.44,1549.6,66.46,8123,56,3,1,72.33,5.3626,24.3086
19,57.98,1.431,4.7,1795.6,55.22,34278,75,12,0,70.22,1.4916,12.3362
4,68.78,0.654,5.89,1358.0,42.18,31551,45,1,0,69.91,1.2484,11.6774
17,69.03,1.891,6.17,1305.7,65.41,49055,49,0,0,70.7,1.34,11.188
42,62.27,3.098,5.34,1398.3,57.04,5559,63,17,0,66.97,2.7286,11.661
22,62.02,1.493,5.28,1534.6,60.12,25121,35,6,0,68.48,1.6082,11.7462
15,70.08,2.775,4.86,1483.3,56.7,12588,110,16,0,72.9,1.5135,14.4198
24,66.86,1.901,5.83,1617.4,54.08,2304,86,13,0,67.88,1.199,11.4683
45,73.88,1.226,5.92,1385.5,67.99,995,30,11,0,67.95,2.9409,12.4797
30,67.94,2.779,7.18,1793.3,62.73,30727,90,2,0,67.81,1.1314,9.4624
31,63.48,3.77,7.53,1358.8,47.26,8394,56,3,0,71.78,5.343,8.4303
36,71.27,1.925,6.63,1598.3,52.52,32674,32,13,0,70.18,2.3284,10.7496
44,58.66,3.224,4.25,1710.8,61.5,15635,41,3,0,69.57,1.9198,13.8024
42,55.68,1.387,6.68,1507.8,48.28,5997,63,17,0,66.75,2.711,8.3353
18,68.64,1.714,6.12,1083.6,34.46,33061,65,18,0,68.36,1.1029,11.2157
20,76.22,1.865,6.13,1956.0,41.43,24820,31,3,0,69.32,2.4774,12.4339
48,66.38,2.892,5.55,1711.6,50.43,29798,115,7,0,69.8,1.9705,11.9604
37,69.11,4.393,6.83,1630.3,46.18,14760,91,13,0,70.42,1.6129,10.1186
29,71.85,3.153,5.36,1390.6,55.42,36872,18,13,0,71.63,1.3713,13.4049
1,72.34,2.002,5.35,1655.9,60.44,2512,74,9,0,69.01,1.1766,13.5215
5,77.67,3.374,4.87,1118.2,66.55,31256,49,5,0,74.0,3.6976,15.9487
23,86.49,8.136,5.2,2388.3,91.81,6438,25,12,1,69.64,2.3912,16.6327
8,73.11,1.516,4.33,1145.5,61.04,39574,98,4,0,70.84,3.91,16.8845
22,120.17,20.631,4.27,1208.8,95.77,25331,35,6,1,70.6,4.0183,28.1429
38,63.1,1.792,5.2,1496.9,72.14,28259,81,13,0,70.9,2.1058,12.1346
27,61.31,5.616,4.97,1508.7,57.31,2289,52,16,0,67.87,2.2129,12.336
6,67.88,2.185,6.84,1803.2,39.17,28588,71,2,0,71.31,2.1431,9.924
21,60.32,2.797,4.77,1453.2,65.19,41591,7,11,0,71.67,1.2862,12.6457
4,68.92,3.165,5.9,1284.6,47.39,31613,45,1,0,70.06,1.2549,11.6814
3,59.99,1.239,5.04,1435.9,48.65,50233,40,16,0,69.65,3.8909,11.9028
27,74.92,1.94,4.46,1549.0,51.81,2184,52,16,0,68.09,2.221,16.7982
37,67.76,1.013,6.27,1426.6,32.27,14726,91,13,0,70.43,1.592,10.807
25,68.41,1.23,6.55,1494.0,48.35,8887,25,2,0,71.18,1.7025,10.4443
30,73.5,4.321,4.38,1303.2,72.88,30968,90,2,0,68.15,1.1844,16.7808
26,101.47,5.265,4.88,1569.2,47.8,11983,95,13,1,68.38,1.5748,20.793
25,60.23,1.303,5.8,1330.5,48.02,8755,25,2,0,70.69,1.7238,10.3845
37,65.86,2.486,4.41,1330.2,73.17,14766,91,13,0,69.95,1.5921,14.9342
27,79.99,1.467,6.38,1775.2,43.37,2192,52,16,0,68.87,2.2197,12.5376
34,88.86,3.101,3.28,1808.0,62.22,37136,12,19,1,67.67,2.1333,27.0915
12,77.51,2.29,5.94,1537.5,53.6,32460,111,6,0,71.58,1.8945,13.0488
18,67.2,2.355,6.18,1314.3,60.53,32725,65,18,0,68.74,1.0647,10.8738
15,92.99,2.783,4.62,2112.0,57.83,12629,110,16,1,74.42,1.4932,20.1277
46,71.02,3.48,7.16,1419.8,58.93,11037,19,9,0,71.14,1.8535,9.919
31,70.28,5.408,5.12,1483.1,39.59,8399,56,3,0,71.84,5.3074,13.7266
38,45.86,2.116,6.64,1757.1,61.72,28491,81,13,0,69.49,2.1012,6.9066
23,73.03,2.538,5.77,1386.9,41.23,6535,25,12,0,69.84,2.3453,12.6568
38,90.79,2.022,2.65,1493.5,90.94,28575,81,13,1,70.31,2.0856,34.2604
7,56.95,3.836,5.71,1756.7,60.37,2725,118,6,0,67.69,2.7556,9.9737
35,53.4,2.778,5.01,1585.8,62.97,8185,57,10,0,70.1,1.6649,10.6587
34,72.51,0.875,4.64,1573.0,39.18,37082,12,19,0,67.73,2.1675,15.6272
45,72.45,2.872,4.91,1407.9,45.86,1197,30,11,0,68.01,2.9242,14.7556
31,72.68,2.876,6.73,1503.2,57.61,8461,56,3,0,71.8,5.2703,10.7994
30,70.69,2.291,6.06,1229.1,51.13,31069,90,2,0,68.46,1.1749,11.665
9,102.84,5.08,4.41,1493.3,47.55,28912,28,7,1,70.81,1.7148,23.3197
7,74.82,1.882,6.03,1490.7,39.11,2729,118,6,0,67.96,2.7265,12.408
14,66.37,3.484,5.64,1359.0,42.03,32928,41,2,0,69.61,1.2863,11.7677
17,60.1,3.112,5.17,1472.9,49.08,49010,49,0,0,70.11,1.3353,11.6248
49,81.05,5.664,3.01,1935.0,73.25,35154,62,5,1,65.49,1.4324,26.9269
44,101.21,6.066,2.11,1217.6,63.54,15594,41,3,1,71.14,2.0463,47.9668
37,49.82,5.14,4.55,1362.7,52.57,14372,91,13,0,69.07,1.6682,10.9495
37,64.7,2.361,7.43,1991.7,56.8,14642,91,13,0,68.63,1.6691,8.7079
5,69.62,4.246,6.27,1310.9,63.71,31360,49,5,0,73.83,3.6841,11.1037
17,55.94,0.842,6.82,1509.5,53.21,48790,49,0,0,69.34,1.3475,8.2023
37,65.52,1.857,5.96,1649.2,58.35,14543,91,13,0,68.21,1.5441,10.9933
14,87.88,3.246,5.3,1329.0,53.85,32916,41,2,0,70.72,1.2919,16.5811
41,69.05,4.291,5.11,1504.4,44.21,16801,22,7,0,73.54,3.8655,13.5127
22,83.94,1.512,6.36,1706.7,54.85,25180,35,6,0,71.4,4.0318,13.1981
47,61.02,1.384,4.56,1551.9,68.55,17964,55,7,0,69.06,1.672,13.3816
50,67.5,1.275,5.95,940.7,42.18,22272,21,3,0,67.05,2.0415,11.3445
13,61.5,0.866,5.41,1280.7,62.53,46652,72,9,0,69.19,2.049,11.3678
30,84.7,4.479,1.55,912.3,52.81,30941,90,2,1,69.17,1.2299,54.6452
48,83.59,12.935,3.28,934.6,88.41,29772,115,7,1,70.37,2.8302,25.4848
16,68.53,4.259,5.13,1364.7,63.16,3245,83,12,0,71.35,2.6197,13.3587
33,80.51,1.945,6.03,1398.0,34.13,17791,109,0,0,67.45,2.016,13.3516
21,74.64,1.436,4.25,1309.4,25.8,41431,7,11,0,71.39,1.2825,17.5624
9,69.68,2.864,4.89,1284.0,72.71,28907,28,7,0,71.16,1.6853,14.2495
23,65.74,6.749,5.08,1371.8,57.45,6527,25,12,0,69.4,2.4526,12.9409
46,84.07,3.035,5.84,1285.4,65.03,11292,19,9,0,71.63,1.8364,14.3955
37,57.55,1.376,4.98,1673.9,52.07,14774,91,13,0,67.82,1.5333,11.5562
22,57.37,3.118,6.51,1257.8,44.36,25127,35,6,0,71.0,4.0132,8.8126
11,69.11,3.113,4.6,1330.1,59.51,39753,84,14,0,71.56,1.863,15.0239
24,58.01,2.877,7.04,1223.3,57.56,2337,86,13,0,67.24,1.178,8.2401
11,68.11,3.878,5.74,1559.2,49.42,39980,84,14,0,71.64,1.8728,11.8659
2,67.63,3.063,5.23,1313.0,36.34,7037,88,17,0,68.75,1.4658,12.9312
17,69.85,1.967,5.73,1481.4,61.83,48942,49,0,0,69.85,1.3494,12.1902
16,66.83,3.64,5.66,1376.8,60.8,3003,83,12,0,71.82,2.614,11.8074
5,62.81,1.707,5.95,1556.4,51.08,31236,49,5,0,73.06,3.6938,10.5563
2,58.76,2.883,5.55,1342.9,57.42,6896,88,17,0,68.48,1.433,10.5874
45,55.73,1.568,6.3,1133.6,44.33,899,30,11,0,66.62,2.9243,8.846
23,62.78,3.754,4.77,1420.5,51.75,6452,25,12,0,68.55,2.4535,13.1614
29,60.07,2.266,6.31,1512.2,43.59,36742,18,13,0,71.49,1.3559,9.5198
30,82.25,2.662,4.86,1791.1,51.75,30880,90,2,0,70.05,1.1999,16.9239
11,54.83,2.63,5.08,1153.6,54.59,39988,84,14,0,71.59,1.8378,10.7933
33,65.22,1.277,5.17,1213.0,57.08,17672,109,0,0,67.31,2.0366,12.6151
40,68.86,2.915,4.38,1274.9,73.63,39429,23,8,0,68.06,1.0154,15.7215
41,65.28,4.597,5.95,1624.4,64.41,16854,22,7,0,73.67,3.8491,10.9714
22,79.88,1.286,5.46,1731.2,44.38,25141,35,6,0,71.29,4.0318,14.63
25,60.98,1.535,6.9,1149.4,60.62,9017,25,2,0,70.48,1.5461,8.8377
29,55.45,2.648,5.98,1362.6,49.4,36990,18,13,0,70.86,1.3544,9.2726
42,83.0,2.783,5.51,1305.0,69.63,5513,63,17,0,66.55,1.6595,15.0635
9,80.07,5.456,5.55,1715.7,47.63,28789,28,7,0,71.3,1.7645,14.427
1,72.04,3.998,4.78,1679.2,48.47,2506,74,9,0,68.68,1.1874,15.0711
31,66.33,2.562,5.14,1135.4,58.31,8332,56,3,0,71.67,5.2671,12.9047
47,72.44,1.255,5.41,1148.9,73.31,17924,55,7,0,69.29,1.6754,13.39
45,75.95,1.816,5.58,1316.2,57.23,939,30,11,0,66.29,1.9973,13.6111
5,119.31,4.263,3.23,1458.0,73.59,31309,49,5,1,75.06,3.6984,36.9381
32,58.42,2.577,5.96,1842.5,67.89,26319,56,0,0,67.79,1.2957,9.802
22,73.42,3.015,6.77,1205.2,54.65,24953,35,6,0,71.24,4.0143,10.8449
10,49.31,2.003,5.06,1218.1,48.49,30945,81,9,0,70.04,0.8293,9.7451
37,62.54,1.002,5.94,1458.0,38.99,14423,91,13,0,68.22,1.5581,10.5286
49,78.97,1.374,5.52,1654.2,32.27,35317,62,5,0,66.58,1.438,14.3062
50,75.57,3.007,6.03,1819.8,41.87,22394,21,3,0,67.49,2.0389,12.5323
15,67.69,2.49,5.9,1576.6,45.36,12578,110,16,0,74.19,1.4858,11.4729
35,69.44,2.512,4.69,1393.9,68.0,8124,57,10,0,69.62,1.6165,14.806
45,76.24,8.131,5.78,1562.4,54.49,1234,30,11,0,67.18,2.2397,13.1903
11,55.06,2.346,4.94,1112.4,71.53,39894,84,14,0,71.46,1.8083,11.1457
44,63.45,2.256,5.83,1283.9,44.78,15653,41,3,0,70.78,2.0333,10.8834
18,66.51,2.337,5.34,1364.8,29.67,32862,65,18,0,68.61,1.0421,12.4551
44,68.79,1.509,5.87,1487.4,42.17,15178,41,3,0,69.79,2.0472,11.7189
33,71.05,3.108,5.63,1490.9,58.0,17772,109,0,0,67.82,2.0364,12.6199
42,79.36,3.66,4.08,2064.5,52.81,5833,63,17,1,67.34,1.6682,19.451
1,72.9,1.484,6.19,1548.0,30.99,2577,74,9,0,69.67,1.2026,11.7771
3,64.5,3.384,6.44,1174.2,59.51,50209,40,16,0,69.82,3.8934,10.0155
1,66.02,3.586,4.09,1591.3,40.34,2427,74,9,0,69.13,1.1219,16.1418
17,63.82,1.462,5.43,1688.5,60.23,48738,49,0,0,69.38,1.3569,11.7532
45,56.67,4.304,4.04,1238.4,69.95,1292,30,11,0,66.18,2.2129,14.0272
11,67.0,1.729,4.37,1261.0,44.66,39819,84,14,0,70.96,1.8183,15.3318
4,81.47,7.448,5.03,1361.1,47.49,31527,45,1,0,70.62,1.6129,16.1968
45,56.52,1.192,4.81,1429.3,73.26,1106,30,11,0,65.53,2.2198,11.7505
19,100.88,2.793,4.11,1949.2,60.66,34234,75,12,1,71.56,1.3244,24.545
45,70.5,2.877,6.23,1522.7,65.03,1195,30,11,0,66.13,2.2139,11.3162
5,64.81,2.337,4.42,1350.6,65.44,31276,49,5,0,74.35,3.7044,14.6629
42,75.55,1.839,6.49,1659.4,65.95,5852,63,17,0,67.41,1.0371,11.641
35,76.43,1.17,5.37,1239.1,72.47,8127,57,10,0,70.14,1.6415,14.2328
32,72.71,1.47,5.2,1328.5,54.49,26173,56,0,0,67.9,1.2896,13.9827
1,61.71,4.546,4.41,1805.1,48.57,2556,74,9,0,68.81,1.1638,13.9932
46,72.35,2.935,5.48,1599.5,49.65,11061,19,9,0,72.86,1.8163,13.2026
26,75.63,3.26,6.18,1335.2,49.6,11759,95,13,0,68.49,1.5638,12.2379
39,84.44,2.501,2.19,1689.9,79.63,34278,15,13,1,71.61,2.3012,38.5571
1,55.8,3.369,6.71,1387.0,58.72,2589,74,9,0,67.42,1.1544,8.3159
21,67.93,2.564,5.19,1404.1,40.51,41405,7,11,0,70.99,1.2738,13.0886
5,56.44,6.784,6.64,1581.7,45.28,31529,49,5,0,74.43,3.7531,8.5
11,70.98,2.411,5.42,1469.9,51.89,39871,84,14,0,70.55,1.8201,13.0959
28,76.49,2.518,5.09,1355.0,36.92,47682,40,2,0,68.59,1.0789,15.0275
13,73.28,2.045,5.72,1283.2,36.92,46879,72,9,0,69.04,2.0415,12.8112
12,67.26,4.441,5.67,1127.7,60.36,32642,111,6,0,71.77,1.9222,11.8624
29,67.63,2.089,6.53,1034.7,54.62,36697,18,13,0,71.29,1.3364,10.3568
40,73.68,3.327,5.01,1672.1,37.22,39267,23,8,0,68.25,1.0166,14.7066
17,54.04,2.455,4.49,1531.4,34.93,48931,49,0,0,68.78,1.3546,12.0356
36,67.38,2.314,3.82,1224.5,43.07,32662,32,13,0,69.66,2.0592,17.6387
33,63.46,3.562,5.05,1329.6,60.87,17747,109,0,0,67.55,2.032,12.5663
16,72.91,1.011,6.02,1301.7,69.15,3274,83,12,0,71.92,2.6226,12.1113
41,76.98,4.135,5.05,1103.5,65.86,16739,22,7,0,74.24,3.7948,15.2436
25,62.36,2.764,4.37,1667.5,43.97,9130,25,2,0,70.06,1.5405,14.27
18,63.26,5.808,5.14,1740.0,71.16,32986,65,18,0,68.86,1.2784,12.3074
35,72.1,2.487,6.18,1595.7,42.61,8053,57,10,0,71.05,1.603,11.6667
15,83.09,0.835,5.09,1712.4,57.73,12681,110,16,0,74.48,1.5066,16.3242
7,70.92,2.913,6.17,1321.9,45.14,2954,118,6,0,67.48,2.7016,11.4943
2,69.0,3.783,4.61,1554.0,76.58,6645,88,17,0,68.74,1.4322,14.9675
14,48.78,2.099,6.77,1687.7,61.25,32856,41,2,0,69.02,1.2967,7.2053
39,60.73,3.605,5.84,1626.0,59.75,34310,15,13,0,71.17,2.3003,10.399
38,72.58,1.589,5.65,1569.7,45.79,28135,81,13,0,71.23,2.0843,12.846
26,71.64,2.075,5.43,1456.7,63.18,11940,95,13,0,68.65,1.4843,13.1934
22,72.57,3.027,6.49,1530.5,43.82,25287,35,6,0,71.19,3.9803,11.1818
49,75.63,2.396,4.54,1716.2,67.16,34852,62,5,0,66.81,1.2396,16.6586
23,70.26,3.263,4.9,1253.7,54.6,6390,25,12,0,69.09,2.4002,14.3388
38,68.42,1.382,6.04,1469.7,63.42,28381,81,13,0,71.41,2.1011,11.3278
46,66.71,1.637,4.97,1065.8,71.35,11475,19,9,0,72.5,1.8125,13.4225
19,62.76,6.672,6.58,1770.6,60.18,33913,75,12,0,70.7,1.5438,9.538
14,62.98,3.499,4.89,1453.7,53.79,33225,41,2,0,68.87,1.3076,12.8793
20,72.39,4.838,6.2,1127.9,58.18,24671,31,3,0,70.08,2.5138,11.6758
33,66.8,1.143,4.95,1550.9,57.32,17458,109,0,0,66.13,1.2516,13.4949
19,67.08,0.804,4.46,1210.2,34.62,34360,75,12,0,70.56,1.5909,15.0404
41,55.51,1.915,5.22,1564.2,40.57,17085,22,7,0,73.47,3.8129,10.6341
12,67.74,2.2,4.16,1263.0,56.06,32515,111,6,0,71.84,1.9269,16.2837
19,68.49,3.014,5.56,1194.7,41.77,34120,75,12,0,70.9,1.5593,12.3183
31,72.82,2.644,5.32,1565.3,62.42,8312,56,3,0,71.35,5.2418,13.688
9,57.82,2.529,5.1,1596.9,47.14,28801,28,7,0,70.62,1.7339,11.3373
33,74.01,1.568,5.71,1639.7,38.01,17805,109,0,0,67.02,1.2304,12.9615
20,69.62,1.937,4.88,1693.9,35.91,24782,31,3,0,70.19,2.498,14.2664
9,69.13,0.59,6.27,1717.4,53.97,28700,28,7,0,71.06,1.7607,11.0255
33,73.02,1.937,6.57,1285.5,32.37,17645,109,0,0,67.32,1.234,11.1142
29,84.62,2.244,6.04,1563.8,53.07,36935,18,13,0,71.49,1.3398,14.0099
3,55.03,1.133,6.69,1500.4,53.33,50118,40,16,0,69.26,3.8846,8.2257
28,72.82,1.597,6.27,1284.9,65.84,47853,40,2,0,68.59,1.0907,11.614
35,111.85,3.075,3.53,1577.6,56.57,8139,57,10,1,73.25,1.5661,31.6856
12,58.54,3.654,5.07,1529.5,51.53,32549,111,6,0,72.11,1.9339,11.5464
1,76.34,2.953,5.69,1172.9,56.17,2531,74,9,0,68.04,1.0724,13.4165
38,81.37,3.243,6.78,1303.6,59.29,28135,81,13,0,71.95,2.1019,12.0015
39,75.06,1.751,5.63,1616.4,46.96,34264,15,13,0,71.06,2.3132,13.3321
42,77.2,1.568,4.54,1721.9,49.24,5905,63,17,0,68.47,1.0399,17.0044
9,61.76,5.322,5.18,1613.5,55.02,28880,28,7,0,70.6,1.8219,11.9228
13,68.09,2.311,4.12,1264.0,74.57,46972,72,9,0,69.49,2.0421,16.5267
17,66.8,1.857,5.13,1462.1,73.25,49130,49,0,0,68.77,1.3576,13.0214
26,75.52,1.276,5.46,1280.0,72.89,11728,95,13,0,68.88,1.5067,13.8315
18,82.55,1.367,6.45,1488.1,65.16,33199,65,18,0,69.17,1.2848,12.7984
21,57.87,1.406,4.9,1373.3,46.17,41323,7,11,0,69.06,1.3009,11.8102
9,61.93,6.705,5.6,1221.1,87.52,28889,28,7,0,69.82,1.908,11.0589
48,52.01,6.464,4.83,1665.9,59.66,29766,115,7,0,69.78,2.9027,10.7681
22,73.38,1.447,4.38,1411.4,52.94,24919,35,6,0,71.31,3.9829,16.7534
1,78.15,1.98,5.36,1560.7,60.62,2614,74,9,0,68.23,1.0637,14.5802
20,64.98,2.781,4.34,1006.6,42.03,24835,31,3,0,70.24,2.4948,14.9724
28,63.97,1.602,4.86,1508.5,45.7,47728,40,2,0,68.98,1.1018,13.1626
2,61.75,1.011,5.59,1048.6,39.87,6556,88,17,0,68.43,1.4487,11.0465
21,69.95,1.262,5.37,1743.7,56.52,41343,7,11,0,69.08,1.3305,13.0261
49,65.0,1.532,6.13,1501.0,58.85,34863,62,5,0,67.03,1.2055,10.6036
3,85.04,1.12,4.98,1553.5,48.85,50085,40,16,0,70.44,3.9111,17.0763
22,74.94,0.627,6.26,1183.7,52.22,25138,35,6,0,71.57,4.015,11.9712
20,65.11,2.263,5.73,1518.6,45.64,24631,31,3,0,69.52,2.4845,11.363
13,67.21,3.933,5.42,1910.6,50.16,47055,72,9,0,69.79,2.0151,12.4004
8,68.44,2.431,4.24,1511.6,62.41,39502,98,4,0,70.84,3.9054,16.1415
47,96.73,3.598,3.81,2065.6,84.6,17989,55,7,1,70.55,1.6462,25.3885
35,73.88,4.96,6.39,1362.7,69.28,8123,57,10,0,73.31,1.6231,11.5618
31,82.53,2.435,5.63,1325.0,62.44,8168,56,3,0,72.05,5.2521,14.659
26,65.18,2.195,6.41,1414.2,54.86,12054,95,13,0,68.81,1.5022,10.1685
1,66.73,2.19,5.46,1392.0,37.71,2643,74,9,0,67.91,1.0792,12.2216
19,62.4,3.989,5.36,1433.6,43.53,34170,75,12,0,71.32,1.5661,11.6418
28,71.68,4.295,4.47,1434.4,49.33,47831,40,2,0,68.94,1.1571,16.0358
46,68.23,2.422,5.2,1169.9,55.75,11062,19,9,0,72.69,1.8155,13.1212
1,66.43,8.613,4.89,1774.7,43.73,2574,74,9,0,68.04,1.5511,13.5849
47,76.46,1.014,6.63,1537.8,61.28,17940,55,7,0,70.92,1.6697,11.5324
29,82.12,5.434,5.12,1352.9,57.94,36966,18,13,0,71.68,1.4351,16.0391
33,81.72,3.486,1.84,1361.8,106.72,17631,109,0,1,67.99,1.241,44.413
48,76.74,1.777,4.34,1753.3,69.22,29770,115,7,0,68.64,2.9163,17.682
29,74.11,1.555,5.54,1305.6,52.72,36822,18,13,0,71.96,1.4386,13.3773
41,64.61,2.307,4.96,1468.1,78.33,16666,22,7,0,73.51,3.7854,13.0262
15,75.99,3.13,6.84,1476.2,44.97,12599,110,16,0,74.99,1.5104,11.1096
20,61.25,2.33,5.46,1209.2,53.91,24774,31,3,0,68.76,2.4442,11.2179
7,91.22,2.788,4.17,1881.7,92.66,2971,118,6,1,68.21,2.6797,21.8753
8,59.06,2.053,2.93,1522.7,44.16,39823,98,4,0,70.09,3.9102,20.157
3,69.3,7.272,5.76,1198.9,57.61,49961,40,16,0,70.86,3.9467,12.0312
23,63.6,4.363,4.3,1427.3,36.67,6525,25,12,0,67.34,2.3747,14.7907
45,67.23,5.446,5.09,921.2,45.87,930,30,11,0,65.71,2.2209,13.2083
21,67.7,1.379,5.57,1525.9,53.2,41140,7,11,0,68.72,1.067,12.1544
9,81.11,2.425,5.31,1375.9,31.21,28632,28,7,0,70.28,1.9125,15.275
6,57.72,2.324,5.4,1719.8,64.7,28550,71,2,0,70.92,2.1435,10.6889
39,65.34,1.986,6.45,1467.4,64.83,34289,15,13,0,70.56,2.3209,10.1302
29,60.32,2.759,5.45,1515.6,44.04,36755,18,13,0,71.74,1.3798,11.0679
26,70.3,2.154,6.68,1338.4,51.87,11735,95,13,0,69.47,1.4802,10.524
41,68.34,1.536,6.39,1439.4,73.68,17086,22,7,0,73.57,3.8114,10.6948
44,52.13,1.429,6.78,1465.4,39.99,15220,41,3,0,68.82,2.044,7.6888
17,79.54,3.505,5.22,1430.7,82.45,48767,49,0,0,68.92,1.3657,15.2375
18,57.08,1.903,6.13,1401.3,69.55,33126,65,18,0,68.77,1.2771,9.3116
44,109.27,3.102,1.13,697.3,96.85,15532,41,3,1,70.71,2.0429,96.6991
25,63.69,1.676,6.52,2046.8,51.94,8767,25,2,0,68.6,1.542,9.7684
50,64.41,4.341,5.99,1061.0,70.32,22408,21,3,0,67.18,2.0009,10.7529
13,65.92,2.638,6.39,1791.2,69.46,47143,72,9,0,69.76,1.9914,10.3161
19,75.23,6.74,5.55,1478.7,59.83,34263,75,12,0,71.23,1.732,13.555
46,65.22,2.275,5.29,1307.1,40.33,11061,19,9,0,72.59,1.8178,12.3289
27,66.43,4.348,6.83,1146.3,42.45,1999,52,16,0,68.81,2.2276,9.7262
20,55.41,1.939,4.1,1700.3,42.88,24677,31,3,0,68.32,2.4503,13.5146
4,70.0,1.783,5.78,1533.8,61.88,31802,45,1,0,70.41,1.4795,12.1107
21,68.25,3.74,5.12,1513.2,54.74,41566,7,11,0,68.83,1.0697,13.3301
16,63.78,2.272,6.79,1292.0,73.85,3106,83,12,0,71.57,2.5758,9.3932
3,64.17,1.373,5.94,1679.8,53.17,50256,40,16,0,70.5,3.9513,10.803
42,66.21,2.256,6.01,1395.6,66.28,5878,63,17,0,67.81,0.9838,11.0166
19,60.08,2.435,6.13,1631.6,63.28,34284,75,12,0,70.9,1.6931,9.801
4,67.79,2.254,4.61,1622.7,54.7,31660,45,1,0,70.56,1.4672,14.705
48,59.3,3.05,5.89,1522.8,48.16,30007,115,7,0,68.48,2.9045,10.0679
33,58.74,4.607,4.37,1307.5,54.32,17623,109,0,0,67.27,1.2945,13.4416
39,66.15,4.154,6.37,1620.5,56.13,34031,15,13,0,70.7,2.3129,10.3846
3,67.35,0.909,4.6,1645.3,63.27,50103,40,16,0,69.74,3.9142,14.6413
25,75.07,3.605,5.32,1404.1,47.06,9036,25,2,0,68.99,1.5618,14.1109
4,64.0,1.437,6.27,1613.8,59.24,31630,45,1,0,69.95,1.4454,10.2073
11,58.72,1.816,4.88,1425.0,47.77,39716,84,14,0,69.67,1.6745,12.0328
47,64.32,1.95,6.9,1636.0,58.16,17852,55,7,0,70.5,1.654,9.3217
18,59.85,2.7,3.79,1311.4,46.01,33038,65,18,0,68.86,1.2553,15.7916
26,74.75,2.38,4.84,1656.9,52.12,11879,95,13,0,69.62,1.445,15.4442
8,59.08,0.974,5.9,952.4,49.45,39962,98,4,0,69.81,3.9106,10.0136
13,64.16,1.143,5.97,1753.0,64.92,46770,72,9,0,69.54,2.0129,10.7471
13,80.69,5.007,5.17,1546.5,52.93,46937,72,9,0,70.27,2.0482,15.6074
42,64.08,1.594,3.41,1605.7,56.91,5946,63,17,0,67.94,0.9992,18.7918
26,78.27,8.902,3.41,1587.8,75.59,12023,95,13,1,70.14,1.6495,22.9531
21,63.95,2.286,6.3,1229.1,40.88,41465,7,11,0,68.95,1.0393,10.1508
2,66.94,2.651,5.23,1569.1,57.2,6687,88,17,0,68.55,1.4448,12.7992
17,60.33,2.8,4.64,1523.7,60.34,49034,49,0,0,68.58,1.3539,13.0022
46,87.34,1.952,3.17,1144.7,103.48,11129,19,9,1,73.18,1.8266,27.5521
12,60.08,1.21,6.13,1888.8,58.92,32364,111,6,0,71.33,1.9621,9.801
46,61.23,1.587,4.76,1317.2,54.37,11031,19,9,0,72.87,1.8345,12.8634
25,69.38,1.254,6.02,1294.0,48.87,8875,25,2,0,69.04,1.5727,11.5249
8,54.03,1.083,3.88,1510.5,56.82,39593,98,4,0,69.02,3.9353,13.9253
2,62.2,0.589,4.27,1822.9,67.17,6954,88,17,0,68.21,1.4016,14.5667
31,60.49,4.085,4.26,1702.2,89.01,8360,56,3,0,71.88,5.2482,14.1995
2,66.21,3.21,7.35,1389.4,62.19,6977,88,17,0,68.29,1.4029,9.0082
6,69.17,2.264,6.3,1568.7,58.35,28374,71,2,0,70.33,2.1261,10.9794
45,75.26,8.075,1.71,1196.2,70.0,1043,30,11,1,66.0,2.4101,44.0117
46,78.38,5.276,5.87,1268.4,61.18,11210,19,9,0,73.18,1.8666,13.3526
17,68.23,1.492,5.43,1544.8,53.5,48821,49,0,0,68.87,1.37,12.5654
5,71.78,1.448,6.08,1671.1,49.23,31594,49,5,0,74.58,3.7672,11.8059
5,74.18,3.233,4.93,1428.0,35.6,31596,49,5,0,74.59,3.7434,15.0467
13,71.94,1.868,5.9,1343.7,42.28,46663,72,9,0,70.08,1.5931,12.1932
48,64.3,1.737,5.01,1357.8,72.98,29909,115,7,0,68.56,2.897,12.8343
49,72.27,1.424,5.93,1514.6,50.65,35309,62,5,0,67.71,1.0902,12.1872
1,61.82,2.393,4.74,1483.7,65.99,2705,74,9,0,67.99,1.5605,13.0422
26,72.16,0.804,5.5,1868.8,48.07,11850,95,13,0,70.34,1.6908,13.12
29,78.16,2.673,5.5,1335.7,37.81,36693,18,13,0,71.96,1.3589,14.2109
31,88.32,4.328,2.76,1358.3,83.16,8431,56,3,1,73.25,5.2247,32.0
28,58.27,2.175,5.46,1491.5,57.07,48079,40,2,0,68.44,1.1241,10.6722
42,68.32,0.917,5.81,1196.7,42.22,5850,63,17,0,67.94,1.0269,11.759
37,58.64,2.828,5.45,1606.2,46.33,14663,91,13,0,66.49,1.3846,10.7596
23,75.29,4.0,6.24,1860.3,51.65,6379,25,12,0,67.69,2.3306,12.0657
39,56.42,1.188,6.12,846.2,62.9,34045,15,13,0,70.89,2.2784,9.219
27,74.66,3.222,5.51,1127.5,41.37,2016,52,16,0,68.6,2.2274,13.5499
42,70.37,1.735,4.52,1109.3,71.96,5703,63,17,0,68.2,0.9883,15.5686
40,72.94,1.745,4.33,1252.5,70.51,39453,23,8,0,68.69,0.9939,16.8453
37,69.98,3.869,2.96,1055.8,108.27,14632,91,13,1,66.46,1.4117,23.6419
44,62.28,1.352,6.17,1594.8,59.66,15289,41,3,0,70.01,1.4612,10.094
50,75.54,3.697,5.21,1692.4,66.32,22124,21,3,0,67.25,1.9985,14.499
38,64.6,1.515,6.54,1357.4,53.68,28553,81,13,0,71.52,2.1224,9.8777
9,66.23,1.985,5.55,1285.6,53.32,28615,28,7,0,70.86,1.8806,11.9333
22,67.7,1.419,4.08,1408.1,63.07,25239,35,6,0,71.72,4.016,16.5931
27,81.01,2.257,7.92,1424.7,54.96,2211,52,16,0,69.19,2.1873,10.2285
22,56.49,1.054,5.53,1311.6,55.45,24910,35,6,0,71.25,4.0265,10.2152
23,71.21,3.192,6.27,1469.2,32.99,6481,25,12,0,67.56,2.3103,11.3573
22,72.8,2.422,5.39,1515.6,48.58,25218,35,6,0,70.67,3.933,13.5065
32,75.64,4.3,5.06,1751.1,50.2,25878,56,0,0,68.59,1.3208,14.9486
7,60.04,1.019,5.01,1560.9,60.72,2689,118,6,0,67.71,2.6825,11.984
41,75.92,2.02,4.89,1336.9,55.95,16851,22,7,0,73.83,3.794,15.5256
19,67.93,1.923,5.9,1852.5,39.5,34247,75,12,0,70.81,1.7,11.5136
7,65.54,2.542,6.07,1549.3,47.59,2650,118,6,0,67.8,2.6741,10.7974
48,65.75,2.656,5.32,1061.0,54.35,29797,115,7,0,68.35,2.8708,12.359
47,53.84,1.546,3.41,1241.7,49.3,17924,55,7,0,69.37,1.1446,15.7889
11,70.63,2.71,6.1,1540.9,34.93,39904,84,14,0,69.75,1.6665,11.5787
43,77.3,2.071,5.79,1429.8,62.56,22034,106,18,0,73.27,3.2296,13.3506
2,75.77,2.14,4.52,1101.8,36.51,6556,88,17,0,68.28,1.1215,16.7633
8,66.45,1.55,6.51,1348.1,57.14,39731,98,4,0,69.01,3.9329,10.2074
20,61.14,2.604,5.62,1518.9,64.0,24995,31,3,0,68.14,2.4467,10.879
35,67.23,1.015,5.78,1280.5,61.32,8193,57,10,0,73.62,1.6689,11.6315
45,82.16,3.028,4.06,1130.0,73.81,1106,30,11,0,67.03,2.4115,20.2365
41,54.11,5.717,6.06,1420.1,38.15,16857,22,7,0,73.16,3.7999,8.929
46,72.32,5.185,5.62,1295.9,49.46,11253,19,9,0,73.25,1.9156,12.8683
8,62.32,4.116,5.34,1068.3,39.74,39660,98,4,0,67.7,3.9355,11.6704
39,73.23,2.109,6.11,1571.8,53.2,34021,15,13,0,70.98,2.2078,11.9853
28,83.12,3.492,6.41,1314.6,44.77,47778,40,2,0,69.68,1.1042,12.9672
21,71.71,1.979,4.74,1387.8,42.06,41252,7,11,0,69.42,1.0375,15.1287
14,76.85,2.822,6.37,1355.3,55.68,32955,41,2,0,69.4,1.3062,12.0644
46,67.61,3.238,5.99,1331.9,49.35,11163,19,9,0,73.29,1.8993,11.2871
3,81.34,2.886,5.75,1725.5,58.07,50098,40,16,0,69.98,3.922,14.1461
7,67.63,2.355,6.2,784.4,66.74,2788,118,6,0,67.6,2.0514,10.9081
31,79.98,3.364,3.95,1339.6,75.4,8402,56,3,0,73.33,5.183,20.2481
6,59.03,1.957,5.43,1447.7,46.66,28632,71,2,0,70.06,2.087,10.8711
21,69.73,1.339,6.42,1320.4,73.96,41415,7,11,0,69.5,0.8978,10.8614
49,61.83,2.33,6.08,1519.9,43.26,35284,62,5,0,67.24,1.0351,10.1694
13,68.51,1.895,6.63,1817.8,24.21,47034,72,9,0,70.17,1.6023,10.3333
29,63.2,4.262,4.2,1478.2,60.22,36920,18,13,0,72.09,1.3372,15.0476
28,78.9,8.04,3.71,1952.7,78.55,48104,40,2,1,70.24,1.55,21.2668
39,57.28,1.383,5.96,1679.3,47.24,33998,15,13,0,69.02,2.17,9.6107
39,54.34,2.209,4.55,1634.7,59.72,34045,15,13,0,68.63,2.1375,11.9429
23,69.9,2.029,4.86,1148.5,71.7,6492,25,12,0,67.51,2.2839,14.3827
29,85.53,4.605,4.85,1478.0,37.24,36975,18,13,0,71.27,1.2884,17.6351
44,60.26,1.838,4.73,1273.1,28.48,15634,41,3,0,69.82,1.434,12.74
32,106.63,10.697,3.01,1582.2,49.9,26081,56,0,1,70.31,2.0526,35.4252
20,66.23,1.071,4.42,1477.8,69.22,24692,31,3,0,68.0,2.4556,14.9842
48,65.97,0.73,5.51,1308.2,42.95,29748,115,7,0,67.73,2.9194,11.9728
26,63.47,2.386,6.22,1435.2,64.2,11901,95,13,0,70.44,1.6586,10.2042
31,59.54,1.812,5.58,1404.3,58.66,8263,56,3,0,71.58,2.3933,10.6703
22,62.73,4.401,5.67,1340.4,70.68,25145,35,6,0,70.17,3.9362,11.0635
12,68.09,3.518,5.48,1160.7,57.61,32651,111,6,0,69.81,0.944,12.4252
37,75.57,3.767,4.83,1267.1,56.37,14333,91,13,0,67.02,1.4056,15.646
13,70.89,5.399,5.44,1511.3,66.99,46838,72,9,0,70.81,1.6879,13.0312
19,75.77,0.81,6.15,1804.5,57.52,34272,75,12,0,71.26,1.757,12.3203
33,103.65,14.342,3.2,1923.5,71.54,17642,109,0,1,68.74,2.6361,32.3906
25,61.44,1.934,4.73,1112.5,34.1,9101,25,2,0,68.82,1.5421,12.9894
38,58.06,5.317,5.13,1285.1,42.43,28484,81,13,0,71.05,2.1662,11.3177
50,75.9,4.046,5.29,1544.1,57.63,22390,21,3,0,65.92,1.8658,14.3478
44,78.89,1.255,4.92,1343.9,55.18,15192,41,3,0,70.79,1.4422,16.0346
15,66.49,2.429,5.14,1557.1,41.17,12834,110,16,0,74.69,1.5058,12.9358
2,79.88,3.838,5.03,1616.3,65.16,6799,88,17,0,68.39,0.9831,15.8807
13,67.64,2.189,5.08,1512.7,66.33,46851,72,9,0,70.92,1.691,13.315
32,75.98,2.509,6.24,1577.9,50.78,25837,56,0,0,70.56,2.042,12.1763
22,60.62,5.179,5.89,1561.0,77.75,25111,35,6,0,70.47,3.9514,10.292
4,75.29,2.826,5.44,1264.7,66.43,31635,45,1,0,70.48,1.3785,13.8401
9,72.5,3.389,7.32,1121.3,48.76,28514,28,7,0,70.86,1.838,9.9044
24,77.83,2.146,5.39,1472.0,54.9,2313,86,13,0,67.6,1.1529,14.4397
10,77.01,4.699,4.93,1679.9,30.98,31013,81,9,0,70.08,0.9702,15.6207
38,58.22,2.639,6.03,1390.8,44.32,28199,81,13,0,70.95,2.1634,9.6551
36,61.35,1.304,5.46,1269.8,39.78,32726,32,13,0,69.05,2.0922,11.2363
16,65.99,2.672,4.86,1394.9,65.97,3256,83,12,0,72.42,2.5759,13.5782
26,65.71,2.045,5.37,1895.2,63.64,11933,95,13,0,69.83,1.6584,12.2365
12,58.33,2.645,4.15,1335.3,78.63,32214,111,6,0,69.44,0.9423,14.0554
23,78.39,3.369,4.9,1321.3,48.07,6267,25,12,0,67.93,2.0888,15.998
46,73.63,1.967,4.82,1371.3,64.24,11066,19,9,0,73.94,1.8919,15.2759
49,67.4,1.885,4.31,1536.6,61.04,35309,62,5,0,66.95,1.0066,15.6381
11,71.67,8.274,6.14,1454.9,54.41,39628,84,14,0,69.7,1.9949,11.6726
32,60.44,3.157,6.44,1466.0,58.83,26020,56,0,0,69.7,2.0414,9.3851
6,58.92,1.954,5.57,1663.4,63.98,28505,71,2,0,70.2,2.0924,10.5781
32,98.57,8.75,3.28,1830.7,93.89,25924,56,0,1,71.17,2.3158,30.0518
7,74.44,1.272,6.24,1528.1,67.39,2714,118,6,0,66.98,1.1081,11.9295
24,74.63,3.139,3.52,1048.0,118.93,2531,86,13,1,67.61,1.1211,21.2017
35,74.17,1.635,4.63,2049.8,83.86,8186,57,10,0,73.71,1.6569,16.0194
18,63.44,0.894,5.75,1536.0,50.69,32776,65,18,0,68.14,1.2666,11.033
5,71.12,2.576,5.11,1611.6,60.12,31135,49,5,0,74.42,3.7121,13.9178
41,85.86,2.458,7.66,1771.7,52.71,16816,22,7,0,73.51,3.8085,11.2089
7,79.89,1.404,6.04,1314.0,56.59,2619,118,6,0,67.21,1.1195,13.2268
28,93.36,9.007,2.82,1980.2,92.91,47827,40,2,1,70.98,1.9448,33.1064
2,61.07,1.477,5.92,1454.6,52.51,6877,88,17,0,68.03,0.9961,10.3159
44,80.59,2.589,4.76,1434.8,53.74,15326,41,3,0,71.02,1.4239,16.9307
10,60.91,2.486,5.38,1371.4,74.48,31117,81,9,0,69.77,0.9441,11.3216
36,68.73,1.353,5.48,1432.4,59.07,32639,32,13,0,69.35,1.9845,12.542
7,66.65,4.318,5.14,1912.0,41.58,2783,118,6,0,67.1,1.1987,12.9669
15,60.62,3.335,5.12,1691.8,68.55,12558,110,16,0,74.53,1.513,11.8398
15,77.73,2.698,5.97,1137.3,72.71,12872,110,16,0,74.13,1.5131,13.0201
6,57.34,0.848,4.73,1677.6,77.05,28406,71,2,0,69.07,2.1144,12.1226
50,70.66,1.479,4.83,1504.4,48.12,22491,21,3,0,65.7,1.9036,14.6294
14,57.9,0.987,6.11,1347.5,59.17,33200,41,2,0,68.71,1.1849,9.4763
13,64.12,2.075,5.88,1567.1,75.1,47139,72,9,0,70.1,1.6921,10.9048
38,62.75,1.646,6.48,1622.8,58.95,28320,81,13,0,70.71,2.1559,9.6836
21,55.98,1.103,4.27,1522.4,61.62,41591,7,11,0,68.92,0.9198,13.1101
45,56.2,1.485,5.81,1656.3,38.79,1326,30,11,0,66.13,2.4469,9.673
10,65.2,1.975,5.43,1493.3,48.8,30921,81,9,0,69.83,0.9435,12.0074
30,72.74,0.975,4.96,1515.9,60.38,30722,90,2,0,70.14,1.2154,14.6653
36,83.91,6.267,5.06,1221.8,71.92,32441,32,13,0,69.92,2.1032,16.583
14,49.56,2.127,4.28,1457.9,53.61,32943,41,2,0,67.56,1.1703,11.5794
6,67.13,1.979,4.97,1415.0,78.4,28436,71,2,0,68.87,2.1198,13.507
37,62.98,1.654,4.85,1691.4,39.34,14374,91,13,0,66.24,1.4156,12.9856
31,44.37,2.06,4.81,1655.8,35.61,8172,56,3,0,70.17,2.4052,9.2245
14,79.03,8.149,5.53,1679.4,94.37,33047,41,2,1,67.66,1.6322,14.2911
11,55.83,3.37,4.19,1330.0,36.44,39962,84,14,0,68.02,1.9937,13.3246
18,61.66,1.431,6.77,1275.0,53.31,33166,65,18,0,68.12,1.2391,9.1078
23,68.03,1.497,5.8,1527.4,66.11,6219,25,12,0,68.29,2.1303,11.7293
17,66.5,2.03,5.37,1727.2,57.82,49212,49,0,0,68.87,1.3688,12.3836
45,79.04,2.607,7.05,1445.2,41.08,967,30,11,0,66.51,2.4493,11.2113
48,72.37,1.661,4.65,1173.9,45.41,29918,115,7,0,68.26,2.9347,15.5634
34,66.63,2.875,5.37,1480.7,54.31,36926,12,19,0,67.98,2.1596,12.4078
29,70.22,0.907,6.25,1411.4,68.96,36915,18,13,0,70.64,1.3197,11.2352
46,80.57,8.012,3.34,1352.7,105.35,11176,19,9,1,74.28,2.1197,24.1228
50,67.92,3.337,4.63,1305.7,37.65,22547,21,3,0,65.64,1.8987,14.6695
43,68.0,2.062,4.55,1344.4,64.37,22056,106,18,0,73.43,3.2322,14.9451
29,76.1,2.696,4.57,1472.0,56.87,36881,18,13,0,71.12,1.3091,16.6521
30,63.17,3.842,5.76,1440.6,57.82,31079,90,2,0,69.48,1.2001,10.967
45,72.39,2.428,4.82,1393.6,43.35,1172,30,11,0,67.12,2.1577,15.0187
42,71.0,8.37,3.47,1076.7,108.56,5994,63,17,1,68.54,1.5639,20.4611
32,104.5,3.683,3.8,2035.5,93.76,26144,56,0,1,72.95,2.3028,27.5
17,104.97,6.072,3.85,1215.6,97.27,48880,49,0,1,70.63,1.5228,27.2649
50,58.16,1.436,6.41,1520.4,44.07,22159,21,3,0,65.74,1.846,9.0733
11,65.28,4.87,5.34,1400.8,62.59,39991,84,14,0,67.89,1.9936,12.2247
16,66.19,3.196,5.41,1471.2,64.27,3209,83,12,0,72.3,2.5606,12.2348
23,70.62,1.161,5.98,1684.0,45.34,6312,25,12,0,68.35,2.173,11.8094
46,63.45,2.906,4.93,1815.6,50.52,11048,19,9,0,74.16,2.1091,12.8702
5,64.63,1.911,5.22,1527.1,50.89,31548,49,5,0,74.16,3.7294,12.3812
17,56.79,5.253,6.35,1872.3,80.15,49022,49,0,0,69.94,1.6011,8.9433
20,71.53,1.717,5.2,2138.3,61.35,24707,31,3,0,68.22,2.4375,13.7558
12,60.43,3.65,4.98,1561.0,53.33,32308,111,6,0,69.38,0.9551,12.1345
11,71.41,3.709,4.78,1307.6,45.2,39991,84,14,0,68.27,1.9956,14.9393
47,105.05,6.957,3.74,1881.7,87.73,17660,55,7,1,70.59,1.4744,28.0882
23,79.17,1.462,6.4,1743.2,54.83,6240,25,12,0,68.9,2.1642,12.3703
1,77.94,2.609,5.69,1433.5,58.5,2717,74,9,0,68.6,1.5564,13.6977
30,71.44,3.044,6.38,1425.4,36.62,30665,90,2,0,70.22,1.1979,11.1975
33,72.04,2.141,5.8,1315.1,62.87,17522,109,0,0,69.23,2.6366,12.4207
14,77.3,2.384,5.45,1560.0,51.16,32873,41,2,0,67.54,1.6333,14.1835
47,67.46,2.075,5.47,1620.6,59.85,18036,55,7,0,71.04,1.3339,12.3327
26,63.88,0.886,6.19,1392.7,50.38,11896,95,13,0,69.64,1.6985,10.3199
26,67.8,6.169,6.72,1635.8,67.1,12026,95,13,0,69.64,1.8421,10.0893
18,101.82,4.996,5.29,1581.4,82.47,32919,65,18,1,69.87,1.3522,19.2476
13,66.92,1.641,4.45,1156.6,62.86,46852,72,9,0,69.84,1.653,15.0382
25,76.12,2.324,5.13,1126.9,72.12,9062,25,2,0,68.97,1.5025,14.8382
39,63.52,5.366,5.74,1453.2,60.09,33943,15,13,0,68.5,2.1597,11.0662
41,71.14,1.489,4.73,1219.6,39.46,16881,22,7,0,73.21,3.8264,15.0402
11,57.07,1.734,5.08,1384.1,40.59,39598,84,14,0,67.76,1.9907,11.2343
34,72.78,1.524,3.98,1827.8,45.65,36880,12,19,0,67.57,2.11,18.2864
15,59.79,1.308,5.0,1379.9,68.51,12810,110,16,0,73.77,1.5119,11.958
8,73.94,0.926,5.89,1564.8,67.01,39611,98,4,0,67.94,3.958,12.5535
39,75.82,1.829,4.67,1359.1,72.24,34383,15,13,0,68.33,2.1708,16.2355
5,70.39,10.737,3.81,1865.4,79.64,31209,49,5,1,73.84,3.9935,18.4751
24,56.67,1.917,4.17,1527.9,68.67,2358,86,13,0,66.94,1.0482,13.5899
38,77.44,5.246,4.54,1715.3,63.58,28212,81,13,0,71.14,2.1958,17.0573
38,84.36,8.971,3.13,1629.3,96.22,28156,81,13,1,71.9,2.4918,26.9521
28,61.93,0.899,4.31,1730.2,72.68,47765,40,2,0,70.46,1.9513,14.3689
4,75.25,1.706,6.97,1303.3,55.27,31462,45,1,0,70.46,1.3762,10.7963
1,69.55,1.393,6.35,1622.8,62.69,2348,74,9,0,68.38,1.6031,10.9528
45,67.02,3.64,5.88,1819.2,37.43,1002,30,11,0,66.46,2.0365,11.398
9,77.0,6.725,5.78,1186.1,60.2,28572,28,7,0,71.23,1.9473,13.3218
32,59.88,3.562,6.38,1471.7,58.89,26006,56,0,0,73.03,2.2494,9.3856
20,65.47,1.928,7.15,1322.7,41.33,24744,31,3,0,67.95,2.4428,9.1566
35,67.36,1.946,5.79,1366.1,60.81,8084,57,10,0,73.35,1.652,11.6339
25,72.36,1.624,6.04,1289.7,47.95,8767,25,2,0,69.28,1.508,11.9801
29,65.33,1.085,4.99,1560.5,52.71,37015,18,13,0,70.61,1.3443,13.0922
18,66.28,1.578,5.96,1600.7,59.9,33114,65,18,0,69.64,1.1935,11.1208
50,78.06,2.048,6.26,1175.6,46.27,22559,21,3,0,66.08,1.8446,12.4696
35,62.59,2.39,6.74,1520.6,49.45,8135,57,10,0,72.58,1.6464,9.2864
49,71.73,1.888,5.56,1265.3,49.33,35096,62,5,0,67.49,0.9996,12.9011
25,65.87,1.623,5.68,1384.0,79.83,8751,25,2,0,69.09,1.4847,11.5968
5,75.17,1.883,5.59,1420.6,57.17,31497,49,5,0,73.91,3.9803,13.4472
12,66.28,1.107,4.69,1941.3,69.63,32252,111,6,0,69.3,1.0013,14.1322
13,70.3,2.157,5.56,1332.0,53.83,46859,72,9,0,70.22,1.6517,12.6439
17,64.67,0.921,4.48,1545.0,55.06,49151,49,0,0,69.95,1.6387,14.4353
16,67.82,2.179,5.8,1184.1,67.47,3081,83,12,0,71.98,2.5443,11.6931
47,55.17,2.551,5.37,1135.5,63.85,17916,55,7,0,70.43,1.274,10.2737
9,56.45,1.535,4.27,1584.3,68.61,28870,28,7,0,70.64,1.9867,13.2201
31,70.87,2.351,6.1,1614.8,66.88,8324,56,3,0,70.56,2.3881,11.618
21,74.53,3.396,6.08,1452.7,63.2,41231,7,11,0,67.21,0.9441,12.2582
44,63.24,2.203,5.49,1484.6,62.44,15600,41,3,0,70.74,1.2977,11.5191
10,58.46,1.843,5.14,1287.2,45.27,31249,81,9,0,69.33,0.9216,11.3735
47,62.24,2.939,4.61,1575.0,58.11,17702,55,7,0,70.04,1.2747,13.5011
39,62.33,3.093,5.79,1513.6,57.21,34345,15,13,0,68.44,2.149,10.7651
40,88.66,4.522,2.15,1529.3,85.01,39180,23,8,1,69.7,1.066,41.2372
26,81.61,2.077,6.2,1679.2,53.93,12055,95,13,0,70.6,1.8472,13.1629
19,73.76,16.16,2.62,1199.2,91.53,34243,75,12,1,70.95,3.1885,28.1527
46,77.53,4.435,5.78,1399.1,45.37,11385,19,9,0,73.73,2.0557,13.4135
21,72.59,1.554,5.29,1341.1,53.89,41576,7,11,0,67.54,0.9531,13.7221
13,54.57,2.939,5.37,1338.4,50.09,46700,72,9,0,69.66,1.6348,10.162
13,61.96,2.357,4.39,1415.1,55.22,47133,72,9,0,69.43,1.6328,14.1139
27,66.13,2.616,4.21,1379.4,42.58,2301,52,16,0,69.41,2.1728,15.7078
10,76.63,1.701,6.42,1363.5,41.22,31073,81,9,0,69.39,0.8947,11.9361
13,56.43,1.802,4.85,1826.8,71.29,47014,72,9,0,68.65,1.648,11.6351
44,72.95,2.363,2.74,1328.2,47.4,15323,41,3,0,70.55,1.2859,26.6241
22,61.82,2.59,5.56,1553.5,44.02,25061,35,6,0,70.3,3.9512,11.1187
31,77.48,1.44,5.96,1684.5,48.57,8332,56,3,0,71.58,2.3795,13.0
33,67.98,2.75,6.28,1338.1,62.71,17424,109,0,0,69.45,2.6144,10.8248
45,59.13,5.554,4.88,1564.4,55.29,1012,30,11,0,66.35,2.1021,12.1168
7,62.18,6.067,6.35,1423.6,47.25,3019,118,6,0,67.5,1.4064,9.7921
43,75.35,2.02,5.63,1404.2,76.29,22267,106,18,0,73.99,3.2312,13.3837
4,64.91,2.142,4.52,1379.4,29.53,31611,45,1,0,70.15,1.3754,14.3606
21,55.88,2.868,4.89,1214.9,58.04,41576,7,11,0,66.83,0.9607,11.4274
1,55.64,1.67,5.48,1512.9,46.19,2718,74,9,0,67.57,1.5919,10.1533
35,74.34,2.09,6.35,1080.2,74.96,8486,57,10,0,72.7,1.6334,11.7071
4,78.77,3.252,6.38,1270.5,49.95,31777,45,1,0,70.01,1.3715,12.3464
4,67.35,2.827,4.3,1470.6,66.56,31699,45,1,0,70.55,1.3696,15.6628
21,63.64,2.106,7.13,1182.9,40.39,41455,7,11,0,66.78,0.9587,8.9257
17,75.38,1.281,5.7,1576.1,62.76,48804,49,0,0,70.13,1.6602,13.2246
16,75.14,1.349,5.65,1148.3,43.6,3152,83,12,0,72.29,2.5572,13.2991
47,65.45,2.868,5.35,1726.3,43.79,17950,55,7,0,69.73,1.2812,12.2336
28,73.74,2.087,4.24,1298.4,52.88,48057,40,2,0,70.76,1.9552,17.3915
49,65.97,2.811,6.12,1611.8,65.39,35184,62,5,0,67.62,0.9886,10.7794
28,66.07,2.144,6.8,1499.3,44.28,47971,40,2,0,70.73,1.9638,9.7162
26,75.62,2.613,5.47,1746.1,46.73,12077,95,13,0,71.21,1.8382,13.8245
41,63.02,1.243,5.58,1130.0,61.47,16817,22,7,0,73.51,3.8463,11.2939
40,57.52,11.108,4.8,1682.4,47.99,39396,23,8,0,69.56,2.0412,11.9833
48,72.29,4.192,5.98,1400.5,58.0,29810,115,7,0,69.11,2.9357,12.0886
42,87.59,1.795,5.34,1369.7,69.54,5598,63,17,0,69.42,1.5743,16.4026
20,53.0,1.669,3.52,1508.3,58.1,24858,31,3,0,66.69,0.8489,15.0568
29,67.17,1.692,4.6,1265.2,42.96,36685,18,13,0,70.45,1.3599,14.6022
35,61.93,1.071,5.83,1499.8,64.27,8516,57,10,0,72.2,1.6688,10.6226
36,65.58,2.253,6.49,1676.2,63.74,32462,32,13,0,69.7,2.1067,10.1048
5,60.47,2.458,4.43,1713.4,61.83,31310,49,5,0,73.79,3.9707,13.6501
19,58.14,4.824,4.04,1744.9,81.95,34083,75,12,0,70.28,3.1906,14.3911
35,65.28,6.281,5.27,1447.5,53.32,8482,57,10,0,72.39,1.8147,12.3871
15,77.3,1.88,6.12,1595.7,49.72,12504,110,16,0,74.23,1.4496,12.6307
36,59.99,0.919,4.76,1426.5,47.73,32494,32,13,0,68.1,1.505,12.6029
31,60.83,3.346,5.22,1311.5,58.28,8134,56,3,0,71.65,2.3654,11.6533
45,70.75,2.0,4.61,1220.0,63.67,974,30,11,0,66.69,2.0921,15.3471
26,66.2,1.784,4.82,1568.7,77.43,11992,95,13,0,70.93,1.8501,13.7344
50,64.75,2.353,5.38,1890.9,47.83,22413,21,3,0,66.06,1.7996,12.0353
4,77.94,7.142,5.87,1554.3,49.94,31892,45,1,0,70.57,1.644,13.2777
42,63.45,1.249,4.63,1584.1,40.41,5780,63,17,0,69.58,1.5879,13.7041
20,62.1,3.58,4.87,1733.7,45.42,24684,31,3,0,66.61,0.891,12.7515
14,62.28,2.458,5.53,1559.7,50.97,32882,41,2,0,67.79,1.6235,11.2622
46,85.75,3.175,4.57,1779.5,43.63,11362,19,9,0,73.79,1.9556,18.7637
37,85.42,0.948,6.12,1410.6,59.94,14741,91,13,0,67.17,1.436,13.9575
4,78.89,0.652,6.57,1437.6,39.43,31772,45,1,0,71.4,1.6828,12.0076
47,76.15,2.477,4.29,1632.1,48.22,17917,55,7,0,69.8,1.281,17.7506
16,62.46,2.566,6.36,1210.4,63.44,3287,83,12,0,71.92,2.5562,9.8208
7,68.38,0.734,6.22,1283.4,74.03,3040,118,6,0,67.32,1.4048,10.9936
19,63.88,0.852,6.57,1491.8,50.91,33868,75,12,0,69.96,3.2362,9.723
21,67.68,1.768,4.47,1404.5,57.45,41272,7,11,0,67.15,0.9619,15.1409
6,76.84,4.831,4.03,1224.6,47.69,28791,71,2,0,69.75,2.1603,19.067
1,73.76,4.225,6.04,1475.4,47.03,2529,74,9,0,68.01,1.6034,12.2119
13,57.51,1.475,5.33,1704.4,52.85,46724,72,9,0,68.19,1.6656,10.7899
30,63.35,3.213,5.51,1258.2,52.02,30762,90,2,0,69.76,1.1957,11.4973
34,68.81,2.673,4.77,1576.3,62.29,37074,12,19,0,67.42,2.0997,14.4256
33,63.15,2.848,5.13,1294.3,59.96,17400,109,0,0,69.65,2.6141,12.3099
39,72.34,1.97,5.04,993.3,62.8,34357,15,13,0,68.76,2.1605,14.3532
44,67.83,2.773,6.57,1411.7,49.96,15382,41,3,0,70.29,1.2904,10.3242
47,75.4,4.519,5.13,1360.1,36.94,17684,55,7,0,70.18,1.3347,14.6979
17,64.4,1.971,4.66,1202.9,68.22,49084,49,0,0,70.07,1.6624,13.8197
35,76.94,2.368,6.82,1518.5,72.2,8394,57,10,0,72.97,1.7834,11.2815
2,68.14,2.505,6.6,1252.0,47.18,6638,88,17,0,67.64,0.9855,10.3242
22,63.59,3.057,5.83,1604.6,63.24,25037,35,6,0,70.16,3.9324,10.9074
29,74.82,2.228,4.47,1221.6,49.8,36880,18,13,0,70.35,1.3625,16.7383
45,71.78,4.044,5.93,1892.0,66.54,1269,30,11,0,67.27,2.0574,12.1046
13,64.21,1.005,5.12,1136.0,64.74,47136,72,9,0,68.36,1.6758,12.541
22,58.54,1.698,4.83,1317.3,43.8,25094,35,6,0,69.9,3.9313,12.1201
18,65.45,3.101,5.71,1193.2,57.24,33135,65,18,0,69.07,1.2031,11.4623
37,59.01,2.645,6.45,1403.1,44.67,14521,91,13,0,66.0,1.3828,9.1488
50,96.55,5.279,3.31,1564.7,119.43,22204,21,3,1,67.28,1.8219,29.1692
13,66.78,0.752,5.27,1508.2,40.48,46850,72,9,0,68.39,1.7181,12.6717
48,111.0,2.809,2.8,1635.5,86.69,29695,115,7,1,71.13,2.9024,39.6429
32,77.66,1.186,4.35,1751.2,32.36,26081,56,0,0,72.93,2.3023,17.8529
4,77.13,3.122,5.72,1317.5,51.47,31451,45,1,0,71.44,1.6772,13.4843
5,64.2,3.499,4.87,1460.1,51.51,31533,49,5,0,73.96,3.96,13.1828
9,67.49,4.349,5.32,1247.3,74.26,28809,28,7,0,70.28,1.9505,12.6861
33,79.66,5.226,6.3,1233.9,57.79,17443,109,0,0,70.09,2.6501,12.6444
16,61.57,8.267,5.76,1283.1,52.35,3443,83,12,0,71.89,2.7738,10.6892
7,62.39,2.167,5.17,1460.1,49.41,2793,118,6,0,67.21,1.2416,12.0677
27,89.83,8.204,2.24,792.4,85.22,2020,52,16,1,70.66,2.4013,40.1027
46,77.72,2.768,5.07,1683.1,68.81,11086,19,9,0,74.3,1.9594,15.3294
38,77.84,1.921,4.58,1618.2,43.44,28466,81,13,0,72.29,2.4992,16.9956
25,59.02,1.615,6.95,1975.4,51.24,8870,25,2,0,68.49,1.4905,8.4921
16,50.25,5.567,6.18,1622.0,58.46,3318,83,12,0,71.11,2.8216,8.1311
47,69.0,1.901,7.63,1836.8,50.45,18133,55,7,0,70.55,1.3122,9.0433
9,69.56,1.101,5.61,1480.7,29.23,28862,28,7,0,69.85,1.9671,12.3993
19,69.14,3.598,5.88,1197.0,78.02,34235,75,12,0,69.77,3.227,11.7585
18,71.94,4.072,5.18,1538.3,54.09,32739,65,18,0,69.06,1.2537,13.888
13,60.88,2.664,5.16,1319.6,52.83,47032,72,9,0,66.84,1.2454,11.7984
31,70.5,0.827,5.78,1252.7,49.78,8597,56,3,0,69.89,1.5394,12.1972
48,59.56,6.127,6.14,1307.2,56.94,29842,115,7,0,70.94,2.9252,9.7003
13,54.07,0.958,6.11,1431.4,52.97,46861,72,9,0,66.11,1.2705,8.8494
30,67.22,2.948,4.98,1051.9,62.96,30887,90,2,0,70.13,1.1951,13.498
42,71.35,1.505,5.81,1245.0,47.72,5813,63,17,0,68.01,1.5153,12.2806
26,68.21,3.195,7.14,1610.5,41.17,12075,95,13,0,70.78,1.8449,9.5532
29,54.74,2.533,4.29,1332.6,42.34,36651,18,13,0,69.77,1.329,12.7599
30,76.73,2.268,5.54,1706.3,44.09,30852,90,2,0,70.38,1.1867,13.8502
17,57.1,0.96,4.77,1436.6,52.36,48956,49,0,0,68.87,1.5867,11.9706
1,68.64,3.846,5.9,1380.2,43.27,2370,74,9,0,68.1,1.6068,11.6339
10,69.66,2.844,6.02,1696.9,75.17,31206,81,9,0,69.22,0.86,11.5714
44,61.55,1.289,6.07,1446.5,49.28,15189,41,3,0,70.33,1.3055,10.14
15,60.97,1.233,5.31,1259.2,54.32,12878,110,16,0,74.02,1.4603,11.4821
27,74.6,2.749,6.44,1424.2,42.87,2087,52,16,0,70.9,2.3849,11.5839
40,66.6,1.536,6.44,1413.6,48.5,39041,23,8,0,69.91,2.0336,10.3416
41,84.49,2.75,5.46,1278.5,62.19,16823,22,7,0,73.84,3.4739,15.4744
36,52.22,3.311,7.14,1522.8,40.54,32497,32,13,0,67.66,1.5121,7.3137
16,68.56,1.961,6.19,1372.7,51.51,3003,83,12,0,70.95,2.8085,11.0759
48,91.94,12.173,1.95,1373.8,33.48,29666,115,7,1,72.12,3.397,47.1487
1,72.0,1.729,6.16,1236.9,50.38,2680,74,9,0,68.76,1.631,11.6883
26,67.41,0.87,5.02,1550.5,45.83,11883,95,13,0,71.43,1.8785,13.4283
13,63.63,1.106,5.28,1620.0,48.17,46975,72,9,0,65.63,1.2301,12.0511
26,58.21,3.152,5.75,1696.7,52.09,11892,95,13,0,70.92,1.8781,10.1235
10,101.78,4.038,3.74,1754.5,87.79,31029,81,9,1,70.46,0.9207,27.2139
27,69.49,3.558,4.46,1618.6,86.16,2319,52,16,0,71.3,2.3851,15.5807
50,68.08,2.642,5.69,1566.8,64.45,22330,21,3,0,67.34,1.6551,11.9649
5,92.86,7.834,2.82,1782.6,101.87,31264,49,5,1,74.45,4.0278,32.9291
15,60.94,8.207,5.62,1406.3,51.66,12578,110,16,0,73.52,1.8787,10.8434
6,67.89,2.698,4.99,1314.7,64.44,28568,71,2,0,68.92,1.0961,13.6052
50,74.05,1.715,5.8,1566.9,51.84,22066,21,3,0,67.97,1.6727,12.7672
38,65.44,2.974,6.15,1750.0,38.43,28623,81,13,0,71.6,2.4764,10.6407
17,73.39,1.728,6.21,1359.0,52.07,48823,49,0,0,69.02,1.5938,11.818
36,70.6,2.46,5.56,1491.5,59.38,32569,32,13,0,68.21,1.4852,12.6978
16,59.93,1.213,7.28,1564.8,51.49,3368,83,12,0,70.37,2.8317,8.2321
17,82.31,5.127,3.79,1734.0,112.23,48842,49,0,1,69.68,1.6595,21.7177
42,97.32,11.471,1.99,1412.8,99.4,5866,63,17,1,69.6,2.3736,48.9045
38,73.7,1.965,6.63,1003.7,44.42,28600,81,13,0,71.5,2.4247,11.1161
45,107.05,22.389,3.12,2373.2,74.05,1155,30,11,1,69.5,4.404,34.3109
27,65.45,3.128,7.01,1711.3,57.18,2158,52,16,0,70.66,2.1541,9.3367
17,61.15,1.568,6.86,1134.4,64.07,49077,49,0,0,68.57,1.6489,8.914
22,79.87,1.925,7.05,1528.7,51.35,25148,35,6,0,70.7,3.9399,11.3291
16,69.16,3.301,5.81,1603.0,55.83,3376,83,12,0,70.44,2.8283,11.9036
29,56.48,1.98,5.76,1774.6,68.04,36901,18,13,0,68.78,1.331,9.8056
32,59.72,3.331,5.07,1541.1,74.47,26160,56,0,0,72.24,2.273,11.7791
4,55.68,1.997,5.51,1228.3,23.35,31799,45,1,0,71.32,1.6657,10.1053
39,58.43,1.104,5.47,1602.0,60.16,34425,15,13,0,68.27,2.1925,10.6819
28,67.03,1.558,6.76,1506.5,80.89,47742,40,2,0,70.44,1.9856,9.9157
22,70.19,1.646,6.14,1484.9,65.0,25248,35,6,0,69.9,3.9096,11.4316
25,53.63,3.276,5.28,1471.6,65.08,8736,25,2,0,67.42,1.4649,10.1572
24,77.32,1.868,5.13,1394.4,52.37,2579,86,13,0,67.79,0.988,15.0721
5,77.4,2.234,5.27,1311.4,41.4,31562,49,5,0,74.41,4.0418,14.6869
16,70.45,3.567,5.33,1071.2,55.63,3370,83,12,0,70.84,2.8276,13.2176
43,72.04,1.593,5.78,1903.7,47.41,22421,106,18,0,73.88,3.243,12.4637
2,55.41,3.143,5.27,1491.9,44.17,6716,88,17,0,67.02,0.9853,10.5142
3,61.6,2.754,5.53,1195.9,60.91,50311,40,16,0,69.88,3.8923,11.1392
39,86.83,9.643,3.4,1879.0,78.2,34396,15,13,1,69.57,2.5822,25.5382
36,63.64,2.98,6.21,1392.6,64.75,32355,32,13,0,67.39,1.4796,10.248
44,75.68,2.281,4.82,1509.2,70.87,15453,41,3,0,70.15,1.2839,15.7012
37,60.28,2.601,6.11,1248.3,30.51,14458,91,13,0,66.14,1.3014,9.8658
33,67.74,2.572,4.14,1272.3,57.15,17694,109,0,0,70.54,2.6494,16.3623
40,57.79,2.69,5.64,1332.1,61.61,39244,23,8,0,69.38,2.0304,10.2465
40,80.35,2.204,5.44,1495.3,33.27,39422,23,8,0,69.65,2.0019,14.7702
40,68.43,0.845,7.44,1218.6,70.1,39245,23,8,0,69.62,2.0439,9.1976
4,82.56,2.696,5.57,1787.9,71.3,31865,45,1,0,72.15,1.6447,14.8223
42,74.85,3.788,2.78,1475.7,79.64,5720,63,17,1,70.99,2.3661,26.9245
48,58.45,1.097,4.41,1465.8,50.24,29796,115,7,0,71.16,3.4034,13.254
17,65.74,0.997,5.19,1580.8,45.76,49066,49,0,0,68.2,1.4891,12.6667
24,67.32,1.261,6.01,1319.9,64.03,2544,86,13,0,67.99,1.0063,11.2013
26,66.82,1.183,6.0,1382.6,58.07,11947,95,13,0,71.13,1.9016,11.1367
26,66.21,3.847,5.92,1268.8,38.8,11935,95,13,0,70.62,1.8899,11.1841
20,78.75,1.262,6.6,1394.1,34.99,24539,31,3,0,67.47,0.8878,11.9318
44,71.92,3.816,6.3,1470.8,45.12,15561,41,3,0,69.93,1.3215,11.4159
38,64.78,1.824,3.43,1559.1,48.59,28589,81,13,0,71.98,2.4165,18.8863
33,67.9,1.328,5.66,1304.6,60.49,17496,109,0,0,69.77,2.6724,11.9965
31,70.26,3.343,5.98,1653.7,69.56,8325,56,3,0,70.16,1.4251,11.7492
7,70.3,2.161,6.15,1475.1,51.72,2738,118,6,0,66.8,1.2376,11.4309
12,64.33,3.77,5.61,1389.0,70.91,32260,111,6,0,68.75,1.0107,11.467
44,66.1,2.034,5.43,1352.0,78.22,15528,41,3,0,70.07,1.2972,12.1731
44,76.45,4.651,4.63,1566.9,59.95,15653,41,3,0,70.51,1.3678,16.5119
13,59.01,2.258,5.2,1370.2,31.19,46944,72,9,0,65.01,1.1889,11.3481
23,65.77,1.95,4.41,1600.2,63.17,6648,25,12,0,68.89,2.1544,14.9138
16,71.9,2.853,6.29,1676.8,62.88,3446,83,12,0,68.19,1.7152,11.4308
16,72.64,1.648,6.32,1459.7,57.04,3045,83,12,0,68.82,1.7279,11.4937
50,67.32,2.043,5.25,1321.5,71.81,22243,21,3,0,68.09,1.6753,12.8229
35,71.98,0.923,6.51,1541.1,64.25,8173,57,10,0,73.0,1.8175,11.0568
5,91.52,2.39,2.68,2111.4,95.53,31188,49,5,1,75.03,4.0177,34.1493
23,63.79,1.737,6.81,1466.1,39.64,6346,25,12,0,69.11,2.1562,9.3671
3,49.49,1.044,5.45,1619.9,58.42,50361,40,16,0,69.29,3.8993,9.0807
28,71.09,0.97,6.01,1360.3,47.88,47790,40,2,0,71.15,2.0004,11.8286
5,69.32,1.604,5.85,1461.7,51.29,31582,49,5,0,74.88,4.0151,11.8496
8,79.02,4.986,4.48,1472.5,42.44,39937,98,4,0,68.68,3.9622,17.6384
21,60.87,2.211,4.93,1633.3,27.73,41609,7,11,0,66.33,0.9272,12.3469
43,72.22,1.323,6.75,1450.3,60.78,22078,106,18,0,73.52,3.2545,10.6993
45,74.31,2.838,5.15,1360.8,52.16,937,30,11,0,69.97,4.3936,14.4291
33,77.37,2.029,4.85,1629.1,37.07,17561,109,0,0,70.16,2.6453,15.9526
4,116.39,2.904,5.14,2175.4,80.96,31436,45,1,1,73.75,1.6407,22.644
23,68.59,1.981,6.22,1312.5,67.96,6443,25,12,0,69.39,2.1245,11.0273
39,79.86,3.293,6.21,1379.2,62.66,33946,15,13,0,70.33,2.5705,12.8599
26,81.39,2.02,5.22,1703.8,41.17,12007,95,13,0,71.04,1.843,15.592
10,72.8,2.173,5.92,1365.1,67.4,31139,81,9,0,70.57,0.897,12.2973
45,65.92,2.412,4.73,1662.8,66.09,1227,30,11,0,69.77,4.3949,13.9366
10,63.28,3.384,5.49,835.9,63.57,31234,81,9,0,69.28,0.9136,11.5264
50,75.16,1.236,4.57,1350.2,58.37,22403,21,3,0,68.83,1.7031,16.4464
33,73.35,2.72,5.25,1136.8,42.11,17435,109,0,0,70.9,2.6321,13.9714
40,54.08,2.094,5.91,1445.7,56.2,39432,23,8,0,68.4,2.0446,9.1506
45,71.53,2.545,5.01,1355.1,58.92,942,30,11,0,70.42,4.3882,14.2774
21,60.81,0.783,6.69,1514.1,59.12,41334,7,11,0,66.01,0.9278,9.0897
21,85.57,2.756,3.07,1484.0,75.99,41567,7,11,1,66.99,0.907,27.873
6,86.77,3.453,2.99,1480.5,117.92,28390,71,2,1,69.41,1.1133,29.0201
35,71.35,1.416,4.68,1450.4,46.31,8518,57,10,0,71.97,1.7038,15.2457
40,59.84,2.155,6.13,1287.6,47.55,39091,23,8,0,68.01,2.031,9.7618
28,80.09,10.476,4.12,2183.2,74.42,47739,40,2,1,71.6,2.5369,19.4393
33,72.93,2.386,5.1,1762.5,46.92,17607,109,0,0,71.49,2.6357,14.3
27,42.0,0.802,5.44,1449.2,68.28,2047,52,16,0,69.72,2.2022,7.7206
46,72.31,2.928,5.49,1362.6,66.75,11260,19,9,0,74.17,1.9173,13.1712
1,84.69,2.201,5.73,1304.2,66.91,2329,74,9,0,69.38,1.6327,14.7801
29,73.52,2.431,6.31,1439.2,33.86,37042,18,13,0,69.75,1.2713,11.6513
13,71.5,1.815,5.35,1221.1,50.03,47011,72,9,0,65.43,1.1584,13.3645
6,76.28,1.958,6.64,1265.1,48.3,28741,71,2,0,69.58,1.0247,11.488
42,78.89,2.765,5.51,1301.1,47.37,5977,63,17,0,71.4,2.3635,14.3176
38,64.44,1.079,6.77,1258.9,56.39,28380,81,13,0,71.76,2.4207,9.5185
19,63.35,2.99,5.18,1581.4,54.16,34099,75,12,0,69.61,3.1891,12.2297
9,70.64,1.271,7.06,1129.6,36.82,28627,28,7,0,69.89,2.0189,10.0057
9,99.74,3.414,5.0,1882.3,107.8,28804,28,7,1,71.19,1.8919,19.948
44,78.33,2.467,5.18,1353.6,54.0,15622,41,3,0,70.97,1.2104,15.1216
41,71.47,1.348,4.2,1453.5,53.26,16787,22,7,0,74.42,3.4895,17.0167
44,81.31,6.682,4.89,1477.6,52.28,15223,41,3,0,71.57,1.4794,16.6278
18,68.13,1.634,4.21,1603.2,62.54,32876,65,18,0,69.45,1.2615,16.1829
24,70.84,1.647,4.92,1415.8,54.51,2589,86,13,0,68.35,1.012,14.3984
36,61.76,4.495,5.66,1257.2,44.63,32263,32,13,0,67.5,1.5292,10.9117
11,77.57,3.558,7.22,1463.1,39.31,39824,84,14,0,68.31,1.9521,10.7438
7,62.29,1.375,4.27,1272.0,48.79,2718,118,6,0,66.64,1.2251,14.5878
24,80.47,2.789,3.92,1396.4,50.81,2223,86,13,0,69.3,0.9901,20.5281
47,73.02,2.024,4.98,1493.5,54.11,18083,55,7,0,70.67,1.3018,14.6627
49,58.77,1.319,7.38,1383.1,71.03,34996,62,5,0,67.7,0.9955,7.9634
35,69.07,1.306,6.88,1707.6,61.91,8278,57,10,0,72.3,1.6946,10.0392
48,59.56,2.373,6.41,1614.1,47.34,29867,115,7,0,71.18,3.3788,9.2917
41,57.99,1.347,6.77,1935.4,56.27,17084,22,7,0,73.83,3.5151,8.5657
26,65.66,1.762,5.68,1379.2,62.3,11813,95,13,0,70.97,1.853,11.5599
32,80.7,2.066,5.27,1244.8,67.74,26184,56,0,0,72.54,2.2761,15.3131
12,67.25,2.754,5.7,1280.0,53.32,32565,111,6,0,68.89,1.0111,11.7982
11,65.38,0.788,5.59,1245.0,41.64,39849,84,14,0,67.24,1.6134,11.6959
17,60.11,2.371,5.83,1258.3,57.56,48806,49,0,0,67.39,1.477,10.3105
16,94.32,2.862,5.07,1788.7,120.78,3043,83,12,1,69.65,1.7107,18.6036
46,84.94,3.556,4.83,1860.9,53.43,11082,19,9,0,74.78,1.9119,17.5859
19,71.29,1.358,4.99,1325.4,60.44,33862,75,12,0,69.91,3.2195,14.2866
12,68.57,5.157,6.22,921.6,58.63,32514,111,6,0,68.39,1.1446,11.0241
24,81.43,1.232,6.03,1709.5,64.61,2183,86,13,0,69.75,1.0121,13.5041
21,83.67,1.56,4.73,1431.0,64.67,41527,7,11,0,67.43,0.8769,17.6892
45,59.04,4.249,6.4,1477.9,67.4,1130,30,11,0,70.31,4.3422,9.225
23,75.01,2.0,4.91,1194.6,55.25,6331,25,12,0,69.73,2.1327,15.277
23,74.8,2.881,5.42,1740.9,34.16,6671,25,12,0,69.94,2.1099,13.8007
35,70.66,1.501,4.61,1763.5,29.81,8285,57,10,0,72.02,1.7121,15.3275
29,77.18,2.839,4.74,1283.8,60.2,36652,18,13,0,69.23,1.2607,16.2827
50,52.08,2.352,4.84,1641.2,57.16,22263,21,3,0,68.59,1.6715,10.7603
30,56.32,3.239,6.06,1303.8,53.56,30940,90,2,0,69.72,1.1742,9.2937
17,73.86,3.128,5.34,1324.1,62.14,49087,49,0,0,67.76,1.4033,13.8315
23,74.14,3.278,5.01,1340.1,50.13,6216,25,12,0,70.36,2.0386,14.7984
31,72.2,3.809,5.84,1588.8,62.88,8579,56,3,0,70.53,1.4336,12.363
40,64.1,1.587,4.74,1335.7,51.42,39159,23,8,0,68.09,2.0158,13.5232
15,70.64,5.063,7.12,1382.7,55.11,12882,110,16,0,73.68,1.9122,9.9213
13,80.08,5.324,5.64,1552.3,79.14,46805,72,9,0,65.71,1.3184,14.1986
46,49.13,6.201,5.78,1380.7,60.18,11369,19,9,0,71.94,1.7071,8.5
4,82.78,1.109,6.48,1372.0,34.49,31767,45,1,0,74.18,1.647,12.7747
20,60.12,2.93,3.68,1648.1,68.65,24803,31,3,0,66.99,0.8721,16.337
9,64.71,1.299,6.61,1603.3,37.31,28731,28,7,0,71.49,1.8908,9.7897
28,58.37,1.978,4.66,1167.2,63.7,48065,40,2,0,71.41,2.5373,12.5258
17,84.97,2.098,5.62,1634.5,39.49,48903,49,0,0,68.29,1.4045,15.1192
18,71.83,0.622,4.72,1411.1,76.19,33016,65,18,0,69.75,1.3033,15.2182
3,71.56,1.905,5.91,1510.4,59.1,49933,40,16,0,69.29,3.8788,12.1083
38,73.63,3.96,5.61,1677.1,51.52,28454,81,13,0,72.18,2.423,13.1248
2,57.9,2.011,5.52,1708.3,46.87,6644,88,17,0,67.13,0.9836,10.4891
21,77.1,1.219,5.25,1702.4,50.73,41424,7,11,0,67.51,0.8083,14.6857
43,83.41,1.345,5.49,1382.1,66.7,22399,106,18,0,73.43,2.8186,15.1931
36,67.57,3.933,4.47,1233.5,58.99,32428,32,13,0,67.0,1.5516,15.1163
26,70.2,1.434,5.23,1336.9,71.97,11723,95,13,0,71.39,1.8583,13.4226
1,65.3,3.118,4.69,1512.4,64.53,2596,74,9,0,69.3,1.5663,13.9232
50,74.4,2.478,5.57,1806.0,68.63,22315,21,3,0,68.41,1.6527,13.3573
44,71.2,3.809,3.89,1303.2,41.96,15326,41,3,0,71.65,1.4746,18.3033
39,65.25,0.419,5.99,1425.4,41.52,34410,15,13,0,69.09,2.0168,10.8932
47,72.25,2.324,6.68,1238.0,58.77,17758,55,7,0,70.55,1.2987,10.8159
22,63.56,2.438,4.79,1527.2,65.0,25185,35,6,0,69.69,3.908,13.2693
45,69.61,0.949,5.67,1141.3,54.2,1362,30,11,0,70.26,4.3553,12.2769
48,72.29,6.546,4.98,1460.7,66.54,29948,115,7,0,71.49,3.4035,14.5161
3,69.11,1.654,5.48,1644.3,86.85,49984,40,16,0,68.94,3.8863,12.6113
9,75.16,2.022,4.7,1589.5,67.0,28542,28,7,0,72.53,1.8763,15.9915
11,66.07,2.722,5.41,1489.3,47.37,39576,84,14,0,66.96,1.5914,12.2126
33,78.74,2.223,4.91,1310.6,51.76,17662,109,0,0,71.81,2.6323,16.0367
19,66.54,2.13,6.49,1389.5,78.38,34345,75,12,0,69.73,3.2329,10.2527
40,59.08,3.155,6.8,1767.8,61.12,39418,23,8,0,67.24,2.0157,8.6882
27,70.02,1.657,5.59,1575.4,52.33,2192,52,16,0,69.96,2.1944,12.5259
7,67.81,0.987,4.56,1182.3,45.69,2860,118,6,0,66.26,1.2253,14.8706
47,73.38,0.793,5.67,1984.1,78.29,17737,55,7,0,70.93,1.3259,12.9418
20,63.24,4.161,5.73,1623.7,54.41,24694,31,3,0,66.71,0.9326,11.0366
25,68.09,3.229,6.29,1572.0,40.36,8759,25,2,0,67.62,1.4763,10.8251
29,61.12,2.588,6.45,1717.1,67.27,37085,18,13,0,68.88,1.2412,9.476
38,68.59,3.82,6.0,1349.7,62.85,28481,81,13,0,72.16,2.3893,11.4317
17,60.06,2.623,4.85,1335.9,66.97,48719,49,0,0,67.92,1.4016,12.3835
31,55.86,4.986,5.62,1377.9,48.18,8269,56,3,0,70.34,1.4828,9.9395
31,67.43,2.873,5.27,1384.3,43.14,8457,56,3,0,70.29,1.4209,12.7951
28,70.61,1.122,5.02,1641.7,56.96,47639,40,2,0,71.46,2.5689,14.0657
30,69.5,0.671,4.67,1394.6,47.48,31027,90,2,0,69.87,1.2611,14.8822
15,66.69,3.477,4.89,1764.0,46.63,12610,110,16,0,72.97,1.9163,13.638
48,70.67,1.491,5.54,1244.2,49.77,29651,115,7,0,71.96,3.448,12.7563
36,88.18,2.197,6.08,1153.8,73.13,32682,32,13,1,67.74,1.5545,14.5033
10,70.79,1.292,5.2,1101.0,48.1,31182,81,9,0,69.54,0.9368,13.6135
7,84.23,3.26,4.65,1325.6,34.47,2816,118,6,0,67.49,1.2278,18.114
24,56.42,1.709,6.69,1493.2,84.62,2399,86,13,0,69.6,0.9789,8.4335
30,79.94,1.735,5.1,1442.5,60.38,30915,90,2,0,70.41,1.02,15.6745
8,66.18,1.356,7.05,1221.1,52.6,39509,98,4,0,68.66,3.9775,9.3872
26,62.02,1.186,4.58,1133.6,55.52,12100,95,13,0,69.74,1.7947,13.5415
40,69.89,3.168,6.49,1434.9,61.07,39177,23,8,0,67.38,2.0123,10.7689
46,64.25,2.96,5.1,1899.2,56.25,11458,19,9,0,71.3,1.6922,12.598
7,70.94,3.136,5.96,1424.2,48.11,3071,118,6,0,67.75,1.2394,11.9027
30,53.22,2.466,5.27,1220.4,36.06,30836,90,2,0,69.37,1.004,10.0987
48,72.53,2.275,6.24,1130.8,41.5,29715,115,7,0,71.95,3.4258,11.6234
1,55.05,2.166,6.18,1581.7,60.48,2708,74,9,0,68.38,1.5776,8.9078
12,54.85,3.533,6.99,1473.1,53.45,32371,111,6,0,67.8,1.1574,7.8469
30,66.76,1.292,4.96,1124.3,57.26,30708,90,2,0,69.24,1.0375,13.4597
10,107.3,5.696,4.84,2184.0,74.22,30929,81,9,1,71.06,1.1501,22.1694
27,62.66,2.024,3.91,1490.5,41.12,2152,52,16,0,69.79,2.1864,16.0256
45,64.35,1.548,5.91,1240.6,43.69,1219,30,11,0,69.87,4.3466,10.8883
26,59.43,1.54,5.48,1456.6,42.56,12085,95,13,0,69.07,1.7968,10.8449
20,85.38,4.301,5.7,1760.2,54.8,24643,31,3,0,67.46,1.0035,14.9789
11,71.4,2.649,6.74,1507.5,43.55,39641,84,14,0,66.63,1.516,10.5935
47,58.53,1.408,5.41,1444.3,44.52,18093,55,7,0,70.44,1.331,10.8189
49,62.03,2.697,5.09,1166.7,55.06,35280,62,5,0,68.1,0.9892,12.1866
5,63.89,1.014,5.66,1687.5,68.29,31430,49,5,0,73.67,2.3153,11.288
38,79.59,2.158,5.57,1288.5,55.7,28395,81,13,0,72.95,2.2753,14.289
24,80.12,0.916,6.24,1679.7,53.08,2287,86,13,0,69.19,1.0068,12.8397
17,58.13,2.799,4.56,1104.6,39.32,48877,49,0,0,67.84,1.3961,12.7478
44,59.31,2.069,6.37,1370.1,52.71,15634,41,3,0,71.49,1.4718,9.3108
37,82.89,7.028,2.72,1556.9,121.04,14489,91,13,1,66.46,1.6028,30.4743
8,74.35,1.358,6.45,1390.8,59.57,39597,98,4,0,68.9,3.9889,11.5271
50,65.32,1.165,3.45,1365.1,39.07,22494,21,3,0,68.34,1.6284,18.9333
3,75.71,1.221,5.95,1693.4,59.06,50071,40,16,0,69.76,3.9284,12.7244
44,74.88,2.987,3.86,1555.6,56.15,15432,41,3,0,71.65,1.4443,19.399
43,75.08,1.38,5.96,1501.2,57.67,22373,106,18,0,72.26,2.8132,12.5973
49,68.79,1.612,4.57,1770.1,60.05,35245,62,5,0,68.41,0.9802,15.0525
31,61.33,1.736,4.67,1595.1,54.7,8564,56,3,0,69.97,1.4323,13.1328
25,81.22,3.3,4.82,1736.4,52.66,8817,25,2,0,68.36,1.4856,16.8506
29,64.2,2.114,5.44,1161.4,63.66,36986,18,13,0,68.96,1.1649,11.8015
32,51.01,1.622,4.83,1593.7,47.72,26234,56,0,0,71.58,2.302,10.5611
44,77.12,1.419,5.18,1407.3,51.63,15570,41,3,0,72.22,1.4284,14.888
31,55.73,2.604,5.02,1406.0,50.52,8208,56,3,0,69.66,1.434,11.1016
50,85.69,6.085,6.1,1551.2,63.08,22405,21,3,0,69.07,1.7482,14.0475
39,68.71,1.528,4.55,1485.7,65.22,34412,15,13,0,68.57,1.8634,15.1011
22,88.16,2.438,5.89,1454.7,80.9,25304,35,6,0,71.26,3.9092,14.9677
46,54.66,7.48,5.54,880.3,41.23,11087,19,9,0,70.84,1.8221,9.8664
22,65.41,1.435,4.96,1546.9,53.56,25193,35,6,0,71.01,3.9146,13.1875
12,63.76,2.46,6.03,1571.6,49.85,32375,111,6,0,67.52,1.1539,10.5738
14,65.59,1.809,4.63,1531.0,52.6,32939,41,2,0,67.37,1.629,14.1663
35,75.56,0.734,6.01,1476.5,29.61,8380,57,10,0,72.38,1.7547,12.5724
20,69.11,2.326,5.57,1613.7,57.57,24930,31,3,0,67.75,1.0041,12.4075
34,64.11,1.787,7.01,1495.0,69.46,37077,12,19,0,66.94,1.0878,9.1455
42,50.71,0.636,5.35,1527.5,42.08,5813,63,17,0,70.74,2.4055,9.4785
6,72.03,1.606,5.89,1409.0,53.17,28511,71,2,0,69.91,1.0173,12.2292
49,74.03,1.848,5.14,1333.8,50.49,35051,62,5,0,68.69,0.9642,14.4027
21,59.2,2.323,4.81,1449.7,71.16,41474,7,11,0,67.22,0.7944,12.3077
24,66.56,1.43,5.31,1361.7,60.3,2546,86,13,0,69.0,1.001,12.5348
31,72.41,3.261,5.04,1211.6,62.14,8431,56,3,0,69.89,1.4129,14.3671
11,64.12,2.157,5.65,1670.3,67.97,39896,84,14,0,66.0,1.5071,11.3487
34,61.85,1.782,5.32,1358.5,56.58,37076,12,19,0,67.15,1.0905,11.6259
18,74.49,2.206,4.93,984.3,56.68,32966,65,18,0,70.08,1.2872,15.1095
44,76.31,2.248,6.43,1575.2,62.86,15443,41,3,0,72.96,1.4276,11.8678
10,76.9,1.307,6.07,1267.5,53.02,30885,81,9,0,71.61,1.1562,12.6689
38,62.89,2.969,5.39,1127.6,54.81,28611,81,13,0,72.18,2.2698,11.6679
6,42.3,2.003,5.42,1288.9,67.39,28680,71,2,0,68.45,1.0118,7.8044
4,77.37,2.254,5.01,1492.8,67.66,31811,45,1,0,74.82,1.6384,15.4431
30,73.8,1.638,5.7,1179.1,52.26,30793,90,2,0,69.93,1.0519,12.9474
25,70.66,1.921,5.67,1057.0,56.75,8893,25,2,0,68.64,1.4763,12.4621
8,60.75,0.662,6.42,1404.9,33.54,39868,98,4,0,68.84,4.0137,9.4626
8,107.22,6.252,4.71,1816.3,62.02,39681,98,4,1,70.7,4.0674,22.7643
49,65.12,2.507,5.07,1547.9,59.02,35046,62,5,0,68.94,0.9632,12.8442
12,74.22,3.185,5.44,1564.3,50.93,32532,111,6,0,68.0,1.1453,13.6434
24,72.07,1.016,6.15,1664.9,57.76,2294,86,13,0,69.08,0.9104,11.7187
29,64.66,2.208,6.31,1492.9,46.8,36924,18,13,0,68.92,1.0525,10.2472
38,56.57,1.852,5.12,1386.5,36.97,28352,81,13,0,71.47,2.2686,11.0488
4,73.6,1.528,5.61,1519.5,51.33,31687,45,1,0,74.32,1.6492,13.1194
41,75.57,1.026,5.39,1116.2,58.77,16656,22,7,0,74.29,3.5523,14.0204
34,64.01,1.093,7.71,1433.6,77.59,36789,12,19,0,66.84,1.1182,8.3022
35,53.33,1.145,4.35,1392.9,37.38,8158,57,10,0,71.68,1.7656,12.2598
33,66.17,1.495,5.97,1348.2,46.36,17655,109,0,0,71.63,2.6481,11.0838
6,72.06,2.756,5.52,1514.0,50.77,28790,71,2,0,68.11,0.9987,13.0543
39,57.61,1.821,5.42,1099.7,67.51,34329,15,13,0,68.57,1.8577,10.6292
22,79.1,3.789,4.4,1495.3,54.69,24991,35,6,0,71.56,3.9116,17.9773
42,75.94,3.352,5.25,1636.2,65.81,5890,63,17,0,70.43,2.4072,14.4648
20,71.76,6.754,6.22,1857.6,39.37,24920,31,3,0,68.15,1.3043,11.537
48,61.19,1.098,6.04,1177.6,55.25,29895,115,7,0,71.53,3.4492,10.1308
20,66.81,2.851,6.26,1418.0,60.75,24860,31,3,0,68.01,1.2759,10.6725
43,98.31,2.675,2.6,1419.5,74.51,22412,106,18,1,73.6,2.8058,37.8115
4,56.26,1.404,6.82,1302.1,33.2,31469,45,1,0,73.6,1.6562,8.2493
8,77.38,2.499,7.51,1398.7,53.39,39709,98,4,0,70.03,1.5855,10.3036
23,78.13,2.603,5.18,1180.9,49.39,6349,25,12,0,71.26,1.9931,15.083
27,65.9,3.117,5.03,1256.5,52.17,2213,52,16,0,69.76,2.1864,13.1014
39,71.2,1.769,5.5,1028.7,44.76,34389,15,13,0,68.8,1.8495,12.9455
2,61.85,1.594,7.76,1423.8,67.25,6872,88,17,0,67.05,0.9717,7.9704
5,73.65,2.832,5.15,1381.2,61.4,31314,49,5,0,73.87,2.3151,14.301
3,82.32,3.327,5.38,1271.1,60.62,50043,40,16,0,69.26,3.8095,15.3011
29,57.62,2.291,4.51,1558.8,42.42,36965,18,13,0,68.59,1.0169,12.7761
1,59.32,1.662,4.51,1338.2,54.86,2705,74,9,0,67.9,1.6033,13.153
34,63.45,3.895,6.08,1273.4,65.39,36994,12,19,0,66.45,1.1616,10.4359
44,69.13,2.784,3.79,1539.5,64.64,15451,41,3,0,71.62,1.2339,18.2401
36,70.91,1.918,5.82,1432.7,39.4,32571,32,13,0,68.13,1.558,12.1838
11,69.74,3.233,5.35,1332.6,41.43,39616,84,14,0,66.45,1.4465,13.0355
24,63.12,1.799,5.36,1392.4,63.34,2280,86,13,0,69.16,0.9107,11.7761
25,73.55,3.598,3.84,1207.3,54.16,8743,25,2,0,69.13,1.4792,19.1536
2,66.57,2.46,5.88,1631.0,58.32,6994,88,17,0,66.94,0.9306,11.3214
9,81.12,5.251,7.21,1385.4,63.39,28511,28,7,0,72.83,1.8071,11.251
23,55.95,4.186,5.9,1216.6,25.42,6228,25,12,0,70.88,1.9994,9.4831
34,68.72,1.264,4.34,1778.4,39.96,36990,12,19,0,66.72,1.1844,15.8341
18,75.41,1.966,5.17,1318.9,30.83,32830,65,18,0,70.41,1.2766,14.5861
40,77.53,0.815,6.22,1641.9,48.31,39134,23,8,0,68.06,2.0539,12.4646
28,75.53,1.068,6.12,1578.5,46.41,48084,40,2,0,71.78,2.5983,12.3415
35,82.03,0.811,5.55,1195.6,68.87,8509,57,10,0,71.56,1.698,14.7802
24,66.61,1.056,6.03,1280.9,63.61,2381,86,13,0,68.96,0.6702,11.0464
25,66.45,4.551,6.44,1214.3,55.13,8804,25,2,0,68.99,1.2376,10.3183
2,54.29,2.504,4.94,1401.9,27.12,6944,88,17,0,65.97,0.9176,10.9899
33,41.54,3.399,5.85,1678.3,77.92,17522,109,0,0,70.87,2.6263,7.1009
43,72.5,5.679,5.35,1357.2,50.47,22195,106,18,0,73.98,2.8516,13.5514
22,61.76,1.291,5.03,1119.0,65.88,25144,35,6,0,71.25,3.9071,12.2783
5,97.42,3.218,2.17,1056.0,103.07,31457,49,5,1,75.03,2.3131,44.894
27,72.05,1.969,6.29,1428.9,63.29,2131,52,16,0,69.7,2.1709,11.4547
1,91.24,6.107,3.74,1820.1,92.85,2544,74,9,1,68.96,1.6494,24.3957
9,58.27,1.287,4.61,1315.5,62.65,28559,28,7,0,72.68,1.8432,12.6399
33,73.72,2.739,5.73,1680.7,57.49,17823,109,0,0,71.06,2.6172,12.8656
5,60.97,2.394,4.27,1404.4,56.66,31529,49,5,0,74.06,2.2861,14.2787
47,71.17,3.34,4.75,1106.1,51.48,17999,55,7,0,70.09,1.3438,14.9832
24,54.95,2.008,4.49,1700.4,39.7,2359,86,13,0,68.2,0.6329,12.2383
13,78.18,3.003,5.65,1436.0,59.48,46726,72,9,0,66.13,1.3248,13.8372
39,73.78,1.752,4.58,1193.7,56.11,34290,15,13,0,68.87,1.8511,16.1092
33,73.33,1.312,4.62,1220.4,45.67,17404,109,0,0,71.41,2.6259,15.8723
11,72.83,2.595,6.91,1328.4,75.27,39824,84,14,0,66.12,1.4469,10.5398
27,66.15,4.604,5.6,1311.7,53.3,2195,52,16,0,68.91,2.1918,11.8125
31,102.02,9.885,2.81,1481.4,98.39,8426,56,3,1,71.07,1.9349,36.306
4,64.97,2.251,5.25,1223.0,49.89,31808,45,1,0,73.5,1.6454,12.3752
11,65.02,2.825,5.15,1338.9,74.21,40009,84,14,0,65.71,1.4458,12.6252
48,66.65,2.583,5.76,1268.5,49.92,29767,115,7,0,70.73,3.441,11.5712
33,79.2,2.391,5.26,1560.0,58.63,17675,109,0,0,71.35,2.6197,15.057
38,78.28,5.046,3.89,1685.4,91.07,28136,81,13,1,69.61,1.7924,20.1234
32,79.47,1.314,4.51,1570.4,35.83,25972,56,0,0,71.98,2.3145,17.6208
1,51.73,2.703,5.69,1205.8,55.19,2673,74,9,0,68.5,1.6506,9.0914
6,69.67,1.385,5.83,1285.3,43.87,28739,71,2,0,67.52,1.0218,11.9503
41,68.22,1.984,6.16,1416.1,39.14,16650,22,7,0,73.9,3.5618,11.0747
33,75.49,3.208,5.23,1228.8,63.63,17872,109,0,0,71.78,2.5932,14.434
15,72.38,4.019,5.65,1267.6,59.58,12742,110,16,0,72.91,1.8944,12.8106
15,77.93,3.084,4.72,1419.1,62.85,12749,110,16,0,73.4,1.8573,16.5106
37,72.31,4.285,6.07,1461.4,55.32,14607,91,13,0,67.01,1.6182,11.9127
42,54.53,4.64,5.21,1281.3,67.24,6000,63,17,0,70.23,2.4031,10.4664
26,57.5,5.259,4.67,1497.0,70.23,11878,95,13,0,68.48,1.886,12.3126
36,63.74,1.666,4.4,1669.0,64.75,32443,32,13,0,68.57,1.5488,14.4864
7,54.82,1.71,5.35,1362.4,44.33,2869,118,6,0,67.1,1.242,10.2467
35,63.48,2.549,5.73,1479.5,53.74,8339,57,10,0,71.11,1.4813,11.0785
6,78.73,2.165,4.5,1984.6,91.13,28419,71,2,1,68.01,1.022,17.4956
32,68.94,2.421,5.38,1296.9,83.38,26157,56,0,0,71.83,2.259,12.8141
38,70.37,5.75,5.22,1431.4,56.69,28226,81,13,0,69.32,1.8738,13.4808
49,65.58,3.301,5.74,1276.5,49.52,34987,62,5,0,69.27,0.9783,11.4251
50,64.8,1.699,5.1,1534.9,54.01,22530,21,3,0,69.28,1.7463,12.7059
48,62.53,1.548,6.44,1461.0,39.66,30005,115,7,0,70.55,3.2982,9.7096
26,70.27,1.556,4.79,1514.6,55.41,11726,95,13,0,68.26,1.8787,14.6701
48,49.61,1.481,5.38,1344.6,69.45,30019,115,7,0,68.61,3.2327,9.2212
28,71.89,1.646,4.57,1692.9,68.72,47714,40,2,0,71.8,2.6106,15.7309
15,74.58,2.439,5.12,1522.0,49.84,12516,110,16,0,73.04,1.8466,14.5664
4,61.37,1.675,6.21,1794.3,79.75,31717,45,1,0,73.25,1.6453,9.8824
25,58.12,2.986,5.66,1733.3,59.11,9194,25,2,0,68.33,1.181,10.2686
41,75.93,1.334,5.11,1312.3,47.91,17051,22,7,0,72.96,3.5246,14.8591
18,59.16,2.367,5.21,1609.7,41.11,32893,65,18,0,69.46,1.2663,11.3551
40,68.39,5.149,6.5,1335.1,42.81,39394,23,8,0,67.91,2.0737,10.5215
5,60.09,1.347,4.86,1532.6,66.14,31212,49,5,0,73.24,2.2814,12.3642
44,75.86,2.827,6.86,1347.1,40.58,15554,41,3,0,72.14,1.2335,11.0583
5,78.15,3.587,6.15,1655.3,59.82,31601,49,5,0,73.66,2.2549,12.7073
47,77.15,1.183,5.66,1280.2,73.83,17729,55,7,0,70.68,1.3506,13.6307
49,71.19,3.898,7.57,1414.4,24.78,34915,62,5,0,69.24,1.0313,9.4042
23,63.79,2.283,5.17,1518.1,53.39,6679,25,12,0,70.5,1.7271,12.3385
36,66.39,6.139,6.73,1552.2,72.71,32708,32,13,0,68.74,1.6863,9.8648
24,72.2,2.849,5.77,1299.4,33.49,2302,86,13,0,68.27,0.6692,12.513
21,59.16,1.813,5.36,1251.0,62.47,41271,7,11,0,66.99,0.7795,11.0373
46,60.43,1.26,5.16,1494.0,71.25,11308,19,9,0,71.17,1.8368,11.7112
17,65.21,0.69,6.09,1514.4,57.11,48790,49,0,0,68.22,1.4038,10.7077
21,69.96,3.018,5.61,1049.0,56.01,41479,7,11,0,67.45,0.7782,12.4706
10,69.45,1.645,6.17,1270.1,53.24,30957,81,9,0,71.75,1.1568,11.2561
23,92.77,2.839,6.28,1441.1,48.75,6427,25,12,0,70.94,1.629,14.7723
24,78.24,0.85,4.85,1050.5,53.1,2557,86,13,0,68.36,0.6607,16.132
27,74.62,6.315,2.36,1317.5,78.52,2181,52,16,1,69.54,2.2759,31.6186
15,92.02,8.802,4.89,1603.5,95.9,12807,110,16,1,74.29,2.1954,18.818
8,68.35,4.108,6.13,1303.6,53.67,39713,98,4,0,68.86,1.4434,11.1501
23,84.65,8.329,5.99,1716.8,83.38,6191,25,12,1,72.16,1.9359,14.1319
23,71.66,3.33,6.13,1229.6,33.63,6607,25,12,0,71.54,1.6419,11.69
25,57.72,1.594,5.56,1739.5,49.95,8903,25,2,0,67.91,1.1805,10.3813
18,75.67,2.13,5.06,1343.2,50.39,32810,65,18,0,69.49,1.2482,14.9545
10,72.5,2.079,5.21,1298.1,66.42,31322,81,9,0,71.92,1.1525,13.9155
15,106.12,4.006,2.84,1522.4,93.66,12591,110,16,1,75.97,2.1647,37.3662
16,60.9,1.592,5.29,1364.5,63.39,3393,83,12,0,69.46,1.6696,11.5123
22,69.94,1.616,6.25,1890.2,63.11,25144,35,6,0,71.58,3.9051,11.1904
24,88.96,8.912,4.47,1965.9,78.06,2384,86,13,1,69.5,1.6047,19.9016
13,71.69,2.238,5.25,1338.2,52.35,47068,72,9,0,66.32,1.2836,13.6552
15,61.04,3.318,4.41,1841.5,61.57,12564,110,16,0,75.13,2.144,13.8413
31,65.72,4.118,5.64,1717.6,60.59,8586,56,3,0,69.31,1.7779,11.6525
47,61.14,1.737,5.58,1487.1,60.93,18101,55,7,0,70.79,1.3321,10.957
41,64.09,2.192,6.93,1874.5,57.29,16817,22,7,0,72.71,3.5171,9.2482
43,68.9,3.266,5.48,1650.8,58.73,22021,106,18,0,74.64,2.8516,12.573
19,69.99,1.076,5.08,2199.1,55.72,34170,75,12,0,69.38,3.2652,13.7776
17,75.73,2.556,5.42,1320.7,47.65,48868,49,0,0,68.47,1.4014,13.9723
19,73.14,1.441,4.64,1242.8,49.49,34114,75,12,0,68.0,3.2256,15.7629
16,55.1,2.117,4.71,1396.0,41.74,3185,83,12,0,68.38,1.6698,11.6985
44,57.07,6.309,5.87,1532.6,35.51,15242,41,3,0,71.65,1.4272,9.7223
28,63.68,1.774,5.34,1275.2,55.29,47744,40,2,0,71.67,2.6104,11.9251
13,75.31,2.484,5.79,1445.9,56.76,46979,72,9,0,66.71,1.2823,13.0069
44,77.72,2.927,5.54,1715.7,41.93,15334,41,3,0,72.72,1.3983,14.0289
48,75.02,1.866,5.3,1785.0,38.67,29566,115,7,0,69.37,3.2396,14.1547
48,65.52,2.359,5.22,1609.5,41.93,29659,115,7,0,68.97,3.2278,12.5517
46,71.31,1.196,5.27,1512.4,71.44,11094,19,9,0,71.26,1.8328,13.5313
34,70.92,3.66,4.43,1191.2,58.38,37175,12,19,0,67.19,1.213,16.009
14,78.92,3.34,4.8,1804.4,61.77,33106,41,2,0,67.63,1.5301,16.4417
15,64.59,3.392,5.52,1645.3,41.73,12763,110,16,0,73.98,1.9135,11.7011
25,61.34,2.194,5.48,1407.3,28.01,8868,25,2,0,67.38,1.1807,11.1934
39,72.22,3.094,5.7,1223.2,59.9,34344,15,13,0,68.79,1.842,12.6702
33,80.79,1.705,4.66,1548.7,29.47,17672,109,0,0,72.19,2.6089,17.3369
30,61.69,4.663,5.69,1708.2,42.63,30684,90,2,0,69.37,1.112,10.8418
23,62.93,2.714,5.37,1453.7,76.65,6541,25,12,0,71.12,1.6396,11.7188
31,60.27,1.643,4.93,1680.2,35.48,8491,56,3,0,69.18,1.8078,12.2252
42,60.72,4.963,5.44,1742.5,56.13,5600,63,17,0,70.3,2.4345,11.1618
13,59.26,2.594,6.68,1266.3,43.98,47139,72,9,0,66.5,1.2587,8.8713
12,88.16,3.001,5.35,1491.4,95.82,32530,111,6,1,68.48,1.0814,16.4785
30,74.61,2.877,7.2,1546.2,60.66,30929,90,2,0,69.31,1.0871,10.3625
49,69.22,12.333,2.35,1839.8,61.56,34901,62,5,1,69.21,2.2805,29.4553
5,72.52,2.01,8.08,1605.3,49.66,31315,49,5,0,73.45,2.2698,8.9752
38,64.44,2.126,6.79,1422.3,79.11,28194,81,13,0,69.38,1.8654,9.4904
35,66.81,1.366,4.76,1288.2,55.56,8201,57,10,0,71.02,1.3088,14.0357
9,65.27,2.696,5.45,1627.6,69.18,28918,28,7,0,72.0,1.791,11.9761
48,64.48,1.886,4.97,1864.1,85.99,29929,115,7,0,68.89,3.2425,12.9738
44,72.69,3.992,6.05,1257.3,46.43,15579,41,3,0,71.19,1.4173,12.0149
26,68.35,3.62,5.78,1084.7,56.41,11938,95,13,0,68.39,1.8892,11.8253
42,64.86,4.321,5.53,1409.8,31.47,5721,63,17,0,70.85,2.4405,11.7288
40,55.06,2.822,5.84,1593.6,73.25,39291,23,8,0,67.34,2.0657,9.4281
39,65.32,2.566,5.45,1784.6,48.8,34073,15,13,0,68.69,1.8408,11.9853
1,65.55,2.605,5.38,1468.3,29.27,2425,74,9,0,68.36,1.6425,12.184
4,79.36,2.886,5.47,1297.5,35.98,31810,45,1,0,73.62,1.6466,14.5082
39,67.25,3.9,5.74,1547.3,61.17,34215,15,13,0,68.06,1.8575,11.716
21,79.57,2.248,4.74,1346.4,58.9,41221,7,11,0,68.25,0.7626,16.7869
22,75.4,4.32,4.6,1318.8,53.81,25139,35,6,0,69.72,1.1793,16.3913
36,71.16,2.648,5.11,1322.8,49.78,32647,32,13,0,67.57,1.4506,13.9256
40,77.56,2.351,5.99,1535.8,62.14,39056,23,8,0,67.43,2.0454,12.9482
2,61.98,1.386,3.28,1329.2,68.14,6839,88,17,0,65.36,0.927,18.8963
20,65.4,1.314,3.87,1438.0,50.79,24608,31,3,0,67.69,1.3107,16.8992
4,69.17,2.328,5.32,1547.9,33.15,31615,45,1,0,73.63,1.5977,13.0019
16,70.45,2.201,4.99,1474.6,60.74,3121,83,12,0,68.63,1.652,14.1182
44,67.2,3.27,6.28,1298.9,42.74,15242,41,3,0,71.4,1.3814,10.7006
34,68.23,4.022,6.22,1431.0,38.08,36947,12,19,0,67.24,1.2521,10.9695
40,76.89,3.851,5.78,1474.3,51.28,39325,23,8,0,67.82,2.051,13.3028
22,67.84,2.952,6.15,1490.1,51.41,24975,35,6,0,69.04,1.1707,11.0309
42,61.29,2.113,5.77,1415.4,61.87,5598,63,17,0,70.25,2.4465,10.6222
13,68.37,2.566,4.48,1469.9,44.04,47021,72,9,0,65.99,1.1286,15.2612
40,89.17,5.954,4.67,1729.0,69.32,39477,23,8,1,68.33,2.125,19.0942
35,68.6,3.195,4.5,1193.7,61.5,8320,57,10,0,70.83,1.3205,15.2444
36,72.54,1.694,4.95,1513.4,54.18,32684,32,13,0,67.58,1.4247,14.6545
31,63.73,0.855,5.99,1400.9,74.41,8223,56,3,0,68.9,1.8094,10.6394
47,95.12,10.395,3.35,2216.5,84.45,17819,55,7,1,71.64,2.1218,28.394
46,80.38,2.206,4.85,1714.3,56.95,11043,19,9,0,71.65,1.8491,16.5732
32,78.2,1.571,5.01,1500.1,55.95,26079,56,0,0,72.3,2.2726,15.6088
34,69.14,3.246,5.83,1408.8,31.74,36847,12,19,0,67.04,1.1578,11.8593
23,75.51,4.426,5.31,1054.9,54.26,6583,25,12,0,71.53,1.4767,14.2203
21,88.93,2.951,5.48,1279.4,89.81,41318,7,11,1,68.84,0.776,16.2281
42,62.63,0.799,5.19,1545.1,78.27,5672,63,17,0,69.88,2.49,12.0674
38,70.97,2.909,5.11,1526.8,82.92,28232,81,13,0,70.42,1.8552,13.8885
2,69.16,3.195,4.38,1449.6,58.29,6881,88,17,0,65.28,0.9413,15.79
20,66.92,1.211,5.72,1396.1,54.38,24758,31,3,0,67.6,1.3282,11.6993
42,60.96,1.867,5.49,1242.3,36.02,5944,63,17,0,69.83,2.5011,11.1038
6,69.45,1.149,5.1,1152.1,62.07,28588,71,2,0,67.93,1.0558,13.6176
17,67.98,2.711,5.49,1228.8,66.78,49133,49,0,0,68.64,1.3879,12.3825
7,62.59,1.205,7.37,1661.7,71.71,3040,118,6,0,66.71,1.2493,8.4925
1,66.07,3.65,7.06,1559.8,20.87,2335,74,9,0,68.1,1.6313,9.3584
31,78.4,5.989,5.38,1611.9,36.82,8267,56,3,0,69.14,1.9053,14.5725
33,62.51,3.859,5.3,1462.1,48.74,17710,109,0,0,72.15,2.6121,11.7943
11,69.8,6.116,5.95,1421.2,49.84,39849,84,14,0,66.07,1.552,11.7311
17,70.0,0.995,5.62,1773.1,51.14,48971,49,0,0,69.31,1.4197,12.4555
49,64.44,2.455,5.09,1379.4,63.16,35025,62,5,0,69.06,2.2809,12.6601
44,76.35,1.352,5.1,1771.1,55.34,15232,41,3,0,72.07,1.4019,14.9706
26,68.65,1.618,4.89,1714.8,36.06,12070,95,13,0,68.32,1.898,14.0389
23,67.89,1.323,5.25,1575.4,64.62,6307,25,12,0,71.74,1.5077,12.9314
26,76.91,4.51,6.06,1677.7,67.88,12193,95,13,0,68.42,1.9369,12.6914
38,116.01,8.736,3.79,1364.8,81.63,28417,81,13,1,71.47,2.1684,30.6095
27,80.67,2.48,6.2,1231.6,46.89,2013,52,16,0,69.16,1.9542,13.0113
23,53.09,2.935,7.06,1387.3,45.65,6654,25,12,0,71.03,1.5059,7.5198
32,69.6,3.235,5.06,1239.3,52.55,25871,56,0,0,72.59,2.2694,13.7549
13,77.4,2.873,5.34,1746.0,51.66,47047,72,9,0,66.22,1.1316,14.4944
13,71.34,2.902,5.43,1473.2,64.95,47055,72,9,0,66.34,1.134,13.1381
5,59.21,2.466,6.55,1384.8,57.68,31479,49,5,0,73.01,2.2643,9.0397
23,72.9,1.375,6.69,1403.1,44.11,6254,25,12,0,71.42,1.5042,10.8969
42,70.69,3.567,7.27,1409.5,58.21,5839,63,17,0,70.45,2.4805,9.7235
18,79.1,4.811,4.32,1528.2,61.81,33002,65,18,1,70.11,1.3245,18.3102
41,57.09,3.698,4.91,1487.1,50.06,17056,22,7,0,71.54,3.5037,11.6273
32,52.41,3.873,4.46,1231.6,62.71,25874,56,0,0,72.24,2.2703,11.7511
47,61.5,2.126,5.05,1663.6,44.39,17817,55,7,0,71.12,2.1138,12.1782
41,74.71,2.406,4.97,1617.7,69.27,16745,22,7,0,70.26,1.3794,15.0322
48,82.36,1.712,4.66,1187.5,59.87,29848,115,7,0,68.84,2.5514,17.6738
38,66.89,1.479,5.19,1268.4,60.6,28224,81,13,0,71.24,2.1724,12.8882
21,64.09,3.083,4.0,1188.0,55.24,41429,7,11,0,68.68,0.7974,16.0225
42,87.87,1.582,5.33,1267.7,37.55,5828,63,17,0,70.66,2.4984,16.4859
44,60.25,1.379,5.88,1310.7,52.32,15198,41,3,0,71.29,1.3956,10.2466
29,72.31,1.493,3.59,1656.9,29.18,36876,18,13,0,68.61,1.0307,20.1421
3,77.13,6.053,5.01,1285.2,40.13,50327,40,16,0,68.84,2.3962,15.3952
41,47.08,3.736,5.75,1444.6,60.44,16886,22,7,0,68.78,1.3776,8.1878
26,57.2,4.707,4.67,1243.6,65.37,12047,95,13,0,67.54,1.4889,12.2484
50,67.53,6.669,6.06,1204.5,60.2,22135,21,3,0,69.31,1.8705,11.1436
10,51.99,1.764,4.87,1742.1,47.45,30892,81,9,0,71.63,1.1556,10.6756
44,66.2,3.245,4.88,1709.6,54.01,15363,41,3,0,70.69,1.3949,13.5656
3,66.15,2.309,5.55,1588.4,33.49,50336,40,16,0,68.91,2.3965,11.9189
18,68.83,4.101,5.45,1468.0,46.18,33020,65,18,0,70.54,1.3615,12.6294
33,65.86,3.634,3.37,1463.5,65.16,17529,109,0,0,72.11,2.582,19.543
12,67.01,3.509,4.22,1449.1,77.31,32456,111,6,0,68.17,1.0744,15.8791
50,70.18,3.109,3.88,1333.2,64.83,22100,21,3,0,70.08,1.855,18.0876
33,79.81,3.055,5.16,1515.1,45.56,17783,109,0,0,72.35,2.5598,15.4671
27,70.32,1.415,4.89,1413.2,70.54,2305,52,16,0,69.94,1.9257,14.3804
4,79.48,2.251,3.39,1968.7,88.78,31621,45,1,1,74.07,1.5949,23.4454
27,67.65,2.733,6.28,1708.7,71.75,2046,52,16,0,69.95,1.8577,10.7723
34,63.53,2.29,5.65,1804.0,55.61,36833,12,19,0,66.93,1.0309,11.2442
28,83.84,3.107,5.38,1575.4,40.44,47897,40,2,0,72.66,2.5885,15.5836
1,70.09,1.149,5.54,1624.8,41.99,2718,74,9,0,68.02,1.6676,12.6516
36,77.67,3.497,5.29,1499.9,42.65,32428,32,13,0,67.74,1.4065,14.6824
29,61.86,1.604,4.5,1306.5,71.53,36769,18,13,0,68.69,1.0456,13.7467
14,67.21,1.022,5.09,1244.4,53.67,32912,41,2,0,67.63,1.565,13.2043
46,60.08,2.034,5.2,1395.3,61.82,11090,19,9,0,70.65,1.8679,11.5538
26,73.14,1.659,6.13,1526.0,33.06,12181,95,13,0,67.58,1.4562,11.9315
2,61.92,1.797,5.35,1296.1,67.5,6960,88,17,0,64.94,0.9206,11.5738
17,55.8,5.594,5.21,1999.8,72.89,49170,49,0,0,68.85,1.5562,10.7102
37,58.01,1.375,6.47,1558.9,66.24,14475,91,13,0,66.97,1.5091,8.966
24,68.77,1.984,4.73,1432.3,55.9,2382,86,13,0,69.85,1.6014,14.5391
23,62.65,3.048,5.6,1439.8,59.68,6348,25,12,0,70.89,1.4832,11.1875
45,97.59,3.209,3.4,1893.9,45.15,1152,30,11,1,70.92,4.3431,28.7029
24,63.51,3.978,5.99,1479.5,57.21,2264,86,13,0,69.59,1.6451,10.6027
27,65.06,5.212,5.33,1473.4,82.46,2153,52,16,0,70.19,1.8969,12.2064
32,99.71,9.969,0.5,807.5,59.46,26238,56,0,1,73.67,2.6251,199.42
4,78.54,3.689,5.76,928.0,49.95,31875,45,1,0,73.95,1.2413,13.6354
40,70.15,2.361,5.26,1263.6,57.43,39077,23,8,0,68.37,2.1055,13.3365
24,80.9,1.291,4.19,1441.0,40.19,2351,86,13,0,70.4,1.6537,19.3079
49,66.71,3.178,5.9,1614.5,63.61,35182,62,5,0,68.92,2.282,11.3068
5,68.2,3.13,5.47,1572.9,73.82,31425,49,5,0,73.24,2.2432,12.468
30,51.4,1.668,5.75,1413.3,36.18,30837,90,2,0,68.33,1.0879,8.9391
12,85.82,7.504,4.07,1471.2,76.68,32663,111,6,1,68.72,1.3773,21.086
43,62.22,1.637,5.85,1352.7,68.07,22368,106,18,0,74.27,2.8158,10.6359
48,86.58,4.877,3.48,1146.6,78.21,29834,115,7,1,70.28,2.4769,24.8793
42,74.13,1.987,5.17,1534.3,59.57,5721,63,17,0,70.44,2.503,14.3385
35,73.04,1.761,5.78,1495.7,54.52,8465,57,10,0,71.64,1.3145,12.6367
33,68.14,0.958,5.94,1272.4,48.92,17533,109,0,0,72.15,2.5889,11.4714
6,65.37,1.291,5.84,1664.1,60.75,28533,71,2,0,68.21,1.0282,11.1935
29,67.44,2.026,5.56,1782.5,56.0,36953,18,13,0,69.19,1.0483,12.1295
17,99.84,6.195,4.03,1556.6,103.0,48881,49,0,1,69.69,1.7164,24.7742
9,84.9,2.431,6.41,1491.7,64.54,28553,28,7,0,72.67,1.7937,13.2449
12,60.19,4.424,4.91,1529.4,44.99,32391,111,6,0,68.15,1.3814,12.2587
47,74.4,1.904,4.39,1858.3,60.68,17694,55,7,0,71.6,2.1027,16.9476
9,68.81,1.904,5.96,1273.5,40.07,28521,28,7,0,72.9,1.8118,11.5453
12,68.09,1.989,5.48,1254.4,52.83,32272,111,6,0,67.58,1.3838,12.4252
48,62.55,4.811,5.87,1125.4,47.73,29973,115,7,0,69.69,2.4933,10.6559
9,97.84,8.001,5.1,1385.2,96.6,28876,28,7,1,73.33,2.061,19.1843
40,73.76,1.126,5.84,1399.8,63.07,39422,23,8,0,68.95,2.1385,12.6301
2,72.3,3.549,4.84,1519.8,50.78,6832,88,17,0,64.92,0.9198,14.938
11,66.48,1.042,4.53,1956.5,57.37,39553,84,14,0,66.18,1.6041,14.6755
23,69.74,3.011,1.26,1768.6,86.22,6629,25,12,1,70.83,1.4813,55.3492
47,67.51,3.032,6.19,1132.2,58.82,17841,55,7,0,71.87,2.0854,10.9063
16,79.07,1.653,5.03,1600.7,60.04,3372,83,12,0,68.8,1.6285,15.7197
18,66.41,1.615,5.85,1512.1,50.26,33203,65,18,0,69.97,1.369,11.3521
1,75.65,2.387,5.93,1074.3,55.1,2340,74,9,0,68.13,1.642,12.7572
22,71.91,1.693,5.38,1561.4,33.27,25258,35,6,0,69.65,1.1701,13.3662
11,72.08,4.495,6.46,1453.6,57.35,39583,84,14,0,66.51,1.6175,11.1579
45,73.57,1.901,5.37,1618.5,47.56,1019,30,11,0,71.66,4.3352,13.7002
12,69.2,3.533,5.81,1436.8,54.57,32436,111,6,0,68.11,1.3791,11.9105
38,90.27,4.099,4.12,1731.5,73.18,28489,81,13,1,72.15,2.1356,21.9102
37,74.63,2.626,5.21,1745.6,43.95,14726,91,13,0,67.37,1.5091,14.3244
45,58.38,5.92,5.62,1281.5,54.7,906,30,11,0,70.93,4.3216,10.3879
43,106.33,5.084,3.53,1805.8,86.96,22102,106,18,1,76.19,2.826,30.1218
27,86.08,5.095,3.74,1800.1,79.43,1962,52,16,1,70.84,1.8168,23.016
42,65.86,0.827,6.16,1894.4,33.7,5733,63,17,0,70.03,2.5308,10.6916
27,87.8,1.466,4.39,1485.1,80.41,2157,52,16,0,71.45,1.8127,20.0
34,69.22,1.547,4.76,1519.4,67.49,36817,12,19,0,67.41,0.9653,14.542
11,75.23,2.451,5.88,1304.5,72.87,39764,84,14,0,66.76,1.6232,12.7942
35,87.53,1.41,6.59,1443.8,87.01,8069,57,10,0,72.4,1.3177,13.2822
22,57.45,1.229,4.26,1109.2,58.32,24973,35,6,0,68.72,1.1724,13.4859
12,67.76,0.862,6.35,1646.4,36.55,32329,111,6,0,67.53,1.4464,10.6709
25,83.46,2.278,5.96,1108.0,55.67,8897,25,2,0,67.56,1.1813,14.0034
19,59.67,2.573,5.59,1652.2,53.96,34308,75,12,0,67.87,3.1893,10.6744
18,65.81,0.774,6.39,1543.3,77.83,33140,65,18,0,69.7,1.3837,10.2989
18,62.16,2.299,5.63,1583.2,50.55,33075,65,18,0,69.28,1.3732,11.0409
24,65.56,1.946,5.38,1560.9,57.62,2289,86,13,0,70.39,1.6269,12.1859
22,61.7,1.286,4.69,1640.8,58.56,25057,35,6,0,68.23,1.1837,13.1557
43,78.89,2.084,6.73,1422.3,57.69,22484,106,18,0,75.38,2.604,11.7221
7,66.06,1.944,6.25,1413.5,52.55,2818,118,6,0,66.76,1.2483,10.5696
27,66.74,5.122,5.64,1615.5,46.47,1913,52,16,0,71.68,1.7873,11.8333
19,74.59,3.137,5.07,1403.7,60.07,33959,75,12,0,68.33,3.175,14.712
22,56.1,3.322,6.58,1398.1,76.74,24966,35,6,0,67.54,1.1932,8.5258
29,72.0,1.405,6.08,1418.9,57.01,37083,18,13,0,69.37,1.0671,11.8421
19,82.61,2.055,4.94,1160.1,67.65,34264,75,12,0,68.89,3.1852,16.7227
21,67.48,4.84,4.23,979.5,54.17,41325,7,11,0,69.08,0.9607,15.9527
34,59.03,0.809,5.01,1608.0,75.92,36924,12,19,0,67.11,1.0034,11.7824
16,77.27,3.643,6.05,1193.6,44.95,3468,83,12,0,69.02,1.5832,12.7719
2,62.69,1.959,3.36,1271.3,44.84,6647,88,17,0,64.46,0.8824,18.6577
14,91.27,5.629,4.62,2069.6,106.83,33238,41,2,1,68.64,1.6817,19.7554
27,69.65,0.994,5.3,1299.7,54.1,2098,52,16,0,71.46,1.8269,13.1415
31,55.15,1.452,5.38,1642.5,40.58,8357,56,3,0,68.68,1.9343,10.2509
14,67.37,2.664,5.5,1409.1,35.52,32790,41,2,0,68.91,1.6539,12.2491
44,75.07,2.977,6.72,1664.5,45.75,15265,41,3,0,71.19,1.3854,11.1711
31,72.9,0.943,4.44,1367.6,58.77,8592,56,3,0,68.68,1.9836,16.4189
24,74.39,5.049,3.55,1565.8,52.39,2278,86,13,0,70.7,1.7266,20.9549
10,75.5,1.493,7.85,1389.4,55.71,31009,81,9,0,72.33,1.1713,9.6178
28,107.01,5.831,3.49,1752.1,101.22,48112,40,2,1,74.44,2.6436,30.6619
34,55.97,2.064,5.93,1422.2,70.99,36804,12,19,0,66.96,1.005,9.4384
32,79.26,1.164,5.12,1474.3,58.29,26112,56,0,0,74.34,2.6389,15.4805
2,63.72,3.094,5.78,1544.5,52.86,7032,88,17,0,64.33,0.861,11.0242
30,60.87,7.199,4.75,1876.3,56.87,30847,90,2,0,68.21,1.4154,12.8147
11,72.16,2.796,4.21,1596.9,39.71,39578,84,14,0,66.93,1.6153,17.1401
4,69.73,1.95,5.66,1685.7,47.37,31674,45,1,0,73.94,1.238,12.3198
27,71.91,2.979,6.98,1455.9,56.61,1959,52,16,0,71.12,1.7906,10.3023
23,67.89,3.743,6.4,1138.2,61.69,6580,25,12,0,70.74,1.4869,10.6078
25,61.52,4.859,6.09,1154.2,49.45,8945,25,2,0,67.2,1.2683,10.1018
1,93.68,13.544,3.67,1595.7,65.63,2449,74,9,1,69.29,2.7027,25.5259
5,57.39,3.988,5.85,1627.7,59.7,31468,49,5,0,70.66,2.2383,9.8103
6,74.81,1.41,5.41,1421.3,51.53,28708,71,2,0,68.57,1.0436,13.8281
46,88.69,3.437,5.0,1640.4,59.19,11262,19,9,0,71.33,1.8662,17.738
12,71.28,1.743,5.73,1428.9,46.91,32538,111,6,0,67.62,1.4617,12.4398
32,64.42,1.056,5.57,1253.1,71.26,25856,56,0,0,74.28,2.6786,11.5655
5,64.09,4.147,6.33,1076.8,65.58,31465,49,5,0,70.63,2.2383,10.1248
17,75.62,1.554,5.95,1390.3,26.35,48992,49,0,0,70.33,1.7309,12.7092
33,68.14,3.715,5.33,1227.0,70.95,17448,109,0,0,71.58,2.5905,12.7842
50,52.17,1.314,5.19,1171.5,42.28,22502,21,3,0,69.74,1.5432,10.052
4,74.97,1.2,5.63,1499.2,67.94,31617,45,1,0,74.24,1.2629,13.3162
30,82.22,2.591,4.78,1549.4,43.08,31018,90,2,0,69.1,1.3994,17.2008
20,58.76,2.376,4.79,1469.0,47.3,24791,31,3,0,66.82,1.3265,12.2672
20,69.49,1.567,4.37,1416.4,69.8,25017,31,3,0,66.67,1.3406,15.9016
12,71.3,2.217,5.08,1455.6,71.42,32604,111,6,0,67.75,1.4383,14.0354
1,62.86,2.503,5.2,1212.8,54.06,2647,74,9,0,69.33,2.6989,12.0885
19,61.88,2.384,5.45,1616.4,83.25,34305,75,12,0,68.99,3.1899,11.3541
40,49.95,1.858,5.45,1755.4,67.88,39163,23,8,0,68.26,2.1499,9.1651
37,65.07,1.38,5.3,1476.2,90.35,14434,91,13,0,67.08,1.5197,12.2774
22,71.79,1.968,6.83,1435.7,22.89,25172,35,6,0,67.48,1.1816,10.511
3,70.22,1.985,4.67,1573.9,47.6,50341,40,16,0,68.9,2.4095,15.0364
50,74.71,1.933,4.89,1414.1,62.38,22180,21,3,0,70.27,1.5481,15.2781
20,62.43,3.12,4.72,1653.4,49.65,24796,31,3,0,66.1,1.3366,13.2267
21,74.28,1.548,7.07,1008.0,44.14,41241,7,11,0,69.26,0.9499,10.5064
22,81.45,2.89,6.54,1712.1,51.87,24941,35,6,0,67.75,1.1294,12.4541
9,70.29,3.821,6.63,1282.5,52.61,28971,28,7,0,71.98,2.03,10.6018
1,57.29,2.012,6.32,1389.3,40.08,2696,74,9,0,69.4,2.7129,9.0649
41,50.71,4.234,4.69,1399.9,60.65,16660,22,7,0,67.53,1.3946,10.8124
34,74.37,2.148,5.68,1425.4,53.06,36950,12,19,0,67.96,0.9499,13.0933
17,62.38,1.315,6.22,1296.1,59.21,48801,49,0,0,70.09,1.7363,10.0289
6,72.53,5.075,6.55,1471.9,50.77,28329,71,2,0,68.47,1.1891,11.0733
13,66.11,4.3,5.64,1311.3,41.77,47041,72,9,0,66.14,1.0225,11.7216
28,59.55,4.866,6.16,1384.1,70.04,48071,40,2,0,73.38,2.6455,9.6672
20,66.29,1.213,4.88,1054.7,48.62,24953,31,3,0,65.85,1.2783,13.584
16,70.37,1.33,6.01,1178.4,53.71,3387,83,12,0,68.4,1.594,11.7088
23,64.64,2.801,5.03,1723.5,47.03,6464,25,12,0,70.17,1.4821,12.8509
4,99.65,4.75,2.28,2168.6,89.69,31821,45,1,1,75.73,1.3339,43.7061
27,65.44,1.587,4.75,1339.0,79.69,2008,52,16,0,71.08,1.8058,13.7768
26,64.3,3.505,6.0,1298.4,75.56,12005,95,13,0,67.61,1.4687,10.7167
39,74.15,3.489,5.35,1654.9,55.49,34028,15,13,0,67.63,1.8645,13.8598
8,72.96,1.9,6.42,1417.0,54.64,39824,98,4,0,68.72,1.4456,11.3645
44,73.1,3.556,5.31,1624.9,46.31,15341,41,3,0,71.19,1.3831,13.7665
5,63.92,2.254,5.79,1531.8,53.68,31580,49,5,0,70.94,2.1177,11.0397
13,74.33,7.396,3.41,1097.9,44.74,47075,72,9,1,66.42,1.456,21.7977
7,80.13,4.783,4.92,1203.2,66.48,3000,118,6,0,68.25,1.3396,16.2866
15,74.83,3.748,3.97,1344.3,71.62,12922,110,16,0,74.0,1.8821,18.8489
28,60.2,4.163,7.16,1805.5,77.46,48042,40,2,0,72.65,2.6268,8.4078
22,77.7,15.028,4.98,1625.0,89.45,25025,35,6,1,68.16,2.7944,15.6024
26,70.89,2.671,5.7,1359.2,42.19,12209,95,13,0,67.83,1.4641,12.4368
6,73.32,0.836,4.77,843.1,46.41,28401,71,2,0,69.17,1.1975,15.3711
7,76.0,5.31,5.1,1460.1,53.97,3004,118,6,0,68.96,1.4661,14.902
43,95.11,19.171,3.5,1651.3,90.93,22445,106,18,1,75.79,4.2074,27.1743
27,66.49,1.393,6.53,1529.2,66.46,2005,52,16,0,70.74,1.8404,10.1822
19,73.54,2.51,6.47,1507.1,68.15,34159,75,12,0,69.17,3.1861,11.3663
31,70.02,1.941,5.76,1300.4,47.64,8473,56,3,0,68.16,1.9929,12.1562
41,62.67,1.267,6.57,1319.4,64.95,16783,22,7,0,67.08,1.4252,9.5388
26,80.24,3.089,6.41,1721.0,50.19,12201,95,13,0,68.51,1.4192,12.5179
11,71.43,4.614,4.93,1502.1,53.02,39845,84,14,0,67.62,1.6437,14.4888
26,59.39,2.796,5.53,1503.3,56.72,11803,95,13,0,68.16,1.2139,10.7396
1,74.48,1.767,6.8,1485.3,59.15,2528,74,9,0,69.32,2.7305,10.9529
4,82.38,2.441,5.74,1568.1,63.07,31613,45,1,0,76.02,1.3324,14.3519
31,56.61,2.831,5.13,1509.3,67.84,8536,56,3,0,68.0,1.9809,11.0351
10,75.44,2.12,6.39,1557.1,48.3,31041,81,9,0,72.46,1.1712,11.8059
13,75.24,0.508,6.29,1549.7,50.7,46914,72,9,0,66.88,1.5113,11.9618
20,82.17,4.107,4.74,1229.8,61.66,24918,31,3,0,66.37,1.3154,17.3354
40,74.97,2.44,5.86,1657.3,60.34,39465,23,8,0,68.97,2.1435,12.7935
26,74.84,2.239,6.18,1509.2,74.09,11724,95,13,0,67.88,1.2115,12.11
13,70.29,2.73,5.01,1390.4,47.24,46679,72,9,0,67.02,1.5018,14.0299
48,61.27,1.198,4.92,1607.8,50.99,29911,115,7,0,69.77,2.5218,12.4533
27,83.97,3.177,6.28,1528.8,47.97,2066,52,16,0,70.86,1.8325,13.371
16,67.51,2.358,6.26,1440.7,49.39,3330,83,12,0,68.36,1.5647,10.7843
23,67.82,1.33,5.44,1435.9,44.85,6407,25,12,0,70.16,1.4888,12.4669
39,70.13,1.737,4.83,1231.6,56.48,34091,15,13,0,68.02,1.8645,14.5197
5,68.91,1.245,6.01,1404.2,55.83,31414,49,5,0,70.82,2.125,11.4659
29,64.57,1.818,6.21,1547.4,45.39,36661,18,13,0,68.53,1.0734,10.3977
15,77.15,2.972,4.85,1482.2,52.86,12661,110,16,0,73.66,1.8773,15.9072
24,100.4,23.732,1.21,1402.4,55.49,2350,86,13,1,72.47,4.7026,82.9752
11,79.49,1.161,4.63,1563.7,36.12,39627,84,14,0,68.64,1.6854,17.1685
5,63.3,2.911,4.62,1678.3,72.71,31237,49,5,0,70.37,2.125,13.7013
12,60.1,2.377,4.47,1310.5,48.1,32243,111,6,0,67.03,1.4363,13.4452
28,62.16,3.134,5.72,1117.7,50.47,48042,40,2,0,72.14,2.6248,10.8671
50,76.43,5.686,5.62,1339.1,60.83,22318,21,3,0,70.64,1.6217,13.5996
12,80.94,1.799,2.86,1183.8,106.63,32544,111,6,1,67.6,1.4304,28.3007
22,62.29,4.379,6.36,1491.9,59.48,25186,35,6,0,68.4,2.7768,9.794
2,70.35,2.451,6.31,1305.3,78.74,7032,88,17,0,64.89,0.8568,11.149
30,57.75,3.752,5.56,1664.7,60.48,30963,90,2,0,68.86,1.3986,10.3867
45,68.54,3.308,4.85,1285.5,74.89,1009,30,11,0,70.61,4.2464,14.132
18,56.9,3.801,5.15,1303.1,49.28,32764,65,18,0,68.79,1.3906,11.0485
30,79.6,5.518,6.2,1470.3,57.66,30914,90,2,0,69.23,1.4948,12.8387
13,61.58,3.751,4.7,1635.7,65.69,47134,72,9,0,66.66,1.5207,13.1021
35,54.97,5.788,5.41,1371.6,64.2,8114,57,10,0,71.5,1.5105,10.1608
50,66.26,3.889,5.61,1678.8,62.39,22472,21,3,0,70.26,1.6326,11.8111
32,59.06,1.82,6.23,1223.9,47.27,26128,56,0,0,73.76,2.6862,9.4799
24,96.29,6.011,0.94,1387.4,92.56,2259,86,13,1,73.24,4.7314,102.4362
33,60.43,1.47,5.95,1081.0,56.51,17665,109,0,0,71.65,2.5952,10.1563
39,103.04,2.241,4.71,1529.5,74.81,34061,15,13,1,69.19,1.8571,21.8769
18,57.83,3.513,5.65,1192.8,50.12,33186,65,18,0,68.4,1.4041,10.2354
41,68.58,1.118,6.38,1644.5,30.15,16988,22,7,0,67.02,1.3317,10.7492
18,90.58,2.115,5.87,1180.1,50.15,32794,65,18,0,69.4,1.4065,15.431
2,60.81,0.525,5.11,1453.6,66.36,6669,88,17,0,64.85,0.9416,11.9002
7,64.24,2.396,4.84,1449.3,54.14,3044,118,6,0,69.19,1.4277,13.2727
4,60.38,1.305,3.86,1391.4,51.71,31863,45,1,0,75.4,1.3453,15.6425
10,57.51,1.322,5.74,1338.8,65.83,31373,81,9,0,72.07,1.1507,10.0192
42,60.63,2.836,4.61,1492.6,70.35,5638,63,17,0,69.34,2.5149,13.1518
43,49.69,0.792,4.14,1319.2,63.39,22046,106,18,0,75.21,4.2356,12.0024
37,57.68,2.823,5.02,1397.8,62.42,14641,91,13,0,66.6,1.4898,11.49
30,58.64,2.461,6.2,2027.7,48.3,30975,90,2,0,68.84,1.4983,9.4581
26,64.38,1.218,5.88,1563.8,51.67,11947,95,13,0,67.41,1.2427,10.949
20,73.02,5.302,4.86,1361.2,51.08,24606,31,3,0,66.7,1.4297,15.0247
47,53.16,1.431,5.83,1781.9,82.64,17848,55,7,0,71.07,2.0802,9.1184
33,75.37,1.118,6.2,1703.8,51.96,17682,109,0,0,70.47,1.0253,12.1565
29,70.09,1.952,5.42,1571.3,43.76,36955,18,13,0,68.03,0.8568,12.9317
32,71.02,2.482,3.96,1664.0,53.54,26123,56,0,0,73.94,2.6845,17.9343
2,83.57,1.282,5.51,1840.5,66.62,7009,88,17,0,65.51,0.9545,15.167
46,68.51,3.182,5.88,1333.7,48.17,11091,19,9,0,71.4,1.8313,11.6514
49,81.93,1.16,5.61,1567.0,39.73,34904,62,5,0,69.51,2.3027,14.6043
16,80.55,2.091,5.2,1270.2,55.59,3206,83,12,0,68.93,1.5566,15.4904
29,76.38,2.281,5.95,1571.4,50.18,37088,18,13,0,68.13,0.8443,12.837
32,72.62,2.225,5.43,1268.4,42.35,26294,56,0,0,74.02,2.6789,13.3738
42,68.0,0.903,5.8,1552.5,64.71,5636,63,17,0,69.42,2.5462,11.7241
29,95.01,7.901,3.63,1516.2,132.41,37118,18,13,1,69.57,1.4259,26.1736
44,45.58,2.874,5.22,1411.4,46.11,15614,41,3,0,70.27,1.3823,8.7318
8,78.62,1.325,3.66,1551.8,62.77,39545,98,4,0,69.26,1.3823,21.4809
4,69.85,0.875,5.82,1531.1,45.36,31693,45,1,0,75.61,1.3839,12.0017
17,96.15,4.06,3.34,1232.8,58.03,49068,49,0,1,71.32,1.7563,28.7874
27,50.42,2.635,4.51,1433.4,69.38,2086,52,16,0,70.21,1.8323,11.1796
20,63.03,4.833,5.7,1500.3,53.65,24885,31,3,0,66.62,1.4934,11.0579
21,66.54,0.59,5.99,1278.0,51.46,41140,7,11,0,69.22,0.9938,11.1085
2,62.81,2.005,7.43,1541.7,58.97,6767,88,17,0,65.68,0.9477,8.4536
2,66.96,2.851,5.99,1576.0,51.21,7021,88,17,0,65.59,0.9004,11.1786
3,71.68,1.816,4.78,1692.9,43.54,50226,40,16,0,68.84,2.4134,14.9958
4,75.84,5.509,5.8,1414.9,54.51,31653,45,1,0,75.48,1.5124,13.0759
8,67.9,3.118,6.35,1395.5,65.69,39877,98,4,0,69.31,1.3951,10.6929
12,64.3,2.134,5.06,1295.1,46.18,32500,111,6,0,67.45,1.4321,12.7075
16,68.6,1.561,5.91,1917.4,51.23,3165,83,12,0,68.75,1.5354,11.6074
18,75.72,1.262,6.73,1518.8,41.98,32798,65,18,0,69.92,1.2495,11.2511
34,75.57,2.151,6.3,1448.8,67.01,36899,12,19,0,67.92,0.9259,11.9952
33,70.4,1.451,5.31,1425.3,56.77,17596,109,0,0,70.41,1.0456,13.258
3,111.05,3.029,2.21,1782.3,61.1,50187,40,16,1,70.67,2.3834,50.2489
35,56.86,2.141,3.72,1278.8,65.71,8268,57,10,0,70.87,1.5094,15.2849
16,76.14,1.107,3.97,1252.9,44.3,3150,83,12,0,69.26,1.5665,19.1788
2,59.41,1.957,6.61,1407.8,37.05,6663,88,17,0,65.5,0.8653,8.9879
33,58.16,2.388,5.68,1854.2,68.24,17597,109,0,0,70.0,1.0442,10.2394
23,61.04,1.231,5.69,1153.5,63.58,6212,25,12,0,69.76,1.4856,10.7276
37,69.94,3.161,5.67,1432.0,54.91,14753,91,13,0,66.45,1.4744,12.3351
37,62.07,3.391,4.74,1658.5,50.59,14460,91,13,0,66.43,1.4727,13.0949
3,69.52,1.253,6.42,1411.5,45.94,50391,40,16,0,71.58,2.3917,10.8287
19,64.42,2.478,4.6,1578.2,66.63,33964,75,12,0,69.44,3.1674,14.0043
33,74.59,5.627,6.31,1278.3,55.43,17580,109,0,0,70.47,1.2263,11.8209
23,72.27,1.318,4.09,1641.9,62.7,6403,25,12,0,69.48,1.4914,17.6699
11,72.87,2.528,5.54,1491.2,53.33,39688,84,14,0,68.89,1.6654,13.1534
28,62.43,6.526,5.83,1285.8,50.07,47952,40,2,0,71.56,2.6984,10.7084
38,74.38,1.94,5.94,1392.5,55.44,28135,81,13,0,71.85,2.1581,12.5219
24,64.38,1.632,6.14,1327.2,38.27,2263,86,13,0,72.81,4.7443,10.4853
46,52.3,0.744,6.87,1321.2,56.39,11511,19,9,0,70.74,1.9011,7.6128
32,73.87,3.535,5.27,1518.2,62.33,25881,56,0,0,74.67,2.6742,14.0171
4,65.24,2.404,5.8,1565.4,58.48,31878,45,1,0,75.4,1.5113,11.2483
33,92.42,5.322,5.8,2119.8,99.88,17632,109,0,1,71.0,1.2355,15.9345
30,71.22,2.625,5.37,1485.1,40.56,30937,90,2,0,68.74,1.4727,13.2626
48,79.46,2.815,5.2,1320.6,62.03,29745,115,7,0,70.4,2.5084,15.2808
32,48.87,1.934,5.02,1370.5,59.27,26053,56,0,0,73.67,2.6615,9.7351
9,79.25,1.678,6.2,1427.5,54.54,28824,28,7,0,72.38,2.0545,12.7823
29,73.51,1.561,4.25,1402.9,57.26,37092,18,13,0,69.38,1.4375,17.2965
4,47.06,2.381,6.6,1436.8,65.09,31477,45,1,0,74.11,1.1455,7.1303
42,74.54,2.147,6.76,1625.6,51.32,5994,63,17,0,69.85,2.5364,11.0266
6,78.02,1.704,5.21,1306.3,59.23,28686,71,2,0,69.38,1.2022,14.975
10,62.33,2.367,4.85,1563.4,56.69,31196,81,9,0,71.19,1.1507,12.8515
29,47.92,1.258,6.32,1120.7,58.32,36871,18,13,0,68.74,1.4021,7.5823
15,69.19,6.67,7.03,1410.1,49.23,12494,110,16,0,73.37,1.9633,9.8421
45,82.66,2.259,4.32,1382.4,63.4,1274,30,11,0,71.69,4.2622,19.1343
2,51.42,1.911,4.67,1372.6,70.73,6862,88,17,0,64.85,0.8638,11.0107
13,68.98,1.636,5.13,1408.5,40.84,46747,72,9,0,67.26,1.5304,13.4464
5,57.07,2.173,6.7,1707.6,47.1,31159,49,5,0,69.78,2.1307,8.5179
15,69.08,1.781,4.95,1755.0,50.8,12642,110,16,0,73.33,1.9896,13.9556
26,73.46,5.631,5.9,1690.7,61.58,11891,95,13,0,67.71,1.384,12.4508
30,81.7,8.606,4.53,1725.9,100.3,30789,90,2,1,69.2,1.8666,18.0353
44,77.92,1.775,2.91,1660.9,73.64,15619,41,3,0,70.95,1.3588,26.7766
1,62.69,1.229,6.1,1841.2,67.22,2421,74,9,0,68.68,2.75,10.277
31,68.68,0.96,6.16,1143.0,50.85,8587,56,3,0,67.18,2.0013,11.1494
18,76.44,2.162,6.24,1402.0,69.48,33086,65,18,0,69.67,1.2318,12.25
32,62.49,1.348,5.44,1429.6,64.12,26188,56,0,0,73.13,2.6859,11.4871
42,83.37,2.77,4.31,1613.7,91.45,5569,63,17,0,70.48,2.5006,19.3434
46,58.42,2.933,4.32,1790.5,66.75,11444,19,9,0,70.46,1.8899,13.5231
21,76.22,3.547,5.95,1866.5,44.91,41431,7,11,0,69.55,0.9816,12.8101
2,72.66,4.293,4.29,1316.3,59.26,6590,88,17,0,65.29,0.8891,16.9371
3,62.49,0.933,5.13,1441.2,61.04,50093,40,16,0,71.29,2.391,12.1813
8,84.43,4.417,6.27,1467.5,64.84,39618,98,4,0,69.83,1.4664,13.4657
46,54.07,0.946,5.71,1523.8,62.14,11162,19,9,0,69.07,1.9331,9.4694
38,68.74,2.289,6.04,1560.2,68.55,28599,81,13,0,72.03,2.1341,11.3808
33,59.03,3.028,5.39,1512.3,65.39,17729,109,0,0,70.64,1.2387,10.9518
6,65.61,1.311,6.56,1603.6,66.46,28559,71,2,0,68.78,1.0801,10.0015
48,73.67,1.774,6.19,1562.2,48.67,29755,115,7,0,70.73,2.5203,11.9015
33,71.88,1.391,5.7,1377.8,47.43,17712,109,0,0,70.81,1.236,12.6105
3,79.41,3.059,5.92,1512.0,49.54,50263,40,16,0,71.29,2.3888,13.4139
3,73.1,3.66,4.77,1440.5,77.78,49951,40,16,0,71.85,1.6988,15.3249
1,72.61,2.429,5.15,1629.0,63.49,2446,74,9,0,68.92,2.7465,14.099
18,72.73,1.643,6.48,1654.9,64.25,33132,65,18,0,70.32,1.2376,11.2238
45,58.57,4.529,5.24,901.0,51.78,1316,30,11,0,71.77,4.221,11.1775
6,65.31,2.232,5.73,1331.8,62.97,28724,71,2,0,68.51,1.0594,11.3979
19,59.35,6.889,2.18,899.4,105.69,34222,75,12,1,67.71,3.2493,27.2248
42,69.47,2.641,5.03,2092.7,37.6,5980,63,17,0,70.44,2.4875,13.8111
26,73.34,1.504,4.9,1385.6,39.04,11928,95,13,0,67.93,1.3995,14.9673
15,76.01,3.803,3.89,1052.2,31.2,12650,110,16,0,72.62,1.9854,19.5398
10,69.42,1.482,5.08,1126.6,61.33,30973,81,9,0,71.35,1.1326,13.6654
44,82.24,2.835,5.99,1600.4,77.36,15522,41,3,0,71.22,1.3494,13.7295
21,56.18,4.111,3.82,1456.1,38.7,41124,7,11,0,69.22,1.0561,14.7068
6,95.23,2.131,3.96,1243.5,104.69,28597,71,2,1,69.65,1.0594,24.048
32,68.25,2.764,4.92,1331.9,49.64,26149,56,0,0,71.53,2.1712,13.872
33,73.0,3.127,6.71,1749.9,51.37,17383,109,0,0,70.62,1.2339,10.8793
17,73.02,2.32,5.04,1307.9,50.65,49210,49,0,0,69.99,1.6025,14.4881
40,72.22,3.027,5.69,1371.2,56.09,39162,23,8,0,69.11,2.1435,12.6924
29,74.94,1.212,5.41,1796.2,51.5,37134,18,13,0,68.3,1.3301,13.8521
36,74.48,1.552,4.39,1665.1,51.48,32270,32,13,0,68.05,1.4227,16.9658
32,110.89,6.938,1.73,887.7,121.87,26092,56,0,1,72.98,2.3162,64.0983
16,60.42,3.609,4.84,1253.6,50.23,3004,83,12,0,69.03,1.5795,12.4835
43,63.15,3.089,5.52,1415.0,70.11,22505,106,18,0,74.84,4.236,11.4402
43,64.18,1.424,5.73,1440.3,76.65,22309,106,18,0,74.28,4.2372,11.2007
36,83.17,3.917,5.69,1465.2,58.41,32640,32,13,0,68.61,1.42,14.6169
28,65.52,1.711,5.27,1148.7,59.78,48083,40,2,0,71.25,2.695,12.4326
40,81.49,3.525,4.46,1504.1,42.82,39158,23,8,0,69.43,2.1452,18.2713
1,64.26,0.83,5.28,1457.8,67.13,2404,74,9,0,68.83,2.5356,12.1705
19,71.57,0.726,6.34,1566.7,37.57,34185,75,12,0,68.08,3.2196,11.2886
12,96.55,3.705,2.27,1858.5,57.81,32495,111,6,1,69.04,1.4331,42.533
42,72.5,2.147,4.94,1479.2,68.98,5920,63,17,0,70.51,2.2171,14.6761
29,70.78,1.999,4.6,1500.6,70.26,36841,18,13,0,68.32,1.3034,15.387
1,65.03,1.862,5.91,1378.2,39.41,2547,74,9,0,68.96,2.5427,11.0034
8,96.24,4.511,1.74,1446.9,55.52,39875,98,4,1,70.79,1.5327,55.3103
21,69.6,4.685,5.59,1128.8,47.73,41393,7,11,0,69.14,1.1618,12.4508
20,63.96,1.681,4.59,1981.2,56.6,25000,31,3,0,66.73,1.5075,13.9346
8,61.03,0.958,5.95,1381.3,59.14,39800,98,4,0,71.06,1.5574,10.2571
12,69.15,5.857,4.38,1413.4,60.07,32579,111,6,0,69.42,1.4946,15.7877
27,57.49,1.426,6.48,1150.6,43.03,2386,52,16,0,68.86,1.5045,8.8719
23,113.11,14.195,4.01,1669.3,72.42,6333,25,12,1,71.45,2.7552,28.207
21,67.51,2.572,6.77,1495.2,40.15,41559,7,11,0,69.04,1.1402,9.9719
43,78.97,1.668,4.29,1433.6,94.56,22215,106,18,1,74.81,4.212,18.4079
28,64.0,1.48,6.05,1433.4,44.88,47969,40,2,0,71.25,2.6988,10.5785
34,70.2,2.981,5.6,1157.3,69.11,36930,12,19,0,68.29,0.9362,12.5357
2,66.62,0.85,5.85,1184.6,83.7,6568,88,17,0,65.3,0.9232,11.388
27,66.09,0.807,5.05,1601.0,62.81,2311,52,16,0,68.5,1.5596,13.0871
19,69.6,2.633,4.92,1281.2,35.54,34093,75,12,0,68.18,3.1818,14.1463
16,70.28,5.124,6.26,1611.9,43.71,3307,83,12,0,69.2,1.6553,11.2268
22,77.55,2.841,4.07,1209.4,37.31,24856,35,6,0,68.6,2.7735,19.0541
7,66.05,2.88,4.61,1216.2,27.91,2595,118,6,0,69.56,1.4039,14.3275
8,60.26,1.363,6.01,1414.9,43.4,39483,98,4,0,70.22,1.5688,10.0266
25,67.54,1.444,5.21,1723.3,53.17,8711,25,2,0,66.59,1.0499,12.9635
25,78.83,2.225,5.5,1305.5,49.3,8866,25,2,0,67.03,1.0208,14.3327
40,63.91,2.803,5.17,1627.1,71.56,39415,23,8,0,69.06,2.129,12.3617
38,80.43,3.274,6.48,1704.6,43.8,28507,81,13,0,72.96,2.0966,12.412
31,105.79,7.019,4.04,1275.7,53.65,8568,56,3,1,68.25,2.1736,26.1856
21,65.67,2.88,7.64,1610.9,53.37,41348,7,11,0,69.45,1.1065,8.5955
25,67.64,0.889,5.34,1582.0,47.35,9166,25,2,0,67.34,1.0442,12.6667
23,62.1,2.391,5.06,1389.7,66.41,6393,25,12,0,71.38,2.7424,12.2727
14,57.76,1.519,3.93,1270.2,47.79,32957,41,2,0,68.63,1.6712,14.6972
1,64.04,2.648,7.09,1178.8,51.1,2668,74,9,0,68.38,2.5425,9.0324
10,59.86,0.239,4.23,1371.5,58.38,31034,81,9,0,70.58,1.1917,14.1513
45,60.16,2.954,6.02,1429.6,50.18,1290,30,11,0,71.34,4.22,9.9934
48,69.6,2.695,4.84,1266.0,42.55,29942,115,7,0,70.88,2.4756,14.3802
1,82.48,2.034,5.95,1289.8,31.85,2477,74,9,0,68.92,2.5294,13.8622
23,67.9,0.585,5.74,1277.2,54.31,6498,25,12,0,71.35,2.7864,11.8293
38,80.85,2.562,4.92,1370.1,60.82,28182,81,13,0,73.9,2.0979,16.4329
14,71.02,2.618,3.38,1772.6,45.65,33066,41,2,0,68.55,1.61,21.0118
44,65.11,3.133,4.46,1914.1,71.8,15335,41,3,1,70.94,1.3407,14.5987
3,70.51,2.595,5.9,1918.1,68.78,50043,40,16,0,71.16,1.5827,11.9508
49,103.13,2.854,3.31,2005.4,76.91,35207,62,5,1,70.66,2.3014,31.1571
42,85.38,4.641,3.06,1836.5,83.16,5506,63,17,1,70.41,2.2383,27.902
42,66.92,4.747,6.87,1480.0,43.38,5712,63,17,0,70.56,2.2402,9.7409
27,75.21,1.276,6.5,1356.2,66.12,2031,52,16,0,68.74,1.5769,11.5708
2,73.87,1.431,4.94,1608.6,53.53,6599,88,17,0,65.22,0.9392,14.9534
6,49.26,2.974,5.42,1208.6,59.45,28791,71,2,0,69.29,1.0726,9.0886
13,121.68,7.212,2.43,2456.2,48.18,46661,72,9,1,69.74,1.8042,50.0741
2,66.86,1.777,5.45,1676.4,49.08,6926,88,17,0,64.68,0.8803,12.2679
17,83.55,1.247,5.98,1582.5,76.88,48748,49,0,0,71.11,1.5131,13.9716
50,59.06,2.072,5.68,1324.8,54.1,22150,21,3,0,70.03,1.6173,10.3979
12,73.8,3.736,6.35,1647.8,53.86,32513,111,6,0,69.65,1.4974,11.622
15,61.18,4.563,7.07,1595.6,73.18,12957,110,16,0,72.35,1.9844,8.6535
26,74.55,2.263,5.15,1470.8,45.44,11795,95,13,0,68.22,1.3524,14.4757
7,69.76,1.623,5.42,1673.1,45.05,2842,118,6,0,69.35,1.41,12.8708
18,66.77,3.74,5.08,1332.0,56.95,33192,65,18,0,70.61,1.2662,13.1437
37,65.74,1.888,5.06,1348.6,68.89,14689,91,13,0,65.96,1.4734,12.9921
7,71.17,3.302,4.65,1421.0,65.1,3004,118,6,0,69.36,1.417,15.3054
23,55.84,2.258,6.52,1696.5,47.98,6577,25,12,0,70.55,2.7818,8.5644
16,79.47,1.179,6.33,1690.2,56.12,3207,83,12,0,69.69,1.6824,12.5545
33,71.66,4.125,5.55,1462.0,28.55,17652,109,0,0,70.55,1.2699,12.9117
46,61.63,1.526,4.93,1573.6,53.61,11368,19,9,0,69.09,1.9355,12.501
6,67.11,2.139,8.33,1435.7,70.63,28315,71,2,0,69.21,1.0724,8.0564
8,65.73,2.28,5.6,1774.6,44.63,39922,98,4,0,70.59,1.5477,11.7375
25,68.27,0.664,5.88,1105.8,48.15,8782,25,2,0,67.64,1.0907,11.6105
29,80.28,1.366,5.89,1535.5,62.02,36962,18,13,0,68.5,1.3104,13.6299
29,73.56,2.213,5.49,1699.7,67.8,36908,18,13,0,68.84,1.2902,13.3989
26,87.7,4.349,1.73,1188.0,116.3,12026,95,13,1,69.45,1.3926,50.6936
27,68.97,2.994,5.06,1304.7,54.1,2246,52,16,0,68.89,1.5753,13.6304
24,59.93,1.86,5.26,1169.1,71.96,2319,86,13,0,72.95,4.745,11.3935
43,65.93,2.139,5.18,1359.4,55.67,22488,106,18,0,73.1,3.6704,12.7278
34,74.29,2.845,6.32,1600.8,66.21,36926,12,19,0,68.67,0.9199,11.7547
19,66.3,1.816,5.27,1721.3,77.65,34026,75,12,0,68.09,3.1955,12.5806
41,58.05,4.056,4.62,1125.3,39.56,16764,22,7,0,66.56,1.3188,12.5649
23,64.28,1.739,5.9,1408.4,42.84,6391,25,12,0,70.11,2.7984,10.8949
46,59.3,2.815,5.29,1438.5,39.36,11456,19,9,0,68.29,1.8918,11.2098
49,77.2,3.869,4.62,1257.0,61.3,35052,62,5,0,70.77,2.2991,16.71
44,65.36,1.434,5.41,1412.7,68.37,15335,41,3,0,70.91,1.3662,12.0813
42,92.57,2.943,4.36,1099.3,44.18,5531,63,17,0,71.44,2.2164,21.2317
29,72.3,2.336,4.5,1581.6,44.78,36768,18,13,0,69.05,1.2857,16.0667
12,76.45,1.713,6.03,1071.0,47.19,32554,111,6,0,70.41,1.5241,12.6783
20,79.33,4.808,6.14,1254.8,54.23,24652,31,3,0,67.73,1.554,12.9202
14,62.52,1.794,5.66,1440.7,54.71,32885,41,2,0,68.02,1.6222,11.0459
29,64.17,1.238,5.1,1813.6,64.96,36786,18,13,0,68.61,1.3017,12.5824
32,70.94,4.474,4.37,1250.3,44.7,25986,56,0,0,73.42,2.3326,16.2334
26,65.45,2.884,4.79,1322.1,50.67,11785,95,13,0,69.39,1.354,13.6639
35,63.27,5.596,6.17,1482.4,53.36,8472,57,10,0,68.84,1.6536,10.2545
7,94.0,11.201,4.93,2162.5,80.06,2708,118,6,1,69.48,2.2683,19.0669
43,77.3,1.815,4.19,1267.3,44.65,22170,106,18,0,73.02,3.6597,18.4487
38,63.72,2.379,5.32,1491.1,66.24,28354,81,13,0,73.94,2.0771,11.9774
6,60.38,4.047,5.87,1248.5,48.2,28508,71,2,0,69.26,1.138,10.2862
39,83.62,1.905,4.4,1487.3,70.73,34302,15,13,0,69.95,1.8585,19.0045
8,65.86,1.04,3.69,1282.6,56.09,39948,98,4,0,70.95,1.5547,17.8482
38,65.52,1.416,5.61,1347.6,54.51,28332,81,13,0,73.45,2.0753,11.6791
47,69.75,2.315,5.36,1439.9,38.15,17733,55,7,0,69.94,2.0741,13.0131
14,79.03,2.795,5.43,1209.9,54.5,33172,41,2,0,68.81,1.5893,14.5543
42,103.23,2.518,3.11,1732.2,98.74,5514,63,17,1,71.69,1.318,33.1929
45,64.16,2.142,4.97,1373.9,57.52,1018,30,11,0,71.22,4.2294,12.9095
1,71.11,2.395,6.93,1531.5,31.76,2628,74,9,0,69.57,2.5181,10.2612
48,78.83,2.425,6.0,1197.4,61.36,29552,115,7,0,71.15,2.4617,13.1383
45,62.18,1.56,4.35,1342.0,49.75,1360,30,11,0,70.67,4.1651,14.2943
35,68.21,4.309,5.07,1339.5,58.26,8165,57,10,0,68.61,1.613,13.4536
4,71.72,3.694,5.07,1348.6,52.6,31658,45,1,0,73.81,1.1215,14.146
45,88.96,4.484,4.74,1868.2,77.48,1222,30,11,1,70.95,4.165,18.7679
7,67.79,1.216,4.06,1493.9,54.59,2861,118,6,0,69.8,2.2616,16.697
17,70.08,3.542,6.98,1494.6,48.28,49017,49,0,0,71.33,1.4987,10.0401
24,67.13,4.106,5.81,1340.3,44.6,2351,86,13,0,72.52,4.738,11.5542
3,65.53,1.075,3.55,1391.9,54.61,50249,40,16,0,71.39,1.5883,18.4592
40,68.28,1.711,5.79,1630.8,44.72,39030,23,8,0,68.21,2.1217,11.7927
16,75.38,2.636,3.66,1560.9,51.56,3375,83,12,0,69.7,1.6579,20.5956
12,54.36,0.632,5.41,1268.0,30.05,32293,111,6,0,70.16,1.6039,10.0481
9,94.48,1.875,3.3,2153.3,93.53,28528,28,7,1,72.98,2.0144,28.6303
12,65.89,3.405,5.93,1183.1,67.32,32424,111,6,0,70.14,1.5519,11.1113
31,71.32,5.29,6.22,1888.7,58.1,8224,56,3,0,68.74,2.2064,11.4662
9,60.31,3.402,6.17,1511.7,65.0,28784,28,7,0,73.08,2.0121,9.7747
4,68.64,4.312,5.82,1888.3,69.41,31449,45,1,0,73.46,1.1778,11.7938
29,61.34,1.316,5.01,1549.6,32.12,37065,18,13,0,68.89,1.3116,12.2435
10,65.47,1.876,7.08,1308.7,70.63,31268,81,9,0,70.24,1.1913,9.2472
33,65.95,0.893,6.96,1181.2,73.71,17728,109,0,0,70.26,1.3221,9.4756
3,73.04,0.888,5.52,1478.7,61.37,50092,40,16,0,71.74,1.6031,13.2319
43,67.24,1.829,4.99,1462.2,29.68,22362,106,18,0,72.8,3.6468,13.4749
27,61.76,2.334,3.13,1496.7,52.12,2217,52,16,0,69.71,1.5281,19.7316
33,73.59,1.162,5.5,1413.6,63.02,17779,109,0,0,70.05,1.3544,13.38
35,79.3,1.234,6.64,1566.3,48.92,8182,57,10,0,69.11,1.6062,11.9428
37,78.82,3.09,6.2,1791.8,61.15,14358,91,13,0,66.37,1.4336,12.7129
21,53.83,5.637,4.09,1448.6,59.18,41618,7,11,0,68.58,1.2668,13.1614
25,70.14,2.774,6.53,1155.6,54.33,8915,25,2,0,67.96,1.0908,10.7412
16,75.55,2.431,5.15,1651.9,75.97,3364,83,12,0,70.24,1.6588,14.6699
26,83.95,2.886,6.14,1659.5,54.62,12093,95,13,0,70.13,1.3353,13.6726
16,76.29,5.0,6.35,1692.6,52.86,2989,83,12,0,70.86,1.2757,12.0142
24,70.19,1.088,6.49,1302.8,59.49,2382,86,13,0,72.64,4.7415,10.8151
1,68.57,1.297,5.82,1390.5,64.47,2691,74,9,0,69.35,2.5246,11.7818
29,75.09,1.133,4.73,1593.3,60.62,36680,18,13,0,69.66,1.3274,15.8753
38,72.57,2.54,6.64,1208.0,59.65,28367,81,13,0,72.95,1.679,10.9292
22,67.83,2.034,4.58,1413.7,73.6,25104,35,6,0,68.82,2.7689,14.81
12,72.91,3.89,5.65,1451.6,53.38,32176,111,6,0,70.5,1.5543,12.9044
16,57.86,1.58,4.25,1521.9,51.84,3366,83,12,0,71.17,1.1243,13.6141
1,68.48,3.789,5.8,1415.5,57.14,2368,74,9,0,69.34,2.5236,11.8069
20,58.76,2.144,7.48,1614.8,51.09,24768,31,3,0,67.63,1.5602,7.8556
8,71.77,1.136,5.24,1278.4,65.51,39652,98,4,0,70.89,1.5657,13.6966
21,65.43,3.381,5.36,1549.0,48.69,41303,7,11,0,68.29,1.2554,12.2071
31,65.58,2.144,5.78,1509.5,70.77,8585,56,3,0,69.63,2.2047,11.346
44,72.68,1.574,5.11,1570.2,59.99,15557,41,3,0,70.75,1.3529,14.2231
46,64.17,2.04,5.52,1595.4,44.11,11507,19,9,0,67.95,1.8578,11.625
28,63.66,4.268,5.45,1185.9,56.58,48004,40,2,0,70.92,2.6985,11.6807
31,80.93,2.95,5.77,1529.8,54.25,8299,56,3,0,70.05,2.1986,14.026
22,69.96,2.224,6.28,1248.4,45.75,25019,35,6,0,69.2,2.7353,11.1401
48,67.81,3.901,5.9,1568.9,81.56,29995,115,7,0,70.96,2.4568,11.4932
14,68.17,3.531,5.5,1054.7,49.74,33190,41,2,0,68.35,1.5912,12.3945
38,62.62,3.37,4.59,1392.6,70.26,28565,81,13,0,72.32,1.666,13.6427
38,75.18,1.299,6.36,1469.9,60.89,28502,81,13,0,72.73,1.7028,11.8208
20,67.43,2.803,5.54,1210.9,34.68,24724,31,3,0,67.68,1.514,12.1715
14,58.88,1.219,4.75,1639.7,31.35,33202,41,2,0,67.93,1.6201,12.3958
6,60.35,2.823,5.98,1616.7,54.2,28668,71,2,0,69.32,1.1421,10.092
20,66.4,1.035,5.34,1575.0,41.91,24602,31,3,0,67.46,1.5436,12.4345
38,54.97,2.353,6.28,1317.8,54.78,28501,81,13,0,71.95,1.6948,8.7532
43,69.53,1.399,5.4,1743.8,74.4,22342,106,18,0,73.21,3.6531,12.8759
8,67.59,2.61,5.67,1443.1,53.48,39467,98,4,0,70.86,1.5665,11.9206
47,73.37,3.566,5.73,1534.2,31.62,17940,55,7,0,69.81,2.0491,12.8045
45,72.73,3.633,6.19,1509.6,35.09,1107,30,11,0,71.64,4.1363,11.7496
27,67.25,2.319,5.1,1105.3,29.76,2304,52,16,0,69.6,1.5143,13.1863
26,99.92,5.976,2.64,1567.1,88.36,11793,95,13,1,70.91,1.4783,37.8485
12,69.94,2.554,4.41,1412.3,34.63,32192,111,6,0,70.61,1.5569,15.8594
9,80.99,1.238,7.02,1254.7,37.43,28611,28,7,0,73.58,1.981,11.537
41,55.59,4.143,6.73,1048.7,72.49,16743,22,7,0,66.16,1.2903,8.26
47,74.11,2.498,5.05,1120.4,73.85,17910,55,7,0,70.22,2.0422,14.6752
48,97.87,8.883,4.29,1873.1,97.16,29966,115,7,1,70.42,2.7258,22.8135
39,60.31,0.758,5.78,1478.2,54.15,34173,15,13,0,69.71,1.8681,10.4343
1,58.62,0.806,6.05,1496.1,51.61,2270,74,9,0,68.79,2.548,9.6893
12,61.47,1.301,3.98,1603.3,39.59,32410,111,6,0,70.31,1.5366,15.4447
46,67.4,2.016,5.47,1387.7,63.26,11267,19,9,0,67.94,1.87,12.3218
26,78.27,1.855,6.23,1308.6,60.75,12031,95,13,0,71.43,1.4753,12.5634
21,70.45,3.309,4.48,1179.3,51.52,41514,7,11,0,68.89,1.2613,15.7254
32,64.43,1.655,6.12,1373.6,57.31,25858,56,0,0,72.0,2.0253,10.5278
5,61.97,1.666,5.3,1193.0,33.17,31160,49,5,0,69.67,2.1369,11.6925
5,62.48,1.471,4.47,1493.0,45.41,31513,49,5,0,69.34,1.3944,13.9776
22,69.27,4.2,6.58,1448.7,39.31,24938,35,6,0,69.52,2.7466,10.5274
15,70.48,1.993,5.62,1558.5,86.28,12987,110,16,0,71.82,1.9277,12.5409
12,69.32,3.336,5.68,1722.2,51.75,32245,111,6,0,70.92,1.5339,12.2042
11,70.56,1.563,4.71,1383.3,43.3,39700,84,14,0,68.87,1.6897,14.9809
16,67.91,1.279,6.39,1337.1,47.47,3044,83,12,0,71.15,1.1454,10.6275
38,63.31,3.088,4.95,1389.1,75.56,28189,81,13,0,71.88,1.6773,12.7899
34,59.03,3.391,4.86,1199.5,64.92,36757,12,19,0,67.8,0.9406,12.1461
20,60.96,1.337,4.68,1526.2,69.65,24921,31,3,0,67.28,1.5641,13.0256
25,83.13,1.834,5.12,1491.0,22.35,8837,25,2,0,68.77,1.0868,16.2363
24,72.83,4.136,6.06,1539.4,41.64,2629,86,13,0,72.73,4.7293,12.0182
46,70.72,2.361,4.67,1366.0,61.23,11174,19,9,0,67.82,1.862,15.1435
24,85.13,5.624,1.99,1473.8,67.71,2649,86,13,1,72.92,4.7468,42.7789
40,78.96,1.261,5.59,1395.7,52.06,39072,23,8,0,69.1,1.2408,14.1252
25,60.3,2.255,6.12,1809.9,44.02,9108,25,2,0,68.16,1.0562,9.8529
20,82.56,3.752,6.96,1067.2,59.74,24894,31,3,0,68.51,1.5528,11.8621
42,68.3,1.744,6.21,1606.2,38.34,5952,63,17,0,71.42,1.3126,10.9984
43,75.96,3.222,5.74,1439.8,54.99,22203,106,18,0,74.45,3.636,13.2334
36,66.98,1.513,6.33,1362.1,55.67,32470,32,13,0,68.69,1.4429,10.5814
20,61.57,0.952,6.26,1935.1,53.05,24878,31,3,0,68.49,1.5984,9.8355
45,78.62,3.602,4.72,1421.2,74.93,1141,30,11,0,71.62,4.128,16.6568
27,61.02,1.852,5.15,1345.5,88.17,2040,52,16,0,69.53,1.5182,11.8485
16,73.81,2.749,5.53,1201.6,78.68,3262,83,12,0,71.73,1.118,13.3472
34,68.13,3.009,4.44,1400.5,64.61,36827,12,19,0,67.83,0.9399,15.3446
4,57.52,3.336,5.5,893.0,71.86,31819,45,1,0,73.53,1.185,10.4582
43,65.7,1.957,5.6,1466.6,61.61,22487,106,18,0,74.3,3.6418,11.7321
6,55.8,3.482,5.9,1206.2,66.01,28409,71,2,0,69.26,1.1246,9.4576
37,70.68,7.157,6.28,1622.9,84.9,14299,91,13,0,66.49,1.6526,11.2548
30,65.43,1.232,5.45,1443.3,29.6,31044,90,2,0,68.4,1.8863,12.0055
2,68.49,2.923,4.2,1116.8,40.47,6927,88,17,0,64.99,0.8805,16.3071
38,80.15,1.455,6.49,1413.3,59.9,28160,81,13,0,72.54,1.66,12.3498
44,62.87,2.747,5.1,1476.0,50.08,15322,41,3,0,70.11,1.3501,12.3275
45,54.07,2.809,5.16,1308.2,68.13,1152,30,11,0,70.86,4.1227,10.4787
18,61.72,3.221,3.74,1318.1,51.98,33033,65,18,0,70.54,1.2303,16.5027
4,61.23,2.122,4.3,1301.0,38.29,31710,45,1,0,72.65,1.1877,14.2395
48,52.98,1.515,6.09,1430.3,47.51,29993,115,7,0,70.14,2.6825,8.6995
21,64.01,1.777,4.9,1511.5,76.77,41222,7,11,0,68.91,1.2699,13.0633
39,68.68,1.041,4.18,1643.2,72.04,34371,15,13,0,70.22,1.8729,16.4306
17,51.58,0.52,5.87,1383.6,67.94,48929,49,0,0,70.34,1.5328,8.7871
46,71.68,1.665,4.86,1418.1,59.37,11264,19,9,0,67.45,1.5508,14.749
13,74.97,1.941,5.64,1585.4,39.04,46953,72,9,0,70.52,1.8013,13.2926
5,72.93,1.934,5.45,1327.4,54.66,31468,49,5,0,69.25,1.3932,13.3817
14,66.71,3.075,5.4,1536.3,19.9,32799,41,2,0,68.56,1.5854,12.3537
39,63.83,2.599,6.69,1387.2,42.03,34294,15,13,0,69.83,1.8711,9.5411
5,78.68,1.195,4.54,1462.4,40.43,31519,49,5,0,70.01,1.4246,17.3304
41,66.38,1.263,4.64,1391.6,34.4,17056,22,7,0,65.71,1.2628,14.306
18,54.91,0.941,5.95,1302.4,96.94,33033,65,18,0,70.25,1.2535,9.2286
4,70.24,2.283,5.23,1670.3,55.72,31900,45,1,0,70.72,1.1858,13.4302
47,85.3,1.851,5.54,1406.7,80.28,18017,55,7,1,71.53,2.0348,15.3971
29,65.03,1.368,5.58,1933.8,55.35,36715,18,13,0,69.31,1.3339,11.6541
10,76.2,1.151,6.06,1464.3,44.15,31236,81,9,0,70.24,1.2017,12.5743
41,72.64,1.293,3.46,1674.2,52.75,16890,22,7,0,66.43,1.2786,20.9942
46,69.96,3.26,6.14,1250.3,58.2,11237,19,9,0,67.72,1.5537,11.3941
46,79.38,1.582,4.82,1020.2,50.49,11392,19,9,0,67.8,1.5319,16.4689
8,67.07,0.81,6.04,1673.3,46.01,39479,98,4,0,71.19,1.5972,11.1043
48,58.55,3.046,4.64,1451.9,61.09,29927,115,7,0,68.75,1.8704,12.6185
15,69.13,4.32,7.29,1667.7,49.0,12588,110,16,0,71.54,1.9294,9.4829
18,59.56,1.199,4.98,1618.8,57.02,32968,65,18,0,68.49,1.165,11.9598
24,65.35,2.162,6.4,1324.4,61.64,2466,86,13,0,72.25,4.7305,10.2109
11,65.06,1.85,6.5,1198.2,67.61,39791,84,14,0,69.13,1.6886,10.0092
9,56.77,2.622,5.92,1522.1,38.37,28877,28,7,0,73.37,1.9271,9.5895
20,85.15,7.95,2.58,1863.0,90.8,24941,31,3,1,68.75,1.8712,33.0039
40,60.22,2.959,5.33,1585.2,68.99,39209,23,8,0,68.84,1.2257,11.2983
37,97.29,2.668,4.52,1815.0,89.23,14758,91,13,1,67.8,1.6509,21.5243
23,63.84,1.39,5.23,1763.2,60.66,6399,25,12,0,69.68,2.8231,12.2065
40,69.37,2.457,4.93,1175.3,54.66,39431,23,8,0,69.32,1.2257,14.071
35,58.51,2.664,4.39,1642.4,65.37,8139,57,10,0,68.46,1.6016,13.328
19,60.67,1.175,5.18,1317.1,61.66,33888,75,12,0,68.02,3.218,11.7124
50,91.62,6.97,2.18,1437.9,85.8,22313,21,3,1,70.7,1.813,42.0275
24,62.95,1.254,4.9,1758.8,39.3,2301,86,13,0,72.52,4.7394,12.8469
20,69.08,1.612,6.59,1423.3,47.88,24567,31,3,0,69.13,1.8961,10.4825
37,69.42,1.058,5.48,1887.4,58.84,14354,91,13,0,68.61,1.626,12.6679
18,74.27,2.537,4.82,1696.1,29.15,33098,65,18,0,68.83,1.153,15.4087
16,64.08,3.099,4.71,1509.6,50.79,3452,83,12,0,71.51,1.1122,13.6051
34,74.96,4.604,6.07,1203.6,55.35,37144,12,19,0,68.51,1.0403,12.3493
8,84.04,4.035,4.39,1239.5,68.63,39760,98,4,0,72.23,1.6085,19.1435
12,81.32,1.282,6.68,1421.4,47.73,32387,111,6,0,71.65,1.5688,12.1737
23,74.88,2.081,5.77,1489.7,42.84,6480,25,12,0,69.55,2.8295,12.9775
7,71.69,4.097,5.85,1298.8,45.57,2692,118,6,0,70.06,2.2735,12.2547
43,74.73,1.883,5.71,1214.2,48.71,22138,106,18,0,74.2,3.644,13.0876
5,42.07,2.548,5.4,1623.2,46.95,31209,49,5,0,69.08,1.4118,7.7907
21,63.32,2.75,6.51,1503.9,67.67,41460,7,11,0,68.73,1.2545,9.7266
2,68.65,0.982,7.39,1347.1,60.48,6606,88,17,0,65.01,0.9139,9.2896
29,65.06,1.57,5.1,1385.0,54.48,36799,18,13,0,68.8,1.3269,12.7569
43,72.09,3.411,5.72,1344.7,53.38,22316,106,18,0,74.37,3.6403,12.6031
23,66.5,1.044,5.91,1341.6,75.92,6601,25,12,0,69.99,2.8506,11.2521
41,70.56,0.786,5.03,1322.1,52.31,16928,22,7,0,66.68,1.317,14.0278
47,70.34,2.412,5.83,1395.8,51.6,18031,55,7,0,70.09,1.8371,12.0652
48,87.13,4.186,6.45,1157.9,51.85,29777,115,7,0,69.95,1.8571,13.5085
45,59.76,1.338,5.0,1669.7,67.41,1294,30,11,0,70.56,4.1566,11.952
35,81.41,3.416,5.29,1589.0,39.31,8281,57,10,0,69.04,1.6142,15.3894
1,63.39,1.204,7.38,1330.4,53.73,2261,74,9,0,67.9,2.566,8.5894
2,65.84,2.019,5.6,1526.0,54.65,6911,88,17,0,65.45,0.89,11.7571
21,64.17,1.417,5.98,1664.7,63.08,41178,7,11,0,68.86,1.2791,10.7308
36,62.22,3.518,4.96,1580.6,64.96,32509,32,13,0,68.7,1.4401,12.5444
13,66.03,1.304,4.86,1289.1,41.68,47001,72,9,0,70.87,1.8068,13.5864
30,69.74,3.47,6.5,1540.0,48.11,30861,90,2,0,67.88,1.8863,10.7292
22,67.64,2.136,5.67,1093.3,32.53,25089,35,6,0,69.68,2.752,11.9295
10,66.53,2.473,4.57,1443.6,40.63,31016,81,9,0,70.96,1.2021,14.558
6,76.52,2.958,5.41,1377.3,68.23,28757,71,2,0,69.65,1.1266,14.1442
48,78.03,4.611,1.58,1194.9,70.35,29975,115,7,1,70.72,1.886,49.3861
3,72.38,3.029,6.65,1225.7,55.58,49952,40,16,0,72.47,1.5897,10.8842
25,56.7,1.971,5.12,1310.9,56.46,9189,25,2,0,67.63,1.0339,11.0742
28,60.71,1.993,5.75,1630.8,46.95,48027,40,2,0,71.02,2.7025,10.5583
45,62.0,1.207,5.75,1567.3,53.22,904,30,11,0,70.68,4.1734,10.7826
11,61.37,1.839,6.41,1045.9,55.43,39961,84,14,0,68.75,1.7061,9.5741
7,49.72,1.55,5.44,1475.5,48.09,2662,118,6,0,69.31,2.2886,9.1397
8,75.45,0.781,5.52,1279.1,38.39,39499,98,4,0,73.12,1.6206,13.6685
18,60.73,2.315,4.31,1404.9,67.15,32786,65,18,0,68.63,1.1436,14.0905
41,70.49,3.407,4.77,1193.5,60.45,16621,22,7,0,66.76,1.3271,14.7778
32,80.29,1.619,5.25,1341.3,42.1,25946,56,0,0,70.99,2.0338,15.2933
47,63.14,4.302,4.55,1537.6,79.94,17780,55,7,0,69.91,1.8627,13.8769
34,70.84,3.469,4.46,1128.3,58.08,37025,12,19,0,67.76,1.0525,15.8834
10,60.53,2.121,5.94,1600.0,61.25,31170,81,9,0,70.27,1.0806,10.1902
42,68.77,2.099,6.84,1478.0,36.09,5504,63,17,0,70.99,1.317,10.0541
39,64.01,0.812,6.71,1120.5,55.51,34371,15,13,0,70.11,1.8897,9.5395
1,67.32,2.381,4.58,1631.1,50.8,2473,74,9,0,67.98,2.5658,14.6987
26,63.13,4.501,5.5,1911.7,48.42,12010,95,13,0,71.14,1.4743,11.4782
12,94.16,3.719,3.84,2029.6,83.24,32452,111,6,1,72.48,1.5767,24.5208
26,61.85,2.16,4.78,1457.8,47.62,11735,95,13,0,71.13,1.4338,12.9393
48,54.76,3.627,6.2,1333.1,50.92,29724,115,7,0,69.99,1.7343,8.8323
40,63.05,1.911,5.33,1744.0,67.39,39119,23,8,0,68.6,1.2309,11.8293
39,76.62,1.26,5.02,1254.4,56.21,33956,15,13,0,71.04,1.9059,15.2629
21,98.36,18.089,4.75,961.0,114.21,41127,7,11,1,70.43,3.3512,20.7074
14,50.99,1.172,5.37,1594.4,69.19,33216,41,2,0,67.68,1.6253,9.4953
13,68.6,3.706,6.18,1522.4,43.58,47104,72,9,0,71.05,1.7792,11.1003
46,68.43,5.745,5.86,1643.8,83.64,11465,19,9,0,67.08,1.6532,11.6775
8,66.69,3.408,5.04,1696.2,68.03,39877,98,4,0,73.13,1.6216,13.2321
6,68.16,1.76,5.44,1296.2,31.28,28632,71,2,0,69.29,1.011,12.5294
46,64.3,1.787,4.81,1106.3,73.76,11035,19,9,0,66.52,1.6657,13.368
26,87.57,3.864,6.14,1654.8,54.51,12033,95,13,0,72.3,1.4032,14.2622
32,70.57,3.906,6.52,1499.2,45.18,26230,56,0,0,71.43,2.0406,10.8236
49,71.7,1.034,6.49,1415.6,51.53,34892,62,5,0,70.98,2.2941,11.0478
8,60.07,2.145,5.82,1250.9,57.63,39486,98,4,0,73.04,1.5856,10.3213
49,59.32,1.911,5.73,1556.5,71.37,35299,62,5,0,70.79,2.2912,10.3525
45,86.23,1.936,5.42,1239.4,59.54,1147,30,11,0,71.32,4.1745,15.9096
32,60.25,3.991,3.98,1328.9,58.82,26284,56,0,0,70.71,2.0236,15.1382
41,54.23,1.983,5.71,1686.5,54.53,17083,22,7,0,65.86,1.3275,9.4974
16,68.63,3.714,7.17,1342.9,45.69,3381,83,12,0,71.44,1.1189,9.5718
12,69.9,1.788,4.84,1443.3,57.52,32563,111,6,0,71.72,1.5936,14.4421
22,67.3,1.642,5.94,1535.1,55.61,24860,35,6,0,70.05,2.7531,11.33
13,65.89,3.59,5.44,1374.7,61.17,46797,72,9,0,71.02,1.7283,12.1121
31,65.73,2.656,4.6,1761.7,43.21,8224,56,3,0,69.56,2.1707,14.2891
11,65.97,3.27,7.09,1387.3,59.52,39777,84,14,0,68.51,1.2947,9.3047
24,85.99,2.691,3.63,1447.4,83.87,2311,86,13,1,72.77,4.7093,23.6887
24,74.24,4.291,6.94,1831.7,45.33,2236,86,13,0,73.09,4.6859,10.6974
43,78.53,4.006,2.96,1355.3,61.08,22358,106,18,0,74.5,3.6397,26.5304
28,69.04,2.343,5.01,1896.7,74.55,48038,40,2,0,70.43,2.7123,13.7804
7,69.17,1.526,5.94,1223.2,53.45,2660,118,6,0,69.09,2.2812,11.6448
10,58.94,3.182,4.96,1231.9,69.05,30889,81,9,0,70.19,1.1,11.8831
48,76.21,1.418,4.73,1157.7,51.76,29755,115,7,0,70.22,1.7368,16.1121
18,64.09,2.371,6.18,1177.0,50.02,33180,65,18,0,68.3,1.0852,10.3706
38,77.41,1.32,6.11,1574.0,77.38,28233,81,13,0,72.7,1.6834,12.6694
42,78.4,0.906,5.48,1650.2,64.49,5912,63,17,0,72.15,1.3004,14.3066
26,60.99,3.176,6.0,1551.7,62.31,12126,95,13,0,72.45,1.3316,10.165
46,64.79,2.38,5.9,1557.6,34.78,11241,19,9,0,66.21,1.6668,10.9814
30,69.81,3.833,5.74,1731.0,57.22,30665,90,2,0,67.76,1.837,12.162
35,65.45,2.177,5.83,1454.4,54.84,8410,57,10,0,69.16,1.6149,11.2264
48,85.68,0.888,5.25,1169.1,70.59,29804,115,7,0,70.76,1.7796,16.32
28,71.35,4.915,6.74,1460.4,77.33,47794,40,2,0,70.12,2.5514,10.5861
48,94.13,6.174,3.62,1400.6,80.3,29846,115,7,1,72.14,1.868,26.0028
17,63.96,1.952,4.68,1504.1,36.96,48892,49,0,0,70.32,1.533,13.6667
14,78.55,3.985,4.96,1295.6,49.63,33035,41,2,0,68.04,1.5686,15.8367
23,71.14,3.117,4.92,1685.1,42.83,6305,25,12,0,70.29,2.8467,14.4593
46,68.88,1.964,4.97,1330.3,42.84,11108,19,9,0,65.54,1.6639,13.8592
27,72.97,2.158,5.18,1589.4,39.44,2016,52,16,0,69.82,1.5199,14.0869
34,55.69,1.547,5.14,1581.1,67.65,37099,12,19,0,67.06,1.0156,10.8346
5,66.38,1.689,4.86,1655.3,82.44,31585,49,5,0,67.98,0.8671,13.6584
3,74.3,1.859,5.18,1729.4,71.52,50140,40,16,0,72.02,1.5712,14.3436
42,66.97,5.069,1.12,2301.3,80.79,5952,63,17,1,71.77,1.3864,59.7946
29,76.47,2.892,7.01,1372.1,64.33,36897,18,13,0,69.44,1.3341,10.9087
36,85.43,6.354,2.17,1571.7,95.19,32535,32,13,1,69.87,1.5923,39.3687
15,59.53,1.107,8.05,1538.2,62.64,12899,110,16,0,71.25,1.985,7.395
34,63.08,3.953,4.13,1631.4,46.66,37123,12,19,0,66.91,1.0547,15.2736
31,60.26,1.791,4.14,1236.6,68.9,8170,56,3,0,69.53,2.1901,14.5556
20,68.04,1.768,5.28,1607.0,64.29,24895,31,3,0,69.33,1.8988,12.8864
29,67.09,4.299,5.29,1608.2,52.22,37034,18,13,0,69.56,1.4128,12.6824
28,69.12,1.681,5.33,1206.8,58.21,47660,40,2,0,69.11,2.2598,12.9681
48,77.38,0.871,5.97,1125.5,35.46,29575,115,7,0,72.58,1.9171,12.9615
32,78.29,1.49,6.37,1098.2,59.3,26067,56,0,0,71.48,2.0425,12.2904
25,68.14,2.288,5.76,1842.2,66.99,8971,25,2,0,67.91,1.0299,11.8299
45,66.66,3.227,6.06,1527.6,68.8,1279,30,11,0,71.11,4.1745,11.0
21,56.55,1.754,4.56,1409.1,60.55,41495,7,11,0,69.22,3.3661,12.4013
39,72.9,1.64,5.01,1540.5,53.26,34412,15,13,0,71.43,1.8079,14.5509
26,67.06,4.3,5.13,1573.2,52.66,11857,95,13,0,72.31,1.3115,13.0721
32,61.09,5.034,6.4,1335.9,39.82,26083,56,0,0,70.66,2.0823,9.5453
15,62.04,2.153,5.54,1334.0,75.97,12813,110,16,0,71.31,2.0073,11.1986
19,68.7,2.437,4.54,1404.6,51.68,33955,75,12,0,67.75,3.1257,15.1322
48,57.43,2.216,6.3,1634.7,43.75,29818,115,7,0,72.37,1.9008,9.1159
27,90.33,5.366,1.92,1486.9,99.17,2049,52,16,1,70.59,1.6065,47.0469
41,59.08,0.788,5.57,1670.2,65.45,16729,22,7,0,66.07,1.1529,10.6068
20,69.41,1.223,4.39,1816.4,70.33,24649,31,3,0,68.66,1.9084,15.8109
32,78.77,2.358,5.69,1149.3,62.99,26311,56,0,0,71.82,2.0668,13.8436
20,72.84,2.043,5.25,1522.6,47.1,24728,31,3,0,68.82,1.9125,13.8743
48,110.94,13.847,6.21,2068.8,82.6,29770,115,7,1,74.93,2.8958,17.8647
16,82.0,2.071,4.22,1728.2,38.28,3422,83,12,0,71.86,1.1188,19.4313
50,63.97,1.474,4.73,1182.3,53.6,22488,21,3,0,70.21,1.8271,13.5243
37,84.46,7.912,1.85,1336.5,80.37,14387,91,13,1,69.44,1.9296,45.6541
49,68.08,1.641,5.59,1451.1,47.24,35078,62,5,0,70.25,2.2188,12.1789
21,64.89,0.917,5.43,1491.4,38.08,41281,7,11,0,68.44,3.3837,11.9503
31,61.06,3.018,4.67,1362.7,63.89,8230,56,3,0,69.14,2.1335,13.0749
8,65.86,2.915,3.81,1523.1,53.06,39791,98,4,0,72.7,1.556,17.2861
18,67.82,1.144,4.95,1661.5,47.13,33135,65,18,0,68.29,1.1029,13.701
12,74.34,1.842,3.57,1389.0,55.5,32375,111,6,0,72.02,1.6011,20.8235
13,72.19,4.738,3.85,1125.0,88.34,47028,72,9,1,71.49,1.7648,18.7506
27,82.17,1.863,5.51,1494.9,90.2,2335,52,16,0,71.25,1.5713,14.9129
36,66.85,1.749,4.4,1156.0,63.43,32634,32,13,0,69.69,1.5975,15.1932
13,102.11,4.982,2.32,1573.8,105.32,46657,72,9,1,73.49,1.7496,44.0129
35,70.13,0.931,5.4,1742.1,59.72,8375,57,10,0,68.99,1.6412,12.987
6,87.78,3.92,5.11,1427.6,35.7,28549,71,2,0,70.12,1.0611,17.1781
30,68.63,2.95,5.2,939.5,60.24,30836,90,2,0,67.98,1.8325,13.1981
41,65.54,1.286,5.86,1325.6,72.82,17054,22,7,0,65.22,1.1636,11.1843
45,80.12,2.136,4.73,1756.1,14.22,1080,30,11,0,69.99,1.2116,16.9387
6,58.18,1.144,4.63,1437.6,51.78,28734,71,2,0,68.93,1.0621,12.5659
26,59.38,2.33,5.15,1099.9,71.7,11734,95,13,0,71.94,1.3203,11.5301
39,76.54,1.946,5.63,1473.1,42.09,34071,15,13,0,71.46,1.8067,13.595
46,69.69,1.69,6.23,1127.0,47.27,11317,19,9,0,66.39,1.4918,11.1862
17,61.15,2.018,6.35,1666.5,46.95,48942,49,0,0,70.49,1.5034,9.6299
26,50.82,3.384,5.8,1426.3,54.23,12118,95,13,0,71.2,1.2796,8.7621
12,54.56,3.461,5.93,1537.5,53.1,32189,111,6,0,70.72,1.2621,9.2007
15,52.54,2.042,4.73,1460.5,68.56,12673,110,16,0,70.26,2.0243,11.1078
11,52.01,2.933,5.75,1360.9,52.95,39548,84,14,0,68.35,1.2899,9.0452
15,49.58,2.383,5.6,1326.8,45.85,12659,110,16,0,69.83,1.9838,8.8536
42,69.18,2.251,6.91,1574.3,43.79,5991,63,17,0,72.39,1.3254,10.0116
38,77.18,2.289,6.3,1275.5,67.74,28241,81,13,0,73.05,1.6771,12.2508
29,72.53,6.683,6.64,1462.2,58.32,36844,18,13,0,69.89,1.6932,10.9232
13,88.05,5.054,2.64,1991.5,84.26,47015,72,9,1,74.51,1.7289,33.3523
4,64.08,3.907,5.02,1380.1,53.19,31750,45,1,0,69.94,1.1809,12.7649
8,60.86,1.66,4.46,1000.4,78.19,39545,98,4,0,71.94,1.4707,13.6457
33,69.05,2.371,5.68,1366.0,56.89,17648,109,0,0,70.17,1.3348,12.1567
4,83.86,2.173,2.62,1380.8,91.41,31558,45,1,1,70.21,1.1821,32.0076
18,63.26,1.002,5.51,1957.0,78.99,33044,65,18,0,67.93,1.0805,11.4809
22,67.23,3.069,6.82,953.0,41.78,25239,35,6,0,69.52,2.7446,9.8578
32,64.27,4.369,5.88,1368.9,67.42,26253,56,0,0,71.19,2.052,10.9303
18,71.8,3.123,5.08,1463.6,50.54,33181,65,18,0,67.82,1.0931,14.1339
14,52.79,1.329,4.76,1530.1,42.65,32781,41,2,0,67.47,1.5899,11.0903
12,90.99,3.516,5.08,1465.3,48.67,32525,111,6,0,72.0,1.2191,17.9114
38,50.16,1.304,5.63,1220.4,83.88,28207,81,13,0,71.83,1.7016,8.9094
23,68.71,1.546,6.18,1383.0,38.57,6431,25,12,0,69.29,2.8625,11.1181
36,36.62,1.492,6.56,1100.2,48.16,32603,32,13,0,68.4,1.6196,5.5823
23,88.22,2.608,6.06,1538.1,57.54,6457,25,12,0,69.44,2.6251,14.5578
49,62.77,3.093,5.77,934.3,59.96,35118,62,5,0,69.58,2.204,10.8787
34,68.24,3.411,5.0,1887.8,52.95,37070,12,19,0,66.72,1.0434,13.648
12,68.35,2.779,5.77,1491.8,70.13,32246,111,6,0,72.01,1.2125,11.8458
18,68.73,1.284,4.66,1147.1,68.89,32996,65,18,0,67.54,1.1119,14.7489
38,70.13,3.919,5.69,1494.5,59.43,28585,81,13,0,72.13,1.716,12.3251
49,72.67,1.382,4.78,1819.7,64.67,35193,62,5,0,69.45,2.2199,15.2029
14,72.41,3.273,5.69,1168.2,70.55,32947,41,2,0,66.83,1.5903,12.7258
26,74.28,3.304,5.81,1291.0,63.53,11851,95,13,0,71.09,1.2504,12.7849
4,61.43,2.985,6.37,1211.4,60.48,31604,45,1,0,69.71,1.1613,9.6436
27,76.7,2.2,5.91,1471.9,70.24,1928,52,16,0,71.34,1.3726,12.978
24,63.91,2.978,4.81,1426.6,49.8,2432,86,13,0,72.75,4.6521,13.2869
48,62.75,3.082,5.78,1394.5,58.52,29796,115,7,0,74.42,2.8768,10.8564
6,58.26,1.278,6.23,1330.0,74.82,28790,71,2,0,68.18,1.0795,9.3515
4,69.56,4.019,5.89,1361.9,48.49,31714,45,1,0,70.26,1.1599,11.8098
28,75.55,2.856,6.08,1249.1,61.73,47971,40,2,0,69.68,2.216,12.426
37,57.31,4.194,5.82,1295.7,49.13,14586,91,13,0,69.1,1.9275,9.8471
28,66.09,3.221,5.6,1440.5,36.95,47787,40,2,0,69.36,2.2061,11.8018
44,65.75,2.012,5.42,1478.7,55.83,15384,41,3,0,69.46,1.0981,12.131
3,80.69,2.756,6.85,1556.1,57.75,50396,40,16,0,72.49,1.1874,11.7796
49,69.18,3.105,5.61,1402.2,74.94,35166,62,5,0,69.63,2.2082,12.3316
22,63.85,3.902,6.37,1399.1,60.17,25221,35,6,0,69.26,2.735,10.0235
37,72.57,1.43,6.1,1464.2,53.31,14373,91,13,0,69.72,1.9254,11.8967
7,71.56,4.081,5.65,1408.2,73.32,2620,118,6,0,68.75,2.2687,12.6655
43,67.71,2.06,6.06,1480.3,64.06,22400,106,18,0,74.32,3.6327,11.1733
30,60.84,3.778,4.39,1615.0,32.39,31012,90,2,0,67.54,1.8365,13.8588
20,61.21,3.252,4.8,1157.0,58.59,24803,31,3,0,68.38,1.7239,12.7521
49,74.66,1.433,5.11,1286.8,46.71,35237,62,5,0,69.73,2.2079,14.6106
49,69.55,3.072,5.18,1372.1,63.99,35078,62,5,0,70.05,2.2073,13.4266
29,44.53,1.055,5.8,1453.4,51.83,36748,18,13,0,69.34,1.7122,7.6776
17,72.57,3.254,5.27,1157.5,57.4,49110,49,0,0,70.46,1.5022,13.7704
23,84.62,1.191,5.11,1294.2,70.08,6620,25,12,0,69.98,2.6402,16.5597
48,63.0,1.122,5.78,951.1,59.14,29969,115,7,0,74.31,2.9097,10.8997
30,75.51,1.877,6.98,1619.4,59.12,30866,90,2,0,68.05,1.8561,10.8181
49,71.61,0.814,5.63,1432.9,59.72,34932,62,5,0,70.22,2.2364,12.7194
49,79.51,1.202,5.28,1519.8,60.1,34853,62,5,0,70.55,2.2518,15.0587
46,67.33,2.433,5.49,1106.7,60.72,11461,19,9,0,66.52,1.4881,12.2641
29,81.25,1.155,6.47,1653.8,70.06,36663,18,13,0,69.72,1.7201,12.558
22,67.91,2.439,4.38,1425.5,40.98,25150,35,6,0,69.44,2.735,15.5046
41,65.42,3.411,6.67,1541.0,37.18,16950,22,7,0,64.98,1.1863,9.8081
7,57.21,1.348,5.07,2008.0,44.39,2742,118,6,0,68.35,2.2771,11.284
6,84.68,3.585,6.85,1067.4,46.32,28791,71,2,0,68.7,1.1048,12.362
13,70.17,3.183,4.48,1620.2,60.59,46689,72,9,0,74.97,1.7133,15.6629
9,73.7,1.161,4.35,1578.6,51.39,28986,28,7,0,73.86,1.7935,16.9425
25,68.16,2.344,5.73,1348.8,42.88,9045,25,2,0,67.58,1.0299,11.8953
43,69.71,2.423,6.37,1430.8,74.02,22130,106,18,0,74.22,3.6162,10.9435
26,58.37,0.573,5.72,1424.1,60.67,11783,95,13,0,71.14,1.3136,10.2045
8,62.25,1.289,5.99,1777.9,52.01,39649,98,4,0,71.78,1.4727,10.3923
48,70.68,1.638,5.88,1259.4,56.36,29708,115,7,0,74.57,2.916,12.0204
25,64.78,4.617,5.98,1543.1,66.04,8811,25,2,0,67.26,1.1112,10.8328
4,63.72,1.35,6.59,1466.6,50.32,31482,45,1,0,70.21,1.1919,9.6692
14,73.29,2.982,5.33,1801.7,51.54,32752,41,2,0,67.85,1.5855,13.7505
36,65.64,1.796,6.38,1681.6,63.47,32431,32,13,0,68.58,1.6018,10.2884
10,75.85,1.654,5.8,1284.2,62.53,31250,81,9,0,70.63,1.1042,13.0776
19,85.08,1.69,5.58,1321.7,57.25,33938,75,12,0,68.79,3.1345,15.2473
23,76.3,1.904,6.26,1180.7,60.19,6335,25,12,0,70.54,2.6444,12.1885
2,70.29,3.005,5.32,1268.7,66.81,6831,88,17,0,65.96,0.9078,13.2124
2,69.19,2.052,6.35,1269.7,58.64,6621,88,17,0,66.27,0.9002,10.8961
43,74.51,3.595,4.08,1352.3,48.49,22183,106,18,0,73.84,3.5967,18.2623
3,77.11,2.572,4.65,1321.4,52.04,50333,40,16,0,73.03,1.1752,16.5828
37,73.15,0.894,5.62,1110.8,57.97,14663,91,13,0,70.16,1.9307,13.016
9,62.65,2.873,5.84,1504.5,45.83,28974,28,7,0,73.09,1.7919,10.7277
44,65.4,1.357,5.71,1385.2,31.82,15349,41,3,0,69.22,1.1074,11.4536
2,77.54,1.828,6.87,1627.9,50.14,6807,88,17,0,66.72,0.9008,11.2868
7,77.81,3.098,5.45,1522.1,43.69,2701,118,6,0,69.0,2.1771,14.2771
23,70.07,2.673,6.35,1281.5,52.43,6385,25,12,0,70.31,2.616,11.0346
42,61.76,1.091,5.22,1551.0,41.27,5640,63,17,0,72.43,1.2592,11.8314
36,52.49,0.685,5.88,1685.0,49.92,32668,32,13,0,67.91,1.6353,8.9269
47,64.07,7.406,4.85,1392.8,44.3,18144,55,7,0,70.28,2.0904,13.2103
30,59.07,5.649,4.84,1441.6,51.78,30616,90,2,0,67.71,1.9246,12.2045
45,76.78,3.166,5.39,1778.4,44.1,1264,30,11,0,70.09,1.2141,14.2449
1,100.2,9.685,3.36,1533.3,67.37,2488,74,9,1,69.86,2.9291,29.8214
34,64.69,4.872,6.64,1094.4,57.97,37157,12,19,0,66.55,1.1376,9.7425
39,82.63,1.185,6.53,1275.6,71.63,34114,15,13,0,72.3,1.8126,12.6539
41,69.26,2.34,3.75,1315.6,60.65,16840,22,7,0,65.24,1.1701,18.4693
24,67.04,2.897,5.61,1258.3,53.33,2381,86,13,0,72.91,4.636,11.9501
26,59.49,2.191,4.78,1399.4,45.28,11782,95,13,0,70.57,1.2942,12.4456
35,75.11,1.079,4.95,1704.1,62.13,8046,57,10,0,69.54,1.6409,15.1737
15,61.36,1.237,6.39,1618.2,53.85,12501,110,16,0,69.17,2.0122,9.6025
9,48.86,4.076,4.75,1400.2,63.48,28868,28,7,0,72.36,1.8011,10.2863
32,71.19,1.167,5.6,1814.3,75.14,26068,56,0,0,71.28,2.0867,12.7125
8,73.55,1.906,4.57,1339.5,32.59,39756,98,4,0,71.75,1.4608,16.0941
32,84.79,0.936,5.52,1656.2,40.77,26220,56,0,0,71.56,2.1105,15.3605
30,65.17,2.4,3.6,1594.0,48.35,30873,90,2,0,67.23,1.9218,18.1028
5,66.7,2.726,5.75,1433.5,74.32,31540,49,5,0,67.53,0.871,11.6
50,69.52,2.759,4.9,1284.9,48.7,22430,21,3,0,70.16,1.8012,14.1878
12,63.59,1.479,4.43,1378.7,65.81,32651,111,6,0,71.78,1.2187,14.3544
49,52.75,1.97,5.6,1032.2,56.96,35312,62,5,0,70.0,2.2564,9.4196
19,64.51,3.113,7.22,1220.6,68.0,33878,75,12,0,68.65,3.1278,8.9349
32,55.16,2.544,6.77,1362.5,52.14,26088,56,0,0,70.95,2.1127,8.1477
37,79.17,0.987,6.06,1400.0,50.16,14448,91,13,0,71.02,1.9784,13.0644
22,65.48,2.686,5.17,1528.8,46.73,25335,35,6,0,68.49,2.7329,12.6654
35,70.15,1.05,5.09,1475.0,79.43,8136,57,10,0,69.74,1.4279,13.7819
21,80.5,1.633,6.11,1523.8,31.56,41489,7,11,0,68.58,3.3734,13.1751
38,65.42,2.445,4.75,1784.1,61.79,28469,81,13,0,72.5,1.705,13.7726
17,76.66,1.724,5.15,1481.7,64.45,48967,49,0,0,70.22,1.406,14.8854
7,109.43,7.422,2.98,1507.2,61.7,2618,118,6,1,70.72,2.3248,36.7215
33,68.72,7.187,5.63,1175.6,74.76,17819,109,0,0,71.3,1.6212,12.206
16,72.86,2.498,5.48,1331.3,54.94,3232,83,12,0,71.87,1.106,13.2956
11,67.48,7.734,5.2,1315.6,47.77,40009,84,14,0,68.44,1.5868,12.9769
41,107.32,3.777,4.13,1273.5,78.41,16601,22,7,1,66.19,1.2086,25.9855
1,66.54,2.087,5.39,1519.9,45.55,2322,74,9,0,70.17,2.9218,12.3451
21,60.11,2.361,4.15,1440.7,52.32,41233,7,11,0,68.62,3.3729,14.4843
44,51.36,1.705,5.79,1477.8,58.2,15575,41,3,0,68.88,1.1179,8.8705
42,71.92,3.375,5.41,1229.3,52.03,5644,63,17,0,72.72,1.2116,13.2939
28,73.46,7.196,6.77,1062.9,44.72,47993,40,2,0,69.67,2.3458,10.8508
14,65.69,3.709,4.95,1430.0,52.24,32893,41,2,0,67.96,1.5903,13.2707
20,72.63,1.604,5.04,1543.9,65.03,24669,31,3,0,68.62,1.7372,14.4107
21,67.09,2.389,6.7,1311.6,61.12,41504,7,11,0,68.95,3.3633,10.0134
14,79.19,1.664,5.6,1233.7,72.71,32800,41,2,0,68.06,1.606,14.1411
21,111.59,8.045,5.81,2057.8,61.17,41479,7,11,1,70.68,3.4928,19.2065
48,81.52,5.732,4.92,1514.9,61.7,29684,115,7,0,74.53,2.926,16.5691
43,54.06,1.102,5.65,1421.8,59.41,22388,106,18,0,72.97,3.6033,9.5681
47,84.25,1.217,4.58,1556.6,56.88,17850,55,7,0,71.19,2.12,18.3952
28,71.04,1.574,3.78,1506.6,49.85,47985,40,2,0,69.83,2.3453,18.7937
24,61.81,1.528,6.16,1386.2,32.67,2423,86,13,0,72.71,4.6243,10.0341
15,67.42,3.971,5.67,1099.6,60.97,12789,110,16,0,69.44,1.9503,11.8907
33,78.28,1.954,5.14,1475.7,53.87,17833,109,0,0,71.49,1.6304,15.2296
26,64.81,2.034,5.15,1291.0,49.57,12117,95,13,0,70.59,1.3054,12.5845
15,76.83,1.883,7.16,1259.7,23.82,12923,110,16,0,70.1,1.728,10.7304
49,70.6,3.564,6.14,1407.9,43.84,35178,62,5,0,70.49,2.2451,11.4984
45,54.41,1.743,6.41,1736.8,52.19,984,30,11,0,69.61,1.2308,8.4883
22,56.84,1.576,5.27,1660.2,62.34,25064,35,6,0,68.14,2.7293,10.7856
37,52.4,1.526,5.81,1543.4,53.48,14774,91,13,0,70.29,1.9932,9.0189
50,51.15,3.49,5.69,1118.0,71.12,22118,21,3,0,69.46,1.8028,8.9895
25,65.6,3.0,7.25,1560.9,47.08,8904,25,2,0,67.25,1.0987,9.0483
49,72.26,2.436,6.19,1529.7,59.5,35149,62,5,0,70.92,2.246,11.6737
40,74.58,1.965,5.01,1694.6,54.04,39447,23,8,0,68.85,1.1835,14.8862
11,75.02,2.022,5.08,1628.6,40.2,39537,84,14,0,68.59,1.5882,14.7677
1,80.88,1.558,5.15,1547.4,64.3,2338,74,9,0,69.73,2.8615,15.7049
21,62.68,1.794,4.19,1096.3,51.53,41216,7,11,0,69.98,3.5017,14.9594
20,77.13,4.507,2.62,1420.2,117.18,24584,31,3,1,69.11,1.7546,29.4389
7,58.59,1.927,5.55,1273.0,58.43,3003,118,6,0,70.56,2.3294,10.5568
36,55.62,2.114,6.08,1469.9,51.36,32353,32,13,0,66.73,1.4722,9.148
23,78.68,2.866,6.19,1346.8,59.56,6645,25,12,0,70.76,2.6039,12.7108
47,56.08,2.399,5.31,1436.3,52.77,17807,55,7,0,70.8,2.1223,10.5612
19,57.59,2.225,4.18,1341.7,62.22,34096,75,12,0,67.89,3.0988,13.7775
1,61.88,2.658,4.69,1490.8,40.77,2348,74,9,0,70.16,2.8616,13.194
23,62.68,5.903,4.69,1433.7,48.54,6563,25,12,0,71.16,2.6896,13.3646
16,66.6,2.118,7.48,969.7,72.17,3147,83,12,0,70.71,1.1052,8.9037
49,63.43,1.753,5.32,1478.2,66.03,35215,62,5,0,70.69,2.2431,11.9229
15,72.08,1.982,6.29,1611.6,35.96,12646,110,16,0,70.16,1.7155,11.4595
7,68.3,3.001,5.0,1470.0,43.39,2808,118,6,0,70.47,2.3215,13.66
11,67.93,2.776,5.52,1643.3,53.38,39558,84,14,0,69.04,1.5702,12.3062
38,64.81,1.745,5.14,1504.7,52.83,28162,81,13,0,71.94,1.6561,12.6089
6,54.65,3.874,5.14,1667.6,56.97,28608,71,2,0,69.22,1.1471,10.6323
43,58.26,3.669,5.25,1625.5,69.82,22453,106,18,0,71.3,3.6025,11.0971
22,71.24,2.232,5.03,1424.7,60.27,25199,35,6,0,67.81,2.7308,14.163
32,75.46,1.714,5.21,1579.3,60.92,25829,56,0,0,71.92,2.1211,14.4837
19,68.15,1.967,5.63,1565.2,62.82,33959,75,12,0,67.65,1.3297,12.1048
13,60.27,1.208,7.66,1374.9,52.33,46983,72,9,0,74.5,1.7421,7.8681
32,69.36,6.379,7.06,1208.0,37.96,26311,56,0,0,70.65,1.6855,9.8244
3,61.42,1.74,5.19,1294.9,46.67,50138,40,16,0,72.79,1.1451,11.8343
19,65.68,2.347,5.7,1287.8,63.06,33907,75,12,0,67.97,1.2272,11.5228
45,79.73,1.652,5.84,1255.2,59.48,1139,30,11,0,69.95,1.2511,13.6524
18,68.01,1.771,5.47,1489.4,55.68,32923,65,18,0,67.91,1.1173,12.4333
20,108.44,3.779,3.3,1969.1,87.18,24869,31,3,1,70.84,1.7343,32.8606
8,87.12,2.183,2.2,1748.2,84.82,39916,98,4,1,72.85,1.4152,39.6
22,64.69,2.333,4.53,1327.7,49.63,25316,35,6,0,67.93,2.71,14.2804
48,63.09,1.005,5.45,1377.6,69.5,29811,115,7,0,73.56,2.9613,11.5761
44,70.69,1.193,5.16,1585.0,66.9,15392,41,3,0,68.71,1.1513,13.6996
4,62.83,2.403,5.81,1635.4,40.82,31902,45,1,0,70.27,1.1727,10.8141
26,68.06,2.343,5.82,1521.5,53.06,12207,95,13,0,70.47,1.3103,11.6942
27,62.86,1.576,6.13,1597.0,59.2,2092,52,16,0,70.6,1.3866,10.2545
11,70.82,1.282,5.6,1623.3,10.0,39955,84,14,0,68.76,1.5975,12.6464
15,77.79,2.914,6.62,1503.5,84.2,12526,110,16,0,70.62,1.7167,11.7508
9,80.82,1.58,5.53,1244.5,73.42,28783,28,7,0,72.71,1.8172,14.6148
5,62.28,2.772,5.57,1271.2,67.0,31266,49,5,0,66.32,0.8756,11.1813
22,79.88,2.985,5.68,1650.1,56.2,25209,35,6,0,68.35,2.6921,14.0634
36,67.28,1.738,3.46,1645.1,72.13,32284,32,13,0,66.8,1.4827,19.4451
8,69.11,4.99,6.32,1278.6,59.82,39831,98,4,0,71.26,1.2851,10.9351
8,78.76,2.171,6.59,1724.5,37.5,39730,98,4,0,71.32,1.2856,11.9514
45,93.19,4.356,5.07,1699.6,61.15,1224,30,11,1,71.38,1.2569,18.3807
18,63.29,3.324,5.66,1363.0,58.62,32767,65,18,0,67.39,1.1364,11.182
24,68.05,2.418,7.68,1334.0,68.51,2326,86,13,0,73.26,4.6175,8.8607
44,74.98,1.478,6.27,1835.7,42.69,15647,41,3,0,68.62,1.1488,11.9585
12,66.12,2.338,5.27,1547.5,61.42,32461,111,6,0,71.71,1.166,12.5465
36,59.32,1.139,6.0,1392.9,68.25,32500,32,13,0,66.77,1.472,9.8867
32,67.29,2.006,4.24,1617.2,55.46,25864,56,0,0,70.15,1.6588,15.8703
14,67.77,0.8,5.4,1500.1,37.88,33051,41,2,0,68.47,1.6152,12.55
17,63.77,1.719,4.71,1244.7,64.35,49209,49,0,0,70.33,1.4024,13.5393
24,75.62,1.295,5.15,1551.9,65.25,2245,86,13,0,73.4,4.6447,14.6835
4,75.54,1.537,5.87,1631.8,64.5,31534,45,1,0,70.11,1.1991,12.8688
20,66.83,3.264,5.15,1785.3,68.37,24636,31,3,0,71.17,1.7329,12.9767
28,82.65,4.816,7.25,1315.3,36.71,47943,40,2,0,70.31,2.3082,11.4
2,62.52,1.57,5.89,1420.5,77.81,6638,88,17,0,67.07,0.9051,10.6146
40,83.1,1.348,6.75,1621.4,39.24,39366,23,8,0,70.06,1.207,12.3111
46,78.35,4.143,5.08,1634.6,58.71,11192,19,9,0,67.51,1.1033,15.4232
24,77.63,1.231,5.54,1360.7,47.46,2241,86,13,0,73.37,4.6345,14.0126
33,69.2,3.725,5.17,1216.7,63.08,17380,109,0,0,71.32,1.611,13.3849
11,79.03,1.141,5.48,1494.3,84.34,39793,84,14,0,69.33,1.5796,14.4215
13,77.14,0.965,5.94,1306.5,32.89,46841,72,9,0,74.38,1.7582,12.9865
41,76.26,1.583,6.59,1566.3,64.64,16856,22,7,0,66.39,1.2018,11.5721
35,65.38,5.198,5.49,1461.3,75.15,8061,57,10,0,69.26,1.5601,11.9089
47,57.62,2.053,5.26,1086.3,60.37,18122,55,7,0,70.03,2.1273,10.9544
22,61.49,3.317,5.65,1392.1,52.99,24949,35,6,0,67.77,2.6808,10.8832
38,65.49,3.598,4.84,1826.9,49.72,28140,81,13,0,71.73,1.541,13.531
27,77.85,4.882,3.46,1548.1,88.34,2137,52,16,1,70.91,1.448,22.5
16,72.33,3.163,5.39,1662.2,78.84,3034,83,12,0,71.19,1.0988,13.4193
27,59.16,2.611,5.69,1376.3,63.77,2348,52,16,0,70.56,1.4479,10.3972
9,67.64,4.989,5.41,1790.9,48.49,28538,28,7,0,72.32,1.6846,12.5028
25,70.52,1.639,5.94,1248.6,54.55,8901,25,2,0,67.73,1.0978,11.8721
41,58.19,3.956,5.25,1221.7,63.44,17004,22,7,0,66.4,1.2324,11.0838
40,75.8,9.66,5.74,1611.2,74.34,39131,23,8,0,70.73,1.8791,13.2056
32,66.55,2.293,4.98,1482.3,54.52,25960,56,0,0,70.24,1.6202,13.3635
18,73.85,2.169,4.92,1549.6,55.98,33100,65,18,0,67.18,1.0068,15.0102
24,56.54,2.207,5.65,1390.6,70.71,2478,86,13,0,72.02,4.5212,10.0071
10,72.17,6.506,3.24,1324.0,98.21,31143,81,9,1,71.2,1.4166,22.2747
24,60.43,5.536,5.78,1639.6,45.95,2562,86,13,0,71.68,4.5228,10.455
49,63.4,3.482,4.49,1686.6,70.85,35189,62,5,0,70.25,2.2396,14.1203
8,71.43,1.778,4.61,1473.5,50.87,39822,98,4,0,71.44,1.2363,15.4946
24,78.96,2.085,5.37,1374.3,58.56,2218,86,13,0,72.32,4.5358,14.7039
9,62.01,1.946,5.63,1413.4,50.9,28870,28,7,0,72.55,1.6739,11.0142
8,61.45,1.027,5.29,1640.9,44.47,39908,98,4,0,70.96,1.2605,11.6163
4,78.68,2.642,5.93,1685.3,55.11,31707,45,1,0,70.51,1.1963,13.2681
30,64.19,1.452,5.55,1661.4,56.09,31005,90,2,0,67.55,1.9569,11.5658
27,53.38,0.819,6.38,1367.8,26.02,2014,52,16,0,70.07,1.3847,8.3668
26,69.33,1.168,6.51,1479.0,48.91,11932,95,13,0,70.02,1.3594,10.6498
47,78.45,1.559,6.9,1683.2,58.13,17740,55,7,0,70.16,2.1114,11.3696
30,71.86,2.25,4.56,1394.0,72.93,30723,90,2,0,67.65,1.8943,15.7588
8,73.77,4.588,6.08,1628.5,60.47,39739,98,4,0,70.76,1.3311,12.1332
1,64.47,1.3,3.57,1482.2,57.92,2591,74,9,0,70.11,2.8789,18.0588
47,68.06,1.859,5.45,1485.5,43.55,18147,55,7,0,70.12,2.1122,12.4881
21,83.07,2.13,4.41,1880.7,70.41,41588,7,11,0,69.73,3.5122,18.8367
5,68.98,4.087,6.63,1396.2,55.07,31217,49,5,0,66.3,0.9291,10.4042
2,63.69,2.909,5.7,1440.9,52.89,6608,88,17,0,67.14,0.9053,11.1737
2,77.06,2.078,5.58,1228.8,51.78,6894,88,17,0,67.47,0.879,13.81
23,58.15,2.603,6.59,1898.3,49.65,6260,25,12,0,70.54,2.6745,8.824
29,70.05,1.335,6.23,1429.7,44.13,37117,18,13,0,70.06,1.7252,11.244
10,54.22,2.151,4.83,1434.5,46.65,31069,81,9,0,70.27,1.4109,11.2257
30,68.09,1.249,5.75,1304.9,62.19,30944,90,2,0,67.16,1.9137,11.8417
15,64.81,3.212,5.74,1363.2,55.05,12604,110,16,0,70.3,1.7094,11.2909
35,103.03,9.973,3.93,2258.5,103.61,8330,57,10,1,70.55,2.1936,26.2163
21,67.13,5.629,6.7,1338.6,54.83,41522,7,11,0,69.86,3.5358,10.0194
50,76.03,4.234,5.57,1496.4,47.24,22495,21,3,0,70.2,1.7879,13.6499
46,54.73,3.656,6.32,1589.3,60.14,11308,19,9,0,67.27,1.1129,8.6598
50,78.29,1.07,3.64,1631.7,54.83,22237,21,3,0,70.21,1.824,21.5082
4,64.53,4.131,6.69,765.7,48.13,31648,45,1,0,69.88,1.2248,9.6457
20,80.96,1.634,5.48,1517.4,48.42,24639,31,3,0,71.65,1.7307,14.7737
8,64.27,1.463,5.78,1367.7,47.48,39639,98,4,0,70.61,1.3341,11.1194
17,60.38,2.614,5.04,1199.2,36.01,49171,49,0,0,70.11,1.3697,11.9802
46,70.71,3.735,5.22,1419.3,52.16,11308,19,9,0,67.25,1.1136,13.546
43,64.01,1.936,6.97,1676.0,85.49,22361,106,18,0,70.95,3.5744,9.1836
16,80.74,3.564,6.54,1529.0,46.54,3255,83,12,0,72.26,1.1157,12.3456
32,60.35,4.696,5.89,1433.0,44.55,26034,56,0,0,70.29,1.645,10.2462
13,69.52,0.618,5.4,1367.9,58.89,46706,72,9,0,74.02,1.8357,12.8741
19,64.19,3.584,6.49,1514.2,47.86,34310,75,12,0,67.98,1.2121,9.8906
31,74.85,1.466,6.32,1432.9,43.01,8594,56,3,0,69.33,2.1642,11.8434
39,75.39,0.932,6.13,1165.8,82.4,34425,15,13,0,72.43,1.8313,12.2985
2,57.51,2.188,5.79,1441.3,44.54,6710,88,17,0,67.28,0.8762,9.9326
35,50.59,2.003,5.28,1634.6,55.77,8174,57,10,0,69.69,2.1829,9.5814
33,65.6,0.968,6.29,1094.5,59.45,17631,109,0,0,70.75,1.6549,10.4293
25,68.99,1.69,6.21,1497.4,60.43,8892,25,2,0,68.37,1.1013,11.1095
9,69.44,1.822,6.42,1512.9,60.05,28814,28,7,0,72.63,1.649,10.8162
2,84.44,3.717,6.48,1210.4,65.69,7019,88,17,0,67.79,0.8885,13.0309
23,56.29,1.361,5.82,1682.2,54.23,6353,25,12,0,70.28,2.6891,9.6718
13,64.67,2.435,4.87,1417.7,44.73,46757,72,9,0,73.73,1.8321,13.2793
25,59.33,1.903,4.92,1280.8,66.61,8841,25,2,0,68.0,1.0967,12.0589
11,65.18,1.655,6.37,1808.3,47.52,39652,84,14,0,69.3,1.5976,10.2323
27,74.17,2.758,5.56,1519.6,47.27,2400,52,16,0,69.58,1.2683,13.3399
1,62.14,3.573,6.69,1730.7,38.77,2612,74,9,0,69.95,2.878,9.2885
41,72.73,1.782,5.83,1357.6,50.88,16636,22,7,0,66.28,1.2057,12.4751
9,79.64,2.521,6.39,1374.0,55.61,28713,28,7,0,73.05,1.6159,12.4632
41,68.51,2.001,6.21,1638.9,57.97,16873,22,7,0,66.3,1.2054,11.0322
18,69.72,2.796,4.98,1090.4,49.71,32744,65,18,0,67.21,0.9338,14.0
29,73.15,2.523,4.34,1391.5,46.49,36905,18,13,0,70.3,1.7257,16.8548
50,68.76,1.64,4.43,1312.6,58.89,22526,21,3,0,70.38,1.842,15.5214
50,64.52,2.395,5.49,1430.6,69.24,22295,21,3,0,69.05,1.7828,11.7523
16,68.69,1.55,6.29,870.9,61.87,3058,83,12,0,72.18,1.1329,10.9205
9,69.13,2.084,4.29,1637.6,44.78,28878,28,7,0,72.99,1.5926,16.1142
3,57.46,3.048,5.1,1200.5,45.04,49935,40,16,0,71.79,1.1492,11.2667
42,60.32,4.93,5.17,1399.6,53.57,5949,63,17,0,72.68,1.3147,11.6673
26,69.08,2.655,6.93,1091.3,50.47,12139,95,13,0,70.42,1.36,9.9683
26,70.11,2.275,5.03,1497.1,54.59,12195,95,13,0,70.22,1.3593,13.9384
7,70.23,1.423,6.27,1634.6,45.5,3045,118,6,0,70.8,2.32,11.201
18,75.49,3.433,5.28,1512.5,68.04,32855,65,18,0,67.59,0.96,14.2973
47,66.54,0.765,5.88,1602.2,60.44,17659,55,7,0,69.85,2.1454,11.3163
46,56.14,3.218,6.43,1084.2,30.39,11094,19,9,0,66.24,1.1206,8.7309
48,77.46,1.64,6.36,1640.0,54.42,29978,115,7,0,74.18,2.97,12.1792
10,69.2,5.457,4.53,1638.2,59.13,30978,81,9,0,70.25,1.5452,15.2759
22,66.06,4.274,5.74,1276.7,42.79,25250,35,6,0,67.69,2.6912,11.5087
47,63.82,1.848,4.91,1327.4,67.84,17714,55,7,0,69.5,2.1509,12.998
33,65.7,1.536,6.09,1233.6,66.16,17399,109,0,0,70.34,1.6725,10.7882
15,71.62,2.865,4.16,1334.0,73.8,12919,110,16,0,70.04,1.7109,17.2163
19,68.3,1.67,4.9,1562.0,66.59,33998,75,12,0,67.95,1.1951,13.9388
26,105.38,3.917,3.86,1536.4,51.29,11886,95,13,1,71.93,1.3282,27.3005
28,72.94,2.932,5.57,1656.2,70.61,47694,40,2,0,70.02,1.7651,13.0952
12,61.61,2.666,4.7,1402.8,34.99,32304,111,6,0,71.31,1.1514,13.1085
50,64.55,1.897,4.84,1500.4,76.5,22167,21,3,0,68.9,1.7943,13.3368
9,44.42,7.417,6.9,1429.7,56.12,28759,28,7,0,70.69,1.8535,6.4377
2,69.17,1.907,4.01,1466.7,46.9,6720,88,17,0,68.06,0.889,17.2494
45,56.73,1.257,5.87,1300.8,45.07,1192,30,11,0,70.84,1.2394,9.6644
16,67.23,3.646,5.28,1684.6,53.68,3225,83,12,0,71.69,1.1376,12.733
44,76.28,1.687,5.74,1461.5,54.93,15460,41,3,0,68.62,1.1607,13.2892
42,69.7,1.703,6.53,1687.0,68.95,5946,63,17,0,72.98,1.2758,10.6738
48,56.02,2.735,4.42,1448.4,66.64,29571,115,7,0,73.96,2.9381,12.6742
9,66.48,3.288,5.94,1376.7,53.84,28542,28,7,0,70.76,1.8222,11.1919
32,71.13,1.786,6.16,1389.3,68.29,26243,56,0,0,70.3,1.6605,11.5471
31,61.5,3.31,5.79,1377.9,41.13,8579,56,3,0,68.89,2.1603,10.6218
39,65.84,4.567,5.7,1395.3,60.27,34264,15,13,0,72.74,1.8783,11.5509
14,67.75,1.434,5.52,1536.3,55.35,32850,41,2,0,69.23,1.6322,12.2736
31,61.17,1.575,5.45,1564.6,48.86,8588,56,3,0,69.11,2.1467,11.2239
46,59.23,3.287,4.65,1887.6,62.31,11369,19,9,0,66.2,1.1246,12.7376
35,73.72,1.926,5.71,1847.2,59.56,8251,57,10,0,69.88,2.1701,12.9107
40,69.87,1.697,6.42,1087.5,51.81,39293,23,8,0,70.97,1.8759,10.8832
10,61.97,1.554,6.41,1173.7,65.73,31179,81,9,0,68.59,1.5177,9.6677
37,68.11,2.496,5.0,1270.3,41.43,14719,91,13,0,69.98,1.9871,13.622
20,106.52,4.913,1.03,2177.8,81.88,24721,31,3,1,73.49,1.7784,103.4175
13,57.56,2.231,5.64,1626.8,72.68,47062,72,9,0,72.99,1.8366,10.2057
41,73.78,1.732,5.66,1490.7,64.93,16840,22,7,0,66.21,1.1927,13.0353
14,75.7,2.168,4.24,1623.0,64.1,32798,41,2,0,69.09,1.145,17.8538
36,80.34,0.946,6.35,1541.6,67.61,32340,32,13,0,67.94,1.5072,12.652
44,69.24,3.028,5.39,1576.6,46.2,15276,41,3,0,68.62,1.1642,12.846
45,70.37,2.34,5.21,1405.8,51.63,1056,30,11,0,71.09,1.2164,13.5067
22,77.3,3.537,5.84,1530.4,41.97,25203,35,6,0,67.92,2.674,13.2363
5,63.28,2.321,6.38,1544.7,45.33,31575,49,5,0,66.28,0.8782,9.9185
16,58.57,0.635,5.45,1580.1,53.86,3348,83,12,0,70.91,1.1858,10.7468
29,99.08,11.27,2.74,1047.2,70.59,36997,18,13,1,71.42,2.5126,36.1606
35,51.57,2.004,5.33,1274.6,69.72,8283,57,10,0,69.08,2.1608,9.6754
47,68.46,1.308,6.09,1535.8,64.5,18061,55,7,0,69.29,2.1341,11.2414
14,68.02,1.647,5.44,1391.7,63.92,32959,41,2,0,68.7,1.1562,12.5037
3,65.08,2.356,6.17,1372.0,54.36,50304,40,16,0,71.94,1.1454,10.5478
24,79.29,2.181,5.8,1229.9,57.56,2383,86,13,0,72.25,4.5188,13.6707
8,74.64,1.399,4.85,1762.8,32.17,39591,98,4,0,70.2,1.2675,15.3897
6,69.81,0.388,5.77,1563.1,41.24,28503,71,2,0,69.12,1.2144,12.0988
18,60.02,3.598,5.41,1494.9,49.29,33096,65,18,0,67.35,0.9445,11.0943
2,76.59,2.143,5.85,1415.7,39.7,6765,88,17,0,68.6,0.866,13.0923
15,70.22,4.606,4.78,1449.6,43.91,12961,110,16,0,69.86,1.7244,14.6904
45,79.73,1.737,7.1,1381.0,50.08,1376,30,11,0,70.35,1.2308,11.2296
20,78.15,2.674,6.4,1599.6,66.43,24828,31,3,0,73.98,1.7399,12.2109
45,60.4,2.333,6.61,1258.9,62.29,1315,30,11,0,69.8,1.2214,9.1377
23,69.84,4.125,5.58,1301.9,59.1,6267,25,12,0,70.28,2.7042,12.5161
8,73.54,2.901,7.69,1287.0,66.88,39780,98,4,0,69.26,1.1786,9.5631
41,70.45,1.915,6.76,1568.6,37.4,16949,22,7,0,66.47,1.1964,10.4216
5,81.48,3.599,7.45,1397.5,65.03,31125,49,5,0,66.6,0.9042,10.9369
37,67.38,1.604,4.66,1369.7,79.04,14534,91,13,0,70.16,1.9885,14.4592
15,65.41,1.16,5.0,1077.9,57.42,12667,110,16,0,68.75,1.3285,13.082
18,66.86,8.806,5.37,1753.9,52.46,33141,65,18,0,67.55,1.6183,12.4507
25,78.96,1.484,4.41,1601.9,47.57,8973,25,2,0,67.91,1.0982,17.9048
2,83.96,6.77,4.09,1830.6,72.6,6612,88,17,1,69.16,1.2865,20.5281
4,68.94,2.633,5.06,1580.5,67.69,31885,45,1,0,69.48,1.2107,13.6245
40,82.45,3.259,5.28,1717.5,38.01,39282,23,8,0,71.94,1.8766,15.6155
1,84.61,7.298,3.09,1030.3,81.91,2575,74,9,1,70.55,2.9962,27.3819
31,54.09,2.382,6.08,1275.6,61.34,8257,56,3,0,68.55,2.1505,8.8964
38,73.57,1.418,4.4,1157.0,63.69,28207,81,13,0,72.11,1.5585,16.7205
31,64.74,1.798,4.95,1431.3,44.07,8295,56,3,0,68.69,2.1489,13.0788
42,79.64,2.032,5.74,1652.8,58.95,5816,63,17,0,73.76,1.2724,13.8746
16,64.41,1.972,4.75,1448.3,32.56,2983,83,12,0,70.66,1.1652,13.56
5,109.06,4.769,3.09,1178.9,73.47,31519,49,5,1,67.09,1.0048,35.2945
12,66.26,3.124,5.1,1612.0,21.56,32293,111,6,0,71.1,1.1515,12.9922
1,68.87,2.367,4.83,1314.4,56.43,2543,74,9,0,70.27,2.9964,14.2588
22,73.74,1.707,6.13,1344.7,46.62,25045,35,6,0,68.6,2.6602,12.0294
49,69.53,1.898,6.89,1551.1,55.33,35005,62,5,0,70.43,2.2466,10.0914
36,66.29,2.504,5.38,1179.4,37.51,32641,32,13,0,67.76,1.507,12.3216
36,62.07,5.83,3.86,1174.0,55.98,32313,32,13,0,67.7,1.645,16.0803
50,59.59,2.201,5.52,1185.2,61.88,22520,21,3,0,68.3,1.7832,10.7953
22,71.72,1.668,4.01,1513.7,64.3,25266,35,6,0,69.01,2.649,17.8853
7,61.62,0.618,5.38,1219.8,66.1,2965,118,6,0,70.55,2.3358,11.4535
31,57.4,4.663,5.6,1330.4,57.62,8352,56,3,0,68.76,2.1736,10.25
38,89.94,1.904,5.94,1535.0,73.01,28394,81,13,0,72.9,1.5642,15.1414
30,62.4,0.811,4.48,1749.0,53.17,31045,90,2,0,67.54,1.9713,13.9286
23,77.73,1.513,5.67,1669.6,58.02,6631,25,12,0,70.69,2.7069,13.709
2,76.65,4.026,5.02,1420.4,56.55,6785,88,17,0,69.82,1.276,15.2689
31,71.4,1.33,4.42,1489.5,55.8,8238,56,3,0,68.72,2.2022,16.1538
30,68.72,2.101,4.32,1407.3,61.07,31024,90,2,0,67.62,1.9447,15.9074
44,92.77,1.775,6.07,1253.4,56.49,15443,41,3,0,69.33,1.1722,15.2834
25,69.01,2.613,5.59,1759.3,38.38,8802,25,2,0,67.84,1.0949,12.3453
24,67.71,1.939,6.1,1607.7,40.3,2486,86,13,0,72.34,4.5189,11.1
6,70.45,1.83,5.41,1420.3,58.59,28711,71,2,0,69.16,1.2032,13.0222
18,78.54,1.927,5.55,1577.7,75.06,32736,65,18,0,68.45,1.6048,14.1514
10,74.52,2.759,4.63,1546.3,57.17,31342,81,9,0,68.66,1.5194,16.095
32,69.47,2.563,5.85,1274.2,38.66,26321,56,0,0,70.17,1.6554,11.8752
29,73.83,1.328,5.51,1634.8,42.26,36745,18,13,0,71.81,2.5216,13.3993
13,67.48,1.038,4.7,1467.4,41.2,46993,72,9,0,73.33,1.8822,14.3574
15,68.18,2.001,5.34,1587.0,63.33,12761,110,16,0,67.17,1.3258,12.7678
25,75.22,4.328,4.57,1506.1,39.69,9175,25,2,0,67.91,1.1387,16.4595
26,62.24,3.498,4.94,1048.1,64.77,12089,95,13,0,71.46,1.2091,12.5992
7,73.64,1.543,5.41,1306.6,49.13,2880,118,6,0,70.1,2.3564,13.6118
11,60.98,4.007,6.15,1618.9,65.61,39845,84,14,0,68.86,1.6167,9.9154
26,69.3,2.608,4.77,1196.8,51.5,11849,95,13,0,71.3,1.1746,14.5283
2,76.35,2.086,5.99,1457.8,65.29,6620,88,17,0,69.52,1.2548,12.7462
38,57.45,1.408,5.3,1367.8,54.65,28181,81,13,0,70.46,0.8773,10.8396
33,77.22,2.878,5.58,1299.5,73.68,17769,109,0,0,70.2,1.6581,13.8387
36,71.81,3.14,4.67,1417.9,55.95,32589,32,13,0,68.12,1.6038,15.3769
22,87.41,4.657,5.37,1377.3,60.71,25206,35,6,0,70.32,2.6642,16.2775
27,78.02,1.667,7.27,1414.5,43.31,2263,52,16,0,69.17,1.2628,10.7318
5,69.39,5.256,5.18,1311.1,66.94,31494,49,5,0,67.44,1.1399,13.3958
19,58.14,1.914,6.31,1618.0,57.78,34321,75,12,0,67.73,1.1902,9.2139
1,64.43,1.986,4.95,1555.4,56.3,2728,74,9,0,69.05,1.9999,13.0162
3,55.77,2.444,5.93,1302.7,69.03,50416,40,16,0,72.2,1.114,9.4047
47,71.93,5.749,5.26,1556.7,25.2,18001,55,7,0,69.85,2.2059,13.6749
17,60.97,2.343,3.81,1314.0,51.3,48970,49,0,0,70.14,1.3699,16.0026
36,67.76,2.022,5.14,1477.7,52.27,32434,32,13,0,68.12,1.5848,13.1829
23,64.04,3.301,6.03,1596.5,65.36,6586,25,12,0,70.67,2.71,10.6202
5,61.08,2.231,7.2,1270.5,55.33,31435,49,5,0,67.48,1.1074,8.4833
50,75.59,1.944,4.89,1632.6,53.31,22216,21,3,0,68.64,1.7854,15.4581
29,52.02,1.851,6.17,1595.1,43.97,37143,18,13,0,71.06,2.5229,8.4311
17,66.28,1.108,6.38,1371.6,46.65,48745,49,0,0,69.83,1.3904,10.3887
37,93.09,3.991,3.22,1889.9,99.7,14284,91,13,1,70.48,1.9565,28.9099
5,63.06,2.671,5.2,1683.4,38.08,31586,49,5,0,66.85,1.0933,12.1269
42,71.16,0.629,4.99,1340.5,41.64,5983,63,17,0,73.77,1.312,14.2605
10,61.45,1.654,4.42,1564.6,55.85,31322,81,9,0,68.58,1.5106,13.9027
26,59.15,1.325,5.42,1666.5,55.18,12097,95,13,0,70.65,1.2129,10.9133
28,62.55,3.153,5.96,1449.1,56.68,47956,40,2,0,70.19,1.7467,10.495
3,73.41,1.702,5.96,1156.5,38.17,50046,40,16,0,72.27,1.1183,12.3171
4,73.08,3.703,5.09,1572.3,59.9,31775,45,1,0,69.62,1.2123,14.3576
1,96.66,3.295,5.5,1713.0,38.28,2537,74,9,1,70.46,2.0053,17.5745
30,84.72,6.542,3.72,1389.9,88.11,30766,90,2,1,68.08,2.0299,22.7742
25,73.37,2.09,6.35,1392.9,47.95,9052,25,2,0,68.2,1.047,11.5543
39,63.67,2.396,5.13,1593.3,43.08,34118,15,13,0,71.77,1.0523,12.4113
12,69.63,1.74,4.98,1608.8,65.11,32322,111,6,0,71.5,1.1662,13.9819
5,68.85,1.273,4.65,1414.2,28.86,31421,49,5,0,66.7,1.124,14.8065
48,80.88,2.06,6.31,1164.7,66.19,29808,115,7,0,74.02,2.9487,12.8177
22,66.54,1.69,5.51,1161.3,61.23,25036,35,6,0,70.1,2.671,12.0762
49,72.19,1.597,5.17,1671.4,39.23,35123,62,5,0,70.71,2.2565,13.9632
25,85.96,0.979,4.53,1548.8,67.57,9115,25,2,0,69.36,1.0723,18.9757
16,83.39,3.218,5.66,930.4,63.72,3290,83,12,0,71.32,1.1729,14.7332
4,105.85,4.29,2.27,1358.3,71.35,31471,45,1,1,70.91,1.1948,46.63
24,82.79,2.575,5.95,1189.9,76.68,2617,86,13,0,72.69,4.5161,13.9143
23,62.1,3.029,6.27,1427.0,62.33,6594,25,12,0,70.43,2.6954,9.9043
39,78.82,3.346,3.99,1607.2,33.54,34012,15,13,0,71.73,1.0551,19.7544
8,56.2,1.73,4.46,1368.6,70.23,39780,98,4,0,69.06,1.1558,12.6009
41,56.01,1.831,5.38,1618.6,49.71,16713,22,7,0,66.43,1.1697,10.4108
22,67.94,2.566,4.49,1315.7,39.82,24866,35,6,0,69.54,2.674,15.1314
43,79.68,2.317,4.99,1225.2,40.54,22034,106,18,0,71.4,3.5779,15.9679
13,59.5,1.753,3.93,1126.5,62.2,46838,72,9,0,72.96,1.8982,15.1399
44,76.46,2.12,5.53,1255.0,60.76,15592,41,3,0,70.14,0.8437,13.8264
8,63.63,2.194,5.49,1396.6,44.48,39680,98,4,0,69.2,1.1436,11.5902
25,62.59,1.494,6.01,1762.5,71.08,9002,25,2,0,69.56,1.0751,10.4143
7,75.94,5.27,6.15,1363.5,77.83,2851,118,6,0,70.31,2.401,12.348
34,69.96,2.032,5.48,1421.3,58.01,37167,12,19,0,66.8,1.1298,12.7664
8,87.91,22.345,3.6,1494.0,108.92,39693,98,4,1,70.12,4.2719,24.4194
5,73.49,1.24,5.8,1392.3,65.46,31506,49,5,0,67.29,1.1618,12.6707
23,68.94,1.891,5.72,1197.7,59.53,6447,25,12,0,70.76,2.6826,12.0524
21,63.89,2.988,5.21,2130.4,51.1,41270,7,11,0,69.71,3.5291,12.263
30,82.78,1.508,6.03,1086.7,55.19,30863,90,2,0,68.96,2.0465,13.728
23,104.42,5.918,3.27,1836.3,69.25,6513,25,12,1,72.1,2.7376,31.9327
30,61.11,1.483,5.74,1368.2,62.38,30691,90,2,0,68.39,2.0776,10.6463
1,56.18,1.983,5.34,1555.8,40.07,2662,74,9,0,70.41,2.0057,10.5206
28,76.97,1.534,5.85,1494.6,44.46,47962,40,2,0,70.46,1.727,13.1573
24,92.29,4.056,4.7,1267.4,97.63,2492,86,13,1,72.35,1.4686,19.6362
3,64.17,0.838,6.22,1310.7,64.67,49964,40,16,0,72.07,1.1522,10.3167
41,44.19,4.144,4.61,1904.6,72.85,16795,22,7,0,65.16,1.2266,9.5857
20,56.23,6.172,6.05,1321.4,60.72,24625,31,3,0,72.9,1.8429,9.2942
27,98.42,18.829,4.12,2093.8,123.65,2384,52,16,1,70.49,3.5647,23.8883
39,65.32,3.207,5.26,1592.7,81.33,34339,15,13,0,71.73,1.0231,12.4183
41,67.06,1.18,5.23,1532.7,62.35,16766,22,7,0,65.99,1.2173,12.8222
4,73.87,1.215,5.77,1419.9,50.33,31872,45,1,0,69.84,1.1832,12.8024
12,73.16,2.064,4.92,1124.1,57.69,32520,111,6,0,71.17,1.1589,14.8699
16,70.36,4.303,6.54,1359.1,42.48,3301,83,12,0,70.9,1.2199,10.7584
13,75.3,1.351,5.48,1504.0,45.98,46708,72,9,0,72.88,1.9279,13.7409
14,53.76,1.705,5.05,1680.0,60.4,33081,41,2,0,68.35,1.1648,10.6455
5,69.15,1.913,6.96,1538.7,50.92,31166,49,5,0,67.33,1.1659,9.9353
4,69.16,3.025,5.01,1460.7,39.91,31649,45,1,0,69.29,1.1811,13.8044
15,68.16,2.282,6.92,1814.5,47.78,12922,110,16,0,67.47,1.3291,9.8497
6,111.66,7.013,5.92,1142.3,61.58,28541,71,2,1,70.53,1.5378,18.8615
48,69.59,1.055,7.16,1859.3,55.97,29823,115,7,0,73.85,2.9693,9.7193
13,70.14,1.009,6.55,1449.7,48.36,47031,72,9,0,72.82,1.9678,10.7084
49,68.68,1.898,5.38,1249.5,73.59,34988,62,5,0,70.6,2.2478,12.7658
34,62.15,1.668,5.38,1496.4,55.01,36942,12,19,0,66.81,1.1343,11.552
23,78.45,1.316,6.28,1691.1,33.81,6664,25,12,0,70.66,1.3537,12.492
42,74.22,2.863,6.2,1470.9,22.33,5668,63,17,0,73.21,1.3017,11.971
32,54.12,2.307,5.61,1227.8,63.75,26228,56,0,0,69.34,1.6565,9.6471
36,71.02,2.193,5.19,1480.6,45.4,32286,32,13,0,67.41,1.5849,13.684
43,66.81,0.872,4.88,1823.7,57.88,22241,106,18,0,71.59,3.5946,13.6906
48,71.83,1.544,4.66,1620.6,46.43,29741,115,7,0,73.94,2.9896,15.4142
22,70.69,1.831,6.63,1286.8,38.72,24887,35,6,0,69.24,0.9719,10.6621
38,59.54,5.052,3.83,1485.0,51.17,28600,81,13,0,70.16,1.0249,15.5457
13,63.32,3.107,4.42,1234.3,57.54,47121,72,9,0,72.71,1.9448,14.3258
3,69.5,1.054,4.59,1540.3,35.49,49956,40,16,0,71.81,1.1596,15.1416
12,61.49,1.127,5.59,1525.7,50.99,32181,111,6,0,71.05,1.1968,11.0
41,62.76,2.809,5.14,1555.8,42.38,17069,22,7,0,66.49,1.1521,12.2101
21,127.39,1.818,6.06,2088.9,84.28,41245,7,11,1,71.92,3.5227,21.0215
12,77.97,8.299,2.36,1880.1,89.57,32248,111,6,1,70.28,1.6559,33.0381
24,74.0,3.734,4.79,1501.3,58.72,2440,86,13,0,71.42,1.3198,15.4489
3,75.15,1.178,5.6,1207.2,41.22,50042,40,16,0,71.51,1.1604,13.4196
28,73.58,2.514,6.03,1661.4,52.62,47753,40,2,0,70.37,1.6723,12.2023
14,67.49,1.331,5.82,1328.0,60.84,32755,41,2,0,68.43,1.1788,11.5962
30,82.27,2.141,5.53,1578.6,45.01,31034,90,2,0,69.68,2.0646,14.877
12,89.37,2.675,4.92,1625.5,57.74,32243,111,6,0,71.12,1.5242,18.1646
44,79.08,0.904,5.35,1364.8,70.55,15547,41,3,0,70.19,0.8796,14.7813
2,73.66,5.813,4.79,1516.3,72.51,7030,88,17,0,69.98,1.4229,15.3779
28,53.95,4.012,5.7,1311.6,56.75,47741,40,2,0,69.63,1.6399,9.4649
21,61.48,3.87,6.54,1159.4,61.32,41515,7,11,0,71.71,3.4644,9.4006
48,56.46,4.271,5.17,1766.1,42.57,29911,115,7,0,73.01,2.9898,10.9207
36,58.29,3.542,5.15,1293.2,73.45,32649,32,13,0,66.88,1.5903,11.3184
36,68.76,2.15,4.62,1884.8,40.44,32324,32,13,0,67.09,1.5804,14.8831
31,57.1,3.254,5.84,1466.1,55.21,8458,56,3,0,66.85,1.6468,9.7774
12,77.07,1.918,5.53,1435.2,52.69,32284,111,6,0,71.26,1.5149,13.9367
22,69.61,1.569,5.99,1544.3,62.95,25187,35,6,0,69.55,0.9353,11.621
47,66.55,2.457,5.57,1559.3,47.36,18115,55,7,0,69.66,2.2046,11.9479
49,67.39,4.092,6.02,1839.6,48.91,35110,62,5,0,70.53,0.9641,11.1944
12,66.02,2.729,5.62,1421.0,48.92,32476,111,6,0,70.82,1.5029,11.7473
41,78.93,1.293,5.32,1386.3,38.42,16891,22,7,0,67.17,1.1511,14.8365
33,54.07,1.349,4.6,1311.5,60.66,17644,109,0,0,69.84,1.6668,11.7543
17,69.5,2.808,4.6,1277.7,51.57,49155,49,0,0,69.18,1.3912,15.1087
28,72.49,4.554,5.87,1154.7,71.44,48093,40,2,0,69.99,1.6181,12.3492
47,86.08,3.136,6.14,1351.5,40.34,17709,55,7,0,70.03,2.1779,14.0195
9,74.99,2.352,5.93,1395.1,65.32,28502,28,7,0,70.75,1.8157,12.6459
12,86.89,5.075,3.68,1961.7,109.85,32643,111,6,1,72.18,1.5168,23.6114
13,85.68,4.064,5.3,1449.4,46.54,46854,72,9,0,73.18,1.7077,16.166
3,60.64,2.015,5.33,1683.7,67.66,50146,40,16,0,70.82,0.8243,11.3771
1,80.12,1.523,6.3,1534.1,49.29,2319,74,9,0,70.65,2.0107,12.7175
39,91.92,6.212,1.81,1689.7,62.43,34212,15,13,1,72.7,1.3074,50.7845
21,84.86,2.236,5.83,1006.7,32.28,41567,7,11,0,72.07,3.4777,14.5557
16,75.43,1.846,5.78,1786.1,61.98,3179,83,12,0,71.18,1.21,13.0502
21,77.67,2.582,5.76,1605.7,47.52,41318,7,11,0,72.97,3.4833,13.4844
3,88.19,3.051,5.83,1360.0,55.23,50281,40,16,0,71.74,0.848,15.1269
42,79.08,2.34,6.64,1374.0,52.1,5820,63,17,0,73.41,1.2978,11.9096
8,72.02,1.616,5.79,1376.6,63.61,39889,98,4,0,70.38,4.2619,12.4387
25,55.17,1.837,4.35,1420.3,53.15,9153,25,2,0,69.31,1.0783,12.6828
44,70.28,2.93,7.07,1702.9,71.46,15188,41,3,0,70.09,0.8109,9.9406
14,70.02,4.591,5.18,1283.7,60.32,32941,41,2,0,68.06,1.25,13.5174
47,48.33,3.674,4.44,1109.6,47.3,17942,55,7,0,69.5,2.1693,10.8851
11,63.87,1.67,6.14,1562.2,36.79,39942,84,14,0,68.85,1.6286,10.4023
37,72.63,1.919,5.37,1418.1,44.36,14332,91,13,0,71.05,1.968,13.5251
28,73.72,2.247,6.15,1570.3,58.86,48066,40,2,0,69.57,1.6369,11.987
16,57.8,1.617,5.9,1600.6,41.03,3403,83,12,0,70.42,1.1856,9.7966
37,84.13,10.553,3.54,1596.0,109.74,14755,91,13,1,72.04,2.4993,23.7655
48,65.71,3.619,4.72,1254.7,56.85,29655,115,7,0,72.92,2.9882,13.9216
13,63.43,1.695,5.25,1276.3,62.24,46736,72,9,0,72.69,1.6588,12.0819
17,49.65,1.942,5.07,1503.3,49.48,48741,49,0,0,68.75,1.394,9.7929
1,60.43,1.577,6.49,1952.1,28.89,2293,74,9,0,70.55,2.0017,9.3112
3,62.92,1.638,6.28,1608.2,53.51,50364,40,16,0,71.44,0.8526,10.0191
6,67.04,2.969,5.94,1263.1,54.81,28337,71,2,0,70.43,1.5122,11.2862
8,55.43,3.09,5.65,1081.9,80.09,39794,98,4,0,69.7,4.2424,9.8106
30,67.13,1.446,4.43,1124.6,47.12,30772,90,2,0,69.94,1.9118,15.1535
23,75.36,2.512,6.72,1566.1,52.07,6454,25,12,0,71.21,1.3538,11.2143
26,99.17,4.007,2.69,1126.1,55.9,11986,95,13,1,71.13,1.1971,36.8662
7,66.78,1.674,5.72,1902.0,51.72,3046,118,6,0,70.81,2.402,11.6748
43,76.17,3.794,4.93,1713.4,44.59,22334,106,18,0,70.33,3.5722,15.4503
42,69.85,2.767,6.16,1173.4,33.73,5711,63,17,0,73.58,1.2481,11.3393
17,64.99,5.056,4.94,1770.1,52.95,48989,49,0,0,69.03,1.4947,13.1559
8,99.5,4.244,1.03,1862.9,80.54,39963,98,4,1,71.03,4.2469,96.6019
39,66.73,2.794,5.96,1555.0,49.77,34258,15,13,0,73.08,1.3057,11.1963
47,75.22,1.514,3.94,1126.5,51.89,17715,55,7,0,68.67,1.5025,19.0914
30,61.86,1.753,6.17,1701.0,56.25,31033,90,2,0,69.09,1.927,10.0259
37,68.37,0.675,6.45,1695.3,67.58,14407,91,13,0,71.43,2.4237,10.6
36,58.32,4.231,5.83,1360.6,50.61,32302,32,13,0,66.76,1.4396,10.0034
29,70.44,2.974,5.47,1159.7,71.61,37116,18,13,0,70.81,2.5227,12.8775
4,66.38,1.938,5.98,1683.7,68.38,31699,45,1,0,69.54,1.1519,11.1003
27,49.93,0.702,4.88,1445.3,62.54,2207,52,16,0,69.67,3.5721,10.2316
21,73.31,3.29,4.93,1432.3,71.8,41395,7,11,0,73.12,3.4762,14.8702
30,103.66,4.881,3.68,1238.6,70.19,30629,90,2,1,71.01,1.9608,28.1685
21,64.34,2.632,4.25,1691.1,59.12,41321,7,11,0,72.99,3.4755,15.1388
50,68.73,5.271,5.74,1503.1,70.71,22476,21,3,0,68.37,1.811,11.9739
12,72.03,3.287,4.76,1354.7,46.06,32524,111,6,0,72.44,1.5151,15.1324
41,82.96,3.345,5.44,1433.5,54.28,17013,22,7,0,67.77,1.1461,15.25
26,73.71,4.726,5.48,1757.4,44.27,12114,95,13,0,71.48,1.2547,13.4507
27,78.08,2.746,6.83,1402.0,40.86,2006,52,16,0,69.92,3.5723,11.4319
4,87.5,3.021,4.38,2123.1,72.4,31886,45,1,1,70.27,1.0708,19.9772
47,68.0,2.904,5.69,1211.5,50.59,17971,55,7,0,68.94,1.5002,11.9508
6,80.26,3.257,5.73,1433.0,63.2,28372,71,2,0,71.05,1.4918,14.007
37,77.08,1.919,7.08,1485.1,40.79,14731,91,13,0,71.63,2.4192,10.887
30,78.1,1.393,4.75,1313.1,62.65,30859,90,2,0,70.94,1.9107,16.4421
39,83.4,2.0,5.96,1873.0,70.57,34329,15,13,0,73.59,1.3018,13.9933
18,79.09,1.419,3.36,1109.9,53.51,32861,65,18,0,69.33,1.6076,23.5387
22,79.5,1.28,4.58,1420.9,103.73,25046,35,6,1,69.63,0.9734,17.3581
32,64.73,3.806,4.58,1366.9,59.56,25942,56,0,0,70.01,1.6517,14.1332
46,75.69,1.414,4.93,1124.7,56.23,11221,19,9,0,65.66,1.1353,15.3529
9,55.93,2.753,4.27,1388.2,62.94,28922,28,7,0,69.7,1.7524,13.0984
14,72.76,2.257,5.3,1197.6,54.32,32874,41,2,0,68.29,1.2156,13.7283
19,59.23,1.588,4.47,1707.2,19.49,34091,75,12,0,67.23,1.1832,13.2506
37,62.7,1.718,5.04,1422.1,18.8,14529,91,13,0,71.83,2.4105,12.4405
46,63.2,1.836,5.82,1849.0,61.81,11387,19,9,0,65.44,1.1345,10.8591
23,63.16,2.705,4.35,1334.7,41.21,6394,25,12,0,71.01,1.2956,14.5195
24,68.05,1.882,5.84,1550.3,62.13,2555,86,13,0,71.58,1.3117,11.6524
20,68.96,2.182,5.73,1149.9,47.07,24526,31,3,0,72.73,1.7921,12.0349
45,96.09,3.759,4.27,2134.1,88.23,1067,30,11,1,71.37,1.043,22.5035
36,73.59,2.434,5.59,1292.3,79.99,32451,32,13,0,66.86,1.4399,13.1646
6,72.58,2.383,5.93,1347.7,51.52,28633,71,2,0,70.96,1.4691,12.2395
48,62.51,2.541,6.71,1775.4,55.05,29705,115,7,0,71.45,2.7501,9.3159
42,68.62,3.58,4.41,1544.9,44.41,5547,63,17,0,73.91,1.2637,15.5601
32,82.91,0.918,4.43,1538.0,73.38,26004,56,0,0,70.86,1.6727,18.7156
1,65.31,1.168,5.07,1654.3,56.62,2668,74,9,0,70.25,2.023,12.8817
23,71.18,2.121,7.08,1266.4,58.52,6544,25,12,0,71.65,1.2971,10.0537
26,63.36,2.571,6.09,1571.8,70.42,11899,95,13,0,70.62,1.2572,10.4039
5,78.85,0.941,4.04,1253.3,79.52,31394,49,5,0,68.23,1.1725,19.5173
10,61.43,1.516,6.37,1711.9,55.47,31286,81,9,0,68.2,1.5047,9.6436
44,64.2,2.877,7.98,1669.8,35.79,15340,41,3,0,69.97,0.7917,8.0451
13,72.62,2.516,6.09,1565.5,51.62,47148,72,9,0,72.79,1.6593,11.9245
22,82.38,2.553,5.67,1546.8,40.68,24903,35,6,0,70.24,0.9669,14.5291
14,65.6,3.455,5.47,1562.7,37.14,33249,41,2,0,67.22,1.0365,11.9927
17,97.23,6.726,1.33,1370.0,59.21,48841,49,0,1,70.37,1.675,73.1053
6,70.99,3.765,5.87,1550.2,56.81,28434,71,2,0,70.89,1.4002,12.0937
27,102.23,4.695,2.92,1668.0,97.29,1986,52,16,1,71.46,3.5784,35.0103
25,69.39,2.43,4.05,1458.1,60.09,9006,25,2,0,68.72,1.0791,17.1333
26,75.13,3.528,6.31,1104.9,58.89,11740,95,13,0,69.58,1.0888,11.9065
32,62.96,2.365,6.41,1502.3,44.75,26226,56,0,0,70.64,1.677,9.8222
3,56.53,1.819,6.14,1199.4,63.31,49936,40,16,0,70.81,0.8526,9.2068
26,88.03,5.128,3.56,1550.6,83.34,12064,95,13,1,69.99,1.1619,24.7275
14,65.92,0.947,5.45,1782.5,58.28,33154,41,2,0,67.16,1.0735,12.0954
1,62.37,4.31,4.27,1360.5,56.66,2631,74,9,0,70.17,2.0187,14.6066
11,60.36,1.831,4.72,1609.1,50.46,39650,84,14,0,68.46,1.6381,12.7881
13,71.83,1.424,4.67,1614.7,55.03,46690,72,9,0,73.21,1.6639,15.3812
47,65.38,3.444,6.44,1210.6,57.19,18085,55,7,0,68.56,1.5007,10.1522
39,59.01,2.813,5.79,1504.4,46.99,34196,15,13,0,72.97,1.2972,10.1917
36,66.67,6.806,5.41,1567.9,49.34,32499,32,13,0,66.61,1.6647,12.3235
27,69.9,1.892,6.34,1489.4,32.72,2213,52,16,0,71.6,3.5698,11.0252
1,72.61,2.891,5.6,1497.2,71.28,2495,74,9,0,70.49,2.0111,12.9661
18,67.74,1.742,4.9,1298.6,49.49,32734,65,18,0,68.38,1.6129,13.8245
15,58.42,4.487,5.84,1515.9,74.69,12716,110,16,0,67.21,1.3659,10.0034
45,71.48,1.463,4.96,1389.7,52.61,1046,30,11,0,71.49,1.0599,14.4113
41,56.32,1.615,4.87,1706.1,57.6,16937,22,7,0,67.69,1.0941,11.5647
47,57.92,2.371,5.18,1526.5,57.88,18004,55,7,0,68.16,1.5003,11.1815
14,63.55,2.394,6.26,1604.8,73.05,33027,41,2,0,67.4,1.0609,10.1518
20,88.37,3.525,5.17,1855.0,58.23,24798,31,3,0,73.79,1.7533,17.0928
19,66.82,1.729,4.9,1745.2,72.82,33961,75,12,0,67.24,1.1887,13.6367
32,66.71,2.912,5.65,1599.7,52.52,26178,56,0,0,68.8,1.4488,11.8071
11,67.17,2.07,5.76,1285.0,43.54,39679,84,14,0,68.22,1.6439,11.6615
6,57.31,1.538,4.8,1668.6,77.25,28693,71,2,0,70.23,1.3674,11.9396
23,52.99,1.181,5.36,1353.5,64.58,6619,25,12,0,71.18,1.3166,9.8862
18,108.17,5.505,2.95,1622.2,99.98,33182,65,18,1,69.73,1.7063,36.6678
14,72.81,3.851,5.76,1536.2,48.4,32902,41,2,0,67.47,1.1045,12.6406
45,64.71,1.815,6.3,1598.0,68.39,1188,30,11,0,70.74,1.0693,10.2714
43,54.75,2.876,5.08,1437.7,48.12,22041,106,18,0,69.32,3.5672,10.7776
15,67.24,1.631,4.9,1358.0,52.42,12610,110,16,0,66.89,1.3785,13.7224
26,64.91,1.693,5.86,1354.7,35.78,11753,95,13,0,70.07,1.1435,11.0768
2,80.72,3.248,5.73,1337.9,58.14,6937,88,17,0,70.55,1.4279,14.0873
22,76.91,1.602,6.26,1281.5,47.44,25145,35,6,0,70.53,0.9852,12.2859
48,75.26,7.478,2.45,1020.6,87.98,29745,115,7,1,72.38,2.8673,30.7184
27,73.16,1.985,4.93,1299.4,50.7,2299,52,16,0,71.15,3.5765,14.8398
45,79.19,2.484,5.64,1277.2,73.0,1117,30,11,0,71.6,0.9826,14.0408
30,67.7,2.301,6.53,1551.5,42.48,30636,90,2,0,71.32,1.9123,10.3675
30,64.8,1.508,6.07,1349.6,32.33,30624,90,2,0,71.05,1.9308,10.6755
25,89.7,5.659,4.67,1244.8,100.3,8882,25,2,1,69.89,1.172,19.2077
35,54.15,4.418,4.01,1428.1,73.39,8445,57,10,0,68.19,2.1469,13.5037
9,68.02,0.777,4.67,1164.6,43.99,28519,28,7,0,70.11,1.7758,14.5653
19,70.36,0.78,5.81,1371.8,31.62,33893,75,12,0,67.25,1.2034,12.1102
15,75.97,2.201,6.0,1591.2,86.17,12680,110,16,0,66.84,1.3841,12.6617
41,58.2,2.726,6.6,1245.7,70.74,16715,22,7,0,67.8,1.0226,8.8182
39,68.84,1.87,6.31,1383.8,36.65,33970,15,13,0,72.83,1.2942,10.9097
44,75.57,2.614,5.96,1131.1,53.17,15186,41,3,0,69.93,0.7772,12.6795
28,84.31,1.81,5.75,1685.5,63.86,48026,40,2,0,68.63,1.591,14.6626
21,65.17,0.717,5.23,1306.4,47.4,41577,7,11,0,72.97,3.5215,12.4608
16,74.72,2.525,5.63,1570.2,37.25,3101,83,12,0,71.02,1.1697,13.2718
40,54.25,2.337,5.91,1140.2,79.8,39088,23,8,0,71.29,1.879,9.1794
33,69.55,1.271,4.11,1354.1,42.1,17484,109,0,0,70.0,1.678,16.9221
13,65.99,2.861,4.55,1309.5,51.69,46777,72,9,0,73.09,1.6513,14.5033
2,63.98,2.971,4.99,1324.8,46.44,6669,88,17,0,70.74,1.4217,12.8216
15,94.14,5.798,3.32,1727.7,55.03,12850,110,16,1,67.88,1.2862,28.3554
32,60.91,1.402,6.23,1409.0,35.87,25829,56,0,0,68.38,1.4303,9.7769
44,64.41,2.819,5.26,1209.0,49.29,15410,41,3,0,70.11,0.7652,12.2452
15,61.37,3.907,5.58,1670.0,54.63,12539,110,16,0,67.56,1.2886,10.9982
42,62.2,1.653,5.11,1343.2,46.17,5703,63,17,0,73.67,1.2282,12.1722
3,71.27,3.949,5.15,1520.1,63.91,49997,40,16,0,69.15,0.9161,13.8388
4,65.46,1.067,4.8,1547.8,41.21,31466,45,1,0,69.84,0.9919,13.6375
3,72.77,1.392,5.4,1595.4,47.42,49934,40,16,0,69.29,0.9109,13.4759
1,74.16,1.64,3.95,1220.4,63.33,2677,74,9,0,70.91,2.0236,18.7747
4,57.84,2.118,3.41,1658.7,37.54,31524,45,1,0,69.53,0.9982,16.9619
26,65.79,2.302,6.49,1363.4,57.59,11951,95,13,0,70.23,1.1401,10.1371
28,69.28,4.741,6.24,1427.3,73.21,47843,40,2,0,69.03,1.5859,11.1026
28,92.18,6.175,3.33,1491.3,97.88,47697,40,2,1,70.36,1.6833,27.6817
16,66.81,3.154,4.97,1550.1,47.26,3466,83,12,0,70.87,1.0514,13.4427
10,58.95,4.597,5.29,1733.7,59.17,31378,81,9,0,66.18,1.4112,11.1437
23,63.42,4.597,4.96,1107.3,53.69,6235,25,12,0,71.16,1.3615,12.7863
48,118.26,16.362,5.82,1544.6,51.18,29699,115,7,1,74.86,3.9061,20.3196
5,64.0,2.513,5.07,1291.8,61.78,31366,49,5,0,68.22,1.1164,12.6233
40,73.03,1.764,5.05,1721.7,63.21,39424,23,8,0,71.1,1.8438,14.4614
18,70.32,2.228,4.37,1652.5,65.53,33035,65,18,0,69.48,1.7055,16.0915
22,66.17,5.973,5.44,1363.6,50.78,25093,35,6,0,70.4,1.1638,12.1636
40,75.42,3.849,5.74,1622.4,46.61,39380,23,8,0,71.4,1.7932,13.1394
23,115.2,2.642,3.5,2263.8,86.69,6644,25,12,1,72.84,1.3564,32.9143
20,56.34,2.123,5.51,1389.9,56.18,24724,31,3,0,73.47,1.7418,10.225
14,80.22,1.708,5.43,1540.3,46.36,32825,41,2,0,68.21,1.1066,14.7735
7,62.43,2.856,4.92,1747.8,52.86,2871,118,6,0,70.81,2.3687,12.689
48,66.51,4.318,4.96,1605.3,43.06,29909,115,7,0,74.0,3.9066,13.4093
43,71.76,1.891,5.44,1226.7,36.85,22369,106,18,0,68.35,0.9465,13.1912
39,60.78,1.454,5.49,837.0,58.57,34236,15,13,0,72.64,1.3073,11.071
16,61.63,3.585,5.61,1227.7,50.7,3398,83,12,0,70.13,1.028,10.9857
13,79.71,6.102,7.42,1493.6,46.37,46854,72,9,0,71.34,1.5295,10.7426
43,69.32,1.421,5.84,1600.6,57.34,22359,106,18,0,69.17,0.9111,11.8699
34,77.41,1.9,5.75,1686.5,45.61,37026,12,19,0,67.37,1.0943,13.4626
29,65.77,2.047,6.52,1641.1,42.49,36996,18,13,0,69.59,2.2636,10.0874
41,76.62,6.237,6.05,1576.3,67.85,16764,22,7,0,68.23,1.2966,12.6645
17,73.42,7.672,4.39,1406.8,47.9,49083,49,0,0,70.27,1.9525,16.7244
37,73.5,1.594,5.25,1726.6,39.6,14288,91,13,0,71.78,2.4259,14.0
49,64.87,1.291,6.32,1453.6,66.99,35095,62,5,0,70.55,0.9844,10.2642
42,63.92,1.722,5.28,1701.6,70.93,5774,63,17,0,73.23,1.2388,12.1061
2,72.04,1.882,5.73,1352.9,72.46,6620,88,17,0,71.6,1.4224,12.5724
44,105.23,3.342,3.17,2237.0,97.61,15621,41,3,1,71.73,0.7707,33.1956
18,44.71,1.795,6.62,1335.3,63.29,33040,65,18,0,68.31,1.702,6.7538
33,64.57,3.553,5.87,1556.4,75.4,17427,109,0,0,69.36,1.6871,11.0
3,71.07,6.815,5.95,1503.3,66.39,50168,40,16,0,69.64,1.2919,11.9445
25,82.73,2.373,4.05,1017.2,58.85,9171,25,2,0,70.53,1.1588,20.4272
28,69.42,4.121,5.9,1697.7,53.15,47868,40,2,0,70.67,1.6887,11.7661
22,85.37,2.218,7.67,1675.4,51.64,25057,35,6,0,71.14,1.1624,11.1304
12,75.88,2.727,5.86,1407.5,75.63,32281,111,6,0,72.56,1.4983,12.9488
22,78.91,2.003,6.03,1176.3,48.42,25014,35,6,0,71.62,1.1512,13.0862
23,47.79,3.541,5.46,1351.1,75.25,6583,25,12,0,72.06,1.323,8.7527
43,63.57,2.192,6.54,1388.5,57.15,22208,106,18,0,69.19,0.8966,9.7202
20,56.64,4.245,6.55,1526.1,49.7,24808,31,3,0,72.53,1.7195,8.6473
7,65.28,1.064,5.46,1335.2,58.9,2892,118,6,0,70.77,2.3952,11.956
14,80.16,1.735,5.31,1428.9,63.78,32777,41,2,0,68.26,1.1103,15.096
49,61.24,1.711,4.71,1215.8,62.01,34882,62,5,0,70.32,0.9689,13.0021
35,77.67,7.558,5.66,985.3,61.91,8540,57,10,0,69.21,2.319,13.7226
35,63.76,5.4,6.24,1618.1,65.81,8286,57,10,0,68.45,2.3107,10.2179
12,110.14,5.971,4.54,1154.9,95.79,32302,111,6,1,74.24,1.6318,24.2599
27,71.76,3.959,6.76,1485.1,48.47,2361,52,16,0,72.04,3.5805,10.6154
46,62.29,2.025,6.75,1313.7,69.95,11459,19,9,0,65.85,1.0788,9.2281
37,78.35,1.743,4.41,1710.8,54.99,14591,91,13,0,72.33,2.417,17.7664
39,76.55,0.879,5.37,1293.9,66.9,34006,15,13,0,73.03,1.2957,14.2551
15,71.79,0.994,6.95,1474.1,60.04,12637,110,16,0,67.39,1.3257,10.3295
30,62.83,3.232,6.82,1357.1,60.77,30784,90,2,0,70.27,1.4855,9.2126
25,71.4,1.202,4.49,1366.6,65.08,9110,25,2,0,70.22,1.1806,15.902
46,61.0,1.479,5.26,1449.3,60.85,11451,19,9,0,65.96,1.0952,11.597
15,74.72,0.445,6.14,1659.8,59.67,12641,110,16,0,67.95,1.3455,12.1694
7,58.61,4.538,4.72,1808.0,58.33,2620,118,6,0,69.88,2.3883,12.4174
48,70.55,3.136,5.46,1500.7,69.5,29658,115,7,0,73.69,3.9067,12.9212
29,67.4,2.614,5.97,1478.0,49.44,36894,18,13,0,69.34,2.2565,11.2898
23,71.17,3.447,5.33,1273.0,46.66,6455,25,12,0,72.06,1.3286,13.3527
45,65.36,1.278,5.61,1253.5,43.28,1160,30,11,0,71.82,1.0056,11.6506
31,67.2,3.039,4.85,1313.1,48.73,8456,56,3,0,66.91,1.6216,13.8557
26,65.06,1.334,6.04,1345.5,49.52,12158,95,13,0,69.29,1.161,10.7715
31,81.49,13.159,2.54,210.2,81.91,8341,56,3,1,67.8,2.6679,32.0827
21,70.74,2.135,5.03,1572.3,51.72,41166,7,11,0,73.68,3.5,14.0636
20,54.77,1.557,4.3,1236.3,65.08,24701,31,3,0,72.36,1.7353,12.7372
38,61.9,2.341,5.7,1261.2,49.25,28358,81,13,0,68.98,0.9618,10.8596
47,67.75,2.817,6.08,1817.5,52.95,17816,55,7,0,68.77,1.4771,11.1431
14,68.35,3.646,6.75,1791.2,61.59,33055,41,2,0,68.27,1.1159,10.1259
30,64.62,2.048,5.9,1349.2,54.5,30815,90,2,0,70.23,1.4632,10.9525
29,56.3,1.39,5.48,1170.0,38.62,36915,18,13,0,69.69,2.2536,10.2737
17,67.98,1.793,5.92,1519.3,40.69,49143,49,0,0,70.27,1.9665,11.4831
23,79.32,1.912,4.75,1874.3,51.48,6446,25,12,0,72.51,1.316,16.6989
34,86.19,1.68,5.52,1347.2,58.47,37054,12,19,0,68.32,1.0898,15.6141
30,70.58,2.563,6.61,1319.1,56.32,30721,90,2,0,70.27,1.451,10.6778
38,74.33,2.432,5.91,1583.9,41.9,28174,81,13,0,68.97,0.9576,12.577
25,59.93,4.908,6.13,1276.3,51.92,8864,25,2,0,69.9,1.2594,9.7765
30,77.94,2.272,3.4,1670.6,53.38,31033,90,2,0,70.61,1.4257,22.9235
17,58.86,2.119,6.28,1327.0,36.95,49139,49,0,0,69.81,1.9317,9.3726
31,76.05,1.87,4.74,1564.2,52.3,8513,56,3,0,68.31,2.6377,16.0443
13,70.69,1.609,4.27,1604.2,64.41,46700,72,9,0,71.16,1.5374,16.555
9,100.71,5.922,1.13,1296.3,90.44,28753,28,7,1,71.59,1.8797,89.1239
27,75.25,1.383,3.41,1208.2,60.29,2144,52,16,0,72.78,3.5814,22.0674
31,65.18,1.47,4.44,1654.9,58.12,8187,56,3,0,67.76,2.5909,14.6802
40,64.59,9.693,6.44,1698.8,45.72,39325,23,8,0,71.79,2.2735,10.0295
17,58.16,3.539,4.18,1489.3,47.81,49211,49,0,0,69.91,1.8542,13.9139
15,57.68,1.305,5.46,1640.2,65.57,12965,110,16,0,67.42,1.3654,10.5641
42,57.52,2.096,4.33,1309.8,50.42,5652,63,17,0,72.15,1.2431,13.2841
6,82.45,1.843,5.84,1542.3,55.76,28464,71,2,0,70.41,1.3634,14.1182
10,65.04,1.549,5.35,1518.8,78.17,31168,81,9,0,65.69,1.4048,12.157
28,75.2,2.403,6.04,1372.3,55.4,47985,40,2,0,71.2,1.5656,12.4503
11,64.82,1.559,5.69,1392.7,56.13,39738,84,14,0,68.22,1.6611,11.3919
14,73.14,1.29,5.78,1663.9,52.3,33047,41,2,0,68.86,1.1129,12.654
23,68.39,1.085,5.93,1727.5,63.77,6361,25,12,0,71.68,1.3609,11.5329
14,75.51,2.97,4.37,1649.5,53.1,33015,41,2,0,69.23,1.1101,17.2792
47,78.9,1.209,6.25,1492.0,39.22,17883,55,7,0,69.15,1.5074,12.624
40,56.95,2.634,5.57,1401.6,57.67,39094,23,8,0,70.93,2.27,10.2244
18,67.76,1.138,5.2,1471.4,68.28,32826,65,18,0,68.35,1.7118,13.0308
28,61.6,2.105,4.39,1613.9,66.01,47767,40,2,0,71.04,1.5506,14.0319
16,73.06,3.257,5.41,1592.6,58.25,3168,83,12,0,70.03,1.0351,13.5046
49,72.6,4.381,5.07,1566.3,66.06,34936,62,5,0,69.93,1.0422,14.3195
24,64.79,2.145,6.46,1232.8,84.98,2458,86,13,0,71.78,1.3047,10.0294
23,63.3,3.59,5.5,1629.8,63.52,6507,25,12,0,70.79,1.3313,11.5091
5,75.3,4.212,6.14,1190.1,66.8,31426,49,5,0,68.7,1.1758,12.2638
20,66.11,2.335,4.47,1471.3,51.66,24683,31,3,0,72.3,1.7393,14.7897
15,76.05,2.021,5.07,1371.1,58.13,12612,110,16,0,67.71,1.3146,15.0
8,68.13,1.242,5.97,1503.1,58.68,39649,98,4,0,71.07,4.2372,11.4121
40,90.35,5.82,2.34,1842.6,94.41,39477,23,8,1,71.5,2.3314,38.6111
33,65.59,2.356,6.1,1299.0,73.98,17529,109,0,0,69.26,1.6515,10.7525
29,66.17,1.04,4.51,1867.1,56.15,36896,18,13,0,69.32,2.258,14.6718
48,68.41,4.698,4.31,1418.6,56.9,29890,115,7,0,74.26,3.9102,15.8724
26,49.47,4.754,5.24,1351.8,55.18,11987,95,13,0,68.81,1.228,9.4408
46,65.12,2.172,4.35,1537.2,53.1,11247,19,9,0,66.42,1.0492,14.9701
29,75.98,4.868,4.74,1340.6,77.42,37043,18,13,0,69.54,2.3081,16.0295
35,78.22,1.502,4.63,1521.5,47.7,8441,57,10,0,69.06,2.3352,16.8942
45,92.0,9.168,3.24,1312.1,95.08,1139,30,11,1,72.98,1.7071,28.3951
22,93.21,3.269,1.57,1701.6,117.98,25128,35,6,1,72.7,1.1551,59.3694
42,64.9,1.61,5.9,1371.5,53.17,5904,63,17,0,71.96,1.2595,11.0
40,43.34,2.408,5.47,1643.7,82.22,38985,23,8,0,69.59,2.2623,7.9232
35,69.36,2.019,6.29,1348.0,48.17,8089,57,10,0,69.17,2.316,11.027
12,61.18,2.716,5.18,1150.4,68.01,32518,111,6,0,74.22,1.5957,11.8108
43,81.64,4.509,5.61,1701.5,41.05,22155,106,18,0,69.91,0.9843,14.5526
44,52.94,5.317,5.1,1580.1,59.68,15506,41,3,0,70.81,0.9817,10.3804
45,76.86,3.114,6.67,1305.8,56.41,1107,30,11,0,73.59,1.6919,11.5232
38,72.18,2.033,6.1,1025.7,56.69,28347,81,13,0,69.12,0.9601,11.8328
31,54.69,1.129,5.5,1492.9,60.26,8139,56,3,0,67.74,2.6002,9.9436
38,58.86,1.826,6.34,1562.4,61.67,28325,81,13,0,68.22,0.9464,9.2839
33,79.97,1.672,5.06,1478.3,45.93,17682,109,0,0,69.75,1.6477,15.8043
6,61.6,1.775,5.22,1441.5,55.62,28610,71,2,0,70.24,1.3461,11.8008
24,62.73,1.66,6.3,1428.6,52.25,2231,86,13,0,71.6,1.2897,9.9571
35,63.92,3.095,4.42,1617.0,44.31,8151,57,10,0,68.97,2.3162,14.4615
36,81.08,2.211,5.2,1501.9,50.55,32634,32,13,0,66.75,1.6615,15.5923
15,75.38,4.756,5.52,1346.5,70.05,12846,110,16,0,68.37,1.3637,13.6558
35,69.12,2.147,5.95,1547.9,41.84,8465,57,10,0,68.81,2.3066,11.6168
20,77.9,2.838,4.38,1228.5,65.69,24583,31,3,0,72.78,1.6938,17.7854
20,66.43,2.934,5.62,1581.4,63.7,24839,31,3,0,73.01,1.658,11.8203
30,72.18,1.17,6.52,1358.3,50.66,30988,90,2,0,70.76,1.4465,11.0706
35,61.32,1.837,3.87,1757.9,44.41,8293,57,10,0,67.72,2.293,15.845
26,107.73,5.203,1.88,1994.6,101.67,11964,95,13,1,70.51,1.2874,57.3032
19,69.16,3.719,5.51,1595.6,52.32,34211,75,12,0,67.09,1.2235,12.5517
33,67.33,3.13,6.21,1337.4,61.48,17756,109,0,0,70.04,1.6338,10.8422
48,64.35,3.65,4.94,1240.0,51.68,29627,115,7,0,73.77,3.8751,13.0263
36,61.51,4.284,6.31,1602.2,55.93,32660,32,13,0,66.21,1.6707,9.748
15,83.53,2.399,5.62,1318.6,45.11,12638,110,16,0,69.26,1.3611,14.863
36,97.17,3.276,2.0,1634.4,103.55,32261,32,13,1,66.8,1.6579,48.585
20,51.71,2.358,5.53,1484.9,58.96,24820,31,3,0,71.73,1.6562,9.3508
11,53.91,2.849,5.05,1414.4,61.36,39848,84,14,0,67.55,1.493,10.6752
21,77.44,3.117,5.18,1846.9,40.41,41428,7,11,0,74.18,3.5003,14.9498
18,64.29,2.246,6.06,1556.4,34.96,32762,65,18,0,68.46,1.7063,10.6089
3,55.64,1.067,4.26,1070.8,46.34,50282,40,16,0,68.65,1.3086,13.061
35,51.26,3.236,5.36,1478.8,58.82,8054,57,10,0,67.56,2.2315,9.5634
10,55.46,1.382,4.6,1758.2,43.06,30965,81,9,0,65.1,1.411,12.0565
47,63.56,3.818,5.16,1315.5,44.7,18141,55,7,0,68.74,1.5147,12.3178
20,73.48,2.351,5.67,1052.5,64.37,24533,31,3,0,72.22,1.6056,12.9594
29,73.28,2.78,6.06,1554.2,41.0,36978,18,13,0,69.25,2.2938,12.0924
24,60.72,4.119,5.33,1152.4,52.12,2194,86,13,0,71.2,1.2785,11.3921
6,72.9,1.652,5.9,1539.5,55.85,28598,71,2,0,70.56,1.3602,12.3559
28,62.95,1.329,3.94,1610.0,43.53,47651,40,2,0,70.99,1.5585,15.9772
36,70.92,4.21,5.85,1567.7,51.82,32534,32,13,0,66.96,1.6569,12.1231
46,82.64,2.101,6.21,1585.4,50.19,11463,19,9,0,67.3,1.0322,13.3076
27,63.75,2.07,4.85,1489.5,48.35,2339,52,16,0,72.68,3.5559,13.1443
49,76.28,2.558,5.96,1161.6,55.19,34887,62,5,0,68.81,1.0372,12.7987
37,47.78,3.338,5.43,1514.4,57.85,14718,91,13,0,71.92,2.4183,8.7993
38,70.93,1.203,4.88,1536.7,51.16,28509,81,13,0,67.81,0.9712,14.5348
17,60.54,5.047,3.9,1559.2,50.77,49163,49,0,0,68.27,1.7782,15.5231
7,65.58,3.271,6.49,1340.2,47.94,2584,118,6,0,69.44,2.343,10.1048
22,69.83,2.524,5.19,1695.6,63.02,25197,35,6,0,72.95,1.1245,13.4547
30,64.41,1.1,5.11,1264.7,75.92,30907,90,2,0,70.9,1.4395,12.6047
12,67.68,1.047,6.7,1459.5,44.92,32221,111,6,0,74.15,1.6416,10.1015
47,63.51,1.867,4.89,1254.9,45.68,18124,55,7,0,68.3,1.5237,12.9877
17,69.47,3.524,6.0,1569.1,61.53,49046,49,0,0,68.01,1.762,11.5783
10,72.71,1.643,4.81,1606.9,60.06,31210,81,9,0,65.11,1.4164,15.1164
26,66.34,2.293,6.96,1577.2,46.63,11796,95,13,0,70.8,1.2881,9.5316
38,61.99,2.484,6.24,1271.1,48.64,28312,81,13,0,67.73,0.972,9.9343
6,65.22,1.167,5.18,1371.4,66.35,28462,71,2,0,69.31,1.3913,12.5907
43,61.57,5.184,5.04,1918.4,51.89,22172,106,18,0,69.19,1.1204,12.2163
11,64.54,3.375,3.84,973.0,26.43,39628,84,14,0,67.47,1.4664,16.8073
27,63.26,3.016,5.83,1759.7,55.25,2130,52,16,0,72.18,3.5343,10.8508
18,78.35,1.065,6.26,1587.5,46.3,32847,65,18,0,69.44,1.7016,12.516
26,65.12,3.271,5.85,1533.2,40.34,12192,95,13,0,71.39,1.2863,11.1316
16,87.56,2.702,5.62,1992.4,78.36,3200,83,12,1,70.53,1.0336,15.5801
33,73.79,1.381,3.4,1608.2,73.09,17515,109,0,0,69.97,1.6239,21.7029
26,59.39,1.009,5.85,1763.9,49.71,11880,95,13,0,70.77,1.3364,10.1521
37,59.05,1.725,4.77,1372.3,37.53,14536,91,13,0,71.47,2.4307,12.3795
13,59.2,1.176,5.74,1735.0,49.35,46990,72,9,0,70.88,1.5423,10.3136
24,59.38,4.879,4.4,1719.0,43.39,2633,86,13,0,70.64,1.3211,13.4955
32,60.73,1.353,5.58,1209.1,31.75,26033,56,0,0,68.22,1.441,10.8835
39,78.13,2.506,6.5,1608.8,48.59,34019,15,13,0,73.2,1.2688,12.02
11,64.55,1.201,5.54,1401.0,67.22,40018,84,14,0,67.16,1.4396,11.6516
31,67.77,2.375,5.59,1460.3,70.73,8229,56,3,0,67.53,2.5672,12.1234
49,70.45,1.237,5.98,1371.4,67.19,35216,62,5,0,68.53,1.0026,11.7809
44,70.59,2.605,4.81,1635.1,59.43,15655,41,3,0,70.71,0.9508,14.6757
30,71.53,2.08,5.0,1547.4,68.14,30681,90,2,0,70.74,1.4375,14.306
3,53.64,2.038,4.93,1612.2,44.86,50021,40,16,0,67.84,1.2753,10.8803
9,70.07,1.79,5.33,1480.4,55.0,28674,28,7,0,70.97,1.893,13.1463
49,74.62,2.063,5.14,1476.1,52.98,35070,62,5,0,68.65,0.9726,14.5175
28,62.5,2.444,5.55,1447.1,52.85,47655,40,2,0,70.94,1.5522,11.2613
18,65.98,2.821,5.7,1948.9,57.8,33045,65,18,0,69.7,1.6799,11.5754
1,57.99,2.609,5.88,1354.5,57.83,2462,74,9,0,69.89,2.0188,9.8622
1,69.14,3.426,4.7,1165.4,58.81,2623,74,9,0,69.81,2.0225,14.7106
23,65.31,1.824,5.91,1553.8,64.54,6358,25,12,0,70.33,1.3338,11.0508
49,61.4,1.443,5.66,1455.8,59.21,35127,62,5,0,68.74,0.9839,10.8481
41,73.81,1.755,5.14,1581.1,79.58,16909,22,7,0,68.28,1.2831,14.3599
12,62.67,2.715,6.32,1229.8,62.69,32647,111,6,0,73.38,1.6062,9.9161
2,67.05,1.951,5.09,1785.4,54.74,6751,88,17,0,71.36,1.3873,13.1729
49,72.83,1.568,5.33,1298.1,87.72,35078,62,5,0,68.94,0.9859,13.6642
39,74.28,1.985,5.02,1309.1,65.89,34370,15,13,0,73.37,1.2661,14.7968
4,64.68,9.479,1.75,1800.2,112.59,31748,45,1,1,70.26,1.6913,36.96
47,65.27,2.868,5.54,1811.2,52.63,17754,55,7,0,67.47,1.5142,11.7816
15,69.75,2.517,7.07,1606.1,69.69,12858,110,16,0,69.98,1.3561,9.8656
36,75.27,1.416,5.28,1537.8,47.18,32621,32,13,0,67.51,1.68,14.2557
18,51.34,3.689,6.52,1626.7,74.54,33053,65,18,0,68.75,1.6954,7.8742
14,105.11,2.919,3.89,2042.2,54.77,33140,41,2,1,71.48,1.0876,27.0206
47,85.53,1.725,6.2,1511.5,48.78,17837,55,7,0,68.1,1.5264,13.7952
6,65.02,2.758,5.76,1332.2,64.73,28449,71,2,0,69.96,1.3898,11.2882
7,77.56,2.021,6.75,1652.9,42.92,2602,118,6,0,70.0,2.3487,11.4904
50,60.75,2.999,3.6,1798.7,58.5,22065,21,3,0,68.73,1.8046,16.875
34,72.88,1.72,5.13,1488.5,54.87,37168,12,19,0,68.49,1.0676,14.2066
6,66.49,0.646,5.39,1701.6,59.34,28536,71,2,0,69.94,1.4455,12.3358
41,74.33,2.685,5.64,1391.8,46.79,16629,22,7,0,68.44,1.2367,13.1791
27,68.38,1.882,3.93,1670.1,34.78,2347,52,16,0,72.16,3.5443,17.3995
48,73.17,2.751,5.56,1667.6,65.93,30007,115,7,0,73.25,3.8287,13.1601
33,88.49,1.776,5.77,1173.7,54.79,17639,109,0,0,70.73,1.6148,15.3362
7,66.21,4.818,4.45,1601.2,56.54,2813,118,6,0,70.0,2.3768,14.8787
48,71.46,4.305,1.66,1301.9,90.48,29697,115,7,1,72.3,3.8029,43.0482
35,126.71,4.255,2.11,1872.0,80.12,8422,57,10,1,70.47,2.2294,60.0521
28,66.26,1.178,4.46,1318.5,39.4,48057,40,2,0,71.18,1.5881,14.8565
36,66.37,2.971,5.89,1588.2,52.94,32457,32,13,0,66.71,1.5056,11.2683
29,64.95,4.126,4.64,1673.8,51.39,36679,18,13,0,68.89,2.3116,13.9978
43,110.15,2.643,2.77,1780.4,92.24,22323,106,18,1,71.03,1.1168,39.7653
20,63.04,4.263,5.49,1363.8,60.48,24764,31,3,0,71.3,1.2525,11.4827
50,75.21,2.528,4.51,1701.4,32.91,22510,21,3,0,68.77,1.8039,16.6763
5,60.01,1.824,5.66,1500.5,81.88,31125,49,5,0,68.33,1.1553,10.6025
16,56.68,1.691,5.65,1877.7,44.14,3124,83,12,0,69.71,0.9291,10.0319
45,93.26,2.821,7.48,1631.6,42.13,1162,30,11,0,73.77,1.6514,12.4679
5,66.84,3.825,4.83,1720.1,62.42,31576,49,5,0,68.47,1.1842,13.8385
10,97.33,7.433,5.88,1878.3,73.47,31369,81,9,1,67.0,1.7622,16.5527
38,59.05,1.027,4.58,1752.5,59.28,28572,81,13,0,67.46,0.9898,12.893
46,66.63,1.222,4.4,1449.0,56.65,11233,19,9,0,67.6,1.0641,15.1432
33,61.84,2.772,5.74,1201.3,58.86,17597,109,0,0,70.88,1.6137,10.7735
29,57.62,3.961,6.19,1628.3,58.5,36943,18,13,0,68.27,2.3237,9.3086
17,62.06,2.408,5.13,1196.1,51.82,49071,49,0,0,68.0,1.7327,12.0975
23,64.02,4.253,5.7,1833.4,63.83,6276,25,12,0,70.08,1.3649,11.2316
6,66.09,1.49,6.2,1656.4,70.87,28770,71,2,0,70.18,1.4265,10.6597
12,73.1,1.694,4.6,1627.8,41.67,32607,111,6,0,72.5,1.6172,15.8913
34,75.57,1.893,4.97,1752.3,51.12,36731,12,19,0,68.68,1.0601,15.2052
18,65.61,2.913,5.87,1739.1,62.52,33084,65,18,0,68.95,1.6952,11.1772
17,72.23,5.827,4.46,1517.5,41.25,49157,49,0,0,67.0,1.817,16.1951
40,94.05,6.507,2.58,1241.9,71.8,39340,23,8,1,70.58,2.3613,36.4535
3,61.56,1.694,5.31,1358.6,75.39,50034,40,16,0,67.47,1.2766,11.5932
11,69.73,0.807,5.97,1675.8,63.64,39783,84,14,0,66.93,1.4809,11.6801
22,65.38,1.747,6.18,1543.5,54.35,25313,35,6,0,72.85,1.1377,10.5793
9,96.58,2.797,4.78,1180.1,67.11,28785,28,7,1,72.13,1.8794,20.205
22,64.04,3.342,5.05,1132.0,43.85,25246,35,6,0,72.79,1.1483,12.6812
22,62.33,1.722,5.65,1500.5,51.9,24972,35,6,0,73.01,1.1431,11.0319
24,68.15,1.385,5.85,1273.5,62.9,2591,86,13,0,69.93,1.2065,11.6496
47,77.19,1.271,6.83,1204.3,57.3,18017,55,7,0,68.69,1.5115,11.3016
27,71.09,3.304,4.86,994.5,48.68,1920,52,16,0,72.55,3.5402,14.6276
15,69.61,3.182,6.55,1423.4,52.31,12613,110,16,0,70.81,1.3597,10.6275
35,58.37,1.823,4.55,1297.1,35.45,8250,57,10,0,70.27,2.1927,12.8286
6,61.27,1.552,6.46,1288.1,57.97,28648,71,2,0,70.22,1.4365,9.4845
47,72.29,4.49,5.66,1358.7,40.84,17886,55,7,0,69.03,1.1866,12.7721
2,58.37,3.132,5.3,1319.3,54.28,7046,88,17,0,71.02,1.3403,11.0132
44,62.37,1.44,5.98,1263.3,58.06,15488,41,3,0,71.41,0.9608,10.4298
26,51.65,1.551,6.22,1070.5,51.43,12052,95,13,0,70.49,1.2803,8.3039
18,63.84,1.705,5.23,1026.8,77.94,33116,65,18,0,68.94,1.7052,12.2065
7,65.77,2.95,6.73,1612.9,54.21,2736,118,6,0,69.84,2.3562,9.7727
48,69.79,1.696,5.35,1309.1,38.14,29606,115,7,0,71.98,3.7771,13.0449
41,90.05,5.741,5.73,1843.0,84.15,16613,22,7,1,69.25,1.3943,15.7155
15,50.19,4.147,5.09,1083.1,37.99,12753,110,16,0,70.35,1.3574,9.8605
21,67.54,3.472,6.25,1074.1,69.54,41190,7,11,0,74.05,3.5004,10.8064
44,73.51,0.893,4.64,1641.3,48.43,15440,41,3,0,71.22,0.9971,15.8427
43,69.8,3.183,4.9,1283.2,47.21,22309,106,18,0,70.72,1.1108,14.2449
44,69.17,2.098,5.57,1450.3,67.1,15404,41,3,0,70.68,0.9893,12.4183
6,82.58,1.556,6.29,1692.7,56.55,28469,71,2,0,71.33,1.4282,13.1288
13,70.73,3.374,7.34,1820.9,69.9,47123,72,9,0,70.97,1.5335,9.6362
9,75.41,2.469,5.03,1489.9,59.23,28726,28,7,0,71.19,1.5547,14.992
18,69.48,1.123,6.81,1569.5,53.81,32879,65,18,0,69.01,1.706,10.2026
41,78.41,3.846,5.15,1534.6,44.66,17017,22,7,0,70.26,1.4114,15.2252
24,62.05,2.767,6.74,1804.1,58.18,2647,86,13,0,69.8,1.2026,9.2062
43,94.92,4.31,3.01,1457.2,119.75,22138,106,18,1,71.87,1.1468,31.5349
37,70.59,2.453,5.83,1662.2,66.99,14337,91,13,0,71.82,2.4299,12.1081
50,76.66,1.561,5.24,1367.9,43.31,22209,21,3,0,69.24,1.7871,14.6298
39,75.75,0.891,5.82,1480.7,70.91,34019,15,13,0,72.23,1.2931,13.0155
19,71.6,2.584,4.61,1633.7,48.9,33992,75,12,0,67.58,1.2236,15.5315
43,60.49,2.017,4.97,1414.3,45.63,22328,106,18,0,71.5,1.122,12.171
34,54.5,1.455,5.68,1625.3,40.11,36781,12,19,0,68.11,1.0434,9.5951
7,63.99,2.55,5.82,1275.8,57.71,2904,118,6,0,69.54,2.3592,10.9948
10,74.88,2.545,4.46,1569.1,63.37,31351,81,9,0,66.98,1.7494,16.7892
47,76.79,1.674,5.97,1378.0,55.87,17772,55,7,0,68.72,1.1699,12.8626
5,53.83,3.331,5.36,1496.8,59.43,31420,49,5,0,68.34,1.1924,10.0429
46,63.61,3.853,6.5,1186.5,73.61,11488,19,9,0,67.58,1.0963,9.7862
23,56.94,1.535,5.43,1468.0,66.23,6247,25,12,0,69.17,1.3925,10.4862
39,59.37,2.171,4.98,1480.2,62.38,34116,15,13,0,71.22,1.2922,11.9217
45,93.88,3.158,2.69,1687.7,84.94,1347,30,11,1,74.65,1.6423,34.8996
34,74.95,3.577,3.66,1863.9,74.98,36768,12,19,0,68.35,1.0555,20.4781
19,70.59,1.138,4.49,1212.8,49.06,34322,75,12,0,67.42,1.2379,15.7216
47,67.51,0.991,5.34,1206.7,49.09,18067,55,7,0,69.19,1.2072,12.6423
48,64.64,1.793,5.95,1377.7,53.28,29781,115,7,0,72.28,3.7869,10.8639
17,63.23,2.365,4.61,1421.4,53.8,49104,49,0,0,66.59,1.8162,13.7158
21,69.04,1.313,5.63,1460.9,49.58,41488,7,11,0,74.26,3.5105,12.2629
49,77.86,3.6,4.5,1214.2,70.71,35221,62,5,0,69.56,1.0108,17.3022
28,67.97,2.733,4.95,1421.1,48.2,47797,40,2,0,71.13,1.5814,13.7313
37,71.15,1.652,3.81,1635.2,71.87,14370,91,13,0,72.05,2.4344,18.6745
42,58.41,2.886,6.33,1218.1,56.61,5864,63,17,0,71.37,1.258,9.2275
20,47.63,2.212,5.65,1884.4,64.28,24629,31,3,0,70.41,1.2319,8.4301
4,73.97,1.601,6.1,1295.2,55.74,31455,45,1,0,70.36,1.7109,12.1262
17,58.25,5.116,4.97,1246.4,69.99,48927,49,0,0,65.54,1.8222,11.7203
17,81.83,1.178,6.29,1583.4,48.97,48936,49,0,0,66.03,1.8661,13.0095
49,72.07,4.224,5.55,1274.3,64.03,34931,62,5,0,69.54,1.0716,12.9856
27,59.46,3.422,5.26,1157.5,68.57,2103,52,16,0,72.22,3.5355,11.3042
37,77.68,1.723,5.34,1552.9,78.76,14459,91,13,0,72.0,2.4444,14.5468
22,77.18,3.076,6.82,1417.6,54.53,24939,35,6,0,73.26,1.144,11.3167
16,86.79,2.058,5.33,1378.1,46.26,3097,83,12,0,70.92,0.9121,16.2833
47,65.28,2.644,6.12,1477.2,49.98,17706,55,7,0,69.51,1.2061,10.6667
43,71.34,0.85,5.09,1484.0,34.19,22015,106,18,0,71.3,1.1832,14.0157
43,84.38,2.53,5.35,1461.1,58.2,22369,106,18,0,72.08,1.1739,15.772
8,77.18,2.126,4.32,1521.5,57.19,39867,98,4,0,70.78,4.239,17.8657
14,75.51,2.313,4.5,1583.7,61.28,33180,41,2,0,71.36,1.0344,16.78
26,96.19,2.656,5.19,1826.2,76.18,12043,95,13,1,72.02,1.2741,18.5337
17,61.74,1.68,5.92,1679.2,28.87,49045,49,0,0,66.45,1.8106,10.4291
25,53.39,0.69,5.81,1393.1,57.66,8821,25,2,0,69.28,1.2578,9.1893
19,69.43,1.069,7.14,1609.6,78.3,34100,75,12,0,66.87,1.2624,9.7241
40,57.07,1.593,5.62,1499.2,61.78,39383,23,8,0,69.89,2.3449,10.1548
38,69.02,2.881,5.64,1428.7,54.55,28486,81,13,0,67.32,0.9966,12.2376
15,74.8,1.644,5.95,1486.6,53.29,12822,110,16,0,70.66,1.3515,12.5714
26,73.38,2.297,5.87,840.8,46.57,11829,95,13,0,72.38,1.2681,12.5009
42,77.69,2.917,5.44,1252.7,47.54,5617,63,17,0,71.05,1.1828,14.2812
27,60.8,4.052,5.46,1226.7,45.25,1938,52,16,0,72.21,3.5266,11.1355
13,107.55,11.408,3.57,1819.3,88.54,46774,72,9,1,72.7,2.3622,30.1261
32,65.26,4.488,6.17,1135.0,63.33,26211,56,0,0,67.6,1.4694,10.577
15,60.74,1.912,4.37,1506.8,52.31,12714,110,16,0,69.99,1.3508,13.8993
2,71.96,5.376,5.94,2096.2,59.46,6657,88,17,0,70.94,1.4196,12.1145
46,63.99,1.79,5.34,1005.8,72.87,11321,19,9,0,67.44,1.102,11.9831
8,72.53,3.984,4.9,1260.8,71.49,39608,98,4,0,70.66,4.2121,14.802
28,70.69,2.754,5.21,1667.9,43.04,47811,40,2,0,71.1,1.5391,13.5681
25,63.85,1.645,6.61,1287.9,65.38,8893,25,2,0,69.01,1.2656,9.6596
27,63.11,1.934,5.67,1502.8,75.55,2388,52,16,0,71.8,3.5302,11.1305
35,73.43,2.403,5.47,1622.4,48.94,8444,57,10,0,70.48,2.1828,13.4241
44,81.74,5.485,2.79,1796.6,102.26,15649,41,3,1,71.37,1.1823,29.2975
44,68.62,1.543,4.13,1733.9,61.65,15163,41,3,0,71.51,1.1789,16.615
39,68.44,2.092,4.59,1368.1,50.56,34237,15,13,0,71.56,1.2587,14.9107
48,98.65,6.349,6.47,1653.5,60.1,29821,115,7,1,71.77,3.2039,15.2473
43,72.44,1.25,5.24,1481.0,53.92,22319,106,18,0,71.99,1.1998,13.8244
41,67.72,1.628,3.4,1263.0,54.42,16986,22,7,0,70.62,1.3729,19.9176
39,95.21,10.888,2.41,1071.2,70.2,34321,15,13,1,72.67,2.1539,39.5062
50,55.97,1.679,5.07,1319.4,54.94,22537,21,3,0,68.0,1.6931,11.0394
40,70.48,1.581,4.18,1464.4,60.37,39170,23,8,0,70.74,2.3528,16.8612
23,83.58,2.984,5.31,1265.8,47.93,6435,25,12,0,70.05,1.2304,15.7401
18,68.08,1.717,6.5,1367.1,63.04,32872,65,18,0,69.21,1.6828,10.4738
31,63.6,1.817,6.2,1772.2,49.09,8281,56,3,0,67.26,2.5697,10.2581
44,68.46,2.664,7.13,1310.3,54.24,15564,41,3,0,71.33,1.1702,9.6017
8,78.18,1.599,5.89,1414.5,47.3,39951,98,4,0,71.14,4.2256,13.2733
34,74.03,1.399,5.86,1229.4,64.3,36818,12,19,0,68.79,1.0801,12.6331
46,48.32,0.637,5.04,1459.1,62.42,11194,19,9,0,66.5,1.1679,9.5873
3,70.36,2.801,5.1,1392.7,48.03,50374,40,16,0,67.67,1.2609,13.7961
46,74.75,2.366,7.05,1481.9,81.34,11095,19,9,0,66.63,1.1558,10.6028
10,61.21,5.192,5.42,1300.3,67.75,31081,81,9,0,66.38,1.8287,11.2934
2,67.31,0.936,4.93,1272.7,60.92,6812,88,17,0,70.96,1.4571,13.6531
14,78.75,4.163,5.18,1409.3,38.48,33203,41,2,0,72.44,1.0751,15.2027
26,76.33,2.58,4.92,1146.1,54.58,11879,95,13,0,72.72,1.265,15.5142
13,68.7,1.421,4.39,1379.9,32.43,46713,72,9,0,72.56,2.3478,15.6492
32,71.01,2.715,5.64,1574.2,49.69,26193,56,0,0,67.61,1.4497,12.5904
33,66.42,3.283,5.49,1181.9,50.53,17621,109,0,0,70.54,1.4948,12.0984
28,64.62,1.446,5.99,1359.1,41.14,47939,40,2,0,70.92,1.5491,10.788
11,57.91,1.969,4.49,1682.3,37.9,39983,84,14,0,66.34,1.4819,12.8976
30,75.01,1.88,4.86,1179.3,68.52,30813,90,2,0,71.4,1.2501,15.4342
25,75.5,1.6,4.48,1223.6,62.62,8976,25,2,0,68.7,1.2709,16.8527
22,67.35,4.236,4.82,1385.7,45.69,24936,35,6,0,73.37,1.1867,13.973
19,92.9,4.771,2.62,1693.5,61.68,33939,75,12,1,68.16,1.3629,35.458
14,67.39,0.855,6.47,1499.6,56.77,33239,41,2,0,72.23,1.1081,10.4158
13,60.22,1.868,5.05,1589.8,45.01,46981,72,9,0,70.81,2.3062,11.9248
40,66.54,2.705,3.97,1335.6,39.99,39240,23,8,0,70.39,2.3495,16.7607
42,86.54,3.682,4.68,1500.4,45.53,5941,63,17,0,71.87,1.1136,18.4915
26,99.11,7.543,2.44,1182.5,100.41,11753,95,13,1,73.96,1.537,40.6189
50,63.03,4.16,4.62,1386.5,55.52,22305,21,3,0,67.93,1.6894,13.6429
20,69.36,1.971,6.23,1696.2,76.85,24712,31,3,0,70.46,1.2244,11.1332
27,70.66,2.865,6.08,1319.3,45.97,2314,52,16,0,70.98,3.5039,11.6217
1,68.27,0.623,6.13,1805.8,36.62,2388,74,9,0,69.79,2.0483,11.137
37,68.64,1.824,7.25,1629.2,46.27,14482,91,13,0,71.92,2.266,9.4676
42,68.82,3.133,5.38,1398.2,48.48,5620,63,17,0,70.88,1.1177,12.7918
47,65.23,2.895,5.36,1340.9,62.76,17834,55,7,0,68.96,1.1956,12.1698
9,71.76,1.692,5.16,1406.4,57.54,28591,28,7,0,71.25,1.5548,13.907
9,61.85,2.034,5.14,1555.3,30.05,28978,28,7,0,70.53,1.5462,12.0331
13,61.16,1.333,5.13,1617.0,52.71,47074,72,9,0,69.69,2.2618,11.922
26,64.33,3.318,6.89,1273.1,70.98,11863,95,13,0,73.77,1.5343,9.3367
18,75.05,1.292,6.9,1359.3,44.07,32779,65,18,0,69.35,1.7013,10.8768
8,74.57,1.314,5.29,1275.2,54.49,39715,98,4,0,71.75,4.238,14.0964
6,66.88,1.208,5.26,1152.9,62.27,28706,71,2,0,70.93,1.4398,12.7148
3,72.33,4.428,7.27,1294.9,48.64,50130,40,16,0,67.64,1.3023,9.9491
13,56.85,1.732,4.68,1621.7,53.39,46766,72,9,0,69.14,2.2618,12.1474
10,59.06,1.924,4.56,1602.8,66.27,31370,81,9,0,66.45,1.8136,12.9518
37,95.71,5.163,4.24,2056.0,75.99,14331,91,13,1,71.85,2.3272,22.5731
28,76.92,4.081,6.55,1249.3,68.73,48047,40,2,0,70.97,1.5616,11.7435
41,50.34,1.272,5.96,1271.7,56.68,17013,22,7,0,69.98,1.3735,8.4463
42,77.1,5.354,2.7,1411.6,87.2,5816,63,17,1,69.79,1.2621,28.5556
7,66.15,4.644,5.36,1579.6,46.88,2860,118,6,0,68.38,1.6595,12.3414
41,76.43,0.795,6.27,1442.7,59.25,17093,22,7,0,70.44,1.4171,12.1898
20,59.57,6.541,5.41,1648.8,49.42,25004,31,3,0,70.05,1.3766,11.0111
13,67.97,0.973,4.53,1223.3,66.23,46786,72,9,0,69.46,2.2679,15.0044
29,67.81,1.618,5.88,1510.6,56.1,36815,18,13,0,68.43,2.314,11.5323
32,72.06,2.945,3.86,1307.0,28.67,26178,56,0,0,68.11,1.4258,18.6684
15,75.93,1.873,6.3,1339.4,57.27,12796,110,16,0,70.15,1.3534,12.0524
22,76.31,4.414,5.97,1351.3,44.64,24896,35,6,0,73.22,1.2352,12.7822
22,79.45,3.497,6.35,1453.7,46.11,25078,35,6,0,73.97,1.2392,12.5118
4,69.73,1.393,6.63,1477.2,39.62,31704,45,1,0,70.4,1.7152,10.5173
28,64.11,1.633,7.0,1473.5,51.45,47827,40,2,0,70.89,1.5909,9.1586
38,72.99,2.431,6.33,1170.1,62.59,28613,81,13,0,67.75,0.9691,11.5308
32,64.77,2.637,4.97,1295.2,57.31,26243,56,0,0,67.54,1.4029,13.0322
10,76.59,2.044,4.91,1441.6,48.46,31134,81,9,0,67.04,1.8173,15.5988
42,60.35,3.871,5.97,1309.2,52.49,5801,63,17,0,69.46,1.2739,10.1089
43,54.62,2.157,4.9,976.7,55.09,22052,106,18,0,71.26,1.1933,11.1469
49,57.22,0.878,4.93,1604.5,77.45,34885,62,5,0,69.04,1.0994,11.6065
29,71.53,1.122,5.68,1144.3,75.11,37113,18,13,0,68.85,2.3198,12.5933
6,72.4,0.693,3.94,1196.7,36.09,28669,71,2,0,71.11,1.4721,18.3756
31,52.69,1.835,3.55,1580.6,56.84,8224,56,3,0,67.09,2.5814,14.8423
7,68.49,2.687,5.44,1418.7,56.53,2602,118,6,0,68.41,1.6231,12.5901
40,59.59,3.876,5.04,1592.0,43.79,39224,23,8,0,69.86,2.352,11.8234
46,82.54,2.189,5.19,1141.7,64.65,11097,19,9,0,67.16,1.1455,15.9037
37,71.62,1.676,5.52,1442.2,60.9,14466,91,13,0,71.94,2.312,12.9746
35,58.68,2.614,4.19,1699.8,48.22,8448,57,10,0,69.63,2.1507,14.0048
34,58.17,3.298,4.42,1427.9,49.98,36909,12,19,0,68.33,1.0717,13.1606
18,61.17,3.505,4.95,1452.3,44.75,32730,65,18,0,69.03,1.6891,12.3576
14,63.04,2.696,7.18,1575.0,55.32,33147,41,2,0,71.8,1.1026,8.7799
16,77.02,1.823,4.97,1429.8,62.31,3254,83,12,0,71.3,0.8846,15.497
45,84.02,1.506,6.37,1116.0,73.45,1301,30,11,0,74.88,1.6459,13.19
24,59.9,0.738,6.62,1583.4,61.99,2167,86,13,0,69.67,1.233,9.0483
20,83.21,1.208,3.36,1401.0,43.58,24674,31,3,0,70.48,1.4155,24.7649
8,79.95,2.056,3.76,1290.4,50.03,39912,98,4,0,72.33,4.2437,21.2633
18,96.08,4.179,5.37,1528.6,79.1,32873,65,18,1,70.2,1.7057,17.892
49,67.64,1.033,5.96,1515.8,68.6,34852,62,5,0,68.75,1.1153,11.349
19,71.09,3.798,4.81,1420.6,46.31,34305,75,12,0,68.06,1.3942,14.7796
11,81.47,2.839,4.67,1256.4,52.69,39621,84,14,0,66.75,1.4093,17.4454
9,66.46,0.808,5.64,1382.1,50.19,28957,28,7,0,69.36,1.5866,11.7837
47,80.07,2.127,5.64,1614.5,67.73,17747,55,7,0,69.46,1.1909,14.1968
37,64.15,1.583,5.13,1342.8,34.55,14336,91,13,0,71.1,2.0356,12.5049
15,53.17,2.401,5.12,1116.7,75.95,12551,110,16,0,69.12,1.3536,10.3848
28,84.05,2.155,6.95,1368.0,44.51,48094,40,2,0,71.33,1.3333,12.0935
26,74.33,1.232,5.26,1106.7,50.43,11881,95,13,0,73.94,1.5742,14.1312
10,54.11,1.488,6.08,1057.7,39.62,31260,81,9,0,66.4,1.8171,8.8997
19,71.71,3.706,6.02,1450.1,42.02,33964,75,12,0,68.36,1.4191,11.912
1,66.44,1.893,5.27,1746.5,70.84,2486,74,9,0,69.71,2.0426,12.6072
31,57.37,1.668,5.75,1576.6,60.68,8547,56,3,0,66.62,2.5609,9.9774
13,75.73,2.085,7.58,1664.5,55.59,46998,72,9,0,69.4,2.2481,9.9908
46,61.64,2.41,5.69,1388.4,42.19,11461,19,9,0,66.42,1.1307,10.833
19,73.06,1.027,3.96,1279.0,45.12,34081,75,12,0,68.93,1.0902,18.4495
9,80.47,3.447,5.72,1397.6,54.98,28965,28,7,0,70.2,1.5875,14.0682
24,77.43,1.96,5.51,1587.0,44.68,2522,86,13,0,69.31,1.2406,14.0526
35,68.84,3.23,5.77,1282.3,35.92,8445,57,10,0,70.06,2.1486,11.9307
38,72.9,1.576,5.01,1485.2,51.96,28449,81,13,0,67.65,0.9593,14.5509
32,75.96,2.081,6.26,1452.2,55.28,25872,56,0,0,68.16,1.3197,12.1342
49,69.44,1.914,4.44,1400.9,64.85,34996,62,5,0,68.74,1.1028,15.6396
11,71.45,7.55,4.37,1301.2,62.54,39681,84,14,0,66.42,1.7428,16.3501
39,66.23,2.162,6.1,1448.9,49.05,34383,15,13,0,72.77,2.1557,10.8574
42,98.31,7.592,2.61,1798.4,64.19,5595,63,17,1,70.69,1.6118,37.6667
16,64.13,2.077,5.15,1171.2,53.65,3112,83,12,0,70.9,0.8905,12.4524
26,59.75,2.387,7.17,1757.0,47.72,11999,95,13,0,72.04,1.5705,8.3333
5,67.84,4.895,4.36,1707.9,49.95,31456,49,5,0,68.58,1.2644,15.5596
23,105.48,7.72,1.06,1252.8,101.13,6512,25,12,1,72.02,1.5995,99.5094
20,50.17,3.001,5.14,1186.9,57.94,24845,31,3,0,70.02,1.4152,9.7607
14,74.38,0.999,4.82,1816.3,65.86,32902,41,2,0,72.16,1.0954,15.4315
21,71.21,1.608,5.64,1242.2,47.78,41293,7,11,0,74.59,3.526,12.6259
47,72.8,1.879,6.1,1611.7,57.72,18076,55,7,0,69.72,1.1418,11.9344
3,72.17,1.103,5.31,1155.0,52.07,50323,40,16,0,67.63,1.3203,13.5913
3,63.17,1.108,5.14,1514.2,26.61,50249,40,16,0,67.17,1.3401,12.2899
30,78.15,3.65,4.58,1577.3,59.07,30678,90,2,0,71.94,1.2865,17.0633
31,69.69,4.851,5.96,1181.2,52.96,8358,56,3,0,65.12,2.4504,11.693
2,65.89,2.237,6.26,1874.3,38.47,6600,88,17,0,70.85,1.4615,10.5256
33,54.59,0.673,5.21,1287.4,34.05,17615,109,0,0,68.96,1.4252,10.4779
11,60.45,1.505,6.9,1249.2,51.62,39753,84,14,0,65.9,1.757,8.7609
14,79.44,5.88,5.15,1550.1,125.58,33218,41,2,1,72.17,1.3163,15.4252
12,72.8,2.393,6.37,1537.1,49.97,32281,111,6,0,72.62,1.6044,11.4286
36,68.45,2.908,5.29,1332.2,64.42,32329,32,13,0,66.78,1.4922,12.9395
12,58.96,3.268,6.02,1347.8,34.27,32589,111,6,0,71.98,1.5902,9.794
28,69.4,4.406,5.68,1365.3,43.51,47975,40,2,0,71.26,1.3406,12.2183
19,59.01,3.898,4.19,1932.9,57.17,34028,75,12,0,68.41,1.0939,14.0835
16,68.79,2.699,6.36,1456.2,45.35,3320,83,12,0,71.09,0.8841,10.816
11,60.82,2.892,5.92,1598.9,43.1,39887,84,14,0,65.5,1.7453,10.2736
44,73.66,1.861,5.49,1440.3,47.73,15576,41,3,0,71.78,1.1714,13.4171
3,65.35,3.6,5.6,1324.3,56.1,50093,40,16,0,66.53,1.3641,11.6696
48,61.33,1.224,5.25,1448.1,48.88,29725,115,7,0,71.71,3.2414,11.6819
21,64.91,2.753,6.04,1146.6,56.09,41481,7,11,0,74.62,3.5063,10.7467
12,73.92,2.408,5.99,1306.5,55.18,32437,111,6,0,72.79,1.59,12.3406
2,66.76,1.81,6.04,1733.1,40.17,6714,88,17,0,70.77,1.4265,11.053
25,62.22,2.117,7.02,1396.4,71.66,8825,25,2,0,68.78,1.2718,8.8632
38,64.04,1.997,6.56,1049.1,52.08,28542,81,13,0,68.03,0.9601,9.7622
32,67.05,3.34,6.69,1493.8,49.74,26120,56,0,0,67.68,1.3266,10.0224
40,68.83,1.915,6.39,1221.4,47.43,39423,23,8,0,69.34,2.3684,10.7715
34,65.0,2.747,4.66,1394.7,58.64,37092,12,19,0,68.58,1.0034,13.9485
40,63.78,3.316,5.36,1478.8,47.86,39042,23,8,0,69.33,2.3666,11.8993
34,65.86,1.781,4.56,1659.5,71.01,36799,12,19,0,68.99,1.0123,14.443
14,75.81,2.756,5.22,1436.3,53.07,32839,41,2,0,72.51,1.2724,14.523
34,55.74,3.337,5.19,1564.6,54.11,36928,12,19,0,68.21,1.0159,10.7399
38,83.58,13.253,1.54,1380.1,67.06,28579,81,13,1,68.88,2.4491,54.2727
48,86.78,7.887,3.38,1255.5,118.32,29797,115,7,1,72.7,3.3088,25.6746
15,74.66,0.848,5.67,1735.4,46.09,12832,110,16,0,69.53,1.3967,13.1675
29,69.78,1.782,6.16,1473.7,40.63,36740,18,13,0,68.63,2.3033,11.3279
1,66.55,1.928,4.86,1409.8,45.37,2362,74,9,0,70.04,2.0109,13.6934
39,55.76,1.186,5.56,1516.0,58.96,34406,15,13,0,72.42,2.1437,10.0288
5,53.1,4.471,4.26,1120.9,64.88,31385,49,5,0,68.19,1.2838,12.4648
45,73.24,3.92,6.09,1310.4,62.23,1188,30,11,0,75.68,1.6683,12.0263
24,83.75,1.636,6.5,1454.7,42.37,2172,86,13,0,69.71,1.2013,12.8846
42,64.31,2.832,5.96,1453.7,26.89,5606,63,17,0,70.1,1.5541,10.7903
50,50.87,1.553,6.39,1446.1,77.93,22414,21,3,0,67.23,1.5264,7.9609
4,70.6,2.222,6.19,1730.0,46.48,31821,45,1,0,70.95,1.7165,11.4055
28,74.35,2.312,6.18,1294.0,54.15,47952,40,2,0,70.92,1.287,12.0307
9,67.62,3.223,6.44,1516.3,57.64,28709,28,7,0,69.64,1.5603,10.5
8,59.29,4.119,6.03,945.9,67.92,39480,98,4,0,72.27,4.2366,9.8325
24,63.61,1.37,5.63,1403.8,78.88,2561,86,13,0,69.7,1.2178,11.2984
46,77.51,3.359,5.1,1360.2,52.22,11520,19,9,0,66.8,0.9156,15.198
31,73.62,2.096,5.13,1424.3,65.83,8271,56,3,0,65.22,2.4042,14.3509
39,64.42,1.448,5.24,1239.1,41.23,34299,15,13,0,71.91,2.1389,12.2939
12,69.93,2.764,4.8,1675.2,55.25,32571,111,6,0,71.91,1.5849,14.5688
15,79.94,2.292,4.76,1523.8,42.95,12631,110,16,0,69.88,1.3961,16.7941
38,76.38,1.499,4.15,1714.9,42.83,28388,81,13,0,68.72,2.4482,18.4048
13,66.89,1.408,7.01,1229.8,63.42,46846,72,9,0,69.29,2.2255,9.5421
14,68.75,2.174,6.08,1370.8,58.17,33186,41,2,0,72.55,1.2546,11.3076
50,75.74,3.663,5.55,1536.9,34.96,22489,21,3,0,67.47,1.5351,13.6468
24,58.47,1.892,4.37,1140.0,57.38,2354,86,13,0,69.34,1.2182,13.3799
5,71.29,2.139,4.64,919.1,40.93,31206,49,5,0,68.12,1.2782,15.3642
14,56.98,2.764,4.45,1377.4,59.67,33179,41,2,0,71.77,1.2532,12.8045
3,71.5,0.661,6.83,1270.4,71.65,50408,40,16,0,66.29,1.4034,10.4685
1,80.66,1.211,5.43,1368.9,56.45,2717,74,9,0,70.76,2.0107,14.8545
39,73.77,2.656,3.98,1419.9,55.0,34334,15,13,0,71.95,2.129,18.5352
7,69.28,3.844,4.04,870.2,66.81,2769,118,6,0,68.31,1.6159,17.1485
23,57.54,2.449,4.63,991.0,58.19,6270,25,12,0,72.07,1.5684,12.4276
28,70.94,1.983,5.92,1411.4,51.91,47947,40,2,0,70.83,1.2994,11.9831
22,64.67,3.745,5.46,1326.3,46.79,24929,35,6,0,73.91,1.2161,11.8443
33,75.88,1.592,4.97,1596.7,61.85,17828,109,0,0,69.66,1.4278,15.2676
38,57.19,1.406,4.53,1097.4,36.42,28309,81,13,0,67.88,2.4462,12.6247
3,64.88,4.944,5.15,1421.8,69.56,50190,40,16,0,66.44,1.5035,12.5981
34,69.62,1.264,5.41,1455.2,55.34,36725,12,19,0,67.97,1.0521,12.8688
31,74.26,2.68,5.37,1478.6,55.13,8461,56,3,0,65.58,2.4001,13.8287
6,80.6,4.619,5.34,1462.3,65.4,28363,71,2,0,70.81,1.5136,15.0936
33,65.7,2.433,6.08,1466.6,67.12,17510,109,0,0,69.41,1.4135,10.8059
38,93.07,2.043,3.43,1322.0,81.9,28511,81,13,1,68.54,2.4483,27.1341
20,66.17,4.376,5.8,1466.2,47.78,24955,31,3,0,69.76,1.4016,11.4086
44,63.27,2.338,5.5,1508.5,61.31,15636,41,3,0,71.68,1.1695,11.5036
44,92.6,11.736,5.4,1607.9,78.56,15348,41,3,1,72.81,2.2299,17.1481
26,57.96,2.329,6.17,1435.9,66.74,12046,95,13,0,71.86,1.5737,9.3938
45,70.0,6.261,5.45,1468.4,79.09,1215,30,11,0,76.1,1.801,12.844
13,60.85,2.58,5.42,1555.6,49.25,46652,72,9,0,69.13,2.2255,11.2269
48,85.31,1.862,4.62,1473.2,49.6,29557,115,7,0,73.31,3.3025,18.4654
49,61.63,6.106,4.79,1693.2,38.1,35124,62,5,0,68.33,1.3225,12.8664
29,72.67,2.523,6.4,1423.7,51.84,36697,18,13,0,68.95,2.2837,11.3547
14,75.19,2.94,5.96,1382.1,41.99,32989,41,2,0,72.07,1.2407,12.6158
40,89.44,5.612,3.21,2393.6,115.65,39014,23,8,1,70.21,2.3895,27.8629
34,76.8,2.332,5.27,1552.7,66.76,37044,12,19,0,68.24,1.0519,14.5731
35,66.99,1.345,5.92,1394.4,62.24,8279,57,10,0,69.46,2.1783,11.3159
36,100.02,2.443,4.34,1023.6,128.3,32657,32,13,1,69.42,1.4697,23.0461
33,75.29,4.592,6.13,1372.5,57.74,17760,109,0,0,69.5,1.4772,12.2822
42,80.59,2.8,4.55,1408.0,107.37,5830,63,17,1,70.67,1.4904,17.7121
32,82.94,1.469,7.62,1432.1,46.62,26274,56,0,0,68.45,1.2954,10.8845
29,68.1,3.239,4.77,1601.7,64.87,36691,18,13,0,69.08,2.2678,14.2767
8,65.8,1.376,5.81,1092.3,78.17,39619,98,4,0,72.42,4.2349,11.3253
45,59.12,1.992,5.91,1174.6,51.04,1144,30,11,0,75.98,1.7773,10.0034
35,64.34,1.54,5.02,1101.4,57.12,8443,57,10,0,69.41,2.1933,12.8167
10,68.14,2.387,6.01,1275.8,54.02,31320,81,9,0,66.75,1.7435,11.3378
7,64.64,1.768,4.4,1492.5,51.07,3032,118,6,0,68.93,1.6085,14.6909
36,71.28,1.915,7.13,1596.5,38.36,32451,32,13,0,69.65,1.4664,9.9972
28,56.95,1.303,6.14,1164.2,48.9,47843,40,2,0,70.6,1.3336,9.2752
13,61.26,1.703,5.25,1147.8,52.26,46892,72,9,0,69.28,2.2309,11.6686
39,68.97,5.145,6.23,1339.2,41.69,34045,15,13,0,71.63,2.1825,11.0706
33,86.71,4.022,6.18,1741.4,44.04,17608,109,0,0,70.13,1.4723,14.0307
28,87.85,3.098,4.95,1462.7,60.0,48068,40,2,0,71.05,1.3096,17.7475
41,60.2,4.214,4.94,1485.4,68.66,16833,22,7,0,70.07,1.4543,12.1862
32,79.47,2.828,6.21,1379.6,51.09,26265,56,0,0,68.8,1.2632,12.7971
8,78.28,2.826,6.57,1502.3,40.66,39935,98,4,0,72.61,4.2266,11.9148
9,75.24,2.469,4.67,1451.1,68.69,28677,28,7,0,70.41,1.5612,16.1113
43,71.61,3.429,6.04,1600.2,61.63,22166,106,18,0,70.97,1.1697,11.856
45,55.34,5.628,4.86,1395.3,58.97,899,30,11,0,74.69,1.8521,11.3868
41,96.76,7.263,3.45,2025.5,107.92,16862,22,7,1,69.63,1.7203,28.0464
15,76.16,3.144,5.44,1903.8,63.21,12764,110,16,0,70.12,1.3322,14.0
50,74.28,0.881,5.31,1233.9,62.15,22170,21,3,0,68.39,1.5563,13.9887
42,66.39,0.818,5.61,1396.0,52.75,5857,63,17,0,70.56,1.5454,11.8342
46,74.33,10.167,5.79,1434.9,65.21,11030,19,9,0,67.21,1.8252,12.8377
10,78.07,2.633,6.17,1453.2,44.95,30937,81,9,0,67.27,1.7337,12.6532
38,72.49,1.221,5.4,1409.2,74.73,28350,81,13,0,69.47,2.4503,13.4241
44,58.67,2.831,4.82,1487.2,45.19,15538,41,3,0,73.12,2.2183,12.1722
35,105.81,11.499,3.6,1327.0,102.27,8177,57,10,1,70.9,2.7459,29.3917
6,70.51,3.643,5.78,1466.2,62.18,28680,71,2,0,71.32,1.5202,12.199
31,89.95,3.513,2.64,1925.8,53.41,8337,56,3,1,65.95,2.404,34.072
2,102.04,4.276,2.92,1730.8,55.78,6573,88,17,1,72.28,1.4457,34.9452
28,62.72,2.65,6.2,1656.1,53.2,48091,40,2,0,70.6,1.3086,10.1161
41,74.82,1.65,5.46,1718.6,38.76,16922,22,7,0,69.57,1.7183,13.7033
27,104.74,16.803,3.89,1520.4,95.6,1961,52,16,1,71.92,4.4523,26.9254
24,76.14,7.625,4.95,1469.7,42.14,2494,86,13,0,69.94,1.6059,15.3818
42,72.64,3.313,4.48,1465.7,65.42,5893,63,17,0,71.01,1.5018,16.2143
1,75.46,1.453,5.22,2021.9,41.21,2524,74,9,0,71.1,2.0261,14.4559
19,51.73,0.973,4.47,1646.8,79.62,33970,75,12,0,67.67,1.1271,11.5727
48,71.71,1.544,5.09,1544.7,57.86,29970,115,7,0,72.91,3.3124,14.0884
45,73.31,1.212,5.84,1013.1,48.6,1124,30,11,0,74.97,1.8873,12.5531
38,70.24,6.079,5.64,1084.3,44.93,28397,81,13,0,69.47,2.5378,12.4539
35,65.17,3.063,4.43,1756.7,52.74,8515,57,10,0,70.48,2.7005,14.7111
50,87.46,3.547,4.48,1127.2,70.72,22496,21,3,1,68.92,1.5507,19.5223
17,79.55,1.701,4.87,1483.5,54.13,49100,49,0,0,67.1,1.8186,16.3347
24,73.63,2.189,5.98,1306.0,54.98,2279,86,13,0,70.17,1.608,12.3127
13,66.87,0.827,5.54,1486.5,43.95,46685,72,9,0,69.26,2.2373,12.0704
19,64.9,2.526,5.63,1552.4,44.96,34150,75,12,0,67.61,1.1237,11.5275
42,76.04,6.962,4.54,1906.7,51.89,5690,63,17,0,71.18,1.7111,16.7489
36,69.39,3.59,6.24,1180.6,62.98,32690,32,13,0,70.36,1.4031,11.1202
27,80.62,1.958,5.16,1347.9,61.04,2362,52,16,0,72.08,4.4565,15.624
15,73.63,1.166,5.46,1259.4,52.71,12844,110,16,0,70.47,1.3319,13.4853
10,59.17,2.079,4.87,1352.4,47.9,31191,81,9,0,66.56,1.7056,12.1499
21,58.46,1.478,6.21,1353.4,85.54,41610,7,11,0,72.96,1.56,9.4138
26,74.84,2.968,5.11,1741.2,55.79,11978,95,13,0,72.09,1.5716,14.6458
7,72.97,2.922,5.13,1543.0,56.4,2646,118,6,0,69.09,1.5812,14.2242
15,95.67,4.974,2.75,1089.4,75.45,12678,110,16,1,71.61,1.4214,34.7891
12,65.41,4.346,5.57,1395.8,72.33,32237,111,6,0,71.79,1.6128,11.7433
2,113.98,3.794,2.99,1776.0,86.85,6994,88,17,1,74.1,1.4568,38.1204
8,64.01,4.193,5.49,1564.9,44.73,39959,98,4,0,71.65,4.2241,11.6594
3,60.49,1.594,6.03,1570.3,42.62,50185,40,16,0,66.56,1.504,10.0315
9,74.87,3.55,5.79,1574.6,54.12,28847,28,7,0,70.46,1.5305,12.9309
49,74.92,2.356,6.3,1635.4,70.59,35097,62,5,0,68.14,1.2973,11.8921
47,63.72,1.145,4.9,1939.0,62.24,17890,55,7,0,69.72,1.1687,13.0041
22,59.64,1.278,6.4,1508.5,42.51,25138,35,6,0,73.18,1.2411,9.3188
43,102.43,7.052,7.26,1844.5,76.43,22406,106,18,1,72.42,1.475,14.1088
10,65.59,2.901,5.78,1452.8,36.43,31239,81,9,0,66.52,1.704,11.3478
1,63.26,6.031,6.14,1565.1,36.99,2678,74,9,0,69.56,1.5594,10.3029
50,63.59,8.117,5.78,1167.6,56.13,22435,21,3,0,68.38,1.8,11.0017
41,69.21,1.508,6.1,1303.0,42.27,16887,22,7,0,70.03,1.7199,11.3459
12,74.21,3.854,4.35,1602.2,24.13,32641,111,6,0,72.23,1.5919,17.0598
37,74.7,1.891,5.26,1785.5,46.76,14519,91,13,0,71.82,2.003,14.2015
37,58.65,1.488,4.33,1632.3,47.68,14683,91,13,0,71.24,2.0019,13.545
25,63.5,1.775,5.51,1538.8,63.87,9144,25,2,0,69.06,1.2751,11.5245
49,66.3,0.731,5.62,1602.1,77.53,35146,62,5,0,68.7,1.3415,11.7972
8,65.42,1.885,6.1,1302.1,52.0,39913,98,4,0,71.5,4.2192,10.7246
36,48.07,3.681,5.2,1296.8,44.51,32351,32,13,0,70.04,1.4006,9.2442
4,67.04,4.144,4.57,1552.0,55.31,31769,45,1,0,71.19,1.7312,14.6696
34,61.23,1.051,4.98,1462.9,53.88,37091,12,19,0,67.7,1.0988,12.2952
21,71.62,2.257,4.92,1608.9,57.8,41601,7,11,0,73.59,1.5513,14.5569
50,58.57,2.321,5.3,1307.7,63.32,22562,21,3,0,68.06,1.7948,11.0509
47,78.58,1.553,5.32,1045.3,64.52,17788,55,7,0,70.14,1.1588,14.7707
45,76.32,0.995,5.24,1366.1,80.37,1326,30,11,0,74.81,1.9222,14.5649
26,59.95,1.19,5.54,1239.9,43.87,12059,95,13,0,72.13,1.5781,10.8213
44,75.68,0.854,4.95,1572.6,76.92,15406,41,3,0,73.32,2.2302,15.2889
18,61.05,1.405,5.4,1267.7,63.93,32952,65,18,0,70.11,1.7228,11.3056
12,68.97,3.089,5.84,1528.4,58.69,32486,111,6,0,72.35,1.5849,11.8099
30,61.6,4.0,4.55,1527.6,46.8,31066,90,2,0,71.84,1.3265,13.5385
47,67.53,3.822,4.91,1625.2,42.71,17972,55,7,0,69.96,0.9771,13.7536
45,65.68,2.315,5.83,1261.6,59.28,1174,30,11,0,74.35,1.9246,11.2659
42,62.58,1.059,6.02,1168.2,80.76,5727,63,17,0,71.27,1.7122,10.3953
19,63.04,2.397,5.39,1098.9,67.59,34329,75,12,0,67.71,1.0975,11.6957
32,65.86,1.981,5.36,1538.1,51.72,26248,56,0,0,68.01,1.2205,12.2873
46,65.58,2.542,5.97,1584.7,49.87,11071,19,9,0,67.25,1.8242,10.9849
2,68.44,3.09,4.26,1699.4,56.27,6688,88,17,0,74.07,1.4445,16.0657
44,61.49,2.988,4.28,1417.2,43.37,15382,41,3,0,72.76,2.2124,14.3668
5,68.26,2.152,6.51,1443.9,45.99,31299,49,5,0,67.69,1.2386,10.4854
36,59.25,5.462,5.54,1099.0,76.91,32570,32,13,0,69.71,1.4617,10.6949
40,68.88,2.912,6.17,1593.5,62.31,39352,23,8,0,69.79,2.348,11.1637
7,75.22,2.148,4.74,1710.1,43.1,3071,118,6,0,69.24,1.5715,15.8692
35,53.24,1.565,5.54,1496.6,53.68,8502,57,10,0,69.78,2.6817,9.6101
31,59.51,2.46,6.0,1395.8,33.26,8394,56,3,0,65.69,2.4051,9.9183
40,69.21,1.478,6.65,1431.4,44.53,39455,23,8,0,70.17,2.3818,10.4075
45,61.57,2.543,6.62,1214.9,49.64,1171,30,11,0,74.65,1.9115,9.3006
41,71.03,1.092,5.41,1349.2,41.5,16715,22,7,0,69.95,1.7417,13.1294
37,80.36,2.955,5.71,1299.8,26.09,14667,91,13,0,71.54,1.9813,14.0736
12,57.11,2.502,6.58,1525.1,59.8,32260,111,6,0,72.16,1.5871,8.6793
37,71.8,2.755,6.25,1570.2,55.17,14426,91,13,0,71.23,1.9583,11.488
39,64.57,1.963,4.92,1581.6,39.03,34235,15,13,0,70.88,2.1634,13.124
37,67.09,1.072,5.59,1330.3,61.0,14286,91,13,0,71.85,1.9702,12.0018
31,65.11,1.683,5.47,1358.8,49.67,8318,56,3,0,65.9,2.4072,11.9031
48,78.77,5.249,4.77,1566.0,52.34,30010,115,7,0,73.56,3.2736,16.5136
37,66.99,1.988,5.86,1082.3,64.85,14417,91,13,0,71.8,1.9728,11.4317
17,55.62,1.071,5.67,1060.8,86.71,48863,49,0,0,66.87,1.8538,9.8095
14,77.28,1.616,5.58,1505.1,61.78,33201,41,2,0,73.05,1.2436,13.8495
10,76.25,3.063,5.46,1392.2,62.68,31126,81,9,0,67.18,1.6973,13.9652
43,85.32,0.55,6.74,986.6,52.57,22475,106,18,0,73.07,1.5437,12.6588
3,65.26,1.548,6.11,1631.9,56.45,49985,40,16,0,66.57,1.5118,10.6809
4,76.6,1.166,5.92,1507.4,65.78,31770,45,1,0,71.46,1.7628,12.9392
32,72.74,5.076,5.91,1474.3,76.92,26124,56,0,0,68.74,1.3168,12.308
19,60.7,1.808,5.35,1702.7,65.58,34238,75,12,0,67.37,1.1031,11.3458
5,80.45,2.314,4.96,1019.7,55.56,31529,49,5,0,69.29,1.2423,16.2198
41,60.91,3.558,5.04,1858.7,39.05,16881,22,7,0,69.64,1.7444,12.0853
17,77.15,2.709,6.54,1317.7,45.43,49215,49,0,0,67.06,1.8552,11.7966
40,72.88,1.889,5.8,1355.1,56.47,39483,23,8,0,70.31,2.3946,12.5655
27,72.45,0.943,6.31,1189.0,38.25,2077,52,16,0,72.48,4.4722,11.4818
49,64.8,1.12,4.6,1365.8,64.81,34954,62,5,0,68.46,1.3428,14.087
26,53.78,2.272,5.98,1528.9,54.92,11730,95,13,0,70.24,1.5694,8.9933
15,58.81,1.434,5.4,1762.4,65.84,12536,110,16,0,71.22,1.44,10.8907
23,84.8,1.346,4.79,1590.4,53.0,6266,25,12,0,72.69,1.5817,17.7035
47,75.41,1.315,4.99,1620.1,46.65,17831,55,7,0,70.33,1.0032,15.1122
36,69.53,1.055,7.15,1265.8,44.7,32425,32,13,0,70.13,1.4667,9.7245
50,74.48,2.031,5.1,1317.2,65.19,22082,21,3,0,68.71,1.7957,14.6039
43,71.17,3.059,4.91,1582.6,42.78,22134,106,18,0,72.93,1.5344,14.4949
37,68.35,1.309,6.42,1633.2,54.7,14364,91,13,0,71.84,1.9792,10.6464
22,92.12,11.466,3.47,2128.0,75.94,25053,35,6,1,73.94,2.1653,26.5476
45,66.67,2.158,5.62,1469.2,55.04,1117,30,11,0,74.1,1.9001,11.863
30,58.36,4.128,6.68,1487.3,56.23,30763,90,2,0,71.27,1.3775,8.7365
10,69.89,1.309,5.09,999.2,47.64,31380,81,9,0,67.64,1.726,13.7308
8,77.25,1.626,5.4,1370.0,47.14,39509,98,4,0,71.43,4.2266,14.3056
17,65.29,1.289,5.76,972.4,51.06,48841,49,0,0,66.59,1.871,11.3351
32,63.78,2.919,4.82,1862.5,50.05,26220,56,0,0,68.26,1.2984,13.2324
3,64.7,4.288,5.56,1019.8,36.61,50004,40,16,0,66.94,1.5669,11.6367
41,70.74,2.424,4.89,1238.0,48.75,16846,22,7,0,69.51,1.7326,14.4663
29,62.02,2.198,7.04,1546.0,55.77,37081,18,13,0,68.47,2.2728,8.8097
4,62.13,1.2,4.56,1307.6,52.27,31684,45,1,0,71.37,1.7781,13.625
9,61.96,1.827,5.49,1435.5,34.93,28799,28,7,0,70.43,1.545,11.286
11,79.13,0.765,3.87,1372.5,54.01,39927,84,14,0,66.08,1.7795,20.447
2,61.79,4.514,4.94,1263.6,47.85,6855,88,17,0,73.41,1.4546,12.5081
48,74.0,4.906,6.23,1478.0,52.19,29729,115,7,0,73.41,3.243,11.878
27,61.15,5.01,4.99,1215.2,65.28,2374,52,16,0,71.79,4.4736,12.2545
12,62.12,1.837,6.25,1532.8,42.51,32665,111,6,0,71.99,1.6066,9.9392
13,63.29,2.037,3.69,1559.4,58.22,46991,72,9,0,69.42,2.2341,17.1518
50,67.43,0.987,5.85,914.8,34.85,22223,21,3,0,67.7,1.6172,11.5265
12,75.26,2.941,5.2,2104.0,47.03,32411,111,6,0,72.22,1.5838,14.4731
38,68.13,1.11,6.73,990.5,45.64,28199,81,13,0,69.59,2.5587,10.1233
13,96.15,8.689,4.41,1184.6,104.26,46660,72,9,1,70.28,2.5516,21.8027
45,63.94,1.395,5.8,1357.8,84.57,1003,30,11,0,72.89,1.8977,11.0241
28,65.98,1.6,4.89,1515.0,51.27,47863,40,2,0,71.1,1.3056,13.4928
15,66.24,1.793,5.31,1435.4,49.98,12776,110,16,0,71.55,1.3874,12.4746
8,68.81,1.169,6.68,1677.0,42.31,39486,98,4,0,71.32,4.2373,10.3009
25,74.44,1.44,4.7,1345.0,72.87,8926,25,2,0,69.32,1.2889,15.8383
9,65.16,1.708,5.68,1642.1,62.65,28514,28,7,0,71.11,1.5368,11.4718
31,81.95,2.461,4.45,1560.8,46.18,8345,56,3,0,66.77,2.4082,18.4157
20,77.3,3.968,5.17,1569.5,63.02,24791,31,3,0,69.76,1.3841,14.9516
15,61.8,3.887,5.24,1285.8,60.21,12536,110,16,0,71.32,1.4058,11.7939
37,48.55,1.554,4.37,1208.7,54.38,14437,91,13,0,69.98,1.9589,11.1098
10,69.85,2.434,4.99,1597.0,48.54,31284,81,9,0,67.39,1.7106,13.998
42,63.38,4.588,7.57,1277.1,47.47,6000,63,17,0,71.01,1.7239,8.3725
48,69.37,2.04,5.79,1637.0,39.18,30020,115,7,0,73.97,3.2583,11.981
14,58.97,3.759,5.8,1302.6,55.06,33245,41,2,0,72.69,1.2352,10.1672
39,78.84,1.775,5.21,1008.3,56.28,34338,15,13,0,71.03,2.1382,15.1324
24,77.65,2.248,5.45,1177.8,54.23,2522,86,13,0,70.25,1.5852,14.2477
44,59.22,3.315,5.13,1427.0,54.87,15384,41,3,0,72.05,2.1997,11.5439
1,59.21,2.563,6.21,1497.2,53.52,2332,74,9,0,69.25,1.5568,9.5346
17,67.48,2.696,6.56,847.1,46.98,48804,49,0,0,66.74,1.8511,10.2866
2,75.08,1.63,5.29,1620.2,38.61,7004,88,17,0,73.94,1.4519,14.1928
4,79.1,7.142,1.16,1747.0,45.13,31790,45,1,1,71.18,1.9877,68.1897
1,76.57,1.263,5.48,1444.2,65.79,2356,74,9,0,69.07,1.566,13.9726
50,58.71,2.463,4.32,1526.4,74.23,22071,21,3,0,67.48,1.5976,13.5903
10,72.56,1.749,6.75,1284.0,57.08,31319,81,9,0,67.4,1.534,10.7496
41,65.02,1.926,5.45,1417.3,45.51,17076,22,7,0,69.28,1.7324,11.9303
44,62.85,2.105,4.31,1888.4,39.22,15308,41,3,0,71.78,2.206,14.5824
19,71.26,1.371,4.12,1097.8,43.21,33897,75,12,0,66.8,1.1131,17.2961
43,65.57,3.569,5.94,1575.6,55.25,22149,106,18,0,73.41,1.5051,11.0387
9,107.65,15.631,2.13,1490.5,87.05,28833,28,7,1,72.23,3.0325,50.5399
28,77.03,0.798,3.97,1509.5,63.33,47700,40,2,0,71.29,1.3012,19.403
7,69.67,3.424,4.14,1576.9,43.83,2714,118,6,0,69.76,1.5396,16.8285
27,55.37,4.49,5.94,1526.9,57.79,2128,52,16,0,71.63,4.4683,9.3215
15,69.78,2.083,6.58,873.5,73.25,12622,110,16,0,71.06,1.4073,10.6049
44,73.75,3.834,5.25,1585.1,52.6,15444,41,3,0,70.99,2.2006,14.0476
14,75.07,1.33,5.95,1451.5,66.83,33069,41,2,0,72.9,1.1963,12.6168
47,62.62,1.153,5.67,1502.1,60.12,17831,55,7,0,69.35,1.0198,11.0441
42,62.59,0.801,5.53,1273.2,56.53,5998,63,17,0,70.3,1.773,11.3183
46,72.98,6.305,4.59,1681.7,41.28,11426,19,9,0,67.42,1.9547,15.8998
42,58.71,3.291,4.43,1520.4,77.7,5666,63,17,0,69.78,1.7004,13.2528
24,65.75,1.57,5.21,1307.5,55.14,2454,86,13,0,69.76,1.5733,12.62
36,61.46,2.073,5.91,1388.2,43.6,32737,32,13,0,69.35,1.4106,10.3993
30,65.51,2.821,6.15,1394.0,60.0,31057,90,2,0,71.17,1.3583,10.652
9,64.9,3.294,6.23,1175.5,55.26,28765,28,7,0,72.12,3.0112,10.4173
42,74.06,3.342,4.43,1533.3,61.21,5680,63,17,0,69.78,1.7002,16.7178
1,104.41,10.086,2.41,1200.6,88.53,2711,74,9,1,70.85,2.1995,43.3237
33,71.14,2.518,5.12,1534.3,32.61,17568,109,0,0,70.35,1.435,13.8945
8,67.56,2.933,6.84,2131.3,64.26,39554,98,4,0,71.58,4.2131,9.8772
8,57.52,0.66,6.53,1334.3,60.91,39556,98,4,0,70.9,4.2352,8.8086
18,54.04,3.311,5.68,1516.8,57.92,33062,65,18,0,69.28,1.724,9.5141
24,111.41,7.506,3.68,1205.2,58.43,2618,86,13,1,72.04,1.851,30.2745
39,67.25,3.286,5.59,1418.8,67.87,34398,15,13,0,71.08,2.1093,12.0304
29,67.13,1.64,6.03,1483.8,71.52,36715,18,13,0,68.47,2.2668,11.1327
30,70.68,1.171,5.86,1459.0,55.35,30908,90,2,0,71.51,1.3413,12.0614
4,64.77,1.453,5.72,1282.2,62.11,31843,45,1,0,71.32,2.0105,11.3234
31,60.07,1.605,6.41,1371.0,50.56,8548,56,3,0,66.15,2.405,9.3713
50,65.31,2.426,6.34,1516.2,40.82,22517,21,3,0,67.3,1.5987,10.3013
45,74.33,2.067,5.23,1353.2,60.44,1022,30,11,0,73.62,1.8765,14.2122
46,73.92,1.335,5.64,1374.3,64.22,11201,19,9,0,67.59,1.9657,13.1064
21,82.12,2.425,5.98,1501.8,44.78,41540,7,11,0,74.31,1.5088,13.7324
4,71.48,1.23,5.48,1404.0,55.48,31871,45,1,0,71.4,2.0218,13.0438
21,70.59,2.276,5.19,1540.7,41.99,41529,7,11,0,73.89,1.4948,13.6012
11,65.92,2.638,6.43,1165.5,52.26,39803,84,14,0,66.27,1.7728,10.2519
46,69.02,3.209,6.13,1979.4,52.93,11108,19,9,0,67.66,1.9641,11.2594
23,65.68,1.185,5.82,909.8,52.56,6406,25,12,0,72.19,1.5951,11.2852
7,69.08,2.628,6.37,960.2,42.76,2942,118,6,0,69.39,1.541,10.8446
6,65.57,1.485,7.37,1597.8,65.13,28654,71,2,0,71.63,1.5144,8.8969
49,76.39,1.593,5.32,1418.0,69.06,35080,62,5,0,68.63,1.3503,14.359
38,79.33,1.524,3.14,1030.5,62.68,28627,81,13,0,70.19,2.5625,25.2643
43,74.32,6.527,5.3,1178.5,33.55,22133,106,18,0,74.08,1.6795,14.0226
13,45.73,2.238,4.75,1813.4,63.56,47041,72,9,0,69.27,2.5264,9.6274
18,65.7,3.201,6.17,1528.6,59.59,33205,65,18,0,69.12,1.7267,10.6483
44,61.52,1.376,5.39,1478.3,69.05,15624,41,3,0,70.37,2.2184,11.4137
8,65.19,4.974,6.43,1520.1,42.01,39630,98,4,0,70.94,4.2373,10.1384
42,50.11,0.825,5.51,1316.3,58.58,5792,63,17,0,68.57,1.7578,9.0944
15,59.8,1.908,4.15,1521.4,51.31,12849,110,16,0,69.63,1.2281,14.4096
29,66.88,1.337,4.65,1282.8,47.19,36959,18,13,0,68.24,2.1267,14.3828
49,78.68,2.076,5.89,1238.8,46.64,35224,62,5,0,69.27,1.3465,13.3582
38,55.38,3.19,5.23,1541.6,53.08,28596,81,13,0,69.77,2.5573,10.5889
17,68.68,2.547,4.16,1163.2,67.6,48840,49,0,0,67.09,1.8519,16.5096
6,69.84,1.753,5.3,1410.2,58.25,28776,71,2,0,71.01,1.4961,13.1774
24,76.01,1.506,6.24,1422.8,46.48,2341,86,13,0,72.69,1.7833,12.1811
34,83.16,2.05,6.22,1433.4,62.47,37150,12,19,0,68.7,1.0886,13.3698
28,60.27,2.432,6.44,1762.1,41.97,48109,40,2,0,70.73,1.2998,9.3587
37,75.93,1.535,5.23,1667.1,49.58,14609,91,13,0,70.12,1.9641,14.5182
26,78.41,2.78,4.84,1840.0,55.04,12059,95,13,0,70.43,1.5217,16.2004
12,64.24,2.346,5.21,1518.2,66.65,32259,111,6,0,71.85,1.5772,12.3301
28,67.96,0.947,6.91,1096.3,68.9,47659,40,2,0,70.05,1.3333,9.835
20,74.09,2.053,5.29,1475.6,57.27,24950,31,3,0,68.33,1.3966,14.0057
29,68.25,2.139,6.85,1455.9,48.03,36930,18,13,0,69.23,2.1044,9.9635
41,78.96,6.672,4.4,1325.2,55.94,16954,22,7,0,70.24,1.8924,17.9455
6,90.82,3.497,1.73,2183.0,97.52,28538,71,2,1,72.51,1.4806,52.4971
34,62.4,2.76,6.01,1705.8,30.08,36864,12,19,0,68.46,1.0848,10.3827
3,95.55,5.261,1.86,1480.1,36.54,50146,40,16,1,67.87,1.6684,51.371
14,78.38,1.202,6.38,1524.4,58.3,32772,41,2,0,73.14,1.2269,12.2853
50,59.24,6.489,5.38,1683.1,67.14,22135,21,3,0,67.64,1.7702,11.0112
45,60.01,0.735,5.62,1383.6,50.03,1089,30,11,0,73.19,1.9221,10.6779
16,62.59,1.578,4.76,1155.7,45.86,3420,83,12,0,70.84,0.8705,13.1492
44,69.98,2.714,5.81,1609.6,51.94,15356,41,3,0,69.99,2.1762,12.0448
1,81.47,1.527,6.2,1381.5,45.5,2660,74,9,0,71.55,2.1931,13.1403
19,77.75,6.589,5.32,1439.3,66.9,34360,75,12,0,67.35,1.4077,14.6147
16,68.86,1.04,4.16,1047.1,43.94,3293,83,12,0,70.29,0.9154,16.5529
28,78.76,1.22,6.75,1219.9,46.0,47999,40,2,0,70.45,1.2723,11.6681
27,68.14,2.245,6.48,1447.0,47.75,1954,52,16,0,72.25,4.4351,10.5154
5,53.54,1.99,5.86,1376.0,65.68,31569,49,5,0,68.75,1.2312,9.1365
31,87.93,3.372,6.16,1437.3,87.9,8602,56,3,1,67.25,2.4056,14.2744
27,73.89,0.677,5.38,1259.6,60.98,2209,52,16,0,72.23,4.4794,13.7342
2,77.97,1.744,5.37,833.2,41.39,6637,88,17,0,74.53,1.478,14.5196
10,78.5,2.822,6.02,1360.5,52.65,31313,81,9,0,68.41,1.5308,13.0399
38,70.27,1.727,6.03,1204.3,39.7,28192,81,13,0,69.63,2.5517,11.6534
28,70.19,1.394,4.78,1388.7,63.3,47809,40,2,0,69.53,0.9983,14.6841
34,67.87,0.98,4.79,1634.0,42.41,36830,12,19,0,68.17,1.0287,14.1691
5,55.52,3.402,6.34,1291.1,72.0,31562,49,5,0,68.29,1.2349,8.7571
8,60.71,1.6,4.89,1394.4,55.61,39681,98,4,0,70.36,4.2337,12.4151
36,67.97,2.776,5.39,1352.1,40.58,32544,32,13,0,69.42,1.406,12.6104
21,64.48,1.374,4.39,1323.5,52.24,41225,7,11,0,74.08,1.5185,14.6879
33,68.7,1.663,5.36,1340.1,49.6,17662,109,0,0,70.14,1.4181,12.8172
32,64.25,2.944,6.9,1399.4,44.51,25835,56,0,0,68.04,1.0532,9.3116
17,63.44,2.036,5.02,1531.7,39.2,49014,49,0,0,67.19,1.8584,12.6375
17,76.59,2.622,6.19,1147.7,56.34,49162,49,0,0,67.62,1.8137,12.3732
41,61.65,3.154,6.59,1385.3,54.74,17027,22,7,0,70.97,1.8766,9.3551
2,79.67,3.605,4.08,1462.5,50.97,6698,88,17,0,74.64,1.4669,19.527
17,68.45,3.484,5.91,1364.5,42.81,48909,49,0,0,67.58,1.8135,11.5821
22,111.14,12.467,4.41,1929.2,85.67,25187,35,6,1,75.59,2.8673,25.2018
42,65.83,3.068,4.91,1470.8,59.19,5912,63,17,0,68.4,1.7567,13.4073
5,61.93,1.615,6.01,1495.2,74.52,31327,49,5,0,68.27,1.2633,10.3045
2,51.46,1.173,5.22,1522.8,30.75,6786,88,17,0,74.39,1.5089,9.8582
42,68.67,5.807,5.71,1343.4,73.62,5592,63,17,0,68.4,1.8413,12.0263
6,94.0,9.499,2.48,1360.5,68.22,28425,71,2,1,73.52,2.0396,37.9032
31,61.74,1.225,5.77,1360.6,45.74,8552,56,3,0,67.27,2.4146,10.7002
2,81.24,1.613,5.78,1703.2,72.23,6646,88,17,0,74.26,1.5311,14.0554
49,69.33,3.294,4.89,1430.0,65.16,35272,62,5,0,69.52,1.3398,14.1779
30,72.88,3.702,4.23,1936.9,44.09,30771,90,2,0,71.68,1.3621,17.2293
15,75.21,2.882,4.47,1885.7,55.13,12591,110,16,0,70.21,1.1898,16.8255
31,70.75,4.753,5.67,1389.4,55.0,8334,56,3,0,67.97,2.4441,12.478
7,76.98,3.56,6.18,1786.7,60.19,2850,118,6,0,68.04,1.2236,12.4563
39,61.0,1.819,6.05,1203.1,61.79,34204,15,13,0,70.97,2.1173,10.0826
37,55.49,4.754,4.85,1268.0,28.15,14531,91,13,0,68.93,1.0544,11.4412
15,62.93,6.005,5.51,1549.1,64.8,12830,110,16,0,69.84,1.3705,11.4211
12,76.94,2.81,6.63,1385.3,50.93,32530,111,6,0,72.49,1.5234,11.6048
17,68.94,1.208,6.3,1611.7,53.66,48751,49,0,0,68.38,1.8411,10.9429
24,62.19,3.692,5.77,1415.9,67.79,2310,86,13,0,72.0,1.788,10.7782
13,78.27,2.591,6.1,1553.5,66.4,46963,72,9,0,69.89,2.5263,12.8311
46,67.75,2.46,4.41,1458.2,54.7,11094,19,9,0,67.22,1.9491,15.3628
26,72.92,1.587,4.89,1910.3,57.59,12121,95,13,0,70.83,1.5424,14.9121
32,72.64,3.775,4.28,1620.0,55.65,26052,56,0,1,68.26,1.0673,16.972
4,60.1,1.578,5.63,1411.5,60.27,31538,45,1,0,71.24,2.0154,10.675
16,70.78,1.919,6.55,1472.1,40.4,3396,83,12,0,70.21,0.9212,10.8061
17,72.22,0.938,4.77,1598.3,53.26,49140,49,0,0,68.68,1.8469,15.1405
6,59.59,4.308,7.2,1299.2,50.73,28604,71,2,0,73.07,2.0589,8.2764
40,57.5,1.101,6.12,1537.5,51.68,39480,23,8,0,70.08,2.4222,9.3954
7,75.27,3.012,6.59,2021.4,57.17,2758,118,6,0,68.74,1.21,11.4219
4,75.96,3.434,5.01,1478.3,54.19,31833,45,1,0,71.79,2.0184,15.1617
34,67.78,2.212,4.8,1631.3,46.57,36858,12,19,0,68.04,1.0004,14.1208
34,68.11,3.072,5.68,1811.1,65.26,36888,12,19,0,68.56,0.9997,11.9912
1,58.8,2.915,5.47,1604.1,36.99,2689,74,9,0,71.42,2.1877,10.7495
16,67.09,3.037,5.08,1237.0,77.48,3204,83,12,0,70.23,0.9278,13.2067
34,61.24,2.305,5.69,1089.8,47.51,36961,12,19,0,68.48,0.9398,10.7627
29,62.22,2.218,6.35,1325.9,33.85,37131,18,13,0,68.43,2.0833,9.7984
5,61.63,2.042,5.98,1645.3,66.66,31380,49,5,0,67.97,1.2468,10.306
15,82.66,2.597,4.38,1308.6,48.59,12680,110,16,0,70.17,1.2956,18.8721
50,70.88,2.169,6.79,1566.1,55.48,22278,21,3,0,67.43,1.7494,10.4389
21,65.87,5.005,6.25,1397.0,51.88,41153,7,11,0,74.03,1.589,10.5392
1,72.85,2.968,5.99,1391.1,56.39,2612,74,9,0,70.93,1.9696,12.1619
33,67.38,1.418,4.87,1304.3,66.66,17537,109,0,0,70.07,1.4359,13.8357
18,71.83,1.581,5.37,1570.9,47.09,32947,65,18,0,68.96,1.7357,13.3762
17,70.68,2.372,4.62,1489.6,67.27,49053,49,0,0,67.58,1.667,15.2987
43,59.79,2.211,6.04,1218.6,36.6,22279,106,18,0,73.9,1.6735,9.899
15,71.31,2.042,5.29,1278.9,68.25,12496,110,16,0,70.74,1.2713,13.4802
29,73.67,1.288,5.98,1309.8,54.01,37113,18,13,0,68.59,2.0847,12.3194
10,76.42,1.219,6.35,1496.4,55.93,31042,81,9,0,68.71,1.437,12.0346
2,109.09,4.718,4.13,2082.4,71.17,6683,88,17,1,75.92,1.5521,26.414
33,68.67,3.939,5.83,1414.5,63.74,17698,109,0,0,70.07,1.0836,11.7787
16,62.13,4.12,5.12,1102.9,61.78,3181,83,12,0,69.8,0.9791,12.1348
49,73.6,1.837,4.86,1452.0,38.75,34943,62,5,0,69.68,1.3406,15.144
31,72.88,3.473,4.87,1335.7,79.81,8360,56,3,0,68.31,2.4345,14.9651
34,68.66,0.995,6.99,1241.8,80.85,36963,12,19,0,68.5,0.9431,9.8226
9,61.12,1.906,6.56,990.0,59.03,28829,28,7,0,72.08,3.012,9.3171
3,73.18,5.788,6.75,924.0,56.67,50280,40,16,0,68.24,1.7581,10.8415
3,78.96,2.056,5.46,1397.5,36.78,50395,40,16,0,68.64,1.729,14.4615
2,77.49,2.553,5.9,1468.1,53.77,6944,88,17,0,75.96,1.5433,13.1339
15,67.14,1.037,5.98,1767.7,35.78,12762,110,16,0,70.37,1.3083,11.2274
42,72.1,2.517,5.53,1615.4,71.32,5612,63,17,0,68.82,1.8187,13.038
34,66.99,2.75,4.16,1253.5,65.52,37135,12,19,0,68.59,0.7621,16.1034
37,69.18,3.848,6.43,1954.1,78.3,14661,91,13,0,68.96,1.0685,10.7589
23,78.67,1.6,5.36,1531.4,59.66,6404,25,12,0,72.8,1.6113,14.6772
5,72.35,3.626,5.65,1533.8,44.04,31218,49,5,0,68.35,1.254,12.8053
34,57.97,2.168,4.11,1373.6,74.84,36853,12,19,0,68.1,0.7621,14.1046
25,62.36,1.804,4.07,1683.7,51.18,8730,25,2,0,69.08,1.2933,15.3219
40,106.43,2.456,0.71,1560.6,62.8,39132,23,8,1,71.41,2.4118,149.9014
23,73.14,2.066,4.45,1363.3,52.54,6664,25,12,0,73.26,1.6164,16.436
41,54.5,1.401,6.0,1727.6,69.61,17075,22,7,0,70.45,1.8681,9.0833
25,71.57,3.447,6.8,1440.3,41.34,8759,25,2,0,69.36,1.2225,10.525
47,66.88,1.79,5.78,1644.5,68.48,17678,55,7,0,70.12,0.9811,11.5709
50,71.82,1.323,5.74,1651.5,38.38,22244,21,3,0,67.16,1.7396,12.5122
20,75.6,2.461,5.48,1799.8,55.9,24832,31,3,0,68.7,1.4025,13.7956
18,55.09,2.312,6.56,1634.9,56.89,33170,65,18,0,68.76,1.7254,8.3979
29,70.32,2.838,5.8,1904.5,60.71,36666,18,13,0,68.47,2.0847,12.1241
3,67.61,0.94,5.5,1693.8,74.65,50123,40,16,0,68.32,1.739,12.2927
30,74.61,0.586,6.02,1517.1,43.96,30862,90,2,0,71.26,1.121,12.3937
32,94.77,2.023,4.49,1566.7,110.07,26081,56,0,1,69.44,1.0735,21.1069
24,81.1,1.935,6.84,1176.9,48.42,2587,86,13,0,72.07,1.7924,11.8567
12,75.4,5.202,6.38,1651.2,10.29,32397,111,6,0,72.39,1.154,11.8182
44,69.2,0.88,6.65,1652.5,40.65,15195,41,3,0,69.95,2.2199,10.406
29,67.7,2.836,4.8,1053.9,62.93,37062,18,13,0,67.16,1.0031,14.1042
26,64.34,5.417,4.92,1143.8,33.18,11776,95,13,0,70.38,1.6271,13.0772
19,86.7,19.986,3.78,1732.0,98.82,33874,75,12,1,68.56,3.8411,22.9365
8,68.09,1.516,5.68,1199.6,63.1,39549,98,4,0,70.13,4.2479,11.9877
46,86.5,3.808,4.07,1377.3,71.41,11189,19,9,0,68.55,1.952,21.2531
4,64.42,0.892,4.84,1364.1,64.29,31489,45,1,0,71.33,2.0402,13.3099
36,73.76,2.655,5.68,1518.5,71.74,32532,32,13,0,69.9,1.2918,12.9859
31,59.23,1.226,5.39,1306.6,52.2,8435,56,3,0,68.38,2.433,10.9889
22,57.3,2.088,6.47,1473.3,65.85,25307,35,6,0,74.33,2.8713,8.8563
47,67.11,1.928,5.41,1393.0,59.64,17836,55,7,0,69.78,0.9718,12.4048
31,76.01,1.022,5.76,1364.8,60.85,8383,56,3,0,68.58,2.4421,13.1962
21,71.75,0.758,6.27,1782.0,49.8,41544,7,11,0,72.37,1.1862,11.4434
38,56.71,0.483,5.15,952.3,63.46,28601,81,13,0,68.25,2.5861,11.0117
18,59.76,3.324,4.96,1411.9,61.23,32814,65,18,0,68.46,1.1294,12.0484
33,78.07,2.469,4.91,1662.9,60.16,17520,109,0,0,70.06,1.0805,15.9002
28,64.33,1.047,5.83,1348.1,60.24,47869,40,2,0,69.32,0.9347,11.0343
8,77.09,2.125,5.9,1530.2,67.12,39728,98,4,0,71.0,4.2428,13.0661
37,69.94,1.403,6.11,1815.2,56.72,14491,91,13,0,68.66,1.0799,11.4468
43,70.83,1.794,6.6,1335.8,43.32,22206,106,18,0,73.53,1.6852,10.7318
25,68.12,2.745,5.03,1887.5,57.22,9080,25,2,0,69.47,1.2169,13.5427
34,72.49,1.424,5.97,1378.5,50.04,36745,12,19,0,68.53,0.7697,12.1424
18,53.86,1.279,5.83,1522.3,65.91,33148,65,18,0,67.43,1.1483,9.2384
7,72.21,2.217,5.85,1711.0,73.41,2652,118,6,0,68.9,1.2161,12.3436
2,73.22,1.465,5.19,1949.2,44.54,6758,88,17,0,75.51,1.3681,14.1079
48,65.32,2.517,4.52,1451.8,58.63,29702,115,7,0,73.32,3.2477,14.4513
6,70.63,2.787,5.17,1734.9,51.04,28710,71,2,0,71.36,1.8487,13.6615
6,73.23,4.472,5.42,1234.7,43.5,28637,71,2,0,71.62,1.8876,13.5111
29,76.77,2.085,4.76,1384.0,46.54,36948,18,13,0,67.28,0.9821,16.1282
17,86.17,9.521,3.64,1139.7,119.2,49054,49,0,1,68.11,1.9252,23.6731
26,64.91,1.202,5.59,1470.7,35.44,11927,95,13,0,69.42,1.588,11.6118
8,81.69,3.116,5.25,1280.7,31.88,39529,98,4,0,71.75,4.2375,15.56
16,73.88,1.393,6.61,1354.9,52.6,3015,83,12,0,69.52,0.9753,11.177
25,71.84,1.498,5.74,1626.2,61.17,9189,25,2,0,69.52,1.2202,12.5157
10,85.65,2.038,4.07,1677.2,59.85,31137,81,9,0,69.7,1.4266,21.0442
32,58.35,1.898,5.99,1492.8,54.58,26245,56,0,0,69.36,0.9992,9.7412
24,74.65,4.205,5.05,1684.0,64.83,2532,86,13,0,72.36,1.8052,14.7822
13,65.48,1.4,5.69,989.7,61.54,47031,72,9,0,69.05,2.5278,11.5079
42,67.86,1.984,5.48,1353.2,43.36,5697,63,17,0,68.98,1.8102,12.3832
18,58.1,2.232,4.89,1371.0,50.41,32753,65,18,0,66.56,1.1314,11.8814
3,74.86,1.359,6.1,1678.9,46.51,49936,40,16,0,68.92,1.7558,12.2721
13,61.96,1.236,5.11,1725.0,64.21,46663,72,9,0,68.99,2.5376,12.1252
21,96.06,7.446,3.49,1694.7,61.56,41201,7,11,1,73.76,1.5486,27.5244
3,109.44,2.852,2.87,1968.9,68.76,50253,40,16,1,69.8,1.7546,38.1324
39,75.42,1.676,5.08,1392.7,59.92,34333,15,13,0,70.83,2.1251,14.8465
30,58.73,4.856,7.53,1385.7,50.01,30975,90,2,0,70.26,1.2238,7.7995
21,68.78,0.894,4.76,1480.2,39.93,41321,7,11,0,73.16,1.5891,14.4496
12,66.37,1.434,4.85,1411.1,55.82,32192,111,6,0,71.43,1.1968,13.6845
15,68.09,1.118,7.23,1561.8,72.53,12875,110,16,0,70.06,1.2601,9.4177
10,81.56,5.747,4.08,1564.2,32.0,31209,81,9,0,69.99,1.5718,19.9902
40,93.49,3.791,5.81,1493.4,54.86,39421,23,8,0,71.84,2.373,16.0912
39,73.27,2.489,5.6,1266.9,34.25,34200,15,13,0,71.16,2.1228,13.0839
20,76.91,1.919,3.92,1041.1,78.1,24581,31,3,1,68.53,1.3909,19.6199
1,66.75,2.088,5.77,1390.3,39.45,2633,74,9,0,70.84,1.9721,11.5685
47,68.97,1.09,7.43,1149.5,60.4,17992,55,7,0,69.82,0.9881,9.2826
49,77.1,1.646,5.58,1085.7,50.67,34833,62,5,0,69.89,1.3395,13.8172
20,71.22,1.945,4.9,1370.9,46.28,24521,31,3,0,67.06,1.3532,14.5347
19,78.39,2.443,6.84,1382.0,47.03,34277,75,12,0,68.99,3.8356,11.4605
24,81.94,1.174,5.55,1465.5,45.02,2641,86,13,0,72.32,1.838,14.764
38,75.74,3.233,4.42,1705.3,58.1,28505,81,13,0,69.01,2.5765,17.1357
43,78.74,3.649,4.62,1721.3,83.04,22084,106,18,0,74.03,1.6336,17.0433
39,77.76,2.26,6.03,1663.8,75.77,34285,15,13,0,70.57,1.9851,12.8955
24,75.26,0.887,6.1,1673.1,62.39,2471,86,13,0,71.61,1.8597,12.3377
46,56.92,3.15,4.06,1197.6,48.74,11257,19,9,0,67.97,1.9444,14.0197
29,71.44,1.577,4.69,1251.8,53.61,37088,18,13,0,68.09,0.9898,15.2324
24,55.93,5.542,5.37,1290.3,49.0,2379,86,13,0,70.86,1.9385,10.4153
32,62.63,3.169,4.68,1896.6,58.78,25970,56,0,0,69.0,0.9897,13.3825
28,71.36,5.276,7.19,1314.1,31.42,48110,40,2,0,69.16,1.1416,9.9249
27,61.98,1.663,5.39,1322.9,43.14,2386,52,16,0,71.57,4.4795,11.4991
33,58.68,3.891,5.82,1328.1,53.57,17659,109,0,0,69.62,1.09,10.0825
15,64.23,0.791,4.7,1462.9,52.36,12680,110,16,0,69.26,1.306,13.666
42,54.45,2.134,6.66,1835.5,59.46,5960,63,17,0,68.85,1.8092,8.1757
49,63.61,0.832,6.35,1797.0,63.29,34948,62,5,0,69.68,1.37,10.0173
31,71.91,1.502,6.42,1441.2,33.02,8579,56,3,0,69.19,2.4552,11.2009
18,62.18,3.519,6.56,1577.5,56.38,32990,65,18,0,66.33,1.1453,9.4787
41,62.73,5.702,4.85,1052.4,59.34,17040,22,7,0,70.44,1.9507,12.934
43,69.29,2.532,6.68,1646.3,64.42,22055,106,18,0,73.74,1.6282,10.3728
32,65.59,1.287,5.55,1697.1,32.26,25984,56,0,0,68.84,1.0288,11.818
37,60.47,2.872,4.9,1500.2,46.75,14297,91,13,0,68.57,1.0833,12.3408
11,62.56,1.18,5.47,1886.8,68.91,39994,84,14,0,66.13,1.7896,11.4369
39,64.74,1.632,5.07,1131.1,68.76,34001,15,13,0,70.49,1.992,12.7692
36,71.41,1.035,5.31,1369.4,69.88,32257,32,13,0,69.89,1.356,13.4482
28,77.78,1.201,5.03,1369.6,57.03,47736,40,2,0,69.83,1.1589,15.4632
28,69.65,1.962,6.06,1504.5,56.22,47667,40,2,0,70.11,1.1468,11.4934
5,63.27,1.84,5.67,1571.9,56.45,31249,49,5,0,67.59,1.2593,11.1587
50,63.35,1.815,4.21,1267.4,45.66,22280,21,3,0,66.93,1.735,15.0475
23,71.45,3.256,6.03,1304.5,34.49,6522,25,12,0,73.36,1.6098,11.8491
15,75.74,2.527,5.76,1672.4,66.0,12562,110,16,0,69.51,1.306,13.1493
45,72.52,1.392,6.02,1372.7,72.6,1099,30,11,0,72.89,1.9312,12.0465
32,74.7,1.837,6.05,1257.0,40.1,26292,56,0,0,69.7,1.0392,12.3471
23,78.16,1.48,5.61,1298.9,59.71,6183,25,12,0,72.27,1.484,13.9323
11,58.89,2.524,4.76,1810.9,53.47,39769,84,14,0,66.42,1.7874,12.3718
6,76.14,0.698,4.19,1540.2,71.63,28625,71,2,0,71.45,1.9232,18.1718
31,62.11,3.545,7.8,1480.4,41.79,8489,56,3,0,68.98,2.4599,7.9628
29,64.35,2.297,6.39,1413.2,32.3,36832,18,13,0,67.84,0.9807,10.0704
39,72.4,2.789,4.18,1635.1,51.15,34197,15,13,0,70.03,1.9906,17.3206
17,58.22,3.43,6.86,1236.4,74.93,48900,49,0,0,67.7,1.9145,8.4869
18,78.77,1.248,7.28,1165.6,28.35,33007,65,18,0,65.1,0.9697,10.8201
32,65.68,2.896,5.94,1561.1,46.52,26207,56,0,0,69.74,1.0091,11.0572
29,70.35,1.578,4.68,1208.6,50.28,36871,18,13,0,68.03,0.9909,15.0321
8,68.62,1.982,5.06,1329.0,43.92,39500,98,4,0,70.95,1.1842,13.5613
19,104.12,24.365,3.98,1197.7,70.57,34134,75,12,1,70.59,5.7645,26.1608
15,72.78,0.75,5.08,1459.5,72.63,12886,110,16,0,69.64,1.337,14.3268
20,90.96,13.769,3.8,1791.0,104.98,24702,31,3,1,67.59,2.5841,23.9368
49,64.76,1.693,4.46,1449.9,54.84,35110,62,5,0,69.57,1.3148,14.5202
29,71.96,0.831,6.39,1780.1,50.63,37103,18,13,0,68.22,1.0319,11.2613
34,82.9,1.282,6.85,1626.0,51.42,37026,12,19,0,68.75,0.7865,12.1022
28,73.5,1.994,4.43,1249.8,44.44,47671,40,2,0,70.57,1.1458,16.5914
3,69.98,2.36,5.45,1465.9,53.79,50349,40,16,0,70.09,1.7418,12.8404
24,108.98,13.698,4.58,1140.6,70.18,2434,86,13,1,72.57,2.943,23.7948
19,54.27,3.14,5.64,1255.3,47.9,34032,75,12,0,70.18,5.7671,9.6223
29,75.46,2.093,4.99,1636.7,85.09,36832,18,13,0,69.02,1.0172,15.1222
24,62.53,1.584,4.36,1613.1,30.12,2356,86,13,0,72.47,2.9545,14.3417
17,70.05,5.121,3.65,1422.9,11.87,48850,49,0,0,68.17,1.9565,19.1918
6,79.13,2.388,5.42,1363.7,79.9,28318,71,2,0,71.72,1.9232,14.5996
31,62.96,2.454,5.91,1399.6,54.08,8170,56,3,0,68.21,1.0803,10.6531
11,52.42,1.34,5.91,1598.9,42.68,39536,84,14,0,65.79,1.4087,8.8697
2,83.82,3.96,4.16,1225.4,67.33,6993,88,17,1,75.81,1.3659,20.149
43,72.67,1.101,7.19,1524.2,38.79,22162,106,18,0,74.49,1.6725,10.1071
18,61.21,3.266,5.02,1362.3,62.0,33095,65,18,0,64.72,0.99,12.1932
10,72.88,3.312,6.19,1423.0,51.17,30934,81,9,0,70.47,1.563,11.7738
22,78.39,1.477,5.35,1655.5,53.79,25305,35,6,0,74.83,2.8773,14.6523
29,76.5,3.428,5.39,1652.5,52.97,36838,18,13,0,69.45,1.0104,14.1929
7,77.75,5.252,5.92,1324.9,70.68,2727,118,6,0,69.21,1.2759,13.1334
47,59.91,1.568,5.97,1599.5,44.56,18065,55,7,0,69.6,0.9559,10.0352
33,58.42,1.615,5.64,1198.0,44.08,17448,109,0,0,69.32,1.0612,10.3582
22,62.7,3.211,6.91,1355.4,18.66,24857,35,6,0,74.61,2.872,9.0738
17,81.3,1.308,5.39,1441.8,53.19,49173,49,0,0,69.13,1.9855,15.0835
50,76.86,1.809,4.74,1036.7,62.17,22081,21,3,0,67.44,1.7446,16.2152
33,51.87,0.814,4.08,1277.8,74.99,17826,109,0,0,68.75,1.0966,12.7132
40,74.29,3.48,5.87,1388.9,65.24,39063,23,8,0,71.78,1.9771,12.6559
24,83.46,6.987,1.72,1167.7,100.99,2302,86,13,1,73.34,3.0298,48.5233
47,70.12,1.204,5.75,1150.8,44.79,17916,55,7,0,70.11,0.9703,12.1948
36,76.96,1.462,5.45,1159.2,72.43,32272,32,13,0,70.27,1.3777,14.1211
7,61.97,2.466,4.5,1716.6,58.8,2993,118,6,0,69.23,1.1799,13.7711
5,81.78,2.126,4.32,1722.7,61.75,31181,49,5,0,66.45,1.1906,18.9306
48,97.99,5.018,2.04,1503.5,76.28,29663,115,7,1,74.51,3.1899,48.0343
14,63.68,6.125,5.16,1510.2,40.78,32931,41,2,0,73.06,1.4214,12.3411
28,66.11,2.123,3.98,1630.4,56.92,48057,40,2,0,70.56,1.127,16.6106
24,63.32,2.138,5.69,1295.0,50.67,2660,86,13,0,73.45,3.0381,11.1283
27,74.35,3.668,6.83,1610.8,59.77,2071,52,16,0,70.56,3.1468,10.8858
31,75.32,1.951,5.49,1538.0,44.55,8539,56,3,0,68.18,1.0789,13.7195
19,67.63,4.406,5.58,1515.8,60.23,34086,75,12,0,70.15,5.7434,12.1201
29,57.87,6.19,4.69,1343.1,37.38,36737,18,13,0,68.69,1.1761,12.339
19,66.04,1.658,5.7,1584.1,72.69,34115,75,12,0,70.48,5.7482,11.586
12,59.11,2.306,4.73,1971.2,57.63,32432,111,6,0,70.68,1.1847,12.4968
4,77.37,1.343,5.22,1404.6,51.75,31536,45,1,0,71.27,2.0612,14.8218
28,61.26,2.799,6.35,1972.9,63.56,48073,40,2,0,70.28,1.1284,9.6472
22,76.98,0.882,4.71,1844.7,49.29,25060,35,6,0,74.87,2.9015,16.3439
37,66.75,3.869,5.79,1474.2,52.28,14469,91,13,0,68.29,1.1226,11.5285
4,72.17,1.312,5.78,1474.8,41.46,31625,45,1,0,71.59,2.0579,12.4862
35,53.47,3.451,4.59,1482.4,59.58,8120,57,10,0,69.28,2.6592,11.6492
1,48.57,1.148,5.17,1349.2,62.67,2396,74,9,0,70.18,1.9912,9.3946
39,68.74,1.809,6.52,1587.8,57.43,34034,15,13,0,70.44,1.9942,10.5429
19,57.89,2.107,5.75,1646.9,87.87,34316,75,12,0,70.42,5.7388,10.0678
25,77.58,1.798,5.65,1688.0,40.54,8976,25,2,0,69.88,1.2183,13.731
24,65.74,1.962,6.43,1122.3,40.18,2579,86,13,0,73.71,3.0338,10.224
13,70.27,1.343,6.48,1535.6,58.23,46841,72,9,0,68.89,2.5523,10.8441
29,64.07,1.814,6.15,1405.8,71.52,36930,18,13,0,68.31,1.1792,10.4179
7,75.26,1.009,5.67,1498.4,47.57,3025,118,6,0,69.3,1.2141,13.2734
46,68.33,3.23,3.42,1284.3,55.57,11491,19,9,0,68.48,1.9445,19.9795
18,88.76,30.0,4.12,2117.8,100.82,32928,65,18,1,66.56,5.7289,21.5437
8,63.29,2.522,4.43,1229.2,51.92,39710,98,4,0,70.59,1.1728,14.2867
12,99.06,1.983,5.08,1401.5,115.3,32373,111,6,1,72.06,1.2011,19.5
39,61.4,2.281,4.59,1369.1,53.59,34090,15,13,0,70.13,1.9907,13.3769
7,74.02,3.747,6.07,1249.7,67.54,2616,118,6,0,69.22,1.1284,12.1944
25,72.64,2.918,5.05,1419.8,57.29,9162,25,2,0,70.44,1.2236,14.3842
24,67.68,4.315,5.62,1654.0,74.31,2321,86,13,0,73.69,3.0141,12.0427
26,60.83,1.877,5.92,1412.6,45.96,11803,95,13,0,69.25,1.5833,10.2753
30,64.37,3.033,2.09,1028.4,69.74,31036,90,2,1,70.4,1.2129,30.799
1,67.55,2.565,4.47,1293.3,40.14,2453,74,9,0,68.96,1.9855,15.1119
20,70.57,2.668,6.4,1406.2,52.1,24947,31,3,0,68.19,2.5206,11.0266
6,74.82,1.478,6.28,1667.5,42.69,28714,71,2,0,71.88,1.9161,11.914
36,79.82,2.344,4.65,1357.0,52.81,32470,32,13,0,70.64,1.3744,17.1656
34,67.55,4.278,4.07,1294.9,41.44,37029,12,19,0,67.98,0.9017,16.5971
24,70.4,2.013,5.43,1607.5,38.05,2410,86,13,0,74.04,3.0247,12.965
4,71.53,2.177,5.14,1619.6,53.13,31465,45,1,0,71.7,2.0598,13.9163
34,72.74,1.385,6.47,1202.6,43.99,36930,12,19,0,67.97,0.9115,11.2427
1,77.22,2.172,5.11,1842.2,68.32,2247,74,9,0,69.84,1.9835,15.1115
8,70.71,3.15,5.74,1424.6,34.3,39668,98,4,0,71.22,1.1744,12.3188
6,65.42,2.886,6.13,1849.8,40.52,28564,71,2,0,72.22,1.9083,10.6721
40,65.99,1.498,5.57,1525.0,60.06,39413,23,8,0,71.62,1.9843,11.8474
31,43.25,5.776,6.39,1579.9,76.34,8429,56,3,0,67.27,1.2692,6.7684
50,64.94,3.395,5.72,1794.5,54.33,22462,21,3,0,67.46,1.7398,11.3531
11,72.54,5.164,4.77,1591.7,69.82,39598,84,14,0,65.69,1.5296,15.2075
45,66.15,3.125,5.12,1701.2,59.44,1293,30,11,0,73.13,1.9309,12.9199
35,84.11,3.233,5.28,1483.1,30.61,8224,57,10,0,68.49,2.2734,15.9299
8,56.48,2.291,4.88,1542.7,27.37,39783,98,4,0,69.43,1.1091,11.5738
39,73.21,3.368,6.21,1227.7,66.81,34042,15,13,0,70.64,1.9866,11.789
32,86.58,1.709,5.33,1429.8,32.89,26286,56,0,0,69.89,0.9654,16.2439
4,73.9,3.638,5.45,1230.4,59.71,31721,45,1,0,71.73,2.0583,13.5596
47,60.75,1.13,5.42,1491.5,52.68,18043,55,7,0,69.81,0.9723,11.2085
50,66.6,2.197,4.97,1037.9,46.11,22260,21,3,0,67.75,1.7399,13.4004
42,57.73,0.983,5.26,1341.4,67.86,5956,63,17,0,68.55,1.8377,10.9753
21,74.27,1.978,6.07,1823.7,67.49,41211,7,11,0,73.46,1.4633,12.2356
21,112.97,14.877,0.97,897.2,61.68,41565,7,11,1,75.5,2.9184,116.4639
8,90.86,9.015,2.19,1687.0,92.22,39663,98,4,1,70.38,1.7318,41.4886
23,58.95,3.001,6.33,1289.8,54.31,6381,25,12,0,71.46,1.4604,9.3128
38,64.55,5.398,5.92,1655.8,62.47,28331,81,13,0,69.22,2.5914,10.9037
49,72.02,3.143,4.2,1162.4,39.01,35270,62,5,0,69.87,1.3176,17.1476
42,76.86,3.673,6.02,1184.8,46.59,5922,63,17,0,69.32,1.839,12.7674
40,69.97,0.955,4.83,1539.9,47.99,39465,23,8,0,71.1,2.0377,14.4865
17,50.45,2.622,5.2,1427.0,30.81,49004,49,0,0,68.71,1.9362,9.7019
2,73.02,1.683,5.3,1116.5,53.33,6672,88,17,0,75.67,1.3787,13.7774
48,55.41,1.475,4.88,1848.1,47.38,29590,115,7,0,73.82,3.1924,11.3545
48,57.96,2.245,5.54,1574.5,69.09,29882,115,7,0,73.88,3.217,10.4621
20,68.81,5.046,4.66,1654.3,55.0,24894,31,3,0,68.18,2.534,14.7661
25,64.86,2.272,4.86,1296.2,36.17,8778,25,2,0,69.85,1.2116,13.3457
14,64.94,2.526,5.27,1384.7,37.96,33126,41,2,0,73.02,1.3761,12.3226
14,81.37,2.809,5.22,1691.5,79.75,32814,41,2,0,73.76,1.3748,15.5881
26,63.33,0.882,6.92,1553.5,39.74,12055,95,13,0,69.14,1.6257,9.1517
21,55.88,3.727,3.89,1087.4,45.85,41268,7,11,0,72.52,2.9104,14.365
21,97.42,3.494,5.08,1597.2,71.97,41522,7,11,1,74.02,2.9071,19.1772
19,65.02,3.822,6.43,1254.4,34.86,33953,75,12,0,70.35,5.7147,10.112
31,61.54,2.166,6.59,1293.8,58.26,8195,56,3,0,67.55,1.237,9.3384
14,64.83,1.028,4.64,1778.8,43.1,32765,41,2,0,73.43,1.3935,13.972
23,57.86,2.673,5.14,1341.3,58.05,6599,25,12,0,70.73,1.46,11.2568
14,79.14,1.566,5.08,1392.8,74.2,33098,41,2,0,73.38,1.3978,15.5787
27,101.5,5.854,3.24,1550.5,89.92,2214,52,16,1,72.71,3.1431,31.3272
39,72.06,1.71,4.43,1653.3,62.06,34115,15,13,0,70.46,1.9634,16.2664
50,80.26,1.444,6.73,1554.1,68.65,22065,21,3,0,67.95,1.7536,11.9257
32,64.23,0.829,6.02,1587.1,45.49,25955,56,0,0,69.94,1.0294,10.6694
34,53.7,2.603,6.4,1654.2,46.07,36718,12,19,0,67.06,0.9141,8.3906
32,66.54,1.666,5.83,1333.9,53.46,25853,56,0,0,69.94,1.0402,11.4134
17,71.55,1.964,4.4,1391.4,57.43,48996,49,0,0,68.8,1.9393,16.2614
18,52.26,2.058,2.9,1268.9,45.98,32947,65,18,0,65.91,5.7154,18.0207
43,77.08,1.379,6.21,1499.8,61.85,22499,106,18,0,74.71,1.6892,12.4122
29,79.11,12.268,4.4,1659.9,93.85,36711,18,13,1,68.9,2.3237,17.9795
10,69.82,2.129,5.96,1571.9,55.47,31213,81,9,0,70.82,1.5476,11.7148
23,77.03,2.149,5.16,1424.3,71.14,6339,25,12,0,71.31,1.4639,14.9283
18,85.82,6.16,3.23,2196.7,76.11,32773,65,18,1,66.81,5.7327,26.5697
30,76.72,1.759,6.33,1510.6,41.26,30810,90,2,0,70.17,1.2201,12.1201
13,53.47,1.669,5.68,1515.4,29.82,46657,72,9,0,68.12,2.5477,9.4137
39,73.73,1.87,5.27,1559.8,47.63,34425,15,13,0,70.27,1.9688,13.9905
4,67.62,1.675,5.45,1403.1,44.18,31580,45,1,0,70.14,2.0333,12.4073
40,116.15,4.158,2.04,1983.1,75.45,39369,23,8,1,73.68,2.0407,56.9363
45,55.25,2.439,5.4,1508.0,55.16,1029,30,11,0,71.43,1.9201,10.2315
39,75.57,2.511,6.14,1451.7,53.95,34327,15,13,0,70.33,1.965,12.3078
46,53.64,2.195,6.25,1432.7,47.38,11301,19,9,0,68.25,1.9465,8.5824
1,64.78,1.759,5.42,1217.6,53.39,2605,74,9,0,69.2,1.9787,11.952
23,84.19,3.006,4.98,1597.7,47.11,6250,25,12,0,71.85,1.4611,16.9056
20,59.66,1.992,5.59,1177.3,70.64,24890,31,3,0,66.99,2.55,10.6726
29,68.86,3.923,7.09,1541.3,55.03,36790,18,13,0,69.37,2.3228,9.7123
24,75.46,2.21,5.2,1708.6,46.96,2453,86,13,0,74.69,2.9841,14.5115
49,67.99,1.725,5.84,1455.1,76.62,35166,62,5,0,70.15,1.3174,11.6421
25,61.06,2.662,5.21,1775.9,52.88,8789,25,2,0,69.52,1.2122,11.7198
8,78.23,1.371,4.31,1636.4,52.68,39533,98,4,0,70.42,1.749,18.1508
45,55.04,4.243,5.35,1556.6,61.08,1244,30,11,0,70.74,1.9256,10.2879
17,85.72,5.62,2.88,1511.2,89.04,48739,49,0,1,69.78,2.0202,29.7639
40,76.07,1.681,4.42,1316.4,55.88,39121,23,8,0,73.8,2.0434,17.2104
8,74.04,2.348,5.46,1254.7,43.47,39940,98,4,0,70.48,1.7261,13.5604
16,63.94,4.055,4.72,1362.3,75.48,2975,83,12,0,69.32,1.0144,13.5466
29,70.2,2.854,5.36,1312.9,60.97,36730,18,13,0,69.47,2.3114,13.097
36,60.01,2.545,4.91,1463.5,56.39,32487,32,13,0,70.71,1.371,12.222
46,57.4,2.373,6.2,1319.5,40.11,11439,19,9,0,67.48,1.9265,9.2581
31,72.71,3.459,5.16,1397.6,43.04,8293,56,3,0,67.76,1.2496,14.0911
20,63.0,2.321,4.7,1073.1,39.25,24593,31,3,0,67.26,2.5462,13.4043
25,99.98,16.651,3.5,1466.1,76.73,8917,25,2,1,70.55,3.1539,28.5657
19,60.37,1.232,5.48,1273.3,54.49,33892,75,12,0,69.93,5.7032,11.0164
23,54.51,1.144,4.18,1246.4,53.34,6357,25,12,0,71.91,1.4628,13.0407
13,61.63,4.149,4.51,1407.5,44.45,46945,72,9,0,67.94,2.5658,13.6652
9,71.3,1.383,5.18,1239.2,58.11,28692,28,7,0,72.16,3.0222,13.7645
19,64.86,0.919,5.91,1501.4,54.2,34010,75,12,0,69.75,5.7452,10.9746
34,53.69,0.718,5.37,1540.3,69.54,36785,12,19,0,67.03,0.9514,9.9981
5,74.68,3.685,6.59,1676.2,63.68,31219,49,5,0,66.67,1.0797,11.3323
5,71.88,3.957,5.12,1620.9,60.41,31428,49,5,0,67.12,1.1114,14.0391
44,63.46,3.752,5.61,1423.8,61.47,15598,41,3,0,69.92,2.226,11.3119
3,74.04,3.01,7.05,1463.9,57.16,50185,40,16,0,70.82,1.7317,10.5021
2,59.63,4.238,4.33,1482.8,58.93,6687,88,17,0,75.08,1.266,13.7714
27,69.52,1.765,6.46,1693.9,54.51,2367,52,16,0,72.36,3.1588,10.7616
34,70.16,1.269,5.34,1074.5,23.15,37108,12,19,0,66.83,0.9177,13.1386
15,74.05,7.069,5.77,1544.9,48.74,12604,110,16,0,70.64,1.6162,12.8336
45,66.7,0.925,6.71,1118.0,43.58,1320,30,11,0,70.82,1.9542,9.9404
17,68.82,1.837,4.71,1316.9,46.05,49144,49,0,0,69.64,1.9341,14.6115
49,67.43,1.651,5.43,1510.4,59.41,35011,62,5,0,69.93,1.2373,12.418
39,59.06,4.262,6.02,1399.4,55.43,34191,15,13,0,69.63,1.9597,9.8106
43,71.73,2.356,5.92,1261.5,66.84,22413,106,18,0,74.81,1.6647,12.1166
26,70.31,1.848,4.98,1473.5,64.5,12213,95,13,0,69.36,1.6107,14.1185
44,85.36,3.262,5.99,1687.2,31.97,15436,41,3,0,70.32,2.2254,14.2504
37,65.4,1.257,5.24,1534.6,58.2,14334,91,13,0,67.75,1.1381,12.4809
36,70.22,0.973,4.83,1610.6,38.33,32306,32,13,0,70.77,1.4197,14.5383
15,81.46,0.891,6.14,1707.0,68.63,12769,110,16,0,70.91,1.6391,13.2671
3,78.23,2.224,6.42,1258.0,80.64,50146,40,16,0,71.11,1.7167,12.1854
15,87.53,2.927,4.93,1190.0,60.02,12929,110,16,0,72.03,1.6393,17.7546
39,71.73,2.217,5.6,1167.0,47.49,34034,15,13,0,70.15,1.9591,12.8089
12,50.71,3.293,6.56,1515.4,54.41,32248,111,6,0,70.55,1.1159,7.7302
25,49.45,1.494,7.4,1311.6,61.32,8760,25,2,0,69.55,3.1623,6.6824
12,73.34,3.707,5.25,1546.7,52.91,32201,111,6,0,70.6,1.1259,13.9695
20,68.04,1.482,5.44,1798.5,57.94,24931,31,3,0,67.74,2.5662,12.5074
36,54.84,1.882,5.63,1854.4,44.84,32350,32,13,0,70.63,1.4023,9.7407
23,68.9,3.38,6.08,1714.1,59.45,6254,25,12,0,72.14,1.4139,11.3322
43,60.24,1.078,5.12,995.0,50.33,22319,106,18,0,74.67,1.7009,11.7656
33,80.6,11.461,5.44,1757.6,58.03,17777,109,0,1,68.89,2.1553,14.8162
44,51.2,1.871,5.54,1441.6,48.53,15213,41,3,0,69.77,2.2371,9.2419
1,83.95,0.697,5.37,1653.9,47.74,2478,74,9,0,70.18,2.006,15.6331
34,75.19,0.911,5.28,1873.1,86.62,37204,12,19,0,66.88,0.9381,14.2405
17,66.78,2.014,5.84,1277.8,65.29,49033,49,0,0,69.79,1.9386,11.4349
13,115.38,3.484,3.52,2188.2,95.89,47103,72,9,1,69.43,2.469,32.7784
35,71.58,3.138,5.05,1291.9,58.92,8255,57,10,0,69.37,2.2588,14.1743
17,60.92,1.377,5.42,1396.2,72.29,48860,49,0,0,69.9,1.8901,11.2399
20,80.29,2.515,5.87,1345.4,64.34,24595,31,3,0,68.8,2.5464,13.678
24,55.67,3.129,4.5,1872.7,58.99,2538,86,13,0,73.78,2.9689,12.3711
26,107.52,14.534,3.17,1624.8,30.34,11919,95,13,1,71.78,2.8877,33.918
30,54.05,2.276,6.77,1358.6,47.41,30670,90,2,0,69.62,1.2014,7.9838
37,68.51,4.107,5.82,1337.7,75.55,14543,91,13,0,68.61,1.1781,11.7715
50,73.08,2.262,5.92,1430.2,45.13,22372,21,3,0,68.13,1.6738,12.3446
20,74.83,1.102,6.53,1294.8,65.06,24813,31,3,0,69.16,2.5784,11.4594
21,60.5,3.226,5.34,1353.3,59.4,41158,7,11,0,73.01,2.9016,11.3296
21,65.59,4.228,5.44,1503.8,55.83,41579,7,11,0,72.5,2.9079,12.057
23,73.35,4.357,6.56,1229.8,67.91,6511,25,12,0,70.4,1.4569,11.1814
39,56.46,1.965,5.27,986.6,60.49,34054,15,13,0,69.65,1.9611,10.7135
33,63.24,1.726,5.46,1833.1,47.15,17719,109,0,0,69.27,2.1462,11.5824
45,88.24,10.945,2.2,1331.2,78.31,1296,30,11,1,71.2,2.565,40.1091
45,65.84,3.629,5.89,1970.4,55.24,1156,30,11,0,71.22,2.5356,11.1783
48,73.19,4.072,5.57,1440.7,57.39,29739,115,7,0,74.2,3.2153,13.14
8,67.94,0.858,5.07,1451.9,77.76,39783,98,4,0,70.06,1.7507,13.4004
27,68.12,1.209,5.45,1313.0,82.08,2294,52,16,0,70.93,3.1766,12.4991
37,65.48,1.649,5.03,1781.6,75.04,14456,91,13,0,68.88,1.18,13.0179
20,74.37,2.799,6.73,1145.9,58.18,24999,31,3,0,69.02,2.5787,11.0505
21,61.82,1.122,5.72,768.3,43.67,41127,7,11,0,72.02,2.938,10.8077
8,58.63,1.46,6.7,1717.6,39.28,39563,98,4,0,69.39,1.7465,8.7507
49,67.67,3.0,4.6,1503.8,20.56,35014,62,5,0,69.57,1.2477,14.7109
43,65.05,2.956,5.89,1296.5,43.79,22011,106,18,0,73.98,1.6651,11.0441
29,73.48,8.949,4.53,1608.1,92.15,36814,18,13,1,69.55,2.6047,16.2208
21,62.53,1.584,5.07,1615.3,67.56,41151,7,11,0,71.95,2.953,12.3333
34,73.49,2.159,4.64,1334.4,35.86,36871,12,19,0,67.51,0.8998,15.8384
8,54.63,1.484,5.01,1452.9,68.8,39781,98,4,0,68.34,1.7574,10.9042
16,63.34,2.17,5.11,1418.6,49.13,3281,83,12,0,69.16,0.9861,12.3953
31,69.61,3.178,6.01,1544.0,62.0,8420,56,3,0,68.01,1.243,11.5824
35,75.44,1.438,4.86,1728.4,59.64,8311,57,10,0,69.44,2.2735,15.5226
34,65.91,2.792,5.4,1184.4,49.86,36821,12,19,0,67.55,0.9015,12.2056
2,66.57,2.096,5.89,1571.5,53.28,6993,88,17,0,74.49,1.2708,11.3022
8,57.3,2.867,5.89,1314.5,75.04,39533,98,4,0,68.26,1.7264,9.7284
47,62.26,1.462,5.67,1558.4,60.17,17778,55,7,0,69.12,0.9651,10.9806
30,59.02,2.33,5.96,1252.2,75.76,30867,90,2,0,69.5,1.1914,9.9027
23,71.38,0.789,5.98,1492.8,64.67,6396,25,12,0,71.38,1.4963,11.9365
3,64.71,3.157,5.53,1381.9,36.43,50005,40,16,0,70.78,1.6957,11.7016
22,82.31,1.522,5.71,1456.8,66.27,25088,35,6,0,75.4,2.9028,14.4151
22,65.52,2.584,4.76,1251.7,45.12,25001,35,6,0,74.82,2.8735,13.7647
4,77.01,2.461,4.77,1531.0,57.2,31807,45,1,0,70.27,2.0155,16.1447
40,63.78,0.882,6.04,1801.7,58.39,39375,23,8,0,73.32,2.0918,10.5596
25,66.06,1.128,5.65,1563.8,46.56,8799,25,2,0,68.72,3.1587,11.692
8,60.66,2.785,6.17,1112.6,48.29,39688,98,4,0,68.04,1.7113,9.8314
20,67.34,2.61,5.85,1582.0,58.79,24593,31,3,0,69.06,2.5811,11.5111
44,57.74,3.755,5.88,1448.0,46.67,15479,41,3,0,67.79,2.2418,9.8197
10,65.22,7.557,4.6,1620.1,70.5,31167,81,9,0,71.08,1.7999,14.1783
10,69.66,1.989,5.13,1274.2,62.97,31008,81,9,0,71.27,1.7882,13.5789
44,65.19,1.479,4.49,1248.2,57.54,15476,41,3,0,68.3,2.2044,14.5189
5,55.02,3.23,4.46,1816.8,58.6,31581,49,5,0,66.79,1.1173,12.3363
41,65.22,2.799,4.81,1261.7,41.41,16915,22,7,0,69.87,1.9152,13.5593
21,106.5,3.679,2.1,1723.2,71.56,41244,7,11,1,73.67,2.9127,50.7143
6,55.8,4.435,4.62,1575.0,42.97,28361,71,2,0,71.11,1.9429,12.0779
47,61.37,3.868,5.16,1472.6,58.15,17849,55,7,0,69.03,0.9693,11.8934
44,65.63,6.977,5.17,1778.4,36.4,15247,41,3,0,68.1,2.3609,12.6944
34,60.2,4.031,6.03,1821.8,48.09,37020,12,19,0,67.32,0.9908,9.9834
31,75.02,1.348,5.12,1565.8,43.9,8234,56,3,0,68.94,1.261,14.6523
42,71.57,0.841,5.4,1590.3,54.04,5964,63,17,0,69.07,1.9018,13.2537
34,70.9,1.943,5.17,1562.0,52.53,36877,12,19,0,67.95,0.9547,13.7137
26,67.37,2.974,6.03,1467.0,68.9,12052,95,13,0,70.1,2.8526,11.1725
37,73.32,1.711,6.45,1465.1,63.67,14649,91,13,0,69.0,1.1869,11.3674
12,71.17,3.066,5.62,844.7,53.28,32401,111,6,0,70.41,1.1259,12.6637
37,75.93,3.818,5.18,1795.9,56.5,14481,91,13,0,69.2,1.216,14.6583
23,85.89,7.141,4.6,1527.8,100.09,6267,25,12,1,71.99,1.7555,18.6717
23,74.48,1.856,3.87,2265.9,82.54,6216,25,12,1,71.79,1.7567,19.2455
48,74.58,2.12,4.62,1682.0,30.64,29897,115,7,0,74.7,3.2255,16.1429
7,65.15,2.381,5.47,1324.2,60.28,2743,118,6,0,69.15,1.1023,11.9104
9,70.09,1.544,5.61,1457.0,42.79,28533,28,7,0,71.76,3.0385,12.4938
41,69.11,3.944,3.9,1194.5,50.32,16752,22,7,0,69.3,1.922,17.7205
24,63.34,1.835,5.87,1232.1,29.51,2266,86,13,0,72.93,2.9638,10.7905
32,60.18,1.777,6.17,1663.7,66.48,26133,56,0,0,69.91,1.0262,9.7536
1,60.05,2.499,5.48,1499.5,61.28,2590,74,9,0,69.96,1.9847,10.958
41,62.97,2.626,6.14,1356.0,47.82,16860,22,7,0,69.57,1.8978,10.2557
10,61.29,1.421,5.27,1530.8,63.84,31210,81,9,0,71.52,1.7868,11.63
31,69.84,1.03,5.81,1554.0,33.27,8303,56,3,0,69.46,1.2889,12.0207
6,77.14,3.63,5.32,1348.0,44.24,28630,71,2,0,71.75,1.9455,14.5
22,57.81,2.698,5.43,1362.6,18.08,25217,35,6,0,73.79,2.8716,10.6464
2,69.86,1.346,4.94,1652.6,43.92,6614,88,17,0,74.74,1.3024,14.1417
15,94.48,6.356,2.36,1383.8,77.05,12909,110,16,1,72.8,1.8181,40.0339
21,67.4,1.024,6.45,1620.1,75.52,41461,7,11,0,73.53,2.9387,10.4496
19,63.64,2.864,5.87,1439.4,43.56,34042,75,12,0,69.42,5.742,10.8416
36,70.71,2.417,6.04,1374.1,45.29,32406,32,13,0,70.51,1.4025,11.707
23,63.32,3.121,5.06,1839.9,41.33,6429,25,12,0,71.58,1.7219,12.5138
19,59.76,1.393,5.48,1286.2,40.2,33880,75,12,0,68.97,5.7362,10.9051
14,89.03,8.633,3.95,1938.7,82.94,33012,41,2,1,73.75,1.8509,22.5392
6,65.99,4.515,6.26,1489.0,35.91,28315,71,2,0,71.47,1.9674,10.5415
38,74.74,2.53,5.34,1607.0,48.48,28408,81,13,0,69.75,2.5906,13.9963
39,65.9,2.267,5.57,1549.6,51.47,34097,15,13,0,68.43,0.9033,11.8312
31,67.23,2.806,5.58,1513.4,57.87,8145,56,3,0,69.35,1.1993,12.0484
43,65.64,7.41,5.7,1676.1,57.86,22095,106,18,0,74.15,1.8545,11.5158
47,63.41,0.844,5.2,1512.2,45.65,18100,55,7,0,69.02,0.9964,12.1942
47,80.46,1.937,5.4,1228.3,25.67,18106,55,7,0,69.66,0.9765,14.9
39,61.62,1.53,5.63,1235.9,62.19,34375,15,13,0,68.24,0.9183,10.9449
38,71.71,1.585,4.29,1594.1,57.31,28594,81,13,0,69.64,2.6,16.7156
42,63.98,1.947,5.67,1719.1,68.21,5907,63,17,0,68.13,1.9131,11.284
3,65.37,1.672,5.86,1431.2,58.58,50097,40,16,0,70.54,1.4739,11.1553
10,77.83,2.549,5.26,1185.9,41.36,30977,81,9,0,71.73,1.7691,14.7966
30,80.16,1.736,5.33,1478.8,46.39,30709,90,2,0,68.52,1.0903,15.0394
9,63.09,4.674,5.54,1298.3,47.32,28824,28,7,0,71.51,3.0441,11.3881
6,54.1,8.452,5.77,1777.1,59.68,28551,71,2,0,71.0,2.2469,9.3761
14,77.25,0.977,4.52,1577.3,34.3,32880,41,2,0,74.12,1.8824,17.0907
50,56.24,1.173,7.58,1316.7,47.31,22374,21,3,0,67.94,1.699,7.4195
20,86.11,7.618,4.61,2413.6,78.35,24882,31,3,1,70.49,2.7253,18.679
23,80.22,2.445,3.81,1612.8,48.85,6602,25,12,0,72.29,1.7157,21.0551
34,63.28,3.115,6.05,1730.4,61.14,37023,12,19,0,67.68,0.9647,10.4595
25,67.59,3.428,5.39,1529.5,56.18,8863,25,2,0,68.93,3.1482,12.5399
18,87.7,2.586,5.48,1467.3,36.31,33150,65,18,0,67.2,5.7106,16.0036
46,58.39,2.238,5.93,1342.2,41.31,11152,19,9,0,67.28,1.9191,9.8465
49,75.09,2.02,5.66,1498.3,63.89,35141,62,5,0,69.77,1.2339,13.2668
43,86.72,1.101,5.89,1498.6,77.12,22474,106,18,0,73.17,1.8901,14.7233
1,79.93,1.525,5.21,1258.8,72.97,2579,74,9,0,70.69,1.9613,15.3417
44,61.39,1.303,5.54,1275.9,61.16,15462,41,3,0,68.06,2.365,11.0812
31,81.06,7.091,5.18,1689.4,52.48,8247,56,3,0,69.66,1.5127,15.6486
35,71.13,1.742,6.48,1450.3,65.11,8379,57,10,0,70.25,2.2803,10.9769
13,96.3,1.276,3.29,1351.7,87.94,47020,72,9,1,70.5,2.4757,29.2705
20,75.26,1.942,4.47,1373.0,60.76,24860,31,3,0,70.56,2.7335,16.8367
12,55.09,2.954,5.5,1511.3,61.49,32454,111,6,0,68.11,0.9178,10.0164
23,77.49,1.917,5.27,1422.9,51.58,6256,25,12,0,72.79,1.7136,14.704
23,81.68,1.549,5.91,1601.2,83.28,6293,25,12,0,73.53,1.7017,13.8206
35,62.12,4.95,7.59,1409.9,63.2,8411,57,10,0,70.59,2.2949,8.1845
25,78.22,1.679,5.48,1045.5,47.52,9063,25,2,0,69.89,3.1507,14.2737
29,82.58,1.021,5.66,926.4,46.76,36939,18,13,0,70.08,2.6257,14.5901
43,58.03,1.919,5.35,1760.8,55.89,22370,106,18,0,72.68,1.8976,10.8467
22,68.31,0.719,5.73,1538.9,67.8,25159,35,6,0,73.43,2.902,11.9215
16,61.7,1.402,6.48,1326.0,51.62,3142,83,12,0,69.29,0.9363,9.5216
7,68.24,1.148,4.39,1453.7,33.55,2882,118,6,0,69.39,1.1647,15.5444
26,64.24,5.446,5.16,1214.9,55.48,12077,95,13,0,70.01,2.8909,12.4496
26,69.64,2.0,5.64,1597.6,81.78,12069,95,13,0,70.2,2.8999,12.3475
38,65.45,3.948,5.99,1908.4,75.84,28229,81,13,0,69.36,2.6094,10.9265
3,48.94,1.627,5.46,1744.6,80.3,50325,40,16,0,70.26,1.4535,8.9634
42,61.52,2.93,5.31,1654.0,43.6,5950,63,17,0,67.82,1.9132,11.5857
7,72.36,2.615,3.1,1370.1,40.71,2652,118,6,0,69.68,1.0984,23.3419
2,66.19,1.794,5.19,1903.9,52.05,6907,88,17,0,74.5,1.3049,12.7534
38,63.11,5.718,5.51,1374.8,74.23,28301,81,13,0,69.54,2.6706,11.4537
29,61.24,0.872,4.78,1659.8,43.67,36877,18,13,0,69.61,2.6615,12.8117
7,63.67,13.0,4.67,1134.8,72.54,3011,118,6,1,69.9,2.3094,13.6338
4,66.73,1.487,5.12,1437.5,51.68,31484,45,1,0,70.17,2.0235,13.0332
23,62.05,3.787,4.54,986.3,52.12,6571,25,12,0,73.74,1.6984,13.6674
47,57.85,1.572,4.23,1410.8,51.12,17934,55,7,0,68.5,0.9781,13.6761
1,73.24,0.796,5.21,786.5,46.19,2423,74,9,0,70.72,1.9886,14.0576
38,70.06,2.345,6.78,1249.4,51.45,28463,81,13,0,69.5,2.6492,10.3333
24,58.92,3.05,6.38,1440.3,49.75,2544,86,13,0,72.73,2.9318,9.2351
35,80.67,1.915,4.88,1250.0,37.29,8198,57,10,0,70.71,2.1169,16.5307
19,67.34,1.809,5.3,1482.9,62.1,34041,75,12,0,68.88,5.7203,12.7057
6,77.85,2.29,5.48,1574.0,58.48,28362,71,2,0,71.54,2.252,14.2062
3,70.82,1.162,6.18,1730.0,68.7,50417,40,16,0,70.98,1.4787,11.4595
38,78.34,29.271,4.98,2398.8,89.91,28435,81,13,1,70.19,5.9868,15.7309
37,64.71,0.915,4.67,1591.4,48.26,14442,91,13,0,68.66,1.2466,13.8565
10,62.77,4.943,5.21,1689.5,62.54,31313,81,9,0,70.29,1.5523,12.048
5,78.27,2.633,5.49,1159.6,74.34,31265,49,5,0,67.18,1.0761,14.2568
12,71.1,2.628,6.19,1555.7,53.4,32631,111,6,0,68.53,0.9182,11.4863
32,76.09,2.792,4.41,1479.3,41.89,25914,56,0,0,70.55,0.9989,17.254
5,85.99,15.0,3.48,1816.6,83.46,31335,49,5,1,67.7,2.6916,24.7098
6,66.8,1.599,4.72,1502.3,69.51,28504,71,2,0,71.55,2.2153,14.1525
26,60.91,1.991,4.87,1589.7,56.15,12133,95,13,0,70.26,2.8763,12.5072
21,66.0,1.138,4.92,912.7,61.58,41462,7,11,0,73.05,2.9667,13.4146
47,46.22,1.297,4.69,1608.0,45.91,17771,55,7,0,67.21,0.9774,9.855
32,48.98,1.332,4.63,1036.3,61.03,26221,56,0,0,69.87,0.9378,10.5788
44,75.69,2.508,5.31,1769.2,53.75,15522,41,3,0,68.15,2.3252,14.2542
2,78.35,0.967,5.15,1697.7,60.59,6993,88,17,0,74.97,1.3443,15.2136
12,70.02,2.125,5.23,1366.8,47.98,32285,111,6,0,68.63,0.8542,13.3881
50,57.48,3.138,4.58,1156.7,58.59,22302,21,3,0,67.2,1.7027,12.5502
41,81.32,4.32,6.6,1347.8,55.12,16626,22,7,0,70.54,1.9087,12.3212
25,66.11,3.684,4.79,978.1,65.36,9125,25,2,0,69.75,3.1531,13.8017
7,54.4,1.907,6.66,1355.3,53.82,2936,118,6,0,69.43,2.3278,8.1682
39,73.86,1.377,5.39,1543.4,26.01,34064,15,13,0,68.99,0.9087,13.7032
9,59.32,1.256,5.64,1279.2,46.54,28727,28,7,0,72.13,2.9381,10.5177
50,67.65,3.368,6.18,1307.9,39.19,22497,21,3,0,66.83,1.6943,10.9466
19,72.2,1.844,5.56,1602.2,43.52,34002,75,12,0,68.02,5.7408,12.9856
18,66.71,2.204,6.09,1492.1,24.8,33122,65,18,0,67.23,5.7164,10.954
4,79.1,1.277,4.92,1559.1,40.9,31528,45,1,0,70.7,2.0354,16.0772
37,73.59,1.864,4.54,1369.8,43.08,14322,91,13,0,68.86,1.2459,16.2093
38,81.72,6.456,4.28,1161.8,92.45,28450,81,13,1,71.13,5.9697,19.0935
36,79.93,5.988,4.83,2143.4,96.71,32489,32,13,1,71.06,1.3067,16.5487
48,80.09,1.146,5.0,1280.8,38.51,30040,115,7,0,74.9,3.1971,16.018
34,64.57,1.976,5.9,1491.0,69.58,37158,12,19,0,67.17,0.9639,10.9441
5,75.97,1.346,5.48,1818.4,63.1,31452,49,5,0,67.98,2.7069,13.8631
41,54.28,1.551,5.94,1302.3,48.65,17074,22,7,0,69.6,1.8288,9.138
2,73.71,1.398,6.3,1529.1,54.43,6811,88,17,0,75.61,1.3641,11.7
40,69.97,2.857,6.29,1427.2,33.66,39475,23,8,0,73.54,1.5468,11.124
19,73.32,4.578,6.22,1355.1,68.15,33893,75,12,0,68.11,5.7408,11.7878
23,91.27,5.02,1.83,1450.5,103.6,6326,25,12,1,74.06,1.7594,49.8743
11,70.72,1.47,5.62,1112.6,54.59,40001,84,14,0,65.8,1.5373,12.5836
39,65.39,2.276,5.46,1635.6,63.68,34090,15,13,0,69.03,0.8889,11.9762
2,80.41,1.566,6.19,1688.3,45.85,6969,88,17,0,75.96,1.2412,12.9903
9,74.96,1.915,6.93,1053.3,55.09,28985,28,7,0,72.48,2.9461,10.8167
39,65.54,2.229,4.56,1541.5,62.48,34011,15,13,0,68.69,0.8873,14.3728
7,109.23,15.686,5.39,1848.2,60.34,2852,118,6,1,70.75,3.421,20.2653
42,93.95,4.084,3.07,1044.2,77.16,5870,63,17,1,68.52,1.8638,30.6026
50,91.17,8.357,2.17,1299.3,82.21,22244,21,3,1,68.29,2.036,42.0138
17,57.78,3.155,2.78,1877.7,48.25,49094,49,0,1,68.9,1.8685,20.7842
45,83.58,0.982,5.45,1419.3,86.26,1032,30,11,0,70.87,2.2359,15.3358
19,107.28,10.358,2.4,2090.7,66.71,34246,75,12,1,69.6,5.8748,44.7
31,66.5,1.819,5.95,1171.5,65.46,8128,56,3,0,69.34,1.5243,11.1765
17,54.19,1.493,5.01,1504.2,47.59,49087,49,0,0,68.58,1.8733,10.8164
8,48.08,2.448,5.42,1663.5,58.39,39565,98,4,0,66.78,1.7102,8.8708
41,66.87,3.322,4.94,1560.5,82.0,16761,22,7,0,69.32,1.8079,13.5364
22,105.7,3.535,4.74,1240.8,96.97,24981,35,6,1,75.08,2.8511,22.2996
7,71.07,1.727,4.58,1676.8,40.68,2600,118,6,0,70.95,3.4411,15.5175
40,55.52,3.615,6.81,1253.9,54.62,39134,23,8,0,73.48,1.5552,8.1527
37,75.03,2.787,6.57,1318.1,65.55,14675,91,13,0,68.0,1.1008,11.4201
19,69.61,4.459,5.0,1356.4,66.27,34030,75,12,0,69.45,5.8287,13.922
47,72.34,1.626,4.38,1497.1,41.42,17878,55,7,0,67.22,0.8061,16.516
44,64.3,1.225,5.5,1764.8,64.11,15198,41,3,0,67.94,2.3477,11.6909
1,63.56,2.936,4.0,1506.1,33.78,2391,74,9,0,70.28,1.9849,15.89
23,72.19,2.107,5.55,1667.6,55.24,6483,25,12,0,72.68,1.4255,13.0072
3,77.44,1.706,5.02,1699.4,70.94,50064,40,16,0,71.64,1.4784,15.4263
23,58.72,2.404,4.38,1565.9,52.33,6452,25,12,0,72.72,1.4258,13.4064
32,64.56,3.249,6.06,1472.3,36.78,26039,56,0,0,69.6,0.9515,10.6535
34,62.48,2.542,4.65,1158.1,53.03,36892,12,19,0,67.23,0.9416,13.4366
41,69.38,1.113,6.28,1148.6,29.57,17071,22,7,0,69.11,1.8526,11.0478
10,73.34,2.703,6.63,1576.5,43.95,30918,81,9,0,70.23,1.5515,11.0618
36,59.97,2.76,6.27,1270.7,56.1,32714,32,13,0,70.18,1.302,9.5646
25,63.2,1.196,5.3,1693.0,57.49,8985,25,2,0,68.65,3.1173,11.9245
16,71.33,3.228,5.63,1845.6,31.46,3389,83,12,0,69.58,0.9425,12.6696
28,55.42,1.362,6.04,1148.0,43.09,47749,40,2,0,69.65,1.1341,9.1755
25,56.09,2.577,4.63,1693.8,79.78,8777,25,2,0,67.54,3.1165,12.1145
42,96.77,14.566,2.82,1677.4,86.35,5707,63,17,1,70.04,3.0079,34.3156
40,71.13,2.056,4.51,1503.6,45.4,39099,23,8,0,72.68,1.4257,15.7716
11,65.21,2.082,5.88,1596.3,63.36,39771,84,14,0,65.57,1.5228,11.0901
13,67.95,1.112,6.46,1627.7,70.86,46685,72,9,0,70.86,2.4773,10.5186
36,57.09,2.26,6.3,1466.9,60.26,32403,32,13,0,69.99,1.2636,9.0619
47,69.29,1.271,6.17,1178.7,63.46,18049,55,7,0,66.9,0.8124,11.2301
2,79.52,0.839,5.4,1666.8,46.49,6635,88,17,0,76.47,1.2464,14.7259
12,63.81,1.782,6.42,1476.6,45.41,32261,111,6,0,68.67,0.88,9.9393
31,64.91,2.199,5.87,1533.6,64.38,8585,56,3,0,68.3,1.5176,11.0579
42,57.46,1.275,5.62,1279.6,61.08,5786,63,17,0,68.34,2.9041,10.2242
16,63.2,1.383,5.19,1295.4,63.77,3355,83,12,0,68.73,0.9577,12.1773
34,87.93,6.231,4.82,1548.6,48.34,37135,12,19,1,67.42,1.2557,18.2427
37,75.55,3.517,5.45,1538.8,62.65,14660,91,13,0,68.16,1.121,13.8624
12,70.36,1.753,5.9,1439.7,42.17,32289,111,6,0,68.56,0.8769,11.9254
40,59.12,2.71,5.2,1173.5,61.76,39070,23,8,0,73.34,1.4245,11.3692
44,68.31,3.053,5.57,1646.3,72.8,15370,41,3,0,67.39,2.2888,12.2639
6,75.96,4.649,6.54,1752.5,70.61,28409,71,2,0,71.96,2.2079,11.6147
13,70.62,1.225,5.56,1442.8,73.36,46752,72,9,0,70.86,2.4862,12.7014
39,56.79,3.106,6.74,1629.2,88.62,34061,15,13,0,68.18,0.6824,8.4258
26,52.56,1.146,4.47,1226.3,39.35,11778,95,13,0,70.3,2.887,11.7584
28,64.35,2.27,6.69,1792.1,41.0,47955,40,2,0,69.64,1.1248,9.6188
23,71.52,3.042,5.04,1299.8,64.25,6223,25,12,0,72.17,1.4019,14.1905
3,60.29,1.461,4.84,1310.4,56.3,50354,40,16,0,71.22,1.4938,12.4566
20,63.83,2.932,5.26,1566.2,41.48,24661,31,3,0,70.6,2.7289,12.135
39,75.61,3.952,5.73,1232.4,60.64,33995,15,13,0,68.64,0.76,13.1955
47,79.63,2.19,5.94,1511.5,57.58,17999,55,7,0,67.41,0.8002,13.4057
46,64.1,1.876,4.7,1786.9,53.41,11096,19,9,0,67.36,1.9222,13.6383
33,65.55,2.323,5.86,1594.0,45.46,17576,109,0,0,69.1,2.1253,11.186
21,70.16,3.34,5.55,1537.6,69.48,41255,7,11,0,73.16,2.966,12.6414
34,79.77,1.51,5.74,1396.8,69.34,37205,12,19,0,68.15,1.263,13.8972
48,81.62,2.687,3.67,1386.2,43.62,29787,115,7,0,73.37,1.77,22.2398
13,67.76,2.852,5.3,1212.4,53.21,47098,72,9,0,69.2,1.6117,12.7849
24,71.94,2.16,5.71,1488.5,41.13,2554,86,13,0,73.3,2.9258,12.5989
44,84.0,6.464,2.75,2155.6,99.09,15470,41,3,1,68.03,2.3782,30.5455
4,101.26,6.456,6.92,1563.0,99.93,31914,45,1,1,71.27,2.1929,14.6329
40,63.83,2.648,5.83,1673.2,63.68,39432,23,8,0,72.08,1.1704,10.9485
37,64.47,1.167,7.12,1251.5,74.53,14418,91,13,0,68.18,1.1365,9.0548
19,70.49,1.846,4.95,1367.8,60.98,34358,75,12,0,69.93,5.8548,14.2404
4,87.52,2.449,5.52,1590.1,33.34,31878,45,1,0,72.19,2.1694,15.8551
17,86.57,10.652,3.91,1320.8,113.77,49000,49,0,1,68.88,2.4681,22.1407
33,94.99,8.187,4.18,2074.2,60.34,17858,109,0,1,70.37,2.391,22.7249
40,65.53,1.213,4.96,1671.5,47.62,39165,23,8,0,72.43,1.1861,13.2117
33,78.39,1.301,4.12,1955.1,69.4,17559,109,0,0,70.9,2.4128,19.0267
11,68.0,3.332,5.95,1489.2,62.52,39595,84,14,0,65.11,1.5136,11.4286
14,77.26,2.338,5.61,1592.7,68.77,32946,41,2,0,74.29,1.8588,13.7718
3,66.49,2.001,4.79,1574.8,53.81,50283,40,16,0,70.98,1.4384,13.881
23,75.27,1.17,4.65,1621.9,42.74,6454,25,12,0,72.57,1.4026,16.1871
13,75.44,1.972,6.5,1359.4,64.12,47108,72,9,0,69.48,1.605,11.6062
25,63.79,2.69,5.27,1637.3,66.95,8762,25,2,0,67.22,3.0988,12.1044
7,71.71,6.642,5.73,1398.2,47.77,2768,118,6,0,71.2,3.4874,12.5148
10,67.78,1.838,4.87,1534.9,70.12,31061,81,9,0,70.5,1.4777,13.9179
19,61.28,1.692,7.03,1228.9,61.97,34174,75,12,0,70.33,5.8376,8.7169
47,82.28,15.724,5.28,1805.0,73.87,17772,55,7,1,68.12,2.9536,15.5833
6,74.14,1.452,5.65,1563.2,54.27,28529,71,2,0,72.5,2.2114,13.1221
43,70.27,2.472,5.47,1211.5,41.15,22330,106,18,0,71.66,1.8702,12.8464
13,56.33,3.307,6.52,1447.4,64.94,46977,72,9,0,69.32,1.6205,8.6396
30,54.85,2.176,4.94,1397.2,44.25,31097,90,2,0,67.55,1.0704,11.1032
26,61.82,5.11,6.05,1458.0,62.67,12198,95,13,0,68.87,2.9139,10.2182
40,63.94,2.404,4.21,1581.7,54.3,39312,23,8,0,72.16,1.1697,15.1876
11,70.35,2.979,5.71,1586.7,54.03,39574,84,14,0,65.32,1.5083,12.3205
26,76.24,1.882,7.5,1801.5,55.24,12103,95,13,0,68.99,2.9207,10.1653
3,57.93,2.399,4.65,1448.3,55.02,50425,40,16,0,70.38,1.4119,12.4581
13,61.45,2.012,6.29,1536.7,52.28,46938,72,9,0,69.33,1.6103,9.7695
21,66.33,1.829,5.77,1237.0,38.33,41509,7,11,0,73.05,2.9548,11.4957
49,73.41,4.795,5.24,1147.3,56.27,34964,62,5,0,69.72,1.3466,14.0095
43,54.91,2.225,5.33,1661.5,40.09,22394,106,18,0,71.42,1.8674,10.3021
6,80.21,3.502,5.51,766.0,53.69,28575,71,2,0,72.4,2.1821,14.5572
18,75.23,1.581,4.39,1468.8,47.09,32801,65,18,0,68.22,5.7335,17.1367
48,73.5,4.487,3.48,1281.8,93.72,29941,115,7,1,73.66,1.7747,21.1207
18,69.72,5.366,5.13,1439.7,45.71,32720,65,18,0,68.4,5.7415,13.5906
13,69.49,3.488,5.43,1682.5,69.62,46812,72,9,0,69.86,1.6257,12.7974
39,70.69,1.398,6.08,1402.4,56.15,34235,15,13,0,68.3,0.7762,11.6266
10,89.06,5.374,3.72,1573.1,64.66,31374,81,9,0,71.75,1.5663,23.9409
10,64.48,1.906,5.59,1109.3,59.53,31282,81,9,0,71.25,1.5695,11.5349
43,66.58,2.026,4.8,1305.7,59.74,22034,106,18,0,71.23,1.8314,13.8708
41,69.95,2.712,5.87,1686.9,60.55,17094,22,7,0,68.27,1.7633,11.9165
46,60.89,4.938,7.36,1460.0,73.39,11384,19,9,0,67.35,1.9442,8.2731
50,80.09,3.367,3.46,1359.2,65.59,22399,21,3,0,69.0,2.0221,23.1474
45,73.97,2.908,4.97,1408.0,68.99,1305,30,11,0,70.75,2.2354,14.8833
33,56.64,3.072,6.24,1659.9,54.3,17809,109,0,0,69.93,2.3976,9.0769
37,115.89,10.584,3.21,1880.5,100.57,14300,91,13,1,69.89,2.0257,36.1028
36,61.85,2.141,3.66,1468.4,57.64,32450,32,13,0,68.52,1.2612,16.8989
1,53.4,1.081,5.91,1351.5,53.27,2304,74,9,0,70.09,2.0038,9.0355
31,75.34,0.994,5.53,1289.8,58.75,8202,56,3,0,68.96,1.5547,13.6239
44,58.89,2.257,4.71,1622.1,50.85,15345,41,3,0,67.63,2.3831,12.5032
35,75.98,5.806,4.85,1148.7,65.65,8250,57,10,0,71.22,2.1383,15.666
41,63.56,2.93,5.5,1506.8,43.77,16834,22,7,0,67.65,1.7526,11.5564
15,66.19,3.218,5.73,1338.6,61.15,12545,110,16,0,73.35,1.8214,11.5515
28,47.79,2.801,4.57,1442.1,51.45,47685,40,2,0,68.42,1.0585,10.4573
25,72.06,4.653,5.92,1251.3,67.55,8892,25,2,0,67.73,3.0918,12.1723
11,61.4,3.426,5.72,1584.3,56.89,39928,84,14,0,65.34,1.4873,10.7343
2,100.69,17.067,2.83,1740.6,101.13,6674,88,17,1,77.92,3.2372,35.5795
25,67.24,2.552,6.37,1291.5,41.95,8869,25,2,0,68.31,3.0593,10.5557
10,58.95,1.151,4.46,1367.2,58.51,31188,81,9,0,71.45,1.5833,13.2175
27,83.64,3.645,6.68,1693.9,73.41,2239,52,16,0,71.51,3.1641,12.521
5,62.24,2.118,5.91,1434.8,58.95,31492,49,5,0,67.29,2.6728,10.5313
21,49.19,3.309,3.53,1361.8,49.18,41265,7,11,0,72.13,2.9387,13.9348
47,67.22,1.939,6.12,1406.0,55.67,17853,55,7,0,68.2,2.9523,10.9837
21,69.81,1.444,6.23,1319.1,59.64,41299,7,11,0,72.34,2.9582,11.2055
1,73.75,4.547,5.99,1590.1,45.47,2529,74,9,0,70.28,2.0419,12.3122
6,89.72,2.589,6.37,1299.7,71.32,28456,71,2,0,73.35,2.1415,14.0848
19,80.26,1.209,5.57,1842.1,60.63,34100,75,12,0,70.97,5.8637,14.4093
9,57.69,4.164,4.88,1166.3,57.79,28771,28,7,0,71.76,2.9529,11.8217
33,62.0,0.761,4.0,1597.8,47.26,17556,109,0,0,69.71,2.4404,15.5
47,67.39,2.522,6.55,1005.9,57.37,17657,55,7,0,67.67,2.9524,10.2885
13,66.13,1.654,4.85,1359.3,49.05,47061,72,9,0,69.78,1.607,13.6351
10,67.47,3.837,3.78,1359.5,43.23,30970,81,9,0,71.42,1.5944,17.8492
6,73.71,2.467,5.64,1595.1,57.15,28308,71,2,0,73.4,2.074,13.0691
38,71.06,2.105,5.08,1303.1,63.08,28420,81,13,0,71.22,5.9797,13.9882
29,70.26,0.999,5.26,1540.4,63.9,37098,18,13,0,69.7,2.6911,13.3574
33,59.3,1.033,5.12,1587.2,64.45,17691,109,0,0,69.11,2.4509,11.582
16,65.13,3.224,5.2,1492.1,53.55,3141,83,12,0,68.52,0.8896,12.525
25,66.67,1.389,5.81,1400.0,47.98,8837,25,2,0,68.42,3.0643,11.475
6,56.73,1.304,6.04,1324.1,48.14,28734,71,2,0,72.41,2.1038,9.3924
9,62.37,0.778,6.32,1970.1,57.95,28825,28,7,0,72.03,2.9886,9.8687
46,69.72,2.09,6.27,1846.3,52.93,11384,19,9,0,67.55,1.9458,11.1196
19,79.27,1.857,5.29,1777.3,41.53,34353,75,12,0,71.64,5.8732,14.9849
24,61.57,1.536,5.95,1777.4,51.02,2238,86,13,0,72.69,2.8189,10.3479
16,71.28,1.158,7.3,1452.8,51.81,3148,83,12,0,68.34,0.9188,9.7644
29,64.8,3.646,6.68,1908.9,58.13,36846,18,13,0,69.81,2.6912,9.7006
6,52.71,4.323,7.74,989.6,48.51,28582,71,2,0,71.67,2.1128,6.8101
25,70.44,1.66,6.47,1441.6,69.51,8952,25,2,0,68.21,3.0632,10.8872
12,81.39,1.478,5.12,1449.1,81.77,32351,111,6,0,68.92,0.9137,15.8965
26,54.43,5.917,8.01,1084.7,53.9,12030,95,13,0,68.08,2.9696,6.7953
44,65.44,2.38,4.39,1377.6,41.44,15390,41,3,0,67.28,2.3736,14.9066
34,71.13,6.944,5.5,1360.1,70.39,37122,12,19,0,68.28,1.5506,12.9327
11,65.03,1.786,5.32,1691.9,56.79,39662,84,14,0,65.39,1.4849,12.2237
19,64.93,1.368,5.25,1304.5,73.28,33899,75,12,0,71.82,5.8827,12.3676
7,63.73,1.159,5.42,1387.9,44.83,2621,118,6,0,71.19,3.5217,11.7583
18,71.04,1.126,5.86,1468.6,24.64,32792,65,18,0,68.7,5.7517,12.1229
29,63.74,2.115,6.15,1624.6,59.38,36833,18,13,0,69.67,2.6829,10.3642
5,72.59,3.273,3.86,1181.5,48.94,31172,49,5,0,67.65,2.667,18.8057
19,63.37,3.518,5.14,1260.4,60.44,34217,75,12,0,71.49,5.8497,12.3288
3,64.94,2.478,5.59,865.6,31.91,50365,40,16,0,70.46,1.3827,11.6172
25,66.36,1.472,5.46,1343.0,62.41,9147,25,2,0,68.38,3.0731,12.1538
13,57.73,1.628,4.78,1429.5,40.71,47035,72,9,0,69.03,1.613,12.0774
26,76.08,1.984,3.32,1559.2,52.07,11951,95,13,0,67.12,2.8403,22.9157
47,69.47,0.847,5.44,1242.7,63.34,17949,55,7,0,67.53,2.9667,12.7702
24,71.17,2.537,5.77,1375.5,54.49,2189,86,13,0,72.59,2.8139,12.3345
35,63.69,1.506,5.29,1578.5,66.4,8225,57,10,0,70.61,2.1381,12.0397
29,69.13,2.203,4.9,1491.9,49.74,36892,18,13,0,69.76,2.6658,14.1082
37,50.08,3.648,4.77,1286.4,53.4,14434,91,13,0,69.54,2.0175,10.499
1,80.71,1.148,5.4,1461.2,38.57,2635,74,9,0,70.8,2.0245,14.9463
14,65.9,2.266,6.24,1486.8,65.21,33116,41,2,0,73.89,1.8616,10.5609
4,60.28,1.343,6.9,1380.3,60.27,31754,45,1,0,72.29,2.1832,8.7362
3,69.83,2.916,6.71,1269.8,30.98,50288,40,16,0,70.64,1.3661,10.4069
28,105.23,9.158,2.99,1141.1,85.53,47820,40,2,1,70.13,1.7789,35.194
16,72.41,3.927,4.72,1343.4,57.04,3246,83,12,0,68.95,0.9566,15.3411
43,78.68,4.034,6.17,1375.3,42.75,22269,106,18,0,70.99,1.8487,12.752
4,61.49,2.296,6.47,1364.6,30.06,31520,45,1,0,72.16,1.6197,9.5039
19,70.69,1.531,6.09,1718.5,57.01,34259,75,12,0,71.2,5.8645,11.6076
36,97.81,4.595,5.95,1358.0,106.52,32302,32,13,1,69.64,1.2845,16.4387
13,70.2,2.35,5.83,1577.0,43.79,47136,72,9,0,69.17,1.601,12.0412
21,70.27,2.541,5.13,1118.8,47.41,41506,7,11,0,72.83,2.9411,13.6979
5,69.05,4.569,5.71,1239.8,45.15,31392,49,5,0,67.39,2.6729,12.0928
20,58.86,2.662,5.36,1403.1,53.69,24781,31,3,0,71.06,2.7223,10.9813
2,62.53,3.773,5.05,1407.4,52.42,6718,88,17,0,77.74,3.2296,12.3822
38,74.6,1.867,6.57,1412.1,54.54,28271,81,13,0,71.28,5.9883,11.3546
42,61.18,3.34,5.42,1447.8,46.7,5988,63,17,0,68.21,2.9033,11.2878
20,60.02,2.199,6.03,1674.5,31.49,24986,31,3,0,70.67,2.7176,9.9536
4,96.54,6.11,3.41,1588.1,81.59,31806,45,1,1,73.1,1.7871,28.3109
44,65.58,2.255,6.18,1505.1,88.17,15457,41,3,0,67.38,2.3748,10.6117
27,88.62,2.478,2.66,1368.4,74.84,2019,52,16,1,72.15,3.1566,33.3158
30,57.66,2.507,4.79,1582.4,42.92,30868,90,2,0,67.14,1.0701,12.0376
3,69.53,1.305,6.12,1314.7,38.0,50086,40,16,0,70.56,1.3349,11.3611
2,72.05,1.839,6.27,1774.2,75.55,6915,88,17,0,76.49,3.23,11.4912
30,64.24,3.453,5.19,1813.9,65.83,31078,90,2,0,67.11,1.07,12.3776
40,63.05,1.454,6.13,1345.6,53.23,39250,23,8,0,72.02,1.1902,10.2855
15,76.52,7.346,0.76,1607.7,87.61,12606,110,16,1,73.42,2.0138,100.6842
48,69.34,2.261,4.51,1575.0,51.26,29915,115,7,0,73.61,1.7868,15.3747
20,102.57,5.199,3.11,1637.4,70.31,24841,31,3,1,72.47,2.663,32.9807
38,75.96,2.867,5.82,1376.1,62.49,28544,81,13,0,71.41,5.9692,13.0515
5,71.7,1.892,5.11,1605.6,50.13,31430,49,5,0,67.88,2.6712,14.0313
14,78.2,2.749,6.31,1085.3,63.99,33004,41,2,0,72.77,1.8614,12.393
30,55.11,3.119,4.06,1185.9,64.22,30659,90,2,0,66.79,1.067,13.5739
24,74.85,2.046,5.81,1469.4,56.14,2620,86,13,0,72.47,2.8175,12.883
43,70.33,3.365,5.75,1920.8,55.58,22258,106,18,0,70.9,1.8205,12.2313
25,80.51,3.664,5.68,1579.7,54.76,9030,25,2,0,69.09,3.0683,14.1743
30,70.56,1.555,6.45,1194.4,54.67,30705,90,2,0,67.04,1.0811,10.9395
48,69.46,1.518,5.11,1372.9,65.56,29690,115,7,0,73.66,1.7926,13.593
11,65.93,4.535,6.1,1367.9,60.91,39932,84,14,0,65.62,1.5364,10.8082
33,61.83,1.249,4.67,1210.6,53.92,17579,109,0,0,68.0,2.4636,13.2398
8,71.23,4.283,4.27,1731.0,37.13,39568,98,4,0,67.08,1.7142,16.6815
7,74.68,3.436,4.32,1386.9,26.87,2809,118,6,0,71.54,3.518,17.287
11,62.69,2.54,5.88,1359.7,53.2,39756,84,14,0,65.44,1.5327,10.6616
33,83.36,4.5,3.21,2074.9,58.61,17780,109,0,1,68.89,2.4859,25.9688
8,69.48,5.514,5.46,1168.2,43.45,39920,98,4,0,67.25,1.813,12.7253
30,87.66,17.095,3.37,2063.8,102.8,30805,90,2,1,67.75,3.1704,26.0119
44,68.57,2.397,5.2,1234.8,57.74,15333,41,3,0,66.38,1.5122,13.1865
9,65.55,4.299,4.36,1504.6,34.47,28591,28,7,0,71.92,2.9631,15.0344
24,72.5,1.14,6.08,1232.3,70.32,2558,86,13,0,72.75,2.8303,11.9243
36,68.57,4.573,4.92,1143.2,50.06,32258,32,13,0,69.36,1.3151,13.937
12,57.45,2.303,5.62,1365.9,65.56,32329,111,6,0,68.85,0.9109,10.2224
33,63.38,2.452,5.84,1422.5,72.79,17408,109,0,0,68.77,2.4867,10.8527
45,74.05,3.605,6.35,979.1,35.09,935,30,11,0,69.95,2.2401,11.6614
48,78.97,3.507,4.77,1610.0,43.78,29812,115,7,0,74.27,1.791,16.5556
17,82.55,0.742,5.67,1599.3,36.84,48907,49,0,0,70.0,2.4804,14.5591
50,83.88,8.242,2.63,1526.0,82.16,22541,21,3,1,70.38,2.27,31.8935
19,55.94,2.288,5.74,1523.4,49.06,33904,75,12,0,69.92,4.8354,9.7456
14,72.25,3.983,4.23,1400.1,40.01,33117,41,2,0,72.64,1.8747,17.0804
44,84.43,1.77,4.54,1431.2,58.8,15256,41,3,0,67.45,1.525,18.5969
33,72.57,3.295,5.48,1315.0,56.45,17830,109,0,0,69.52,2.4416,13.2427
36,56.35,2.212,6.47,1485.1,82.82,32639,32,13,0,68.95,1.3192,8.7094
6,71.45,0.859,5.82,1503.3,46.74,28363,71,2,0,71.91,2.1405,12.2766
12,64.93,4.219,4.81,1469.6,42.36,32207,111,6,0,68.48,0.959,13.499
1,80.43,2.779,4.96,1392.4,38.5,2693,74,9,0,71.38,2.022,16.2157
46,73.16,2.218,5.38,1189.7,67.48,11377,19,9,0,67.15,1.9436,13.5985
20,52.65,3.521,5.21,1580.3,76.6,24992,31,3,0,71.19,2.6246,10.1056
2,81.41,3.125,5.58,1564.3,58.24,6777,88,17,0,75.13,3.2259,14.5896
33,79.39,2.76,4.74,1305.9,53.33,17874,109,0,0,69.66,2.4236,16.7489
34,65.51,2.125,7.04,1240.4,57.31,37070,12,19,0,68.19,1.5515,9.3054
11,82.33,2.119,5.62,1237.7,62.57,39798,84,14,0,66.16,1.5204,14.6495
7,75.05,2.158,4.16,1610.2,41.61,3016,118,6,0,71.82,3.5267,18.0409
11,64.96,1.843,5.85,1728.2,52.19,39982,84,14,0,66.62,1.5277,11.1043
19,98.88,6.858,3.09,2371.2,117.97,34254,75,12,1,70.77,4.8728,32.0
19,62.17,3.05,5.18,1045.0,76.21,34105,75,12,0,69.02,2.1334,12.0019
6,62.59,3.601,6.08,1399.1,41.83,28692,71,2,0,71.61,2.1146,10.2944
39,70.25,3.87,5.45,1422.3,55.53,33999,15,13,0,68.42,0.8154,12.8899
19,53.0,0.985,5.31,1844.9,55.58,34151,75,12,0,68.97,2.1683,9.9812
36,72.47,4.208,6.48,1791.0,79.43,32393,32,13,0,69.11,1.3526,11.1836
45,51.05,2.504,3.65,1536.3,52.33,1139,30,11,0,68.16,2.2411,13.9863
9,59.07,1.061,5.83,1434.6,47.41,28553,28,7,0,70.19,2.9283,10.1321
8,79.0,2.476,5.8,1151.0,57.15,39941,98,4,0,67.33,1.7999,13.6207
36,84.01,14.5,3.13,1448.5,108.9,32323,32,13,1,68.45,2.7421,26.8403
36,57.87,1.36,6.42,1529.0,46.41,32388,32,13,0,67.89,2.7566,9.014
11,84.41,2.488,6.53,1396.5,49.47,39752,84,14,0,67.45,1.5182,12.9265
3,56.64,2.883,5.1,1342.4,65.3,50399,40,16,0,70.22,1.2336,11.1059
3,65.76,2.356,4.93,1658.6,42.71,50095,40,16,0,70.44,1.2212,13.3387
36,80.68,4.455,5.21,1402.5,74.11,32675,32,13,0,68.36,2.7665,15.4856
24,77.96,1.378,5.88,1652.4,30.98,2228,86,13,0,71.36,2.7065,13.2585
25,56.26,1.545,5.75,1931.2,60.89,8728,25,2,0,68.34,3.0662,9.7843
10,64.76,1.114,5.37,1821.1,68.76,31305,81,9,0,70.86,1.6336,12.0596
32,66.57,3.397,5.56,1173.3,52.98,25917,56,0,0,69.37,0.9664,11.973
25,79.44,1.284,4.79,1402.3,43.79,9125,25,2,0,69.05,3.0764,16.5846
34,78.83,1.487,6.44,978.1,58.98,36937,12,19,0,68.64,1.5608,12.2407
8,71.57,1.304,5.26,1326.4,38.3,39897,98,4,0,67.44,1.7951,13.6065
34,71.35,0.931,5.63,1756.6,56.65,36783,12,19,0,69.06,1.5914,12.6732
45,76.7,3.772,5.27,1153.0,53.13,1188,30,11,0,67.86,2.2278,14.5541
7,60.52,1.606,4.72,1532.1,37.22,2689,118,6,0,71.45,3.5534,12.822
36,73.74,2.259,5.99,1269.6,52.65,32457,32,13,0,69.43,2.7734,12.3105
14,49.15,2.725,6.38,1401.6,54.08,32952,41,2,0,71.4,1.8534,7.7038
38,71.2,3.096,4.83,1525.9,60.92,28380,81,13,0,71.71,5.9551,14.7412
7,62.06,1.776,5.06,1279.8,58.36,2694,118,6,0,71.34,3.5532,12.2648
43,82.93,3.357,5.46,1550.5,53.13,22184,106,18,0,72.08,1.8152,15.1886
42,60.1,3.302,6.31,1599.3,59.38,5659,63,17,0,67.36,2.902,9.5246
39,76.25,4.216,4.77,1521.7,65.8,34117,15,13,0,69.06,0.8895,15.9853
50,76.78,1.062,6.04,1216.7,56.47,22399,21,3,0,70.42,2.3091,12.7119
50,51.25,1.689,5.63,1558.6,74.47,22143,21,3,0,69.46,2.281,9.103
5,54.62,1.332,5.75,1664.4,81.72,31553,49,5,0,67.37,2.702,9.4991
2,73.5,3.081,5.65,2014.7,51.23,7045,88,17,0,75.34,3.2259,13.0088
5,81.97,1.536,5.97,1202.2,37.25,31387,49,5,0,68.54,2.7256,13.7303
30,70.9,0.797,5.92,1642.3,68.38,30926,90,2,0,67.46,3.2014,11.9764
7,63.15,1.092,7.77,1428.4,36.9,2873,118,6,0,70.94,3.589,8.1274
47,63.93,1.939,6.12,1144.4,66.48,17809,55,7,0,67.54,2.9578,10.4461
29,68.67,1.959,7.28,1142.9,56.93,36712,18,13,0,69.78,2.6686,9.4327
28,56.64,1.163,5.81,1362.3,46.72,48013,40,2,0,68.99,1.7969,9.7487
27,59.08,4.139,5.54,1676.9,55.21,2321,52,16,0,71.62,3.1584,10.6643
39,77.51,1.367,5.95,1327.4,64.77,34142,15,13,0,69.15,0.9035,13.0269
45,62.46,1.881,5.68,1001.3,83.54,1347,30,11,0,67.41,2.2296,10.9965
50,68.82,2.491,4.64,1593.4,39.94,22063,21,3,0,68.69,2.2829,14.8319
4,73.26,2.459,4.66,1601.2,56.08,31884,45,1,0,73.25,1.7717,15.721
40,75.51,2.241,5.49,1372.0,55.99,39206,23,8,0,72.68,1.1542,13.7541
39,56.89,2.762,5.81,1324.0,54.63,33936,15,13,0,68.46,0.9058,9.7917
12,68.26,2.042,5.29,1436.7,42.28,32276,111,6,0,68.41,0.9708,12.9036
47,85.86,1.451,6.94,1733.6,47.52,18100,55,7,0,67.84,2.959,12.3718
39,60.89,2.075,6.18,1682.8,58.28,34321,15,13,0,67.76,0.9083,9.8528
22,84.02,2.516,6.35,1522.6,42.02,24860,35,6,0,75.03,2.8467,13.2315
15,57.53,10.693,5.96,1419.7,63.74,12844,110,16,0,72.49,2.5559,9.6527
47,58.76,2.201,5.07,1252.8,67.46,17859,55,7,0,67.48,2.9415,11.5897
40,66.72,1.883,5.3,1288.3,68.47,39053,23,8,0,72.59,1.1548,12.5887
20,74.25,3.288,6.03,1397.9,61.17,24737,31,3,0,72.2,2.6233,12.3134
5,59.34,1.835,4.3,1317.6,60.12,31229,49,5,0,68.18,2.7152,13.8
17,71.05,4.65,5.85,1353.9,37.14,49117,49,0,0,69.75,2.501,12.1453
3,60.36,3.484,6.45,1390.9,32.81,50136,40,16,0,70.23,1.2229,9.3581
20,74.63,0.936,4.97,1280.2,47.87,24877,31,3,0,72.55,2.6632,15.0161
34,67.18,1.027,6.3,1717.6,60.6,36993,12,19,0,69.0,1.5902,10.6635
19,63.72,1.94,5.44,1511.0,37.26,34147,75,12,0,68.81,2.1481,11.7132
1,57.01,3.918,4.54,1886.2,52.61,2712,74,9,0,70.98,2.0388,12.5573
41,72.77,2.826,4.61,1358.4,58.23,16909,22,7,0,67.86,1.7318,15.7852
20,76.13,2.327,6.46,1620.4,50.57,24890,31,3,0,72.5,2.6661,11.7848
13,65.06,2.042,6.74,1531.8,40.86,46887,72,9,0,69.34,1.6017,9.6528
39,67.86,3.027,5.51,1426.9,49.51,34197,15,13,0,67.89,0.8982,12.3158
3,69.19,2.21,6.52,1162.9,54.25,49995,40,16,0,70.42,1.1653,10.612
7,71.64,2.632,4.55,1544.1,69.78,2893,118,6,0,70.79,3.582,15.7451
23,73.2,5.63,5.77,1601.4,63.18,6218,25,12,0,72.34,1.5045,12.6863
9,101.47,3.876,4.43,1472.8,100.7,28835,28,7,1,71.5,2.9247,22.9052
16,65.68,1.441,5.92,1072.6,46.37,3134,83,12,0,68.58,0.9791,11.0946
29,73.37,1.483,5.41,1711.8,70.66,36832,18,13,0,70.25,2.6821,13.5619
45,74.76,2.547,4.03,1511.3,49.78,1348,30,11,0,67.61,2.1121,18.5509
45,75.09,2.381,3.17,2223.7,72.91,1251,30,11,1,68.27,2.1075,23.6877
10,71.43,2.461,5.48,1460.8,36.83,31325,81,9,0,71.38,1.6281,13.0347
5,65.83,1.721,5.11,1725.6,66.38,31296,49,5,0,68.72,2.7123,12.8826
26,88.23,2.988,3.85,1927.3,110.8,11763,95,13,1,68.11,2.84,22.9169
3,87.59,4.426,1.57,1507.0,83.02,49993,40,16,1,70.09,1.0874,55.7898
32,67.34,4.751,5.99,1538.2,22.22,25880,56,0,0,69.48,1.0741,11.2421
5,64.29,1.397,4.79,1778.2,59.72,31515,49,5,0,68.42,2.7264,13.4217
19,62.26,4.242,5.4,1230.2,46.84,34003,75,12,0,68.65,2.1575,11.5296
19,60.77,2.66,5.81,1455.7,45.1,34330,75,12,0,68.77,2.1525,10.4596
2,59.46,1.59,3.4,1634.1,62.87,6773,88,17,0,75.25,3.2211,17.4882
15,99.34,2.933,4.0,1774.0,62.4,12681,110,16,1,73.46,2.5567,24.835
9,66.81,4.483,4.48,1383.4,70.29,28891,28,7,0,70.26,2.94,14.9129
50,74.75,1.621,6.89,1422.6,55.83,22278,21,3,0,69.15,2.0321,10.8491
15,91.17,25.243,5.45,1415.2,98.92,12696,110,16,1,74.19,5.1274,16.7284
5,67.22,1.634,5.36,1109.6,48.52,31552,49,5,0,68.38,2.735,12.541
4,57.66,2.907,7.19,1727.8,57.2,31907,45,1,0,72.71,1.7719,8.0195
36,79.38,2.044,6.67,1294.2,62.81,32514,32,13,0,70.27,2.7425,11.901
7,55.79,2.342,4.05,1299.0,65.96,2797,118,6,0,70.21,3.5911,13.7753
2,59.33,1.721,5.45,1428.1,52.67,6586,88,17,0,74.59,3.2196,10.8862
32,76.48,3.625,6.19,1370.3,50.87,26234,56,0,0,69.5,1.0913,12.3554
2,70.16,4.057,4.33,1201.8,57.05,6711,88,17,0,74.27,3.219,16.2032
27,68.95,1.006,5.32,1168.3,62.95,2161,52,16,0,71.36,3.1695,12.9605
47,70.45,2.097,5.21,1536.3,54.32,17971,55,7,0,67.27,2.9351,13.5221
31,57.88,1.739,5.37,1585.2,41.65,8438,56,3,0,68.66,1.5533,10.7784
39,76.72,1.224,4.57,1311.5,52.94,33947,15,13,0,68.07,0.9331,16.7877
42,77.88,5.503,7.04,1374.3,61.96,5833,63,17,0,67.83,2.8905,11.0625
12,63.48,1.403,4.63,1323.5,73.85,32350,111,6,0,68.33,0.946,13.7106
39,66.07,2.271,4.6,1507.0,56.49,34412,15,13,0,67.96,0.9242,14.363
47,69.69,1.836,5.86,1272.0,41.03,17672,55,7,0,67.57,2.927,11.8925
50,66.5,2.583,6.18,1412.7,34.61,22109,21,3,0,69.48,2.0301,10.7605
42,72.29,1.15,5.81,1326.5,56.4,5845,63,17,0,67.82,2.9275,12.4423
23,68.48,0.886,5.3,1555.1,63.14,6559,25,12,0,72.15,1.55,12.9208
15,69.37,2.806,4.84,1017.5,61.18,12575,110,16,0,73.09,5.1336,14.3326
25,69.06,2.164,5.52,1389.2,35.93,9049,25,2,0,68.94,3.078,12.5109
16,80.33,3.737,4.44,1649.7,56.67,3263,83,12,0,69.14,1.005,18.0923
44,55.16,0.877,6.49,1293.9,38.89,15204,41,3,0,66.6,1.5238,8.4992
30,67.99,4.104,5.6,1672.8,58.65,31075,90,2,0,67.28,3.1828,12.1411
8,69.24,2.136,6.06,1162.1,80.25,39921,98,4,0,67.51,1.7982,11.4257
2,77.76,2.258,5.31,1354.2,32.35,6772,88,17,0,74.19,3.2192,14.6441
40,67.09,2.749,6.42,1223.7,64.0,39431,23,8,0,72.73,1.1416,10.4502
31,56.57,1.276,6.18,1945.6,47.8,8430,56,3,0,67.6,1.5763,9.1537
3,57.94,1.985,5.79,1260.8,51.83,50053,40,16,0,69.45,0.8173,10.0069
5,66.13,2.228,5.3,924.3,85.54,31197,49,5,0,67.78,2.7359,12.4774
49,70.67,0.974,5.51,1500.9,61.74,35083,62,5,0,70.1,1.3623,12.8258
11,61.39,1.635,5.95,1211.3,63.47,39887,84,14,0,67.32,1.5041,10.3176
43,80.5,6.289,7.25,1685.1,65.56,22033,106,18,0,72.45,1.9368,11.1034
9,63.74,3.105,5.52,1703.6,78.93,28950,28,7,0,69.77,2.9373,11.5471
1,62.55,4.036,6.67,1569.0,44.1,2251,74,9,0,70.23,2.0385,9.3778
35,66.97,2.307,6.37,1301.3,47.9,8447,57,10,0,70.52,2.133,10.5133
48,103.48,6.005,3.13,2122.0,83.78,29693,115,7,1,75.53,1.8834,33.0607
30,59.7,2.069,4.24,1347.5,47.5,30622,90,2,0,67.09,3.1615,14.0802
20,67.26,3.118,5.92,1436.6,25.49,24733,31,3,0,72.22,2.6546,11.3615
5,71.46,1.469,5.9,1729.0,56.7,31216,49,5,0,68.53,2.7456,12.1119
47,68.0,4.56,6.26,1486.7,76.96,18121,55,7,0,67.61,2.9602,10.8626
37,54.79,4.421,5.19,1515.7,57.29,14617,91,13,0,68.47,2.0447,10.5568
40,84.82,2.348,4.67,1219.5,64.65,39351,23,8,1,72.54,0.9148,18.1627
26,73.14,1.081,6.46,1542.1,63.32,12177,95,13,0,68.06,2.8445,11.322
43,72.48,2.567,6.25,1606.4,45.72,22449,106,18,0,71.2,1.7441,11.5968
33,67.44,2.607,6.76,1413.6,57.93,17417,109,0,0,69.73,2.4219,9.9763
15,64.19,2.639,5.94,1202.1,62.47,12658,110,16,0,73.31,5.1114,10.8064
24,64.89,2.394,6.12,1173.8,48.64,2192,86,13,0,70.89,2.6908,10.6029
43,78.23,1.641,5.9,1605.3,57.97,22048,106,18,0,70.91,1.6937,13.2593
40,65.18,8.343,5.25,1065.8,50.28,39107,23,8,0,72.38,1.5393,12.4152
33,83.98,2.061,5.95,1208.5,44.94,17399,109,0,0,70.1,2.4077,14.1143
49,70.71,2.436,5.17,1460.6,46.29,35080,62,5,0,70.01,1.3551,13.677
7,109.33,6.978,5.25,1298.9,76.71,2640,118,6,1,71.89,3.6518,20.8248
9,66.6,1.903,5.71,1419.6,53.23,28666,28,7,0,69.56,2.9332,11.6637
28,70.32,2.834,6.27,1335.9,67.54,47995,40,2,0,69.03,1.7481,11.2153
25,90.92,2.027,5.69,1419.2,60.63,8813,25,2,0,69.89,3.0827,15.9789
21,68.01,2.083,5.16,1114.4,42.06,41454,7,11,0,72.68,2.9435,13.1802
5,73.66,1.694,5.74,1498.3,34.89,31173,49,5,0,69.29,2.7541,12.8328
38,83.41,5.131,6.51,1270.9,50.61,28572,81,13,0,71.7,5.6489,12.8126
17,76.95,2.167,5.29,1542.8,66.78,48933,49,0,0,70.23,2.4795,14.5463
13,65.07,4.795,4.8,1491.2,64.7,46764,72,9,0,69.5,1.6707,13.5562
5,58.9,2.116,6.07,1976.7,56.51,31425,49,5,0,69.16,2.7464,9.7035
24,69.67,5.528,3.39,1475.8,39.05,2246,86,13,0,71.21,2.7352,20.5516
8,80.65,5.924,4.73,1619.0,82.05,39469,98,4,1,68.48,1.8612,17.0507
6,68.14,1.057,5.98,1545.2,70.59,28744,71,2,0,70.67,2.1678,11.3946
30,63.31,1.822,6.79,1387.1,32.0,30887,90,2,0,66.74,3.166,9.324
35,75.18,3.048,5.69,1474.0,61.03,8171,57,10,0,70.98,2.133,13.2127
28,78.44,2.302,5.27,1613.8,54.82,47751,40,2,0,69.2,1.7481,14.8843
24,76.04,5.874,6.3,1238.9,74.58,2354,86,13,0,70.99,2.7775,12.0698
25,62.2,3.169,6.41,1584.2,52.02,8729,25,2,0,69.49,3.07,9.7036
2,56.75,0.931,5.27,1319.1,62.24,6956,88,17,0,74.41,3.2252,10.7685
30,71.95,4.054,5.47,1714.9,48.27,30754,90,2,0,66.62,3.1579,13.1536
48,64.93,1.143,5.14,1346.6,53.31,30013,115,7,0,75.26,1.9164,12.6323
22,73.35,4.428,4.95,1615.9,32.95,25059,35,6,0,74.79,2.8404,14.8182
33,47.75,1.812,5.93,1511.7,36.84,17773,109,0,0,68.47,2.4078,8.0523
23,75.11,1.661,4.53,1297.1,46.66,6264,25,12,0,72.3,1.5639,16.5806
10,60.18,1.387,4.66,1524.9,43.95,31038,81,9,0,71.15,1.6538,12.9142
24,77.53,6.586,5.5,1538.7,49.31,2584,86,13,0,71.11,2.8525,14.0964
14,75.59,1.596,5.66,1450.2,68.49,33037,41,2,0,71.74,1.826,13.3551
30,70.35,2.486,5.53,1501.9,51.01,30860,90,2,0,66.29,3.1609,12.7215
9,68.04,2.431,5.38,1201.9,60.33,28849,28,7,0,69.81,2.9281,12.6468
20,68.97,2.972,5.25,1685.0,45.33,24817,31,3,0,71.94,2.6499,13.1371
48,109.06,11.273,2.85,2019.5,74.53,29555,115,7,1,76.89,2.5125,38.2667
45,54.36,4.035,4.59,1708.0,43.24,1237,30,11,0,68.23,2.0373,11.8431
40,70.11,3.109,4.78,1397.8,53.17,39125,23,8,0,72.42,1.5284,14.6674
45,66.05,1.987,7.42,1461.7,64.06,1387,30,11,0,67.93,2.0188,8.9016
17,59.94,1.868,5.63,1471.2,67.69,48923,49,0,0,69.92,2.4918,10.6465
49,67.64,1.087,6.53,1249.3,64.28,35031,62,5,0,69.59,1.3456,10.3583
45,63.93,3.198,5.94,1810.5,55.24,1065,30,11,0,67.41,1.9864,10.7626
49,68.58,1.018,4.84,1293.9,68.59,34840,62,5,0,69.44,1.2912,14.1694
37,76.88,1.164,7.03,1309.0,59.61,14766,91,13,0,68.68,2.0736,10.936
6,67.46,4.092,5.93,1053.9,36.54,28654,71,2,0,69.56,1.7332,11.3761
43,71.97,2.707,5.77,1544.8,73.04,22126,106,18,0,70.94,1.6942,12.4731
12,65.18,3.618,5.09,1742.3,63.2,32484,111,6,0,67.95,0.9338,12.8055
23,65.88,1.642,5.22,1204.8,79.07,6533,25,12,0,71.79,1.5586,12.6207
39,71.0,1.925,5.36,1742.8,63.94,34253,15,13,0,68.36,0.9301,13.2463
15,72.02,2.396,6.78,1831.7,57.36,12798,110,16,0,73.55,5.1004,10.6224
38,41.43,4.312,4.83,1287.9,63.98,28239,81,13,0,70.25,5.6241,8.5776
48,69.82,1.216,6.0,1129.8,67.29,29661,115,7,0,77.11,2.5324,11.6367
3,84.79,2.721,5.63,1542.7,38.56,50212,40,16,0,69.7,0.8216,15.0604
23,59.89,1.348,4.85,1180.4,56.16,6367,25,12,0,71.83,1.5831,12.3485
2,57.93,2.134,5.82,1506.7,34.78,6996,88,17,0,73.44,3.2179,9.9536
11,77.51,1.998,4.61,1647.3,69.04,39593,84,14,0,67.65,1.4629,16.8134
3,57.56,1.892,5.74,1233.0,72.85,50366,40,16,0,69.28,0.7759,10.0279
36,72.79,1.567,6.27,1516.2,65.73,32527,32,13,0,70.4,2.7278,11.6093
36,65.34,3.071,3.62,1754.0,59.77,32352,32,13,0,70.56,2.7186,18.0497
32,72.92,2.421,6.24,1338.6,53.31,25836,56,0,0,69.74,1.0806,11.6859
27,67.54,1.15,4.79,1270.1,45.58,2075,52,16,0,71.52,3.191,14.1002
9,72.88,2.967,6.16,1040.6,64.67,28915,28,7,0,70.08,2.8871,11.8312
1,66.08,1.527,5.41,1209.5,52.46,2259,74,9,0,69.84,2.0366,12.2144
22,72.14,1.836,6.18,1667.0,67.49,25042,35,6,0,73.92,2.8591,11.6731
33,50.7,1.245,6.78,1428.6,53.51,17441,109,0,0,67.62,2.4298,7.4779
17,67.35,0.959,5.8,1443.0,55.75,48841,49,0,0,69.86,2.5283,11.6121
24,70.18,2.968,6.21,1132.3,52.31,2325,86,13,0,70.62,2.8148,11.3011
6,61.61,1.422,5.37,1927.5,54.27,28446,71,2,0,69.64,1.7441,11.473
48,65.85,3.921,4.35,1350.0,39.8,29807,115,7,0,75.74,2.4607,15.1379
29,75.51,3.141,5.8,1111.4,53.95,37114,18,13,0,70.32,2.6583,13.019
48,65.16,2.443,6.32,1621.4,60.62,29569,115,7,0,75.9,2.4264,10.3101
35,89.09,1.411,5.96,1497.1,67.8,8531,57,10,0,71.82,2.1516,14.948
48,81.78,5.376,5.03,1526.3,77.14,29903,115,7,1,75.69,2.2758,16.2584
21,71.3,2.504,4.39,1280.5,70.04,41476,7,11,0,72.23,2.9428,16.2415
36,65.35,5.464,4.34,1748.9,38.88,32451,32,13,0,70.46,2.7567,15.0576
37,60.93,1.13,5.27,1358.0,48.2,14355,91,13,0,68.43,2.0715,11.5617
10,57.34,3.393,4.98,1461.1,69.54,31136,81,9,0,70.36,1.6579,11.5141
45,75.58,3.954,6.2,1464.3,46.09,1238,30,11,0,67.83,1.9963,12.1903
31,66.71,5.711,5.94,1684.6,47.43,8283,56,3,0,67.88,1.689,11.2306
6,76.4,1.937,6.42,1356.0,32.64,28545,71,2,0,69.89,1.7563,11.9003
34,79.29,1.003,6.67,1503.4,44.67,37032,12,19,0,69.51,1.6133,11.8876
7,59.53,1.539,5.29,1160.2,54.11,2577,118,6,0,71.16,3.6791,11.2533
10,102.21,2.5,4.36,1747.3,81.44,30971,81,9,1,71.71,1.6299,23.4427
4,68.81,1.562,6.1,1341.4,58.73,31678,45,1,0,72.78,1.7503,11.2803
11,68.74,2.7,5.32,1403.0,65.85,39600,84,14,0,68.1,1.4566,12.9211
47,73.04,2.127,5.46,1279.1,41.45,18122,55,7,0,67.86,2.9591,13.3773
2,65.66,5.953,6.1,1415.3,55.67,6577,88,17,0,71.63,3.2575,10.7639
36,66.46,2.675,4.73,1436.0,54.51,32302,32,13,0,70.15,2.7565,14.0507
4,71.6,2.745,5.12,1717.5,54.92,31680,45,1,0,72.58,1.7291,13.9844
23,75.34,2.335,6.1,1571.3,46.72,6425,25,12,0,72.56,1.5846,12.3508
28,70.7,2.015,6.32,1116.8,47.78,47709,40,2,0,69.19,1.7479,11.1867
19,73.37,2.625,6.93,1720.6,67.31,34196,75,12,0,69.12,2.1428,10.5873
38,49.53,1.639,5.71,1126.0,36.98,28310,81,13,0,69.93,5.6194,8.6743
10,58.01,0.919,5.8,1283.1,73.14,30926,81,9,0,71.22,1.6741,10.0017
9,65.47,1.745,6.52,1389.8,60.28,28905,28,7,0,69.46,2.9017,10.0414
8,74.19,8.42,5.14,1439.9,46.7,39789,98,4,0,68.85,2.1404,14.4339
38,55.94,0.811,4.82,1584.2,54.94,28525,81,13,0,68.38,5.6447,11.6058
9,66.27,1.444,5.68,1433.7,64.62,28576,28,7,0,69.4,2.9219,11.6673
3,72.45,1.783,6.2,1290.0,61.64,50077,40,16,0,69.18,0.7577,11.6855
34,58.88,1.753,5.63,1208.8,64.02,36944,12,19,0,69.55,1.6173,10.4583
36,85.26,2.84,5.26,1471.2,52.21,32273,32,13,0,70.73,2.7169,16.2091
27,66.22,3.304,5.68,1536.5,57.59,2044,52,16,0,71.64,3.1904,11.6585
25,61.75,2.329,6.6,1492.6,62.64,9125,25,2,0,68.83,3.0635,9.3561
40,90.9,4.506,5.57,1745.0,86.82,39437,23,8,1,73.17,1.571,16.3196
30,76.26,1.43,5.15,1675.1,57.65,30920,90,2,0,66.9,3.1774,14.8078
44,52.69,2.605,6.53,1381.5,80.75,15298,41,3,0,66.23,1.5227,8.0689
5,70.39,1.101,4.64,1504.5,55.1,31423,49,5,0,69.53,2.765,15.1703
49,62.54,2.185,5.56,1542.1,62.88,34898,62,5,0,69.66,1.2674,11.2482
22,68.53,2.255,6.08,1186.7,60.66,25256,35,6,0,73.86,2.8631,11.2714
16,78.53,0.499,5.94,1539.6,43.96,3293,83,12,0,69.84,1.0493,13.2205
45,59.94,3.674,5.38,1628.6,45.79,1124,30,11,0,67.76,2.0011,11.1413
24,69.36,1.014,6.36,1353.5,66.19,2648,86,13,0,70.38,2.8099,10.9057
19,68.66,4.305,6.47,1444.7,63.73,33988,75,12,0,69.46,2.137,10.6121
1,85.34,1.762,4.81,1498.3,48.23,2252,74,9,0,70.76,1.9149,17.7422
20,82.87,2.492,5.03,1414.2,62.54,24850,31,3,0,72.19,2.6396,16.4751
16,74.93,1.355,5.28,1618.6,58.99,3141,83,12,0,69.92,1.0471,14.1913
21,80.34,1.317,4.62,1307.0,54.29,41238,7,11,0,72.63,2.9612,17.3896
17,72.11,3.997,5.27,1349.2,50.12,48983,49,0,0,70.22,2.5259,13.6831
49,79.21,2.235,5.05,1249.8,45.13,35272,62,5,0,70.15,1.2473,15.6851
21,67.13,1.498,6.18,1632.7,36.18,41400,7,11,0,72.74,2.9582,10.8625
4,74.48,2.332,5.67,1625.5,46.67,31874,45,1,0,73.09,1.7066,13.1358
49,69.38,3.708,4.82,1450.5,46.31,34839,62,5,0,70.14,1.286,14.3942
34,63.97,5.482,4.71,1564.6,40.86,36761,12,19,0,69.19,1.729,13.5817
31,71.86,3.491,5.76,1326.5,53.28,8477,56,3,0,67.21,1.6912,12.4757
2,57.6,3.501,6.31,1188.8,57.96,6600,88,17,0,70.8,3.2579,9.1284
32,61.92,2.795,4.16,1693.8,51.78,26295,56,0,0,68.87,1.0555,14.8846
39,63.78,0.923,4.84,1236.1,41.63,34392,15,13,0,67.97,0.9585,13.1777
29,72.78,1.385,6.91,1636.2,50.39,36660,18,13,0,70.42,2.6796,10.5326
29,66.89,3.198,3.76,1543.2,57.64,37011,18,13,0,70.39,2.6798,17.7899
20,70.39,2.103,5.32,1633.7,70.03,25006,31,3,0,72.15,2.6363,13.2312
7,85.76,7.763,2.74,1130.1,99.68,2893,118,6,1,71.6,3.7701,31.2993
16,60.34,2.76,4.87,951.9,62.68,3412,83,12,0,68.79,1.0483,12.3901
23,71.24,1.159,6.84,1487.7,50.71,6397,25,12,0,72.32,1.6112,10.4152
20,90.8,5.754,4.04,2107.8,44.82,24954,31,3,1,72.15,1.5304,22.4752
18,63.32,2.663,4.0,1506.1,59.96,33158,65,18,0,68.44,5.7299,15.83
47,66.89,5.502,6.16,1632.8,61.64,17981,55,7,0,67.77,3.0089,10.8588
30,78.76,1.455,5.05,1393.1,47.39,30637,90,2,0,67.75,3.1876,15.596
43,72.95,2.244,5.57,1551.4,53.67,22476,106,18,0,71.25,1.694,13.0969
15,71.65,5.079,6.52,1557.5,41.01,12713,110,16,0,73.97,5.1025,10.9893
42,49.6,2.344,6.7,1555.5,57.7,5671,63,17,0,66.72,2.8287,7.403
3,67.0,2.388,6.36,1011.8,61.41,50024,40,16,0,67.41,0.7498,10.5346
29,63.13,2.59,5.45,1406.9,72.55,36786,18,13,0,69.82,2.6743,11.5835
3,78.47,1.749,5.09,1305.4,61.34,50404,40,16,0,67.76,0.7586,15.4165
34,54.52,1.407,5.12,1550.0,66.66,37124,12,19,0,68.01,1.7254,10.6484
30,73.63,3.214,4.04,1204.2,79.75,30977,90,2,1,68.09,3.1876,18.2252
43,65.22,2.867,6.74,1231.9,30.17,22167,106,18,0,70.87,1.5049,9.6766
22,53.26,2.562,6.0,1231.0,66.17,25188,35,6,0,73.36,2.8479,8.8767
23,64.35,2.858,5.93,1349.7,67.9,6278,25,12,0,71.49,1.61,10.8516
29,75.62,1.94,5.27,1432.6,73.78,36754,18,13,0,70.0,2.6668,14.3491
47,94.77,3.877,2.74,1096.8,89.04,17757,55,7,1,69.23,3.0109,34.5876
19,63.6,2.45,5.17,1037.1,70.85,34206,75,12,0,69.41,2.097,12.3017
34,57.85,2.84,6.09,1518.7,55.58,36861,12,19,0,67.6,1.6849,9.4992
16,85.6,10.885,4.41,1523.1,98.52,3072,83,12,1,69.99,2.0449,19.4104
29,70.28,1.479,5.16,1375.4,53.28,36996,18,13,0,70.24,2.6818,13.6202
28,107.71,5.209,3.95,2251.9,93.41,47792,40,2,1,71.31,1.8288,27.2684
36,71.22,2.395,5.59,1249.2,57.08,32365,32,13,0,70.49,2.6952,12.7406
39,68.19,2.932,6.52,1790.0,60.19,34298,15,13,0,67.81,0.9557,10.4586
43,71.73,4.261,5.8,1598.1,42.53,22305,106,18,0,71.37,1.5327,12.3672
37,55.12,1.431,5.15,1276.7,50.72,14615,91,13,0,67.93,2.0839,10.7029
47,69.97,3.259,6.39,1228.9,71.15,17811,55,7,0,69.22,2.9955,10.9499
18,66.28,1.67,6.15,1406.3,42.13,33165,65,18,0,68.36,5.7307,10.7772
26,73.96,1.514,5.83,1493.8,58.52,11793,95,13,0,68.66,2.8592,12.6861
42,68.07,1.488,4.67,1505.1,42.08,5519,63,17,0,66.95,2.8163,14.576
33,77.61,1.71,6.81,1969.5,61.54,17499,109,0,0,67.99,2.4289,11.3965
2,72.59,2.468,5.55,1261.4,55.72,6734,88,17,0,70.77,3.2435,13.0793
45,66.19,1.705,4.86,1806.4,64.48,1175,30,11,0,67.74,2.0109,13.6193
49,74.79,6.421,4.89,1397.2,55.32,35312,62,5,0,70.69,1.3283,15.2945
29,80.23,17.36,5.3,1939.8,86.24,36955,18,13,1,70.66,3.9523,15.1377
15,61.51,2.178,5.71,1155.7,41.32,12516,110,16,0,73.62,5.1007,10.7723
40,88.73,1.884,4.28,1475.5,72.39,39327,23,8,1,74.47,1.5448,20.7313
25,80.3,3.752,4.18,1406.9,35.12,9171,25,2,0,69.15,3.0681,19.2105
6,72.13,1.508,6.2,1262.3,53.31,28510,71,2,0,69.84,1.7466,11.6339
19,80.8,4.638,5.54,1625.5,48.06,33942,75,12,0,70.12,2.1235,14.5848
7,69.66,1.487,5.26,1333.6,81.25,3070,118,6,0,71.49,3.7867,13.2433
12,80.73,2.63,4.85,1570.3,57.94,32532,111,6,0,68.44,0.9284,16.6454
27,70.84,1.401,5.78,1452.6,50.52,2071,52,16,0,71.74,3.2013,12.2561
16,65.56,2.576,4.53,1302.8,45.72,3159,83,12,0,69.11,2.0414,14.4724
26,58.83,1.515,5.35,1817.1,43.52,11924,95,13,0,68.69,2.8727,10.9963
28,63.53,1.359,5.75,1472.7,41.25,47804,40,2,0,70.29,1.8379,11.0487
21,67.72,1.225,6.16,1427.8,35.75,41495,7,11,0,72.82,2.9521,10.9935
34,72.19,1.53,5.09,1721.3,39.77,36930,12,19,0,67.58,1.6812,14.1827
3,72.07,5.366,5.85,1573.5,78.58,50053,40,16,0,67.68,0.9767,12.3197
50,66.38,1.813,5.41,1585.7,69.3,22378,21,3,0,69.14,2.0343,12.2699
10,76.67,1.269,4.94,1618.6,45.4,31257,81,9,0,71.39,1.6894,15.5202
35,77.35,0.682,6.65,1627.1,64.99,8487,57,10,0,72.48,2.1917,11.6316
49,76.32,1.153,5.82,1427.7,49.5,35229,62,5,0,70.75,1.346,13.1134
47,69.09,2.912,5.2,1592.6,53.81,17729,55,7,0,69.57,2.9744,13.2865
42,70.18,3.407,4.49,1338.5,59.86,5935,63,17,0,67.23,2.8005,15.6303
5,72.68,6.718,5.61,1342.9,46.92,31347,49,5,0,69.54,2.8747,12.9554
31,62.43,2.084,5.24,1897.3,65.49,8233,56,3,0,67.23,1.6671,11.9141
11,77.76,1.756,5.35,1436.4,70.41,39925,84,14,0,67.94,1.4669,14.5346
49,73.52,2.934,4.71,2027.9,59.26,34886,62,5,0,71.05,1.3176,15.6093
10,86.73,4.731,6.09,1249.1,46.45,30987,81,9,0,71.73,1.738,14.2414
36,65.53,0.611,5.77,1361.9,69.67,32442,32,13,0,69.89,2.7473,11.357
28,78.53,2.108,3.63,1146.4,71.88,47889,40,2,0,70.95,1.8382,21.6336
17,78.31,1.242,2.19,2102.2,47.39,48915,49,0,1,70.29,2.5535,35.758
26,58.34,2.146,4.21,1397.2,47.92,11814,95,13,0,68.0,2.8781,13.8575
43,71.39,0.943,4.95,1354.8,60.92,22133,106,18,0,71.39,1.5666,14.4222
26,63.83,1.79,5.38,1614.1,32.99,12080,95,13,0,68.17,2.8645,11.8643
9,74.28,1.486,6.29,1321.0,47.62,28951,28,7,0,69.36,2.9374,11.8092
22,70.52,2.617,5.24,1589.4,27.01,25223,35,6,0,73.63,2.8523,13.458
23,67.29,1.302,6.05,1402.6,60.64,6545,25,12,0,72.02,1.604,11.1223
4,79.72,2.663,3.69,1428.0,68.55,31919,45,1,0,73.12,1.4032,21.6043
28,72.18,5.374,5.14,1272.5,62.11,47930,40,2,0,71.21,1.9269,14.0428
5,83.9,4.674,4.7,1256.5,40.21,31590,49,5,0,70.4,2.8859,17.8511
25,60.92,3.844,5.61,1243.2,47.84,8899,25,2,0,68.99,3.0695,10.8592
11,66.63,2.109,4.7,1285.9,49.79,39979,84,14,0,67.74,1.0199,14.1766
6,53.05,5.824,6.49,1222.7,84.15,28490,71,2,0,68.88,1.7916,8.1741
32,85.21,2.521,6.08,1862.6,72.92,26186,56,0,0,69.11,1.0548,14.0148
49,55.71,2.061,5.83,1344.4,71.44,34984,62,5,0,70.67,1.2955,9.5557
13,72.74,1.345,5.1,1591.1,56.78,46686,72,9,0,69.75,1.6517,14.2627
28,69.58,3.753,4.79,1487.5,51.47,47710,40,2,0,70.9,1.9045,14.5261
49,80.2,1.528,5.6,1532.1,48.75,35007,62,5,0,70.83,1.2972,14.3214
49,76.89,3.825,3.79,1357.9,28.25,34934,62,5,0,70.76,1.3321,20.2876
15,74.42,2.774,6.3,1310.7,68.52,12589,110,16,0,74.23,5.086,11.8127
22,63.95,3.197,4.51,1229.2,46.91,24916,35,6,0,73.69,2.8311,14.1796
7,82.55,1.209,6.04,1741.0,44.0,2876,118,6,0,71.69,3.8099,13.6672
19,95.7,4.78,3.61,2442.8,44.45,34337,75,12,1,71.62,2.1203,26.5097
36,69.23,1.904,5.83,1647.1,43.51,32345,32,13,0,70.28,2.7583,11.8748
12,59.41,1.128,5.06,1295.4,55.51,32559,111,6,0,68.54,0.9758,11.7411
23,69.69,4.186,6.25,1589.0,68.06,6343,25,12,0,72.05,1.6288,11.1504
28,65.85,3.163,6.02,1270.0,53.03,47663,40,2,0,71.13,1.9064,10.9385
46,59.78,2.998,5.95,1687.0,56.11,11373,19,9,0,66.87,1.9065,10.0471
6,66.78,1.363,4.38,1337.9,51.14,28581,71,2,0,68.36,1.8191,15.2466
21,87.53,5.803,6.33,1255.3,62.17,41244,7,11,1,73.48,2.9705,13.8278
9,82.44,1.533,5.03,1467.1,67.08,28530,28,7,0,69.68,2.9504,16.3897
13,79.22,1.709,6.16,1505.9,40.28,46751,72,9,0,70.41,1.657,12.8604
34,68.94,0.925,3.61,1376.3,64.45,36934,12,19,0,68.22,1.7084,19.097
2,56.89,0.806,5.5,1316.1,64.68,6838,88,17,0,69.65,3.2691,10.3436
12,72.01,2.763,4.9,1427.3,55.58,32365,111,6,0,68.95,0.965,14.6959
5,44.73,0.885,6.29,1446.9,55.39,31281,49,5,0,68.85,2.9143,7.1113
11,57.36,5.104,5.54,1500.1,58.79,39559,84,14,0,67.61,1.1446,10.3538
26,69.31,1.527,4.9,1442.4,46.29,11730,95,13,0,68.81,2.8767,14.1449
17,69.88,1.553,5.41,2137.2,93.63,48943,49,0,1,70.35,2.5703,12.9168
6,65.27,2.075,5.17,1648.7,61.97,28760,71,2,0,67.96,1.8018,12.6248
14,75.49,1.744,5.09,1419.3,60.63,33135,41,2,0,72.26,1.8388,14.831
23,74.25,3.072,4.65,1260.1,60.78,6295,25,12,0,72.09,1.5911,15.9677
24,69.94,1.855,6.63,1444.1,65.79,2371,86,13,0,70.96,2.7932,10.549
21,63.24,1.539,4.71,1575.1,47.83,41616,7,11,0,72.11,2.8399,13.4268
5,107.94,7.154,5.55,1646.8,93.66,31130,49,5,1,70.24,3.0332,19.4486
24,61.82,3.131,5.55,1371.7,86.64,2628,86,13,0,69.0,1.7112,11.1387
40,61.34,2.76,5.29,1543.5,72.45,39373,23,8,0,72.59,1.544,11.5955
25,99.42,2.805,3.19,1643.8,91.31,8715,25,2,1,70.58,3.0689,31.1661
1,66.82,3.275,6.34,1495.2,69.3,2355,74,9,0,71.07,1.9213,10.5394
5,65.5,3.12,5.68,1462.5,44.93,31537,49,5,0,69.97,3.0283,11.5317
22,57.49,1.694,6.82,1375.3,58.88,24936,35,6,0,72.87,2.8526,8.4296
1,78.82,5.087,4.77,1372.8,54.19,2474,74,9,0,71.17,1.9685,16.5241
39,69.8,3.196,6.93,1852.7,41.58,34086,15,13,0,67.64,0.9621,10.0722
3,62.35,2.508,5.2,1611.1,63.27,49957,40,16,0,67.02,0.9763,11.9904
36,92.83,5.688,2.09,1689.9,102.6,32427,32,13,1,71.22,2.7534,44.4163
17,59.83,1.143,4.91,1187.1,53.03,48821,49,0,0,69.97,2.5723,12.1853
39,47.57,2.098,4.15,1548.1,55.89,34151,15,13,0,66.48,0.9647,11.4627
33,71.44,2.136,5.5,1543.6,83.95,17502,109,0,0,68.16,2.4152,12.9891
36,74.2,1.642,4.61,1350.6,58.54,32446,32,13,0,72.03,2.76,16.0954
21,63.2,3.497,4.92,1545.5,46.51,41605,7,11,0,71.88,2.8098,12.8455
47,69.43,3.003,5.13,1483.6,40.35,17884,55,7,0,69.87,2.9593,13.5341
11,48.47,2.791,4.16,1503.6,40.37,39678,84,14,0,67.1,1.1434,11.6514
40,103.26,2.705,3.54,1868.4,92.55,39416,23,8,1,73.0,1.527,29.1695
24,62.27,1.325,5.63,1465.2,44.22,2540,86,13,0,68.99,1.7206,11.0604
12,79.48,4.694,5.49,1707.0,65.51,32567,111,6,0,69.13,1.0556,14.4772
50,52.19,0.947,6.22,949.7,52.82,22124,21,3,0,68.51,2.0359,8.3907
31,64.69,1.204,5.99,1105.1,54.43,8281,56,3,0,66.98,1.6392,10.7997
43,68.61,1.121,5.25,1436.1,57.39,22250,106,18,0,70.97,1.5897,13.0686
47,66.67,1.386,5.12,1675.2,56.57,18102,55,7,0,70.09,2.9686,13.0215
42,68.71,1.621,5.14,1541.6,51.11,5915,63,17,0,67.48,2.776,13.3677
33,66.32,3.509,5.37,1567.5,44.84,17509,109,0,0,68.06,2.4084,12.3501
43,66.65,1.116,6.44,1405.3,47.95,22403,106,18,0,70.86,1.6208,10.3494
25,63.26,2.097,6.59,1499.3,70.71,9054,25,2,0,69.05,1.0059,9.5994
48,53.83,1.737,7.35,1577.6,63.4,29754,115,7,0,74.38,2.2794,7.3238
18,49.95,3.897,6.16,1502.3,43.49,32825,65,18,0,67.32,5.7058,8.1088
11,62.18,0.908,4.52,1769.9,83.61,39885,84,14,0,66.39,1.1342,13.7566
7,59.43,3.424,5.15,1208.9,56.01,2613,118,6,0,71.58,3.802,11.5398
1,51.85,3.935,5.72,1607.6,74.65,2738,74,9,0,68.98,1.2255,9.0647
38,75.88,1.931,6.09,1484.0,50.09,28304,81,13,0,68.52,5.631,12.4598
14,78.86,6.217,6.35,1122.6,53.4,32832,41,2,0,72.45,1.9267,12.4189
22,67.5,0.947,6.72,1431.8,46.91,25192,35,6,0,72.88,2.8881,10.0446
35,69.34,1.297,4.84,1436.1,48.14,8492,57,10,0,73.24,2.2169,14.3264
39,72.54,6.225,5.36,1949.9,48.21,33932,15,13,0,67.04,1.1845,13.5336
28,66.5,2.44,5.59,1360.2,79.08,48032,40,2,0,71.07,1.8706,11.8962
3,66.18,2.4,6.56,1555.8,43.82,50207,40,16,0,67.08,0.963,10.0884
41,71.86,4.22,4.32,1505.7,63.83,16848,22,7,0,68.76,1.7121,16.6343
35,62.36,2.973,6.04,1432.3,57.28,8375,57,10,0,70.56,2.1979,10.3245
45,69.68,2.531,4.88,1602.7,71.3,975,30,11,0,67.98,1.9867,14.2787
35,71.83,2.346,4.75,1598.7,60.29,8165,57,10,0,71.12,2.19,15.1221
28,60.57,2.988,5.16,1573.8,39.79,48049,40,2,0,70.31,1.8418,11.7384
9,62.23,2.891,6.09,1687.7,29.1,28606,28,7,0,69.69,2.941,10.2184
6,67.23,2.439,5.41,1330.6,52.05,28518,71,2,0,68.04,1.8053,12.427
5,72.48,3.872,5.77,1498.6,69.19,31352,49,5,0,70.7,3.0322,12.5615
39,68.66,1.83,5.87,1082.3,58.58,34020,15,13,0,66.91,1.1913,11.6968
19,72.09,0.93,6.04,1514.4,74.61,34068,75,12,0,71.82,2.1527,11.9354
21,56.74,8.836,5.06,1502.3,69.75,41270,7,11,0,71.15,3.0405,11.2134
1,79.1,0.999,4.35,1183.5,45.25,2451,74,9,0,68.88,1.2473,18.1839
11,74.58,2.901,5.68,1701.6,49.47,39678,84,14,0,66.75,1.1367,13.1303
18,51.53,3.118,5.89,1242.1,39.5,32929,65,18,0,66.92,5.7075,8.7487
12,62.76,1.502,5.59,1809.8,42.26,32233,111,6,0,69.06,1.08,11.2272
41,75.81,4.242,4.25,1586.3,74.34,16854,22,7,0,68.73,1.6565,17.8376
43,81.02,1.012,5.78,1369.8,26.1,22454,106,18,0,71.21,1.6245,14.0173
28,95.28,3.331,0.86,1773.0,88.31,47784,40,2,1,71.36,1.8181,110.7907
19,60.28,1.752,4.95,1241.2,63.09,33911,75,12,0,71.32,2.1553,12.1778
32,67.24,3.258,4.65,1446.0,32.56,26145,56,0,0,69.17,1.0538,14.4602
17,69.41,0.778,4.52,1280.5,67.85,48933,49,0,0,69.86,2.5781,15.3562
22,76.9,1.831,6.17,1635.9,64.49,25041,35,6,0,72.9,2.8903,12.4635
24,89.24,2.646,3.39,1817.1,78.24,2231,86,13,1,69.23,1.4817,26.3245
32,90.74,2.11,6.65,1299.5,58.45,26045,56,0,0,69.92,0.9247,13.6451
24,63.67,3.778,4.96,1553.3,54.53,2555,86,13,0,69.24,1.4924,12.8367
32,68.72,3.688,5.92,1400.1,52.75,25931,56,0,0,70.12,0.9513,11.6081
29,67.29,1.641,4.98,1390.5,33.23,36711,18,13,0,70.46,3.9306,13.512
16,60.64,2.134,6.54,1300.3,62.56,3206,83,12,0,68.42,2.0369,9.2722
45,64.76,2.023,5.03,1093.4,47.83,1070,30,11,0,67.58,1.9876,12.8748
12,67.57,0.949,5.13,1558.0,54.44,32337,111,6,0,68.67,1.1312,13.1715
20,84.27,11.643,1.1,1297.0,57.38,24846,31,3,1,72.72,2.3351,76.6091
26,76.13,4.373,5.2,1576.7,57.09,12183,95,13,0,68.72,2.8906,14.6404
29,62.65,2.459,5.64,1200.7,73.5,36863,18,13,0,69.93,3.9248,11.1082
40,53.19,4.668,5.91,1525.4,45.55,39353,23,8,0,72.12,1.5728,9.0
1,91.94,3.377,5.68,1358.4,54.39,2296,74,9,0,70.26,1.2587,16.1866
20,63.84,2.013,5.99,1625.7,47.12,24676,31,3,0,72.51,2.3217,10.6578
5,66.97,3.27,5.74,1449.8,33.07,31264,49,5,0,70.23,3.0304,11.6672
19,56.73,2.475,6.64,1203.9,56.04,34196,75,12,0,70.63,2.1379,8.5437
16,64.63,2.234,7.22,1214.1,62.96,3325,83,12,0,68.45,2.0352,8.9515
18,79.6,2.15,6.1,1235.2,39.85,33148,65,18,0,66.23,5.718,13.0492
41,87.38,2.732,4.81,1551.2,62.39,16694,22,7,0,69.87,1.6452,18.1663
21,50.7,1.991,6.71,1490.6,67.87,41576,7,11,0,68.55,1.782,7.5559
36,71.56,1.691,5.77,1336.0,50.18,32393,32,13,0,72.06,2.7761,12.4021
16,69.54,1.212,6.07,1131.7,54.75,3003,83,12,0,68.48,2.0567,11.4563
9,60.28,2.137,4.54,1731.8,70.4,28706,28,7,0,69.48,2.9342,13.2775
4,98.55,8.598,3.38,1478.5,76.22,31489,45,1,1,74.52,1.8751,29.1568
19,80.71,1.257,5.69,1307.1,62.51,33864,75,12,0,69.52,1.5029,14.1845
16,60.54,1.806,5.49,1579.8,46.12,3242,83,12,0,68.39,2.0523,11.0273
24,52.59,1.932,5.7,1568.8,48.86,2359,86,13,0,68.69,1.4932,9.2263
1,72.02,3.437,5.08,1449.5,70.44,2437,74,9,0,70.23,1.2708,14.1772
2,68.42,1.04,6.01,1253.2,63.27,6837,88,17,0,69.46,3.2824,11.3844
13,80.72,1.402,5.53,1449.3,53.38,47022,72,9,0,69.77,1.0125,14.5967
2,60.95,4.682,4.88,1577.5,53.11,6645,88,17,0,69.51,3.2915,12.4898
13,51.3,2.428,4.85,1438.0,47.68,47136,72,9,0,70.0,1.0137,10.5773
25,69.25,2.214,5.69,2016.7,53.29,8715,25,2,0,69.88,0.9874,12.1705
38,93.89,10.337,4.02,1393.0,114.65,28344,81,13,1,69.51,5.7617,23.3557
32,70.83,1.249,6.45,1326.1,64.57,25971,56,0,0,70.4,0.9849,10.9814
15,51.89,1.674,4.94,1540.4,51.99,12812,110,16,0,73.26,5.1071,10.504
25,80.89,7.459,4.38,2099.1,94.71,9016,25,2,1,70.5,1.383,18.468
46,63.96,1.203,4.14,1284.8,51.74,11096,19,9,0,66.88,1.9359,15.4493
27,62.37,4.964,5.28,1532.3,45.75,2330,52,16,0,71.38,3.2195,11.8125
42,63.59,1.282,5.43,1127.3,51.55,5654,63,17,0,67.69,2.8015,11.7109
22,80.3,2.046,4.4,1470.9,49.11,25110,35,6,0,72.94,2.8974,18.25
47,87.92,2.657,5.87,2054.0,76.53,17875,55,7,1,71.11,2.9388,14.9779
45,67.17,5.051,5.67,1819.2,44.98,1111,30,11,0,67.88,1.9724,11.8466
23,65.2,2.303,5.56,1309.9,54.32,6260,25,12,0,71.83,1.5455,11.7266
48,72.76,5.463,4.87,1532.1,45.94,29642,115,7,0,74.43,2.2863,14.9405
12,70.09,4.736,4.54,1614.6,53.1,32183,111,6,0,68.45,1.0866,15.4383
23,60.03,1.732,6.32,1432.1,64.04,6680,25,12,0,70.76,1.2256,9.4984
18,61.34,3.431,6.58,1311.3,41.62,33198,65,18,0,66.24,5.696,9.3222
26,74.58,1.092,4.49,1419.7,50.49,11738,95,13,0,68.79,2.9031,16.6102
10,62.9,1.637,4.59,1450.7,54.74,31136,81,9,0,71.17,1.7234,13.7037
13,67.88,1.015,6.08,1472.2,58.76,47017,72,9,0,69.57,1.0371,11.1645
39,56.14,2.018,4.89,1355.4,54.4,34255,15,13,0,66.9,1.1903,11.4806
37,59.65,1.713,4.35,1663.4,59.59,14572,91,13,0,67.57,2.0733,13.7126
2,61.11,1.018,5.4,1670.7,56.36,6611,88,17,0,69.28,3.3105,11.3167
48,71.07,2.541,5.31,1140.6,62.9,29983,115,7,0,74.11,2.2626,13.3842
19,79.63,1.44,7.26,1048.6,53.82,33932,75,12,0,69.94,1.4751,10.9683
8,64.03,1.184,6.82,1438.8,48.93,39584,98,4,0,68.99,2.1542,9.3886
20,56.59,2.454,4.75,1519.1,68.8,24886,31,3,0,72.38,2.3129,11.9137
49,72.98,1.99,6.9,1536.7,77.52,35165,62,5,0,70.91,1.3199,10.5768
45,66.26,1.553,5.24,1203.0,40.31,897,30,11,0,67.62,1.9665,12.645
32,76.75,2.499,6.14,1946.1,46.08,26082,56,0,0,70.57,0.9469,12.5
41,77.03,2.769,4.67,1457.6,62.9,16602,22,7,0,69.04,1.3937,16.4946
30,67.84,2.951,5.8,1682.2,58.02,31060,90,2,0,67.97,3.163,11.6966
22,60.91,1.761,4.78,1083.3,39.05,25278,35,6,0,72.78,2.9055,12.7427
1,62.9,2.117,5.0,1291.8,29.48,2472,74,9,0,70.07,1.2704,12.58
41,83.13,5.021,4.59,1577.5,44.98,17068,22,7,0,69.39,1.4248,18.1111
15,70.25,2.674,4.81,1548.6,47.68,12552,110,16,0,73.56,5.1038,14.605
25,62.98,2.738,6.66,1289.5,56.79,9118,25,2,0,70.31,1.3748,9.4565
11,95.02,3.739,5.77,1753.5,49.72,39708,84,14,0,68.1,1.1245,16.4679
26,74.39,0.563,6.31,1796.1,40.92,12148,95,13,0,69.21,2.8972,11.7892
37,53.26,1.827,4.72,1601.2,77.79,14760,91,13,0,67.76,2.067,11.2839
50,87.64,2.477,2.49,1312.5,76.83,22203,21,3,1,69.72,2.0358,35.1968
18,64.9,1.771,5.12,1630.9,66.51,33026,65,18,0,66.69,5.7114,12.6758
46,74.73,4.64,4.58,1404.0,48.66,11305,19,9,0,67.33,1.9482,16.3166
45,64.34,6.219,5.83,1521.1,67.41,1378,30,11,0,67.54,2.0638,11.036
39,64.65,1.53,6.23,1714.5,59.0,34109,15,13,0,66.84,1.2061,10.3772
23,80.33,2.348,5.35,1541.7,28.79,6618,25,12,0,71.0,1.2195,15.015
41,64.23,3.2,6.08,1655.2,43.82,16823,22,7,0,69.18,1.3835,10.5641
36,66.49,1.45,6.35,1789.2,50.28,32604,32,13,0,71.5,2.7504,10.4709
1,92.08,8.129,2.79,1548.8,99.94,2584,74,9,1,71.88,1.687,33.0036
22,59.7,2.201,5.51,1560.5,64.1,25012,35,6,0,72.79,2.888,10.8348
43,50.01,3.517,7.14,1546.6,59.72,22304,106,18,0,70.08,1.6131,7.0042
30,59.81,1.259,5.62,1597.0,62.19,30895,90,2,0,67.43,3.1823,10.6423
17,65.94,2.253,4.17,1579.9,59.02,49119,49,0,0,69.66,2.5794,15.8129
45,98.72,14.648,3.69,2322.3,66.7,1343,30,11,1,69.35,3.0949,26.7534
27,70.29,1.64,5.33,1428.6,59.54,2166,52,16,0,71.83,3.2385,13.1876
41,77.78,1.211,5.42,1474.8,71.04,17080,22,7,0,69.46,1.3759,14.3506
42,65.62,2.252,4.71,1552.5,35.24,5642,63,17,0,67.34,2.8055,13.9321
23,82.97,5.695,4.99,1577.0,48.51,6445,25,12,0,71.82,1.3825,16.6273
47,113.35,6.576,3.04,2181.4,95.6,17989,55,7,1,72.48,3.0236,37.2862
21,103.2,4.521,4.46,1030.1,105.14,41150,7,11,1,70.53,1.8082,23.139
50,82.05,3.351,5.53,1646.7,66.5,22191,21,3,0,70.41,2.0367,14.8373
49,69.98,2.612,5.33,1388.5,86.05,35258,62,5,0,70.76,1.3168,13.1295
13,61.09,2.506,5.63,1093.6,61.72,47123,72,9,0,69.38,1.0282,10.8508
22,64.92,2.436,4.8,1564.3,47.84,25132,35,6,0,71.65,2.2601,13.525
42,77.54,1.476,6.08,1913.5,71.23,5933,63,17,0,68.48,2.7865,12.7533
19,68.64,2.633,4.97,1429.0,52.15,33933,75,12,0,69.86,1.467,13.8109
12,78.64,0.615,5.64,1804.1,47.28,32306,111,6,0,68.96,1.1341,13.9433
50,56.34,3.242,5.08,1633.9,51.0,22257,21,3,0,70.29,1.8874,11.0906
4,73.09,2.044,5.1,1505.0,21.62,31538,45,1,0,74.59,1.8549,14.3314
32,78.19,2.548,5.43,1209.4,65.64,25948,56,0,0,69.88,0.9427,14.3996
9,60.62,1.517,4.93,1417.0,43.25,28618,28,7,0,67.52,1.1845,12.2961
28,65.35,1.754,6.29,1248.4,80.48,47951,40,2,0,71.4,1.792,10.3895
22,63.32,2.517,6.15,1546.6,38.14,25140,35,6,0,69.66,0.8581,10.2959
5,85.05,11.987,1.89,1668.3,76.23,31122,49,5,1,70.19,2.5418,45.0
33,68.46,2.31,6.24,1282.4,56.37,17546,109,0,0,67.66,2.4097,10.9712
26,80.43,3.275,3.69,1173.5,60.23,12051,95,13,0,69.85,2.8781,21.7967
29,69.26,1.993,6.36,1719.9,50.37,36997,18,13,0,69.63,3.9401,10.8899
16,68.64,2.086,5.35,1228.1,60.19,3423,83,12,0,68.38,2.0284,12.8299
24,69.08,0.703,4.93,1181.7,55.78,2605,86,13,0,68.75,1.5121,14.0122
19,75.12,2.278,4.71,1419.9,58.14,34307,75,12,0,70.44,1.456,15.949
31,71.82,4.176,7.3,1575.3,67.56,8303,56,3,0,66.94,1.6615,9.8384
18,76.9,1.03,4.33,1495.4,40.24,32876,65,18,0,67.16,5.7388,17.7598
50,72.05,4.454,6.91,1320.4,46.48,22301,21,3,0,70.34,1.9157,10.4269
26,107.11,17.079,6.84,1406.1,89.96,11749,95,13,1,71.78,4.0704,15.6594
10,76.32,1.306,4.84,1230.7,69.53,30913,81,9,0,70.78,1.7444,15.7686
19,80.53,3.748,6.78,1510.5,47.41,33994,75,12,0,70.45,1.4406,11.8776
2,49.16,1.584,4.68,1530.1,44.76,6709,88,17,0,68.42,3.3061,10.5043
25,53.79,3.798,3.82,1841.0,64.26,9156,25,2,0,69.29,1.3749,14.0812
11,72.74,5.064,4.47,1381.6,105.68,39877,84,14,1,68.68,1.2282,16.2729
8,66.8,2.322,6.13,1489.8,71.96,39664,98,4,0,68.94,2.1358,10.8972
29,97.13,7.098,3.57,1350.0,100.21,37046,18,13,1,71.26,3.9698,27.2073
25,62.97,2.256,5.55,1558.9,47.15,8841,25,2,0,69.16,1.365,11.3459
30,65.06,1.631,6.26,1683.9,39.25,30927,90,2,0,67.03,3.1547,10.393
22,95.56,13.717,1.85,1603.7,95.06,25005,35,6,1,71.25,2.4951,51.6541
36,76.46,1.685,6.79,1724.7,35.25,32647,32,13,0,72.19,2.7677,11.2607
41,52.52,3.239,5.6,1359.9,73.47,16729,22,7,0,69.12,1.3736,9.3786
47,65.54,1.153,5.08,1464.1,56.92,17844,55,7,0,72.8,3.034,12.9016
8,81.56,2.667,5.32,1309.4,64.76,39695,98,4,0,69.12,2.1284,15.3308
28,72.34,3.805,6.25,1329.5,51.98,47788,40,2,0,71.44,1.7331,11.5744
41,53.6,4.048,6.98,1508.3,73.27,17086,22,7,0,68.4,1.3754,7.6791
33,51.35,5.114,4.93,1561.8,60.12,17635,109,0,0,67.36,2.4458,10.4158
21,66.42,0.963,6.74,1461.4,56.29,41571,7,11,0,69.23,1.8384,9.8546
39,57.41,3.015,5.59,1452.7,58.18,34234,15,13,0,66.67,1.1937,10.2701
38,77.23,1.77,4.63,1339.3,71.57,28409,81,13,0,69.89,5.7475,16.6803
2,74.14,2.755,3.82,1223.6,53.74,6956,88,17,0,68.75,3.2981,19.4084
50,63.26,2.142,5.55,1616.0,46.91,22245,21,3,0,69.98,1.8951,11.3982
43,70.88,2.437,5.87,1207.6,58.53,22092,106,18,0,70.04,1.6124,12.075
48,77.38,1.237,4.41,1389.4,47.67,29832,115,7,0,74.25,2.2789,17.5465
3,61.49,2.111,5.94,1629.3,59.99,50389,40,16,0,66.92,0.9533,10.3519
10,67.41,1.362,5.14,1282.9,42.74,31186,81,9,0,70.19,1.6492,13.1148
9,60.54,4.167,4.93,1731.9,54.61,28536,28,7,0,67.34,1.2256,12.2799
29,73.47,2.685,5.57,1279.1,63.7,37055,18,13,0,71.65,3.956,13.1903
20,70.67,2.655,5.58,1448.3,62.49,24803,31,3,0,72.7,2.3081,12.6649
42,56.62,1.578,5.81,1375.0,51.95,5885,63,17,0,68.1,2.8025,9.7453
20,60.36,3.253,5.54,1419.7,75.8,24579,31,3,0,72.38,2.2767,10.8953
48,62.94,2.524,5.58,1268.6,49.95,29966,115,7,0,73.98,2.27,11.2796
26,69.01,1.373,4.92,1361.2,55.54,11803,95,13,0,72.02,4.0578,14.0264
19,71.37,4.231,5.8,1279.8,46.27,34041,75,12,0,70.12,1.4592,12.3052
43,61.5,1.786,3.89,1518.9,59.74,22086,106,18,0,70.1,1.5879,15.8098
41,78.29,1.726,4.65,1667.8,50.94,16640,22,7,0,68.95,1.3842,16.8366
22,73.05,1.534,5.77,1551.8,51.14,24972,35,6,0,71.03,2.4939,12.6603
17,81.14,3.861,6.12,1545.0,55.03,49064,49,0,0,69.45,2.1835,13.2582
38,58.63,3.486,6.27,1181.1,67.08,28385,81,13,0,69.02,5.7201,9.3509
33,71.09,1.862,5.96,1882.1,46.22,17461,109,0,0,67.89,2.4408,11.9279
3,62.76,1.785,5.83,1564.0,87.06,50411,40,16,0,67.49,0.9484,10.765
6,99.52,13.429,4.6,1229.6,67.7,28492,71,2,1,69.86,2.7878,21.6348
36,59.31,2.353,5.82,1577.3,63.21,32653,32,13,0,72.28,2.7664,10.1907
44,73.97,1.907,4.84,1849.4,41.47,15547,41,3,0,66.85,1.5244,15.2831
46,57.68,2.573,4.13,1752.1,72.24,11028,19,9,0,67.72,1.8816,13.9661
2,55.01,1.718,6.54,1456.2,60.76,6852,88,17,0,67.78,3.2823,8.4113
14,97.12,10.734,6.24,1610.6,105.06,33244,41,2,1,73.19,2.432,15.5641
5,65.35,1.266,4.92,1389.6,44.95,31419,49,5,0,69.75,2.5442,13.2825
40,67.2,2.281,5.0,1498.7,52.17,39203,23,8,0,72.17,1.5544,13.44
26,47.66,3.857,6.04,1552.2,59.44,12065,95,13,0,71.07,4.0419,7.8907
35,69.54,2.466,4.15,1296.2,69.96,8406,57,10,0,70.96,2.1895,16.7566
29,69.55,2.5,6.22,1421.3,69.03,36997,18,13,0,71.26,3.5163,11.1817
3,77.7,2.088,5.39,1637.0,52.39,50188,40,16,0,67.78,0.9142,14.4156
48,63.89,3.543,4.62,1639.2,56.17,29928,115,7,0,73.92,2.2653,13.829
14,57.33,5.944,7.56,1434.2,52.98,32863,41,2,0,72.42,2.4936,7.5833
38,58.26,2.267,5.37,1645.6,61.31,28569,81,13,0,69.14,5.7316,10.8492
40,74.37,0.649,5.77,1702.9,64.81,39085,23,8,0,72.35,1.5709,12.8891
28,57.32,1.522,3.97,1453.2,53.31,48101,40,2,0,70.59,1.7207,14.4383
7,83.26,1.976,4.52,1786.2,59.29,2848,118,6,0,71.92,3.7774,18.4204
44,75.01,4.925,5.3,1174.7,74.24,15163,41,3,0,67.35,1.5899,14.1528
13,65.75,1.843,5.06,1272.0,69.92,47112,72,9,0,69.54,1.0117,12.9941
35,73.31,4.088,6.03,1049.1,60.93,8110,57,10,0,71.56,2.203,12.1575
49,59.59,2.687,4.83,1360.2,50.39,35261,62,5,0,70.03,1.3093,12.3375
23,57.85,1.407,6.42,1292.4,38.02,6629,25,12,0,70.89,1.4026,9.0109
43,68.5,1.456,5.99,1454.5,43.62,22381,106,18,0,70.24,1.6077,11.4357
38,68.55,2.671,4.68,1051.7,48.21,28198,81,13,0,69.07,5.7161,14.6474
26,81.41,2.182,4.95,1672.2,65.14,11820,95,13,0,69.99,3.3142,16.4465
35,75.96,4.234,5.91,1162.1,69.82,8258,57,10,0,71.86,2.2186,12.8528
10,115.04,4.802,1.61,2455.8,85.01,30891,81,9,1,71.94,1.7037,71.4534
36,73.46,1.858,6.64,1069.8,43.96,32321,32,13,0,72.77,2.7718,11.0633
43,61.11,1.084,5.43,1753.9,60.27,22150,106,18,0,70.05,1.2807,11.2541
48,60.22,1.856,6.71,1470.9,69.61,29832,115,7,0,72.35,2.2524,8.9747
6,63.94,3.107,4.97,1461.9,51.41,28514,71,2,0,69.31,2.7876,12.8652
50,71.78,1.973,5.77,1461.8,53.1,22318,21,3,0,70.33,1.8916,12.4402
14,94.68,7.283,4.95,2000.6,105.91,32816,41,2,1,73.5,2.6068,19.1273
8,76.07,0.888,6.15,1570.1,68.59,39851,98,4,0,68.89,2.1749,12.3691
41,58.1,1.649,4.78,1098.1,40.16,17059,22,7,0,68.08,1.2096,12.1548
12,66.03,2.249,5.9,1402.4,58.17,32317,111,6,0,69.25,1.1345,11.1915
34,86.07,4.35,5.5,1671.0,68.2,36940,12,19,1,69.57,1.7174,15.6491
49,78.63,2.078,4.44,1308.2,59.57,35274,62,5,0,70.65,1.2683,17.7095
47,68.24,2.131,6.45,1177.0,58.42,17990,55,7,0,73.72,3.0174,10.5798
46,67.34,2.371,6.77,1706.5,63.18,11387,19,9,0,67.41,1.8815,9.9468
10,90.28,5.493,3.72,1263.6,74.38,31108,81,9,1,72.8,1.7926,24.2688
31,61.01,3.774,4.6,1522.2,49.95,8173,56,3,0,67.01,1.6489,13.263
29,60.62,1.857,7.3,1196.3,71.62,36716,18,13,0,70.91,3.5259,8.3041
29,74.21,4.819,2.94,1006.9,61.12,36877,18,13,0,71.08,3.5397,25.2415
49,62.47,4.338,5.73,1893.0,58.48,35260,62,5,0,70.56,1.3132,10.9023
19,80.33,1.472,6.85,1509.8,53.53,34067,75,12,0,70.76,1.4548,11.727
6,81.41,1.631,5.43,1480.1,63.77,28531,71,2,0,69.95,2.7963,14.9926
37,68.62,3.201,4.82,1065.3,30.96,14666,91,13,0,67.46,2.0509,14.2365
48,88.26,7.749,2.86,1544.5,58.03,29775,115,7,1,73.71,2.4073,30.8601
36,53.48,1.142,4.4,1601.5,78.92,32266,32,13,0,70.92,2.7865,12.1545
35,76.74,4.062,4.24,1716.6,50.82,8061,57,10,0,72.27,2.2019,18.0991
23,77.03,3.338,4.58,1463.2,49.33,6654,25,12,0,70.87,1.4059,16.8188
2,94.29,2.151,5.91,1371.1,49.48,7024,88,17,0,68.64,3.2703,15.9543
20,77.22,5.312,5.83,1858.4,48.58,24984,31,3,0,72.25,2.3042,13.2453
13,65.63,3.261,5.09,1775.1,54.72,47021,72,9,0,69.35,1.0174,12.8939
28,62.42,4.314,4.54,1595.8,45.8,48100,40,2,0,70.29,1.7319,13.7489
10,85.19,4.118,3.94,1459.3,66.9,31188,81,9,0,73.63,1.513,21.6218
12,57.17,3.048,3.55,1453.8,51.56,32251,111,6,0,67.51,1.1349,16.1042
41,62.55,1.181,6.12,1407.7,40.22,17058,22,7,0,68.12,1.2658,10.2206
35,67.8,3.98,5.79,1450.8,73.08,8362,57,10,0,72.41,2.1843,11.7098
40,53.21,4.952,6.04,1023.2,54.16,39284,23,8,0,69.73,1.6099,8.8096
47,69.89,2.348,4.45,1663.9,48.63,17919,55,7,0,73.62,3.0055,15.7056
13,99.74,6.543,4.5,1635.1,86.04,47126,72,9,1,71.28,1.3302,22.1644
36,69.0,2.466,7.02,1503.9,62.08,32414,32,13,0,70.94,2.7702,9.8291
27,87.66,7.452,3.52,1836.1,77.2,2039,52,16,1,72.95,3.346,24.9034
21,75.11,4.182,6.35,1741.2,47.2,41289,7,11,0,69.84,1.861,11.8283
38,72.53,7.353,5.88,1573.9,43.57,28557,81,13,0,69.73,5.6841,12.335
37,60.55,4.008,4.45,1585.7,41.87,14605,91,13,0,67.67,2.0264,13.6067
19,68.78,1.664,5.67,1568.5,56.76,33887,75,12,0,70.99,1.4662,12.1305
16,87.4,4.521,2.82,1546.1,89.65,3100,83,12,1,69.07,2.0566,30.9929
27,65.77,3.307,5.89,1440.2,58.47,2068,52,16,0,73.06,3.3311,11.1664
15,76.12,2.754,5.65,1381.7,54.73,12875,110,16,0,73.29,5.1018,13.4726
8,75.89,2.414,5.22,813.2,32.64,39638,98,4,0,69.19,2.168,14.5383
23,98.14,11.996,2.65,1499.4,78.51,6616,25,12,1,71.55,2.3633,37.034
35,59.44,2.233,6.76,1646.4,52.86,8536,57,10,0,70.48,1.2812,8.7929
28,68.13,1.584,7.22,1402.6,56.79,47912,40,2,0,70.06,1.7442,9.4363
36,61.68,1.965,6.96,1008.5,61.81,32398,32,13,0,71.16,2.7736,8.8621
39,83.11,1.892,6.24,1378.6,55.75,34334,15,13,0,67.05,1.1764,13.3189
16,56.21,3.264,5.54,1373.4,73.86,3431,83,12,0,68.62,2.0585,10.1462
16,61.85,2.871,4.67,1566.7,41.72,3108,83,12,0,68.61,2.0386,13.2441
24,71.22,2.418,6.3,1707.4,47.28,2313,86,13,0,68.79,1.5074,11.3048
44,68.64,3.822,6.43,1451.5,55.79,15502,41,3,0,67.14,1.5895,10.675
5,73.2,1.112,5.38,1464.8,60.21,31522,49,5,0,70.21,2.5681,13.6059
47,74.52,1.138,5.92,1682.2,72.57,18062,55,7,0,73.83,3.0092,12.5878
38,65.0,4.492,6.64,1748.1,41.25,28460,81,13,0,69.28,5.676,9.7892
12,60.56,4.27,6.12,1461.9,28.81,32235,111,6,0,67.92,1.1801,9.8954
43,66.5,1.393,4.33,1486.5,69.16,22377,106,18,0,69.21,1.2691,15.358
38,65.87,4.339,4.09,1812.3,41.13,28278,81,13,0,69.34,5.6747,16.1051
42,78.76,2.03,5.29,1333.2,63.17,5913,63,17,0,68.52,2.7421,14.8885
22,65.35,2.359,5.8,1428.7,62.57,25143,35,6,0,71.14,2.4927,11.2672
28,77.89,2.496,4.66,1645.3,55.9,47795,40,2,0,70.56,1.7379,16.7146
10,55.92,0.459,6.21,1881.9,57.23,31216,81,9,0,73.06,1.5742,9.0048
26,75.86,4.682,4.13,1425.9,62.37,12116,95,13,0,70.34,3.3293,18.368
36,80.44,6.337,4.16,1585.9,53.65,32370,32,13,0,71.49,2.848,19.3365
44,65.8,1.948,6.07,1107.8,75.68,15603,41,3,0,67.32,1.5723,10.8402
3,73.11,2.966,4.97,1625.4,49.05,50297,40,16,0,67.6,0.9068,14.7103
36,62.82,1.702,3.92,1263.0,54.11,32553,32,13,0,70.61,1.4844,16.0255
41,79.44,2.547,6.37,1676.7,71.5,16882,22,7,0,69.16,1.2263,12.471
6,71.14,0.885,6.44,1140.4,47.74,28507,71,2,0,70.66,2.5988,11.0466
15,62.92,2.611,6.73,1543.5,70.11,12818,110,16,0,72.94,5.0929,9.3492
1,65.51,1.144,5.62,1430.2,81.23,2285,74,9,0,71.79,1.7186,11.6566
49,70.96,0.878,5.72,1173.8,42.17,35229,62,5,0,70.52,1.3508,12.4056
38,70.5,0.704,5.69,1540.7,63.79,28300,81,13,0,69.16,5.7168,12.3902
1,65.05,2.104,4.79,1213.3,44.44,2363,74,9,0,71.29,1.7196,13.5804
17,59.48,1.226,5.28,1710.8,66.75,48820,49,0,0,69.5,2.1996,11.2652
2,80.76,2.263,4.46,1265.1,45.09,6873,88,17,0,68.65,3.2603,18.1076
50,62.68,3.281,5.76,1325.9,49.72,22224,21,3,0,69.74,1.8799,10.8819
30,62.52,0.921,5.2,1674.8,62.15,30627,90,2,0,67.19,3.159,12.0231
25,67.41,5.491,4.82,1393.8,43.51,9123,25,2,0,69.33,1.4359,13.9855
16,69.46,4.369,4.15,1377.2,63.7,3294,83,12,0,68.43,2.0448,16.7373
17,74.85,3.499,6.4,1909.0,44.71,48974,49,0,0,69.7,2.1446,11.6953
45,50.85,1.265,6.02,1766.7,56.03,1079,30,11,0,69.18,3.1353,8.4468
4,69.43,3.102,5.55,1295.4,56.78,31597,45,1,0,74.98,1.8402,12.5099
44,75.25,1.728,5.13,1271.8,39.31,15398,41,3,0,67.54,1.5866,14.6686
6,59.99,1.977,4.36,1396.1,79.24,28409,71,2,0,69.92,2.6028,13.7592
19,72.08,3.403,6.08,1661.7,42.54,34043,75,12,0,71.05,1.4477,11.8553
21,77.57,9.406,2.51,2320.2,104.13,41193,7,11,1,70.34,2.2937,30.9044
39,61.19,1.668,4.75,1304.8,47.2,34287,15,13,0,66.88,1.1892,12.8821
4,58.98,2.087,5.86,1197.1,38.17,31614,45,1,0,74.27,1.84,10.0648
24,50.54,5.866,6.62,1521.7,44.51,2565,86,13,0,67.75,1.6416,7.6344
4,63.19,2.246,5.14,1381.0,36.17,31426,45,1,0,74.22,1.8017,12.2938
40,66.52,2.548,6.63,1454.3,40.57,39332,23,8,0,69.33,1.594,10.0332
3,69.55,2.267,6.5,1632.4,57.48,50251,40,16,0,67.99,0.8818,10.7
37,73.49,1.707,4.94,1539.2,71.27,14477,91,13,0,67.85,2.0268,14.8765
7,77.29,1.099,6.83,1075.7,49.67,2921,118,6,0,72.05,3.8153,11.3163
23,71.97,2.19,6.19,1350.1,52.63,6567,25,12,0,71.97,2.3632,11.6268
20,72.51,2.571,6.54,971.2,58.35,24529,31,3,0,72.16,2.258,11.0872
19,76.74,1.661,4.28,1353.9,54.54,33988,75,12,0,71.92,1.4636,17.9299
6,67.33,2.041,6.05,1392.2,47.77,28384,71,2,0,69.94,2.5949,11.1289
6,70.75,2.331,6.64,1638.4,23.37,28740,71,2,0,69.73,2.5698,10.6551
23,65.51,1.973,5.73,1316.0,53.49,6198,25,12,0,70.89,2.3288,11.4328
11,62.0,2.578,4.66,1641.0,61.18,39690,84,14,0,69.08,1.1923,13.3047
39,64.43,1.935,2.78,1495.0,48.95,34282,15,13,0,66.83,1.194,23.1763
7,75.05,1.913,6.52,1651.7,68.05,3007,118,6,0,72.46,3.823,11.5107
45,55.81,2.196,5.77,1496.1,54.51,990,30,11,0,68.72,3.0975,9.6724
11,115.81,2.739,3.65,1756.3,105.32,39909,84,14,1,70.88,1.0801,31.7288
47,55.06,2.696,6.03,1522.2,51.26,17901,55,7,0,72.81,3.004,9.131
33,60.74,3.344,5.58,1125.5,40.13,17857,109,0,0,68.26,2.4017,10.8853
17,59.76,5.068,5.95,1409.6,66.07,49200,49,0,0,68.81,2.1845,10.0437
26,79.77,1.775,5.48,1592.0,47.0,12156,95,13,0,70.99,3.3052,14.5566
8,94.43,2.586,1.75,2239.6,67.67,39679,98,4,1,70.49,2.1674,53.96
28,63.91,1.002,5.53,1324.2,65.06,48114,40,2,0,70.67,1.7848,11.557
24,61.23,2.825,7.16,1825.1,47.48,2452,86,13,0,67.98,1.64,8.5517
2,47.46,2.157,4.39,1603.8,36.34,6771,88,17,0,67.32,3.233,10.8109
33,59.92,2.907,4.82,1437.0,68.99,17552,109,0,0,67.39,1.5868,12.4315
45,74.31,2.519,6.99,1309.9,52.13,1215,30,11,0,68.14,2.6938,10.6309
43,68.08,1.764,3.95,1607.2,42.84,22063,106,18,0,69.63,1.2721,17.2354
22,68.37,0.794,4.52,1854.5,49.67,25184,35,6,0,70.78,2.4955,15.1261
19,60.81,2.426,5.06,1745.3,54.35,34014,75,12,0,70.33,1.1837,12.0178
8,70.9,2.433,5.78,1132.7,58.72,39843,98,4,0,70.5,2.1703,12.2664
35,68.27,0.873,4.89,1427.0,41.53,8147,57,10,0,70.61,1.3376,13.9611
2,66.02,1.887,5.84,1460.8,49.55,6722,88,17,0,65.87,1.2559,11.3048
24,74.19,1.57,4.89,1531.5,69.67,2475,86,13,0,68.43,1.6475,15.1718
43,71.56,4.184,4.38,1544.3,46.02,22039,106,18,0,69.68,1.3231,16.3379
29,58.28,1.161,5.5,1223.3,57.59,36688,18,13,0,70.45,3.3521,10.5964
8,55.65,1.206,5.0,1531.8,49.71,39816,98,4,0,70.46,2.1964,11.13
9,53.37,3.3,5.69,1356.4,50.34,28636,28,7,0,67.02,1.232,9.3796
18,60.83,3.346,4.62,987.5,58.17,32790,65,18,0,66.7,5.7214,13.1667
38,58.2,3.43,6.88,1660.6,46.99,28174,81,13,0,68.6,5.6868,8.4593
4,66.07,2.022,6.01,1508.6,52.16,31872,45,1,0,73.75,1.7834,10.9933
45,56.92,2.355,4.69,1347.0,62.21,921,30,11,0,67.77,2.7009,12.1365
34,70.46,1.976,6.48,1656.9,54.15,37024,12,19,0,69.58,1.7012,10.8735
2,64.43,2.005,6.0,1571.7,77.25,7022,88,17,0,65.95,1.2256,10.7383
47,61.11,2.993,6.58,1509.8,59.01,17865,55,7,0,71.93,1.3677,9.2872
25,72.63,1.8,5.91,1355.4,46.79,9156,25,2,0,70.02,1.4522,12.2893
18,57.24,4.454,4.83,1431.8,86.99,33006,65,18,0,66.79,5.7137,11.8509
12,61.87,2.377,5.11,1615.7,48.05,32299,111,6,0,67.44,1.1554,12.1076
40,64.17,2.97,4.85,1460.4,51.15,39404,23,8,0,69.35,1.5402,13.2309
41,61.31,1.221,4.51,1213.2,57.53,16874,22,7,0,69.1,1.1321,13.5942
21,71.62,4.101,5.43,1424.7,54.84,41383,7,11,0,70.75,2.272,13.1897
22,80.02,2.24,4.89,1043.4,47.06,25290,35,6,0,70.69,2.4853,16.364
45,75.73,1.174,4.61,1139.7,54.67,987,30,11,0,67.45,2.694,16.4273
8,66.13,2.853,5.68,1482.6,53.09,39669,98,4,0,69.43,1.774,11.6426
19,53.53,2.333,5.07,1109.1,46.04,33952,75,12,0,69.97,1.1816,10.5582
40,85.74,3.989,4.79,1378.7,106.13,39299,23,8,1,70.01,1.5561,17.8998
11,76.98,3.286,2.37,1779.4,93.31,39685,84,14,1,71.14,1.0541,32.481
20,75.71,2.408,6.0,1235.1,58.56,24742,31,3,0,72.21,2.2648,12.6183
42,65.27,2.932,6.05,1578.8,42.51,5777,63,17,0,68.23,2.7414,10.7884
17,60.24,2.824,5.67,1181.1,76.0,49203,49,0,0,69.21,2.1844,10.6243
36,66.32,2.14,7.84,1313.1,41.31,32690,32,13,0,70.96,1.4662,8.4592
31,64.1,1.859,4.56,1002.0,49.3,8186,56,3,0,66.52,1.6196,14.057
16,100.02,7.378,4.23,1186.9,120.68,3080,83,12,1,69.93,2.234,23.6454
32,71.08,1.973,4.91,1398.6,45.0,25895,56,0,0,70.41,0.9409,14.4766
36,68.91,5.289,6.89,1604.3,53.17,32561,32,13,0,70.47,1.5219,10.0015
45,66.96,1.499,5.73,1795.8,50.52,1340,30,11,0,67.15,2.7186,11.6859
13,70.65,0.607,5.3,1633.5,50.74,46729,72,9,0,71.65,1.3329,13.3302
14,74.36,3.37,4.68,1464.0,64.6,32817,41,2,0,74.22,2.6019,15.8889
4,66.32,2.902,4.84,1601.8,68.99,31683,45,1,0,73.51,1.7546,13.7025
45,83.07,3.14,3.71,1523.3,54.21,1031,30,11,1,67.53,2.7177,22.3908
46,64.52,1.739,5.33,1392.1,48.57,11217,19,9,0,66.66,1.8938,12.1051
18,68.32,1.517,5.38,1488.0,60.92,32815,65,18,0,67.15,5.7335,12.6989
12,69.05,1.5,4.4,1580.0,38.72,32389,111,6,0,67.35,1.167,15.6932
50,63.42,2.279,4.72,1532.1,40.23,22093,21,3,0,69.68,1.8815,13.4364
35,65.99,1.026,4.64,1440.9,59.15,8447,57,10,0,71.14,1.3618,14.222
34,75.92,2.05,6.11,1399.7,54.76,36773,12,19,0,69.61,1.6693,12.4255
12,62.89,3.472,5.61,1613.2,36.9,32496,111,6,0,67.68,1.1814,11.2103
13,66.35,1.862,3.76,1487.7,59.93,47130,72,9,0,69.61,1.3127,17.6463
24,99.84,5.469,4.16,1492.8,88.93,2595,86,13,1,70.14,1.7375,24.0
31,57.29,2.985,4.63,1211.9,52.24,8368,56,3,0,65.91,1.597,12.3737
7,61.16,2.334,5.23,1657.3,62.87,2939,118,6,0,72.17,3.7976,11.6941
39,62.72,3.322,6.54,1405.2,59.31,34172,15,13,0,67.08,1.1994,9.5902
46,69.38,1.649,6.75,1463.6,62.82,11469,19,9,0,66.98,1.9129,10.2785
22,69.94,4.289,6.52,1497.7,75.09,24977,35,6,0,70.87,2.5059,10.727
24,74.6,2.192,4.79,1102.9,72.31,2220,86,13,0,70.25,1.7369,15.5741
47,67.18,0.975,7.07,1711.3,72.71,18000,55,7,0,71.93,1.4026,9.5021
6,63.7,2.193,5.42,1205.8,54.24,28593,71,2,0,69.29,2.5574,11.7528
1,58.49,2.482,5.53,1513.7,51.32,2714,74,9,0,71.02,1.7088,10.5769
9,55.96,1.672,5.35,1812.2,60.44,28866,28,7,0,66.38,1.2219,10.4598
30,70.88,1.849,4.95,886.5,48.74,30821,90,2,0,67.46,3.1658,14.3192
33,55.75,3.602,5.21,1460.8,56.61,17776,109,0,0,67.08,1.5862,10.7006
29,66.85,2.989,5.14,1299.3,62.25,36814,18,13,0,69.79,3.326,13.0058
49,69.69,1.587,4.64,1159.9,68.39,34854,62,5,0,70.59,1.3545,15.0194
24,73.13,4.866,4.76,1320.4,69.76,2439,86,13,0,70.73,1.7592,15.3634
8,75.91,3.245,6.08,1523.3,43.87,39829,98,4,0,69.33,1.7552,12.4852
34,71.18,0.972,5.41,1288.7,62.75,36851,12,19,0,69.51,1.6999,13.1571
39,62.9,2.624,6.23,1343.4,40.85,34170,15,13,0,66.55,1.1609,10.0963
34,84.84,3.224,4.46,1383.4,33.84,37112,12,19,0,70.3,1.705,19.0224
43,82.25,6.486,3.01,1336.2,103.34,22451,106,18,1,70.82,1.5539,27.3256
38,60.75,2.368,6.73,1045.9,48.94,28588,81,13,0,68.4,5.7048,9.0267
25,67.39,1.193,6.4,1352.9,48.36,9059,25,2,0,70.17,1.4918,10.5297
23,66.74,1.232,5.4,1898.9,66.23,6632,25,12,0,70.67,2.3473,12.3593
38,90.0,18.298,4.26,2087.6,95.06,28163,81,13,1,69.52,6.3517,21.1268
5,76.55,2.383,4.2,1273.8,48.62,31592,49,5,0,70.37,2.5703,18.2262
35,68.26,1.93,4.93,1471.1,54.58,8130,57,10,0,71.76,1.3595,13.8458
12,84.63,5.636,5.5,1597.8,52.4,32201,111,6,0,68.24,1.3469,15.3873
45,78.21,5.009,5.05,1308.6,54.03,1292,30,11,0,68.66,2.7362,15.4871
29,66.88,5.118,5.17,1765.3,42.6,36666,18,13,0,70.02,3.3171,12.9362
37,49.73,2.261,4.71,1254.8,76.41,14342,91,13,0,67.01,2.0097,10.5584
28,81.98,4.583,3.73,2669.0,60.03,48101,40,2,1,71.77,1.7836,21.9786
49,57.0,3.266,7.78,1450.0,68.8,35207,62,5,0,70.15,1.3523,7.3265
18,67.97,5.191,4.77,1498.8,59.32,32802,65,18,0,67.74,5.7137,14.2495
14,63.2,1.375,5.85,1859.7,46.25,33161,41,2,0,73.72,2.6375,10.8034
46,61.13,2.077,4.77,1667.3,62.75,11183,19,9,0,66.3,1.9235,12.8155
27,71.94,1.328,5.47,1368.2,64.68,2058,52,16,0,73.11,3.3582,13.1517
17,60.8,3.523,6.52,1111.4,53.6,49164,49,0,0,68.77,2.1832,9.3252
22,77.52,1.877,5.34,1732.4,72.77,25105,35,6,0,71.69,2.5126,14.5169
6,73.46,3.448,4.89,1745.5,49.77,28502,71,2,0,69.01,2.5568,15.0225
14,70.66,5.189,5.43,1677.5,55.65,33200,41,2,0,73.45,2.6276,13.0129
43,92.79,14.815,4.97,1625.0,84.32,22231,106,18,1,71.91,2.9211,18.67
40,104.24,5.912,4.77,1664.3,78.43,39039,23,8,1,72.04,1.6659,21.8532
49,65.79,2.715,6.06,1581.0,52.15,34877,62,5,0,70.07,1.3493,10.8564
6,67.16,2.147,5.82,1601.1,48.91,28429,71,2,0,68.07,2.5602,11.5395
45,60.4,1.314,5.94,1100.3,69.61,1237,30,11,0,67.98,2.7654,10.1684
17,73.18,10.42,3.42,1824.1,74.43,48722,49,0,1,68.24,2.6265,21.3977
9,60.09,1.618,5.27,1242.7,54.87,28850,28,7,0,65.96,1.2195,11.4023
5,67.13,1.136,5.86,1601.3,72.03,31392,49,5,0,70.29,2.5722,11.4556
42,74.08,4.01,5.27,1426.0,59.1,5694,63,17,0,68.49,2.7452,14.0569
45,69.45,3.128,4.48,1470.8,46.15,1121,30,11,0,68.27,2.7503,15.5022
45,77.53,3.256,4.49,1647.5,53.16,1305,30,11,0,68.39,2.7458,17.2673
33,76.95,1.523,5.68,1339.9,52.66,17763,109,0,0,67.56,1.6031,13.5475
31,75.53,2.811,5.36,1537.9,57.01,8311,56,3,0,66.47,1.5899,14.0914
17,62.04,3.756,5.74,1705.6,53.5,49053,49,0,0,67.96,2.6183,10.8084
47,71.14,1.147,4.17,1502.5,55.19,17921,55,7,0,72.08,1.4333,17.06
3,74.8,2.102,5.48,1366.2,39.5,50124,40,16,0,68.33,0.8794,13.6496
49,99.75,12.639,2.88,1836.9,109.78,34997,62,5,1,71.1,2.4608,34.6354
50,82.24,3.26,5.95,1649.8,39.22,22268,21,3,0,70.33,1.8774,13.8218
22,62.68,2.086,4.78,1521.9,38.43,25195,35,6,0,71.46,2.48,13.113
29,64.3,2.421,4.72,1573.9,55.85,36907,18,13,0,69.78,3.2879,13.6229
40,76.97,9.332,4.04,1820.7,81.67,39257,23,8,1,72.28,2.0875,19.052
22,82.49,4.397,5.97,1520.3,77.3,24885,35,6,1,70.49,2.4972,13.8174
40,69.34,1.504,5.34,1398.3,90.42,39125,23,8,0,72.71,2.1178,12.985
19,66.73,1.858,6.09,1413.5,62.02,34325,75,12,0,70.54,1.1426,10.9573
20,66.62,3.643,3.98,1478.4,38.07,24977,31,3,0,72.18,2.257,16.7387
22,71.14,1.791,5.39,1195.8,75.51,25212,35,6,0,69.95,2.5057,13.1985
24,71.73,4.258,5.33,1413.0,54.7,2240,86,13,0,70.75,1.7744,13.4578
35,60.67,1.68,4.26,1441.5,43.35,8183,57,10,0,70.78,1.3656,14.2418
21,104.85,12.277,3.87,1613.9,81.17,41426,7,11,1,72.51,2.9252,27.093
15,67.38,1.858,5.46,1235.2,36.75,12499,110,16,0,72.95,5.0735,12.3407
46,64.84,3.107,5.19,1664.3,46.34,11122,19,9,0,65.9,1.1884,12.4933
7,80.24,3.16,4.59,1528.1,37.98,2648,118,6,0,72.5,3.7928,17.4815
30,64.7,1.715,6.01,1423.0,63.76,30787,90,2,0,66.96,3.1665,10.7654
33,77.22,4.792,4.32,1580.6,72.68,17633,109,0,0,66.82,1.1937,17.875
30,81.63,3.102,5.15,1374.0,64.98,30645,90,2,0,68.11,3.1646,15.8505
20,57.51,2.082,5.78,1720.3,52.51,24574,31,3,0,70.99,2.0998,9.9498
46,80.87,2.374,5.46,1433.6,62.03,11059,19,9,0,66.54,1.1902,14.8114
14,62.45,2.056,5.94,1092.7,63.53,32800,41,2,0,73.59,2.6473,10.5135
17,77.5,2.475,4.51,1563.5,74.33,48907,49,0,0,68.41,2.6118,17.184
16,57.87,3.241,3.67,1322.3,53.66,3193,83,12,0,69.7,2.2277,15.7684
45,83.43,5.092,5.25,1200.0,50.09,1373,30,11,0,68.74,2.7609,15.8914
2,66.14,2.008,5.47,1056.1,60.04,7026,88,17,0,65.71,1.2229,12.0914
13,63.84,1.574,4.18,1671.2,45.87,46707,72,9,0,68.26,1.3043,15.2727
11,75.22,1.553,5.09,1691.3,46.95,39925,84,14,0,71.56,1.0744,14.778
47,73.47,2.219,7.52,1621.7,70.11,18094,55,7,0,72.25,1.3898,9.7699
20,69.38,2.072,4.49,1793.7,48.92,24825,31,3,0,70.75,2.0962,15.4521
2,60.71,2.656,6.2,1379.7,70.84,6878,88,17,0,64.84,1.2141,9.7919
40,65.2,3.343,5.93,1218.2,47.58,39011,23,8,0,72.76,2.1133,10.9949
17,58.18,1.333,6.17,1688.8,58.63,48861,49,0,0,68.29,2.613,9.4295
45,57.93,7.81,5.96,1400.3,51.41,1002,30,11,0,68.88,2.9004,9.7198
48,73.55,1.385,6.54,1573.3,35.55,29880,115,7,0,74.36,2.4318,11.2462
36,67.01,2.922,5.21,1362.6,77.9,32642,32,13,0,70.19,1.5216,12.8618
16,74.87,1.855,5.92,1400.0,67.68,3072,83,12,0,70.25,2.2152,12.647
1,75.59,3.015,6.72,1489.3,47.84,2366,74,9,0,70.68,1.654,11.2485
22,105.38,8.6,2.58,1257.3,77.24,24929,35,6,1,71.29,2.7552,40.845
17,89.91,9.812,3.56,1452.7,85.39,49096,49,0,1,69.63,2.9497,25.2556
31,76.48,4.171,5.42,1533.1,43.45,8150,56,3,0,67.03,1.6117,14.1107
36,59.93,1.033,6.47,1439.7,32.34,32292,32,13,0,69.38,1.552,9.2628
8,54.51,1.978,4.93,1366.8,62.85,39611,98,4,0,68.52,1.7606,11.0568
41,62.17,1.236,6.4,1221.1,82.43,16969,22,7,0,68.98,1.1762,9.7141
43,64.78,1.269,4.13,1374.2,48.14,22429,106,18,0,71.33,2.9407,15.6852
47,60.46,2.196,6.65,1460.3,43.98,17801,55,7,0,72.1,1.3855,9.0917
19,77.31,1.823,5.22,1641.9,92.51,34036,75,12,0,71.11,1.1459,14.8103
11,80.3,2.164,6.52,1532.2,50.24,39776,84,14,0,72.07,1.0731,12.316
19,78.88,3.008,5.7,1504.4,46.81,34194,75,12,0,71.8,1.097,13.8386
46,109.26,6.107,2.72,1240.5,65.48,11495,19,9,1,68.05,1.165,40.1691
37,73.53,2.339,5.02,1983.0,57.69,14527,91,13,0,67.55,2.0115,14.6474
8,61.06,0.98,6.04,1386.8,65.3,39743,98,4,0,68.23,1.7551,10.1093
7,71.34,3.436,4.98,1233.5,43.39,2633,118,6,0,72.82,3.2305,14.3253
19,62.64,3.794,4.22,1350.7,48.64,34356,75,12,0,71.88,1.1248,14.8436
42,63.77,3.436,5.1,1330.4,53.52,5859,63,17,0,68.88,2.7418,12.5039
5,62.17,2.013,6.62,1466.7,24.65,31312,49,5,0,69.89,2.5705,9.3912
22,80.61,2.502,4.9,952.3,27.39,25005,35,6,0,71.64,2.7465,16.451
40,65.12,2.694,5.82,1331.3,69.63,39250,23,8,0,72.75,2.0702,11.189
10,69.96,2.828,5.49,1357.8,35.59,30888,81,9,0,73.42,1.554,12.7432
10,114.83,9.419,3.26,1204.0,75.76,31374,81,9,1,74.96,2.0758,35.2239
36,66.79,1.284,5.66,1289.5,72.82,32468,32,13,0,69.13,1.561,11.8004
15,61.98,2.264,4.46,1555.4,46.0,12675,110,16,0,72.7,5.0484,13.8969
24,64.88,1.596,4.61,1221.1,57.26,2649,86,13,0,70.34,1.7881,14.0738
45,81.55,1.761,6.02,1648.5,51.83,1043,30,11,0,69.53,2.9062,13.5465
47,73.25,2.717,5.36,1578.1,77.27,17817,55,7,0,71.58,1.3637,13.666
24,48.68,2.094,5.37,1642.1,60.35,2205,86,13,0,69.34,1.7539,9.0652
17,68.16,1.076,5.43,1488.5,68.24,49017,49,0,0,70.21,2.9625,12.5525
23,44.45,2.088,4.12,1401.5,80.06,6304,25,12,0,70.07,2.3504,10.7888
37,63.64,2.123,6.43,1402.0,68.16,14705,91,13,0,67.42,2.001,9.8974
12,82.5,6.565,5.1,1590.4,94.97,32479,111,6,1,68.76,1.5665,16.1765
16,57.34,4.328,6.21,1467.6,55.31,3257,83,12,0,69.67,2.2304,9.2335
38,64.01,1.078,4.39,1114.4,53.35,28625,81,13,0,69.27,6.3812,14.5809
8,76.83,1.796,6.6,1512.0,47.1,39884,98,4,0,68.99,1.7457,11.6409
24,69.51,1.815,4.13,1194.5,53.42,2540,86,13,0,68.99,1.7375,16.8305
47,71.98,2.464,4.84,1567.8,40.26,18035,55,7,0,72.13,1.361,14.8719
21,68.96,2.252,6.73,1338.6,52.74,41375,7,11,0,70.95,2.936,10.2467
29,72.5,4.224,5.17,1719.2,39.52,37039,18,13,0,70.1,3.2926,14.0232
45,67.92,3.244,5.58,1452.4,50.84,1304,30,11,0,69.7,2.906,12.172
13,67.13,2.067,4.64,1712.0,63.91,46920,72,9,0,68.22,1.2818,14.4677
47,87.14,3.178,3.54,1559.6,81.28,17818,55,7,1,72.82,1.3592,24.6158
32,73.25,1.845,7.09,1715.2,51.68,26306,56,0,0,70.85,0.9371,10.3315
45,68.45,6.697,4.85,1365.6,59.55,1139,30,11,0,69.4,2.9741,14.1134
5,68.01,3.267,5.38,1601.1,47.38,31563,49,5,0,70.45,2.5521,12.6413
29,72.33,2.002,6.29,1013.6,85.54,36678,18,13,0,70.46,3.2945,11.4992
5,101.08,4.677,4.06,1265.6,72.07,31576,49,5,1,71.25,2.5597,24.8966
3,81.62,9.854,4.01,1544.3,82.62,50383,40,16,1,69.32,1.7344,20.3541
20,69.8,7.382,2.06,1580.4,123.61,24752,31,3,1,71.0,2.2517,33.8835
46,55.25,2.741,5.3,1571.0,62.72,11508,19,9,0,67.27,1.1255,10.4245
45,80.81,3.32,6.74,1101.9,88.76,1168,30,11,1,70.27,2.9751,11.9896
25,59.37,3.279,5.32,1579.8,40.41,9091,25,2,0,69.64,1.4435,11.1598
27,65.49,4.385,6.0,1989.7,62.94,2267,52,16,0,71.48,1.8034,10.915
2,74.27,1.33,5.58,1027.9,52.27,6631,88,17,0,64.88,1.2209,13.31
33,79.19,2.789,5.09,1230.4,49.29,17551,109,0,0,66.85,1.1649,15.558
40,71.04,3.795,4.66,1795.4,61.16,39363,23,8,0,73.04,2.061,15.2446
9,75.29,0.735,6.33,1209.8,62.29,28679,28,7,0,66.47,1.1811,11.8942
44,87.04,1.217,6.3,1185.5,68.05,15406,41,3,0,68.28,1.5709,13.8159
46,68.32,3.232,6.42,1391.0,32.87,11370,19,9,0,67.24,1.1259,10.6417
13,70.82,1.943,5.24,1264.1,61.57,46780,72,9,0,68.23,1.2636,13.5153
27,85.67,2.748,6.32,1433.1,44.82,2270,52,16,0,71.69,1.7926,13.5554
7,75.49,2.462,5.48,1344.4,56.83,2718,118,6,0,73.7,3.2223,13.7755
19,78.67,2.202,5.34,1545.1,59.98,34025,75,12,0,72.1,1.1281,14.7322
15,69.95,3.343,5.56,1184.2,74.44,12838,110,16,0,72.94,4.9986,12.5809
28,75.95,2.192,4.47,1333.0,61.07,48088,40,2,0,72.26,1.7852,16.9911
37,59.26,3.917,5.97,1388.1,48.41,14315,91,13,0,67.17,1.9923,9.9263
42,70.97,1.271,5.35,1432.6,43.94,5795,63,17,0,69.43,2.7333,13.2654
7,61.84,2.328,5.95,1305.5,56.25,2815,118,6,0,71.72,1.8501,10.3933
14,68.5,4.484,5.46,1528.4,61.45,33159,41,2,0,73.32,2.6091,12.5458
13,71.99,3.611,3.09,1555.0,32.04,46883,72,9,0,68.41,1.2862,23.2977
16,69.55,1.76,4.8,1132.0,61.86,3253,83,12,0,69.93,2.2192,14.4896
16,58.3,1.799,5.83,1775.6,63.04,3383,83,12,0,69.65,2.235,10.0
41,48.94,1.968,4.91,1343.4,40.93,16959,22,7,0,68.14,1.1567,9.9674
15,84.93,3.822,4.69,1463.9,73.74,12825,110,16,0,73.32,4.9847,18.1087
44,78.86,1.385,6.22,1316.8,69.48,15532,41,3,0,68.92,1.5789,12.6785
30,68.19,4.208,6.48,1275.7,59.33,31003,90,2,0,68.49,3.174,10.5231
8,75.43,0.992,5.71,1718.5,60.85,39622,98,4,0,69.86,1.7641,13.2102
28,44.99,3.673,5.16,1740.3,37.3,47788,40,2,0,72.14,1.7887,8.719
7,60.28,0.929,5.38,1766.0,68.29,3004,118,6,0,71.27,1.876,11.2045
17,67.93,1.196,4.88,1673.6,45.17,48756,49,0,0,69.44,2.5523,13.9201
21,63.24,1.44,4.94,1526.5,32.1,41544,7,11,0,70.78,2.9223,12.8016
23,72.7,6.086,6.46,1437.8,59.71,6222,25,12,0,70.12,2.4457,11.2539
38,105.55,3.318,3.56,1097.8,67.27,28280,81,13,1,70.4,3.769,29.6489
23,67.71,0.995,6.01,1483.3,48.25,6192,25,12,0,69.81,2.4513,11.2662
46,64.75,2.24,4.26,1170.6,44.02,11385,19,9,0,67.12,1.1297,15.1995
23,53.95,4.384,5.12,1551.7,42.19,6331,25,12,0,69.0,2.4036,10.5371
46,78.25,1.866,4.23,1497.7,63.56,11234,19,9,0,66.78,1.1238,18.4988
11,55.22,2.839,5.63,1648.2,52.09,39686,84,14,0,71.44,1.0719,9.8082
15,74.77,4.738,4.59,1797.9,55.05,12679,110,16,0,73.4,4.9228,16.2898
40,78.39,0.638,5.69,1332.7,44.99,38993,23,8,0,73.68,2.1015,13.7768
10,58.03,1.596,6.3,915.5,38.61,31369,81,9,0,74.76,2.0488,9.2111
18,69.8,1.818,5.6,1299.8,43.87,32882,65,18,0,68.22,5.7198,12.4643
44,101.85,5.891,3.35,1844.3,101.0,15435,41,3,1,69.61,1.7096,30.403
26,74.9,2.342,4.86,1475.6,55.29,11727,95,13,0,71.21,3.3013,15.4115
16,63.74,3.334,5.16,1362.3,49.36,3148,83,12,0,69.33,2.1987,12.3527
39,73.49,1.75,6.91,1924.7,56.57,34182,15,13,0,66.67,1.1489,10.6353
8,67.36,4.194,6.07,1610.1,50.28,39573,98,4,0,70.28,1.789,11.0972
25,60.08,4.036,5.77,1635.6,48.44,8989,25,2,0,69.34,1.4663,10.4125
12,57.07,1.197,5.73,1652.1,60.74,32472,111,6,0,68.48,1.5871,9.9599
49,72.88,2.385,5.01,1429.5,61.12,34869,62,5,0,71.08,2.4318,14.5469
2,81.23,2.203,6.36,1370.0,41.28,7047,88,17,0,65.78,1.2123,12.772
15,66.05,3.014,6.13,1770.5,46.14,12691,110,16,0,73.07,4.9038,10.7749
43,66.23,1.019,5.83,1614.0,55.21,22084,106,18,0,71.16,2.9693,11.3602
16,70.33,1.535,6.06,1532.3,41.5,3364,83,12,0,69.25,2.2157,11.6056
44,67.22,1.476,5.08,1281.4,49.51,15499,41,3,0,70.28,1.7203,13.2323
28,69.85,1.842,4.5,1383.4,21.17,47905,40,2,0,70.67,1.2523,15.5222
44,73.75,2.546,7.02,1348.6,33.29,15303,41,3,0,70.94,1.7068,10.5057
9,64.85,4.026,5.25,1479.4,72.58,28784,28,7,0,66.7,1.2043,12.3524
4,76.88,4.083,3.89,1331.4,67.16,31847,45,1,1,73.73,1.7647,19.7635
33,55.15,2.382,5.27,1423.3,47.65,17472,109,0,0,66.79,1.1613,10.4649
38,70.24,1.274,6.28,1730.2,49.54,28161,81,13,0,69.93,3.7709,11.1847
28,69.61,3.012,5.04,1132.9,54.55,47669,40,2,0,71.21,1.2043,13.8115
11,58.68,2.356,5.1,1642.3,75.72,39704,84,14,0,71.33,1.0623,11.5059
47,69.15,2.181,4.18,1133.8,54.65,17678,55,7,0,72.8,1.3514,16.5431
11,66.87,3.536,6.21,1286.9,49.33,39666,84,14,0,71.41,1.0606,10.7681
31,61.41,4.156,6.88,1226.9,58.68,8245,56,3,0,66.45,1.6194,8.9259
19,68.12,3.055,6.63,1584.3,76.76,34302,75,12,0,72.08,1.0739,10.2745
37,59.44,1.658,4.66,1718.8,47.5,14355,91,13,0,66.79,1.9847,12.7554
20,71.24,2.571,5.19,1165.2,43.26,24686,31,3,0,71.51,2.2533,13.7264
45,68.65,1.768,4.71,1629.8,53.59,1379,30,11,0,70.37,2.9733,14.5754
4,62.97,1.126,4.82,1392.7,46.58,31641,45,1,0,73.27,1.7967,13.0643
50,56.13,1.348,6.2,1255.1,73.26,22317,21,3,0,69.33,1.8808,9.0532
28,64.52,2.79,4.88,1733.6,58.05,47986,40,2,0,70.96,1.2043,13.2213
14,68.46,3.795,5.02,1614.2,47.26,32991,41,2,0,72.9,2.554,13.6375
19,71.58,6.248,4.34,1491.4,59.07,33865,75,12,0,72.41,1.3114,16.4931
38,73.68,1.347,4.41,1380.5,53.7,28261,81,13,0,70.04,3.7888,16.7075
41,68.78,0.38,5.85,1295.5,69.43,16831,22,7,0,68.38,1.2461,11.7573
50,60.82,2.478,5.93,1769.1,54.63,22101,21,3,0,68.82,1.878,10.2563
41,65.74,2.42,6.01,1495.0,58.22,16711,22,7,0,67.73,1.1883,10.9384
32,63.33,1.643,5.38,1400.5,38.75,26199,56,0,0,70.75,0.9211,11.7714
40,69.73,3.737,6.37,1174.5,51.93,39084,23,8,0,73.44,2.0876,10.9466
43,60.32,4.159,5.33,1581.1,70.83,22325,106,18,0,70.22,2.9783,11.3171
3,53.92,1.8,5.72,1159.3,44.26,50200,40,16,0,68.86,1.746,9.4266
47,75.96,5.082,6.46,1131.2,44.27,18091,55,7,0,73.13,1.386,11.7585
44,80.46,1.351,4.48,1235.0,65.45,15292,41,3,0,71.58,1.7109,17.9598
22,61.2,1.939,5.77,1395.5,49.92,24917,35,6,0,71.34,2.751,10.6066
31,72.17,1.93,5.24,1816.3,65.38,8387,56,3,0,67.65,1.5168,13.7729
47,73.58,1.322,5.65,1590.2,46.1,17835,55,7,0,73.16,1.4111,13.023
47,79.82,2.857,5.31,1064.9,51.99,17873,55,7,0,73.7,1.2811,15.032
30,54.83,1.883,7.02,1831.9,46.12,31066,90,2,0,67.43,3.1717,7.8105
41,76.99,2.784,6.77,1506.4,41.49,16660,22,7,0,68.67,1.173,11.3722
47,78.53,3.122,4.52,1373.7,48.69,17887,55,7,0,73.02,1.2575,17.3739
19,50.78,3.36,4.97,1584.8,65.73,34006,75,12,0,71.16,1.2545,10.2173
37,61.5,1.841,5.61,1204.7,46.03,14538,91,13,0,66.62,1.9807,10.9626
24,74.36,2.744,5.6,1373.5,71.92,2213,86,13,0,69.39,1.7327,13.2786
3,77.21,3.667,4.92,1570.6,52.81,50221,40,16,0,69.17,1.7547,15.6931
21,80.13,2.443,4.33,1636.6,53.72,41498,7,11,0,71.37,2.8891,18.5058
17,74.31,1.067,5.38,1450.7,56.48,49162,49,0,0,69.09,2.5408,13.8123
15,58.39,1.672,4.58,1469.4,57.77,12529,110,16,0,72.11,4.8818,12.7489
48,70.82,1.615,7.18,1576.5,71.47,29909,115,7,0,74.26,2.4532,9.8635
4,68.31,1.707,4.2,1090.8,82.35,31711,45,1,0,73.3,1.7958,16.2643
29,67.88,0.839,6.71,1719.1,58.68,37049,18,13,0,70.4,3.3263,10.1162
48,63.75,2.218,5.01,1444.3,65.28,29757,115,7,0,73.81,2.4513,12.7246
45,73.87,0.835,5.2,1191.6,68.68,1287,30,11,0,70.55,3.0218,14.2058
42,64.09,1.141,3.96,1200.5,32.29,5584,63,17,0,68.9,2.7545,16.1843
37,68.53,3.256,4.7,1533.3,61.41,14673,91,13,0,66.42,1.9723,14.5809
16,80.01,1.061,6.51,1502.8,56.49,3416,83,12,0,69.84,2.2289,12.2903
25,83.71,9.12,3.98,1482.4,88.34,9160,25,2,1,70.05,1.9194,21.0327
43,63.49,1.746,5.99,1279.9,76.71,22488,106,18,0,69.51,2.904,10.5993
39,72.85,4.936,5.34,1272.2,56.67,34318,15,13,0,66.78,1.2229,13.6423
48,72.14,2.547,6.19,1176.9,52.46,29991,115,7,0,73.48,2.4145,11.6543
29,70.56,2.269,5.07,1525.8,30.64,37057,18,13,0,70.48,3.3216,13.9172
29,73.55,1.502,4.49,1417.0,62.43,37143,18,13,0,70.49,3.3211,16.3808
18,63.58,3.024,5.6,1326.1,68.07,33013,65,18,0,68.28,5.7224,11.3536
9,69.14,2.525,6.05,1549.9,62.41,28853,28,7,0,66.46,1.1985,11.4281
15,75.22,7.195,3.93,1025.3,99.69,12647,110,16,1,71.59,4.9013,19.1399
40,91.52,1.522,3.33,1914.9,88.55,39323,23,8,1,74.47,2.1008,27.4835
31,75.04,1.728,5.0,1328.7,51.9,8208,56,3,0,68.22,1.5274,15.008
12,82.78,2.594,4.9,1618.1,49.18,32433,111,6,0,69.0,1.5732,16.8939
13,73.64,1.975,6.32,1754.7,56.09,46739,72,9,0,68.33,1.2861,11.6519
20,66.68,2.008,4.68,1641.9,50.13,24897,31,3,0,71.79,2.2584,14.2479
9,59.31,2.241,6.36,1293.6,34.52,28535,28,7,0,66.53,1.1451,9.3255
26,64.73,4.163,5.35,1552.8,25.31,12091,95,13,0,71.36,3.3008,12.0991
23,82.61,2.083,6.52,1343.7,36.07,6463,25,12,0,69.59,2.3734,12.6702
22,68.14,8.174,4.34,988.6,59.43,25327,35,6,0,71.96,2.9441,15.7005
37,48.23,1.184,4.76,1466.5,62.37,14290,91,13,0,65.27,1.9843,10.1324
45,74.29,4.529,5.66,1317.8,57.12,957,30,11,0,70.94,3.0075,13.1254
13,70.96,1.646,6.45,1395.6,58.96,46792,72,9,0,68.94,1.2784,11.0016
24,63.87,1.197,4.29,1676.5,59.75,2567,86,13,0,69.15,1.697,14.8881
42,69.95,3.624,4.37,1415.3,31.17,5968,63,17,0,68.83,2.7232,16.0069
32,65.83,3.091,4.73,1126.4,39.67,26288,56,0,0,70.39,0.9214,13.9175
37,78.76,2.689,5.26,1727.6,55.9,14747,91,13,0,65.86,1.9495,14.9734
33,83.94,4.761,4.93,1270.4,75.37,17550,109,0,1,67.7,1.1768,17.0264
18,69.26,2.8,6.51,1523.1,67.22,33108,65,18,0,67.89,5.6993,10.639
17,88.12,2.248,4.28,981.0,85.17,49076,49,0,1,69.8,2.5198,20.5888
37,69.94,4.57,5.32,1152.0,65.37,14768,91,13,0,65.7,1.9755,13.1466
50,65.13,5.538,7.05,1213.8,59.32,22139,21,3,0,69.19,1.9123,9.2383
17,78.74,3.718,4.68,1583.6,48.33,49062,49,0,0,69.88,2.5203,16.8248
49,57.78,2.991,4.58,1888.8,67.36,34944,62,5,0,70.54,2.3983,12.6157
45,71.01,4.893,0.74,1544.7,63.98,1339,30,11,1,71.1,3.0047,95.9595
27,64.68,7.042,4.38,1755.2,43.58,2400,52,16,0,71.37,1.9251,14.7671
9,64.8,1.687,5.75,1316.3,44.49,28937,28,7,0,66.63,1.1029,11.2696
22,63.82,2.145,7.48,1330.8,27.96,25123,35,6,0,71.68,2.95,8.5321
34,65.31,2.033,4.37,1318.0,53.3,37088,12,19,0,70.51,1.6785,14.9451
24,55.57,1.09,6.6,1587.8,68.71,2182,86,13,0,68.29,1.6173,8.4197
48,63.16,2.886,6.6,1368.5,51.29,30046,115,7,0,72.71,2.4125,9.5697
10,62.86,3.138,6.18,875.4,68.15,31145,81,9,0,74.33,2.0497,10.1715
24,87.95,6.667,3.91,1358.6,58.82,2600,86,13,1,68.73,1.6257,22.4936
32,58.61,2.243,5.43,1537.9,57.75,25889,56,0,0,70.09,0.9184,10.7937
25,73.28,2.78,4.89,1770.8,46.96,9041,25,2,0,70.17,1.8955,14.9857
39,63.61,3.753,6.15,1540.4,52.37,34380,15,13,0,66.25,1.1985,10.3431
27,79.75,2.411,1.62,1392.7,89.69,1981,52,16,1,72.14,1.8911,49.2284
9,56.45,3.06,5.05,1763.9,55.4,28653,28,7,0,66.25,1.0399,11.1782
31,66.5,2.937,4.29,960.1,63.38,8534,56,3,0,67.96,1.5212,15.5012
9,68.48,0.824,4.88,1846.3,45.94,28730,28,7,0,66.64,1.0542,14.0328
16,77.97,2.895,4.45,1573.0,72.14,3162,83,12,0,69.74,2.2238,17.5213
3,73.47,2.352,5.44,1230.2,44.29,50322,40,16,0,69.33,1.7278,13.5055
1,68.53,1.497,6.24,1903.7,47.98,2664,74,9,0,71.03,1.6749,10.9824
15,78.85,1.059,4.91,1196.1,44.2,12491,110,16,0,70.94,4.9396,16.0591
26,65.79,3.21,5.97,1691.3,55.04,11979,95,13,0,71.92,3.2734,11.0201
32,70.57,1.731,5.7,1487.9,84.49,26170,56,0,0,69.42,0.9176,12.3807
49,75.03,4.951,4.25,1527.9,58.54,35310,62,5,1,70.72,2.4297,17.6541
20,74.82,2.349,6.95,1853.4,52.52,24780,31,3,0,70.63,2.2395,10.7655
7,74.05,1.529,5.18,1341.0,50.2,3010,118,6,0,71.37,1.6904,14.2954
17,70.07,1.398,6.46,1693.8,43.65,48979,49,0,0,70.3,2.5309,10.8467
19,67.51,1.539,5.9,1279.7,63.5,33871,75,12,0,69.98,1.1891,11.4424
28,58.92,1.092,4.46,1223.4,26.66,47647,40,2,0,70.15,1.253,13.2108
1,70.95,1.358,6.39,1529.0,34.69,2635,74,9,0,70.66,1.6807,11.1033
40,63.7,1.749,6.26,1440.3,55.59,39291,23,8,0,74.33,2.1252,10.1757
5,60.75,2.96,5.93,1507.4,44.8,31522,49,5,0,71.31,2.5471,10.2445
31,69.05,10.319,3.36,1052.5,95.14,8505,56,3,1,67.94,2.1661,20.5506
3,60.83,2.663,6.84,1453.0,67.2,50359,40,16,0,69.51,1.7284,8.8933
18,60.78,2.513,7.04,1326.8,18.45,33067,65,18,0,67.87,5.7056,8.6335
29,49.24,2.678,6.0,1237.3,54.94,36898,18,13,0,69.4,3.3233,8.2067
4,92.09,3.487,3.99,645.3,93.36,31772,45,1,1,73.93,1.7982,23.0802
6,78.79,2.275,6.62,1334.3,53.03,28678,71,2,0,68.28,2.5616,11.9018
22,97.51,5.048,2.8,2098.8,88.96,24923,35,6,1,73.08,2.9737,34.825
48,76.76,3.134,5.57,1376.0,72.22,29737,115,7,0,72.85,2.4006,13.781
14,82.46,3.145,4.68,1541.3,55.1,32955,41,2,0,73.69,2.5088,17.6197
16,73.74,2.937,6.2,1641.7,60.59,3399,83,12,0,69.54,2.1599,11.8935
39,72.95,2.018,5.73,1760.4,67.2,34212,15,13,0,66.06,1.1787,12.7312
2,88.58,2.092,4.53,1240.2,57.0,6914,88,17,0,67.0,1.2069,19.5541
19,71.21,1.859,4.32,1508.4,73.57,34150,75,12,0,69.95,1.1494,16.4838
50,68.35,1.19,4.4,1480.3,87.12,22257,21,3,0,69.64,1.9517,15.5341
24,64.09,4.536,6.62,1170.7,57.7,2203,86,13,0,68.47,1.6658,9.6813
36,59.79,0.909,6.64,1614.7,66.72,32285,32,13,0,68.9,1.5927,9.0045
17,68.95,1.612,6.03,1401.2,49.26,49149,49,0,0,70.37,2.5122,11.4345
9,68.81,1.288,4.77,1328.4,50.78,28973,28,7,0,65.28,1.0277,14.4256
41,77.16,1.247,5.26,1362.8,53.47,17060,22,7,0,69.1,1.1884,14.6692
43,63.87,2.826,5.3,1458.6,47.57,22193,106,18,0,69.15,2.9035,12.0509
7,58.06,5.642,4.19,1379.1,65.12,3044,118,6,0,71.13,1.7821,13.8568
3,73.23,1.539,4.99,1182.0,42.58,49948,40,16,0,69.82,1.7469,14.6754
13,76.13,1.563,6.33,1806.4,38.66,47080,72,9,0,69.55,1.2861,12.0269
18,76.56,1.26,5.72,1376.3,72.04,32742,65,18,0,67.36,1.3923,13.3846
26,68.64,8.219,5.5,1345.2,45.54,11769,95,13,0,72.2,3.4099,12.48
15,56.16,1.283,4.72,1468.8,44.32,12735,110,16,0,70.52,4.9757,11.8983
32,52.94,1.875,4.38,1766.6,51.38,26193,56,0,0,68.95,0.8598,12.0868
22,72.25,2.88,2.89,1722.7,61.98,25014,35,6,0,73.69,2.9558,25.0
46,93.53,5.834,1.65,1164.1,78.67,11029,19,9,1,68.3,1.29,56.6848
36,76.21,5.844,5.38,1501.4,60.49,32415,32,13,1,69.35,1.6253,14.1654
2,77.63,2.862,5.61,1409.5,52.76,6737,88,17,0,67.31,1.1556,13.8378
15,65.19,2.929,3.18,1350.5,68.54,12894,110,16,0,70.05,4.9411,20.5
42,53.49,2.276,5.65,1604.8,71.18,5942,63,17,0,68.39,2.7185,9.4673
34,55.42,1.648,4.81,1786.7,47.22,36865,12,19,0,69.87,1.6836,11.5218
22,60.98,2.69,6.25,1277.9,48.6,24984,35,6,0,73.42,2.9157,9.7568
15,86.4,3.348,2.01,1747.1,123.65,12893,110,16,1,71.26,4.7417,42.9851
42,60.76,1.254,5.02,1515.2,68.73,5537,63,17,0,68.36,2.7421,12.1036
5,68.18,2.608,4.83,1328.4,59.77,31157,49,5,0,71.4,2.5329,14.1159
8,73.86,1.117,4.77,1314.5,55.57,39624,98,4,0,70.83,1.8214,15.4843
8,78.54,0.817,6.37,1060.6,61.01,39713,98,4,0,72.1,1.8621,12.3297
32,68.35,2.802,5.33,1341.8,50.18,26012,56,0,0,69.03,0.8428,12.8236
43,105.65,2.604,3.09,1430.2,88.26,22133,106,18,1,70.29,2.893,34.1909
26,72.01,2.962,6.75,1455.9,45.48,11891,95,13,0,72.02,3.3967,10.6681
22,75.31,1.857,5.91,1523.1,60.35,25142,35,6,0,73.35,2.9151,12.7428
30,86.06,5.88,3.34,1056.1,112.97,30898,90,2,1,68.73,3.222,25.7665
34,59.36,1.698,4.44,1739.3,92.99,37207,12,19,0,69.71,1.6845,13.3694
10,63.33,2.608,6.17,1521.2,48.6,31056,81,9,0,74.14,2.0394,10.2642
6,60.59,2.046,5.79,1216.7,45.69,28330,71,2,0,68.44,2.5471,10.4646
21,69.35,2.223,5.79,985.4,49.76,41487,7,11,0,71.33,2.901,11.9775
41,64.09,4.473,4.38,1751.8,81.79,16852,22,7,0,68.88,1.2224,14.6324
47,99.1,7.302,2.36,1229.2,95.53,17787,55,7,1,74.23,1.5825,41.9915
11,74.75,3.941,5.19,1207.6,36.57,39528,84,14,0,71.77,1.0227,14.4027
38,71.66,4.753,4.74,1403.9,46.93,28387,81,13,0,69.91,3.7719,15.1181
40,69.48,1.073,5.46,1431.2,56.43,39116,23,8,0,73.69,2.1685,12.7253
44,59.79,1.026,4.62,1273.1,65.85,15411,41,3,0,71.34,1.4758,12.9416
20,56.2,2.234,2.59,1210.4,49.72,24836,31,3,0,70.78,2.2512,21.6988
45,81.99,1.429,3.72,1314.6,68.42,1198,30,11,0,71.76,3.0087,22.0403
7,62.66,3.341,5.97,1573.8,55.92,2887,118,6,0,70.63,1.7805,10.4958
49,75.26,2.632,5.47,1454.1,77.7,35043,62,5,0,71.04,2.3955,13.7587
9,78.74,2.667,4.71,1371.5,55.77,28516,28,7,0,65.78,0.9198,16.7176
33,68.53,3.397,5.12,1540.9,67.93,17644,109,0,0,68.09,1.1256,13.3848
40,69.41,1.225,4.96,1633.0,59.0,39465,23,8,0,73.87,1.9312,13.994
26,64.64,2.814,6.26,1278.6,53.05,12017,95,13,0,72.45,3.3555,10.3259
27,97.3,8.515,3.26,1275.5,104.39,2387,52,16,1,73.89,2.1781,29.8466
15,83.89,1.343,6.05,1641.7,46.47,12932,110,16,0,70.61,4.7661,13.8661
26,76.23,1.227,4.94,1325.0,43.11,11984,95,13,0,72.46,3.3717,15.4312
30,61.2,2.895,5.22,1255.6,49.04,31056,90,2,0,68.88,3.2198,11.7241
11,73.82,2.608,5.15,1649.5,63.28,39559,84,14,0,72.24,1.0223,14.334
19,75.68,1.987,5.36,1980.4,55.3,34287,75,12,0,70.59,1.1431,14.1194
1,71.97,2.458,5.03,1095.4,64.11,2336,74,9,0,70.6,1.6293,14.3082
15,49.06,4.122,4.48,1549.1,51.45,12721,110,16,0,68.86,1.3718,10.9509
1,69.94,1.989,4.64,1549.8,62.14,2455,74,9,0,70.87,1.6383,15.0733
4,76.14,3.088,4.93,1649.7,55.13,31821,45,1,0,74.32,1.7732,15.4442
37,58.56,2.307,3.69,1475.3,62.01,14718,91,13,0,65.02,1.9785,15.8699
32,102.34,5.346,2.21,1915.2,51.95,26035,56,0,1,70.78,1.0005,46.3077
18,47.6,6.988,5.54,1386.1,52.33,33104,65,18,0,67.17,1.6252,8.5921
11,92.33,23.593,3.39,1445.5,110.13,39744,84,14,1,72.66,4.3792,27.236
38,68.3,2.72,5.92,1291.3,52.25,28326,81,13,0,69.59,3.7738,11.5372
14,71.94,2.062,4.11,1050.7,64.0,33127,41,2,0,73.98,2.5199,17.5036
11,51.08,2.102,5.78,1490.1,59.04,39991,84,14,0,72.08,4.375,8.8374
17,70.76,2.309,5.4,1454.8,43.34,48881,49,0,0,70.31,2.5056,13.1037
50,81.87,1.665,5.54,1484.0,75.38,22310,21,3,0,70.23,1.9695,14.778
39,78.26,3.26,3.98,1347.8,46.76,34106,15,13,0,66.95,1.1871,19.6633
18,79.33,1.775,4.42,1537.5,45.8,33185,65,18,0,66.9,1.4941,17.948
38,66.41,1.27,5.0,1332.1,52.94,28464,81,13,0,69.39,3.8083,13.282
47,79.66,1.614,5.87,1410.4,66.28,17696,55,7,0,74.67,1.5984,13.5707
40,71.57,0.994,4.03,1493.3,52.27,39429,23,8,0,73.93,1.9768,17.7593
31,71.52,1.595,6.16,1403.3,51.53,8139,56,3,0,67.79,2.1581,11.6104
31,68.55,1.782,6.17,1475.4,49.45,8244,56,3,0,67.74,2.1324,11.1102
33,44.71,4.862,5.31,1835.7,36.96,17720,109,0,0,67.37,1.1452,8.42
7,57.19,2.397,6.31,1681.3,38.4,3038,118,6,0,69.89,1.7781,9.0634
42,51.92,4.876,5.64,1254.0,73.42,5966,63,17,0,66.61,2.7612,9.2057
41,66.77,1.18,5.23,1572.9,40.54,17016,22,7,0,68.75,1.2549,12.7667
39,72.76,1.346,6.4,1612.6,63.86,34230,15,13,0,67.44,1.2092,11.3688
12,70.1,3.421,5.96,1374.3,38.21,32650,111,6,0,68.53,1.5526,11.7617
8,65.88,3.797,6.32,1738.7,33.73,39873,98,4,0,71.87,1.8462,10.4241
27,65.55,3.055,5.94,1154.0,62.95,2129,52,16,0,73.78,2.1681,11.0354
33,55.44,2.394,4.85,1521.4,30.26,17790,109,0,0,66.21,1.1043,11.4309
22,66.53,0.795,5.53,1456.0,52.45,25275,35,6,0,72.78,2.9515,12.0307
11,81.11,3.618,2.67,1205.8,72.73,39652,84,14,1,71.94,4.3686,30.3783
18,70.23,5.562,5.41,1505.5,48.64,33062,65,18,0,66.17,1.5953,12.9815
45,70.33,3.436,4.78,1365.9,79.36,1111,30,11,0,72.01,2.9611,14.7134
48,82.86,3.435,6.75,1238.1,69.08,29716,115,7,0,73.41,2.3905,12.2756
24,65.96,1.768,6.31,1617.1,63.13,2252,86,13,0,68.33,1.6372,10.4532
11,57.84,2.043,5.51,1528.6,78.05,39681,84,14,0,71.79,4.3612,10.4973
49,86.54,1.153,6.18,959.6,63.9,34998,62,5,0,71.79,2.3905,14.0032
32,60.85,0.919,4.99,1538.1,60.5,25987,56,0,0,70.15,1.064,12.1944
16,92.01,5.099,0.93,1115.3,115.43,3034,83,12,1,70.26,2.1642,98.9355
38,66.38,2.038,6.31,1496.6,62.53,28585,81,13,0,68.68,3.8135,10.5198
27,67.86,0.92,4.87,1343.8,38.86,2231,52,16,0,73.53,2.1559,13.9343
1,58.5,2.577,4.9,1668.4,67.57,2699,74,9,0,71.08,1.598,11.9388
42,77.36,3.353,6.19,1587.1,64.62,5985,63,17,0,65.8,1.25,12.4976
29,65.38,1.674,4.97,1362.6,58.19,37010,18,13,0,69.09,3.3167,13.1549
30,67.04,2.218,5.09,1419.3,44.07,30954,90,2,0,69.0,3.2242,13.1709
40,82.01,4.045,6.84,1148.6,58.84,39163,23,8,0,73.56,1.9635,11.9898
35,68.5,1.87,6.88,1429.6,47.17,8300,57,10,0,70.65,1.3662,9.9564
43,63.08,3.045,5.5,1472.5,59.62,22197,106,18,0,69.92,2.893,11.4691
40,59.67,2.651,6.53,936.4,62.65,39364,23,8,0,72.35,1.9515,9.1378
17,73.46,1.389,6.36,1280.2,33.24,49176,49,0,0,70.11,2.5016,11.5503
31,67.35,2.357,5.35,1468.5,35.57,8179,56,3,0,67.74,2.1371,12.5888
31,51.37,3.567,6.52,1656.0,30.95,8232,56,3,0,66.5,1.9644,7.8788
12,87.15,5.403,2.72,1389.9,111.81,32402,111,6,1,69.76,1.6302,32.0404
18,65.4,1.479,5.66,1519.5,65.32,32958,65,18,0,66.11,1.6163,11.5548
45,80.81,4.923,5.34,1487.4,61.75,1247,30,11,0,71.26,1.8339,15.133
30,65.33,1.91,7.47,1687.1,57.29,31034,90,2,0,69.42,3.2328,8.7456
47,70.09,2.416,4.63,1823.7,45.12,18042,55,7,0,74.7,1.5979,15.1382
28,65.4,0.557,4.83,1371.4,44.63,47890,40,2,0,69.93,1.3263,13.5404
9,64.47,0.677,5.82,1591.1,42.58,28704,28,7,0,65.81,0.9498,11.0773
31,87.53,0.963,4.8,1391.1,49.93,8512,56,3,0,67.38,1.9933,18.2354
13,67.43,4.037,6.14,1379.4,79.99,47108,72,9,0,69.47,1.313,10.9821
32,81.78,3.162,6.25,1462.6,52.17,25823,56,0,0,71.52,1.0327,13.0848
44,74.01,1.153,6.85,1379.5,56.26,15263,41,3,0,71.86,1.4811,10.8044
31,64.16,2.582,6.63,1325.4,63.03,8552,56,3,0,67.35,1.9889,9.6772
27,49.18,4.383,4.66,1199.3,42.49,2152,52,16,0,73.0,2.1379,10.5536
7,62.15,1.89,6.18,955.6,56.36,2836,118,6,0,69.96,1.7716,10.0566
16,61.83,1.176,4.62,1321.4,39.93,3110,83,12,0,70.32,2.2035,13.3831
7,67.86,2.219,5.55,1789.1,32.82,2838,118,6,0,70.2,1.7639,12.227
50,62.96,2.365,6.93,1446.5,49.66,22166,21,3,0,69.06,1.5996,9.0851
23,73.8,3.134,6.44,1497.7,58.68,6401,25,12,0,69.54,2.3592,11.4596
36,74.65,2.423,5.44,1591.2,71.11,32502,32,13,0,69.69,1.6249,13.7224
23,66.26,2.714,5.28,1384.0,49.19,6196,25,12,0,69.55,2.3434,12.5492
34,71.47,4.907,6.32,1357.1,60.93,37156,12,19,0,69.99,1.7569,11.3085
32,71.6,1.525,2.99,1475.4,111.33,26106,56,0,1,71.81,1.0524,23.9465
39,68.9,1.324,6.09,1298.5,32.11,34393,15,13,0,67.49,1.2286,11.3136
40,71.86,1.8,5.3,1279.3,47.07,39295,23,8,0,72.79,1.9662,13.5585
43,60.44,1.956,7.05,1475.1,31.88,22271,106,18,0,69.4,2.8964,8.573
28,70.46,1.352,4.8,1005.9,62.59,47752,40,2,0,68.38,1.2464,14.6792
41,69.5,1.345,5.13,1765.3,55.55,16836,22,7,0,69.0,1.2739,13.5478
1,71.47,4.376,5.98,1547.8,56.02,2267,74,9,0,70.99,1.5905,11.9515
41,72.6,2.035,5.25,1629.1,48.28,16683,22,7,0,68.99,1.274,13.8286
10,63.19,2.449,4.7,1441.4,71.2,31291,81,9,0,73.06,1.9693,13.4447
21,59.55,2.03,5.82,1402.3,59.6,41264,7,11,0,71.05,2.8964,10.232
2,67.71,1.41,5.04,1371.8,51.33,6800,88,17,0,66.89,1.1688,13.4345
31,76.34,1.388,5.97,1626.1,70.77,8351,56,3,0,67.39,1.9739,12.7873
5,76.53,3.268,3.06,1748.5,65.42,31407,49,5,1,71.92,2.5065,25.0098
7,87.38,1.585,5.49,1563.1,57.54,2777,118,6,0,71.21,1.747,15.9162
3,74.12,8.256,3.7,1674.3,71.59,50282,40,16,1,70.39,2.0661,20.0324
26,79.72,2.211,2.91,1923.1,63.43,11887,95,13,1,72.1,3.3779,27.3952
2,60.4,2.786,5.11,1379.9,68.66,7037,88,17,0,67.05,1.1399,11.82
43,60.13,3.02,5.4,1414.2,46.15,22049,106,18,0,69.19,2.8966,11.1352
36,75.59,1.64,5.19,1639.9,46.96,32430,32,13,0,69.29,1.6318,14.5645
45,71.45,2.932,5.6,1270.3,48.16,1169,30,11,0,72.12,1.7888,12.7589
41,65.07,1.721,6.5,1599.6,59.0,16880,22,7,0,68.71,1.2215,10.0108
16,60.36,1.344,5.39,1053.7,43.56,3102,83,12,0,69.27,1.5024,11.1985
22,60.42,3.142,5.76,1651.3,27.55,25045,35,6,0,72.76,2.9324,10.4896
40,69.8,1.457,3.59,1648.5,68.5,39085,23,8,0,71.39,1.9893,19.4429
39,66.9,1.146,4.43,1312.1,66.31,33933,15,13,0,67.08,1.2321,15.1016
7,60.57,2.181,4.83,1510.4,62.64,2778,118,6,0,70.75,1.7505,12.5404
8,70.55,3.607,6.41,1627.4,49.69,39662,98,4,0,71.92,1.7557,11.0062
5,66.45,2.611,6.89,1325.2,51.08,31356,49,5,0,71.88,2.4879,9.6444
48,86.89,2.82,6.75,1738.2,47.73,29608,115,7,0,74.14,2.3619,12.8726
8,62.54,3.139,6.1,1377.2,56.67,39864,98,4,0,71.23,1.7596,10.2525
48,73.98,2.064,5.44,1491.1,72.46,29601,115,7,0,73.93,2.3773,13.5993
43,64.48,2.379,7.05,1376.3,32.61,22460,106,18,0,68.89,2.8829,9.1461
19,58.0,3.07,6.33,1565.4,61.13,34162,75,12,0,70.64,1.1473,9.1627
20,67.93,2.064,4.03,1441.1,50.99,24841,31,3,0,70.52,2.2657,16.8561
49,58.82,1.05,6.43,1499.3,48.66,35314,62,5,0,71.63,2.4209,9.1477
25,58.99,1.529,4.72,1368.7,72.41,8787,25,2,0,69.87,1.8933,12.4979
39,67.36,4.335,4.93,1670.2,54.16,34378,15,13,0,67.13,1.2893,13.6633
46,84.09,2.942,5.01,1692.6,56.57,11040,19,9,0,68.96,1.2874,16.7844
50,77.23,1.39,5.05,1795.9,71.65,22105,21,3,0,68.94,1.6147,15.2931
36,76.69,2.156,5.95,1386.5,42.56,32588,32,13,0,69.52,1.6328,12.8891
18,52.67,2.259,6.16,1650.2,62.95,32777,65,18,0,65.17,1.5981,8.5503
37,67.24,0.953,4.22,1415.9,43.94,14715,91,13,0,64.67,2.0082,15.9336
9,70.19,2.324,5.91,1414.0,45.55,28639,28,7,0,65.96,0.9498,11.8765
20,62.78,5.8,5.18,1129.0,45.25,24943,31,3,0,70.02,2.2657,12.1197
27,68.67,4.392,5.67,1372.8,50.59,2039,52,16,0,72.76,2.1468,12.1111
28,53.35,3.481,5.89,1500.0,39.61,47829,40,2,0,67.95,1.2307,9.0577
38,70.12,2.453,5.93,1204.2,61.94,28284,81,13,0,69.88,3.8187,11.8246
20,77.45,1.824,5.39,1418.5,49.21,24762,31,3,0,70.08,2.279,14.3692
1,63.41,2.649,6.42,1272.5,51.6,2465,74,9,0,70.26,1.5494,9.8769
4,65.77,1.977,5.33,1495.1,59.49,31914,45,1,0,73.77,1.7499,12.3396
47,61.87,2.219,5.29,1383.7,71.02,18094,55,7,0,74.5,1.5779,11.6957
32,60.93,4.12,5.02,1700.4,66.19,26137,56,0,0,71.58,1.0853,12.1375
42,51.84,1.131,6.24,1383.0,50.52,5534,63,17,0,65.57,1.2565,8.3077
21,61.08,3.642,6.07,1419.1,32.27,41486,7,11,0,71.54,2.8964,10.0626
24,59.09,3.798,4.78,1469.5,59.43,2369,86,13,0,67.88,1.634,12.3619
44,66.44,1.432,7.59,1412.3,50.65,15227,41,3,0,71.48,1.4946,8.7536
47,61.22,2.901,4.81,1541.6,42.6,18141,55,7,0,73.39,1.5784,12.7277
37,66.71,4.607,6.47,1508.1,59.61,14287,91,13,0,64.76,2.0158,10.3107
2,61.03,1.738,4.36,1314.9,50.6,6806,88,17,0,67.17,1.1454,13.9977
9,56.3,2.362,5.35,1204.6,52.46,28644,28,7,0,65.47,0.9489,10.5234
26,65.5,1.694,4.91,1452.0,23.64,11877,95,13,0,71.78,3.3634,13.3401
2,75.35,2.333,6.58,1317.3,70.25,6956,88,17,0,67.58,0.8405,11.4514
20,74.2,5.281,5.39,1567.9,80.75,24767,31,3,0,70.37,2.3079,13.7662
43,71.11,1.587,4.04,1489.1,72.35,22225,106,18,0,68.88,2.8678,17.6015
22,65.03,2.356,5.52,1249.1,52.95,25340,35,6,0,72.98,2.9297,11.7808
21,74.44,1.307,3.49,1430.7,56.09,41380,7,11,0,71.74,2.9007,21.3295
35,68.86,4.684,5.55,1513.8,68.22,8168,57,10,0,70.38,1.4169,12.4072
21,67.98,1.254,6.0,1526.5,47.74,41592,7,11,0,71.64,2.9306,11.33
39,62.98,2.171,4.42,1671.1,47.36,34244,15,13,0,66.8,1.2852,14.2489
41,66.55,3.6,5.59,1548.3,55.04,16683,22,7,0,68.32,1.184,11.9052
43,65.15,1.756,4.61,1408.3,47.82,22142,106,18,0,68.73,2.8543,14.1323
50,72.33,3.834,5.49,1321.8,61.64,22165,21,3,0,68.46,1.1234,13.1749
18,64.72,2.803,4.85,1700.5,58.72,32761,65,18,0,64.96,1.5112,13.3443
30,72.15,3.601,6.45,1867.2,59.95,31086,90,2,0,69.49,3.2194,11.186
5,84.7,1.957,6.63,1193.0,53.68,31386,49,5,0,72.66,2.4933,12.7753
12,77.76,1.774,5.87,1662.7,73.74,32299,111,6,0,70.3,1.6271,13.247
24,101.74,5.16,4.52,1917.2,76.42,2514,86,13,1,69.54,1.6963,22.5088
46,56.47,3.397,6.07,1456.3,66.68,11121,19,9,0,69.08,1.2855,9.3031
49,75.63,1.784,5.28,1489.2,47.95,35147,62,5,0,71.48,2.4295,14.3239
22,73.69,2.245,6.13,1381.3,71.03,25089,35,6,0,73.35,2.9328,12.0212
42,84.59,6.397,4.61,1345.8,48.31,5819,63,17,0,66.54,1.4801,18.3492
27,69.33,2.484,5.82,1621.4,31.12,2172,52,16,0,71.42,2.0914,11.9124
26,64.92,2.52,5.59,1664.1,46.94,11982,95,13,0,71.41,3.3473,11.6136
1,70.76,2.08,6.22,1294.5,45.7,2247,74,9,0,69.86,1.5587,11.3762
14,67.7,2.139,6.42,1098.7,34.42,33207,41,2,0,73.41,2.5335,10.5452
18,67.72,3.082,5.47,1442.8,52.22,32756,65,18,0,64.83,1.4681,12.3803
11,62.51,3.063,5.19,1647.7,57.59,39697,84,14,0,71.17,4.3489,12.0443
16,70.11,3.526,5.19,1442.2,66.87,3204,83,12,0,69.46,1.5092,13.5087
42,76.68,1.477,6.07,1224.0,47.22,5720,63,17,0,67.23,1.4909,12.6326
2,72.81,1.746,3.66,1359.1,67.39,6703,88,17,0,68.21,0.7923,19.8934
10,75.2,2.278,5.19,1639.9,68.8,31104,81,9,0,73.51,1.9638,14.4894
7,67.08,2.285,6.31,1313.8,46.41,2949,118,6,0,71.22,1.7511,10.6307
39,62.89,2.098,5.57,1760.0,54.65,34415,15,13,0,66.76,1.2421,11.2908
40,95.66,10.816,2.58,1519.4,60.09,39349,23,8,1,73.16,2.5454,37.0775
20,59.47,1.311,5.96,1493.7,64.68,24931,31,3,0,69.97,2.3502,9.9782
49,57.19,3.974,5.82,1694.0,62.53,34883,62,5,0,70.97,2.4332,9.8265
33,72.08,2.241,5.65,1303.5,45.95,17534,109,0,0,66.57,1.1089,12.7575
15,71.38,4.046,5.64,1839.6,59.43,12693,110,16,0,68.94,1.3913,12.656
40,69.82,1.867,6.43,1683.7,45.87,39125,23,8,0,73.27,2.5529,10.8585
35,68.58,1.737,6.02,1193.6,66.54,8208,57,10,0,70.27,1.417,11.392
1,69.36,1.665,5.35,1872.1,41.26,2485,74,9,0,70.38,1.5618,12.9645
45,73.98,3.097,5.12,1194.0,55.97,1034,30,11,0,72.88,1.7749,14.4492
17,65.37,1.189,4.76,1284.9,54.96,49120,49,0,0,69.92,2.5111,13.7332
30,62.89,2.416,6.23,1406.0,41.11,30910,90,2,0,68.46,1.2194,10.0947
18,76.9,2.172,6.06,1610.6,67.66,32781,65,18,0,65.39,1.475,12.6898
22,90.25,11.931,4.16,1336.8,83.68,25158,35,6,1,74.47,3.3998,21.6947
14,74.06,1.897,5.29,1494.9,54.94,32918,41,2,0,73.79,2.5005,14.0
49,81.0,1.002,3.62,1401.1,45.22,34904,62,5,0,71.23,2.3588,22.3757
21,74.75,3.027,5.04,1557.7,34.75,41317,7,11,0,71.92,2.9181,14.8313
13,66.74,1.608,5.45,1407.9,29.56,46708,72,9,0,69.49,1.3141,12.2459
43,83.21,2.166,5.37,1473.4,54.49,22279,106,18,0,69.42,2.8345,15.4953
12,58.01,2.951,6.98,1511.3,66.88,32555,111,6,0,69.87,1.6169,8.3109
1,67.56,2.004,6.09,1677.0,67.86,2300,74,9,0,70.58,1.5466,11.0936
41,64.87,3.107,6.04,1672.3,36.16,16876,22,7,0,67.38,1.1925,10.7401
17,70.88,0.917,5.91,1517.4,29.67,49035,49,0,0,70.38,2.5184,11.9932
36,74.31,13.836,3.88,2037.3,106.19,32472,32,13,1,69.88,2.8055,19.1521
4,56.94,1.741,5.91,1466.8,63.74,31489,45,1,0,71.92,1.6025,9.6345
45,65.23,1.707,5.87,1484.0,51.22,1382,30,11,0,72.5,1.7979,11.1124
46,68.2,2.454,5.55,1494.6,43.95,11488,19,9,0,69.53,1.2843,12.2883
5,79.12,1.503,5.19,1789.0,78.3,31413,49,5,0,72.98,2.4922,15.2447
6,70.4,2.182,5.57,1404.9,67.7,28383,71,2,0,69.18,2.5302,12.6391
24,73.0,1.61,4.95,1519.9,50.1,2197,86,13,0,69.99,1.6849,14.7475
27,55.6,2.252,5.5,1572.8,54.41,1934,52,16,0,70.84,2.0782,10.1091
11,72.17,1.537,6.27,1076.1,63.43,39628,84,14,0,71.31,4.3671,11.5104
50,67.42,3.506,5.02,1295.5,48.4,22351,21,3,0,68.07,1.104,13.4303
13,91.05,7.716,3.27,1523.7,108.23,46957,72,9,1,70.88,1.7064,27.844
13,59.07,2.866,6.43,1752.6,56.22,46828,72,9,0,70.42,1.7069,9.1866
34,71.54,2.081,5.74,1657.2,57.17,37042,12,19,0,70.37,1.7593,12.4634
27,83.68,2.399,6.11,1723.8,65.55,2381,52,16,0,71.49,2.0395,13.6956
31,70.49,5.831,5.6,1433.5,51.13,8512,56,3,0,67.92,2.0411,12.5875
8,69.66,2.217,5.91,1522.3,71.3,39551,98,4,0,71.15,1.7405,11.7868
43,135.96,1.735,4.06,1364.8,74.13,22237,106,18,1,71.71,2.8175,33.4877
12,98.05,2.681,3.31,1748.5,111.58,32454,111,6,1,71.31,1.5849,29.6224
32,103.1,8.53,4.86,1343.3,109.05,25979,56,0,1,73.06,1.5689,21.214
13,62.81,2.347,4.26,984.7,74.05,46733,72,9,0,70.32,1.7038,14.7441
2,61.57,2.925,6.15,1233.5,45.9,6898,88,17,0,67.75,0.8076,10.0114
2,73.56,3.885,6.81,1456.2,54.62,6783,88,17,0,68.45,0.8387,10.8018
33,69.66,1.971,4.32,1521.8,61.01,17779,109,0,0,66.45,1.1208,16.125
5,69.39,6.912,4.85,1148.3,37.91,31166,49,5,0,72.8,2.5791,14.3072
48,80.85,1.364,5.46,1643.7,65.84,30013,115,7,0,72.99,2.3395,14.8077
23,56.17,1.9,6.34,1558.6,35.08,6611,25,12,0,69.4,2.3292,8.8596
8,63.19,2.861,5.97,2061.0,55.96,39863,98,4,0,70.9,1.738,10.5846
47,67.45,1.142,6.13,1402.7,46.82,17766,55,7,0,71.48,1.3759,11.0033
6,72.48,0.998,4.41,1299.7,58.6,28598,71,2,0,69.22,2.5258,16.4354
45,73.03,2.341,6.34,1502.2,61.11,1048,30,11,0,73.17,1.7983,11.5189
10,80.77,2.482,5.71,1473.7,60.34,30887,81,9,0,74.42,1.935,14.1454
34,67.39,1.948,5.25,1498.8,49.9,36738,12,19,0,69.52,1.5722,12.8362
43,74.37,3.588,4.33,1432.6,69.34,22369,106,18,0,72.73,2.8181,17.1755
16,65.4,1.666,5.93,1476.6,60.47,3355,83,12,0,69.66,1.5214,11.0287
35,75.32,1.889,5.68,1664.1,50.77,8520,57,10,0,70.82,1.3344,13.2606
23,80.12,1.03,4.77,1199.1,60.83,6599,25,12,0,69.6,2.3609,16.7966
21,61.65,1.864,4.29,1495.8,66.68,41340,7,11,0,71.52,2.9302,14.3706
29,75.3,1.906,4.48,1309.6,52.84,36749,18,13,0,69.44,3.3284,16.808
46,66.96,2.559,6.0,1497.0,73.36,11082,19,9,0,69.88,1.2791,11.16
45,64.68,1.836,5.19,1563.2,41.31,984,30,11,0,72.71,1.7697,12.4624
3,63.05,2.248,5.42,1536.7,63.58,50263,40,16,0,70.14,2.0654,11.6328
30,68.56,4.05,4.89,1309.8,74.65,31086,90,2,0,68.36,1.2032,14.0204
20,69.08,1.641,4.53,1555.3,61.49,24561,31,3,0,69.4,2.3719,15.2494
42,60.7,1.714,5.98,1326.2,48.01,5903,63,17,0,66.52,1.36,10.1505
19,65.11,2.372,6.77,1375.6,69.16,34100,75,12,0,69.99,1.1127,9.6174
26,71.42,3.468,5.47,1693.8,54.24,12009,95,13,0,71.93,3.3263,13.0567
40,76.75,2.822,4.32,2097.6,61.95,39095,23,8,1,73.37,2.4988,17.7662
30,56.27,1.758,5.97,1411.3,34.87,31024,90,2,0,67.87,1.1732,9.4255
13,85.13,1.389,6.21,1550.9,46.96,46665,72,9,0,71.16,1.6537,13.7085
10,73.28,3.69,6.21,1597.0,51.79,31372,81,9,0,74.66,1.9318,11.8003
25,62.41,5.125,6.66,1448.5,71.07,8782,25,2,0,69.11,1.9326,9.3709
1,78.67,1.074,5.93,998.9,41.19,2492,74,9,0,71.11,1.5644,13.2664
50,57.5,1.98,6.07,1069.4,47.17,22368,21,3,0,68.33,1.0959,9.4728
24,60.18,1.858,5.79,1460.4,67.46,2554,86,13,0,68.78,1.7002,10.3938
33,52.13,6.964,6.26,1588.3,39.43,17558,109,0,0,65.31,1.4016,8.3275
6,74.38,4.826,6.35,1181.9,58.59,28385,71,2,0,69.71,2.5559,11.7134
50,84.74,1.833,4.71,1626.3,40.89,22090,21,3,0,68.99,1.1056,17.9915
3,81.77,2.908,5.42,1590.1,61.83,50169,40,16,0,69.89,2.0442,15.0867
10,69.85,1.722,5.36,1567.6,65.59,30891,81,9,0,74.87,1.9125,13.0317
4,98.8,2.705,3.19,1745.6,67.73,31455,45,1,1,72.39,1.6009,30.9718
17,110.53,19.315,3.24,2019.1,104.94,49024,49,0,1,72.1,4.1573,34.1142
23,69.01,1.064,6.31,1316.2,73.63,6603,25,12,0,69.51,2.3641,10.9366
15,53.92,2.685,5.02,1100.1,41.15,12611,110,16,0,68.51,1.3909,10.741
11,64.62,1.444,5.28,1367.0,32.0,39942,84,14,0,70.76,4.3735,12.2386
37,73.7,2.15,5.19,1332.2,45.42,14394,91,13,0,63.01,1.166,14.2004
36,76.22,1.488,5.97,1398.0,49.3,32488,32,13,0,70.17,2.8136,12.7672
38,69.14,0.995,5.8,1711.8,71.25,28336,81,13,0,70.7,3.8353,11.9207
22,74.61,2.775,4.92,1517.4,67.52,25118,35,6,0,73.6,2.6681,15.1646
2,70.84,4.619,5.54,1450.2,24.23,6666,88,17,0,68.55,0.933,12.787
28,71.34,1.464,4.67,1575.6,61.9,47891,40,2,0,67.65,1.2504,15.2762
3,71.96,2.341,6.24,1270.9,57.17,49976,40,16,0,70.48,2.038,11.5321
9,62.36,2.181,5.37,1322.1,45.91,28810,28,7,0,65.03,0.9318,11.6127
14,64.69,2.213,6.32,1428.6,77.33,33207,41,2,0,73.19,2.4802,10.2358
50,65.59,3.929,3.7,1464.0,47.73,22221,21,3,0,68.61,1.124,17.727
3,52.36,1.412,5.0,1637.8,55.83,50135,40,16,0,69.13,2.0629,10.472
16,82.25,2.087,6.43,1009.2,68.04,3313,83,12,0,70.39,1.5241,12.7916
24,60.67,3.803,3.95,1621.5,49.56,2456,86,13,0,68.65,1.7007,15.3595
48,73.16,2.063,6.02,1549.2,58.95,29944,115,7,0,73.33,2.3126,12.1528
48,66.73,2.007,5.92,1536.5,57.51,29726,115,7,0,71.57,1.5517,11.272
30,74.36,1.055,5.78,1250.7,33.61,30695,90,2,0,68.48,1.2083,12.8651
44,68.55,1.513,6.3,1244.6,54.45,15374,41,3,0,71.65,1.4861,10.881
48,67.2,2.493,7.2,1217.9,68.68,29652,115,7,0,71.46,1.5166,9.3333
4,44.27,1.678,6.2,1529.4,62.69,31710,45,1,0,71.72,1.5891,7.1403
17,84.32,3.14,3.97,1280.8,40.23,49022,49,0,0,72.86,4.1483,21.2393
6,77.66,3.275,4.31,1630.6,56.04,28413,71,2,0,70.11,2.5301,18.0186
26,73.34,0.971,6.29,1303.1,50.92,11988,95,13,0,72.56,3.3535,11.6598
16,65.88,4.09,5.54,1575.9,67.0,3467,83,12,0,70.24,1.5071,11.8917
24,60.08,2.021,5.38,939.2,81.6,2336,86,13,0,68.97,1.6984,11.1673
29,65.75,1.551,4.61,1527.0,40.79,37087,18,13,0,69.55,3.3436,14.2625
37,67.14,5.911,5.0,1615.3,45.45,14704,91,13,0,63.72,1.3409,13.428
44,66.27,2.063,6.04,1278.0,53.71,15224,41,3,0,71.57,1.4807,10.9719
33,63.37,1.115,7.65,1268.8,65.96,17476,109,0,0,65.14,1.4525,8.2837
36,75.96,2.531,6.18,1385.6,36.93,32532,32,13,0,69.47,2.7535,12.2913
33,64.32,3.319,5.08,1389.6,25.47,17821,109,0,0,64.33,1.4417,12.6614
18,65.91,1.953,5.56,1290.9,55.09,32988,65,18,0,65.38,1.466,11.8543
43,65.34,2.121,5.46,1216.6,72.04,22305,106,18,0,72.5,2.8213,11.967
21,61.58,1.706,5.36,1317.2,38.5,41243,7,11,0,70.74,2.919,11.4888
4,92.41,5.293,4.76,1755.4,22.72,31779,45,1,1,73.01,1.6622,19.4139
42,62.15,1.117,5.9,1504.7,63.9,5734,63,17,0,66.1,1.3613,10.5339
41,62.31,2.838,6.41,1280.8,60.92,17011,22,7,0,66.77,1.1938,9.7207
2,64.15,2.71,5.18,1487.9,38.12,7035,88,17,0,68.68,0.7973,12.3842
28,75.08,2.375,5.5,1475.4,67.73,47635,40,2,0,67.77,1.108,13.6509
25,65.65,0.902,4.17,1353.4,42.21,8820,25,2,0,69.5,1.9614,15.7434
40,72.23,1.585,4.2,1826.4,75.06,39244,23,8,0,74.16,2.4923,17.1976
9,66.44,3.694,6.04,1508.3,47.96,28972,28,7,0,65.07,0.9841,11.0
10,67.42,2.239,6.08,1689.8,36.57,31124,81,9,0,74.7,1.9149,11.0888
16,62.53,2.882,6.46,1655.2,79.28,3092,83,12,0,70.32,1.4884,9.6796
25,62.71,2.341,5.88,1344.5,56.32,9035,25,2,0,68.81,1.9277,10.665
15,111.21,8.009,4.38,2146.7,80.28,12762,110,16,1,70.15,1.725,25.3904
12,75.97,1.518,6.34,1700.8,42.99,32282,111,6,0,71.76,1.6065,11.9826
31,69.6,3.632,5.37,1499.4,77.17,8260,56,3,0,68.46,2.0053,12.9609
31,79.47,3.602,5.35,1365.2,49.26,8478,56,3,0,68.99,1.936,14.8542
12,63.36,1.555,6.48,1923.3,71.08,32601,111,6,0,71.04,1.6293,9.7778
1,71.42,1.309,6.7,1348.2,34.41,2441,74,9,0,70.53,1.5787,10.6597
49,66.98,2.317,4.94,1277.8,49.67,35110,62,5,0,70.84,2.3344,13.5587
20,61.33,2.799,6.14,1502.2,66.13,24633,31,3,0,69.02,2.3591,9.9886
43,74.57,2.399,5.43,1619.9,44.5,22096,106,18,0,73.04,2.8134,13.733
23,64.96,2.459,4.29,1372.8,56.81,6513,25,12,0,69.53,2.3663,15.1422
45,64.06,1.396,5.23,1610.2,41.36,1389,30,11,0,72.59,1.7743,12.2486
35,80.16,3.812,4.78,1268.9,81.02,8257,57,10,0,70.8,1.3542,16.7699
5,80.63,4.932,6.59,1096.9,57.0,31467,49,5,0,73.7,2.5803,12.2352
22,64.78,0.938,5.07,1423.5,42.27,25115,35,6,0,73.25,2.6884,12.7771
40,46.56,9.424,5.39,1300.4,56.21,39393,23,8,0,73.33,2.8035,8.6382
28,107.71,9.187,4.57,1496.4,62.59,47841,40,2,1,69.36,1.7432,23.5689
5,68.25,14.095,5.8,975.2,45.84,31249,49,5,0,73.61,3.3041,11.7672
15,59.3,2.245,6.11,1536.5,51.82,12652,110,16,0,69.63,1.6864,9.7054
22,55.4,4.57,5.58,1533.9,35.51,25161,35,6,0,72.84,2.6917,9.9283
29,94.46,3.648,2.38,1593.9,107.65,36685,18,13,1,70.33,3.3344,39.6891
20,80.28,3.148,6.65,1283.4,40.6,24719,31,3,0,68.58,2.3085,12.0722
22,84.77,2.553,5.58,1543.8,22.95,25133,35,6,0,73.52,2.6406,15.1918
26,73.24,4.735,4.77,1009.3,59.26,12178,95,13,0,72.95,3.3494,15.3543
29,83.83,1.987,5.37,1535.9,59.52,36868,18,13,0,70.9,3.3243,15.6108
47,59.88,2.47,4.85,1228.2,49.86,18135,55,7,0,71.24,1.3466,12.3464
43,66.8,2.626,5.45,1588.7,36.83,22191,106,18,0,72.97,2.7966,12.2569
33,75.83,1.805,5.74,1244.4,65.71,17451,109,0,0,65.5,1.442,13.2108
37,83.86,1.965,5.12,1636.5,46.01,14681,91,13,0,64.93,1.2885,16.3789
5,99.88,4.633,1.83,1334.8,47.97,31288,49,5,1,74.75,3.2594,54.5792
46,61.32,1.104,6.08,1408.6,45.12,11146,19,9,0,69.77,1.3147,10.0855
13,82.9,1.102,5.5,1510.6,57.92,46874,72,9,0,71.58,1.6615,15.0727
17,74.11,0.694,4.29,1528.2,59.03,49003,49,0,0,72.57,4.1925,17.2751
16,73.56,3.256,6.4,1658.4,53.15,3305,83,12,0,70.52,1.4776,11.4938
13,68.51,1.146,5.69,1145.7,70.49,46732,72,9,0,71.14,1.6762,12.0404
17,63.1,4.897,5.26,1565.4,59.51,48863,49,0,0,72.72,4.1709,11.9962
40,75.96,1.487,5.1,1632.3,49.45,39055,23,8,0,73.82,2.829,14.8941
29,71.38,7.086,4.41,2407.9,98.84,37143,18,13,1,70.53,1.6905,16.1859
16,77.62,1.107,4.94,1360.5,59.73,3075,83,12,0,70.12,1.4902,15.7126
29,71.47,5.369,5.49,1436.9,68.19,37086,18,13,0,70.7,1.7461,13.0182
40,71.91,2.278,6.96,1808.8,57.54,39448,23,8,0,73.25,2.8327,10.3319
7,64.96,1.647,5.69,1468.8,28.62,2618,118,6,0,69.37,1.5077,11.4165
30,58.55,1.215,5.47,1390.8,35.3,30798,90,2,0,68.28,1.2291,10.7038
22,74.53,1.682,6.12,1487.3,41.4,25249,35,6,0,73.29,2.6545,12.1781
23,60.95,2.557,5.37,1223.5,57.15,6283,25,12,0,69.27,2.3421,11.3501
20,73.15,3.092,5.43,1413.1,63.55,24585,31,3,0,68.12,1.4877,13.4715
1,72.16,1.71,5.31,1317.2,60.26,2590,74,9,0,70.75,1.5851,13.5895
28,69.92,2.222,6.03,1139.8,62.77,48112,40,2,0,69.53,1.7441,11.5954
49,60.31,1.57,6.87,1424.9,69.34,34948,62,5,0,70.29,2.3499,8.7787
7,58.87,9.082,2.89,2356.5,100.27,2792,118,6,1,69.34,2.0049,20.3702
22,70.53,1.735,3.32,1299.5,54.85,25290,35,6,0,73.32,2.6714,21.244
7,60.32,1.903,5.96,1159.8,60.36,2644,118,6,0,68.28,1.71,10.1208
11,65.31,2.838,5.67,1360.8,43.05,39615,84,14,0,70.71,4.3648,11.5185
50,61.3,3.057,5.21,1141.9,79.66,22560,21,3,0,68.39,1.1275,11.7658
46,69.44,3.857,6.12,1290.4,59.53,11101,19,9,0,70.12,1.2574,11.3464
2,65.1,3.988,5.83,1376.8,67.68,6620,88,17,0,68.85,0.8222,11.1664
17,64.66,5.94,3.16,1774.0,51.14,48807,49,0,0,72.3,4.1954,20.462
24,57.34,2.324,4.88,1176.0,38.64,2471,86,13,0,68.48,1.6342,11.75
28,71.04,2.851,4.68,1260.0,63.52,47830,40,2,0,69.72,1.7434,15.1795
41,58.23,2.922,5.74,1468.6,45.63,16631,22,7,0,65.73,1.0552,10.1446
45,81.36,3.19,5.43,1874.9,63.98,1097,30,11,0,72.52,1.7742,14.9834
42,70.12,2.028,5.63,1497.9,60.35,5956,63,17,0,66.95,1.3633,12.4547
34,79.0,1.955,6.36,1356.7,39.32,37071,12,19,0,69.48,1.5648,12.4214
44,50.35,2.842,5.32,1564.9,60.25,15609,41,3,0,70.17,1.2013,9.4643
23,74.6,5.293,5.96,1262.9,43.43,6648,25,12,0,69.47,2.3772,12.5168
5,66.5,3.305,4.64,1669.8,66.43,31472,49,5,0,74.02,3.2593,14.3319
24,76.56,1.57,4.86,1727.7,37.52,2611,86,13,0,68.7,1.6578,15.7531
7,80.37,4.203,5.91,1222.8,42.97,2623,118,6,0,68.73,1.7256,13.599
45,64.47,4.157,5.85,1317.0,37.77,1390,30,11,0,71.95,1.7466,11.0205
7,91.63,3.814,2.72,1709.5,84.04,2999,118,6,1,69.11,1.7114,33.6875
33,68.75,1.575,5.9,1406.1,60.99,17469,109,0,0,66.25,1.426,11.6525
8,61.39,2.892,5.03,1085.9,57.11,39674,98,4,0,70.1,1.594,12.2048
45,67.28,1.46,7.04,1722.8,53.49,929,30,11,0,72.23,1.7398,9.5568
12,74.78,2.252,5.93,1488.4,56.09,32468,111,6,0,71.68,1.5932,12.6105
13,61.8,2.969,5.02,1513.4,63.19,46912,72,9,0,70.35,1.6654,12.3108
34,55.3,2.702,5.47,1563.6,55.03,36960,12,19,0,68.82,1.2256,10.1097
49,78.76,3.791,1.18,1106.5,81.55,35164,62,5,1,71.25,2.3517,66.7458
18,52.24,1.729,6.45,1252.9,48.91,33080,65,18,0,65.47,1.4681,8.0992
2,77.57,1.856,5.93,1797.8,50.28,6981,88,17,0,70.03,0.8121,13.0809
11,78.77,2.765,5.34,1403.3,67.69,39654,84,14,0,71.6,4.3578,14.7509
33,69.71,1.485,3.77,1429.8,49.67,17378,109,0,0,65.92,1.4356,18.4907
39,105.94,8.076,3.5,1270.7,79.97,34296,15,13,1,68.33,1.6714,30.2686
45,58.9,0.907,6.24,1064.0,53.02,1374,30,11,0,71.79,1.8049,9.4391
44,61.14,0.991,6.28,1647.1,35.21,15181,41,3,0,70.26,1.2262,9.7357
50,100.66,5.577,5.84,2077.8,80.96,22338,21,3,1,69.82,1.2614,17.2363
28,72.34,1.285,6.39,1233.0,36.19,47654,40,2,0,70.21,1.7668,11.3208
23,62.79,3.749,4.56,1334.9,42.09,6510,25,12,0,68.99,2.3815,13.7697
1,52.11,1.24,4.55,1649.4,57.06,2612,74,9,0,69.64,1.5164,11.4527
42,58.61,0.604,5.3,1747.5,73.31,5801,63,17,0,66.56,1.4,11.0585
16,63.06,3.796,4.58,1469.2,48.29,3017,83,12,0,70.4,1.5003,13.7686
4,56.46,1.312,6.15,1393.8,68.59,31594,45,1,0,71.34,1.5496,9.1805
23,60.62,0.544,6.97,1450.8,59.24,6323,25,12,0,68.8,2.4328,8.6973
34,52.0,1.277,3.62,1495.2,80.36,37205,12,19,0,68.26,1.2391,14.3646
16,63.31,1.868,6.62,1352.5,73.42,3134,83,12,0,70.46,1.5148,9.5634
14,83.87,2.655,5.16,1314.8,58.65,32869,41,2,0,72.98,2.2536,16.2539
24,71.38,3.555,4.98,1372.5,48.22,2400,86,13,0,69.57,1.5494,14.3333
27,93.81,6.081,1.88,2088.1,69.25,2198,52,16,1,71.91,2.1133,49.8989
22,66.37,3.55,4.55,1176.9,64.8,25249,35,6,0,72.85,2.6527,14.5868
20,65.04,1.202,5.2,1225.4,62.58,24629,31,3,0,68.17,1.5199,12.5077
5,49.15,2.66,4.95,1140.2,57.39,31362,49,5,0,74.21,3.2063,9.9293
19,63.55,1.125,5.47,1643.1,64.51,34288,75,12,0,69.32,1.1293,11.6179
4,48.65,2.004,5.65,1723.5,54.15,31830,45,1,0,70.32,1.556,8.6106
33,70.32,3.243,5.23,1338.1,41.97,17530,109,0,0,65.87,1.4242,13.4455
30,79.38,2.298,4.74,1428.9,47.12,30975,90,2,0,68.59,1.1817,16.7468
42,80.22,1.257,5.1,1477.6,53.55,5941,63,17,0,66.98,1.3979,15.7294
25,70.62,1.769,5.61,1543.6,40.66,8983,25,2,0,68.87,1.9391,12.5882
48,63.94,1.465,3.31,1284.3,64.05,29759,115,7,0,71.38,1.5241,19.3172
22,66.11,3.82,5.92,1523.8,59.43,25313,35,6,0,72.99,2.638,11.1672
13,71.61,1.434,3.43,1323.9,58.23,46821,72,9,0,71.19,1.6791,20.8776
23,90.29,1.621,6.47,2140.4,57.82,6390,25,12,0,70.06,2.4354,13.9552
45,66.95,2.708,3.37,1411.3,33.89,1317,30,11,0,71.35,1.8072,19.8665
44,58.63,4.089,5.12,1707.6,52.84,15433,41,3,0,69.98,1.2884,11.4512
1,93.48,12.494,2.45,1779.6,102.15,2577,74,9,1,71.37,2.5415,38.1551
22,67.4,0.698,5.18,1437.2,46.26,24851,35,6,0,72.36,2.6911,13.0116
36,70.22,1.616,5.89,1411.2,57.14,32508,32,13,0,69.3,2.754,11.9219
33,61.63,1.583,6.97,1466.5,46.5,17446,109,0,0,65.68,1.4514,8.8422
18,71.6,1.718,6.09,1180.3,41.49,33103,65,18,0,66.31,1.4827,11.757
7,58.7,0.885,5.61,1635.3,64.48,3061,118,6,0,69.08,1.7481,10.4635
9,61.55,3.713,6.01,1471.4,76.34,28702,28,7,0,64.87,1.0198,10.2413
10,93.86,2.032,3.63,1473.1,89.91,31126,81,9,1,76.11,1.8983,25.8567
12,64.34,4.069,5.1,1286.5,60.97,32587,111,6,0,71.36,1.6103,12.6157
43,62.63,1.378,5.3,991.8,50.65,22485,106,18,0,73.03,2.7886,11.817
34,72.28,1.397,5.55,1339.0,78.02,36969,12,19,0,67.99,1.2412,13.0234
37,56.07,3.42,5.15,1456.7,66.41,14493,91,13,0,64.06,1.2692,10.8874
24,77.25,3.296,5.76,1313.0,44.45,2448,86,13,0,70.24,1.551,13.4115
43,79.74,1.406,6.32,1319.3,32.54,22311,106,18,0,73.58,2.7882,12.6171
49,54.77,2.499,5.74,1936.6,46.74,35168,62,5,0,70.2,2.3352,9.5418
19,64.81,3.559,5.79,1617.0,66.04,34054,75,12,0,69.16,1.1451,11.1934
27,65.87,1.324,4.92,1523.0,79.9,2328,52,16,0,70.96,2.1496,13.3882
27,59.79,4.172,5.9,1668.2,51.82,2375,52,16,0,70.99,2.1501,10.1339
38,57.33,2.184,5.51,1614.7,67.0,28510,81,13,0,70.75,3.8025,10.4047
1,58.93,2.728,6.21,1876.8,50.85,2681,74,9,0,70.53,2.5125,9.4895
16,106.11,7.784,3.94,1031.6,92.09,3239,83,12,1,71.99,1.7977,26.9315
21,66.32,1.656,5.0,1565.6,48.7,41328,7,11,0,70.71,2.9145,13.264
12,67.04,2.84,5.29,1555.8,60.09,32307,111,6,0,70.84,1.5674,12.673
19,70.11,2.279,5.31,1511.7,41.17,34326,75,12,0,68.95,1.1451,13.2034
13,79.9,3.03,6.29,1809.5,59.4,46683,72,9,0,71.69,1.6548,12.7027
18,88.03,4.077,5.13,1502.1,62.12,33064,65,18,0,66.66,1.5013,17.1598
7,59.58,2.053,3.73,1598.9,51.73,3012,118,6,0,68.09,1.7468,15.9732
15,66.5,2.401,5.85,1656.7,63.46,12518,110,16,0,69.84,1.6819,11.3675
20,57.59,1.767,6.15,1412.0,53.75,24595,31,3,0,68.21,1.5364,9.3642
15,80.5,3.545,4.23,1570.2,47.76,12933,110,16,0,70.09,1.6832,19.0307
9,55.29,3.021,5.41,1240.8,51.16,28978,28,7,0,64.08,1.017,10.22
16,71.89,1.704,4.56,1225.3,46.29,3254,83,12,0,70.82,1.5521,15.7654
20,71.68,1.493,6.03,1373.5,73.1,24896,31,3,0,68.25,1.5637,11.8872
46,58.17,1.884,4.01,1413.5,56.76,11200,19,9,0,69.64,1.2632,14.5062
35,66.61,2.557,6.34,1454.5,60.93,8485,57,10,0,70.41,1.1672,10.5063
28,79.06,3.33,3.97,1733.5,60.27,47776,40,2,0,69.54,1.7668,19.9144
26,61.47,1.506,5.0,1372.4,59.22,11730,95,13,0,72.62,3.3499,12.294
48,81.16,1.692,5.07,1382.1,56.98,29947,115,7,0,72.04,1.5383,16.0079
16,60.53,1.883,5.39,1715.9,67.01,3350,83,12,0,70.93,1.5584,11.2301
35,67.06,1.569,4.92,1685.9,75.66,8337,57,10,0,70.55,1.1651,13.6301
7,71.25,1.092,5.96,1574.5,43.1,2878,118,6,0,67.84,1.7471,11.9547
5,68.53,2.224,3.51,1522.5,44.47,31436,49,5,0,72.56,3.1549,19.5242
49,66.9,3.026,5.05,1485.6,46.49,34829,62,5,0,69.78,2.3278,13.2475
45,63.57,0.864,4.58,1783.3,45.57,1235,30,11,0,70.52,1.8152,13.8799
4,91.99,6.263,2.25,1988.9,102.25,31455,45,1,1,71.75,1.7157,40.8844
29,84.47,6.633,2.96,1773.7,66.41,36830,18,13,1,71.61,1.8923,28.5372
39,57.09,1.427,6.08,1303.3,45.25,34035,15,13,0,67.8,1.6927,9.3898
42,67.75,1.323,4.95,1601.6,65.2,5636,63,17,0,66.94,1.4051,13.6869
24,77.55,4.551,7.03,1530.1,53.9,2304,86,13,0,70.38,1.5548,11.0313
17,70.69,3.33,4.62,1570.1,61.71,49034,49,0,0,72.75,4.1877,15.3009
43,61.38,1.953,6.15,1379.7,75.52,22225,106,18,0,73.31,2.7849,9.9805
2,67.44,2.249,6.3,1276.0,67.78,6915,88,17,0,69.75,0.8096,10.7048
9,73.12,1.404,4.7,1378.2,56.99,28771,28,7,0,63.7,1.0217,15.5574
24,60.48,2.058,4.61,1428.5,47.86,2551,86,13,0,68.74,1.4808,13.1193
34,55.85,3.338,6.41,1594.8,48.38,36944,12,19,0,67.34,1.2374,8.7129
20,74.41,2.245,5.3,1141.1,77.18,24639,31,3,0,68.84,1.567,14.0396
24,67.6,2.495,6.18,1343.9,60.33,2237,86,13,0,68.44,1.4754,10.9385
45,82.02,1.566,6.7,1475.1,63.86,1019,30,11,0,71.53,1.5135,12.2418
14,59.11,1.207,4.88,1286.9,57.21,33154,41,2,0,72.22,2.243,12.1127
4,65.91,1.452,5.93,1448.5,68.37,31736,45,1,0,71.63,1.7195,11.1147
32,66.07,1.236,5.7,1526.3,37.73,26270,56,0,0,72.63,1.5908,11.5912
15,62.68,3.209,7.19,1582.3,54.49,12700,110,16,0,70.54,1.6552,8.7177
22,77.76,1.474,5.24,1606.6,60.74,25065,35,6,0,72.64,2.6998,14.8397
24,85.2,2.944,5.31,1257.4,65.6,2347,86,13,0,68.95,1.4178,16.0452
29,63.22,4.38,4.49,1290.9,53.78,36760,18,13,0,71.36,1.8906,14.0802
13,59.6,1.284,5.77,1294.0,55.84,47074,72,9,0,71.63,1.6742,10.3293
38,77.41,5.442,5.89,1576.8,71.83,28580,81,13,0,70.82,3.8023,13.1426
10,76.94,1.397,5.41,1092.4,45.39,31365,81,9,0,76.92,1.9173,14.2218
1,80.23,6.777,4.73,1326.7,69.38,2345,74,9,0,70.05,2.6349,16.9619
44,77.88,11.92,3.33,2099.3,86.29,15621,41,3,1,70.49,2.3631,23.3874
21,68.02,1.464,5.34,1243.6,54.01,41478,7,11,0,70.72,2.9069,12.7378
22,77.32,1.161,5.86,1228.0,52.17,25293,35,6,0,71.47,2.4881,13.1945
50,82.85,23.558,3.31,2161.3,75.37,22228,21,3,1,71.1,4.3885,25.0302
31,67.9,2.292,4.55,1242.5,53.72,8144,56,3,0,68.82,1.9415,14.9231
34,65.3,2.102,5.21,1412.1,61.77,36917,12,19,0,67.26,1.2111,12.5336
21,107.33,3.942,3.0,1933.7,81.21,41342,7,11,1,71.54,2.8667,35.7767
5,67.78,1.657,5.63,1564.0,37.49,31189,49,5,0,72.66,3.1831,12.0391
27,69.81,2.104,5.82,1822.6,44.62,2104,52,16,0,71.03,2.1077,11.9948
50,53.5,1.551,4.96,1265.7,70.36,22422,21,3,0,69.68,4.4041,10.7863
49,58.61,5.323,6.72,1590.9,27.77,34971,62,5,0,69.18,2.3694,8.7217
21,58.33,0.778,5.41,1439.9,52.84,41182,7,11,0,71.34,2.8923,10.7819
8,76.03,5.395,5.68,1439.0,39.43,39669,98,4,0,70.18,1.1712,13.3856
12,66.6,1.647,6.01,1707.3,57.38,32569,111,6,0,71.0,1.5621,11.0815
32,58.04,3.273,5.0,1522.0,67.89,26122,56,0,0,72.01,1.5935,11.608
4,85.85,1.714,5.25,1386.5,53.97,31877,45,1,0,72.22,1.7353,16.3524
20,78.17,4.094,5.32,1959.9,48.27,24787,31,3,0,68.88,1.502,14.6936
13,82.26,1.459,5.25,1634.4,69.28,46977,72,9,0,72.32,1.6823,15.6686
37,69.45,3.464,7.08,1161.6,62.71,14439,91,13,0,64.42,1.2416,9.8093
44,57.47,2.296,6.85,1489.4,65.45,15344,41,3,0,70.03,2.3636,8.3898
38,77.32,3.529,6.24,1369.0,39.84,28371,81,13,0,70.13,3.5353,12.391
1,76.47,1.073,5.62,1460.4,63.33,2249,74,9,0,70.23,2.6625,13.6068
4,58.17,2.292,3.79,1558.8,63.79,31642,45,1,0,71.54,1.7358,15.3483
4,67.78,2.079,4.99,1270.7,49.96,31696,45,1,0,71.04,1.7421,13.5832
3,61.81,1.429,6.46,1672.3,55.83,50338,40,16,0,69.3,2.0752,9.5681
4,60.08,1.79,5.69,1276.7,25.32,31717,45,1,0,69.44,1.2365,10.5589
47,76.22,6.327,5.39,1313.9,45.04,18146,55,7,0,71.57,1.5491,14.141
37,91.51,1.379,6.11,1737.0,53.96,14676,91,13,0,65.93,1.2439,14.9771
37,57.77,2.061,4.73,1860.4,61.0,14311,91,13,0,65.85,1.2341,12.2135
28,66.67,1.128,5.21,1451.9,60.83,47773,40,2,0,69.59,1.7852,12.7965
49,64.89,1.26,5.15,1444.1,49.98,35016,62,5,0,68.97,2.3962,12.6
29,87.02,7.063,3.58,1773.6,75.05,36850,18,13,1,70.94,1.8876,24.3073
48,65.5,4.288,4.34,1365.1,96.9,30020,115,7,1,71.37,1.4711,15.0922
28,71.42,3.475,5.61,1523.4,48.64,47721,40,2,0,69.55,1.777,12.7308
8,60.52,1.508,5.38,1130.9,77.43,39505,98,4,0,70.03,1.1584,11.2491
39,70.46,1.157,6.01,1264.2,71.99,34322,15,13,0,68.76,1.719,11.7238
45,100.59,4.285,2.13,1714.9,83.7,1008,30,11,1,72.32,1.5323,47.2254
30,95.46,7.443,3.6,2177.2,65.63,30719,90,2,1,69.64,1.5687,26.5167
11,72.6,0.635,6.54,1700.6,46.14,39895,84,14,0,72.6,4.3969,11.1009
21,75.15,1.973,5.77,1420.8,36.89,41277,7,11,0,71.84,2.906,13.0243
25,69.84,2.2,4.56,1790.1,68.08,8710,25,2,0,67.99,1.9347,15.3158
3,68.83,1.895,5.71,1260.1,74.87,50274,40,16,0,69.15,2.0727,12.0543
33,81.94,2.8,5.37,1462.5,44.35,17822,109,0,0,66.24,1.4451,15.2588
43,66.53,3.699,7.16,1141.2,59.74,22176,106,18,0,73.1,2.7777,9.2919
43,56.32,0.808,5.64,1285.4,55.83,22450,106,18,0,72.02,2.7079,9.9858
14,61.6,1.201,5.36,1457.7,53.19,33057,41,2,0,71.57,2.2796,11.4925
32,79.88,2.579,5.14,945.5,26.76,26179,56,0,0,72.76,1.5938,15.5409
2,77.73,3.89,5.97,1482.1,49.64,6878,88,17,0,70.7,0.8505,13.0201
35,61.65,1.86,4.08,1150.6,65.48,8069,57,10,0,70.33,1.171,15.1103
7,68.45,3.102,4.45,1417.2,59.24,2724,118,6,0,67.56,1.7412,15.382
46,69.11,1.628,5.49,1277.0,49.49,11186,19,9,0,69.47,1.2807,12.5883
50,70.9,2.595,5.01,1794.9,64.57,22209,21,3,0,69.21,4.4094,14.1517
41,56.09,3.05,5.78,1757.9,60.27,17062,22,7,0,65.39,1.0495,9.7042
17,72.85,1.198,5.32,1365.4,42.46,48897,49,0,0,73.28,4.2161,13.6936
25,59.0,1.497,4.8,1902.4,41.84,9136,25,2,0,67.86,1.9676,12.2917
42,67.95,1.57,4.33,1592.8,76.89,5794,63,17,0,67.12,1.3977,15.6928
9,76.69,2.026,5.54,1595.5,79.18,28858,28,7,0,64.3,1.016,13.843
47,80.83,1.705,4.09,1632.3,44.97,17765,55,7,0,72.03,1.5612,19.7628
26,61.99,3.611,6.2,1589.6,50.82,12152,95,13,0,72.03,3.3442,9.9984
12,73.0,2.037,6.66,1491.3,74.34,32283,111,6,0,71.23,1.5186,10.961
8,72.78,2.184,6.61,1657.7,34.48,39550,98,4,0,70.28,1.1592,11.0106
20,62.42,1.238,5.61,1610.8,51.51,24889,31,3,0,68.46,1.5349,11.1266
26,64.37,1.818,4.8,1201.3,33.36,11828,95,13,0,71.61,3.3257,13.4104
24,72.59,1.655,5.5,1309.6,47.0,2273,86,13,0,68.98,1.4063,13.1982
44,59.91,1.255,5.97,1484.4,54.13,15565,41,3,0,69.01,2.3739,10.0352
32,75.27,4.687,3.8,1565.1,64.12,26118,56,0,0,72.35,1.6415,19.8079
21,58.96,7.701,6.66,1574.7,54.2,41310,7,11,0,71.93,2.82,8.8529
30,62.32,1.981,4.9,1569.0,55.51,30996,90,2,0,69.06,1.5549,12.7184
5,69.75,2.566,5.76,1358.6,34.0,31553,49,5,0,72.55,3.1923,12.1094
23,81.06,7.997,3.66,1480.4,97.83,6343,25,12,1,70.09,2.6349,22.1475
43,66.38,1.657,4.8,1506.1,68.77,22080,106,18,0,70.92,0.863,13.8292
23,81.8,7.082,4.04,1652.7,81.85,6302,25,12,1,70.05,2.7056,20.2475
28,67.55,1.571,4.43,1192.2,36.37,47712,40,2,0,69.98,1.7758,15.2483
48,67.74,2.825,5.49,1124.2,61.92,29737,115,7,0,71.95,1.4577,12.3388
5,66.75,1.816,5.85,1344.1,47.9,31397,49,5,0,72.54,3.2147,11.4103
16,66.55,2.169,5.14,1148.2,56.85,3297,83,12,0,70.58,1.5523,12.9475
49,70.63,1.219,4.34,1239.5,44.18,35278,62,5,0,69.43,2.4231,16.2742
13,69.5,3.601,6.2,1334.3,45.25,47035,72,9,0,72.48,1.6907,11.2097
45,64.57,1.211,5.54,1346.4,52.82,1196,30,11,0,72.18,1.5634,11.6552
19,61.72,1.418,6.43,1566.7,57.2,34034,75,12,0,68.17,1.1484,9.5988
35,77.52,2.154,5.45,1303.0,71.06,8303,57,10,0,70.43,1.1647,14.2239
44,63.29,2.156,6.18,1810.0,54.77,15557,41,3,0,69.34,2.3479,10.2411
5,60.58,2.205,6.13,1344.9,51.22,31405,49,5,0,71.52,2.6885,9.8825
23,60.54,1.25,5.97,1433.0,73.04,6648,25,12,0,70.16,2.7105,10.1407
1,86.66,3.698,5.8,1396.7,40.76,2441,74,9,0,71.22,2.6614,14.9414
9,63.28,2.931,5.41,1590.1,57.79,28903,28,7,0,64.42,1.0239,11.6969
10,71.62,4.557,5.36,1726.4,63.09,30912,81,9,0,75.65,1.9504,13.3619
41,70.71,2.915,6.46,1486.8,46.98,16724,22,7,0,65.1,1.0363,10.9458
35,71.54,3.356,5.26,1628.0,39.69,8235,57,10,0,69.69,1.1611,13.6008
48,56.62,3.981,5.09,1378.5,71.27,29746,115,7,0,71.27,1.3648,11.1238
49,71.39,2.391,5.17,1345.5,45.15,35289,62,5,0,69.13,2.4191,13.8085
23,82.43,3.016,4.7,1770.4,46.21,6291,25,12,0,70.38,2.7111,17.5383
33,60.03,3.157,4.8,1329.2,31.26,17853,109,0,0,66.6,1.3736,12.5063
44,74.61,1.845,5.92,1171.9,29.09,15551,41,3,0,70.26,2.3536,12.603
29,66.06,3.108,7.0,1730.4,36.46,36857,18,13,0,70.63,1.8839,9.4371
30,52.29,1.92,5.59,1703.0,34.21,30743,90,2,0,67.96,1.5425,9.3542
50,63.66,0.816,5.35,1281.6,52.1,22327,21,3,0,69.52,4.4472,11.8991
6,74.46,2.835,5.81,1543.6,38.87,28493,71,2,0,70.4,2.5172,12.8158
3,66.34,1.453,5.28,1654.1,52.27,49972,40,16,0,69.12,2.0918,12.5644
15,67.16,1.734,5.81,1301.0,40.39,12956,110,16,0,70.41,1.6785,11.5594
4,66.0,1.144,5.52,1375.9,70.14,31480,45,1,0,69.14,1.2645,11.9565
36,100.47,9.065,3.71,767.7,83.65,32556,32,13,1,70.51,3.0206,27.0809
29,73.43,2.353,5.51,1767.6,47.88,36934,18,13,0,70.79,1.8868,13.3267
43,73.42,6.712,5.43,1369.4,57.97,22207,106,18,0,71.27,1.2396,13.5212
21,55.02,1.785,6.29,1385.4,56.95,41457,7,11,0,72.11,2.8243,8.7472
40,63.06,2.926,6.36,1369.2,53.9,39302,23,8,0,71.53,2.7752,9.9151
28,54.66,1.453,5.11,1354.6,64.29,47656,40,2,0,69.66,1.7529,10.6967
37,70.98,4.64,6.68,1173.1,58.39,14413,91,13,0,66.59,1.2803,10.6257
34,72.41,4.648,3.11,1576.6,37.15,36962,12,19,0,66.98,1.2717,23.283
48,82.16,12.707,2.42,1797.8,75.11,29625,115,7,1,71.74,2.4633,33.9504
33,75.74,3.796,6.45,1667.0,35.56,17401,109,0,0,66.79,1.3661,11.7426
11,79.64,5.065,6.12,1604.4,51.38,39788,84,14,0,73.33,4.3724,13.0131
14,68.64,1.673,5.89,1313.3,62.14,33149,41,2,0,71.68,2.2958,11.6537
25,64.37,1.932,6.24,1538.6,59.34,8705,25,2,0,67.97,1.9767,10.3157
4,82.77,1.004,4.53,1650.9,30.11,31715,45,1,0,69.7,1.2912,18.2715
7,68.47,3.47,6.83,1339.4,85.15,2743,118,6,0,67.87,1.7455,10.0249
13,61.57,1.776,4.1,1658.1,43.84,47147,72,9,0,70.89,1.4556,15.0171
4,63.74,1.232,5.67,1104.1,32.24,31708,45,1,0,69.9,1.3113,11.2416
17,73.53,1.176,4.12,1373.2,42.92,48831,49,0,0,73.81,4.2466,17.8471
10,78.41,2.741,5.66,1040.7,59.18,31181,81,9,0,76.5,1.9067,13.8534
18,81.77,2.833,1.3,1216.8,59.39,32795,65,18,1,67.51,1.4957,62.9
32,64.76,1.671,5.05,1378.3,43.81,25867,56,0,0,72.24,1.6554,12.8238
49,60.26,1.4,5.76,1550.1,73.17,35152,62,5,0,69.03,2.42,10.4618
12,114.98,11.619,4.69,1715.3,114.28,32283,111,6,1,73.1,2.3149,24.516
35,69.32,2.325,4.69,1705.3,51.18,8106,57,10,0,69.36,1.0976,14.7804
10,61.98,1.109,6.29,1358.7,74.11,31360,81,9,0,75.89,1.913,9.8537
47,84.32,1.77,6.55,1754.1,62.04,17741,55,7,0,72.44,1.5392,12.8733
38,82.9,6.073,5.32,1904.3,47.74,28252,81,13,0,70.36,3.5538,15.5827
4,80.91,2.844,5.83,1851.0,56.57,31811,45,1,0,70.64,1.315,13.8782
16,70.25,2.734,4.92,1565.0,76.93,3233,83,12,0,71.12,1.5137,14.2785
36,59.86,1.885,5.96,1752.2,67.61,32424,32,13,0,70.23,3.0114,10.0436
4,67.81,1.672,6.22,1228.4,55.65,31565,45,1,0,70.71,1.321,10.9019
50,57.08,1.123,5.94,1520.8,49.07,22260,21,3,0,68.89,4.4702,9.6094
28,75.49,2.666,4.66,1583.8,87.04,47873,40,2,0,69.96,1.7422,16.1996
29,70.13,1.53,6.27,1455.8,50.45,37102,18,13,0,71.19,1.8986,11.185
15,69.0,0.843,6.83,1405.8,47.06,12644,110,16,0,70.12,1.7415,10.1025
1,61.8,1.113,4.12,1545.3,69.77,2433,74,9,0,69.96,2.4486,15.0
26,72.74,1.281,4.89,1769.5,79.14,11882,95,13,0,71.54,3.3019,14.8753
17,73.7,1.611,5.58,1466.3,51.92,48812,49,0,0,73.83,4.0022,13.2079
50,73.37,1.96,5.25,1160.0,55.54,22522,21,3,0,69.31,4.4727,13.9752
38,67.3,4.737,6.4,1458.2,82.06,28249,81,13,0,70.73,3.5602,10.5156
27,63.48,1.121,6.56,1223.5,53.86,2332,52,16,0,70.86,2.1091,9.6768
35,65.16,3.354,5.77,1676.1,71.03,8135,57,10,0,69.19,1.0763,11.2929
15,58.63,1.48,7.09,1477.8,60.4,12528,110,16,0,69.94,1.7691,8.2694
26,64.39,1.018,7.29,1377.8,65.98,12082,95,13,0,70.87,3.3393,8.8326
23,52.33,2.071,4.19,1757.7,64.94,6423,25,12,0,68.47,1.9803,12.4893
25,76.41,1.234,5.42,1009.3,49.18,9080,25,2,0,67.81,2.0108,14.0978
39,50.88,1.067,5.15,1313.1,60.69,34014,15,13,0,67.86,1.5759,9.8796
20,97.53,12.312,2.76,1161.0,97.85,24591,31,3,1,69.36,2.4814,35.337
16,59.64,2.933,5.63,1287.5,50.41,3036,83,12,0,70.71,1.5028,10.5933
48,64.96,1.708,4.65,1555.4,62.29,29980,115,7,0,71.22,2.4498,13.9699
25,66.77,1.553,5.36,1283.6,55.95,8749,25,2,0,68.05,2.0262,12.4571
12,57.98,2.001,6.68,1218.4,47.81,32588,111,6,0,72.24,2.2638,8.6796
50,68.5,4.084,3.71,1357.0,46.71,22344,21,3,0,69.18,4.4637,18.4636
11,75.9,2.59,5.87,1588.0,57.84,40012,84,14,0,73.39,4.3752,12.9302
21,81.75,3.428,5.16,1693.9,72.03,41207,7,11,0,71.21,2.8117,15.843
34,68.52,1.441,5.8,1207.1,70.62,36751,12,19,0,67.38,1.2805,11.8138
18,64.54,1.841,5.29,1602.9,45.36,32985,65,18,0,67.5,1.4937,12.2004
36,47.47,2.393,6.14,1212.3,51.32,32714,32,13,0,69.02,2.9999,7.7313
18,81.9,1.271,5.18,1446.3,49.37,33007,65,18,0,67.7,1.482,15.8108
24,68.27,4.326,5.16,1209.0,58.63,2233,86,13,0,69.12,1.4185,13.2306
14,73.27,2.545,5.73,1552.6,45.28,33238,41,2,0,71.48,2.2986,12.7871
8,74.03,3.224,5.25,1353.7,33.1,39469,98,4,0,69.96,1.1701,14.101
20,71.86,1.829,5.05,1186.6,49.85,24604,31,3,0,69.58,2.4934,14.2297
30,56.8,1.492,5.26,1551.6,49.7,30849,90,2,0,67.26,1.5547,10.7985
13,67.42,2.37,5.9,1570.5,43.45,46947,72,9,0,70.76,1.4116,11.4271
42,72.97,1.649,5.77,1415.3,51.08,5703,63,17,0,67.42,1.4032,12.6464
24,86.6,7.681,4.44,1564.8,61.99,2402,86,13,1,70.7,1.7131,19.5045
21,64.34,1.995,6.15,1700.3,40.83,41468,7,11,0,71.13,2.7837,10.4618
40,59.35,1.912,4.4,1589.5,64.36,39374,23,8,0,70.8,2.4464,13.4886
45,66.51,1.904,5.33,1513.8,51.49,1225,30,11,0,72.1,1.3219,12.4784
38,121.76,8.29,3.16,1675.9,77.19,28439,81,13,1,73.37,3.6646,38.5316
49,77.89,1.89,7.72,1396.7,27.99,35058,62,5,0,69.32,2.3933,10.0894
18,66.4,2.099,5.14,1374.1,57.79,33092,65,18,0,67.94,1.4843,12.9183
24,69.91,3.134,4.9,1399.0,76.4,2377,86,13,0,70.72,1.6909,14.2673
11,74.81,2.98,5.92,1541.5,51.67,39838,84,14,0,72.54,4.3773,12.6368
5,44.04,1.312,6.39,1109.5,72.95,31536,49,5,0,70.63,2.687,6.892
23,82.28,1.748,5.12,1412.3,59.27,6670,25,12,0,68.9,1.9888,16.0703
43,70.78,4.943,5.58,1036.6,55.13,22208,106,18,0,71.46,1.3024,12.6846
13,60.15,1.773,4.89,1484.8,39.89,46987,72,9,0,70.5,1.413,12.3006
10,80.99,2.272,5.31,1598.4,34.72,30919,81,9,0,75.65,1.8776,15.2524
21,65.56,5.932,3.61,1668.4,66.57,41262,7,11,0,70.73,2.8318,18.1607
49,98.48,4.503,4.22,2143.3,71.01,35005,62,5,1,70.52,2.3995,23.3365
12,70.78,2.204,4.88,1628.3,77.41,32245,111,6,0,72.43,2.2647,14.5041
21,85.97,0.922,4.6,1633.3,48.18,41523,7,11,0,71.08,2.5547,18.6891
1,103.38,10.186,4.23,1826.2,73.52,2716,74,9,1,71.54,2.8609,24.4397
15,69.55,1.952,4.99,1457.6,48.5,12578,110,16,0,70.03,1.7666,13.9379
16,97.48,6.705,4.15,1486.8,83.65,3465,83,12,1,72.34,1.6969,23.4892
29,63.81,3.034,5.32,1349.0,57.0,37064,18,13,0,70.75,1.8698,11.9944
34,61.26,3.496,6.15,1338.4,59.02,36774,12,19,0,67.27,1.1288,9.961
11,77.98,2.776,5.15,1367.4,55.0,39661,84,14,0,72.76,4.3695,15.1417
44,61.37,2.71,5.04,1467.1,47.39,15490,41,3,0,69.73,2.3488,12.1766
8,68.16,1.599,3.54,1288.2,51.74,39641,98,4,0,69.63,1.1379,19.2542
15,70.7,1.569,5.35,1175.2,58.36,12563,110,16,0,70.39,1.785,13.215
34,66.91,2.588,5.73,1583.3,58.96,36773,12,19,0,67.78,1.1124,11.6771
11,77.7,3.837,4.52,1236.5,60.9,39913,84,14,0,73.42,4.3651,17.1903
8,67.35,1.676,4.71,1218.6,73.23,39506,98,4,0,69.28,1.1491,14.2994
47,69.63,1.66,6.58,1231.7,28.23,18066,55,7,0,73.04,1.554,10.5821
39,76.83,4.113,4.75,1353.7,48.31,34083,15,13,0,68.2,1.6031,16.1747
32,58.41,3.503,5.18,1664.6,67.5,26005,56,0,0,70.9,1.6559,11.2761
42,68.82,1.265,6.17,1293.8,51.41,5577,63,17,0,67.06,1.4088,11.154
35,64.61,2.134,4.68,1252.0,60.43,8216,57,10,0,69.28,1.0782,13.8056
44,59.7,2.126,5.92,1195.1,71.63,15429,41,3,0,69.1,2.2998,10.0845
11,69.36,1.509,6.73,1433.8,53.12,39614,84,14,0,71.48,4.3826,10.3061
14,62.77,2.929,4.98,1441.3,40.07,32987,41,2,0,71.08,2.2968,12.6044
6,66.33,3.867,6.45,1644.2,51.86,28563,71,2,0,70.6,2.5067,10.2837
7,71.67,3.683,4.28,1316.3,67.72,2688,118,6,0,67.51,1.7537,16.7453
40,62.02,3.738,6.68,1602.1,19.51,39322,23,8,0,70.49,2.4371,9.2844
6,52.97,3.254,6.02,899.7,55.35,28421,71,2,0,69.62,2.4981,8.799
14,58.57,2.144,6.42,1209.4,40.57,33001,41,2,0,71.47,2.3066,9.1231
28,71.99,0.991,5.25,1580.0,35.55,47894,40,2,0,69.72,1.7709,13.7124
6,114.93,4.457,3.47,1070.7,90.82,28646,71,2,1,71.4,2.4942,33.121
3,65.48,1.53,5.68,1536.8,61.92,50123,40,16,0,68.58,2.0974,11.5282
46,66.34,1.619,5.35,1481.9,52.82,11024,19,9,0,69.75,1.3009,12.4
8,65.3,6.139,6.42,1357.2,41.15,39593,98,4,0,68.06,1.3766,10.1713
49,68.85,4.718,6.32,1118.3,61.68,35042,62,5,0,71.02,2.4249,10.894
28,85.08,2.238,3.87,1638.8,88.16,48033,40,2,1,70.6,1.7438,21.9845
49,73.49,2.955,5.7,1516.2,56.45,34861,62,5,0,71.34,2.424,12.893
4,60.25,2.243,6.06,1467.9,55.75,31826,45,1,0,70.46,1.316,9.9422
36,79.98,2.966,5.38,1387.0,44.49,32557,32,13,0,69.89,2.9951,14.8662
37,81.09,4.954,5.4,1440.8,37.31,14492,91,13,0,67.11,1.3512,15.0167
36,59.7,0.866,4.88,1436.9,58.08,32263,32,13,0,69.31,3.0212,12.2336
39,47.37,2.128,4.55,1458.4,57.34,34090,15,13,0,67.83,1.6016,10.411
37,83.49,1.315,6.36,1339.1,42.78,14596,91,13,0,68.07,1.366,13.1274
3,72.69,3.378,5.43,1203.7,49.87,49950,40,16,0,68.61,2.0329,13.3867
49,72.23,4.41,5.23,1645.8,45.37,35019,62,5,0,70.19,1.3573,13.8107
45,64.06,2.19,5.72,1418.0,43.17,957,30,11,0,71.4,1.3126,11.1993
24,77.4,3.792,4.8,1317.1,57.29,2573,86,13,0,70.85,1.6932,16.125
12,70.63,1.815,5.65,1516.2,55.16,32321,111,6,0,73.0,2.284,12.5009
3,68.43,1.832,5.12,1401.3,58.44,50343,40,16,0,68.86,2.0417,13.3652
27,63.31,2.292,6.1,1728.3,58.67,2328,52,16,0,70.74,2.1226,10.3787
17,70.02,2.316,6.4,1089.2,59.72,49124,49,0,0,74.16,4.0043,10.9406
49,68.22,2.021,4.66,998.9,46.22,35057,62,5,0,70.0,1.3632,14.6395
21,52.78,1.455,5.01,1564.1,56.82,41187,7,11,0,70.3,2.5606,10.5349
17,80.38,1.892,6.49,1465.6,50.25,49018,49,0,0,74.28,4.0102,12.3852
1,72.19,1.45,5.72,1570.1,50.06,2603,74,9,0,71.83,2.8736,12.6206
9,77.9,3.015,6.07,1382.2,41.5,28918,28,7,0,65.14,1.0185,12.8336
4,65.4,6.119,4.43,1642.2,59.16,31783,45,1,0,69.98,1.4882,14.763
37,65.45,0.962,6.01,1745.5,61.97,14490,91,13,0,67.73,1.3995,10.8902
3,72.76,1.867,4.69,1347.5,53.92,50107,40,16,0,69.14,2.0487,15.5139
45,70.02,6.434,4.92,1382.5,60.4,1322,30,11,0,71.46,1.5298,14.2317
6,53.7,1.436,4.25,1535.6,65.42,28633,71,2,0,71.43,2.4478,12.6353
2,67.13,2.229,5.97,1490.3,58.67,6750,88,17,0,69.57,0.8493,11.2446
16,55.87,3.463,5.56,1362.2,65.69,3456,83,12,0,72.01,1.6985,10.0486
47,64.03,1.766,4.84,1753.3,61.16,17767,55,7,0,73.16,1.5629,13.2293
12,58.73,1.74,4.63,1806.9,50.2,32546,111,6,0,72.92,2.2921,12.6847
44,72.26,1.486,5.17,1371.9,50.14,15368,41,3,0,69.25,2.2923,13.9768
47,114.33,2.007,5.77,1743.8,110.41,17988,55,7,1,75.13,1.5297,19.8146
42,63.03,3.557,4.58,1433.5,50.24,5801,63,17,0,67.33,1.4273,13.762
49,92.28,3.437,2.83,1656.1,89.37,35060,62,5,1,71.43,1.3703,32.6078
49,63.55,2.607,5.28,1272.4,60.98,35118,62,5,0,70.96,1.2853,12.036
9,73.24,5.129,5.88,1233.5,51.93,28747,28,7,0,65.67,1.1069,12.4558
23,64.81,1.157,5.23,1661.8,39.98,6274,25,12,0,68.87,2.0111,12.392
25,79.29,6.68,6.75,1398.7,64.62,8756,25,2,0,67.21,2.1628,11.7467
1,65.54,5.894,5.17,1646.3,43.65,2442,74,9,0,72.13,2.9286,12.677
35,71.23,1.704,6.14,1209.9,38.51,8055,57,10,0,69.25,1.0924,11.601
5,75.38,3.048,5.24,1811.5,53.26,31295,49,5,0,70.72,2.6491,14.3855
22,75.14,2.386,5.9,1320.5,51.26,25049,35,6,0,71.24,2.4893,12.7356
8,54.5,1.968,5.64,1565.9,55.39,39693,98,4,0,67.38,1.382,9.6631
36,70.91,5.553,4.99,1349.7,54.02,32662,32,13,0,70.04,3.0272,14.2104
48,61.47,1.683,5.42,1309.0,73.24,29978,115,7,0,71.16,2.4643,11.3413
46,66.15,7.227,5.28,1251.6,62.2,11256,19,9,0,69.84,1.5529,12.5284
32,55.05,5.714,4.54,1629.5,37.3,26147,56,0,0,70.33,1.7508,12.1256
20,70.92,3.022,6.72,1590.4,40.29,24818,31,3,0,70.14,2.4845,10.5536
3,72.27,1.017,5.47,1286.2,55.38,50190,40,16,0,69.59,2.0753,13.2121
9,70.5,5.513,5.95,1597.0,61.07,28713,28,7,0,66.39,1.2642,11.8487
8,71.24,2.382,6.43,1599.7,53.96,39820,98,4,0,68.03,1.3525,11.0793
13,80.5,1.551,6.02,1489.7,60.05,46845,72,9,0,71.19,1.4136,13.3721
8,64.06,1.826,5.4,1502.1,83.01,39819,98,4,0,67.94,1.3606,11.863
18,115.05,2.1,2.14,1842.2,105.1,32788,65,18,1,70.34,1.4447,53.7617
36,76.19,0.518,6.41,1690.1,38.4,32500,32,13,0,70.34,3.0775,11.8861
43,66.28,4.812,4.84,1497.2,51.24,22060,106,18,0,71.71,1.3427,13.6942
27,68.79,3.701,6.92,1369.8,74.86,2092,52,16,0,70.65,2.0787,9.9408
39,59.22,3.114,5.99,1443.2,51.14,34001,15,13,0,67.6,1.5887,9.8865
35,75.39,2.845,6.14,1628.8,53.55,8469,57,10,0,69.5,1.0937,12.2785
4,61.96,1.06,6.26,1493.0,72.27,31800,45,1,0,69.94,1.4908,9.8978
3,71.3,1.548,5.54,1598.6,63.32,49988,40,16,0,69.94,2.0803,12.87
7,64.96,2.761,5.72,1797.1,35.96,2701,118,6,0,67.24,1.7484,11.3566
1,67.4,2.293,5.55,1156.7,49.04,2370,74,9,0,71.79,2.9341,12.1441
36,67.68,1.297,4.67,1391.3,45.44,32499,32,13,0,70.59,3.0927,14.4925
23,67.48,8.025,5.5,1445.3,60.85,6442,25,12,0,68.9,2.2449,12.2691
23,56.28,1.568,6.41,976.1,35.9,6503,25,12,0,69.4,2.2574,8.78
33,76.81,3.589,5.67,1255.2,74.79,17486,109,0,0,67.46,1.3697,13.5467
17,66.7,0.888,8.12,1328.6,37.2,49085,49,0,0,74.64,4.0199,8.2143
28,79.16,2.5,4.95,882.8,62.23,48077,40,2,0,70.48,1.6883,15.9919
4,56.07,1.79,6.59,1775.2,91.07,31733,45,1,0,69.43,1.4892,8.5083
18,61.4,1.23,4.4,1234.3,51.36,32895,65,18,0,70.06,1.4557,13.9545
1,65.06,1.915,5.59,1474.6,84.69,2435,74,9,0,71.64,2.925,11.6386
22,65.28,1.159,4.11,1283.9,58.34,24932,35,6,0,71.41,2.5091,15.8832
31,73.58,1.665,4.8,1692.0,50.26,8309,56,3,0,69.29,1.9526,15.3292
26,64.54,1.84,4.9,1339.6,57.71,11799,95,13,0,69.1,1.6284,13.1714
20,79.58,1.73,4.82,1362.8,55.86,24725,31,3,0,70.57,2.4917,16.5104
31,68.79,1.378,2.94,1655.4,40.09,8605,56,3,0,69.46,1.9457,23.398
33,65.51,1.907,5.26,1765.2,51.93,17606,109,0,0,67.7,1.3879,12.4544
5,54.53,1.696,6.43,1212.8,59.6,31126,49,5,0,69.8,2.6634,8.4806
49,65.56,2.47,6.39,1293.9,52.76,35030,62,5,0,70.55,1.2856,10.2598
23,59.75,1.814,5.23,1713.0,47.84,6592,25,12,0,68.86,2.1757,11.4245
27,71.86,2.423,4.54,1806.7,42.63,1954,52,16,0,71.05,2.0666,15.8282
48,73.49,3.669,5.11,1298.5,61.41,29786,115,7,0,71.56,2.4655,14.3816
45,74.62,2.007,4.81,1485.1,67.55,994,30,11,0,71.49,1.4866,15.5135
42,76.61,1.058,5.29,1303.4,49.32,5775,63,17,0,67.24,1.449,14.482
42,53.64,2.392,5.39,1257.0,58.49,5907,63,17,0,66.75,1.4424,9.9518
2,63.4,1.155,5.81,1421.9,44.88,6725,88,17,0,68.84,0.8914,10.9122
21,73.14,1.067,5.57,1361.9,53.57,41356,7,11,0,68.97,1.6148,13.1311
26,65.15,3.699,5.87,1731.2,45.24,11892,95,13,0,68.93,1.6134,11.0988
18,69.01,1.589,6.0,1643.1,49.66,33202,65,18,0,70.1,1.3651,11.5017
36,65.54,2.967,6.34,1355.1,28.8,32491,32,13,0,69.97,3.0216,10.3375
17,72.28,1.557,7.17,1547.8,41.34,48763,49,0,0,73.9,3.7654,10.0809
49,63.66,3.34,5.98,1167.8,47.55,34848,62,5,0,69.6,1.2546,10.6455
21,79.17,2.289,5.43,1263.2,60.78,41244,7,11,0,69.4,1.6146,14.5801
4,57.72,2.209,5.15,1416.4,60.39,31815,45,1,0,67.99,1.472,11.2078
46,75.54,3.369,5.22,1201.3,47.66,11257,19,9,0,69.87,1.5146,14.4713
24,74.36,1.142,5.23,1491.2,37.33,2536,86,13,0,71.28,1.6961,14.218
38,107.75,8.01,3.47,1432.5,90.49,28249,81,13,1,75.0,3.7438,31.0519
9,52.27,6.549,4.31,1241.8,49.89,28600,28,7,0,66.23,1.4941,12.1276
22,70.61,4.516,5.56,1350.3,49.23,25225,35,6,0,71.52,2.2812,12.6996
14,74.06,2.935,5.8,1681.9,50.13,32775,41,2,0,71.41,2.2792,12.769
12,79.86,0.624,5.12,1183.8,55.02,32443,111,6,0,73.67,2.3441,15.5977
28,72.11,3.734,5.01,1653.7,50.82,47668,40,2,0,70.32,1.7074,14.3932
1,76.3,1.418,5.4,1294.0,51.41,2371,74,9,0,71.87,2.9235,14.1296
31,67.58,2.461,4.85,1472.7,46.59,8484,56,3,0,69.28,1.9345,13.934
21,61.67,3.268,4.46,1173.0,55.43,41443,7,11,0,69.33,1.6111,13.8274
11,68.78,2.537,4.65,1637.0,72.61,39844,84,14,0,71.14,4.3871,14.7914
12,49.75,5.188,4.9,1171.2,32.85,32476,111,6,0,72.86,2.3591,10.1531
9,81.41,3.774,5.39,1678.9,69.74,28693,28,7,0,67.12,1.49,15.1039
9,61.4,1.126,4.78,1358.2,30.29,28662,28,7,0,66.54,1.4683,12.8452
47,73.94,2.953,5.65,1277.2,63.81,17766,55,7,0,75.25,1.4962,13.0867
12,68.19,1.808,5.76,1627.0,37.57,32476,111,6,0,73.08,2.3752,11.8385
40,72.06,2.968,5.5,1295.0,66.64,39240,23,8,0,70.78,2.4354,13.1018
38,62.69,1.385,5.85,1529.4,62.45,28224,81,13,0,74.59,3.7225,10.7162
4,67.1,1.133,5.9,1206.1,58.37,31886,45,1,0,67.62,1.4841,11.3729
37,61.49,2.732,5.96,1509.0,67.83,14762,91,13,0,68.22,1.3957,10.3171
27,63.35,3.776,6.42,1647.9,60.79,1943,52,16,0,70.76,2.0326,9.8676
48,69.25,5.559,5.18,1425.5,57.58,29641,115,7,0,71.93,2.5019,13.3687
10,65.46,2.161,6.65,1093.5,47.89,30916,81,9,0,75.76,1.8662,9.8436
17,63.14,1.041,5.79,1276.2,56.4,49202,49,0,0,73.69,3.7661,10.905
46,71.31,1.873,6.53,1712.8,56.8,11502,19,9,0,70.44,1.5282,10.9204
10,62.24,6.031,5.51,1122.8,68.31,31276,81,9,0,75.17,1.9445,11.2958
40,66.44,3.886,7.07,1460.2,93.27,39475,23,8,0,70.83,2.4435,9.3975
29,69.79,3.162,3.62,1658.3,47.09,36854,18,13,0,71.23,1.8194,19.279
34,76.88,1.223,6.45,1465.0,39.18,37103,12,19,0,68.58,1.1321,11.9194
34,62.25,4.92,5.15,1630.7,54.24,37157,12,19,0,68.16,1.2368,12.0874
20,61.67,1.121,6.35,1185.4,52.14,24653,31,3,0,70.23,2.3477,9.7118
45,67.68,2.869,5.21,1172.0,47.71,1168,30,11,0,71.22,1.4368,12.9904
40,56.39,2.239,4.81,1083.5,48.81,39240,23,8,0,70.22,2.4403,11.7235
30,81.1,2.434,5.77,1284.2,54.45,30713,90,2,0,67.81,1.5528,14.0555
12,77.97,0.864,4.02,1457.0,72.44,32313,111,6,0,72.81,2.356,19.3955
17,110.3,13.982,3.1,1994.6,79.41,48912,49,0,1,75.46,4.3893,35.5806
10,78.67,2.875,5.29,1230.0,75.4,31252,81,9,0,75.64,1.912,14.8715
4,62.95,0.641,5.85,1012.3,61.81,31604,45,1,0,67.5,1.5206,10.7607
37,72.13,3.545,5.76,1185.1,52.47,14372,91,13,0,68.16,1.4013,12.5226
23,68.82,1.116,5.13,1177.1,47.98,6480,25,12,0,68.9,2.1713,13.4152
23,52.01,1.734,4.72,1362.4,45.7,6332,25,12,0,68.82,2.1594,11.0191
4,76.44,3.561,5.89,1457.1,44.69,31684,45,1,0,68.31,1.5407,12.9779
2,93.23,14.815,1.32,1209.1,93.73,6950,88,17,1,70.75,2.6743,70.6288
1,72.43,1.473,5.65,1095.3,55.34,2360,74,9,0,71.88,2.9408,12.8195
46,52.86,1.483,6.25,1994.5,31.43,11059,19,9,0,69.84,1.5517,8.4576
22,63.45,1.738,5.22,1203.8,49.69,25054,35,6,0,71.5,2.2881,12.1552
29,105.36,7.634,3.59,2017.8,52.26,37004,18,13,1,72.84,2.0236,29.3482
26,65.9,0.585,6.36,1282.7,36.64,11914,95,13,0,69.69,1.66,10.3616
34,78.45,2.144,5.71,1583.7,57.23,37151,12,19,0,68.56,1.1956,13.7391
29,74.31,2.396,4.84,1554.2,46.92,36691,18,13,0,73.15,2.0031,15.3533
23,82.81,2.024,6.84,1352.0,46.79,6460,25,12,0,68.83,2.1602,12.1067
32,63.05,1.17,5.52,1207.4,26.21,25906,56,0,0,70.0,1.7542,11.4221
5,57.14,3.45,5.44,1366.9,74.9,31460,49,5,0,69.39,2.6234,10.5037
9,66.21,2.302,6.29,1426.8,59.6,28926,28,7,0,66.6,1.4489,10.5262
13,65.19,2.397,5.73,1605.3,32.01,46971,72,9,0,71.11,1.4124,11.377
21,73.02,9.707,4.33,1102.2,76.44,41605,7,11,1,69.04,2.1864,16.8637
45,75.22,1.443,4.83,1574.5,80.96,1103,30,11,0,71.39,1.3745,15.5735
20,62.67,0.86,6.34,1168.4,48.44,24921,31,3,0,69.87,2.3819,9.8849
15,63.15,3.842,6.4,1629.1,42.26,12608,110,16,0,70.11,1.7922,9.8672
26,64.33,2.832,5.77,1401.6,64.61,11962,95,13,0,68.98,1.6567,11.149
40,80.63,1.347,7.21,1351.0,37.03,39000,23,8,0,70.32,2.4163,11.1831
24,72.27,2.909,4.38,1624.1,48.11,2460,86,13,0,71.98,1.6373,16.5
30,70.63,1.698,5.0,1445.6,74.45,30877,90,2,0,68.26,1.5395,14.126
35,75.3,1.427,4.56,1399.4,55.58,8327,57,10,0,69.58,1.0689,16.5132
26,75.11,2.727,4.51,1595.7,58.1,12089,95,13,0,68.95,1.603,16.6541
28,69.06,2.393,5.62,1697.4,68.42,47871,40,2,0,71.32,1.6894,12.2883
21,70.38,2.485,4.27,1433.8,51.15,41459,7,11,0,69.08,2.1842,16.4824
5,53.11,0.773,6.06,1135.9,55.03,31208,49,5,0,69.01,2.6637,8.764
4,71.08,4.615,5.24,1483.8,59.46,31860,45,1,0,67.16,1.6102,13.5649
10,60.64,4.711,6.12,1363.7,56.71,31335,81,9,0,73.37,1.9085,9.9085
22,72.79,13.54,6.43,1475.3,46.32,25158,35,6,0,70.47,3.144,11.3204
7,64.14,2.417,6.25,1616.8,50.34,3037,118,6,0,66.77,1.7488,10.2624
19,52.07,2.185,4.72,1292.0,46.1,34361,75,12,0,67.36,1.0947,11.0318
35,76.81,3.355,5.93,1718.0,59.59,8508,57,10,0,69.62,1.0198,12.9528
28,72.4,2.84,6.38,1666.1,62.33,48017,40,2,0,71.43,1.6859,11.348
16,57.43,1.887,5.83,1256.2,69.26,3460,83,12,0,71.47,1.6876,9.8508
4,59.03,6.196,6.43,1745.0,67.95,31783,45,1,0,67.77,1.7796,9.1804
30,63.93,1.477,6.0,1416.0,62.88,30880,90,2,0,68.21,1.5438,10.655
28,74.65,2.059,4.2,903.0,61.55,47961,40,2,0,71.64,1.6845,17.7738
26,82.86,8.07,5.02,1896.9,103.67,12144,95,13,1,69.08,1.9366,16.506
29,70.5,1.788,4.38,1763.4,60.54,37015,18,13,0,73.41,2.02,16.0959
4,64.59,2.318,6.4,1533.8,57.83,31690,45,1,0,66.61,1.6826,10.0922
6,63.85,2.39,5.73,1423.4,57.35,28418,71,2,0,71.31,2.428,11.1431
48,63.17,2.161,6.27,1485.0,83.12,29708,115,7,0,70.89,2.3155,10.075
26,78.51,1.847,5.36,1746.2,72.06,12004,95,13,0,69.23,1.9453,14.6474
28,70.55,3.259,5.0,1630.0,28.21,47705,40,2,0,71.89,1.6912,14.11
32,75.55,2.375,4.82,1551.9,76.14,26170,56,0,0,69.95,1.7556,15.6743
22,61.53,1.908,6.55,1014.9,35.56,24895,35,6,0,70.02,3.1542,9.3939
25,60.48,2.768,5.75,1558.0,60.77,8730,25,2,0,67.1,2.1532,10.5183
18,70.35,2.08,6.58,1516.3,41.81,32994,65,18,0,70.12,1.3605,10.6915
47,71.54,4.985,5.05,1765.0,54.06,17760,55,7,0,75.17,1.5601,14.1663
10,60.61,1.445,5.92,1132.2,66.04,31066,81,9,0,72.14,1.8663,10.2382
44,70.7,0.704,7.1,1459.2,48.19,15319,41,3,0,69.45,2.3177,9.9577
13,61.66,11.383,5.42,1141.9,71.61,46919,72,9,0,70.73,2.3167,11.3764
25,69.07,1.202,5.78,1393.3,52.69,8881,25,2,0,67.09,2.1821,11.9498
14,77.26,2.927,4.7,1624.9,59.75,32863,41,2,0,71.48,2.2551,16.4383
15,58.99,1.452,7.06,1334.3,57.01,12804,110,16,0,69.03,1.8104,8.3555
49,75.56,2.614,5.65,1345.2,68.36,35281,62,5,0,70.3,1.2045,13.3735
38,56.7,2.515,6.66,1472.4,40.38,28240,81,13,0,74.25,3.7316,8.5135
2,62.42,2.203,5.37,1677.5,57.18,6731,88,17,0,70.6,2.6695,11.6238
26,65.55,2.611,6.72,1309.5,22.15,11739,95,13,0,69.26,1.9264,9.7545
50,93.05,6.368,2.85,1364.9,112.46,22483,21,3,1,70.44,4.5012,32.6491
11,82.14,1.359,5.51,1590.7,52.04,39609,84,14,0,71.43,4.391,14.9074
26,78.78,1.892,4.8,1158.9,29.06,11986,95,13,0,69.81,1.9333,16.4125
31,80.31,1.223,6.59,1532.2,41.36,8313,56,3,0,70.09,1.9595,12.1866
5,74.8,1.947,4.81,1396.2,66.16,31127,49,5,0,69.29,2.6788,15.5509
9,75.35,2.158,5.59,1448.0,51.71,28766,28,7,0,66.86,1.4534,13.4794
49,75.88,2.156,4.25,1201.1,47.42,35205,62,5,0,70.31,1.1935,17.8541
18,73.55,2.033,6.08,1141.8,55.84,33141,65,18,0,70.54,1.3592,12.097
5,66.8,2.517,5.34,1607.4,67.33,31171,49,5,0,67.86,2.6662,12.5094
41,80.59,1.764,5.32,1315.2,47.09,16997,22,7,0,66.27,1.0209,15.1485
43,70.5,5.384,2.15,1411.2,122.82,22505,106,18,1,72.01,1.4413,32.7907
1,68.62,1.891,7.18,1726.0,44.7,2618,74,9,0,71.83,2.9425,9.5571
3,71.41,1.646,4.99,1503.3,37.91,49940,40,16,0,69.68,2.0878,14.3106
43,65.04,3.147,4.05,1453.6,47.59,22450,106,18,0,72.05,1.4433,16.0593
38,87.83,8.617,1.66,1251.6,100.66,28609,81,13,1,75.16,3.8558,52.9096
42,87.29,1.297,6.33,1360.6,54.63,5850,63,17,0,67.3,1.4035,13.7899
25,65.26,2.491,5.71,1221.7,72.73,8714,25,2,0,66.44,1.9779,11.4291
16,79.3,4.258,3.43,1256.1,76.59,3421,83,12,1,71.44,1.6606,23.1195
42,64.73,2.713,6.22,1461.5,37.89,5505,63,17,0,67.34,1.3818,10.4068
37,82.91,0.719,5.21,1782.2,53.75,14489,91,13,0,68.97,1.4596,15.9136
49,79.52,3.402,4.89,1678.2,53.48,34939,62,5,0,71.24,1.1744,16.2618
33,53.93,1.297,5.01,1540.3,80.71,17801,109,0,0,67.62,1.4209,10.7645
16,92.57,5.627,2.12,1574.1,86.56,3029,83,12,1,72.05,1.741,43.6651
22,72.74,4.421,6.15,1337.6,42.77,25131,35,6,0,70.51,3.1634,11.8276
28,81.93,1.374,3.36,1296.9,58.53,47754,40,2,0,72.85,1.6821,24.3839
48,100.76,2.498,4.52,1495.3,79.85,29885,115,7,1,72.02,2.293,22.292
45,55.0,1.309,6.45,2046.8,64.39,959,30,11,0,70.27,1.3788,8.5271
2,87.82,4.866,4.53,1061.4,58.0,6619,88,17,0,71.58,2.6875,19.3863
25,68.11,0.899,5.67,1355.0,50.42,9188,25,2,0,66.65,2.0198,12.0123
8,66.08,1.704,6.11,1442.2,88.43,39482,98,4,0,67.54,1.3634,10.8151
5,75.56,4.69,2.39,1427.7,79.97,31222,49,5,1,68.48,2.6829,31.6151
28,60.87,2.433,4.2,1253.2,74.17,47697,40,2,0,72.66,1.6311,14.4929
41,76.17,1.851,5.21,1436.3,71.7,16938,22,7,0,67.21,0.9459,14.62
15,70.79,5.973,6.22,1313.0,40.24,12976,110,16,0,68.86,1.8809,11.381
33,75.82,5.489,6.1,1162.3,48.69,17703,109,0,0,67.57,1.4872,12.4295
25,72.98,1.774,5.32,1928.6,58.73,8766,25,2,0,67.45,2.0198,13.718
3,73.48,0.787,5.25,1550.2,41.81,50085,40,16,0,69.7,2.1212,13.9962
48,77.97,2.245,4.94,1181.0,60.97,29574,115,7,0,72.32,2.2796,15.7834
37,67.36,1.723,5.75,1248.3,72.01,14745,91,13,0,69.3,1.4526,11.7148
21,68.18,2.756,6.23,1589.9,58.75,41336,7,11,0,69.44,2.1785,10.9438
13,73.1,1.903,4.28,1679.5,52.37,46688,72,9,0,70.78,2.3154,17.0794
28,57.47,2.893,5.53,1465.4,53.46,47669,40,2,0,72.12,1.6114,10.3924
48,70.42,3.174,6.25,1433.1,83.54,29581,115,7,0,72.6,2.2725,11.2672
49,56.44,3.586,5.64,1112.2,56.76,35263,62,5,0,70.21,1.1232,10.0071
16,65.2,2.515,6.06,1645.7,36.92,3272,83,12,0,71.7,1.7456,10.7591
29,69.03,1.684,6.48,1590.3,56.81,36976,18,13,0,73.26,2.0373,10.6528
42,63.52,2.37,5.71,1655.6,79.46,5677,63,17,0,67.03,1.3713,11.1243
18,64.16,2.874,6.13,1515.5,61.82,32768,65,18,0,70.33,1.3601,10.4666
27,65.77,2.274,5.87,1643.5,54.18,1963,52,16,0,69.85,1.863,11.2044
4,100.12,7.162,0.79,1350.3,121.66,31523,45,1,1,68.43,1.9185,126.7342
20,71.29,2.803,4.29,1375.7,60.48,24578,31,3,0,70.06,2.3764,16.6177
5,78.01,1.732,4.66,1327.7,48.22,31379,49,5,0,68.89,2.6982,16.7403
47,85.14,4.146,5.13,1327.8,68.94,17705,55,7,0,76.19,1.5753,16.5965
25,107.22,6.74,4.14,2201.5,97.89,8873,25,2,1,69.29,2.1742,25.8986
13,66.06,1.836,5.46,1348.8,73.06,47046,72,9,0,70.46,2.3174,12.0989
37,72.85,2.885,4.04,1554.4,61.34,14453,91,13,0,69.86,1.437,18.0322
2,57.66,3.316,6.44,1708.3,74.2,7019,88,17,0,71.22,2.6775,8.9534
17,68.18,1.93,4.2,1474.4,42.12,48921,49,0,0,75.2,4.3738,16.2333
1,65.07,4.484,6.18,1524.7,57.93,2501,74,9,0,72.1,2.9527,10.5291
40,74.58,1.062,3.99,1418.1,56.77,39178,23,8,0,70.52,2.4375,18.6917
40,69.31,1.667,6.34,1249.8,43.97,39126,23,8,0,69.59,2.4344,10.9322
45,63.67,3.401,6.64,1497.4,60.21,973,30,11,0,69.99,1.3778,9.5889
6,63.49,1.745,4.92,1249.9,57.73,28373,71,2,0,71.24,2.4342,12.9045
12,63.06,1.457,4.72,1569.5,56.93,32523,111,6,0,72.0,2.2415,13.3602
29,74.36,2.222,5.78,1188.1,63.91,36676,18,13,0,73.35,2.0321,12.8651
49,64.84,4.54,5.51,1306.1,30.5,35210,62,5,0,70.12,1.1663,11.7677
3,78.11,1.377,5.62,1347.3,43.74,50153,40,16,0,70.05,2.1346,13.8986
12,70.3,1.094,4.94,1251.7,40.66,32575,111,6,0,72.55,2.2446,14.2308
11,75.48,4.732,3.68,1229.7,44.3,39889,84,14,0,71.23,4.3886,20.5109
39,56.42,6.713,5.14,1368.0,59.33,34287,15,13,0,67.56,1.7917,10.9767
23,66.82,1.881,6.39,1486.9,48.22,6599,25,12,0,68.54,2.1664,10.457
22,73.03,7.933,5.71,1782.1,41.45,25309,35,6,0,70.42,3.2913,12.7898
45,62.99,4.354,4.65,981.7,55.62,1152,30,11,0,69.25,1.3387,13.5462
18,76.87,1.718,5.7,1298.9,55.84,32920,65,18,0,71.0,1.3687,13.486
40,71.73,1.633,5.63,1458.0,43.19,39098,23,8,0,69.93,2.4367,12.7407
32,78.67,2.434,4.11,1495.9,68.54,25941,56,0,0,69.97,1.7567,19.1411
22,67.19,1.037,4.82,1383.1,62.03,25241,35,6,0,70.45,3.2831,13.9398
32,52.86,1.323,6.34,1296.0,74.54,25990,56,0,0,69.21,1.7764,8.3375
47,67.63,1.256,5.36,1319.3,33.71,17976,55,7,0,75.96,1.6117,12.6175
10,74.16,2.648,4.88,1455.2,45.21,30896,81,9,0,71.68,1.8497,15.1967
33,65.87,2.496,5.91,1245.9,50.79,17559,109,0,0,67.1,1.442,11.1455
7,67.37,1.611,6.35,1384.3,58.47,3027,118,6,0,67.0,1.7627,10.6094
47,71.77,3.203,5.95,1365.1,56.59,17894,55,7,0,75.95,1.6107,12.0622
3,72.79,2.102,6.27,1511.1,37.64,50042,40,16,0,69.97,2.1346,11.6093
44,74.7,3.026,5.54,1722.7,45.39,15363,41,3,0,69.43,2.3169,13.4838
50,75.05,3.232,5.99,1818.1,57.98,22522,21,3,0,70.93,4.4929,12.5292
45,99.09,4.635,4.04,1725.0,96.71,1084,30,11,1,70.4,1.407,24.5272
28,70.83,1.056,5.56,1588.7,74.09,48112,40,2,0,72.85,1.6318,12.7392
25,53.85,3.1,5.79,1407.0,60.86,9134,25,2,0,68.73,2.1055,9.3005
5,69.38,2.252,5.92,1479.4,84.76,31254,49,5,0,68.59,2.7055,11.7196
40,89.89,6.712,3.78,1196.2,74.13,39035,23,8,1,70.78,2.5341,23.7804
27,78.37,6.898,5.45,1662.2,101.14,2137,52,16,1,70.37,2.0035,14.3798
3,74.6,3.483,5.92,1547.5,65.98,50225,40,16,0,69.68,1.4813,12.6014
28,79.35,9.504,4.19,1806.0,80.72,48051,40,2,1,73.18,2.1469,18.9379
46,62.87,2.019,5.06,1311.6,70.66,11519,19,9,0,69.77,1.5441,12.4249
1,73.06,1.276,5.64,1664.9,52.64,2503,74,9,0,72.17,2.9672,12.9539
13,73.16,3.945,4.16,1599.2,59.77,46812,72,9,0,70.55,2.3206,17.5865
43,84.06,4.837,6.64,1371.2,45.71,22407,106,18,0,71.15,1.5018,12.6596
4,57.22,0.611,5.46,1558.4,47.18,31739,45,1,0,68.79,1.9607,10.4799
44,65.92,0.912,5.54,1290.8,65.49,15531,41,3,0,68.55,2.3247,11.8989
10,72.27,1.649,6.47,1680.7,38.55,30952,81,9,0,72.36,1.7975,11.17
14,70.19,1.739,5.53,1731.3,47.72,33119,41,2,0,71.12,2.1983,12.6926
7,48.92,2.355,5.72,1436.9,42.68,2876,118,6,0,66.53,1.7227,8.5524
23,65.31,3.218,5.94,1325.2,53.77,6357,25,12,0,68.5,2.1687,10.9949
47,53.72,2.329,5.86,1572.3,54.48,17778,55,7,0,74.56,1.6136,9.1672
17,67.03,2.651,7.9,1593.3,54.47,48749,49,0,0,74.32,4.3703,8.4848
46,67.51,2.056,3.7,1368.9,57.47,11279,19,9,0,69.69,1.5324,18.2459
36,61.62,2.322,4.33,1577.7,36.96,32354,32,13,0,69.92,3.0117,14.2309
28,83.37,7.053,5.11,961.7,90.58,47970,40,2,1,73.53,2.3067,16.3151
29,73.56,2.762,5.84,1574.7,69.64,36923,18,13,0,73.58,1.9707,12.5959
24,87.6,4.857,6.15,1423.3,63.68,2366,86,13,0,71.97,1.5112,14.2439
48,79.95,4.416,5.52,1662.7,55.54,29886,115,7,0,72.92,2.2846,14.4837
14,58.57,1.362,5.16,1155.1,38.51,33024,41,2,0,69.52,1.543,11.3508
34,74.54,3.985,4.9,1387.7,39.63,36774,12,19,0,68.08,1.1732,15.2122
33,76.83,0.869,5.29,1083.2,70.13,17607,109,0,0,67.0,1.5024,14.5236
14,67.34,3.154,5.66,1439.3,58.06,32764,41,2,0,69.93,1.3976,11.8975
1,70.01,1.546,6.09,1060.7,37.98,2329,74,9,0,72.44,2.9826,11.4959
47,77.23,2.07,5.18,1385.5,43.78,17978,55,7,0,74.9,1.6158,14.9093
24,74.88,2.551,5.18,1585.5,62.3,2571,86,13,0,72.41,1.4891,14.4556
41,44.05,2.862,5.58,923.8,56.8,16729,22,7,0,65.78,0.9531,7.8943
34,61.54,2.37,5.62,1229.7,52.12,37059,12,19,0,67.7,1.1685,10.9502
44,71.11,1.609,6.28,834.8,68.44,15282,41,3,0,68.22,2.3208,11.3232
1,111.67,7.637,3.17,1781.4,85.14,2530,74,9,1,74.15,3.118,35.2271
50,69.19,2.017,5.16,1364.3,72.47,22173,21,3,0,70.38,4.5051,13.4089
13,77.83,3.592,6.86,1409.3,51.23,46915,72,9,0,70.62,2.3116,11.3455
27,80.02,2.914,5.31,1649.9,49.63,2243,52,16,0,70.71,1.9566,15.0697
4,56.83,2.227,5.61,1721.9,67.23,31474,45,1,0,67.32,1.8024,10.1301
47,76.63,2.424,6.1,1743.2,64.28,17941,55,7,0,74.92,1.5465,12.5623
7,66.27,4.212,4.95,1326.7,63.84,2667,118,6,0,66.2,1.7238,13.3879
19,62.69,1.399,5.52,1387.1,51.16,34293,75,12,0,66.63,1.0977,11.3569
49,72.53,3.824,7.91,1385.9,63.85,35216,62,5,0,70.63,1.1397,9.1694
14,72.91,4.198,6.22,1562.0,63.76,33119,41,2,0,69.03,1.0621,11.7219
5,91.68,4.853,3.53,1959.1,65.98,31266,49,5,1,69.64,2.7234,25.9717
46,79.06,1.162,5.32,1411.6,56.76,11296,19,9,0,70.44,1.5642,14.8609
44,61.47,1.75,4.75,1238.5,58.52,15518,41,3,0,66.54,2.2036,12.9411
37,60.27,3.043,4.58,1619.3,40.43,14648,91,13,0,69.81,1.4261,13.1594
5,70.26,6.844,4.95,1403.4,59.52,31577,49,5,0,69.04,2.8017,14.1939
4,57.9,2.382,4.67,1617.0,35.32,31862,45,1,0,66.99,1.7896,12.3983
8,101.97,20.752,3.23,855.4,70.75,39867,98,4,1,69.51,3.9615,31.5697
10,79.74,3.733,6.1,1477.7,52.04,31037,81,9,0,72.76,1.8049,13.0721
39,107.37,11.674,1.22,1226.7,93.08,34349,15,13,1,68.57,2.5335,88.0082
1,84.46,6.155,1.31,1268.8,84.85,2502,74,9,1,74.78,3.1524,64.4733
14,55.13,3.08,5.05,1484.0,58.99,32842,41,2,0,68.23,1.0546,10.9168
29,68.66,2.324,4.4,1491.1,59.23,36861,18,13,0,73.5,1.9695,15.6045
11,74.38,2.371,6.64,1213.7,46.86,39747,84,14,0,72.03,4.3931,11.2018
46,69.15,4.541,6.31,1340.6,68.02,11122,19,9,0,70.62,1.6018,10.9588
50,87.04,4.266,2.91,1862.4,68.58,22292,21,3,1,71.67,4.4803,29.9107
32,58.68,2.043,4.99,1745.9,54.51,25913,56,0,0,68.6,1.772,11.7595
3,58.42,1.711,7.36,1614.4,66.6,50308,40,16,0,69.86,1.4827,7.9375
29,75.13,1.837,6.1,1268.2,45.04,36841,18,13,0,73.57,1.9573,12.3164
39,61.12,1.909,5.73,1533.4,59.97,34172,15,13,0,68.57,2.5276,10.6667
34,83.3,1.677,5.68,1347.4,44.68,37071,12,19,0,68.01,1.1773,14.6655
14,55.98,1.9,5.23,1321.8,81.35,32948,41,2,0,67.92,1.0336,10.7036
40,67.85,2.896,4.75,1641.4,56.75,39440,23,8,0,70.71,2.5053,14.2842
50,63.11,1.006,5.12,1410.5,75.85,22292,21,3,0,71.77,4.5084,12.3262
26,57.16,2.025,6.37,1316.9,75.34,12016,95,13,0,69.33,1.5473,8.9733
18,61.99,5.15,6.23,1366.8,51.92,32872,65,18,0,70.39,1.4509,9.9502
32,69.4,6.261,6.23,1849.0,70.72,26204,56,0,0,68.86,1.8798,11.1396
2,66.75,4.022,5.14,1577.6,70.55,6898,88,17,0,71.47,2.6809,12.9864
2,70.13,1.655,5.76,1591.9,45.47,6878,88,17,0,71.3,2.6717,12.1753
6,73.34,1.634,4.62,1729.8,47.24,28761,71,2,0,71.49,2.4473,15.8745
33,77.68,3.692,6.27,1275.1,54.39,17811,109,0,0,67.94,1.5083,12.3892
50,64.56,3.011,4.25,1592.7,42.17,22513,21,3,0,71.74,4.4927,15.1906
15,63.8,5.435,5.38,1461.7,73.35,12528,110,16,0,68.77,1.9479,11.8587
7,62.26,4.298,5.75,1744.4,50.72,2678,118,6,0,66.38,1.6515,10.8278
7,95.29,3.44,3.39,2006.6,104.84,2948,118,6,1,67.74,1.6529,28.1091
14,67.59,4.64,6.61,1340.5,37.06,32783,41,2,0,67.8,0.9786,10.2254
9,82.12,1.689,4.26,1577.3,49.13,28502,28,7,0,67.81,1.4658,19.277
44,69.76,1.617,5.93,1632.7,52.07,15571,41,3,0,66.65,2.2016,11.7639
50,75.04,1.817,5.03,1605.9,62.26,22434,21,3,0,72.02,4.48,14.9185
12,58.76,1.659,6.94,1277.8,69.08,32370,111,6,0,71.55,2.2549,8.4669
47,66.38,10.216,4.54,1658.0,76.86,17665,55,7,1,74.62,2.1411,14.6211
14,81.15,8.194,1.88,1599.7,67.52,32794,41,2,1,68.58,1.4981,43.1649
34,62.2,1.184,6.76,1454.8,53.44,37040,12,19,0,67.64,1.1661,9.2012
27,95.97,5.587,2.79,1415.7,97.53,2180,52,16,1,71.98,1.9951,34.3978
11,61.07,5.181,4.55,1547.3,48.34,39675,84,14,0,72.13,4.3969,13.422
1,45.8,1.356,5.96,1309.0,67.32,2511,74,9,0,73.87,3.1681,7.6846
40,82.74,1.206,6.12,1251.1,44.35,39113,23,8,0,71.18,2.498,13.5196
7,79.94,1.247,5.69,1822.1,36.17,2892,118,6,0,68.69,1.6832,14.0492
11,66.94,8.835,6.5,1310.4,41.8,39585,84,14,0,72.13,4.5199,10.2985
10,60.1,2.097,5.12,1602.3,60.97,30965,81,9,0,70.48,1.1737,11.7383
22,61.89,3.031,6.13,1500.7,71.45,25216,35,6,0,70.51,3.2837,10.0962
49,91.89,4.895,2.5,1224.7,109.64,34987,62,5,1,71.18,1.1917,36.756
20,74.19,1.494,4.55,1400.2,35.48,24830,31,3,0,70.04,2.3899,16.3055
32,74.53,1.119,6.57,1476.8,50.71,25843,56,0,0,69.22,1.9214,11.344
16,74.04,3.049,4.55,1304.5,60.74,3070,83,12,0,70.95,1.6954,16.2725
7,95.18,5.173,2.98,1549.6,89.75,2665,118,6,1,70.06,1.7377,31.9396
41,63.54,1.473,5.63,1308.4,49.1,16773,22,7,0,66.01,0.958,11.286
45,62.84,2.397,6.34,1541.6,56.37,992,30,11,0,69.93,1.4025,9.9117
4,73.94,3.042,5.46,1257.1,67.61,31901,45,1,0,66.49,1.7848,13.5421
46,68.31,3.169,4.8,1368.8,24.54,11357,19,9,0,70.09,1.5987,14.2312
42,65.21,2.579,3.77,1730.5,76.96,5879,63,17,0,67.08,1.357,17.2971
8,65.43,1.977,5.65,1610.1,63.41,39606,98,4,0,69.69,3.9415,11.5805
36,50.2,2.159,5.89,1417.5,45.98,32494,32,13,0,69.25,3.0115,8.5229
14,62.52,3.073,5.79,1480.3,91.43,33233,41,2,0,68.33,1.458,10.7979
26,56.73,2.805,7.51,1598.5,31.41,12104,95,13,0,68.69,1.5456,7.5539
14,57.4,2.554,6.28,1307.9,35.3,32814,41,2,0,67.87,1.4425,9.1401
44,66.71,2.029,5.65,1471.2,55.75,15392,41,3,0,66.35,2.2013,11.8071
34,64.81,2.052,6.25,1395.4,57.16,36886,12,19,0,66.8,1.159,10.3696
37,68.47,2.199,6.08,1726.3,50.91,14469,91,13,0,69.81,1.4267,11.2615
31,70.05,1.875,5.73,1333.4,42.98,8511,56,3,0,70.34,1.9591,12.2251
38,63.13,1.46,6.05,1336.4,47.64,28409,81,13,0,74.86,3.8304,10.4347
20,73.75,3.405,5.28,1389.4,46.25,24992,31,3,0,70.77,2.3905,13.9678
47,80.17,2.089,6.34,1392.1,65.77,18125,55,7,0,74.64,2.1509,12.6451
2,77.17,1.027,4.18,1400.8,66.99,6918,88,17,0,71.13,2.702,18.4617
8,69.9,1.251,5.11,1675.0,44.04,39528,98,4,0,69.41,3.9522,13.6791
37,76.87,6.693,5.12,1414.8,63.37,14619,91,13,0,71.0,1.6007,15.0137
23,79.8,0.669,5.55,1188.8,55.98,6456,25,12,0,69.49,2.2039,14.3784
20,67.16,1.18,5.09,1188.8,64.18,24642,31,3,0,70.74,2.4093,13.1945
18,60.73,2.203,4.89,1258.2,44.07,33147,65,18,0,70.94,1.1107,12.4192
50,57.13,1.506,4.4,1334.2,56.26,22547,21,3,0,70.99,4.4831,12.9841
37,61.9,1.489,5.28,1436.1,44.35,14553,91,13,0,70.3,1.6278,11.7235
35,73.79,0.778,6.09,1428.1,62.51,8277,57,10,0,69.49,1.0121,12.1166
12,63.74,3.866,5.18,1421.3,43.29,32336,111,6,0,71.28,2.2631,12.305
22,115.16,3.187,4.1,1227.6,89.2,25331,35,6,1,72.6,3.2759,28.0878
31,62.52,1.196,4.73,1872.9,70.96,8478,56,3,0,70.55,1.9889,13.2178
50,66.51,5.357,4.91,1313.7,64.74,22161,21,3,0,71.14,4.4889,13.5458
9,87.43,5.337,4.43,1469.8,92.13,28903,28,7,1,68.75,1.5421,19.7359
44,55.02,2.213,7.21,1433.2,44.94,15202,41,3,0,65.29,2.1931,7.6311
9,81.43,1.835,6.49,1305.2,60.65,28772,28,7,0,69.79,1.5556,12.547
15,73.19,3.57,6.36,1411.2,47.07,12596,110,16,0,69.38,1.9276,11.5079
11,74.98,9.31,3.58,1721.3,61.69,39847,84,14,0,72.14,4.6522,20.9441
33,78.32,2.089,4.65,1608.6,69.51,17522,109,0,0,67.71,1.4636,16.843
18,61.13,1.017,6.4,1557.8,72.22,32948,65,18,0,70.18,1.1397,9.5516
1,67.22,3.585,6.36,1147.1,67.49,2482,74,9,0,73.39,3.1283,10.5692
27,58.57,2.511,5.21,1379.8,67.09,2296,52,16,0,70.85,1.9999,11.2418
37,52.84,1.983,4.85,1338.4,54.51,14559,91,13,0,69.59,1.598,10.8948
26,61.03,1.952,5.66,1103.3,61.16,12088,95,13,0,68.54,1.5478,10.7827
25,74.07,0.624,5.73,1179.3,66.09,8995,25,2,0,68.79,2.1438,12.9267
7,78.28,0.893,4.91,1825.7,49.6,2902,118,6,0,70.5,1.7824,15.943
47,65.0,1.53,5.92,1171.7,63.98,18152,55,7,0,74.07,2.1742,10.9797
33,60.36,1.071,5.2,1352.6,49.74,17518,109,0,0,67.37,1.4988,11.6077
30,64.04,1.78,7.17,1793.5,48.77,30951,90,2,0,68.27,1.5139,8.9317
28,56.76,4.117,3.82,1293.7,72.28,47979,40,2,0,71.41,1.9213,14.8586
8,58.21,3.774,3.79,1418.4,40.93,39553,98,4,0,68.69,3.9222,15.3588
23,110.01,11.838,4.64,1665.1,59.1,6418,25,12,1,70.73,2.8564,23.7091
3,56.59,2.316,5.64,1558.6,61.39,50218,40,16,0,69.0,1.4526,10.0337
7,71.09,3.155,5.05,1469.2,64.05,2842,118,6,0,69.82,1.761,14.0772
44,65.9,2.005,5.71,1483.8,47.38,15647,41,3,0,65.55,2.1778,11.5412
25,79.77,2.957,5.01,1611.7,47.23,8873,25,2,0,69.3,2.1171,15.9222
27,72.95,3.983,5.83,1484.2,44.76,2069,52,16,0,71.19,1.8597,12.5129
7,77.11,1.143,7.07,1800.4,50.71,2701,118,6,0,70.51,1.7934,10.9066
33,68.36,3.81,4.46,1404.4,55.33,17425,109,0,0,68.35,1.4473,15.3274
36,67.33,2.656,7.34,1396.0,49.47,32578,32,13,0,69.18,2.9769,9.173
20,45.53,1.818,5.29,1665.6,59.37,24559,31,3,0,70.02,2.3279,8.6068
11,61.77,2.856,7.15,1425.2,58.72,39570,84,14,0,71.64,4.6489,8.6392
45,57.5,2.815,6.38,1367.7,69.41,1277,30,11,0,69.61,1.3927,9.0125
9,80.78,4.037,4.92,1457.8,75.11,28557,28,7,0,70.3,1.5146,16.4187
16,56.21,1.548,4.73,1282.3,67.55,3302,83,12,0,70.71,1.679,11.8837
1,81.41,2.379,5.96,1557.3,56.75,2497,74,9,0,73.81,3.1028,13.6594
18,77.85,3.386,6.34,1438.5,38.53,32825,65,18,0,70.5,0.9445,12.2792
15,68.29,1.674,6.77,1628.8,69.27,12800,110,16,0,69.1,1.7428,10.0871
8,63.16,3.082,4.73,1413.9,56.3,39898,98,4,0,68.51,3.9192,13.3531
30,78.34,1.363,6.14,1315.0,54.69,30691,90,2,0,68.59,1.5275,12.759
9,89.62,6.141,3.16,1438.0,69.47,28803,28,7,1,71.17,1.6046,28.3608
16,73.78,4.463,4.95,1487.3,66.43,3379,83,12,0,71.27,1.6595,14.9051
24,76.69,1.741,4.97,1426.2,61.37,2410,86,13,0,72.86,1.4902,15.4306
45,82.13,1.686,5.54,1746.3,44.8,1085,30,11,0,69.99,1.4037,14.8249
13,74.71,1.99,5.91,1753.4,57.46,47079,72,9,0,70.93,2.3038,12.6413
36,69.96,4.726,5.48,1854.2,33.86,32304,32,13,0,69.3,2.9972,12.7664
50,61.08,1.054,5.73,1667.4,73.27,22540,21,3,0,70.46,4.497,10.6597
31,76.37,1.69,5.98,1364.7,45.53,8272,56,3,0,70.59,2.002,12.7709
45,102.0,15.782,2.75,682.0,88.02,1266,30,11,1,71.55,3.036,37.0909
5,67.87,1.858,5.33,1306.3,62.21,31151,49,5,0,68.57,2.7917,12.7336
16,67.74,1.302,5.7,1436.6,49.6,3110,83,12,0,71.18,1.7026,11.8842
46,62.07,1.276,4.57,1237.3,56.6,11281,19,9,0,68.13,1.4814,13.5821
17,91.05,7.228,3.37,1091.0,58.31,49200,49,0,1,74.84,4.4418,27.0178
37,77.77,2.227,6.56,1376.2,55.24,14448,91,13,0,70.39,1.5992,11.8552
10,71.99,3.253,5.89,1449.3,46.33,31029,81,9,0,71.07,1.1575,12.2224
8,41.31,1.071,7.07,1352.2,53.83,39475,98,4,0,67.16,3.9204,5.843
21,62.0,2.535,4.38,1585.6,58.55,41330,7,11,0,69.48,2.1717,14.1553
34,53.81,4.768,4.32,1421.0,75.91,37001,12,19,0,66.32,1.2472,12.456
19,81.01,2.127,5.86,1462.7,53.74,34340,75,12,0,67.14,1.0867,13.8242
2,84.29,1.693,6.55,1290.3,45.26,6820,88,17,0,70.95,2.7102,12.8687
46,61.84,3.299,5.45,1190.3,57.45,11119,19,9,0,68.4,1.4859,11.3468
31,75.92,1.638,7.03,1328.4,68.19,8331,56,3,0,70.57,1.9913,10.7994
36,73.12,3.081,5.32,1332.4,65.96,32712,32,13,0,69.85,2.9651,13.7444
5,88.72,2.208,5.42,1417.0,58.23,31175,49,5,0,69.38,2.7055,16.369
3,62.59,1.525,5.64,1209.0,64.61,50053,40,16,0,68.55,1.459,11.0975
24,80.74,7.808,5.11,1091.7,55.73,2602,86,13,0,73.76,1.7686,15.8004
41,73.92,1.345,6.82,1530.5,67.75,16740,22,7,0,66.48,0.9512,10.8387
44,81.51,1.581,6.86,1335.0,58.51,15327,41,3,0,65.86,2.1695,11.8819
7,64.35,3.655,5.95,1519.9,67.29,2674,118,6,0,70.39,1.7943,10.8151
12,70.37,3.868,6.04,1433.6,35.63,32490,111,6,0,70.58,2.2042,11.6507
31,68.51,1.605,6.84,1177.6,73.4,8419,56,3,0,70.86,1.9759,10.0161
42,69.85,4.792,6.89,1523.1,34.05,5543,63,17,0,67.08,1.4292,10.1379
6,72.73,1.802,6.4,1475.6,44.59,28425,71,2,0,70.37,1.0055,11.3641
44,71.3,1.71,3.56,1584.2,56.8,15613,41,3,0,66.06,2.1652,20.0281
34,75.25,2.032,4.79,1679.1,41.57,37012,12,19,0,67.15,1.2374,15.7098
20,74.48,2.166,7.05,1444.3,46.03,24913,31,3,0,69.89,2.3239,10.5645
42,73.26,3.251,6.01,1531.5,51.05,5798,63,17,0,67.9,1.4437,12.1897
46,67.73,2.851,4.87,1370.9,63.86,11324,19,9,0,68.38,1.4826,13.9076
35,68.19,1.709,5.42,1281.0,71.56,8239,57,10,0,69.51,0.9524,12.5812
22,65.15,1.99,4.88,1360.6,45.65,25015,35,6,0,72.24,3.2805,13.3504
39,88.99,6.482,1.83,1674.7,103.7,34240,15,13,1,69.59,2.5962,48.6284
47,85.15,4.503,4.7,1640.5,72.01,17934,55,7,1,73.49,2.0029,18.117
35,66.37,1.692,4.96,1191.8,52.64,8304,57,10,0,69.8,0.958,13.381
22,68.11,1.827,6.22,1718.0,72.67,25336,35,6,0,71.32,2.7565,10.9502
27,58.45,2.004,5.58,1351.0,51.26,2029,52,16,0,70.31,1.8711,10.4749
43,88.11,1.523,4.86,955.1,58.67,22037,106,18,0,72.2,1.5264,18.1296
32,65.21,4.612,6.6,1707.2,57.07,26007,56,0,0,69.5,1.9423,9.8803
41,91.4,11.797,4.66,1463.9,82.24,16881,22,7,1,66.98,2.1832,19.6137
33,63.82,1.192,5.02,1597.3,60.2,17630,109,0,0,68.7,1.4772,12.7131
28,82.27,1.894,5.25,1593.8,34.61,47781,40,2,0,71.92,1.9272,15.6705
43,63.88,1.802,5.53,1258.4,64.31,22413,106,18,0,72.34,1.5305,11.5515
49,67.62,1.31,5.44,1691.9,57.79,34984,62,5,0,71.72,1.2416,12.4301
37,60.57,3.689,4.59,1691.0,77.28,14595,91,13,0,70.11,1.5594,13.1961
35,71.64,3.625,5.69,1657.3,62.9,8296,57,10,0,69.94,0.9594,12.5905
26,64.82,2.15,5.72,1687.2,49.98,11843,95,13,0,68.07,1.5273,11.3322
35,60.51,5.865,7.23,1354.4,46.95,8442,57,10,0,69.71,1.1672,8.3693
42,71.4,2.223,5.36,1216.2,53.96,5968,63,17,0,68.34,1.4268,13.3209
40,84.37,7.358,4.41,1380.1,54.36,39084,23,8,0,71.28,2.6399,19.1315
20,77.67,5.1,5.57,1619.8,46.39,24545,31,3,0,70.04,2.3152,13.9443
9,54.49,1.251,4.26,1591.6,54.71,28623,28,7,0,70.16,1.6486,12.7911
21,67.56,2.329,4.88,1089.6,54.71,41396,7,11,0,69.19,2.1519,13.8443
43,82.02,12.011,3.1,1390.3,88.56,22043,106,18,1,73.25,2.4238,26.4581
44,65.2,1.75,5.2,1472.6,48.96,15629,41,3,0,65.92,2.1617,12.5385
8,66.68,2.654,5.64,1586.6,44.59,39810,98,4,0,66.66,3.8862,11.8227
8,73.89,1.329,6.03,1472.0,53.89,39910,98,4,0,67.0,3.909,12.2537
35,69.54,1.198,7.51,1645.0,45.53,8366,57,10,0,69.76,1.1919,9.2597
28,73.65,2.041,5.65,1439.3,59.72,47948,40,2,0,72.03,1.934,13.0354
1,93.45,2.373,0.75,1498.1,75.34,2473,74,9,1,74.7,3.0884,124.6
12,59.24,2.732,4.54,1458.3,78.28,32613,111,6,0,69.81,2.1966,13.0485
9,73.9,0.775,4.87,2144.3,63.02,28792,28,7,0,70.55,1.6425,15.1745
48,76.84,2.407,4.04,1589.8,36.65,29640,115,7,0,73.49,2.2894,19.0198
10,68.93,3.509,3.74,1606.7,44.38,31248,81,9,0,71.32,1.1657,18.4305
17,100.55,5.7,2.83,1683.0,89.14,48992,49,0,1,76.11,4.4407,35.53
25,55.71,2.064,4.95,1521.0,36.26,8792,25,2,0,69.15,2.121,11.2545
37,64.54,1.307,5.62,1373.9,38.02,14524,91,13,0,70.02,1.5484,11.484
2,76.13,2.41,4.91,1811.5,47.16,6984,88,17,0,70.89,2.714,15.5051
13,74.88,2.661,6.09,1589.5,81.28,46865,72,9,0,71.27,2.2908,12.2956
39,69.78,1.908,5.88,1668.4,47.81,34310,15,13,0,69.89,2.6144,11.8673
32,49.85,2.814,5.09,1118.1,85.24,26231,56,0,0,68.63,1.922,9.7937
5,58.97,1.088,4.39,1340.1,68.89,31147,49,5,0,68.48,2.7186,13.4328
19,82.22,3.611,5.76,1402.0,71.93,33962,75,12,0,67.56,1.095,14.2743
25,76.6,2.186,5.64,1265.3,70.72,9141,25,2,0,69.84,2.1079,13.5816
20,87.87,3.429,5.6,1148.6,64.16,24819,31,3,0,71.22,2.3035,15.6911
17,51.44,7.842,6.22,1092.1,36.94,49080,49,0,0,75.38,4.4974,8.2701
26,75.99,1.933,6.82,1601.3,47.09,12193,95,13,0,67.91,1.5306,11.1422
28,65.83,1.011,5.42,1267.2,56.66,48072,40,2,0,71.76,1.9441,12.1458
28,66.3,2.449,5.21,1420.4,61.56,47680,40,2,0,71.23,1.9419,12.7255
19,78.99,5.39,4.81,1529.7,54.04,33864,75,12,0,67.66,1.2257,16.422
23,49.05,2.628,6.21,1490.0,65.9,6653,25,12,0,69.9,2.8245,7.8986
30,68.35,2.931,6.68,1431.2,51.91,30912,90,2,0,68.74,1.5179,10.232
46,79.27,1.664,5.17,1507.8,49.69,11154,19,9,0,68.98,1.4956,15.3327
2,104.24,5.147,3.21,1728.0,107.4,6826,88,17,1,72.41,2.7172,32.4735
21,68.3,0.883,5.36,1374.9,30.94,41587,7,11,0,69.21,2.1648,12.7425
36,66.45,1.146,5.18,1555.7,48.8,32652,32,13,0,69.84,2.9691,12.8282
18,53.27,7.393,5.92,1405.8,54.51,33149,65,18,0,69.99,1.3921,8.9983
9,66.5,2.305,4.81,1429.6,54.28,28844,28,7,0,70.4,1.6429,13.8254
14,63.65,1.823,4.67,1481.3,73.92,32905,41,2,0,67.08,1.4513,13.6296
46,57.84,6.248,5.14,1260.5,36.25,11523,19,9,0,68.13,1.6474,11.2529
24,117.05,5.788,6.05,1182.2,55.45,2294,86,13,1,74.4,1.8019,19.3471
29,72.81,2.632,5.81,1825.1,48.04,36846,18,13,0,74.55,1.958,12.5318
46,56.73,4.042,6.89,1571.6,74.8,11416,19,9,0,66.6,1.546,8.2337
42,59.19,3.539,4.67,1597.8,62.24,5738,63,17,0,68.65,1.3471,12.6745
33,63.42,3.601,5.39,1372.2,42.41,17819,109,0,0,68.34,1.4887,11.7662
15,85.07,1.746,6.17,1507.0,40.62,12672,110,16,0,69.35,1.7165,13.7877
13,70.23,2.411,5.93,1285.9,61.91,46689,72,9,0,70.4,2.0393,11.8432
9,66.8,1.825,4.81,1568.2,40.46,28872,28,7,0,70.84,1.6569,13.8877
33,110.82,3.963,3.89,2316.9,43.89,17469,109,0,1,70.05,1.5038,28.4884
48,80.86,2.205,4.7,1360.0,49.9,29908,115,7,0,73.66,2.2977,17.2043
29,65.47,2.43,5.34,1229.6,51.26,36796,18,13,0,74.55,1.9362,12.2603
31,62.8,3.052,4.48,1617.5,71.55,8606,56,3,0,70.47,1.9739,14.0179
30,59.06,0.808,5.86,1153.9,44.25,30714,90,2,0,67.8,1.5582,10.0785
46,78.31,2.173,4.37,1759.5,49.52,11200,19,9,0,66.36,1.5513,17.9199
33,100.07,5.452,1.82,1150.2,99.98,17838,109,0,1,72.05,1.3425,54.9835
37,63.37,2.836,5.16,1360.7,80.41,14396,91,13,0,69.59,1.5428,12.281
47,72.88,2.004,4.69,1319.7,41.31,17784,55,7,0,73.21,1.9935,15.5394
47,69.48,2.085,5.6,1902.9,44.29,17679,55,7,0,73.18,1.9983,12.4071
31,71.83,1.156,6.48,1510.9,49.57,8368,56,3,0,70.34,1.9882,11.0849
11,59.13,2.152,4.73,1688.1,67.98,39678,84,14,0,70.25,2.1249,12.5011
49,64.51,1.9,4.69,1113.1,53.56,35199,62,5,0,71.62,1.2638,13.7548
41,65.84,1.387,5.41,1844.5,42.56,16848,22,7,0,67.17,2.179,12.1701
23,69.12,3.253,5.66,1804.8,77.94,6290,25,12,0,70.07,2.82,12.212
50,78.31,3.144,6.37,1858.0,50.72,22163,21,3,0,70.71,4.4984,12.2936
47,73.76,1.138,6.16,1454.9,55.25,17671,55,7,0,73.68,2.0264,11.974
41,65.45,1.5,5.47,1754.3,52.29,16642,22,7,0,67.31,2.1726,11.9653
34,65.26,1.713,6.43,1201.1,58.64,37032,12,19,0,67.4,1.2369,10.1493
17,62.57,0.961,4.47,1788.3,57.81,49124,49,0,0,75.04,4.5267,13.9978
8,57.83,2.349,4.86,1359.8,44.83,39464,98,4,0,66.47,3.9138,11.8992
14,78.58,1.587,6.21,1571.1,50.51,32846,41,2,0,67.36,1.4632,12.6538
24,77.68,2.018,6.56,1532.8,58.73,2349,86,13,0,74.6,1.787,11.8415
13,91.01,4.491,5.2,1638.3,46.9,47068,72,9,1,71.73,2.0754,17.5019
21,65.81,1.959,5.19,1532.7,46.58,41434,7,11,0,68.83,2.1707,12.6802
22,64.42,1.451,5.5,1276.8,28.64,24998,35,6,0,70.89,2.7758,11.7127
10,75.28,3.157,4.28,1390.1,41.02,31251,81,9,0,71.82,1.1685,17.5888
33,83.88,1.476,5.54,1382.3,46.62,17485,109,0,0,72.91,1.3261,15.1408
4,57.02,1.017,5.6,1725.3,68.85,31573,45,1,0,66.45,1.8118,10.1821
29,60.09,1.806,7.33,1370.7,60.62,36941,18,13,0,73.92,1.9396,8.1978
4,75.39,2.786,5.3,1693.7,40.67,31711,45,1,0,66.76,1.8103,14.2245
20,71.48,1.621,6.32,1669.6,69.31,24603,31,3,0,71.32,2.3039,11.3101
30,65.66,1.794,6.05,1336.6,66.67,30860,90,2,0,67.69,1.5227,10.8529
48,100.82,6.362,3.82,1451.2,94.11,29659,115,7,1,74.41,2.3908,26.3927
46,65.0,2.834,4.55,1405.0,59.78,11090,19,9,0,66.71,1.546,14.2857
48,84.29,3.087,6.48,1313.7,59.49,29873,115,7,0,74.3,2.3894,13.0077
25,71.62,1.098,5.95,1542.0,72.34,8853,25,2,0,69.34,1.6327,12.037
25,69.26,1.544,4.56,1359.8,31.58,9130,25,2,0,69.17,1.6395,15.1886
49,77.29,2.256,5.64,1093.8,61.67,35209,62,5,0,72.39,1.1711,13.7039
28,57.4,1.486,4.91,1075.0,47.75,47758,40,2,0,70.84,1.9302,11.6904
13,91.59,10.829,1.99,1741.3,78.7,46795,72,9,1,72.93,2.6597,46.0251
18,60.44,1.481,4.38,1473.5,51.47,32769,65,18,0,70.31,1.4076,13.7991
2,60.44,1.345,4.24,1062.4,42.13,6866,88,17,0,72.42,2.7449,14.2547
29,69.55,2.354,6.68,1257.5,47.44,36935,18,13,0,74.08,1.914,10.4117
47,70.08,1.079,5.5,1334.9,44.56,17734,55,7,0,74.05,2.0588,12.7418
26,64.89,1.373,4.61,1665.1,44.26,12092,95,13,0,67.88,1.5391,14.0759
46,90.41,3.168,5.26,1360.3,53.38,11273,19,9,0,67.64,1.5466,17.1882
42,69.91,3.492,4.54,1573.4,68.45,5635,63,17,0,68.34,1.3522,15.3987
46,67.27,3.526,6.22,1349.6,60.8,11242,19,9,0,67.65,1.5527,10.8151
16,96.54,7.416,1.93,2351.1,86.03,3259,83,12,1,72.47,1.8845,50.0207
28,59.81,2.059,6.31,1614.1,72.2,48019,40,2,0,70.36,1.9293,9.4786
21,65.68,1.692,5.48,1023.4,63.39,41529,7,11,0,69.0,2.174,11.9854
14,60.32,2.476,4.49,1510.5,67.4,33210,41,2,0,67.05,1.4596,13.4343
7,94.89,7.541,2.69,2091.4,116.97,2633,118,6,1,71.64,1.9971,35.2751
8,73.17,2.62,5.81,1333.3,65.06,39874,98,4,0,66.91,3.9161,12.5938
29,62.5,3.304,6.43,1266.1,91.12,36854,18,13,0,72.75,1.9132,9.7201
45,68.04,3.186,4.69,1713.7,50.15,1123,30,11,0,71.71,3.0136,14.5075
9,62.34,5.84,6.21,1307.3,49.16,28500,28,7,0,70.84,1.7377,10.0386
32,69.36,1.952,5.9,1616.8,41.1,26170,56,0,0,69.32,1.9199,11.7559
18,75.74,2.783,5.05,1500.7,68.42,32797,65,18,0,70.77,1.4074,14.998
29,84.07,10.68,5.11,1604.2,43.09,36709,18,13,0,72.76,2.4007,16.4521
48,78.36,3.786,4.86,1152.3,51.09,29664,115,7,0,74.49,2.3779,16.1235
23,61.45,6.484,5.96,1645.5,60.96,6559,25,12,0,70.09,2.8914,10.3104
34,67.46,2.435,4.22,1353.9,58.78,37107,12,19,0,67.23,1.1334,15.9858
33,62.22,2.288,4.22,1463.6,60.15,17712,109,0,0,72.82,1.3218,14.7441
12,77.2,1.45,4.69,1169.1,40.82,32244,111,6,0,70.61,2.2096,16.4606
48,69.96,3.861,4.51,1674.1,52.03,30034,115,7,0,74.03,2.3426,15.5122
23,80.94,3.733,4.03,1951.2,45.98,6612,25,12,0,70.36,2.8646,20.0844
49,63.6,4.607,5.46,1751.3,61.33,34937,62,5,0,72.34,1.1691,11.6484
39,69.15,2.226,4.47,1741.7,63.24,34005,15,13,0,70.15,2.6205,15.4698
13,74.2,1.952,4.23,1733.5,69.51,47022,72,9,0,72.47,2.6472,17.5414
38,66.91,3.934,5.19,1604.6,59.88,28572,81,13,0,75.22,3.8281,12.8921
12,71.32,4.122,4.79,1317.1,57.13,32320,111,6,0,69.5,2.2312,14.8894
22,69.75,2.122,6.11,1657.4,60.06,25105,35,6,0,71.1,2.7477,11.4157
27,73.27,1.323,5.89,1283.9,44.21,2088,52,16,0,69.3,1.5673,12.4397
6,76.07,2.006,6.55,1656.0,44.75,28695,71,2,0,70.88,0.9993,11.6137
8,69.49,2.667,4.83,1884.4,55.18,39647,98,4,0,66.9,3.9119,14.3872
8,68.79,3.018,5.61,1514.2,57.73,39688,98,4,0,67.14,3.9113,12.262
10,70.8,4.471,6.68,1570.1,71.25,31035,81,9,0,72.13,1.217,10.5988
49,70.78,3.686,5.91,1406.1,57.79,35046,62,5,0,72.35,1.111,11.9763
49,65.19,3.687,5.41,1089.5,66.66,35190,62,5,0,72.09,1.1054,12.0499
17,71.03,2.814,4.36,1841.5,43.8,48721,49,0,0,74.93,4.5021,16.2913
30,55.53,2.122,4.53,1576.0,27.91,31039,90,2,0,67.72,1.5198,12.2583
12,60.51,3.043,6.43,1425.6,46.34,32573,111,6,0,68.85,2.2187,9.4106
15,65.81,3.274,5.94,1448.5,45.01,12825,110,16,0,69.76,1.681,11.0791
16,69.21,1.212,6.94,1073.3,56.73,3337,83,12,0,71.93,1.9183,9.9726
38,63.91,3.287,4.91,1511.6,54.9,28421,81,13,0,75.35,3.8148,13.0163
33,67.58,1.432,4.87,1560.7,63.57,17777,109,0,0,72.48,1.3343,13.8768
17,71.28,1.837,5.9,1306.3,52.64,48936,49,0,0,75.18,4.4869,12.0814
24,77.01,1.706,5.46,1630.5,55.15,2406,86,13,0,75.3,1.7927,14.1044
41,56.77,2.234,3.89,1185.3,47.34,17073,22,7,0,67.63,2.17,14.5938
43,75.81,1.216,5.27,1393.5,43.64,22250,106,18,0,73.72,2.4521,14.3852
14,62.69,2.472,5.11,1458.3,58.73,33183,41,2,0,66.58,1.4511,12.2681
49,55.81,2.877,5.29,1419.5,49.07,35011,62,5,0,71.9,1.0416,10.5501
11,57.6,3.539,5.09,1427.7,48.37,39984,84,14,0,70.52,2.1111,11.3163
19,64.55,4.145,3.05,1777.7,113.97,34276,75,12,1,67.81,1.2607,21.1639
47,75.03,1.404,5.87,1187.9,71.02,17850,55,7,0,74.37,2.0504,12.7819
26,71.81,2.24,6.89,1240.9,57.08,11945,95,13,0,68.17,1.5398,10.4224
43,58.41,1.057,3.87,1441.6,34.41,22341,106,18,0,73.2,2.469,15.093
37,77.59,1.147,4.75,1457.8,32.76,14298,91,13,0,70.03,1.4269,16.3347
9,50.16,3.136,6.92,1207.0,59.93,28830,28,7,0,70.16,1.7349,7.2486
50,68.37,4.751,5.54,1367.3,41.26,22511,21,3,0,70.75,4.5034,12.3412
50,80.32,1.294,5.68,1073.2,54.34,22347,21,3,0,71.7,4.5172,14.1408
27,66.71,2.17,5.02,1281.2,63.88,2195,52,16,0,69.35,1.5788,13.2888
37,66.28,0.936,4.33,1379.3,70.24,14745,91,13,0,69.29,1.4618,15.3072
37,65.42,2.33,5.79,1753.2,25.15,14280,91,13,0,69.68,1.4507,11.2988
21,59.44,2.351,6.27,1354.1,44.68,41189,7,11,0,68.91,2.1647,9.4801
18,80.55,1.521,3.81,1372.5,47.71,32881,65,18,0,71.31,1.415,21.1417
18,63.75,1.649,6.0,1195.0,55.34,32822,65,18,0,70.76,1.4231,10.625
24,68.18,3.302,4.88,1437.6,52.26,2542,86,13,0,75.61,1.7897,13.9713
42,73.0,1.031,5.55,1357.2,50.55,5817,63,17,0,69.22,1.356,13.1532
19,70.16,1.151,6.49,1364.4,56.17,33989,75,12,0,68.5,1.2997,10.8105
41,59.7,0.553,6.11,1162.7,53.64,16994,22,7,0,67.25,2.1626,9.7709
40,59.27,1.886,3.97,1528.1,35.45,39269,23,8,0,71.26,2.6519,14.9295
50,74.63,2.109,6.77,1409.8,77.73,22172,21,3,0,71.28,4.5126,11.0236
11,54.5,2.531,5.93,1303.2,68.55,39675,84,14,0,69.42,2.116,9.1906
10,78.15,2.307,6.67,1850.5,58.69,31290,81,9,0,72.26,1.2164,11.7166
20,67.29,1.932,4.31,1541.1,56.03,24923,31,3,0,71.57,2.3092,15.6125
32,74.73,1.258,3.38,1177.3,46.56,26196,56,0,0,69.58,1.957,22.1095
9,82.84,2.768,5.95,1291.7,43.98,28947,28,7,0,71.04,1.7335,13.9227
41,79.37,1.658,3.91,1801.7,44.35,16797,22,7,0,67.82,2.171,20.2992
31,54.21,1.025,5.07,1368.2,43.9,8504,56,3,0,69.82,2.0112,10.6923
10,86.05,2.262,5.85,1372.1,72.48,31279,81,9,0,72.48,1.2201,14.7094
11,71.19,3.401,5.38,1448.5,51.59,39928,84,14,0,69.97,2.0999,13.2323
38,61.76,1.785,6.09,1319.1,69.34,28258,81,13,0,74.17,2.3587,10.1412
39,77.29,1.651,5.5,1546.1,27.7,34190,15,13,0,70.31,2.6231,14.0527
10,72.72,2.797,1.51,1688.8,127.78,31381,81,9,1,72.45,1.2065,48.1589
45,64.61,1.34,7.43,1182.4,55.99,1005,30,11,0,71.01,3.0374,8.6958
6,68.14,2.277,5.3,1501.0,60.1,28580,71,2,0,70.33,0.9862,12.8566
34,75.65,1.859,5.31,1428.2,56.49,36759,12,19,0,67.4,1.1377,14.2467
29,66.95,2.183,4.61,1282.2,51.8,36752,18,13,0,72.57,2.3098,14.5228
23,61.32,1.451,3.95,1472.6,60.61,6670,25,12,0,70.3,2.8887,15.5241
37,55.64,1.202,5.49,1500.9,37.82,14350,91,13,0,69.11,1.4595,10.1348
14,64.8,3.113,5.58,1144.0,53.99,33103,41,2,0,66.58,1.4497,11.6129
16,95.24,6.827,1.3,1498.1,97.48,3247,83,12,1,73.15,2.0434,73.2615
28,70.48,1.676,5.88,1474.0,49.04,47832,40,2,0,70.48,1.9267,11.9864
35,81.84,7.536,4.73,1653.7,47.48,8173,57,10,0,70.65,1.5651,17.3023
29,50.97,2.229,6.33,1183.9,53.25,37081,18,13,0,71.72,2.2898,8.0521
39,63.53,4.613,5.96,1321.1,48.45,34285,15,13,0,69.92,2.6154,10.6594
48,98.05,2.493,1.1,1601.4,69.51,29549,115,7,1,75.07,2.3334,89.1364
50,59.12,2.33,3.75,1392.3,59.27,22201,21,3,0,71.01,4.5211,15.7653
46,57.49,1.964,4.89,1778.9,68.86,11199,19,9,0,67.49,1.5206,11.7566
5,74.56,1.222,5.03,1244.2,48.87,31461,49,5,0,68.74,1.4268,14.8231
27,60.62,2.168,7.6,1422.3,43.77,1933,52,16,0,69.05,1.5248,7.9763
5,47.44,1.6,5.82,1432.6,53.79,31282,49,5,0,66.55,1.3728,8.1512
8,72.56,4.726,4.15,1844.3,44.07,39798,98,4,0,67.6,3.921,17.4843
14,58.58,1.768,6.11,1472.1,56.96,33133,41,2,0,65.53,1.463,9.5876
22,115.53,12.216,2.26,1607.2,64.0,25278,35,6,1,73.61,3.3149,51.1195
24,72.81,1.285,5.01,1371.8,62.12,2245,86,13,0,76.14,1.8187,14.5329
35,60.07,2.145,5.72,1266.1,52.38,8467,57,10,0,70.29,1.5597,10.5017
35,83.62,0.552,5.12,1543.5,53.7,8093,57,10,0,70.91,1.5616,16.332
35,62.09,1.925,6.11,1447.6,41.65,8466,57,10,0,70.64,1.5578,10.162
5,65.28,3.3,5.95,1547.7,52.6,31237,49,5,0,66.5,1.3727,10.9714
5,62.67,3.914,4.22,1222.1,43.16,31437,49,5,0,67.07,1.4034,14.8507
35,41.0,2.983,6.01,1641.4,35.19,8384,57,10,0,69.21,1.5535,6.822
43,84.9,4.785,1.9,2278.9,71.64,22223,106,18,1,74.02,2.474,44.6842
9,65.37,3.837,4.95,1377.3,54.23,28755,28,7,0,71.46,1.7386,13.2061
34,61.76,2.666,5.32,1246.6,55.17,36993,12,19,0,67.17,1.1328,11.609
28,69.32,2.887,5.16,1262.4,40.74,47951,40,2,0,71.09,1.908,13.4341
43,103.91,13.908,5.28,1607.1,79.23,22292,106,18,1,74.88,3.2815,19.6799
15,75.55,2.862,5.02,1265.0,39.96,12663,110,16,0,70.19,1.6812,15.0498
47,71.91,1.194,5.38,1332.6,60.23,17954,55,7,0,74.87,2.0756,13.3662
33,61.57,1.659,5.16,1642.6,40.58,17723,109,0,0,72.18,1.3315,11.9322
44,76.26,3.862,5.52,1212.9,64.12,15276,41,3,0,66.34,2.182,13.8152
41,60.05,2.211,5.02,1420.2,59.73,17087,22,7,0,67.12,2.1717,11.9622
35,58.81,4.171,6.56,1671.0,60.47,8406,57,10,0,68.32,1.5673,8.9649
7,64.12,1.769,5.29,1680.2,52.13,2694,118,6,0,71.86,1.5769,12.121
6,104.98,12.799,4.22,1896.3,78.85,28390,71,2,1,71.74,2.2991,24.8768
5,79.31,2.506,5.75,1474.6,56.7,31495,49,5,0,67.52,1.4019,13.793
7,72.7,5.653,5.56,1760.3,65.64,2884,118,6,0,72.37,1.6565,13.0755
6,70.26,3.967,4.43,1305.2,50.53,28308,71,2,0,72.16,2.2993,15.86
40,56.68,2.018,5.44,1269.0,81.82,39099,23,8,0,70.63,2.6473,10.4191
44,92.58,5.037,3.31,2087.4,107.02,15271,41,3,1,68.1,2.2448,27.9698
19,68.23,2.097,5.48,1388.7,54.94,34115,75,12,0,68.57,1.294,12.4507
44,76.49,2.104,5.36,1575.6,60.12,15272,41,3,0,68.74,2.2231,14.2705
47,72.97,2.72,6.25,1680.4,53.27,17811,55,7,0,74.73,1.9303,11.6752
31,54.56,2.402,5.3,1683.7,37.8,8317,56,3,0,69.22,1.127,10.2943
41,70.07,4.054,4.45,1842.5,52.85,16703,22,7,0,66.82,2.1743,15.7461
38,77.37,4.542,5.25,1901.1,68.44,28157,81,13,0,74.73,2.3136,14.7371
45,64.02,1.414,6.11,1744.6,60.92,1303,30,11,0,71.0,3.0483,10.4779
24,71.47,2.252,5.75,1780.2,67.99,2215,86,13,0,76.73,1.8204,12.4296
17,66.39,2.85,5.47,1061.1,71.69,48814,49,0,0,74.99,4.4472,12.1371
45,75.21,3.147,6.16,1318.5,51.71,1131,30,11,0,71.33,3.0305,12.2094
13,84.57,3.388,5.52,1179.6,61.88,46871,72,9,0,72.54,2.6155,15.3207
44,64.37,2.973,6.56,1289.7,70.04,15656,41,3,0,68.98,2.2016,9.8125
4,81.46,1.821,5.14,1455.5,30.2,31669,45,1,0,67.65,1.8097,15.8482
46,76.04,13.26,3.03,1622.3,77.61,11408,19,9,1,67.77,2.608,25.0957
19,66.37,1.241,6.29,1487.5,38.71,34144,75,12,0,68.11,1.3164,10.5517
1,62.85,1.411,5.94,766.1,56.57,2717,74,9,0,75.15,3.0829,10.5808
34,54.32,1.073,4.46,1733.3,40.57,36951,12,19,0,66.14,1.1651,12.1794
13,54.72,1.983,6.84,1413.0,48.95,47038,72,9,0,71.97,2.5934,8.0
19,65.3,1.699,6.05,1531.8,45.75,34192,75,12,0,67.54,1.3291,10.7934
41,64.66,3.606,5.26,1494.6,49.69,16913,22,7,0,66.84,2.15,12.2928
6,77.3,2.175,4.77,1273.0,52.69,28543,71,2,0,72.58,2.297,16.2055
24,73.73,1.724,5.04,1536.9,61.94,2442,86,13,0,76.61,1.8144,14.629
48,68.92,2.262,6.35,1620.4,68.19,29964,115,7,0,75.16,2.3271,10.8535
11,63.32,3.223,4.52,1220.0,60.28,39893,84,14,0,70.01,2.0993,14.0088
40,93.85,7.314,3.78,1947.9,66.5,39140,23,8,1,71.63,2.7461,24.828
34,64.34,1.633,4.97,1324.4,53.13,36936,12,19,0,66.51,1.1759,12.9457
9,102.43,3.7,5.67,1590.6,90.18,28952,28,7,1,72.69,1.6984,18.0653
11,64.55,4.397,5.93,1478.1,43.88,39948,84,14,0,69.69,2.0739,10.8853
34,73.11,5.872,5.67,1462.1,48.92,36720,12,19,0,67.39,1.3442,12.8942
47,85.9,1.673,5.52,1525.5,58.55,17918,55,7,0,74.94,1.931,15.5616
39,63.76,2.239,6.01,1626.7,38.04,34308,15,13,0,69.92,2.6228,10.609
13,73.11,2.259,5.28,1555.4,85.71,46953,72,9,0,72.44,2.5998,13.8466
44,62.83,3.384,6.62,1464.7,76.68,15402,41,3,0,68.35,0.9549,9.4909
7,71.52,2.67,7.04,1347.4,70.66,2588,118,6,0,72.01,1.6402,10.1591
7,81.78,2.649,4.52,1325.1,62.65,3034,118,6,0,71.6,1.6324,18.0929
42,60.96,2.071,6.61,1538.5,38.2,5576,63,17,0,68.23,1.0342,9.2224
36,84.44,2.111,5.29,1507.9,57.08,32463,32,13,0,70.87,2.9393,15.9622
1,71.68,2.605,4.37,1693.3,59.79,2669,74,9,0,74.24,2.4369,16.4027
14,56.42,2.858,6.49,1517.5,30.36,32990,41,2,0,65.42,1.4284,8.6934
34,73.13,5.58,4.71,1319.3,50.3,36873,12,19,0,67.43,1.4474,15.5265
33,78.4,2.331,4.73,1356.3,66.73,17650,109,0,0,72.54,1.3106,16.5751
21,79.64,1.518,6.32,1490.6,32.57,41295,7,11,0,69.47,2.1679,12.6013
4,69.33,1.97,5.1,1082.7,51.96,31479,45,1,0,67.79,1.7899,13.5941
28,68.12,3.106,5.71,1506.6,57.06,48082,40,2,0,70.78,1.909,11.9299
4,72.44,1.515,4.49,1470.7,62.97,31552,45,1,0,67.36,1.7734,16.1336
29,68.15,1.318,5.63,1371.5,60.59,36856,18,13,0,71.04,2.2192,12.1048
5,65.0,1.509,4.45,1550.8,46.83,31545,49,5,0,67.4,1.4063,14.6067
15,70.76,1.809,6.69,1387.5,49.22,12530,110,16,0,69.54,1.6972,10.577
22,74.59,1.729,4.75,1452.8,43.77,25335,35,6,0,73.18,3.328,15.7032
24,75.02,3.828,5.33,1540.8,58.77,2422,86,13,0,76.76,1.8171,14.075
50,65.75,2.048,5.58,1577.5,49.24,22192,21,3,0,71.2,4.5315,11.7832
14,63.12,2.254,5.6,1781.5,59.44,33149,41,2,0,65.48,1.394,11.2714
49,65.04,2.36,5.01,1650.6,66.44,35125,62,5,0,71.37,1.0193,12.982
9,70.86,3.571,7.07,1468.6,46.01,28779,28,7,0,72.44,1.6775,10.0226
7,63.28,1.465,5.49,1322.4,73.49,2984,118,6,0,71.79,1.6045,11.5264
6,64.76,3.313,7.02,1432.3,41.14,28599,71,2,0,72.33,2.293,9.2251
41,66.29,1.975,5.43,1531.1,54.55,16873,22,7,0,66.82,2.1328,12.2081
44,77.57,1.501,5.19,1604.9,63.71,15631,41,3,0,69.19,0.9641,14.9461
3,75.9,3.56,5.32,1598.3,44.91,50244,40,16,0,69.18,1.4832,14.2669
13,73.17,2.062,3.35,1364.6,47.4,46925,72,9,0,72.5,2.585,21.8418
42,60.04,2.015,3.88,1336.1,68.96,5838,63,17,0,67.54,1.0259,15.4742
13,68.92,1.649,4.84,1076.8,45.42,46814,72,9,0,72.05,2.6034,14.2397
31,68.56,0.827,7.23,1707.1,54.92,8179,56,3,0,69.1,1.1545,9.4827
27,52.71,1.735,6.82,1368.7,48.88,1921,52,16,0,69.2,1.5248,7.7287
28,79.3,14.537,3.46,1575.6,101.67,47625,40,2,1,71.09,3.0276,22.9191
49,59.95,1.427,5.73,1640.0,80.85,34971,62,5,0,69.76,1.0487,10.4625
16,70.33,2.102,6.29,1247.6,59.73,3430,83,12,0,73.48,2.0587,11.1812
24,72.73,1.169,5.1,1267.5,39.44,2493,86,13,0,76.58,1.8677,14.2608
14,97.98,8.226,1.6,1649.4,109.39,32876,41,2,1,66.7,1.7566,61.2375
41,62.39,1.328,7.0,1520.3,34.33,16907,22,7,0,66.53,2.1333,8.9129
49,72.35,2.718,5.24,1322.6,68.37,35224,62,5,0,69.91,0.995,13.8073
42,73.25,1.356,5.94,1637.3,56.58,5541,63,17,0,68.06,1.0346,12.3316
43,71.33,2.77,7.0,1411.5,71.64,22136,106,18,0,72.19,3.2609,10.19
37,69.23,4.19,5.59,1513.3,59.22,14317,91,13,0,68.18,1.4852,12.3846
49,58.0,1.204,5.72,1761.7,61.17,35161,62,5,0,69.26,1.0638,10.1399
46,90.54,6.335,4.91,1811.1,70.46,11039,19,9,1,69.11,2.6632,18.4399
46,70.27,1.424,5.99,1688.9,63.27,11223,19,9,0,69.16,2.6696,11.7312
2,61.9,1.243,5.42,1509.5,64.14,6682,88,17,0,72.45,2.7585,11.4207
24,41.36,3.48,4.59,1187.1,32.45,2269,86,13,0,75.07,1.8466,9.0109
35,65.27,4.163,5.96,1504.8,61.8,8274,57,10,0,68.26,1.5986,10.9513
3,67.69,2.447,5.29,1551.1,68.99,50356,40,16,0,68.95,1.4768,12.7958
44,55.93,1.673,6.15,1764.1,39.21,15520,41,3,0,69.02,0.9512,9.0943
5,70.52,6.336,4.39,1572.9,51.89,31310,49,5,0,67.43,1.6059,16.0638
30,65.35,1.675,6.71,1802.7,54.4,30935,90,2,0,66.86,1.3372,9.7392
46,62.23,1.049,4.15,1740.5,43.58,11303,19,9,0,68.99,2.689,14.9952
26,73.76,2.788,5.88,1198.8,43.61,11725,95,13,0,68.27,1.5266,12.5442
5,58.37,2.315,5.82,1587.6,50.93,31372,49,5,0,67.08,1.5973,10.0292
34,75.43,3.288,6.3,1485.8,46.91,37177,12,19,0,68.25,1.4466,11.973
11,57.95,2.503,6.07,1615.0,60.06,39858,84,14,0,69.41,2.0403,9.547
45,60.54,2.368,6.92,1117.8,39.01,1241,30,11,0,71.39,2.9995,8.7486
50,70.67,1.723,6.24,1623.5,52.85,22302,21,3,0,69.95,4.527,11.3253
48,62.59,2.497,5.73,1622.3,68.44,29752,115,7,0,74.97,2.327,10.9232
12,68.9,5.878,6.24,1262.8,47.73,32341,111,6,0,69.08,2.2933,11.0417
38,79.82,3.887,6.58,1818.6,56.6,28550,81,13,0,73.66,2.3137,12.1307
40,63.81,1.918,5.69,1569.3,46.94,39407,23,8,0,70.3,2.2691,11.2144
2,65.48,2.547,5.65,1748.3,76.75,6961,88,17,0,72.04,2.7559,11.5894
14,52.16,4.416,6.24,1491.0,40.55,33241,41,2,0,65.82,1.7732,8.359
24,69.21,1.566,5.25,1342.1,50.61,2214,86,13,0,75.43,1.8619,13.1829
18,61.54,1.249,4.78,1510.6,52.6,32862,65,18,0,70.58,1.44,12.8745
23,84.15,2.11,4.95,1156.1,54.47,6223,25,12,0,71.28,2.8423,17.0
40,63.97,0.847,6.69,2013.4,24.86,39141,23,8,0,70.06,2.3023,9.562
32,62.57,1.973,6.66,1583.5,55.4,26092,56,0,0,67.92,1.9067,9.3949
2,67.09,2.137,5.67,1655.5,71.39,6900,88,17,0,71.8,2.7479,11.8325
33,98.83,7.596,3.64,1782.9,88.22,17720,109,0,1,73.73,1.6495,27.1511
24,101.95,10.389,3.95,1429.7,58.69,2477,86,13,1,76.86,2.372,25.8101
20,51.38,1.737,5.4,1571.7,65.79,24528,31,3,0,70.37,2.3145,9.5148
10,71.51,0.937,6.22,1378.7,69.36,30981,81,9,0,72.52,1.2469,11.4968
46,78.18,1.318,5.85,1439.7,55.3,11165,19,9,0,69.49,2.5938,13.3641
23,62.65,1.82,4.96,1751.6,27.02,6648,25,12,0,70.13,2.8375,12.631
19,98.39,6.586,3.85,1601.5,67.25,34216,75,12,1,69.03,1.5414,25.5558
39,55.42,2.881,4.8,1706.7,35.72,33954,15,13,0,69.19,2.6109,11.5458
42,86.5,11.211,2.02,1114.8,114.11,5601,63,17,1,69.08,2.1089,42.8218
11,69.63,1.623,5.68,1396.1,38.88,39857,84,14,0,69.59,2.0721,12.2588
31,102.88,1.627,3.06,1198.6,109.41,8345,56,3,1,70.53,1.157,33.6209
29,75.73,2.008,3.8,1224.6,70.13,36882,18,13,0,71.56,2.216,19.9289
48,60.12,1.902,5.73,1532.9,49.65,29641,115,7,0,74.81,2.3124,10.4921
20,64.39,2.043,5.76,1311.6,54.58,24913,31,3,0,70.0,2.3149,11.1788
35,87.36,3.52,3.96,1105.7,97.84,8168,57,10,1,69.11,1.5889,22.0606
1,68.41,2.252,5.25,1829.6,56.93,2589,74,9,0,74.63,2.4428,13.0305
13,69.1,1.233,4.73,987.7,48.25,47142,72,9,0,72.44,2.605,14.6089
24,75.7,0.828,5.8,1377.4,51.89,2306,86,13,0,76.47,2.4306,13.0517
27,47.93,3.573,7.23,1747.1,80.28,2077,52,16,0,68.33,1.5013,6.6293
15,79.13,2.942,5.67,1461.7,76.6,12977,110,16,0,69.34,1.6624,13.9559
45,69.36,2.297,5.37,1279.0,47.67,1151,30,11,0,71.49,3.0032,12.9162
45,68.77,1.102,5.64,1290.9,52.41,1323,30,11,0,71.71,2.9959,12.1933
33,67.78,1.925,6.45,1655.2,77.01,17436,109,0,0,73.98,1.6394,10.5085
30,62.47,2.659,5.82,1332.5,49.95,31026,90,2,0,66.91,1.3333,10.7337
32,71.53,0.819,4.78,1042.2,30.27,26029,56,0,0,68.37,1.9114,14.9644
44,73.41,1.961,4.54,1188.0,57.39,15584,41,3,0,69.45,0.952,16.1696
37,63.7,2.188,4.53,1277.3,54.58,14748,91,13,0,68.43,1.4837,14.0618
11,69.64,1.525,4.15,1769.5,43.68,39721,84,14,0,69.21,2.1051,16.7807
35,69.64,1.671,6.27,1517.5,55.8,8402,57,10,0,69.44,1.5941,11.1069
44,68.41,2.076,5.57,1561.4,46.48,15440,41,3,0,69.19,0.95,12.2819
19,62.77,1.573,5.81,1634.8,38.55,34301,75,12,0,68.37,1.5562,10.8038
37,70.1,1.143,6.46,1668.3,73.89,14381,91,13,0,68.39,1.4394,10.8514
50,69.25,3.739,5.39,988.3,42.23,22110,21,3,0,69.38,1.4833,12.8479
15,71.07,1.177,5.43,1604.8,53.24,12762,110,16,0,70.26,1.6858,13.0884
44,61.52,2.275,5.4,1716.7,31.28,15449,41,3,0,69.19,0.9431,11.3926
43,68.45,2.01,6.31,1649.5,61.99,22381,106,18,0,71.94,3.2807,10.8479
40,81.11,1.91,4.02,1462.5,48.07,39095,23,8,0,70.24,2.3137,20.1766
44,69.28,2.331,5.53,1297.0,67.47,15381,41,3,0,69.59,0.9439,12.528
4,69.89,4.224,6.6,1703.0,51.19,31699,45,1,0,67.62,1.779,10.5894
50,65.09,1.769,4.43,1370.4,61.57,22459,21,3,0,69.87,1.4771,14.693
38,72.08,3.244,5.66,1288.1,48.26,28139,81,13,0,73.74,2.2617,12.735
27,72.49,3.35,5.93,1352.4,65.37,2264,52,16,0,68.47,1.4996,12.2243
12,65.94,2.649,4.78,1485.9,46.86,32387,111,6,0,68.72,2.2897,13.795
9,68.83,1.686,4.1,1233.5,64.73,28821,28,7,0,72.67,1.7101,16.7878
27,70.28,1.528,4.96,1282.6,44.52,2300,52,16,0,69.08,1.5225,14.1694
29,56.6,4.273,4.31,1491.9,59.66,37091,18,13,0,70.29,2.0659,13.1323
34,55.17,2.798,5.26,1676.3,64.5,36831,12,19,0,67.82,1.4394,10.4886
35,64.16,0.964,6.57,1431.7,40.52,8156,57,10,0,68.89,1.6317,9.7656
36,82.36,2.251,6.17,1702.8,58.12,32653,32,13,0,71.12,2.8909,13.3485
44,63.13,3.945,5.16,1543.4,71.2,15487,41,3,0,69.21,1.0006,12.2345
26,61.86,2.595,5.83,1745.8,39.69,12108,95,13,0,67.79,1.4948,10.6106
25,81.17,2.207,4.86,1485.1,34.06,8975,25,2,0,70.09,1.6307,16.7016
16,67.97,1.755,4.66,1444.6,60.61,3174,83,12,0,73.24,2.0859,14.5858
24,62.24,2.54,6.12,1700.7,39.76,2402,86,13,0,76.04,2.4101,10.1699
50,90.26,9.46,3.06,939.5,73.24,22555,21,3,1,70.67,2.0309,29.4967
35,75.4,3.279,6.55,1164.2,60.7,8274,57,10,0,69.05,1.6305,11.5115
43,77.08,4.133,5.57,1593.7,25.54,22099,106,18,0,72.43,3.264,13.8384
50,87.49,1.869,6.02,1263.4,30.17,22474,21,3,0,71.67,1.9946,14.5332
48,70.48,0.936,5.71,1025.1,55.76,29709,115,7,0,74.36,2.3427,12.3433
38,60.43,5.903,5.94,1628.9,60.1,28189,81,13,0,73.18,2.2479,10.1734
29,61.47,2.869,6.92,1481.8,52.01,36660,18,13,0,70.1,2.0658,8.8829
42,69.87,2.508,5.97,1459.6,54.98,5841,63,17,0,69.07,2.1063,11.7035
9,67.27,2.775,4.48,1642.9,32.96,28818,28,7,0,72.23,1.7126,15.0156
42,80.53,1.344,6.19,1347.1,52.55,5928,63,17,0,69.98,2.0819,13.0097
2,60.17,3.551,6.95,1419.3,54.2,6616,88,17,0,71.74,2.7476,8.6576
14,73.36,2.291,5.43,1455.8,76.97,32759,41,2,0,66.26,1.7816,13.5101
41,62.6,4.428,5.79,1311.7,20.05,16721,22,7,0,66.11,2.1587,10.8117
39,69.82,2.369,7.1,1709.1,39.43,34270,15,13,0,68.84,2.6177,9.8338
12,65.29,0.672,5.04,1296.1,51.91,32609,111,6,0,68.76,2.3209,12.9544
16,72.52,6.627,5.91,1630.7,61.39,3400,83,12,0,73.03,2.133,12.2707
15,77.24,3.225,3.43,1308.5,78.65,12792,110,16,1,70.5,1.6697,22.519
28,59.64,1.974,5.26,1465.0,58.2,47680,40,2,0,70.03,3.0323,11.3384
30,56.42,1.847,3.93,1378.1,67.93,30663,90,2,0,66.47,1.3359,14.3562
8,104.16,1.858,5.36,1739.3,94.22,39738,98,4,1,68.77,3.908,19.4328
2,60.78,2.927,5.42,1640.9,25.76,7010,88,17,0,71.21,2.7453,11.214
11,62.18,1.352,5.22,1428.8,55.61,39870,84,14,0,68.78,2.069,11.9119
6,83.34,1.041,6.21,1179.9,47.08,28554,71,2,0,73.15,2.3237,13.4203
38,68.25,2.034,5.33,1091.5,49.99,28343,81,13,0,73.04,2.2703,12.8049
12,77.74,7.907,6.69,1474.3,38.61,32357,111,6,0,69.2,2.5456,11.6203
43,61.21,2.355,4.48,1228.8,49.09,22253,106,18,0,71.87,3.2649,13.6629
4,70.06,4.153,5.87,1397.9,32.55,31576,45,1,0,67.17,1.803,11.9353
29,70.39,3.169,5.9,1749.2,26.78,37108,18,13,0,69.97,2.0622,11.9305
22,67.55,0.815,6.47,1460.4,62.87,24978,35,6,0,72.89,3.3515,10.4405
20,50.77,3.152,5.72,1675.2,54.22,24958,31,3,0,69.41,2.2991,8.8759
5,74.03,4.351,6.58,1532.6,66.12,31509,49,5,0,67.64,1.6272,11.2508
21,56.14,2.409,6.28,1860.4,78.53,41190,7,11,0,68.97,2.1519,8.9395
44,55.48,3.161,5.06,1579.4,46.22,15548,41,3,0,68.58,0.9603,10.9644
27,66.28,1.843,4.02,1584.6,62.18,2318,52,16,0,68.35,1.5358,16.4876
33,70.3,1.185,4.38,1205.2,53.01,17635,109,0,0,73.5,1.6754,16.0502
25,79.23,1.341,5.45,1405.6,33.45,8892,25,2,0,70.79,1.5327,14.5376
19,69.17,2.725,5.36,1518.9,48.87,34316,75,12,0,68.42,1.5545,12.9049
7,77.2,1.202,5.55,1755.6,62.06,2720,118,6,0,72.52,1.635,13.9099
30,62.67,2.655,6.21,1323.8,60.91,30821,90,2,0,66.36,1.3365,10.0918
28,89.51,6.36,4.33,1354.0,118.15,47728,40,2,1,70.46,3.0873,20.6721
47,86.46,4.641,4.35,1226.0,66.96,18120,55,7,0,75.03,1.9665,19.8759
42,78.58,3.653,7.23,1579.1,73.25,5984,63,17,0,69.91,2.0732,10.8686
23,64.76,1.915,5.03,1753.8,48.89,6346,25,12,0,69.45,2.6682,12.8748
29,68.06,2.754,4.48,1538.4,57.51,37049,18,13,0,69.89,2.0397,15.192
6,53.96,2.462,4.07,1596.2,52.85,28485,71,2,0,72.34,2.3243,13.258
2,61.07,1.018,5.09,1920.4,41.01,6587,88,17,0,70.8,2.7646,11.998
17,60.22,2.611,4.52,1450.1,49.48,48985,49,0,0,72.9,3.0342,13.323
41,76.09,1.569,4.98,1461.5,42.37,16797,22,7,0,66.57,2.1621,15.2791
4,63.13,1.305,4.91,1447.9,50.12,31823,45,1,0,66.97,1.8142,12.8574
11,85.71,2.624,4.59,1216.7,63.84,39530,84,14,0,69.03,2.0447,18.6732
36,77.48,2.032,5.85,1694.7,76.72,32460,32,13,0,71.24,2.8957,13.2444
11,68.32,5.878,5.97,1349.2,40.27,39748,84,14,0,68.71,2.1028,11.4439
11,63.82,3.003,6.46,1344.1,71.07,39954,84,14,0,68.26,2.1026,9.8793
37,72.32,1.855,6.57,1484.6,49.46,14359,91,13,0,68.02,1.3349,11.0076
19,63.78,5.455,4.26,1552.8,45.38,33928,75,12,0,68.09,1.4825,14.9718
21,78.59,4.758,5.56,1588.1,74.89,41340,7,11,0,67.77,2.1771,14.1349
49,63.49,2.078,4.64,1816.7,49.01,35294,62,5,0,68.9,1.0328,13.6832
30,59.18,2.312,4.85,1397.3,71.43,30714,90,2,0,65.82,1.3063,12.2021
40,72.64,2.424,5.97,1034.4,41.25,39087,23,8,0,70.26,2.2975,12.1675
49,77.89,4.998,4.76,1306.9,47.12,35300,62,5,0,69.3,1.1022,16.3634
15,52.86,3.081,4.96,1203.2,47.55,12796,110,16,0,70.46,1.6699,10.6573
17,66.84,3.085,6.78,1339.7,58.83,48836,49,0,0,72.17,3.0344,9.8584
30,52.46,1.081,5.81,1200.7,59.8,30688,90,2,0,65.38,1.3257,9.0293
45,71.61,1.825,5.38,1236.9,54.5,914,30,11,0,71.28,2.9904,13.3104
14,66.23,1.356,6.23,1734.8,69.17,32801,41,2,0,66.58,1.8076,10.6308
42,78.25,2.916,5.59,1479.7,56.99,5639,63,17,0,70.35,2.0534,13.9982
28,67.23,1.357,4.19,1056.9,58.12,48072,40,2,0,70.25,3.1177,16.0453
35,68.47,1.7,5.67,1274.6,60.12,8182,57,10,0,69.01,1.6418,12.0758
41,75.21,1.596,4.88,1319.4,64.03,16766,22,7,0,66.93,2.1665,15.4119
12,73.78,3.517,7.09,1706.4,67.66,32462,111,6,0,69.5,2.531,10.4062
43,61.64,1.071,5.08,1385.6,51.73,22158,106,18,0,71.66,3.3041,12.1339
46,62.79,2.401,4.54,1554.2,29.23,11416,19,9,0,68.96,2.5981,13.8304
19,48.56,1.78,4.84,1082.9,40.95,33940,75,12,0,68.0,1.4853,10.0331
12,53.96,1.694,5.23,1511.4,57.17,32276,111,6,0,68.71,2.5381,10.3174
29,90.35,4.404,4.65,2630.5,66.71,36888,18,13,1,70.99,2.0587,19.4301
17,65.11,1.56,5.09,1318.0,46.66,48931,49,0,0,71.79,3.0066,12.7917
28,47.58,2.084,5.07,1439.0,63.8,47633,40,2,0,69.36,3.1227,9.3846
50,62.5,2.348,5.2,1405.0,51.96,22281,21,3,0,71.89,1.961,12.0192
28,80.86,2.484,5.54,2044.2,57.35,47947,40,2,0,69.71,3.1263,14.5957
13,65.59,3.025,6.12,1441.3,58.35,46856,72,9,0,71.75,2.5815,10.7173
12,75.74,3.0,4.36,1418.7,52.88,32250,111,6,0,67.07,1.7673,17.3716
16,68.84,3.005,5.33,1224.0,63.35,3377,83,12,0,73.27,2.1355,12.9156
24,59.43,0.888,6.65,1256.5,62.79,2369,86,13,0,75.67,2.455,8.9368
39,70.37,1.237,5.18,1427.9,30.49,34374,15,13,0,68.74,2.6213,13.5849
13,58.47,1.476,5.23,1431.9,78.13,47111,72,9,0,71.29,2.6024,11.1797
12,62.77,4.289,4.68,1562.8,59.09,32540,111,6,0,67.27,1.7894,13.4124
31,53.67,1.453,4.31,1269.7,65.57,8203,56,3,0,69.96,1.1638,12.4524
26,67.5,0.629,6.07,1268.2,56.48,11749,95,13,0,67.55,1.4622,11.1203
13,80.37,8.853,4.63,1623.1,75.53,46849,72,9,1,72.07,2.8384,17.3585
47,57.15,2.408,5.47,1173.0,41.48,17730,55,7,0,74.51,1.955,10.4479
48,74.28,7.249,6.29,1523.6,60.62,29890,115,7,0,74.73,2.4638,11.8092
18,75.77,2.148,5.64,1730.2,49.98,32805,65,18,0,71.56,1.4343,13.4344
21,72.47,3.152,5.99,1413.7,56.29,41408,7,11,0,68.36,2.1331,12.0985
13,74.0,3.701,5.63,1593.7,46.5,47008,72,9,0,72.35,2.8309,13.1439
18,64.06,1.387,5.46,1257.8,46.22,33179,65,18,0,71.24,1.4427,11.7326
44,57.32,2.094,5.69,1730.7,52.02,15416,41,3,0,67.85,0.9507,10.0738
35,64.27,1.128,5.4,1319.4,49.45,8160,57,10,0,68.97,1.6647,11.9019
26,66.84,3.487,7.28,1645.8,72.0,11721,95,13,0,67.78,1.4698,9.1813
43,61.37,1.677,5.79,1490.3,55.82,22074,106,18,0,71.61,3.2955,10.5993
40,78.17,3.011,4.02,1329.2,55.53,39390,23,8,0,71.57,1.8532,19.4453
5,68.18,2.871,5.54,1628.1,61.67,31523,49,5,0,68.65,1.5959,12.3069
26,53.07,3.001,4.04,1344.0,52.5,11924,95,13,0,67.4,1.4532,13.1361
46,72.41,2.028,6.07,1509.8,58.48,11268,19,9,0,69.01,2.5951,11.9292
10,55.64,3.68,4.28,1195.9,53.03,31378,81,9,0,72.03,1.2551,13.0
34,65.47,2.454,3.69,1641.4,54.58,36836,12,19,0,67.53,1.3863,17.7425
35,66.22,2.392,7.45,1443.1,59.12,8508,57,10,0,69.04,1.6625,8.8886
39,60.26,4.367,4.63,1473.5,70.38,33938,15,13,0,68.38,2.5975,13.0151
23,67.48,1.259,5.87,1271.1,73.19,6432,25,12,0,68.85,2.5493,11.4957
6,63.87,3.215,6.66,1132.6,56.36,28764,71,2,0,72.2,2.3182,9.5901
11,69.5,8.771,6.91,1575.1,47.08,39566,84,14,0,67.9,2.3583,10.0579
6,55.98,3.386,7.24,1345.6,68.58,28773,71,2,0,71.25,2.3139,7.732
43,62.72,3.07,6.5,1675.3,68.25,22161,106,18,0,70.9,3.2616,9.6492
6,62.7,4.205,6.97,1257.1,44.07,28339,71,2,0,71.34,2.3148,8.9957
5,62.0,2.839,4.79,1094.7,78.3,31549,49,5,0,68.09,1.5954,12.9436
1,60.61,1.922,7.42,1851.7,64.62,2510,74,9,0,73.81,2.3301,8.1685
43,70.78,1.568,6.05,1579.4,62.07,22348,106,18,0,71.29,3.2721,11.6992
30,70.92,1.344,6.26,1479.6,48.56,30717,90,2,0,65.48,1.2719,11.3291
20,65.72,0.969,5.48,1466.5,48.1,24711,31,3,0,69.74,2.3181,11.9927
19,56.63,3.148,5.39,1690.9,55.02,34244,75,12,0,67.54,1.4717,10.5065
18,68.71,1.326,5.01,1224.7,63.39,32815,65,18,0,70.44,1.4109,13.7146
49,57.28,0.788,4.55,1384.6,63.37,35324,62,5,0,67.84,1.1859,12.589
6,73.56,4.861,4.51,1591.9,69.16,28736,71,2,0,71.47,2.3308,16.3104
37,73.76,2.608,6.31,1437.5,34.82,14497,91,13,0,67.62,1.321,11.6894
29,60.22,4.45,1.82,1508.0,77.2,36822,18,13,1,70.6,2.0773,33.0879
39,69.09,2.586,5.9,1634.6,53.76,34221,15,13,0,68.47,2.56,11.7102
23,66.75,3.859,6.3,1238.4,54.44,6445,25,12,0,69.11,2.5348,10.5952
13,66.13,1.49,4.21,1600.4,57.22,46693,72,9,0,72.59,2.8387,15.7078
30,71.46,3.967,5.3,1049.5,43.34,30617,90,2,0,66.11,1.3287,13.483
18,84.42,3.212,5.98,1346.3,64.78,33125,65,18,0,70.55,1.4196,14.1171
32,95.68,11.134,3.58,1614.8,77.11,26217,56,0,1,68.95,2.543,26.7263
9,67.34,1.715,5.3,1240.6,65.01,28547,28,7,0,71.99,1.6953,12.7057
19,75.38,1.543,6.61,1453.9,69.26,34147,75,12,0,67.72,1.4806,11.4039
32,76.72,1.298,6.81,1183.7,58.08,26080,56,0,0,69.16,2.5502,11.2658
16,56.93,4.294,4.88,1453.4,46.47,3428,83,12,0,73.01,2.1104,11.666
6,63.89,1.777,5.27,1451.2,57.05,28648,71,2,0,71.11,2.3032,12.1233
35,68.74,0.96,4.02,1505.9,65.43,8102,57,10,0,68.94,1.6866,17.0995
14,70.7,1.232,5.66,1323.7,58.24,33141,41,2,0,66.44,1.8474,12.4912
1,58.74,1.834,5.18,1316.4,57.94,2566,74,9,0,73.08,2.3082,11.3398
3,86.54,3.589,4.59,1533.6,40.48,50030,40,16,0,69.47,0.8076,18.854
11,94.05,8.532,2.09,1764.5,106.6,39615,84,14,1,68.58,2.5557,45.0
49,73.07,3.2,5.38,1369.7,67.15,35138,62,5,0,68.24,1.1859,13.5818
8,69.33,1.223,5.93,1591.6,56.77,39562,98,4,0,69.14,3.9139,11.6914
46,73.27,2.069,6.51,1234.7,58.68,11129,19,9,0,69.86,2.5816,11.255
40,68.15,1.921,4.19,1518.7,62.05,39123,23,8,0,71.25,1.8422,16.2649
38,68.32,1.095,6.64,1686.8,61.68,28195,81,13,0,73.04,2.3263,10.2892
10,67.34,3.745,4.64,1629.8,50.11,31287,81,9,0,70.93,1.2566,14.5129
3,71.88,2.184,5.59,1152.8,50.4,49978,40,16,0,69.83,0.807,12.8587
10,62.7,4.569,4.7,1561.2,74.97,31126,81,9,0,70.33,1.2588,13.3404
7,64.5,1.776,5.58,1335.9,64.26,2600,118,6,0,72.24,1.607,11.5591
44,62.84,0.916,5.35,1602.8,68.97,15324,41,3,0,67.73,0.9505,11.7458
26,68.34,0.997,4.43,1453.0,56.57,11858,95,13,0,67.57,1.4766,15.4266
24,51.42,1.389,4.69,1493.9,65.55,2568,86,13,0,74.2,2.2936,10.9638
13,90.16,7.735,3.35,1496.6,71.89,46652,72,9,1,73.0,2.9405,26.9134
37,104.74,5.584,3.7,1162.4,115.39,14560,91,13,1,69.26,1.4457,28.3081
24,75.7,7.946,4.15,1488.2,78.03,2296,86,13,0,74.44,2.506,18.241
45,55.08,0.719,6.32,1656.2,61.14,1298,30,11,0,69.38,3.0196,8.7152
40,69.86,4.643,5.83,1643.8,108.01,39422,23,8,1,71.16,1.8762,11.9828
19,60.26,0.978,5.74,1377.5,77.04,33955,75,12,0,67.08,1.5143,10.4983
1,70.81,1.191,3.99,1588.5,61.08,2305,74,9,0,72.42,2.3321,17.7469
33,67.76,4.047,3.23,1772.7,51.1,17799,109,0,1,73.82,1.6932,20.9783
40,72.97,1.769,5.23,1019.3,75.79,39031,23,8,0,71.58,1.8902,13.9522
49,68.25,4.969,6.49,1529.3,64.95,35315,62,5,0,68.35,1.2531,10.5162
41,60.18,2.353,5.37,1238.7,61.36,16691,22,7,0,66.74,2.1654,11.2067
1,49.73,2.627,5.69,1378.3,81.71,2520,74,9,0,71.91,2.3019,8.7399
28,78.37,2.155,4.85,1754.6,57.02,47910,40,2,0,69.87,3.1246,16.1588
35,73.24,2.298,6.44,1270.5,69.02,8224,57,10,0,68.85,1.6864,11.3727
19,63.9,1.839,5.66,1506.1,26.98,34002,75,12,0,67.32,1.5189,11.2898
41,85.77,1.622,5.7,1602.0,51.75,16917,22,7,0,67.71,2.1746,15.0474
34,71.58,1.643,6.21,1250.1,50.4,37205,12,19,0,67.66,1.3788,11.5266
34,62.03,4.523,5.77,1146.1,44.39,36966,12,19,0,67.69,1.419,10.7504
36,71.65,2.699,5.22,1492.2,55.34,32391,32,13,0,71.08,2.8813,13.7261
50,70.66,4.141,6.73,1589.2,38.06,22491,21,3,0,71.78,1.9607,10.4993
40,73.31,4.235,4.83,1611.2,47.73,39471,23,8,0,72.16,1.8998,15.1781
2,72.43,3.093,6.47,1172.2,56.39,6616,88,17,0,71.15,2.7635,11.1947
45,65.97,2.198,6.4,1644.3,59.66,1329,30,11,0,69.44,3.0009,10.3078
30,72.88,3.167,5.88,1268.8,34.67,30943,90,2,0,66.05,1.3237,12.3946
22,57.71,2.692,6.46,1163.6,64.46,25088,35,6,0,72.36,3.3376,8.9334
42,68.04,1.47,5.88,1880.3,52.57,5530,63,17,0,70.35,2.056,11.5714
20,72.89,1.849,6.06,1252.4,63.68,24578,31,3,0,69.8,2.3117,12.0281
11,74.81,1.305,5.85,1423.8,57.24,39826,84,14,0,68.81,2.5643,12.788
16,63.57,4.203,5.56,997.9,40.4,3455,83,12,0,71.23,1.9226,11.4335
12,69.4,5.942,6.15,1408.4,60.49,32655,111,6,0,67.21,1.8951,11.2846
7,68.85,2.113,5.36,1138.6,51.22,3009,118,6,0,72.26,1.6162,12.8451
20,60.47,1.582,5.84,1634.9,69.29,25002,31,3,0,69.21,2.3205,10.3545
34,66.3,1.623,5.24,1284.6,43.42,37056,12,19,0,67.67,1.4379,12.6527
22,61.82,0.846,5.79,1332.9,46.05,25015,35,6,0,72.17,3.376,10.677
16,80.54,1.368,4.1,1496.6,61.4,3120,83,12,0,71.6,1.9373,19.6439
9,75.53,1.633,4.37,1005.7,58.54,28552,28,7,0,72.2,1.6445,17.2838
36,70.47,1.904,5.15,1406.2,72.05,32382,32,13,0,70.82,2.8854,13.6835
34,78.23,2.341,4.46,1371.6,56.02,36820,12,19,0,67.72,1.4047,17.5404
15,60.13,2.566,5.28,1651.2,49.58,12524,110,16,0,68.33,1.2625,11.3883
30,67.9,5.507,4.93,1281.6,61.0,30627,90,2,0,66.44,1.4635,13.7728
17,75.59,2.401,5.31,1272.2,63.39,48758,49,0,0,72.31,2.9947,14.2354
41,69.27,1.743,5.45,1292.9,45.56,16956,22,7,0,68.17,2.18,12.7101
40,70.19,6.405,5.49,1439.0,45.22,39360,23,8,0,72.5,2.0224,12.7851
6,67.7,1.865,5.51,1427.4,58.42,28457,71,2,0,70.83,2.2967,12.2868
22,69.78,2.219,5.09,1646.2,71.11,25191,35,6,0,72.32,3.3798,13.7092
4,76.63,0.752,5.42,1536.1,60.03,31450,45,1,0,67.65,1.8575,14.1384
41,68.51,2.69,4.71,1431.0,52.14,16666,22,7,0,68.69,2.1776,14.5456
29,68.15,1.374,5.42,1482.9,74.13,37112,18,13,0,69.04,1.8722,12.5738
15,80.09,2.477,5.22,1369.7,59.2,12878,110,16,0,69.19,1.2601,15.3429
18,66.87,3.031,5.74,1779.1,63.76,33046,65,18,0,70.65,1.4244,11.6498
27,73.23,2.174,6.26,1648.4,49.09,1962,52,16,0,67.5,1.3899,11.6981
43,60.33,1.026,5.97,1229.3,62.64,22482,106,18,0,71.03,3.3204,10.1055
42,69.29,1.953,6.01,1770.7,49.37,5907,63,17,0,70.2,2.0499,11.5291
32,53.13,2.773,6.02,1614.6,67.93,26104,56,0,0,68.84,2.5449,8.8256
1,73.88,2.094,6.05,1499.4,44.77,2532,74,9,0,70.68,1.7163,12.2116
47,68.64,1.855,5.52,1364.3,71.4,18017,55,7,0,74.7,1.9531,12.4348
48,69.44,3.036,5.13,1534.5,58.45,29808,115,7,0,74.8,2.4614,13.5361
1,80.24,2.582,6.11,1321.7,64.65,2642,74,9,0,71.02,1.698,13.1326
3,106.77,2.805,2.97,1266.5,110.17,50013,40,16,1,70.88,0.8026,35.9495
12,58.65,1.999,5.29,1823.3,56.48,32396,111,6,0,66.72,1.8906,11.087
8,57.64,3.02,5.39,1283.0,50.41,39526,98,4,0,68.51,3.9081,10.6939
50,66.94,1.217,6.0,1591.4,44.79,22116,21,3,0,71.71,1.9854,11.1567
4,84.24,2.089,6.39,1799.6,52.76,31789,45,1,0,68.44,1.7106,13.1831
26,62.72,2.902,5.96,1751.3,50.67,12009,95,13,0,67.15,1.4626,10.5235
17,60.88,4.2,5.99,1181.4,49.65,48877,49,0,0,72.16,2.9478,10.1636
43,82.68,1.862,5.48,1263.3,54.53,22124,106,18,0,72.13,3.2876,15.0876
38,70.96,1.428,5.67,1535.4,52.59,28565,81,13,0,73.23,2.3194,12.515
27,68.89,2.365,6.66,1520.9,52.51,2087,52,16,0,67.62,1.358,10.3438
7,69.76,2.428,3.75,1419.3,35.02,2953,118,6,0,72.31,1.6151,18.6027
4,83.9,2.798,5.96,1591.4,63.5,31519,45,1,0,69.35,1.6825,14.0772
17,54.01,2.857,5.96,1235.7,46.84,48777,49,0,0,71.46,2.9485,9.0621
14,53.39,3.343,6.15,1309.8,53.8,32769,41,2,0,65.45,1.8483,8.6813
50,72.05,4.487,5.51,1104.9,25.05,22515,21,3,0,70.84,1.8803,13.0762
2,72.11,1.841,5.28,1321.3,58.96,6895,88,17,0,71.44,2.7682,13.6572
25,86.45,3.999,3.25,1588.3,97.71,8751,25,2,1,71.66,1.5479,26.6
10,71.34,1.066,5.57,1383.0,64.4,31172,81,9,0,70.32,1.2762,12.8079
50,65.13,3.037,5.25,1276.4,62.63,22096,21,3,0,70.42,1.8793,12.4057
11,72.44,0.664,3.83,1502.2,52.97,39904,84,14,0,68.96,2.6351,18.9138
29,70.32,1.877,5.54,1433.3,52.37,36763,18,13,0,68.88,1.8811,12.6931
49,68.43,2.365,5.2,1457.8,38.25,35012,62,5,0,68.55,1.258,13.1596
14,79.67,2.645,7.03,1208.3,80.98,32757,41,2,0,65.84,1.8296,11.3329
39,73.67,1.574,5.3,1342.3,56.27,34013,15,13,0,68.74,2.5799,13.9
30,84.94,25.285,3.03,1596.2,76.14,30846,90,2,1,66.67,4.893,28.033
45,74.78,2.589,5.18,1045.0,69.96,986,30,11,0,69.78,2.993,14.4363
28,78.12,3.229,5.86,1376.5,70.67,47940,40,2,0,70.18,3.1247,13.3311
47,65.62,1.807,4.03,1619.1,45.84,18101,55,7,0,72.67,1.9568,16.2829
7,66.41,3.444,5.7,1417.3,63.6,2864,118,6,0,72.09,1.6107,11.6509
29,58.76,2.156,4.03,1521.2,62.38,36811,18,13,0,68.39,1.8734,14.5806
18,61.36,1.189,5.57,1822.5,69.6,32917,65,18,0,69.79,1.4271,11.0162
48,95.81,8.921,3.73,1377.3,124.82,29603,115,7,1,76.43,2.6923,25.6863
14,77.1,3.033,4.25,1585.1,113.3,32905,41,2,1,66.62,1.7927,18.1412
32,68.1,0.795,4.96,1597.2,73.85,25876,56,0,0,67.38,2.3189,13.7298
13,95.17,15.655,3.21,1713.1,101.2,47112,72,9,1,74.25,3.8073,29.648
14,73.62,3.068,5.4,1553.4,50.34,33054,41,2,0,66.88,1.7928,13.6333
24,59.33,1.403,7.0,1544.1,66.65,2510,86,13,0,73.69,2.529,8.4757
13,56.28,2.315,6.15,1179.0,61.28,47069,72,9,0,74.02,3.5044,9.1512
21,65.71,2.158,6.27,1649.0,58.48,41613,7,11,0,67.97,2.1299,10.4801
33,89.38,2.311,5.46,1617.4,45.65,17429,109,0,0,74.39,1.684,16.37
22,58.97,2.513,5.23,1594.5,62.37,25168,35,6,0,71.97,3.3422,11.2753
8,63.88,1.372,5.88,1436.5,32.39,39643,98,4,0,68.09,3.9267,10.8639
22,78.02,1.913,5.7,1588.1,50.48,25202,35,6,0,71.98,3.3332,13.6877
26,74.27,3.556,5.72,1390.0,39.72,11805,95,13,0,67.56,1.4488,12.9843
32,67.32,2.585,7.22,1433.7,68.31,26228,56,0,0,67.43,2.2939,9.3241
6,72.49,1.34,6.09,1514.5,61.13,28297,71,2,0,70.62,2.3266,11.9031
48,87.3,7.51,2.84,1116.7,93.96,29882,115,7,1,76.65,2.0836,30.7394
14,77.96,3.478,4.72,1216.8,52.57,33097,41,2,0,67.09,1.7805,16.5169
1,70.27,1.865,5.95,1613.0,53.49,2491,74,9,0,71.22,1.5594,11.8101
13,59.88,2.639,5.01,1762.8,62.54,46859,72,9,0,73.47,3.4898,11.9521
19,60.47,0.953,5.64,1599.6,32.71,34021,75,12,0,67.13,1.5537,10.7216
26,73.55,3.964,6.09,1716.1,71.7,12041,95,13,0,67.94,1.47,12.0772
39,71.84,1.549,5.98,1750.8,44.55,34136,15,13,0,69.11,2.5951,12.0134
38,71.32,1.073,7.13,1261.9,36.33,28501,81,13,0,73.44,2.3575,10.0028
38,84.48,1.643,5.58,1267.3,51.57,28242,81,13,0,74.04,2.3813,15.1398
17,66.49,0.76,4.72,1696.6,53.67,48966,49,0,0,71.2,2.9626,14.0869
36,64.61,4.355,4.17,1895.9,34.6,32371,32,13,0,70.41,1.7911,15.494
33,68.86,1.93,4.96,1742.3,51.49,17410,109,0,0,74.06,1.6835,13.8831
26,61.46,2.701,6.73,1559.2,59.9,11896,95,13,0,67.79,1.4519,9.1322
18,54.8,1.46,4.2,963.6,49.13,33054,65,18,0,69.31,1.4375,13.0476
12,74.39,1.674,5.61,1740.0,76.36,32619,111,6,0,67.37,1.8925,13.2602
46,65.44,4.881,5.87,1399.7,78.07,11085,19,9,0,69.96,2.5926,11.1482
41,69.61,5.158,5.86,1457.5,55.6,16743,22,7,0,68.65,2.2424,11.8788
37,76.96,2.136,6.09,1407.0,42.85,14640,91,13,0,69.9,1.4469,12.6371
39,72.01,0.675,6.33,1442.5,67.82,34308,15,13,0,69.49,2.6396,11.376
27,69.38,1.97,4.09,1138.4,61.45,2076,52,16,0,68.02,1.3379,16.9633
25,64.67,4.628,6.41,1285.8,55.91,9063,25,2,0,71.74,1.6167,10.0889
49,68.1,2.991,4.96,1583.4,65.96,35233,62,5,0,68.24,1.2556,13.7298
44,93.25,3.48,5.01,2180.9,100.48,15219,41,3,1,68.65,0.9666,18.6128
24,64.27,2.156,5.73,1222.9,55.56,2531,86,13,0,73.27,2.5031,11.2164
36,66.32,1.996,5.33,1512.5,59.01,32335,32,13,0,70.0,1.7792,12.4428
37,89.91,19.023,2.89,1684.1,75.44,14288,91,13,1,70.64,3.6744,31.1107
23,62.13,1.175,6.27,1462.6,51.93,6405,25,12,0,68.26,2.5599,9.9091
22,69.84,5.414,5.44,1265.8,63.93,25289,35,6,0,71.67,3.3296,12.8382
42,61.33,1.209,5.47,1658.2,77.87,5938,63,17,0,69.89,2.0517,11.2121
42,67.84,1.137,6.17,1359.9,62.67,5760,63,17,0,70.09,2.0697,10.9951
47,57.29,1.861,7.26,1379.3,51.43,17792,55,7,0,71.98,1.9643,7.8912
34,74.84,1.95,4.47,1683.0,42.64,37175,12,19,0,68.25,1.3369,16.7427
39,76.71,2.115,2.39,1613.9,99.45,33938,15,13,1,68.27,2.4374,32.0962
2,63.36,3.847,4.95,1413.8,54.06,6948,88,17,0,70.85,2.762,12.8
12,66.44,1.4,4.87,1286.3,17.69,32168,111,6,0,66.81,1.8572,13.6427
10,72.58,3.249,6.94,1592.7,73.54,31095,81,9,0,70.08,1.2779,10.4582
38,63.28,3.943,5.39,1383.8,79.89,28507,81,13,0,73.79,2.3146,11.7403
33,62.56,0.746,4.75,1838.7,65.54,17518,109,0,0,73.93,1.7238,13.1705
25,73.9,2.163,4.44,1157.6,37.99,9102,25,2,0,71.88,1.6116,16.6441
32,65.86,3.679,5.97,1487.3,57.99,26028,56,0,0,67.76,2.2981,11.0318
33,70.1,1.394,6.7,1300.3,50.25,17819,109,0,0,74.61,1.7206,10.4627
48,65.36,2.376,6.54,901.5,75.59,29989,115,7,0,76.67,2.062,9.9939
20,70.28,3.586,4.4,1323.1,77.16,24663,31,3,0,68.89,2.3086,15.9727
40,72.77,1.255,6.43,1623.6,73.89,39098,23,8,0,72.53,2.0555,11.3173
48,63.25,3.036,6.95,1750.9,56.75,29809,115,7,0,76.74,2.0256,9.1007
10,66.29,1.393,6.31,1319.7,61.79,31175,81,9,0,70.26,1.2618,10.5055
38,65.38,3.306,4.62,1488.7,71.08,28479,81,13,0,74.13,2.2928,14.1515
7,65.75,3.304,5.23,1518.5,61.7,2902,118,6,0,72.12,1.6128,12.5717
46,80.15,1.763,6.68,1681.8,48.14,11222,19,9,0,70.49,2.5993,11.9985
12,68.38,2.196,3.98,1582.8,34.75,32330,111,6,0,67.58,1.8029,17.1809
47,70.86,1.679,6.09,1343.1,52.12,18083,55,7,0,71.95,1.9118,11.6355
46,81.21,7.918,4.7,822.1,84.38,11173,19,9,1,70.58,2.724,17.2787
36,67.02,0.941,6.9,1231.6,67.78,32445,32,13,0,69.63,1.8155,9.713
8,58.33,4.814,5.25,1674.9,36.02,39906,98,4,0,67.68,3.9257,11.1105
49,97.97,10.403,3.57,1981.5,98.3,35065,62,5,1,69.16,1.952,27.4426
36,63.65,2.115,3.94,1378.7,58.94,32404,32,13,0,69.35,1.806,16.1548
34,49.22,1.585,4.53,1463.2,75.44,36832,12,19,0,67.03,1.3509,10.8653
9,69.36,4.408,3.73,1267.4,46.27,28543,28,7,0,72.91,1.4943,18.5952
21,58.55,1.032,3.99,1330.2,31.33,41442,7,11,0,67.95,1.9047,14.6742
16,61.15,1.51,6.72,1346.0,58.57,3022,83,12,0,71.62,1.9521,9.0997
12,67.58,6.181,5.53,1216.6,35.04,32238,111,6,0,67.56,1.9092,12.2206
27,68.17,1.435,5.81,1292.6,34.02,2369,52,16,0,67.95,1.3585,11.7332
19,66.21,3.728,5.1,1398.3,58.85,33943,75,12,0,67.24,1.5444,12.9824
13,75.24,5.506,4.05,1843.9,73.25,47123,72,9,1,73.85,3.4766,18.5778
29,78.09,0.476,5.72,1634.7,59.97,37007,18,13,0,68.77,1.9225,13.6521
14,59.85,3.347,5.96,1897.7,50.13,33014,41,2,0,67.28,1.781,10.0419
38,74.47,1.265,5.81,785.3,68.2,28313,81,13,0,74.0,2.321,12.8176
11,65.03,1.206,5.17,1715.9,58.73,39851,84,14,0,68.25,2.6414,12.5783
16,104.74,9.141,3.59,1377.8,99.0,3408,83,12,1,73.21,2.2483,29.1755
35,74.32,2.87,5.8,1321.9,46.45,8216,57,10,0,68.81,1.6705,12.8138
26,68.55,1.376,5.15,1581.0,61.32,12068,95,13,0,67.9,1.4134,13.3107
30,78.97,4.642,5.57,1211.1,39.5,30872,90,2,0,65.99,4.8244,14.1777
48,68.5,2.657,4.23,1681.4,50.06,29642,115,7,0,76.53,2.0358,16.1939
26,73.58,1.194,5.35,1046.0,38.93,11866,95,13,0,68.28,1.4411,13.7533
8,61.45,2.85,5.5,1820.4,38.48,39868,98,4,0,67.43,3.9119,11.1727
47,69.48,2.044,5.78,1591.2,50.58,18090,55,7,0,71.3,1.8836,12.0208
14,57.32,1.162,5.95,1339.6,42.39,33068,41,2,0,67.34,1.8093,9.6336
18,60.78,1.793,4.94,1841.6,50.31,33088,65,18,0,67.05,1.4407,12.3036
40,73.63,4.947,5.68,997.3,44.07,39000,23,8,0,72.83,2.087,12.963
7,67.12,2.577,5.45,1359.4,62.04,2880,118,6,0,72.25,1.6111,12.3156
4,70.55,2.48,5.08,1467.5,63.26,31601,45,1,0,69.96,1.674,13.8878
33,63.23,1.847,7.0,1290.2,47.24,17864,109,0,0,74.08,1.6186,9.0329
14,81.84,2.2,5.21,1286.6,54.27,32783,41,2,0,67.93,1.7875,15.7083
46,69.07,1.779,5.47,1350.0,65.39,11347,19,9,0,70.58,2.7387,12.6271
18,73.47,1.054,5.83,1385.0,45.94,32977,65,18,0,67.55,1.4467,12.6021
47,58.44,1.702,4.55,1614.3,55.97,17790,55,7,0,70.92,1.8733,12.844
18,66.64,1.749,5.99,1271.8,40.76,33120,65,18,0,67.45,1.4438,11.1252
43,73.19,3.549,6.32,1349.3,70.55,22032,106,18,0,72.41,3.2585,11.5807
43,66.38,2.926,5.38,1252.8,59.2,22482,106,18,0,72.12,3.2026,12.3383
28,68.15,5.426,5.2,1475.4,44.66,48089,40,2,0,69.61,3.1208,13.1058
50,63.65,2.613,5.31,1420.0,59.45,22354,21,3,0,70.19,1.8711,11.9868
32,82.05,1.618,7.18,1491.6,59.12,26021,56,0,0,67.85,2.313,11.4276
24,53.94,1.509,5.8,1262.9,37.75,2180,86,13,0,72.51,2.5251,9.3
43,70.15,2.028,4.79,1116.0,55.04,22056,106,18,0,72.09,3.2065,14.6451
10,72.95,3.299,4.97,1246.4,56.68,31361,81,9,0,69.92,1.2563,14.6781
28,77.21,2.322,4.93,1262.3,56.22,48061,40,2,0,70.29,3.1226,15.6613
31,69.06,2.863,5.51,1269.2,54.04,8253,56,3,0,70.7,1.1334,12.5336
27,62.79,6.8,4.08,1192.0,48.01,2036,52,16,0,67.92,1.5502,15.3897
20,69.07,2.233,5.0,1374.3,68.95,24975,31,3,0,69.16,2.2923,13.814
12,62.47,2.437,4.26,1579.5,60.67,32306,111,6,0,66.91,1.8573,14.6643
3,61.37,3.704,5.55,1641.7,77.18,49957,40,16,0,70.43,0.8694,11.0577
35,62.14,1.491,6.49,1488.6,58.12,8465,57,10,0,68.2,1.6774,9.5747
48,75.11,2.178,3.88,1426.6,43.88,29559,115,7,0,76.78,2.0119,19.3582
48,70.42,4.101,5.06,1375.7,49.12,29888,115,7,0,77.08,1.9959,13.917
15,67.55,1.142,5.11,1339.4,35.86,12654,110,16,0,69.24,1.2971,13.2192
10,66.48,3.219,4.82,1164.3,61.85,31030,81,9,0,69.97,1.2456,13.7925
42,67.09,2.609,4.73,1555.6,48.53,5874,63,17,0,69.69,2.0419,14.1839
20,60.2,0.888,5.26,1368.0,38.82,24604,31,3,0,67.61,1.0335,11.4449
10,100.5,11.348,3.47,1371.5,85.14,31328,81,9,1,71.56,2.032,28.9625
31,78.76,2.557,5.53,1482.3,62.16,8286,56,3,0,70.33,1.1129,14.2423
5,76.29,3.244,4.5,1459.7,66.48,31189,49,5,0,69.0,1.5774,16.9533
45,64.02,7.639,4.31,1531.7,43.11,1364,30,11,0,69.78,3.1275,14.8538
47,54.35,1.255,6.95,1826.8,53.91,17979,55,7,0,70.19,1.8831,7.8201
8,68.85,1.34,4.97,1468.2,48.29,39503,98,4,0,67.58,3.8857,13.8531
21,76.62,3.885,5.61,1380.6,71.08,41396,7,11,0,68.85,1.9109,13.6578
29,76.6,1.048,6.63,1519.8,46.1,36835,18,13,0,68.86,1.9533,11.5535
37,59.88,3.293,6.19,1168.7,52.42,14737,91,13,0,69.68,3.6383,9.6737
15,61.57,2.196,5.21,1439.3,52.78,12653,110,16,0,68.45,1.2838,11.8177
25,94.86,7.633,2.33,1732.0,83.06,9047,25,2,1,72.92,1.9255,40.7124
17,69.88,2.924,4.16,1438.7,50.02,49157,49,0,0,71.04,2.9331,16.7981
42,106.4,17.148,3.48,2013.3,67.04,5681,63,17,1,71.89,3.5817,30.5747
48,75.17,2.906,5.02,1828.2,48.91,29826,115,7,0,76.01,1.9883,14.9741
23,97.8,8.761,3.97,1292.9,74.36,6340,25,12,1,70.16,2.8216,24.6348
39,67.16,1.235,6.23,1634.2,38.99,33989,15,13,0,68.69,2.443,10.7801
7,62.48,0.834,6.85,1539.0,70.79,2864,118,6,0,72.04,1.6457,9.1212
36,96.23,10.306,5.3,2184.6,100.96,32280,32,13,1,69.18,2.0041,18.1566
17,95.18,1.0,1.78,1986.1,91.65,48738,49,0,1,71.94,2.9503,53.4719
24,67.37,1.676,6.15,1392.1,42.41,2331,86,13,0,71.66,2.5117,10.9545
19,67.02,2.143,5.23,1248.0,46.29,34165,75,12,0,67.33,1.5335,12.8145
14,66.25,2.213,5.32,1435.0,52.36,32903,41,2,0,67.31,1.4084,12.453
17,77.27,1.454,5.13,1396.8,58.78,48910,49,0,0,72.24,2.9668,15.0624
16,71.79,5.846,4.36,1064.1,43.03,3419,83,12,0,73.28,2.2769,16.4656
31,69.46,4.847,4.51,1622.6,47.47,8415,56,3,0,70.55,1.2418,15.4013
41,65.9,0.737,5.97,1406.7,52.49,16621,22,7,0,68.03,2.2689,11.0385
49,76.03,1.467,5.8,1716.8,44.67,35078,62,5,0,69.01,1.9888,13.1086
42,83.34,0.716,5.65,1497.5,52.08,5942,63,17,0,71.72,3.598,14.7504
9,55.39,2.164,7.03,1391.8,61.62,28750,28,7,0,71.82,1.4895,7.8791
2,63.27,1.737,5.13,1423.2,47.55,6729,88,17,0,70.68,2.7707,12.3333
23,72.18,1.858,5.85,1023.7,78.52,6541,25,12,0,69.74,2.8193,12.3385
13,69.62,4.111,5.31,953.0,59.31,46832,72,9,0,73.71,3.4766,13.1111
24,62.78,2.889,5.9,1394.0,47.78,2584,86,13,0,71.16,2.5103,10.6407
9,55.11,1.438,5.75,1511.8,41.23,28819,28,7,0,71.56,1.4753,9.5843
10,65.17,2.122,5.83,1602.3,67.46,31095,81,9,0,71.0,2.0434,11.1784
11,88.03,2.929,4.76,1458.0,57.78,39926,84,14,0,68.77,2.6398,18.4937
49,68.61,1.216,6.28,1580.0,52.85,34920,62,5,0,69.52,2.0301,10.9252
18,79.95,1.58,5.81,1341.1,64.48,32780,65,18,0,67.85,1.4505,13.7608
29,59.34,0.994,6.19,1206.8,52.46,36964,18,13,0,68.27,1.9871,9.5864
14,68.68,1.693,6.93,1701.8,51.27,32811,41,2,0,67.57,1.4227,9.9105
44,60.05,1.452,4.46,1497.9,57.59,15323,41,3,0,68.59,0.9771,13.4641
12,60.91,1.857,7.5,1416.0,59.66,32361,111,6,0,66.82,1.8435,8.1213
38,65.32,2.6,6.01,1562.2,50.77,28460,81,13,0,73.51,2.3303,10.8686
4,79.28,2.715,4.59,1456.1,43.84,31901,45,1,0,70.86,1.6717,17.2723
28,59.52,2.423,7.07,1257.0,67.18,47693,40,2,0,70.37,3.1284,8.4187
25,54.13,3.058,4.43,1048.5,55.5,9155,25,2,0,72.72,1.9101,12.219
16,61.73,1.94,5.26,1714.6,67.4,3095,83,12,0,73.36,2.3037,11.7357
34,71.49,3.529,3.56,1570.7,45.42,37004,12,19,0,66.9,1.3341,20.0815
24,56.02,3.368,5.44,1231.7,24.68,2559,86,13,0,70.3,2.4976,10.2978
12,63.6,2.17,5.91,1602.5,35.27,32489,111,6,0,66.54,1.8045,10.7614
32,50.5,1.697,5.7,1247.8,71.66,26123,56,0,0,66.82,2.293,8.8596
21,64.77,2.843,5.12,1337.3,32.72,41212,7,11,0,68.15,1.9056,12.6504
45,64.16,4.922,6.23,1341.1,68.82,910,30,11,0,69.54,3.0763,10.2986
1,68.63,2.55,5.11,1361.4,53.73,2476,74,9,0,71.27,1.5588,13.4305
41,59.78,2.658,5.44,1166.7,48.47,16634,22,7,0,67.35,2.2638,10.989
13,77.34,1.34,5.21,1541.2,54.94,46657,72,9,0,73.69,3.5194,14.8445
25,61.85,2.706,5.08,1161.9,64.43,9161,25,2,0,72.61,1.9023,12.1752
34,69.85,2.146,5.78,1631.8,52.01,37005,12,19,0,67.25,1.3366,12.0848
6,69.8,2.655,5.85,1287.3,37.58,28406,71,2,0,70.42,2.3277,11.9316
42,68.81,2.846,4.45,1494.8,66.24,5624,63,17,0,71.89,3.5971,15.4629
24,72.29,3.326,5.24,1516.9,82.43,2278,86,13,0,69.95,2.2838,13.7958
4,77.52,2.839,5.95,1717.7,52.82,31474,45,1,0,71.29,1.6405,13.0286
16,74.55,4.358,4.94,1443.6,61.83,3081,83,12,0,72.41,2.225,15.0911
46,62.08,1.997,6.15,1754.4,50.25,11315,19,9,0,70.32,2.754,10.0943
29,64.84,0.889,4.31,1664.3,36.1,36954,18,13,0,68.11,2.0204,15.0441
28,65.74,1.71,5.28,1687.4,54.66,47728,40,2,0,70.16,3.1087,12.4508
45,71.25,3.798,5.72,1330.6,43.41,932,30,11,0,69.4,3.0671,12.4563
23,71.9,2.068,4.27,1442.1,35.42,6266,25,12,0,70.03,2.7975,16.8384
42,66.2,3.585,5.35,1337.8,45.39,5718,63,17,0,72.01,3.5919,12.3738
27,82.83,11.662,4.33,1959.4,99.44,2141,52,16,1,68.74,2.3506,19.1293
15,56.6,1.55,5.22,1309.6,51.55,12614,110,16,0,68.2,1.2915,10.8429
50,61.35,1.825,6.3,1206.9,65.37,22133,21,3,0,69.12,1.8611,9.7381
47,66.9,1.398,5.48,1693.1,54.08,17662,55,7,0,70.74,1.8943,12.208
41,72.55,2.324,5.61,1365.0,48.44,16724,22,7,0,68.54,2.2638,12.9323
35,76.06,2.379,5.18,1534.0,51.87,8157,57,10,0,68.29,1.6362,14.6834
2,51.69,4.054,6.05,1237.4,68.69,6931,88,17,0,69.59,2.773,8.5438
42,61.92,3.462,4.12,1149.7,68.58,5711,63,17,0,71.87,3.588,15.0291
44,64.74,3.926,6.06,1469.0,64.41,15614,41,3,0,68.38,1.0117,10.6832
17,73.64,2.808,4.74,1363.6,58.29,49050,49,0,0,71.96,2.9556,15.5359
17,69.57,2.643,5.15,1294.0,46.47,48856,49,0,0,72.08,2.9172,13.5087
44,64.02,4.424,5.8,1191.3,51.62,15527,41,3,0,68.27,1.0814,11.0379
2,68.81,1.792,4.73,1715.6,60.95,7023,88,17,0,69.66,2.7803,14.5476
7,58.02,1.873,4.94,1507.8,61.83,2896,118,6,0,72.42,1.6552,11.7449
15,68.92,3.499,6.7,1297.6,59.75,12501,110,16,0,68.27,1.2973,10.2866
49,66.04,1.634,4.61,1634.5,79.36,34949,62,5,0,69.57,2.0307,14.3254
43,82.84,2.081,4.78,1505.3,38.73,22453,106,18,0,72.78,3.2071,17.3305
6,63.01,2.645,5.11,1319.8,50.34,28617,71,2,0,70.28,2.3231,12.3307
26,76.4,1.479,6.59,1400.4,57.25,11990,95,13,0,68.33,1.4562,11.5933
35,76.85,2.322,5.26,1344.9,56.28,8488,57,10,0,68.65,1.6265,14.6103
29,77.55,3.736,5.09,1723.9,66.81,37093,18,13,0,68.21,2.0245,15.2358
19,63.43,3.038,4.26,1232.2,48.52,34149,75,12,0,67.05,1.5355,14.8897
33,67.69,3.105,5.06,1111.3,48.46,17414,109,0,0,74.16,1.623,13.3775
39,71.47,4.144,6.09,1240.0,43.23,34060,15,13,0,68.73,2.422,11.7356
19,60.95,1.917,5.07,1704.5,60.49,34235,75,12,0,67.02,1.5224,12.0217
43,77.5,2.311,6.42,1562.4,68.99,22409,106,18,0,73.07,3.1861,12.0717
29,72.0,1.924,5.75,1926.0,55.91,36980,18,13,0,68.18,2.0311,12.5217
35,77.77,1.808,5.58,1780.6,61.84,8168,57,10,0,69.13,1.6238,13.9373
30,57.1,1.954,6.55,1544.7,34.58,31084,90,2,0,65.77,4.8248,8.7176
39,51.94,2.214,4.64,1188.7,38.7,34275,15,13,0,68.77,2.3911,11.194
3,56.75,3.199,4.42,1294.5,63.43,50246,40,16,0,70.62,0.8836,12.8394
41,72.29,4.978,5.43,1709.5,50.0,16913,22,7,0,68.9,2.3018,13.3131
19,73.88,1.801,6.75,1962.8,57.7,33914,75,12,0,67.93,1.5289,10.9452
26,63.16,4.623,5.1,1576.0,36.25,12118,95,13,0,67.51,0.9699,12.3843
31,59.62,3.137,6.2,1435.8,37.86,8140,56,3,0,69.85,1.2422,9.6161
41,68.25,2.101,5.37,1589.6,75.59,16990,22,7,0,68.67,2.2871,12.7095
48,61.6,1.71,6.0,1528.2,53.89,30016,115,7,0,75.33,2.0067,10.2667
12,67.38,2.13,4.15,1707.4,48.14,32261,111,6,0,66.9,1.7898,16.2361
50,76.25,5.538,4.67,1377.4,39.56,22367,21,3,0,69.67,1.8987,16.3276
22,78.11,8.304,4.56,1638.8,62.82,24900,35,6,0,71.79,3.4644,17.1294
34,63.27,1.37,7.37,1540.2,41.92,36887,12,19,0,66.42,1.3473,8.5848
21,72.19,3.683,5.74,1327.2,44.4,41420,7,11,0,68.47,1.9087,12.5767
8,76.95,1.973,5.35,1954.1,79.51,39622,98,4,0,68.52,3.8857,14.3832
17,68.66,2.123,5.06,1307.3,64.66,49216,49,0,0,71.93,2.9049,13.5692
49,53.62,2.551,4.3,1640.9,66.52,35180,62,5,0,68.78,2.0258,12.4698
12,66.21,0.969,5.98,1365.4,62.59,32343,111,6,0,67.01,1.8396,11.0719
30,52.55,1.846,5.32,1564.7,39.03,30957,90,2,0,65.78,4.8257,9.8778
2,82.95,1.018,6.28,1431.1,51.68,6773,88,17,0,70.47,2.7845,13.2086
34,89.57,12.776,3.64,1984.5,63.91,36992,12,19,1,67.56,2.4492,24.6071
46,82.86,0.774,4.5,1072.9,70.38,11055,19,9,0,71.18,2.7726,18.4133
28,59.3,3.408,5.63,1127.6,63.04,47759,40,2,0,69.33,2.8389,10.5329
17,65.44,1.318,5.66,1152.7,64.46,48836,49,0,0,72.02,2.8961,11.5618
41,70.94,1.535,4.82,1420.6,41.55,17066,22,7,0,67.81,1.2472,14.7178
8,54.78,1.849,6.07,1437.6,56.01,39649,98,4,0,67.83,3.8918,9.0247
17,69.54,3.939,5.57,1275.0,57.73,48876,49,0,0,70.33,1.8093,12.4847
3,59.14,1.346,7.15,1722.9,58.47,50059,40,16,0,70.51,0.8868,8.2713
6,73.57,3.465,4.15,1403.1,62.36,28508,71,2,0,71.14,2.3244,17.7277
40,69.13,2.956,5.35,1231.0,50.92,39070,23,8,0,73.36,2.0803,12.9215
6,55.29,6.706,5.45,1429.9,77.06,28345,71,2,0,68.66,2.4271,10.145
39,63.89,1.952,5.81,1473.3,51.37,34271,15,13,0,68.24,2.3941,10.9966
17,65.76,1.798,6.24,1692.3,48.09,48843,49,0,0,70.23,1.8126,10.5385
37,79.2,3.239,5.15,810.5,66.49,14705,91,13,0,70.17,3.624,15.3786
37,67.13,2.056,4.47,1585.7,60.7,14695,91,13,0,69.94,3.6321,15.0179
10,72.21,2.104,5.3,1469.2,70.69,31140,81,9,0,71.48,2.0285,13.6245
50,95.44,1.586,4.04,2170.6,82.32,22439,21,3,1,70.96,1.9207,23.6238
45,64.53,0.917,6.03,1142.2,67.73,949,30,11,0,69.27,3.1047,10.7015
27,69.13,1.555,3.68,1338.8,66.24,2198,52,16,0,68.75,2.3769,18.7853
9,77.45,4.111,3.92,1793.3,50.05,28829,28,7,1,72.03,1.4923,19.7577
10,61.48,2.004,5.81,1318.5,52.51,31209,81,9,0,71.52,2.012,10.5818
44,71.53,2.126,5.84,1469.3,56.53,15652,41,3,0,68.96,1.0828,12.2483
11,70.12,5.776,4.86,1544.3,52.92,39948,84,14,0,68.6,2.6546,14.428
13,74.62,1.794,5.88,1322.9,62.83,47046,72,9,0,73.68,3.5243,12.6905
8,101.56,8.195,2.64,1043.4,103.41,39477,98,4,1,69.39,4.0143,38.4697
40,55.29,4.455,5.11,1774.2,49.24,39018,23,8,0,72.3,2.066,10.82
21,90.72,0.971,6.07,1262.6,46.06,41234,7,11,0,69.52,1.8207,14.9456
34,70.01,1.57,5.99,1349.1,64.9,37135,12,19,0,67.77,2.4599,11.6878
47,57.79,2.723,7.08,1393.7,63.12,18003,55,7,0,69.93,1.8945,8.1624
29,67.47,2.41,5.8,1615.3,81.38,37125,18,13,0,68.26,2.0312,11.6328
41,52.7,1.928,7.1,1304.1,51.09,16941,22,7,0,67.27,1.2342,7.4225
47,70.95,2.356,6.67,1214.0,79.3,17704,55,7,0,69.69,1.8945,10.6372
26,81.27,2.258,6.44,1229.1,54.46,12201,95,13,0,67.63,0.9645,12.6196
42,62.52,1.134,4.33,1638.5,64.47,5720,63,17,0,71.56,3.6039,14.4388
13,66.9,1.901,5.24,1245.9,45.22,46784,72,9,0,73.35,3.5397,12.7672
9,84.89,1.704,5.79,1402.4,51.51,28891,28,7,0,72.43,1.5053,14.6615
35,72.48,1.509,5.67,1267.9,65.26,8256,57,10,0,69.16,1.6245,12.7831
48,56.19,1.365,7.21,1641.0,46.92,29904,115,7,0,74.74,2.0546,7.7933
39,71.38,2.713,5.45,1436.8,49.18,34081,15,13,0,69.24,2.3871,13.0972
25,69.37,1.273,4.71,1526.6,51.0,8742,25,2,0,72.32,1.9009,14.7282
19,68.55,1.526,5.59,1332.3,51.06,34357,75,12,0,68.17,1.5249,12.263
19,66.75,0.821,6.42,1670.3,43.95,34255,75,12,0,67.58,1.5649,10.3972
30,75.92,3.873,7.12,1541.4,38.95,30615,90,2,0,66.58,4.8125,10.6629
37,81.95,5.093,4.35,1476.6,69.43,14573,91,13,0,70.84,3.6507,18.8391
19,70.76,0.886,5.05,1347.7,59.52,34324,75,12,0,67.1,1.5824,14.0119
16,60.17,2.598,6.22,1479.7,60.68,2988,83,12,0,72.59,2.2367,9.6736
43,61.11,4.321,5.09,1541.1,50.98,22458,106,18,0,72.91,3.193,12.0059
10,73.41,1.166,7.01,1523.9,60.21,30979,81,9,0,71.48,2.0492,10.4722
32,70.98,2.781,5.95,1586.5,52.02,25957,56,0,0,67.07,2.2809,11.9294
22,74.36,3.715,4.8,1607.7,34.57,24879,35,6,0,72.17,3.4223,15.4917
8,78.68,1.439,6.33,1649.7,86.19,39515,98,4,0,69.92,4.0195,12.4297
15,60.76,1.732,5.08,1695.1,58.1,12636,110,16,0,67.92,1.2584,11.9606
31,63.68,3.963,4.78,1483.4,50.13,8605,56,3,0,69.57,1.0553,13.3222
13,70.8,3.592,5.16,1460.3,50.47,47094,72,9,0,73.37,3.5262,13.7209
35,80.55,3.57,5.48,1450.2,48.1,8158,57,10,0,70.0,1.4811,14.6989
8,50.71,1.741,6.07,1550.3,44.33,39802,98,4,0,67.78,1.582,8.3542
48,77.69,1.936,4.01,1466.5,39.83,29788,115,7,0,74.64,2.0672,19.3741
38,63.92,4.734,5.57,1541.9,47.31,28152,81,13,0,72.71,2.2838,11.4758
3,114.32,6.329,5.71,2015.8,89.11,50273,40,16,1,72.4,1.2231,20.021
27,62.35,1.492,5.09,1167.8,59.93,1931,52,16,0,68.35,2.3985,12.2495
14,77.04,2.532,5.77,1402.8,61.22,33020,41,2,0,68.39,1.4228,13.3518
4,68.86,2.527,4.84,1327.7,73.04,31800,45,1,0,71.54,1.5808,14.2273
14,73.24,4.441,5.09,1395.3,53.72,33087,41,2,0,68.79,1.4534,14.389
43,78.65,4.599,5.9,1471.1,66.6,22222,106,18,0,72.69,3.1885,13.3305
48,101.52,11.238,3.51,2031.4,81.55,29585,115,7,1,75.67,2.6051,28.9231
5,77.84,3.078,2.45,1391.4,116.14,31121,49,5,1,69.86,1.5739,31.7714
31,69.24,3.589,6.18,1629.0,66.1,8530,56,3,0,69.56,1.0529,11.2039
13,73.35,1.982,4.74,1500.5,40.17,46738,72,9,0,72.64,3.5468,15.4747
47,78.04,1.615,2.97,2096.9,107.08,18079,55,7,1,70.18,0.9047,26.2761
44,66.13,0.917,4.87,1658.9,45.86,15568,41,3,0,68.96,1.1294,13.5791
42,68.31,1.298,5.72,1403.1,69.82,5707,63,17,0,71.36,3.6257,11.9423
27,62.97,1.192,7.53,1261.7,51.74,2074,52,16,0,68.34,2.4299,8.3625
38,112.19,6.17,4.1,1371.4,86.55,28554,81,13,1,74.58,2.3349,27.3634
17,104.25,7.596,5.54,2204.1,116.04,49122,49,0,1,71.78,2.0497,18.8177
35,107.55,11.435,4.07,1174.1,42.27,8149,57,10,1,71.58,2.3357,26.4251
35,81.3,3.046,5.3,1444.1,69.38,8108,57,10,0,71.56,2.1147,15.3396
21,60.4,1.907,6.01,992.6,64.27,41341,7,11,0,68.46,1.7924,10.0499
4,57.79,4.309,6.13,1200.9,65.78,31915,45,1,0,70.76,1.6037,9.4274
7,52.39,3.617,4.42,1376.3,49.4,2771,118,6,0,71.84,1.6384,11.8529
36,60.33,2.436,5.69,1640.8,44.64,32598,32,13,0,69.2,1.9973,10.6028
48,61.48,1.1,4.74,1354.9,56.63,29980,115,7,0,74.86,2.6428,12.9705
45,69.72,2.656,5.71,1208.1,28.52,1244,30,11,0,69.04,3.0843,12.2102
45,71.47,1.431,5.32,1235.2,60.96,1086,30,11,0,69.72,3.081,13.4342
16,65.7,3.355,7.01,1216.5,57.7,3262,83,12,0,72.93,2.2047,9.3723
39,78.83,2.686,5.07,1409.7,81.54,34007,15,13,0,70.05,2.3885,15.5483
43,77.84,1.131,4.97,1567.8,22.99,22010,106,18,0,72.26,3.199,15.662
10,56.39,3.345,5.49,1560.1,42.4,31278,81,9,0,70.82,2.028,10.2714
5,60.91,1.993,5.71,1727.2,62.52,31329,49,5,0,70.19,1.5207,10.6673
45,81.93,2.134,5.75,1780.5,57.0,1045,30,11,0,70.48,3.0896,14.2487
8,72.95,2.434,4.83,1371.3,42.22,39557,98,4,0,68.09,1.5771,15.1035
14,69.15,1.597,3.94,1286.0,50.25,32960,41,2,0,68.39,1.4531,17.5508
14,77.81,1.832,4.52,1469.6,69.38,32996,41,2,0,69.12,1.4652,17.2146
45,64.32,2.737,4.63,1588.8,70.9,1239,30,11,0,70.54,3.0815,13.892
45,63.28,3.147,6.67,1969.0,58.97,1066,30,11,0,69.05,3.0654,9.4873
6,69.79,1.618,4.66,1522.3,38.77,28524,71,2,0,69.33,2.4219,14.9764
3,82.34,2.408,6.07,1418.0,52.59,50173,40,16,0,73.07,1.2076,13.5651
19,69.49,5.649,6.31,1365.5,36.58,34305,75,12,0,66.71,1.6042,11.0127
46,68.84,2.078,3.52,1501.8,63.07,11086,19,9,0,71.48,2.785,19.5568
48,71.37,1.029,5.85,1287.4,59.92,29948,115,7,0,73.64,2.6324,12.2
8,63.51,3.569,6.38,1442.6,21.42,39604,98,4,0,67.83,1.5611,9.9545
38,77.86,1.189,6.11,1553.4,40.69,28274,81,13,0,72.76,2.1564,12.743
27,87.14,4.793,5.12,1351.2,29.57,2083,52,16,0,69.23,2.4468,17.0195
19,67.44,2.869,4.52,1198.2,66.0,34038,75,12,0,66.83,1.5657,14.9204
30,79.36,1.465,5.46,1379.2,54.54,30717,90,2,0,66.5,4.8246,14.5348
49,89.65,1.604,3.75,1477.0,38.92,35161,62,5,0,68.69,2.002,23.9067
37,50.27,4.284,6.49,1429.6,56.89,14319,91,13,0,70.08,3.6468,7.7458
42,64.95,5.208,6.54,942.4,42.16,5670,63,17,0,71.09,3.6432,9.9312
7,65.85,2.152,6.05,1539.3,65.43,2622,118,6,0,71.99,1.6131,10.8843
8,67.82,1.845,4.56,1639.1,50.12,39774,98,4,0,68.23,1.5534,14.8728
27,67.93,2.072,5.53,1342.9,56.44,2369,52,16,0,68.79,2.3258,12.2839
33,58.32,2.328,3.18,1544.5,59.83,17641,109,0,0,73.39,1.5845,18.3396
11,59.31,1.985,6.16,1303.4,33.09,39643,84,14,0,68.52,2.6666,9.6282
14,57.16,1.629,5.63,1351.7,41.88,32922,41,2,0,68.89,1.4828,10.1528
42,58.11,1.113,5.3,1289.9,59.19,6002,63,17,0,71.04,3.6695,10.9642
29,80.08,2.373,3.98,1265.2,60.88,36941,18,13,0,69.09,2.0237,20.1206
15,69.31,3.555,4.68,1627.8,57.75,12882,110,16,0,68.37,1.2498,14.8098
42,65.32,1.236,5.9,1585.4,56.55,5842,63,17,0,70.85,3.6902,11.0712
8,82.4,2.853,5.56,1559.2,73.95,39764,98,4,0,69.03,1.5512,14.8201
21,60.75,0.795,4.44,1530.0,71.7,41407,7,11,0,68.79,1.8161,13.6824
18,66.42,1.138,5.12,1752.4,57.55,32796,65,18,0,67.55,1.4681,12.9727
46,83.38,4.127,5.03,1538.5,58.19,11122,19,9,0,72.13,2.788,16.5765
19,51.93,2.412,5.78,1373.5,57.01,34252,75,12,0,66.07,1.5437,8.9844
29,66.03,2.005,6.65,1100.4,39.72,37097,18,13,0,68.95,2.0276,9.9293
32,71.77,0.836,6.75,1442.7,46.61,25916,56,0,0,67.63,2.3111,10.6326
35,71.82,1.611,4.61,1420.8,57.8,8228,57,10,0,72.05,2.1234,15.5792
38,71.03,0.874,5.68,1382.6,55.78,28432,81,13,0,71.23,1.961,12.5053
36,79.83,3.65,5.5,1414.6,58.54,32332,32,13,0,70.54,2.0042,14.5145
25,59.63,1.844,5.2,1379.8,59.21,8732,25,2,0,72.02,1.8937,11.4673
11,73.45,1.403,4.95,1409.2,89.63,39590,84,14,0,68.79,2.4747,14.8384
43,70.19,1.59,6.57,1682.7,50.79,22370,106,18,0,72.52,3.2037,10.6834
33,70.32,0.846,5.94,1579.3,53.03,17478,109,0,0,73.08,1.6058,11.8384
48,77.68,1.936,4.42,1555.9,56.33,29580,115,7,0,73.36,2.65,17.5747
31,57.53,2.769,6.21,1375.8,64.99,8225,56,3,0,68.64,1.0183,9.2641
20,82.64,1.508,6.51,1523.4,57.59,24913,31,3,0,68.06,1.0399,12.6943
15,77.82,1.443,5.66,1259.0,56.06,12913,110,16,0,68.71,1.2669,13.7491
12,77.86,1.849,5.63,1433.2,62.36,32452,111,6,0,67.32,1.8478,13.8295
15,65.17,3.659,4.47,1411.3,69.13,12892,110,16,0,68.48,1.2606,14.5794
12,85.49,5.762,5.17,1158.4,64.78,32307,111,6,0,68.41,1.9311,16.5358
46,56.1,2.933,5.22,1208.0,68.03,11153,19,9,0,71.16,2.7662,10.7471
44,74.08,2.258,5.9,1488.2,39.66,15620,41,3,0,68.66,1.113,12.5559
8,77.47,1.475,5.39,1520.8,64.8,39548,98,4,0,70.54,1.5358,14.3729
7,73.78,2.297,5.25,1255.3,47.53,2884,118,6,0,71.1,1.6085,14.0533
28,81.95,2.224,5.78,1521.4,70.07,47681,40,2,0,69.27,2.7306,14.1782
7,70.91,0.654,6.05,1394.1,52.59,2794,118,6,0,70.72,1.636,11.7207
36,70.86,2.515,5.72,1345.9,39.71,32338,32,13,0,70.16,2.0046,12.3881
27,56.51,2.334,5.72,1294.6,56.89,2322,52,16,0,67.81,2.3299,9.8794
42,71.08,1.795,4.12,1496.9,67.1,5961,63,17,0,70.77,3.6749,17.2524
13,71.83,2.065,6.21,1455.2,61.66,46661,72,9,0,71.81,3.2348,11.5668
31,70.02,1.994,5.91,1580.9,47.2,8465,56,3,0,68.73,1.0186,11.8477
14,64.0,3.583,5.62,1379.0,63.54,32787,41,2,0,68.86,1.491,11.3879
16,64.26,1.435,4.73,1127.7,44.21,3282,83,12,0,72.31,2.252,13.5856
32,80.74,4.334,4.38,1680.5,51.4,25895,56,0,0,68.7,2.2494,18.4338
4,83.55,0.987,6.01,1260.0,50.41,31458,45,1,0,71.28,1.5989,13.9018
24,51.33,3.231,4.19,1400.7,73.58,2280,86,13,0,67.21,2.1989,12.2506
42,51.48,2.525,6.25,1576.1,70.81,5608,63,17,0,70.38,3.6704,8.2368
44,65.05,2.155,5.55,1369.5,70.5,15395,41,3,0,68.39,1.102,11.7207
14,72.11,2.448,5.72,1268.4,60.51,32967,41,2,0,69.42,1.4778,12.6066
23,60.16,2.297,5.98,1457.7,94.25,6387,25,12,0,69.73,2.6036,10.0602
19,70.84,3.009,3.82,1295.9,67.69,34279,75,12,0,66.18,1.5463,18.5445
11,77.08,2.843,6.0,1848.3,72.69,39787,84,14,0,68.88,2.1363,12.8467
37,67.89,2.878,6.22,1397.1,51.82,14723,91,13,0,69.71,3.5814,10.9148
25,55.41,1.934,5.73,1283.8,41.17,8925,25,2,0,71.03,1.7087,9.6702
31,71.5,1.789,6.13,1473.2,49.68,8544,56,3,0,68.64,1.0163,11.6639
36,70.15,2.818,5.54,1548.2,46.14,32510,32,13,0,70.6,1.963,12.6625
21,69.97,2.163,4.77,1415.6,70.2,41428,7,11,0,68.66,1.7894,14.6688
50,71.12,1.642,6.04,1386.2,67.53,22255,21,3,0,70.79,1.9255,11.7748
29,67.03,2.169,4.85,1183.2,38.98,36818,18,13,0,69.13,2.0263,13.8206
12,64.55,0.807,5.09,1322.8,57.35,32219,111,6,0,67.89,1.9594,12.6817
35,68.88,1.765,5.61,1596.2,78.54,8328,57,10,0,71.43,2.0852,12.2781
36,78.59,1.814,6.43,1455.5,24.94,32537,32,13,0,70.92,1.8866,12.2224
6,62.02,1.175,4.35,1178.0,68.77,28707,71,2,0,69.25,2.4508,14.2575
39,78.85,7.315,4.35,2487.0,120.16,34308,15,13,1,70.99,2.4312,18.1264
42,75.25,3.934,5.66,1648.6,64.89,5820,63,17,0,71.01,3.6656,13.2951
31,67.94,2.331,6.08,1475.7,59.3,8355,56,3,0,68.61,1.0025,11.1743
47,76.97,0.655,5.92,1615.3,75.37,17875,55,7,0,70.05,0.9471,13.0017
42,63.98,1.482,4.91,1612.6,58.16,5908,63,17,0,70.62,3.6629,13.0305
39,57.44,0.857,5.57,1349.0,54.08,34281,15,13,0,68.91,1.6487,10.3124
33,68.39,1.464,5.92,1163.1,55.31,17649,109,0,0,72.67,1.6175,11.5524
29,45.74,5.316,5.68,1665.7,45.52,36907,18,13,0,67.54,1.25,8.0528
33,57.97,1.394,4.79,1074.5,45.39,17672,109,0,0,72.57,1.6068,12.1023
12,120.38,17.629,3.32,1201.4,85.78,32366,111,6,1,69.93,3.5572,36.259
49,83.79,3.132,4.81,1559.2,61.37,35015,62,5,0,69.36,1.9756,17.42
50,66.45,1.934,5.09,1136.2,41.9,22542,21,3,0,71.18,1.9136,13.055
38,67.81,4.346,6.28,1426.1,68.48,28301,81,13,0,71.44,1.9483,10.7978
25,61.19,3.301,7.01,1530.6,48.65,9125,25,2,0,71.06,1.7145,8.729
22,90.19,4.821,2.71,1341.4,87.14,24971,35,6,1,72.99,3.4257,33.2804
6,75.05,1.947,6.34,1540.9,79.74,28671,71,2,0,69.73,2.4463,11.8375
22,87.73,5.706,2.63,1495.7,116.48,24855,35,6,1,74.0,3.4172,33.3574
9,82.35,12.066,3.65,1523.8,114.75,28847,28,7,1,72.44,2.3784,22.5616
17,72.55,2.707,4.96,1391.7,49.5,49173,49,0,0,71.01,1.8517,14.627
38,69.44,3.29,5.67,1736.4,49.07,28525,81,13,0,71.97,1.9442,12.2469
40,79.69,1.918,5.58,1406.4,53.05,39260,23,8,0,72.52,2.0349,14.2814
1,78.58,3.052,5.5,1491.1,56.62,2729,74,9,0,71.83,1.5569,14.2873
20,61.77,1.78,6.45,1287.1,66.79,24626,31,3,0,67.68,1.0246,9.5767
49,71.15,4.095,5.18,1295.4,44.68,34868,62,5,0,69.64,1.9771,13.7355
27,72.41,1.707,5.99,1311.2,56.1,1930,52,16,0,66.83,2.2754,12.0885
40,61.38,3.169,4.75,1741.6,74.02,39019,23,8,0,72.19,2.008,12.9221
16,58.27,2.073,5.6,1583.3,38.08,2985,83,12,0,70.88,2.2328,10.4054
6,65.29,3.825,6.05,1611.2,75.21,28445,71,2,0,69.4,2.4301,10.7917
22,77.33,6.272,4.82,1593.6,46.58,25187,35,6,0,74.19,2.7985,16.0436
19,72.05,1.323,7.22,1418.2,63.5,34264,75,12,0,66.41,1.5435,9.9792
43,69.07,1.467,5.46,1443.9,22.83,22351,106,18,0,71.98,2.6274,12.6502
47,78.08,1.547,5.64,1517.4,60.92,17936,55,7,0,70.59,0.9468,13.844
13,67.88,1.792,5.3,1020.9,54.03,46930,72,9,0,71.55,3.2382,12.8075
23,63.04,2.587,4.46,1677.4,29.48,6414,25,12,0,70.01,2.5885,14.1345
4,69.67,2.133,6.51,1245.4,71.42,31451,45,1,0,71.72,1.4144,10.702
6,61.91,1.97,6.03,1521.6,64.77,28449,71,2,0,68.95,2.4262,10.267
35,81.66,1.712,4.56,1048.2,56.9,8370,57,10,0,72.25,2.0891,17.9079
39,75.99,1.122,5.99,1403.4,59.42,33984,15,13,0,69.53,1.6716,12.6861
1,80.72,2.213,5.8,1205.9,57.62,2260,74,9,0,72.01,1.5398,13.9172
33,80.9,0.907,5.15,1416.4,54.76,17827,109,0,0,73.09,1.6109,15.7087
2,68.02,2.256,7.27,1739.5,46.89,6831,88,17,0,69.42,1.2173,9.3563
42,93.44,8.452,3.98,1973.5,79.14,5779,63,17,1,70.91,3.4379,23.4774
47,67.97,0.819,5.91,1559.7,47.61,18151,55,7,0,69.88,0.8071,11.5008
37,72.17,1.518,5.32,1650.1,23.39,14390,91,13,0,70.13,3.5808,13.5658
40,69.97,1.474,7.47,1088.1,48.4,39365,23,8,0,72.11,2.0139,9.3668
28,64.7,3.119,6.77,1201.9,66.78,47910,40,2,0,69.6,2.722,9.5569
20,59.85,2.248,7.38,1824.9,43.76,24821,31,3,0,66.85,1.0223,8.1098
24,95.06,5.793,2.64,1210.3,89.57,2268,86,13,1,67.93,2.2783,36.0076
48,85.25,12.942,3.29,1307.1,58.49,29908,115,7,1,73.65,3.2877,25.9119
32,59.96,1.468,5.3,1344.0,50.9,26309,56,0,0,68.57,2.2417,11.3132
1,65.59,6.188,6.09,1248.8,46.38,2266,74,9,0,71.73,1.6841,10.7701
20,62.9,6.466,5.77,1312.0,50.27,24591,31,3,0,66.9,1.3336,10.9012
40,60.33,4.387,6.71,1387.1,48.47,39256,23,8,0,70.88,1.8938,8.9911
6,51.99,1.885,5.63,1361.8,44.72,28582,71,2,0,67.94,2.4289,9.2345
38,56.84,3.207,5.59,932.4,52.78,28287,81,13,0,70.68,1.5584,10.1682
6,72.16,3.053,5.21,1572.5,81.86,28762,71,2,0,68.11,2.4214,13.8503
24,94.73,12.403,1.06,1659.4,82.79,2573,86,13,1,68.67,2.9742,89.3679
13,70.73,2.545,5.52,1658.2,60.26,46760,72,9,0,70.97,3.2438,12.8134
43,69.05,1.221,7.14,1701.9,47.24,22383,106,18,0,71.7,2.6273,9.6709
49,63.14,2.509,5.64,1324.4,46.02,35233,62,5,0,69.05,1.9735,11.195
27,71.27,5.718,4.92,1696.1,50.6,1966,52,16,0,67.36,2.3493,14.4858
37,72.52,2.178,5.8,1311.1,79.74,14765,91,13,0,70.95,3.5779,12.5034
14,67.35,2.748,5.63,1238.8,62.71,33167,41,2,0,69.88,1.4777,11.9627
14,63.21,3.841,6.56,1475.0,66.92,33042,41,2,0,69.88,1.4885,9.6357
42,77.22,3.013,4.6,1167.0,36.47,5529,63,17,0,71.22,3.4356,16.787
16,68.13,3.233,5.02,1435.5,57.94,3438,83,12,0,71.0,2.2238,13.5717
23,65.08,1.109,6.3,1663.8,62.84,6619,25,12,0,70.23,2.6063,10.3302
11,67.02,7.117,6.15,1386.1,62.81,39870,84,14,0,69.1,2.2814,10.8976
35,72.17,2.231,4.96,1417.6,58.81,8538,57,10,0,73.55,2.0903,14.5504
46,56.85,4.848,5.1,1554.5,58.17,11393,19,9,0,71.12,2.7183,11.1471
23,72.77,4.188,5.71,1216.0,60.09,6606,25,12,0,70.4,2.5876,12.7443
42,62.96,5.851,4.5,1389.6,60.2,5819,63,17,0,70.49,3.4565,13.9911
18,60.91,0.723,5.89,1872.0,55.4,33091,65,18,0,67.42,1.4925,10.3413
18,69.82,1.654,6.39,1333.9,51.5,33063,65,18,0,67.12,1.4933,10.9264
12,80.99,2.668,2.97,1377.8,100.23,32485,111,6,1,70.78,3.5608,27.2694
38,50.38,1.588,5.36,1393.5,52.26,28595,81,13,0,70.15,1.5534,9.3993
1,62.3,0.98,5.55,1388.0,64.28,2307,74,9,0,71.47,1.7153,11.2252
35,67.31,1.889,5.87,1720.6,52.16,8424,57,10,0,73.9,2.0707,11.4668
22,78.91,3.936,5.81,1749.0,66.42,25133,35,6,0,74.91,2.7735,13.5818
36,66.55,3.457,6.36,1672.5,47.82,32414,32,13,0,70.52,1.8334,10.4638
26,65.55,6.952,5.96,1528.0,32.76,12070,95,13,0,67.63,1.3461,10.9983
6,65.34,1.94,6.62,1234.4,62.08,28367,71,2,0,66.46,1.3168,9.8701
18,94.55,16.638,3.25,1592.4,80.5,33120,65,18,1,68.48,3.2771,29.0923
13,69.88,1.656,6.46,1515.9,65.31,46897,72,9,0,71.61,3.2509,10.8173
19,89.76,4.749,3.22,1375.9,77.64,34332,75,12,1,67.43,1.6013,27.8758
43,78.02,1.263,5.07,1572.5,37.24,22445,106,18,0,72.52,2.6215,15.3886
25,67.54,2.397,5.48,1361.1,65.46,8906,25,2,0,70.99,1.6888,12.3248
2,87.13,6.577,1.12,1668.9,98.66,7018,88,17,1,70.45,1.4677,77.7946
22,73.05,2.839,6.33,1438.9,33.16,25014,35,6,0,74.92,2.7758,11.5403
9,69.18,1.706,5.77,1611.6,56.99,28641,28,7,0,71.68,2.361,11.9896
4,68.55,2.664,4.72,1428.1,61.25,31694,45,1,0,71.89,1.4142,14.5233
48,65.42,2.502,6.03,1571.4,63.88,29731,115,7,0,73.46,3.2982,10.8491
17,62.28,2.208,6.48,1527.3,59.51,49202,49,0,0,69.41,1.7576,9.6111
11,65.7,1.781,5.22,1616.6,60.21,39796,84,14,0,69.37,2.2911,12.5862
17,73.0,2.167,5.35,1475.8,63.83,49093,49,0,0,70.31,1.3872,13.6449
24,68.26,2.233,5.24,1434.6,51.34,2195,86,13,0,68.67,2.9829,13.0267
9,84.17,1.526,4.98,1265.6,55.45,28527,28,7,0,71.79,2.3695,16.9016
31,65.81,1.337,5.84,1680.6,40.88,8167,56,3,0,68.53,1.0164,11.2688
37,67.0,0.556,6.56,1269.8,38.22,14633,91,13,0,70.51,3.6155,10.2134
17,59.49,3.931,6.17,1637.6,72.1,48770,49,0,0,70.18,1.3739,9.6418
50,64.61,4.308,5.0,1423.8,45.74,22433,21,3,0,71.1,1.8679,12.922
32,62.69,4.18,5.02,1585.2,33.6,25900,56,0,0,68.04,2.2617,12.488
11,62.76,4.41,5.05,1420.5,70.51,39876,84,14,0,69.59,2.3015,12.4277
35,60.74,2.114,5.27,1431.9,48.71,8045,57,10,0,73.71,2.0443,11.5256
33,71.48,3.492,5.01,1131.6,56.52,17800,109,0,0,73.41,1.6074,14.2675
50,53.74,2.239,5.81,1619.9,70.65,22519,21,3,0,70.8,1.8318,9.2496
39,64.81,1.68,4.91,1299.8,35.83,34264,15,13,0,68.52,1.4627,13.1996
7,66.8,1.844,5.73,1269.6,66.02,2688,118,6,0,69.54,1.5534,11.6579
49,61.49,2.169,6.17,1563.8,56.39,35135,62,5,0,68.96,1.9511,9.966
14,76.38,1.136,4.9,1511.7,70.15,33105,41,2,0,68.98,0.9973,15.5878
17,78.27,2.355,7.4,1477.5,53.39,49142,49,0,0,70.48,1.3747,10.577
11,60.95,1.27,5.08,1416.0,59.18,39963,84,14,0,69.86,2.3355,11.998
3,88.4,8.189,1.3,1294.1,61.33,49947,40,16,1,74.02,1.6733,68.0
22,68.35,3.124,5.6,1242.5,69.18,25214,35,6,0,74.73,2.6256,12.2054
25,76.04,8.522,8.14,1449.4,45.95,8938,25,2,0,71.44,2.0679,9.3415
32,68.13,2.025,3.5,1447.1,48.65,25980,56,0,0,67.6,2.2657,19.4657
46,106.01,4.155,4.59,1587.7,52.15,11366,19,9,1,73.18,2.7197,23.0959
43,66.67,1.903,5.34,1612.4,74.02,22408,106,18,0,71.76,2.5955,12.485
22,71.25,5.112,6.28,1471.1,53.6,25254,35,6,0,74.9,2.5917,11.3455
26,66.61,0.696,4.73,1648.5,61.27,11754,95,13,0,67.12,1.3923,14.0825
25,83.77,2.538,5.91,1332.5,63.43,8890,25,2,0,72.1,2.025,14.1743
36,71.34,2.298,5.08,1631.8,53.26,32547,32,13,0,70.67,1.8083,14.0433
40,77.73,2.771,5.02,1328.2,59.68,39196,23,8,0,71.29,1.8948,15.4841
41,106.16,7.693,5.13,2157.7,55.24,16793,22,7,1,68.96,1.6311,20.694
14,83.54,8.444,3.83,1738.1,76.64,32998,41,2,1,70.29,1.5242,21.812
18,65.84,0.898,4.61,1386.7,49.25,33058,65,18,0,68.69,3.295,14.282
34,95.72,5.634,2.59,2302.2,84.53,36997,12,19,1,69.52,2.4923,36.9575
4,58.21,3.084,6.3,1298.4,63.5,31914,45,1,0,70.14,1.0233,9.2397
9,79.8,1.448,5.93,1083.0,54.17,28563,28,7,0,71.75,2.3873,13.457
42,76.36,1.786,5.78,1631.1,36.16,5540,63,17,0,70.4,3.4698,13.2111
37,97.08,4.874,4.95,1137.3,99.04,14286,91,13,1,72.03,3.6303,19.6121
1,80.09,6.617,3.12,1810.1,72.12,2517,74,9,1,72.09,1.858,25.6699
22,58.72,3.061,4.31,1371.1,75.33,25329,35,6,0,74.77,2.5914,13.6241
47,53.62,6.14,4.08,1391.5,54.95,17971,55,7,0,69.07,1.1961,13.1422
23,74.89,1.141,5.1,1936.7,51.36,6343,25,12,0,71.35,2.6038,14.6843
35,64.54,2.774,4.95,1504.4,56.0,8300,57,10,0,72.76,2.0335,13.0384
12,62.27,3.453,7.0,1604.2,63.53,32220,111,6,0,70.51,3.5287,8.8957
14,88.48,11.958,2.97,2051.5,67.36,33080,41,2,1,70.92,2.4199,29.7912
44,65.52,6.089,4.85,1569.9,48.22,15358,41,3,0,68.41,1.2992,13.5093
19,79.61,6.424,5.99,1355.4,38.96,34099,75,12,0,66.65,1.584,13.2905
48,61.5,3.275,7.36,1516.7,72.14,29550,115,7,0,71.94,3.2892,8.356
24,69.72,3.932,5.92,1383.2,33.75,2553,86,13,0,68.54,2.9538,11.777
6,74.82,1.91,4.37,1220.2,62.63,28447,71,2,0,66.65,1.3024,17.1213
38,74.63,2.092,5.5,1202.5,28.49,28293,81,13,0,70.47,1.5472,13.5691
29,63.22,2.897,5.57,1460.8,67.64,37074,18,13,0,67.38,1.2523,11.3501
28,74.95,1.497,5.83,1625.9,63.66,47721,40,2,0,69.29,2.7306,12.8559
15,62.68,4.721,5.93,1229.9,53.65,12644,110,16,0,68.46,1.3058,10.57
28,66.13,2.185,5.72,1829.3,56.15,47856,40,2,0,68.98,2.7284,11.5612
49,81.39,2.513,4.9,1234.2,51.95,34834,62,5,0,69.41,1.9458,16.6102
4,103.74,15.503,3.0,1863.7,87.13,31890,45,1,1,72.08,2.8345,34.58
39,59.79,2.411,5.01,1634.8,45.98,34028,15,13,0,68.1,1.4587,11.9341
48,66.88,3.905,4.92,1397.0,64.28,29864,115,7,0,71.85,3.2734,13.5935
49,70.79,2.634,5.13,1407.8,57.0,34908,62,5,0,69.64,1.9385,13.7992
9,82.12,6.167,3.81,1799.0,77.73,28727,28,7,1,71.44,2.3887,21.5538
40,65.2,2.979,7.01,1214.5,58.36,39283,23,8,0,70.56,1.8487,9.301
7,78.67,2.23,4.78,1166.6,57.48,2867,118,6,0,69.56,1.5157,16.4582
37,78.27,1.473,5.03,1173.8,53.35,14759,91,13,0,72.6,3.6265,15.5606
35,66.99,1.498,4.94,1627.3,46.04,8094,57,10,0,72.65,2.0367,13.5607
6,69.71,1.558,5.05,1445.4,42.91,28506,71,2,0,66.33,1.3189,13.804
49,69.25,1.747,5.71,1236.7,47.85,35170,62,5,0,70.2,1.951,12.1278
11,60.27,1.436,5.81,1618.2,57.66,39810,84,14,0,69.4,2.3665,10.3735
13,71.77,2.346,5.95,1430.3,66.64,47024,72,9,0,71.55,3.2496,12.0622
26,67.0,2.081,5.33,1483.7,60.75,12105,95,13,0,67.53,1.3915,12.5704
11,79.17,3.09,4.69,1394.6,59.0,39693,84,14,0,70.06,2.3667,16.8806
7,70.66,1.725,6.68,1106.6,72.44,2862,118,6,0,69.54,1.5204,10.5778
45,60.97,1.457,4.97,1825.7,47.02,945,30,11,0,68.97,3.0807,12.2676
9,70.9,6.043,6.13,1590.4,42.49,28610,28,7,0,72.12,2.4304,11.5661
20,75.69,1.897,5.35,1199.9,43.39,24846,31,3,0,67.45,1.3003,14.1477
42,54.76,2.914,4.24,1413.6,72.58,5804,63,17,0,69.42,3.4698,12.9151
38,63.14,1.574,6.29,1402.6,94.19,28385,81,13,0,70.44,1.5658,10.0382
47,71.58,2.87,5.46,1545.9,47.21,18055,55,7,0,69.16,1.2094,13.1099
39,65.7,1.796,6.02,1615.6,36.49,34353,15,13,0,67.96,1.464,10.9136
5,71.67,5.08,4.97,1238.9,52.64,31352,49,5,0,70.05,1.5637,14.4205
37,73.81,4.279,6.46,1455.0,69.19,14432,91,13,0,73.03,3.6309,11.4257
44,71.33,1.82,5.13,1385.5,64.31,15582,41,3,0,68.2,1.2904,13.9045
4,80.42,1.399,4.39,1259.0,35.33,31576,45,1,0,73.06,2.8489,18.3189
16,62.48,2.57,6.18,1174.9,48.65,3324,83,12,0,70.52,2.2305,10.11
22,71.42,2.563,4.43,1371.0,45.26,24846,35,6,0,72.94,2.5995,16.1219
32,58.45,7.782,4.91,1758.8,65.27,26201,56,0,0,67.83,2.4667,11.9043
22,75.25,2.424,5.89,1622.0,57.51,24974,35,6,0,73.36,2.589,12.7759
29,67.77,1.741,4.11,1274.9,64.54,36775,18,13,0,68.08,1.2602,16.4891
13,93.4,4.653,2.61,1741.0,95.5,47008,72,9,1,72.39,3.245,35.7854
15,95.43,2.085,6.37,1749.5,67.79,12534,110,16,0,69.98,1.284,14.9812
35,61.46,3.233,5.73,1590.0,50.43,8184,57,10,0,72.54,2.0175,10.726
24,63.0,1.45,6.61,1200.1,57.5,2589,86,13,0,68.19,2.972,9.531
25,65.48,2.388,5.67,1409.2,45.52,9107,25,2,0,71.78,2.0129,11.5485
28,64.2,1.65,6.21,1524.8,26.62,47901,40,2,0,68.91,2.7108,10.3382
6,72.27,2.092,6.26,1097.2,66.84,28430,71,2,0,66.65,1.3161,11.5447
37,78.58,1.213,5.04,1809.7,55.47,14526,91,13,0,73.08,3.6292,15.5913
29,111.45,4.934,4.94,1734.8,81.19,36905,18,13,1,69.89,1.3338,22.5607
5,75.22,1.183,6.36,1468.4,76.82,31202,49,5,0,70.41,1.6081,11.827
48,74.13,1.664,5.89,1335.7,66.76,29665,115,7,0,72.33,3.2927,12.5857
49,83.37,8.332,3.32,1378.3,83.25,34831,62,5,1,70.96,2.2524,25.1114
10,76.99,5.557,5.07,1432.8,48.96,31280,81,9,0,70.71,2.0854,15.1854
13,60.45,3.276,5.66,956.6,52.92,46736,72,9,0,72.04,3.2206,10.6802
34,68.49,1.225,5.65,1608.7,71.61,36804,12,19,0,69.24,2.5125,12.1221
23,101.51,5.744,2.63,2130.7,64.32,6665,25,12,1,72.13,2.65,38.597
22,111.92,9.337,3.07,1658.8,43.85,25163,35,6,1,75.19,2.8039,36.456
7,68.68,2.324,5.23,1483.3,43.15,3067,118,6,0,69.19,1.4926,13.1319
13,70.62,0.651,6.63,1259.6,60.63,46775,72,9,0,72.1,3.2414,10.6516
38,57.44,0.879,6.0,1519.5,69.4,28297,81,13,0,70.26,1.6015,9.5733
25,63.29,3.653,5.47,1425.4,33.52,8833,25,2,0,69.95,1.8568,11.5704
26,72.76,1.967,5.53,1592.4,61.86,12044,95,13,0,68.2,1.3938,13.1573
47,59.5,2.254,4.96,1608.4,55.51,18028,55,7,0,68.57,1.1952,11.996
34,74.81,1.399,6.66,1396.4,57.96,37164,12,19,0,69.64,2.5206,11.2327
50,61.62,3.111,4.61,1145.0,59.56,22350,21,3,0,70.1,1.8317,13.3666
2,71.5,4.959,4.71,1373.1,75.74,7020,88,17,0,69.77,1.4738,15.1805
27,72.29,1.509,5.86,1507.9,73.3,1919,52,16,0,67.33,2.3565,12.3362
10,67.94,0.715,5.41,1304.3,74.98,30990,81,9,0,71.04,2.1355,12.5582
17,64.01,1.848,7.23,1294.2,43.97,48760,49,0,0,70.18,1.3744,8.8534
32,78.95,2.305,7.18,1334.9,49.84,25875,56,0,0,68.68,2.4629,10.9958
37,69.16,1.479,5.8,1483.8,70.72,14565,91,13,0,73.2,3.6152,11.9241
43,72.09,1.569,6.53,1532.2,73.15,22022,106,18,0,70.43,1.0494,11.0398
45,83.21,5.139,1.85,1554.2,59.5,1103,30,11,1,70.04,3.1092,44.9784
34,63.45,1.8,5.42,1669.2,68.03,37016,12,19,0,69.47,2.5306,11.7066
10,63.84,1.774,4.67,1085.1,54.28,31242,81,9,0,70.7,2.1532,13.6702
6,59.74,4.504,5.6,1545.4,39.09,28560,71,2,0,65.66,1.3266,10.6679
13,57.5,1.905,4.95,1571.3,62.98,46808,72,9,0,71.77,3.2579,11.6162
9,67.47,1.56,6.4,1507.3,43.1,28877,28,7,0,71.85,2.4006,10.5422
38,104.5,12.919,3.14,1716.2,87.23,28333,81,13,1,71.39,2.6071,33.2803
9,70.93,1.468,5.34,1749.0,75.81,28649,28,7,0,72.04,2.4216,13.2828
5,62.86,2.563,4.55,1414.4,61.23,31553,49,5,0,69.88,1.5712,13.8154
26,77.01,2.147,3.98,1625.7,54.24,11744,95,13,0,68.87,1.3913,19.3492
40,67.85,1.545,5.69,1607.9,53.7,39149,23,8,0,69.87,1.6579,11.9244
48,74.16,3.487,3.98,1638.1,55.28,29805,115,7,0,72.92,3.2686,18.6332
47,71.21,1.014,5.51,1666.0,56.54,17982,55,7,0,68.61,1.1976,12.9238
44,64.01,2.69,6.48,1465.8,60.68,15644,41,3,0,67.01,1.1881,9.8781
50,70.97,2.082,5.17,1526.7,48.79,22400,21,3,0,70.21,1.7992,13.7273
10,76.9,0.713,5.05,1366.2,61.36,31098,81,9,0,71.03,2.2038,15.2277
37,52.39,3.486,5.05,1064.7,30.97,14326,91,13,0,72.65,3.6086,10.3743
12,76.45,2.046,6.31,1538.8,78.86,32253,111,6,0,70.95,3.5375,12.1157
31,77.01,1.145,6.12,1619.8,40.41,8301,56,3,0,68.4,1.0197,12.5833
31,78.33,1.992,6.02,1247.9,33.27,8571,56,3,0,68.74,1.0186,13.0116
32,60.93,3.198,5.41,1469.1,53.42,26126,56,0,0,68.32,2.3642,11.2625
42,63.63,2.495,4.49,1352.2,55.92,5584,63,17,0,69.23,3.4533,14.1715
38,55.95,1.356,5.63,1377.8,68.93,28181,81,13,0,70.39,2.6248,9.9378
47,83.3,2.493,4.6,1884.9,59.76,17810,55,7,0,68.96,1.192,18.1087
2,66.48,2.454,3.22,1525.6,60.89,6624,88,17,0,70.14,1.469,20.646
47,82.2,1.911,5.1,1691.2,69.13,17976,55,7,0,69.39,1.1768,16.1176
35,53.31,4.767,5.4,1424.5,65.89,8298,57,10,0,71.62,2.0634,9.8722
18,77.34,3.427,3.92,1306.6,60.03,33008,65,18,0,69.37,3.2826,19.7296
46,77.25,2.782,5.72,2021.9,67.29,11161,19,9,0,73.13,2.7109,13.5052
34,71.17,1.749,4.69,1357.3,53.02,36823,12,19,0,69.28,2.5328,15.1748
6,68.29,2.406,6.46,1691.9,66.18,28596,71,2,0,66.26,1.3272,10.5712
46,43.92,2.033,4.95,1585.0,65.22,11338,19,9,0,72.25,2.7229,8.8727
13,62.62,2.064,3.79,1531.4,75.33,46941,72,9,0,71.94,3.2439,16.5224
22,68.97,2.858,7.08,1965.9,52.4,25316,35,6,0,75.38,2.7634,9.7415
25,53.07,1.272,4.77,1301.3,75.85,8725,25,2,0,69.92,1.8847,11.1258
40,58.23,3.37,4.46,1670.0,38.45,39479,23,8,0,69.83,1.6419,13.0561
4,69.35,4.43,4.89,1581.2,30.58,31578,45,1,0,73.54,2.8622,14.182
42,68.27,2.828,4.66,1736.3,68.28,5559,63,17,0,69.19,3.4432,14.6502
31,78.16,8.498,3.23,1867.5,101.2,8134,56,3,1,69.39,1.6258,24.1981
40,107.14,5.657,2.01,1688.2,80.47,39124,23,8,1,71.93,1.7074,53.3035
30,71.25,2.865,5.2,1340.3,35.12,30786,90,2,0,66.53,4.8135,13.7019
9,89.35,6.164,2.99,1476.6,72.88,28588,28,7,1,72.98,2.4711,29.8829
31,78.32,3.635,6.27,1770.6,60.37,8289,56,3,0,69.47,1.6337,12.4912
41,57.41,2.463,4.24,1132.6,60.58,16692,22,7,0,68.99,1.6294,13.5401
4,68.8,4.504,4.07,1562.3,33.24,31467,45,1,0,73.32,2.8781,16.9042
26,64.9,2.438,6.43,1510.2,60.97,11983,95,13,0,68.87,1.3897,10.0933
46,63.07,2.386,6.57,1151.1,100.12,11212,19,9,0,71.11,2.73,9.5997
2,57.43,3.35,4.54,1058.0,78.06,6986,88,17,0,69.75,1.4486,12.6498
20,67.2,2.709,5.64,1058.5,45.28,24694,31,3,0,67.28,1.2991,11.9149
17,74.37,2.119,4.78,1533.0,42.9,49168,49,0,0,70.51,1.3775,15.5586
26,78.36,1.206,6.62,1516.8,53.85,11791,95,13,0,68.97,1.4098,11.8369
50,75.19,2.667,6.06,1213.4,72.01,22150,21,3,0,70.0,1.7691,12.4076
21,46.99,2.083,5.49,1488.2,67.86,41415,7,11,0,67.31,1.7917,8.5592
19,66.55,2.283,6.51,1433.7,42.64,33942,75,12,0,66.81,1.5707,10.2227
39,62.81,3.955,6.3,1402.5,54.51,34186,15,13,0,67.36,1.4871,9.9698
33,65.52,2.711,4.61,1598.5,56.75,17472,109,0,0,73.5,1.5898,14.2126
29,58.43,1.292,5.03,1375.0,45.38,36982,18,13,0,69.16,1.3553,11.6163
25,58.67,1.385,5.25,1564.4,58.4,8949,25,2,0,69.28,1.8526,11.1752
5,75.8,3.055,5.42,1395.0,61.04,31584,49,5,0,69.78,1.5497,13.9852
41,69.98,3.226,5.19,1541.5,48.57,17059,22,7,0,69.42,1.5721,13.4836
18,67.58,9.5,4.21,1326.0,51.08,32775,65,18,0,68.94,3.5663,16.0523
48,70.46,1.016,3.68,1328.2,28.85,29802,115,7,0,72.92,3.2655,19.1467
33,63.58,1.901,4.16,1236.3,60.31,17428,109,0,0,71.53,1.5576,15.2837
10,73.03,2.632,5.89,1357.6,47.46,31015,81,9,0,70.93,2.2043,12.399
17,58.58,2.269,5.2,1230.5,50.69,48909,49,0,0,70.44,1.3791,11.2654
47,66.32,3.084,5.64,1394.6,52.71,17929,55,7,0,69.11,1.1869,11.7589
8,54.22,1.981,4.63,1447.2,44.26,39517,98,4,0,70.02,1.5415,11.7106
29,73.47,1.418,5.7,1264.2,60.63,36987,18,13,0,69.87,1.3237,12.8895
8,76.85,2.174,4.42,1684.4,50.4,39730,98,4,0,70.14,1.5206,17.3869
29,68.06,2.868,5.23,1403.3,53.03,37114,18,13,0,70.14,1.3237,13.0134
50,60.93,0.929,6.61,1333.6,53.75,22389,21,3,0,69.43,1.8082,9.2179
20,76.84,4.498,4.95,1655.1,61.55,24648,31,3,0,67.39,1.3549,15.5232
21,86.43,1.934,5.9,1387.9,42.11,41316,7,11,0,68.35,1.792,14.6492
13,74.14,4.594,5.03,1349.1,55.16,46924,72,9,0,71.68,3.0529,14.7396
1,80.37,1.203,5.01,1646.0,64.53,2726,74,9,0,72.4,1.8608,16.0419
3,63.64,2.678,6.66,1369.8,77.17,50270,40,16,0,73.65,1.6668,9.5556
49,78.64,5.356,6.56,1209.3,48.89,34993,62,5,0,71.74,2.2734,11.9878
41,55.83,1.06,5.33,1521.1,50.38,16921,22,7,0,68.44,1.5945,10.4747
23,62.07,2.699,5.08,1105.7,57.84,6387,25,12,0,71.93,2.6374,12.2185
30,63.06,3.466,4.62,1248.3,28.0,30897,90,2,0,66.49,4.797,13.6494
47,68.53,1.712,4.58,1642.7,53.7,17994,55,7,0,68.39,1.1862,14.9629
35,78.64,2.405,7.26,1564.3,57.78,8356,57,10,0,72.04,2.055,10.832
39,67.43,3.044,4.54,1529.3,39.77,34298,15,13,0,67.52,1.4238,14.8524
21,61.87,0.704,5.41,1459.6,50.45,41596,7,11,0,67.88,1.0057,11.4362
49,72.19,1.912,6.95,972.3,51.43,35109,62,5,0,71.73,2.2867,10.3871
47,58.25,4.666,6.36,1673.9,29.92,18139,55,7,0,67.21,1.1885,9.1588
45,61.3,1.428,6.43,1837.4,50.12,899,30,11,0,69.17,3.1149,9.5334
28,55.1,1.96,5.55,1947.4,48.36,47707,40,2,0,68.45,2.7175,9.9279
4,56.19,1.536,5.24,1514.3,45.92,31498,45,1,0,73.29,2.8639,10.7233
48,83.78,1.534,6.11,1313.8,65.54,30013,115,7,0,73.31,3.217,13.7119
6,77.86,1.123,5.81,1536.2,44.32,28382,71,2,0,66.84,1.3636,13.401
15,76.15,5.409,5.61,1499.8,50.8,12611,110,16,0,70.21,1.2275,13.574
25,65.67,3.352,4.37,1493.8,57.04,9124,25,2,0,68.69,1.8554,15.0275
1,81.91,9.944,3.45,1591.0,105.59,2691,74,9,1,72.89,2.3354,23.742
21,71.18,1.301,5.75,1680.6,73.7,41492,7,11,0,67.92,1.0204,12.3791
36,88.68,5.596,3.11,1262.5,66.47,32664,32,13,1,71.64,1.8925,28.5145
29,63.85,3.379,5.77,1203.3,51.65,37027,18,13,0,69.87,1.3294,11.0659
19,82.21,12.337,1.89,1046.6,88.88,34308,75,12,1,67.35,2.5299,43.4974
40,81.63,2.194,4.89,1426.9,51.74,39316,23,8,0,71.42,1.478,16.6933
10,69.81,6.929,4.83,1492.2,60.62,31335,81,9,0,70.89,2.3321,14.4534
7,59.83,1.463,4.83,1541.4,53.98,2970,118,6,0,69.0,1.4907,12.3872
41,77.06,1.439,5.95,1853.9,38.55,16719,22,7,0,69.15,1.6127,12.9513
24,74.82,1.843,4.97,1447.7,78.81,2344,86,13,0,68.24,2.9692,15.0543
37,67.09,5.882,5.29,1577.7,78.13,14404,91,13,0,73.13,3.6106,12.6824
16,83.16,30.0,1.07,1743.9,72.19,3404,83,12,1,71.64,5.8187,77.7196
24,71.12,4.231,5.77,1301.1,59.46,2449,86,13,0,68.07,2.973,12.3258
17,60.14,2.725,5.64,1519.3,78.79,48963,49,0,0,70.17,1.3754,10.6631
24,64.36,1.923,6.72,1439.3,69.73,2495,86,13,0,67.73,2.9523,9.5774
19,69.04,1.743,6.24,1422.8,61.45,34112,75,12,0,67.57,2.488,11.0641
18,81.98,1.486,5.22,1165.9,74.48,33074,65,18,0,70.14,3.4457,15.705
38,67.17,2.608,7.12,1060.3,49.02,28162,81,13,0,70.19,2.6253,9.434
1,44.25,1.858,4.94,1384.7,45.93,2260,74,9,0,70.08,2.1476,8.9575
38,73.17,1.72,5.1,1604.3,72.01,28267,81,13,0,70.72,2.5597,14.3471
42,88.11,4.097,4.01,1359.9,88.47,5998,63,17,1,70.31,3.4164,21.9726
17,86.77,1.411,4.48,1579.0,48.51,49127,49,0,0,71.07,1.3805,19.3683
40,83.72,5.643,5.7,1952.9,73.7,39075,23,8,1,72.25,1.5525,14.6877
27,77.11,5.051,6.22,1332.8,62.89,2406,52,16,0,68.11,2.3906,12.3971
24,64.48,2.662,3.83,1696.6,64.92,2597,86,13,0,68.69,2.9564,16.8355
42,79.96,2.441,6.34,1394.8,58.25,5932,63,17,0,70.81,3.3884,12.612
50,83.87,1.568,4.34,1724.2,54.41,22289,21,3,0,70.46,1.8246,19.3249
44,57.19,3.01,5.04,1203.7,61.26,15330,41,3,0,66.21,1.1869,11.3472
40,66.92,1.426,5.04,1271.8,57.67,39440,23,8,0,72.38,1.5191,13.2778
42,59.47,3.397,6.28,1248.0,56.53,5533,63,17,0,70.49,3.3832,9.4697
12,60.18,4.281,6.18,1228.4,57.8,32550,111,6,0,70.73,3.4879,9.7379
38,78.45,0.924,5.23,1297.3,43.28,28288,81,13,0,71.14,2.5838,15.0
36,64.51,2.55,5.95,1198.1,43.4,32666,32,13,0,71.76,1.8896,10.842
13,66.9,6.256,6.28,1692.3,56.25,46965,72,9,0,71.38,3.1084,10.6529
4,68.43,1.843,6.07,2026.3,44.71,31454,45,1,0,73.0,2.8749,11.2735
2,73.59,3.762,6.47,1356.2,59.39,7042,88,17,0,69.9,1.4493,11.374
49,59.39,0.929,6.37,1833.4,38.07,34971,62,5,0,71.79,2.2976,9.3234
27,71.83,2.958,7.72,1030.1,65.61,2186,52,16,0,68.05,2.3645,9.3044
1,66.93,1.936,6.48,1339.7,50.7,2404,74,9,0,69.35,2.0442,10.3287
5,62.09,2.302,4.5,1211.9,40.39,31431,49,5,0,69.48,1.5487,13.7978
37,74.86,3.499,5.28,1215.5,58.04,14536,91,13,0,73.36,3.6084,14.178
43,60.68,3.341,6.25,1346.4,48.47,22168,106,18,0,69.99,1.0685,9.7088
40,77.27,2.154,4.67,1607.9,45.34,39082,23,8,0,72.22,1.5109,16.546
28,87.97,3.331,1.34,1481.3,92.15,47905,40,2,1,69.72,2.6972,65.6493
33,80.63,6.317,4.12,1667.5,48.01,17403,109,0,0,70.72,1.6409,19.5704
6,67.61,1.759,4.22,1407.4,46.69,28350,71,2,0,67.33,1.3665,16.0213
5,52.11,4.48,6.4,1283.5,69.48,31356,49,5,0,67.83,1.5311,8.1422
48,71.57,2.616,5.4,1733.7,36.61,29808,115,7,0,73.4,3.2216,13.2537
45,72.03,1.696,5.94,1525.2,41.1,1310,30,11,0,67.92,1.5767,12.1263
33,69.96,1.496,5.63,1363.7,48.37,17870,109,0,0,70.14,1.6404,12.4263
30,74.89,3.241,5.68,1533.2,48.57,30834,90,2,0,66.95,4.7843,13.1849
33,68.88,1.747,6.3,1346.7,39.6,17767,109,0,0,70.42,1.6452,10.9333
19,52.17,2.771,5.05,1466.9,44.95,34245,75,12,0,67.72,2.4773,10.3307
18,66.79,1.882,5.07,1405.6,50.02,32735,65,18,0,70.4,3.4406,13.1736
37,69.64,1.9,5.5,1233.3,58.75,14528,91,13,0,73.61,3.6137,12.6618
14,63.94,2.801,5.44,1371.7,60.89,33227,41,2,0,70.82,2.3919,11.7537
36,75.98,2.392,4.87,1539.7,48.79,32531,32,13,0,72.83,1.8858,15.6016
15,67.58,3.126,6.9,1921.6,36.9,12707,110,16,0,70.36,1.094,9.7942
37,52.88,1.71,5.62,1379.2,57.98,14435,91,13,0,72.89,3.599,9.4093
23,62.19,4.813,5.28,1405.4,63.51,6422,25,12,0,71.8,2.6567,11.7784
25,71.87,2.234,5.98,1826.6,38.96,8715,25,2,0,69.36,1.8526,12.0184
3,101.51,4.432,2.86,1493.9,64.33,50050,40,16,1,75.02,1.6954,35.493
26,70.62,1.344,5.9,1733.3,62.53,11948,95,13,0,69.21,1.4108,11.9695
25,64.64,3.596,4.51,1704.2,37.88,8775,25,2,0,68.87,1.8526,14.3326
5,75.11,3.531,5.72,1301.5,48.46,31482,49,5,0,68.03,1.3004,13.1311
15,65.54,1.437,6.08,1487.7,32.57,12785,110,16,0,70.04,1.1058,10.7796
30,76.54,3.033,6.42,1383.3,57.66,30958,90,2,0,66.87,4.7641,11.9221
10,65.97,2.224,5.58,1355.2,59.93,31253,81,9,0,70.39,2.3333,11.8226
37,84.54,4.36,4.22,1086.9,79.57,14656,91,13,1,73.4,3.5829,20.0332
6,63.93,1.898,4.72,1732.4,74.6,28696,71,2,0,67.38,1.3289,13.5445
19,78.95,2.515,4.75,1432.2,38.86,33877,75,12,0,68.65,2.4781,16.6211
6,67.91,3.871,4.9,1455.1,73.13,28660,71,2,0,67.14,1.2663,13.8592
11,55.44,4.151,6.09,1585.4,54.65,39532,84,14,0,69.68,2.3619,9.1034
35,58.21,4.12,5.48,1443.7,48.76,8377,57,10,0,71.79,2.0504,10.6223
49,71.89,1.041,5.71,1472.0,43.2,35148,62,5,0,72.14,2.3282,12.5902
3,78.12,1.542,4.88,1304.9,55.11,50320,40,16,0,75.25,1.7041,16.0082
2,64.38,9.649,5.77,1227.9,61.12,6933,88,17,0,69.36,1.9781,11.1577
26,80.81,3.065,6.7,1473.3,55.97,11952,95,13,0,69.58,1.4157,12.0612
28,59.18,1.293,5.81,1547.0,58.97,47896,40,2,0,69.69,2.7149,10.1859
1,70.95,1.794,5.76,1888.6,65.18,2316,74,9,0,70.4,2.0329,12.3177
40,53.07,2.737,6.66,1485.5,64.05,39035,23,8,0,71.4,1.5053,7.9685
13,70.23,1.659,3.43,1543.6,46.08,47015,72,9,0,71.55,3.1038,20.4752
21,61.37,2.055,6.49,1489.0,59.65,41313,7,11,0,67.63,1.0126,9.4561
27,100.19,2.314,3.65,1873.0,68.4,2372,52,16,1,69.45,2.3624,27.4493
1,55.28,4.677,6.66,1467.5,41.36,2451,74,9,0,69.9,2.0633,8.3003
20,69.81,0.906,5.11,1344.6,53.4,24891,31,3,0,67.22,1.3775,13.6614
47,64.95,2.082,6.66,1557.5,63.14,17657,55,7,0,67.54,1.1874,9.7523
19,69.92,3.828,5.19,1104.5,49.53,33865,75,12,0,68.42,2.4681,13.4721
39,60.15,3.86,4.91,1384.5,59.45,33986,15,13,0,67.37,1.4517,12.2505
39,68.21,2.313,6.71,1564.6,57.58,34049,15,13,0,67.9,1.4501,10.1654
49,66.4,4.276,3.69,1525.7,66.96,34934,62,5,0,71.66,2.3072,17.9946
44,63.31,1.721,6.03,1500.5,45.69,15381,41,3,0,66.16,1.1977,10.4992
25,64.73,3.976,4.07,1502.1,62.55,8787,25,2,0,68.58,1.8225,15.9042
39,66.08,2.083,5.17,1322.0,52.68,34284,15,13,0,67.74,1.4523,12.7814
9,83.1,1.217,4.0,1799.9,62.41,28824,28,7,0,73.84,2.4563,20.775
26,73.3,1.299,4.93,1374.0,61.98,11907,95,13,0,69.56,1.4339,14.8682
28,85.65,2.636,4.75,1411.0,55.81,47883,40,2,0,70.32,2.7001,18.0316
2,62.85,2.383,6.12,1221.1,67.35,6910,88,17,0,68.47,1.9617,10.2696
3,59.35,2.109,6.85,1241.5,89.94,50004,40,16,0,74.71,1.6702,8.6642
30,78.77,2.443,5.66,1423.1,52.23,31063,90,2,0,67.3,4.7679,13.917
34,71.9,2.248,6.18,1332.7,40.18,37080,12,19,0,69.7,2.5367,11.6343
17,69.17,3.318,6.31,1184.9,71.29,48775,49,0,0,70.8,1.3884,10.962
42,86.54,2.724,5.41,1300.3,54.19,5620,63,17,0,69.67,1.7424,15.9963
38,62.02,1.069,5.96,1683.0,55.25,28422,81,13,0,70.88,2.5846,10.406
16,94.51,12.416,3.91,1040.6,89.61,3424,83,12,1,72.5,6.0277,24.1714
15,68.34,0.884,4.33,1335.6,69.46,12789,110,16,0,70.05,1.1456,15.7829
3,86.28,3.222,3.63,1391.6,99.88,50287,40,16,1,75.33,1.6508,23.7686
50,71.16,1.791,5.42,1447.4,52.05,22140,21,3,0,70.68,1.8301,13.1292
32,66.96,1.726,5.73,1222.6,45.43,26115,56,0,0,68.01,2.3477,11.6859
48,69.72,5.568,5.6,1452.0,75.24,29977,115,7,0,72.31,3.0499,12.45
33,61.97,5.59,5.17,1418.6,57.81,17579,109,0,0,70.18,1.7605,11.9865
8,60.8,3.997,6.07,1263.3,53.23,39530,98,4,0,70.26,1.5439,10.0165
6,65.14,3.355,5.2,1234.1,67.59,28686,71,2,0,67.2,1.2704,12.5269
14,69.36,3.08,4.98,1196.6,67.73,32945,41,2,0,70.77,2.3558,13.9277
15,74.39,2.209,6.18,1485.4,63.94,12866,110,16,0,69.6,1.135,12.0372
20,62.75,1.275,6.59,1207.9,69.42,24527,31,3,0,67.04,1.374,9.522
24,59.38,3.116,4.81,1553.6,65.01,2263,86,13,0,68.28,2.9315,12.3451
45,60.36,2.438,4.77,1512.1,68.88,1089,30,11,0,67.6,1.571,12.6541
3,71.19,4.215,4.13,1616.7,56.16,50082,40,16,0,75.32,1.6518,17.2373
43,51.36,1.219,4.77,1502.4,46.65,22470,106,18,0,69.28,1.0884,10.7673
15,72.36,2.024,5.41,1384.2,72.27,12590,110,16,0,69.88,1.1307,13.3752
40,65.21,1.213,5.36,942.4,59.15,39221,23,8,0,70.86,1.5594,12.166
18,64.03,2.477,6.1,1201.6,71.33,32736,65,18,0,69.91,3.4408,10.4967
26,70.9,3.831,4.3,1901.2,62.94,12134,95,13,0,69.94,1.4626,16.4884
18,74.39,1.482,6.18,1338.9,60.58,33134,65,18,0,69.66,3.4414,12.0372
31,65.09,2.016,5.98,1204.4,48.83,8519,56,3,0,69.02,1.6263,10.8846
21,61.37,4.098,4.85,1486.8,78.94,41506,7,11,0,67.6,1.0873,12.6536
26,72.07,1.644,5.13,1583.1,73.23,11982,95,13,0,70.13,1.4213,14.0487
28,75.93,0.592,4.61,1715.2,39.24,47889,40,2,0,70.6,2.7496,16.4707
3,78.98,2.452,6.18,1357.6,67.2,49972,40,16,0,75.55,1.5899,12.7799
12,55.04,1.305,4.03,1354.8,59.07,32300,111,6,0,69.79,3.3976,13.6576
4,69.56,2.081,5.24,1408.0,45.32,31540,45,1,0,72.5,2.8705,13.2748
39,91.56,2.12,6.59,1408.6,51.32,34346,15,13,0,68.63,1.4305,13.8938
36,71.71,1.635,5.79,1463.2,26.08,32548,32,13,0,73.01,1.9052,12.3851
44,61.7,1.673,4.26,1320.9,44.1,15448,41,3,0,66.12,1.1973,14.4836
34,80.03,1.228,5.92,1467.6,57.0,37205,12,19,0,70.78,2.5318,13.5186
43,72.22,1.375,5.68,1613.3,66.15,22024,106,18,0,69.07,1.0211,12.7148
10,55.14,1.609,4.62,1100.5,51.43,30942,81,9,0,69.1,2.3465,11.9351
23,63.33,2.693,5.21,1424.9,58.7,6617,25,12,0,71.11,2.6008,12.1555
31,75.44,4.154,4.16,1299.7,104.34,8200,56,3,1,69.31,1.6439,18.1346
42,60.79,2.628,4.58,1201.8,65.03,5973,63,17,0,68.73,1.6793,13.2729
45,80.72,1.26,5.14,1596.9,70.79,968,30,11,0,68.28,1.5737,15.7043
49,59.79,1.684,5.52,1724.5,54.44,35006,62,5,0,71.77,2.2756,10.8315
1,58.07,1.952,3.93,1346.3,58.44,2259,74,9,0,68.93,2.0693,14.7761
39,78.33,2.091,4.95,1388.5,62.25,34384,15,13,0,69.38,1.3769,15.8242
25,72.12,1.172,6.96,1070.4,65.46,8839,25,2,0,68.7,1.8373,10.3621
29,72.14,2.598,7.51,1119.3,38.18,36788,18,13,0,70.04,1.3282,9.6059
5,119.62,6.492,3.24,1502.1,102.28,31489,49,5,1,70.19,1.4784,36.9198
8,66.44,0.511,5.31,1340.8,63.02,39537,98,4,0,69.98,1.6079,12.5122
20,69.36,2.234,5.83,1456.8,57.76,24690,31,3,0,68.03,1.3691,11.8971
17,79.53,2.084,6.26,1516.0,46.76,49045,49,0,0,71.58,1.3492,12.7045
1,69.46,3.042,5.52,1842.5,42.94,2343,74,9,0,67.93,2.0675,12.5833
31,70.03,2.962,6.47,1014.1,42.99,8341,56,3,0,69.61,1.6431,10.8238
38,76.2,1.357,4.24,1957.4,49.39,28372,81,13,0,71.1,2.5862,17.9717
27,78.95,1.292,6.64,1491.7,68.14,2050,52,16,0,70.21,2.3833,11.8901
23,71.07,1.415,5.76,1574.3,16.65,6493,25,12,0,69.49,1.9075,12.3385
8,50.94,1.243,5.73,1458.8,84.46,39751,98,4,0,69.21,1.6323,8.8901
43,69.45,2.248,7.59,1365.8,30.85,22377,106,18,0,69.42,1.0202,9.1502
40,76.24,1.925,5.02,1399.4,63.17,39349,23,8,0,71.2,1.5593,15.1873
42,57.37,1.089,5.69,1089.8,62.29,5584,63,17,0,68.25,1.7245,10.0826
34,73.03,1.097,6.42,1415.5,54.89,36799,12,19,0,71.14,2.5467,11.3754
