user_id,item_id,rating,timestamp
154,59,1,2024-01-01 00:00:00
450,29,1,2024-01-01 01:00:00
73,106,3,2024-01-01 02:00:00
201,17,2,2024-01-01 03:00:00
296,142,2,2024-01-01 04:00:00
17,164,2,2024-01-01 05:00:00
129,186,4,2024-01-01 06:00:00
217,24,4,2024-01-01 07:00:00
61,109,3,2024-01-01 08:00:00
427,191,2,2024-01-01 09:00:00
104,91,3,2024-01-01 10:00:00
42,25,2,2024-01-01 11:00:00
25,187,1,2024-01-01 12:00:00
39,32,5,2024-01-01 13:00:00
291,116,5,2024-01-01 14:00:00
131,82,2,2024-01-01 15:00:00
498,110,3,2024-01-01 16:00:00
229,146,4,2024-01-01 17:00:00
108,37,2,2024-01-01 18:00:00
172,26,2,2024-01-01 19:00:00
435,137,4,2024-01-01 20:00:00
478,64,2,2024-01-01 21:00:00
102,72,1,2024-01-01 22:00:00
354,148,4,2024-01-01 23:00:00
12,182,1,2024-01-02 00:00:00
275,106,5,2024-01-02 01:00:00
101,86,4,2024-01-02 02:00:00
44,158,4,2024-01-02 03:00:00
443,53,3,2024-01-02 04:00:00
305,92,3,2024-01-02 05:00:00
445,99,4,2024-01-02 06:00:00
17,191,5,2024-01-02 07:00:00
330,11,2,2024-01-02 08:00:00
57,31,3,2024-01-02 09:00:00
311,177,5,2024-01-02 10:00:00
497,100,5,2024-01-02 11:00:00
303,87,3,2024-01-02 12:00:00
12,147,2,2024-01-02 13:00:00
318,140,3,2024-01-02 14:00:00
80,15,5,2024-01-02 15:00:00
216,159,1,2024-01-02 16:00:00
339,171,3,2024-01-02 17:00:00
264,101,5,2024-01-02 18:00:00
479,165,3,2024-01-02 19:00:00
149,29,5,2024-01-02 20:00:00
81,114,2,2024-01-02 21:00:00
215,107,5,2024-01-02 22:00:00
485,154,4,2024-01-02 23:00:00
374,108,1,2024-01-03 00:00:00
464,130,5,2024-01-03 01:00:00
198,84,3,2024-01-03 02:00:00
200,15,3,2024-01-03 03:00:00
25,132,5,2024-01-03 04:00:00
466,50,4,2024-01-03 05:00:00
89,166,5,2024-01-03 06:00:00
268,23,2,2024-01-03 07:00:00
143,59,4,2024-01-03 08:00:00
59,90,5,2024-01-03 09:00:00
410,115,1,2024-01-03 10:00:00
489,75,4,2024-01-03 11:00:00
365,156,5,2024-01-03 12:00:00
26,194,1,2024-01-03 13:00:00
47,123,5,2024-01-03 14:00:00
288,136,2,2024-01-03 15:00:00
266,157,3,2024-01-03 16:00:00
16,139,5,2024-01-03 17:00:00
199,18,4,2024-01-03 18:00:00
401,183,5,2024-01-03 19:00:00
407,50,5,2024-01-03 20:00:00
282,142,5,2024-01-03 21:00:00
469,118,5,2024-01-03 22:00:00
86,137,4,2024-01-03 23:00:00
250,139,4,2024-01-04 00:00:00
391,191,5,2024-01-04 01:00:00
270,108,3,2024-01-04 02:00:00
335,67,5,2024-01-04 03:00:00
117,181,4,2024-01-04 04:00:00
7,167,2,2024-01-04 05:00:00
137,78,5,2024-01-04 06:00:00
371,184,5,2024-01-04 07:00:00
176,156,5,2024-01-04 08:00:00
328,75,5,2024-01-04 09:00:00
498,39,1,2024-01-04 10:00:00
315,25,5,2024-01-04 11:00:00
215,21,4,2024-01-04 12:00:00
477,138,4,2024-01-04 13:00:00
82,171,1,2024-01-04 14:00:00
223,15,5,2024-01-04 15:00:00
478,48,3,2024-01-04 16:00:00
372,86,5,2024-01-04 17:00:00
423,149,4,2024-01-04 18:00:00
483,188,2,2024-01-04 19:00:00
402,116,2,2024-01-04 20:00:00
443,50,3,2024-01-04 21:00:00
490,151,5,2024-01-04 22:00:00
103,141,1,2024-01-04 23:00:00
273,69,5,2024-01-05 00:00:00
14,4,3,2024-01-05 01:00:00
159,78,3,2024-01-05 02:00:00
152,200,3,2024-01-05 03:00:00
483,9,2,2024-01-05 04:00:00
108,121,5,2024-01-05 05:00:00
188,115,5,2024-01-05 06:00:00
301,163,1,2024-01-05 07:00:00
98,101,3,2024-01-05 08:00:00
131,149,3,2024-01-05 09:00:00
293,186,4,2024-01-05 10:00:00
171,146,4,2024-01-05 11:00:00
424,97,2,2024-01-05 12:00:00
474,200,5,2024-01-05 13:00:00
183,81,1,2024-01-05 14:00:00
471,43,1,2024-01-05 15:00:00
364,95,3,2024-01-05 16:00:00
39,6,1,2024-01-05 17:00:00
15,67,3,2024-01-05 18:00:00
376,140,5,2024-01-05 19:00:00
497,100,1,2024-01-05 20:00:00
4,12,3,2024-01-05 21:00:00
349,66,5,2024-01-05 22:00:00
470,2,5,2024-01-05 23:00:00
409,143,3,2024-01-06 00:00:00
397,151,3,2024-01-06 01:00:00
210,157,2,2024-01-06 02:00:00
161,81,5,2024-01-06 03:00:00
16,135,3,2024-01-06 04:00:00
493,156,5,2024-01-06 05:00:00
426,142,1,2024-01-06 06:00:00
108,172,4,2024-01-06 07:00:00
382,158,4,2024-01-06 08:00:00
450,160,3,2024-01-06 09:00:00
311,70,3,2024-01-06 10:00:00
227,115,5,2024-01-06 11:00:00
170,88,3,2024-01-06 12:00:00
34,6,5,2024-01-06 13:00:00
414,27,3,2024-01-06 14:00:00
251,82,5,2024-01-06 15:00:00
247,88,3,2024-01-06 16:00:00
269,120,2,2024-01-06 17:00:00
141,24,5,2024-01-06 18:00:00
274,102,2,2024-01-06 19:00:00
416,34,2,2024-01-06 20:00:00
96,168,2,2024-01-06 21:00:00
227,47,2,2024-01-06 22:00:00
379,24,1,2024-01-06 23:00:00
39,65,4,2024-01-07 00:00:00
302,18,1,2024-01-07 01:00:00
500,44,3,2024-01-07 02:00:00
29,76,3,2024-01-07 03:00:00
446,57,4,2024-01-07 04:00:00
497,107,4,2024-01-07 05:00:00
477,156,4,2024-01-07 06:00:00
318,124,2,2024-01-07 07:00:00
245,199,1,2024-01-07 08:00:00
236,151,3,2024-01-07 09:00:00
185,162,1,2024-01-07 10:00:00
272,139,1,2024-01-07 11:00:00
440,163,1,2024-01-07 12:00:00
236,116,4,2024-01-07 13:00:00
239,93,4,2024-01-07 14:00:00
377,42,3,2024-01-07 15:00:00
266,28,3,2024-01-07 16:00:00
414,123,3,2024-01-07 17:00:00
409,24,1,2024-01-07 18:00:00
359,136,4,2024-01-07 19:00:00
340,106,2,2024-01-07 20:00:00
389,118,1,2024-01-07 21:00:00
65,53,5,2024-01-07 22:00:00
478,200,1,2024-01-07 23:00:00
177,132,4,2024-01-08 00:00:00
3,100,5,2024-01-08 01:00:00
429,5,1,2024-01-08 02:00:00
142,49,4,2024-01-08 03:00:00
376,98,4,2024-01-08 04:00:00
158,30,2,2024-01-08 05:00:00
498,72,1,2024-01-08 06:00:00
324,103,4,2024-01-08 07:00:00
146,63,3,2024-01-08 08:00:00
446,175,4,2024-01-08 09:00:00
293,26,2,2024-01-08 10:00:00
153,185,4,2024-01-08 11:00:00
432,37,1,2024-01-08 12:00:00
193,7,1,2024-01-08 13:00:00
437,127,5,2024-01-08 14:00:00
494,168,1,2024-01-08 15:00:00
463,92,5,2024-01-08 16:00:00
73,167,3,2024-01-08 17:00:00
399,190,2,2024-01-08 18:00:00
305,103,3,2024-01-08 19:00:00
377,53,5,2024-01-08 20:00:00
344,132,4,2024-01-08 21:00:00
452,108,4,2024-01-08 22:00:00
140,112,3,2024-01-08 23:00:00
187,153,4,2024-01-09 00:00:00
293,7,5,2024-01-09 01:00:00
61,156,2,2024-01-09 02:00:00
485,197,1,2024-01-09 03:00:00
427,67,5,2024-01-09 04:00:00
380,108,5,2024-01-09 05:00:00
198,111,1,2024-01-09 06:00:00
295,148,1,2024-01-09 07:00:00
440,83,2,2024-01-09 08:00:00
319,124,2,2024-01-09 09:00:00
302,139,2,2024-01-09 10:00:00
344,104,4,2024-01-09 11:00:00
11,67,5,2024-01-09 12:00:00
62,7,1,2024-01-09 13:00:00
333,151,5,2024-01-09 14:00:00
226,189,5,2024-01-09 15:00:00
153,199,2,2024-01-09 16:00:00
199,110,2,2024-01-09 17:00:00
52,34,5,2024-01-09 18:00:00
260,106,2,2024-01-09 19:00:00
59,147,4,2024-01-09 20:00:00
72,58,1,2024-01-09 21:00:00
148,9,5,2024-01-09 22:00:00
349,48,1,2024-01-09 23:00:00
63,115,4,2024-01-10 00:00:00
310,41,2,2024-01-10 01:00:00
373,48,3,2024-01-10 02:00:00
243,173,4,2024-01-10 03:00:00
493,25,3,2024-01-10 04:00:00
366,116,1,2024-01-10 05:00:00
330,78,5,2024-01-10 06:00:00
107,108,2,2024-01-10 07:00:00
226,25,4,2024-01-10 08:00:00
313,147,2,2024-01-10 09:00:00
218,39,3,2024-01-10 10:00:00
425,119,3,2024-01-10 11:00:00
241,79,5,2024-01-10 12:00:00
259,80,3,2024-01-10 13:00:00
376,27,5,2024-01-10 14:00:00
262,104,4,2024-01-10 15:00:00
5,74,5,2024-01-10 16:00:00
261,191,3,2024-01-10 17:00:00
54,68,1,2024-01-10 18:00:00
47,147,5,2024-01-10 19:00:00
215,28,2,2024-01-10 20:00:00
177,123,1,2024-01-10 21:00:00
9,161,5,2024-01-10 22:00:00
99,138,2,2024-01-10 23:00:00
20,83,1,2024-01-11 00:00:00
378,30,5,2024-01-11 01:00:00
241,22,4,2024-01-11 02:00:00
61,3,2,2024-01-11 03:00:00
379,101,4,2024-01-11 04:00:00
490,105,3,2024-01-11 05:00:00
419,176,5,2024-01-11 06:00:00
178,2,5,2024-01-11 07:00:00
338,54,2,2024-01-11 08:00:00
62,6,5,2024-01-11 09:00:00
145,107,3,2024-01-11 10:00:00
216,168,5,2024-01-11 11:00:00
3,123,1,2024-01-11 12:00:00
160,2,4,2024-01-11 13:00:00
227,111,3,2024-01-11 14:00:00
486,2,3,2024-01-11 15:00:00
269,93,4,2024-01-11 16:00:00
120,183,4,2024-01-11 17:00:00
381,200,3,2024-01-11 18:00:00
495,101,4,2024-01-11 19:00:00
89,188,2,2024-01-11 20:00:00
329,97,4,2024-01-11 21:00:00
68,111,1,2024-01-11 22:00:00
398,6,1,2024-01-11 23:00:00
357,127,2,2024-01-12 00:00:00
98,104,4,2024-01-12 01:00:00
267,147,1,2024-01-12 02:00:00
105,155,5,2024-01-12 03:00:00
440,1,4,2024-01-12 04:00:00
323,33,2,2024-01-12 05:00:00
123,40,4,2024-01-12 06:00:00
476,32,3,2024-01-12 07:00:00
29,197,3,2024-01-12 08:00:00
137,17,1,2024-01-12 09:00:00
195,126,3,2024-01-12 10:00:00
409,8,2,2024-01-12 11:00:00
226,57,1,2024-01-12 12:00:00
332,42,2,2024-01-12 13:00:00
170,98,2,2024-01-12 14:00:00
9,137,3,2024-01-12 15:00:00
463,120,3,2024-01-12 16:00:00
40,87,2,2024-01-12 17:00:00
25,163,3,2024-01-12 18:00:00
261,199,3,2024-01-12 19:00:00
395,181,3,2024-01-12 20:00:00
443,54,4,2024-01-12 21:00:00
226,84,2,2024-01-12 22:00:00
472,25,5,2024-01-12 23:00:00
124,67,2,2024-01-13 00:00:00
463,190,1,2024-01-13 01:00:00
38,183,3,2024-01-13 02:00:00
328,174,3,2024-01-13 03:00:00
251,152,5,2024-01-13 04:00:00
389,46,1,2024-01-13 05:00:00
176,22,4,2024-01-13 06:00:00
90,139,2,2024-01-13 07:00:00
402,176,4,2024-01-13 08:00:00
454,8,1,2024-01-13 09:00:00
37,39,5,2024-01-13 10:00:00
316,163,1,2024-01-13 11:00:00
176,49,5,2024-01-13 12:00:00
461,46,4,2024-01-13 13:00:00
284,38,4,2024-01-13 14:00:00
453,136,1,2024-01-13 15:00:00
461,54,1,2024-01-13 16:00:00
81,165,3,2024-01-13 17:00:00
114,92,5,2024-01-13 18:00:00
40,40,3,2024-01-13 19:00:00
301,34,2,2024-01-13 20:00:00
224,96,2,2024-01-13 21:00:00
318,79,1,2024-01-13 22:00:00
349,127,4,2024-01-13 23:00:00
115,17,2,2024-01-14 00:00:00
186,161,2,2024-01-14 01:00:00
323,175,3,2024-01-14 02:00:00
56,110,3,2024-01-14 03:00:00
40,52,2,2024-01-14 04:00:00
354,118,1,2024-01-14 05:00:00
40,9,3,2024-01-14 06:00:00
347,33,2,2024-01-14 07:00:00
461,188,4,2024-01-14 08:00:00
237,113,3,2024-01-14 09:00:00
289,149,2,2024-01-14 10:00:00
262,186,5,2024-01-14 11:00:00
216,85,3,2024-01-14 12:00:00
147,197,5,2024-01-14 13:00:00
336,10,3,2024-01-14 14:00:00
168,6,3,2024-01-14 15:00:00
92,115,5,2024-01-14 16:00:00
353,121,1,2024-01-14 17:00:00
59,141,2,2024-01-14 18:00:00
59,65,1,2024-01-14 19:00:00
304,20,1,2024-01-14 20:00:00
169,57,2,2024-01-14 21:00:00
269,46,4,2024-01-14 22:00:00
363,136,1,2024-01-14 23:00:00
45,10,1,2024-01-15 00:00:00
345,113,1,2024-01-15 01:00:00
181,195,4,2024-01-15 02:00:00
170,139,3,2024-01-15 03:00:00
356,12,5,2024-01-15 04:00:00
191,138,5,2024-01-15 05:00:00
155,153,4,2024-01-15 06:00:00
422,177,1,2024-01-15 07:00:00
188,177,5,2024-01-15 08:00:00
7,11,4,2024-01-15 09:00:00
133,190,2,2024-01-15 10:00:00
235,118,5,2024-01-15 11:00:00
45,164,2,2024-01-15 12:00:00
314,39,1,2024-01-15 13:00:00
249,53,5,2024-01-15 14:00:00
499,56,4,2024-01-15 15:00:00
31,104,3,2024-01-15 16:00:00
23,129,5,2024-01-15 17:00:00
426,56,5,2024-01-15 18:00:00
394,118,5,2024-01-15 19:00:00
160,132,5,2024-01-15 20:00:00
363,30,4,2024-01-15 21:00:00
437,12,4,2024-01-15 22:00:00
158,35,3,2024-01-15 23:00:00
39,77,4,2024-01-16 00:00:00
415,180,4,2024-01-16 01:00:00
82,159,1,2024-01-16 02:00:00
356,102,1,2024-01-16 03:00:00
258,87,2,2024-01-16 04:00:00
206,196,3,2024-01-16 05:00:00
77,52,1,2024-01-16 06:00:00
477,80,3,2024-01-16 07:00:00
12,135,3,2024-01-16 08:00:00
295,22,5,2024-01-16 09:00:00
450,75,3,2024-01-16 10:00:00
224,184,5,2024-01-16 11:00:00
13,58,2,2024-01-16 12:00:00
46,93,2,2024-01-16 13:00:00
155,192,2,2024-01-16 14:00:00
113,103,5,2024-01-16 15:00:00
233,140,5,2024-01-16 16:00:00
17,7,2,2024-01-16 17:00:00
360,128,5,2024-01-16 18:00:00
223,55,4,2024-01-16 19:00:00
354,106,4,2024-01-16 20:00:00
188,62,5,2024-01-16 21:00:00
448,90,5,2024-01-16 22:00:00
344,98,1,2024-01-16 23:00:00
365,77,1,2024-01-17 00:00:00
163,183,3,2024-01-17 01:00:00
496,119,3,2024-01-17 02:00:00
326,36,3,2024-01-17 03:00:00
467,89,2,2024-01-17 04:00:00
414,152,4,2024-01-17 05:00:00
455,172,2,2024-01-17 06:00:00
74,145,5,2024-01-17 07:00:00
233,130,1,2024-01-17 08:00:00
224,141,5,2024-01-17 09:00:00
482,159,5,2024-01-17 10:00:00
319,93,1,2024-01-17 11:00:00
412,114,5,2024-01-17 12:00:00
60,28,3,2024-01-17 13:00:00
335,188,1,2024-01-17 14:00:00
222,155,5,2024-01-17 15:00:00
37,143,3,2024-01-17 16:00:00
477,33,3,2024-01-17 17:00:00
278,20,4,2024-01-17 18:00:00
196,170,3,2024-01-17 19:00:00
404,140,2,2024-01-17 20:00:00
352,101,1,2024-01-17 21:00:00
484,23,1,2024-01-17 22:00:00
242,200,1,2024-01-17 23:00:00
324,112,5,2024-01-18 00:00:00
219,14,5,2024-01-18 01:00:00
192,91,2,2024-01-18 02:00:00
17,153,3,2024-01-18 03:00:00
12,77,5,2024-01-18 04:00:00
406,85,3,2024-01-18 05:00:00
401,109,3,2024-01-18 06:00:00
394,31,5,2024-01-18 07:00:00
374,122,5,2024-01-18 08:00:00
193,107,2,2024-01-18 09:00:00
22,54,4,2024-01-18 10:00:00
474,133,1,2024-01-18 11:00:00
120,141,5,2024-01-18 12:00:00
210,156,5,2024-01-18 13:00:00
306,43,3,2024-01-18 14:00:00
270,89,4,2024-01-18 15:00:00
192,115,5,2024-01-18 16:00:00
175,99,4,2024-01-18 17:00:00
285,47,1,2024-01-18 18:00:00
204,71,3,2024-01-18 19:00:00
164,166,2,2024-01-18 20:00:00
251,67,1,2024-01-18 21:00:00
227,62,4,2024-01-18 22:00:00
436,109,4,2024-01-18 23:00:00
381,167,1,2024-01-19 00:00:00
460,37,4,2024-01-19 01:00:00
7,119,2,2024-01-19 02:00:00
29,86,2,2024-01-19 03:00:00
395,126,4,2024-01-19 04:00:00
33,136,4,2024-01-19 05:00:00
134,52,2,2024-01-19 06:00:00
367,91,4,2024-01-19 07:00:00
79,33,5,2024-01-19 08:00:00
416,81,3,2024-01-19 09:00:00
435,42,5,2024-01-19 10:00:00
459,112,4,2024-01-19 11:00:00
58,126,4,2024-01-19 12:00:00
471,155,3,2024-01-19 13:00:00
26,136,4,2024-01-19 14:00:00
482,151,3,2024-01-19 15:00:00
430,106,2,2024-01-19 16:00:00
226,125,3,2024-01-19 17:00:00
285,113,3,2024-01-19 18:00:00
4,64,5,2024-01-19 19:00:00
465,123,4,2024-01-19 20:00:00
99,114,2,2024-01-19 21:00:00
397,20,1,2024-01-19 22:00:00
489,16,3,2024-01-19 23:00:00
39,145,1,2024-01-20 00:00:00
271,19,4,2024-01-20 01:00:00
375,120,3,2024-01-20 02:00:00
285,136,1,2024-01-20 03:00:00
157,166,5,2024-01-20 04:00:00
75,38,1,2024-01-20 05:00:00
372,181,5,2024-01-20 06:00:00
288,93,2,2024-01-20 07:00:00
130,105,4,2024-01-20 08:00:00
175,100,1,2024-01-20 09:00:00
462,90,3,2024-01-20 10:00:00
84,159,4,2024-01-20 11:00:00
22,44,1,2024-01-20 12:00:00
459,188,3,2024-01-20 13:00:00
27,76,3,2024-01-20 14:00:00
195,145,3,2024-01-20 15:00:00
337,79,3,2024-01-20 16:00:00
382,73,1,2024-01-20 17:00:00
236,167,2,2024-01-20 18:00:00
440,170,5,2024-01-20 19:00:00
92,176,5,2024-01-20 20:00:00
477,140,5,2024-01-20 21:00:00
21,96,2,2024-01-20 22:00:00
303,89,3,2024-01-20 23:00:00
464,103,3,2024-01-21 00:00:00
357,146,4,2024-01-21 01:00:00
443,6,5,2024-01-21 02:00:00
84,122,5,2024-01-21 03:00:00
262,171,3,2024-01-21 04:00:00
147,116,5,2024-01-21 05:00:00
441,163,3,2024-01-21 06:00:00
453,182,3,2024-01-21 07:00:00
387,62,3,2024-01-21 08:00:00
257,197,1,2024-01-21 09:00:00
58,144,1,2024-01-21 10:00:00
380,136,1,2024-01-21 11:00:00
422,89,1,2024-01-21 12:00:00
15,96,2,2024-01-21 13:00:00
162,126,4,2024-01-21 14:00:00
445,90,4,2024-01-21 15:00:00
163,86,3,2024-01-21 16:00:00
320,159,5,2024-01-21 17:00:00
497,138,1,2024-01-21 18:00:00
281,184,4,2024-01-21 19:00:00
280,121,4,2024-01-21 20:00:00
12,76,1,2024-01-21 21:00:00
274,92,2,2024-01-21 22:00:00
271,70,2,2024-01-21 23:00:00
492,148,4,2024-01-22 00:00:00
208,133,2,2024-01-22 01:00:00
27,23,1,2024-01-22 02:00:00
72,137,4,2024-01-22 03:00:00
60,58,1,2024-01-22 04:00:00
430,187,2,2024-01-22 05:00:00
473,182,1,2024-01-22 06:00:00
145,46,2,2024-01-22 07:00:00
93,22,2,2024-01-22 08:00:00
309,192,1,2024-01-22 09:00:00
8,8,2,2024-01-22 10:00:00
79,123,3,2024-01-22 11:00:00
27,20,1,2024-01-22 12:00:00
174,179,3,2024-01-22 13:00:00
50,78,1,2024-01-22 14:00:00
500,39,2,2024-01-22 15:00:00
199,37,2,2024-01-22 16:00:00
387,178,4,2024-01-22 17:00:00
349,162,4,2024-01-22 18:00:00
448,75,3,2024-01-22 19:00:00
428,118,2,2024-01-22 20:00:00
181,104,4,2024-01-22 21:00:00
24,161,2,2024-01-22 22:00:00
316,31,1,2024-01-22 23:00:00
378,123,4,2024-01-23 00:00:00
387,54,3,2024-01-23 01:00:00
404,172,4,2024-01-23 02:00:00
46,34,2,2024-01-23 03:00:00
15,199,5,2024-01-23 04:00:00
153,122,5,2024-01-23 05:00:00
222,113,2,2024-01-23 06:00:00
206,62,1,2024-01-23 07:00:00
455,23,4,2024-01-23 08:00:00
273,46,5,2024-01-23 09:00:00
382,56,1,2024-01-23 10:00:00
236,135,2,2024-01-23 11:00:00
340,118,1,2024-01-23 12:00:00
228,189,2,2024-01-23 13:00:00
9,131,4,2024-01-23 14:00:00
166,166,1,2024-01-23 15:00:00
432,162,4,2024-01-23 16:00:00
444,113,1,2024-01-23 17:00:00
319,44,2,2024-01-23 18:00:00
214,128,2,2024-01-23 19:00:00
117,108,1,2024-01-23 20:00:00
386,158,2,2024-01-23 21:00:00
344,17,3,2024-01-23 22:00:00
72,59,3,2024-01-23 23:00:00
395,138,4,2024-01-24 00:00:00
64,99,3,2024-01-24 01:00:00
205,84,3,2024-01-24 02:00:00
209,146,5,2024-01-24 03:00:00
72,45,5,2024-01-24 04:00:00
277,108,5,2024-01-24 05:00:00
274,187,5,2024-01-24 06:00:00
478,62,2,2024-01-24 07:00:00
320,59,4,2024-01-24 08:00:00
338,177,4,2024-01-24 09:00:00
366,191,3,2024-01-24 10:00:00
495,160,4,2024-01-24 11:00:00
95,138,3,2024-01-24 12:00:00
166,11,4,2024-01-24 13:00:00
32,102,1,2024-01-24 14:00:00
11,70,1,2024-01-24 15:00:00
301,123,4,2024-01-24 16:00:00
217,190,2,2024-01-24 17:00:00
289,175,3,2024-01-24 18:00:00
102,34,4,2024-01-24 19:00:00
425,101,3,2024-01-24 20:00:00
392,145,5,2024-01-24 21:00:00
267,104,4,2024-01-24 22:00:00
214,182,2,2024-01-24 23:00:00
179,40,5,2024-01-25 00:00:00
88,19,4,2024-01-25 01:00:00
41,67,1,2024-01-25 02:00:00
401,82,4,2024-01-25 03:00:00
76,181,1,2024-01-25 04:00:00
377,64,1,2024-01-25 05:00:00
46,83,4,2024-01-25 06:00:00
160,47,4,2024-01-25 07:00:00
463,6,1,2024-01-25 08:00:00
80,16,3,2024-01-25 09:00:00
310,200,5,2024-01-25 10:00:00
86,146,2,2024-01-25 11:00:00
92,180,4,2024-01-25 12:00:00
148,176,5,2024-01-25 13:00:00
161,171,5,2024-01-25 14:00:00
202,39,3,2024-01-25 15:00:00
424,177,5,2024-01-25 16:00:00
416,113,4,2024-01-25 17:00:00
242,140,5,2024-01-25 18:00:00
353,138,4,2024-01-25 19:00:00
2,71,4,2024-01-25 20:00:00
225,110,1,2024-01-25 21:00:00
289,55,3,2024-01-25 22:00:00
233,129,2,2024-01-25 23:00:00
461,49,1,2024-01-26 00:00:00
414,164,2,2024-01-26 01:00:00
417,21,4,2024-01-26 02:00:00
77,37,1,2024-01-26 03:00:00
116,116,5,2024-01-26 04:00:00
154,24,5,2024-01-26 05:00:00
406,55,2,2024-01-26 06:00:00
103,25,4,2024-01-26 07:00:00
194,135,2,2024-01-26 08:00:00
166,127,3,2024-01-26 09:00:00
359,93,5,2024-01-26 10:00:00
90,94,1,2024-01-26 11:00:00
174,71,1,2024-01-26 12:00:00
122,199,1,2024-01-26 13:00:00
498,122,5,2024-01-26 14:00:00
143,24,4,2024-01-26 15:00:00
482,11,5,2024-01-26 16:00:00
106,73,5,2024-01-26 17:00:00
375,12,1,2024-01-26 18:00:00
428,35,5,2024-01-26 19:00:00
305,191,1,2024-01-26 20:00:00
360,196,4,2024-01-26 21:00:00
459,185,3,2024-01-26 22:00:00
317,141,1,2024-01-26 23:00:00
451,23,2,2024-01-27 00:00:00
123,83,3,2024-01-27 01:00:00
390,167,4,2024-01-27 02:00:00
9,88,3,2024-01-27 03:00:00
262,80,1,2024-01-27 04:00:00
73,97,4,2024-01-27 05:00:00
359,140,2,2024-01-27 06:00:00
223,34,1,2024-01-27 07:00:00
416,199,1,2024-01-27 08:00:00
41,75,4,2024-01-27 09:00:00
370,159,4,2024-01-27 10:00:00
204,128,3,2024-01-27 11:00:00
264,190,2,2024-01-27 12:00:00
328,141,3,2024-01-27 13:00:00
178,31,3,2024-01-27 14:00:00
348,130,1,2024-01-27 15:00:00
318,103,4,2024-01-27 16:00:00
84,15,1,2024-01-27 17:00:00
318,57,2,2024-01-27 18:00:00
111,75,3,2024-01-27 19:00:00
251,34,2,2024-01-27 20:00:00
383,103,4,2024-01-27 21:00:00
7,196,4,2024-01-27 22:00:00
459,75,5,2024-01-27 23:00:00
84,29,2,2024-01-28 00:00:00
208,194,1,2024-01-28 01:00:00
388,16,2,2024-01-28 02:00:00
390,167,3,2024-01-28 03:00:00
314,77,4,2024-01-28 04:00:00
22,37,4,2024-01-28 05:00:00
410,81,2,2024-01-28 06:00:00
383,149,2,2024-01-28 07:00:00
3,172,2,2024-01-28 08:00:00
127,124,3,2024-01-28 09:00:00
297,19,3,2024-01-28 10:00:00
188,199,1,2024-01-28 11:00:00
362,102,2,2024-01-28 12:00:00
14,136,1,2024-01-28 13:00:00
459,77,5,2024-01-28 14:00:00
466,194,3,2024-01-28 15:00:00
12,41,4,2024-01-28 16:00:00
87,198,5,2024-01-28 17:00:00
12,61,4,2024-01-28 18:00:00
397,26,5,2024-01-28 19:00:00
25,71,1,2024-01-28 20:00:00
301,103,1,2024-01-28 21:00:00
243,70,3,2024-01-28 22:00:00
122,107,4,2024-01-28 23:00:00
147,157,5,2024-01-29 00:00:00
55,107,2,2024-01-29 01:00:00
238,103,2,2024-01-29 02:00:00
356,194,3,2024-01-29 03:00:00
173,19,4,2024-01-29 04:00:00
392,68,2,2024-01-29 05:00:00
221,186,3,2024-01-29 06:00:00
119,70,3,2024-01-29 07:00:00
309,113,4,2024-01-29 08:00:00
183,57,2,2024-01-29 09:00:00
288,165,2,2024-01-29 10:00:00
307,61,2,2024-01-29 11:00:00
300,92,1,2024-01-29 12:00:00
82,30,2,2024-01-29 13:00:00
454,199,5,2024-01-29 14:00:00
402,153,1,2024-01-29 15:00:00
211,127,1,2024-01-29 16:00:00
150,193,1,2024-01-29 17:00:00
37,115,1,2024-01-29 18:00:00
352,6,3,2024-01-29 19:00:00
312,18,5,2024-01-29 20:00:00
361,10,4,2024-01-29 21:00:00
59,92,2,2024-01-29 22:00:00
131,139,1,2024-01-29 23:00:00
412,193,4,2024-01-30 00:00:00
202,77,3,2024-01-30 01:00:00
243,101,4,2024-01-30 02:00:00
35,84,1,2024-01-30 03:00:00
445,193,5,2024-01-30 04:00:00
93,52,4,2024-01-30 05:00:00
438,195,1,2024-01-30 06:00:00
447,31,1,2024-01-30 07:00:00
207,145,2,2024-01-30 08:00:00
353,183,2,2024-01-30 09:00:00
391,110,5,2024-01-30 10:00:00
332,93,2,2024-01-30 11:00:00
305,164,5,2024-01-30 12:00:00
350,154,3,2024-01-30 13:00:00
213,53,3,2024-01-30 14:00:00
159,145,2,2024-01-30 15:00:00
442,86,3,2024-01-30 16:00:00
445,153,4,2024-01-30 17:00:00
24,2,4,2024-01-30 18:00:00
404,86,4,2024-01-30 19:00:00
293,133,3,2024-01-30 20:00:00
4,4,4,2024-01-30 21:00:00
220,164,5,2024-01-30 22:00:00
364,6,1,2024-01-30 23:00:00
382,149,2,2024-01-31 00:00:00
20,118,5,2024-01-31 01:00:00
444,89,4,2024-01-31 02:00:00
152,154,1,2024-01-31 03:00:00
50,183,2,2024-01-31 04:00:00
177,167,5,2024-01-31 05:00:00
435,161,2,2024-01-31 06:00:00
96,14,3,2024-01-31 07:00:00
105,56,4,2024-01-31 08:00:00
420,81,5,2024-01-31 09:00:00
250,149,5,2024-01-31 10:00:00
117,46,1,2024-01-31 11:00:00
354,144,1,2024-01-31 12:00:00
228,16,1,2024-01-31 13:00:00
66,120,2,2024-01-31 14:00:00
335,84,4,2024-01-31 15:00:00
418,157,2,2024-01-31 16:00:00
420,8,4,2024-01-31 17:00:00
262,88,5,2024-01-31 18:00:00
295,131,2,2024-01-31 19:00:00
426,19,2,2024-01-31 20:00:00
243,97,2,2024-01-31 21:00:00
371,66,3,2024-01-31 22:00:00
186,79,4,2024-01-31 23:00:00
246,86,4,2024-02-01 00:00:00
125,124,2,2024-02-01 01:00:00
268,150,3,2024-02-01 02:00:00
131,46,2,2024-02-01 03:00:00
237,113,4,2024-02-01 04:00:00
18,91,5,2024-02-01 05:00:00
40,141,3,2024-02-01 06:00:00
21,33,3,2024-02-01 07:00:00
399,133,2,2024-02-01 08:00:00
225,77,5,2024-02-01 09:00:00
355,155,4,2024-02-01 10:00:00
282,121,1,2024-02-01 11:00:00
8,128,4,2024-02-01 12:00:00
100,78,4,2024-02-01 13:00:00
240,152,5,2024-02-01 14:00:00
478,67,3,2024-02-01 15:00:00
87,115,4,2024-02-01 16:00:00
298,63,3,2024-02-01 17:00:00
428,113,5,2024-02-01 18:00:00
14,94,5,2024-02-01 19:00:00
334,48,2,2024-02-01 20:00:00
2,191,1,2024-02-01 21:00:00
375,12,5,2024-02-01 22:00:00
293,156,5,2024-02-01 23:00:00
325,172,3,2024-02-02 00:00:00
422,171,5,2024-02-02 01:00:00
493,145,4,2024-02-02 02:00:00
41,40,2,2024-02-02 03:00:00
318,177,2,2024-02-02 04:00:00
316,85,4,2024-02-02 05:00:00
381,57,5,2024-02-02 06:00:00
111,87,1,2024-02-02 07:00:00
14,84,5,2024-02-02 08:00:00
231,192,2,2024-02-02 09:00:00
473,185,1,2024-02-02 10:00:00
84,121,3,2024-02-02 11:00:00
130,74,3,2024-02-02 12:00:00
231,107,5,2024-02-02 13:00:00
326,124,5,2024-02-02 14:00:00
145,198,1,2024-02-02 15:00:00
379,100,1,2024-02-02 16:00:00
345,43,5,2024-02-02 17:00:00
28,119,2,2024-02-02 18:00:00
66,23,3,2024-02-02 19:00:00
163,155,1,2024-02-02 20:00:00
229,186,2,2024-02-02 21:00:00
261,37,5,2024-02-02 22:00:00
449,134,4,2024-02-02 23:00:00
424,65,1,2024-02-03 00:00:00
460,134,4,2024-02-03 01:00:00
440,178,2,2024-02-03 02:00:00
164,22,3,2024-02-03 03:00:00
301,105,2,2024-02-03 04:00:00
407,88,3,2024-02-03 05:00:00
303,153,2,2024-02-03 06:00:00
287,125,1,2024-02-03 07:00:00
395,79,1,2024-02-03 08:00:00
10,90,4,2024-02-03 09:00:00
195,200,2,2024-02-03 10:00:00
118,51,2,2024-02-03 11:00:00
270,176,4,2024-02-03 12:00:00
80,102,5,2024-02-03 13:00:00
458,198,2,2024-02-03 14:00:00
93,106,2,2024-02-03 15:00:00
266,193,2,2024-02-03 16:00:00
332,60,5,2024-02-03 17:00:00
350,46,1,2024-02-03 18:00:00
361,36,4,2024-02-03 19:00:00
257,186,5,2024-02-03 20:00:00
133,166,3,2024-02-03 21:00:00
276,11,3,2024-02-03 22:00:00
264,12,5,2024-02-03 23:00:00
171,170,5,2024-02-04 00:00:00
460,39,1,2024-02-04 01:00:00
1,199,3,2024-02-04 02:00:00
313,139,4,2024-02-04 03:00:00
64,36,2,2024-02-04 04:00:00
374,52,2,2024-02-04 05:00:00
468,31,1,2024-02-04 06:00:00
284,33,1,2024-02-04 07:00:00
121,141,3,2024-02-04 08:00:00
107,146,4,2024-02-04 09:00:00
421,169,4,2024-02-04 10:00:00
175,58,5,2024-02-04 11:00:00
485,184,1,2024-02-04 12:00:00
204,152,2,2024-02-04 13:00:00
165,128,2,2024-02-04 14:00:00
305,31,3,2024-02-04 15:00:00
497,55,2,2024-02-04 16:00:00
120,10,4,2024-02-04 17:00:00
44,188,4,2024-02-04 18:00:00
312,130,1,2024-02-04 19:00:00
156,15,3,2024-02-04 20:00:00
367,3,2,2024-02-04 21:00:00
207,43,1,2024-02-04 22:00:00
390,159,5,2024-02-04 23:00:00
108,198,5,2024-02-05 00:00:00
251,67,2,2024-02-05 01:00:00
445,56,2,2024-02-05 02:00:00
404,63,2,2024-02-05 03:00:00
370,15,4,2024-02-05 04:00:00
334,109,2,2024-02-05 05:00:00
130,116,5,2024-02-05 06:00:00
457,92,2,2024-02-05 07:00:00
293,138,3,2024-02-05 08:00:00
20,166,5,2024-02-05 09:00:00
282,47,3,2024-02-05 10:00:00
285,57,5,2024-02-05 11:00:00
1,50,1,2024-02-05 12:00:00
119,71,5,2024-02-05 13:00:00
35,143,5,2024-02-05 14:00:00
198,146,3,2024-02-05 15:00:00
485,82,3,2024-02-05 16:00:00
245,116,5,2024-02-05 17:00:00
59,105,5,2024-02-05 18:00:00
325,88,4,2024-02-05 19:00:00
161,2,1,2024-02-05 20:00:00
497,104,1,2024-02-05 21:00:00
179,84,2,2024-02-05 22:00:00
206,43,5,2024-02-05 23:00:00
12,154,5,2024-02-06 00:00:00
490,71,5,2024-02-06 01:00:00
276,166,5,2024-02-06 02:00:00
181,94,1,2024-02-06 03:00:00
242,42,3,2024-02-06 04:00:00
216,133,4,2024-02-06 05:00:00
251,139,3,2024-02-06 06:00:00
299,65,3,2024-02-06 07:00:00
126,34,1,2024-02-06 08:00:00
482,120,4,2024-02-06 09:00:00
217,1,5,2024-02-06 10:00:00
306,130,1,2024-02-06 11:00:00
285,148,1,2024-02-06 12:00:00
185,61,4,2024-02-06 13:00:00
39,149,2,2024-02-06 14:00:00
223,88,1,2024-02-06 15:00:00
184,68,3,2024-02-06 16:00:00
495,127,3,2024-02-06 17:00:00
427,140,5,2024-02-06 18:00:00
178,22,1,2024-02-06 19:00:00
407,148,5,2024-02-06 20:00:00
428,82,1,2024-02-06 21:00:00
294,129,4,2024-02-06 22:00:00
340,30,1,2024-02-06 23:00:00
151,126,2,2024-02-07 00:00:00
384,97,3,2024-02-07 01:00:00
126,24,4,2024-02-07 02:00:00
301,14,3,2024-02-07 03:00:00
308,36,5,2024-02-07 04:00:00
336,197,4,2024-02-07 05:00:00
434,24,2,2024-02-07 06:00:00
234,188,3,2024-02-07 07:00:00
380,95,1,2024-02-07 08:00:00
375,55,1,2024-02-07 09:00:00
8,24,1,2024-02-07 10:00:00
498,152,4,2024-02-07 11:00:00
341,182,2,2024-02-07 12:00:00
129,26,2,2024-02-07 13:00:00
264,194,2,2024-02-07 14:00:00
157,80,3,2024-02-07 15:00:00
352,166,4,2024-02-07 16:00:00
358,65,1,2024-02-07 17:00:00
5,75,3,2024-02-07 18:00:00
495,179,2,2024-02-07 19:00:00
86,163,1,2024-02-07 20:00:00
175,43,4,2024-02-07 21:00:00
290,29,5,2024-02-07 22:00:00
193,165,2,2024-02-07 23:00:00
311,81,2,2024-02-08 00:00:00
119,186,2,2024-02-08 01:00:00
218,54,2,2024-02-08 02:00:00
427,39,1,2024-02-08 03:00:00
458,42,4,2024-02-08 04:00:00
414,156,3,2024-02-08 05:00:00
114,29,1,2024-02-08 06:00:00
466,171,4,2024-02-08 07:00:00
145,131,3,2024-02-08 08:00:00
26,138,2,2024-02-08 09:00:00
136,187,4,2024-02-08 10:00:00
303,142,2,2024-02-08 11:00:00
232,175,4,2024-02-08 12:00:00
369,42,5,2024-02-08 13:00:00
76,94,2,2024-02-08 14:00:00
475,160,2,2024-02-08 15:00:00
328,32,2,2024-02-08 16:00:00
345,170,1,2024-02-08 17:00:00
302,160,3,2024-02-08 18:00:00
452,26,2,2024-02-08 19:00:00
289,115,2,2024-02-08 20:00:00
1,129,1,2024-02-08 21:00:00
147,56,1,2024-02-08 22:00:00
287,122,5,2024-02-08 23:00:00
464,106,4,2024-02-09 00:00:00
142,130,2,2024-02-09 01:00:00
53,81,4,2024-02-09 02:00:00
304,158,1,2024-02-09 03:00:00
69,120,1,2024-02-09 04:00:00
361,199,5,2024-02-09 05:00:00
90,52,3,2024-02-09 06:00:00
446,91,1,2024-02-09 07:00:00
220,137,2,2024-02-09 08:00:00
450,22,5,2024-02-09 09:00:00
498,34,3,2024-02-09 10:00:00
192,110,5,2024-02-09 11:00:00
454,49,1,2024-02-09 12:00:00
63,129,3,2024-02-09 13:00:00
73,73,4,2024-02-09 14:00:00
161,84,3,2024-02-09 15:00:00
169,53,2,2024-02-09 16:00:00
89,100,4,2024-02-09 17:00:00
176,124,4,2024-02-09 18:00:00
269,168,2,2024-02-09 19:00:00
73,45,4,2024-02-09 20:00:00
245,196,1,2024-02-09 21:00:00
77,137,3,2024-02-09 22:00:00
159,105,3,2024-02-09 23:00:00
489,150,2,2024-02-10 00:00:00
459,146,1,2024-02-10 01:00:00
324,106,4,2024-02-10 02:00:00
98,43,3,2024-02-10 03:00:00
381,167,3,2024-02-10 04:00:00
102,134,3,2024-02-10 05:00:00
494,48,3,2024-02-10 06:00:00
132,126,5,2024-02-10 07:00:00
102,7,2,2024-02-10 08:00:00
19,197,4,2024-02-10 09:00:00
454,16,4,2024-02-10 10:00:00
482,129,2,2024-02-10 11:00:00
82,115,1,2024-02-10 12:00:00
397,37,2,2024-02-10 13:00:00
489,165,3,2024-02-10 14:00:00
279,125,3,2024-02-10 15:00:00
339,81,2,2024-02-10 16:00:00
365,192,2,2024-02-10 17:00:00
331,62,4,2024-02-10 18:00:00
129,72,4,2024-02-10 19:00:00
344,189,5,2024-02-10 20:00:00
310,125,5,2024-02-10 21:00:00
455,161,3,2024-02-10 22:00:00
89,66,5,2024-02-10 23:00:00
213,30,5,2024-02-11 00:00:00
143,20,1,2024-02-11 01:00:00
65,188,2,2024-02-11 02:00:00
76,82,4,2024-02-11 03:00:00
199,107,5,2024-02-11 04:00:00
143,152,4,2024-02-11 05:00:00
405,132,5,2024-02-11 06:00:00
403,37,5,2024-02-11 07:00:00
316,132,3,2024-02-11 08:00:00
93,77,1,2024-02-11 09:00:00
473,89,2,2024-02-11 10:00:00
417,146,2,2024-02-11 11:00:00
305,88,3,2024-02-11 12:00:00
224,194,3,2024-02-11 13:00:00
497,176,2,2024-02-11 14:00:00
291,33,2,2024-02-11 15:00:00
428,58,1,2024-02-11 16:00:00
102,28,5,2024-02-11 17:00:00
474,35,1,2024-02-11 18:00:00
267,125,2,2024-02-11 19:00:00
355,138,5,2024-02-11 20:00:00
456,65,2,2024-02-11 21:00:00
110,42,1,2024-02-11 22:00:00
462,85,1,2024-02-11 23:00:00
330,137,1,2024-02-12 00:00:00
450,188,5,2024-02-12 01:00:00
430,111,4,2024-02-12 02:00:00
265,15,4,2024-02-12 03:00:00
3,185,2,2024-02-12 04:00:00
85,69,5,2024-02-12 05:00:00
282,105,3,2024-02-12 06:00:00
328,150,4,2024-02-12 07:00:00
304,64,5,2024-02-12 08:00:00
450,41,5,2024-02-12 09:00:00
454,71,4,2024-02-12 10:00:00
412,56,5,2024-02-12 11:00:00
117,151,5,2024-02-12 12:00:00
221,25,4,2024-02-12 13:00:00
154,105,1,2024-02-12 14:00:00
153,134,2,2024-02-12 15:00:00
12,119,3,2024-02-12 16:00:00
133,162,2,2024-02-12 17:00:00
482,191,1,2024-02-12 18:00:00
304,9,1,2024-02-12 19:00:00
293,60,5,2024-02-12 20:00:00
463,125,2,2024-02-12 21:00:00
300,49,1,2024-02-12 22:00:00
228,51,2,2024-02-12 23:00:00
271,188,1,2024-02-13 00:00:00
43,70,3,2024-02-13 01:00:00
432,37,1,2024-02-13 02:00:00
343,31,2,2024-02-13 03:00:00
326,169,5,2024-02-13 04:00:00
302,62,2,2024-02-13 05:00:00
498,93,4,2024-02-13 06:00:00
364,186,2,2024-02-13 07:00:00
379,14,3,2024-02-13 08:00:00
427,164,3,2024-02-13 09:00:00
493,164,3,2024-02-13 10:00:00
21,79,1,2024-02-13 11:00:00
407,8,3,2024-02-13 12:00:00
107,154,2,2024-02-13 13:00:00
336,36,5,2024-02-13 14:00:00
303,48,3,2024-02-13 15:00:00
117,85,2,2024-02-13 16:00:00
124,28,1,2024-02-13 17:00:00
399,196,1,2024-02-13 18:00:00
281,190,5,2024-02-13 19:00:00
292,51,5,2024-02-13 20:00:00
203,104,2,2024-02-13 21:00:00
51,170,5,2024-02-13 22:00:00
271,101,5,2024-02-13 23:00:00
324,29,1,2024-02-14 00:00:00
277,127,2,2024-02-14 01:00:00
141,82,5,2024-02-14 02:00:00
470,10,2,2024-02-14 03:00:00
275,106,3,2024-02-14 04:00:00
290,167,1,2024-02-14 05:00:00
334,1,1,2024-02-14 06:00:00
381,39,1,2024-02-14 07:00:00
452,21,4,2024-02-14 08:00:00
496,65,2,2024-02-14 09:00:00
373,15,3,2024-02-14 10:00:00
52,132,5,2024-02-14 11:00:00
494,188,3,2024-02-14 12:00:00
27,61,2,2024-02-14 13:00:00
157,148,1,2024-02-14 14:00:00
239,138,4,2024-02-14 15:00:00
156,87,2,2024-02-14 16:00:00
291,105,2,2024-02-14 17:00:00
136,34,5,2024-02-14 18:00:00
144,124,3,2024-02-14 19:00:00
106,110,3,2024-02-14 20:00:00
420,176,5,2024-02-14 21:00:00
158,33,4,2024-02-14 22:00:00
146,98,1,2024-02-14 23:00:00
2,61,1,2024-02-15 00:00:00
433,10,4,2024-02-15 01:00:00
77,182,5,2024-02-15 02:00:00
132,84,2,2024-02-15 03:00:00
90,65,3,2024-02-15 04:00:00
345,77,2,2024-02-15 05:00:00
350,1,3,2024-02-15 06:00:00
459,133,2,2024-02-15 07:00:00
263,80,5,2024-02-15 08:00:00
351,15,5,2024-02-15 09:00:00
108,28,4,2024-02-15 10:00:00
74,23,2,2024-02-15 11:00:00
39,109,2,2024-02-15 12:00:00
397,107,4,2024-02-15 13:00:00
159,145,4,2024-02-15 14:00:00
71,113,5,2024-02-15 15:00:00
447,98,5,2024-02-15 16:00:00
312,141,2,2024-02-15 17:00:00
241,142,5,2024-02-15 18:00:00
426,139,5,2024-02-15 19:00:00
445,28,2,2024-02-15 20:00:00
298,42,4,2024-02-15 21:00:00
440,99,2,2024-02-15 22:00:00
36,61,1,2024-02-15 23:00:00
84,123,2,2024-02-16 00:00:00
452,64,1,2024-02-16 01:00:00
374,31,2,2024-02-16 02:00:00
263,81,1,2024-02-16 03:00:00
310,10,1,2024-02-16 04:00:00
385,8,2,2024-02-16 05:00:00
172,149,5,2024-02-16 06:00:00
376,59,3,2024-02-16 07:00:00
173,178,5,2024-02-16 08:00:00
362,197,1,2024-02-16 09:00:00
47,198,2,2024-02-16 10:00:00
379,30,2,2024-02-16 11:00:00
141,145,2,2024-02-16 12:00:00
375,20,2,2024-02-16 13:00:00
406,48,3,2024-02-16 14:00:00
118,130,4,2024-02-16 15:00:00
277,37,1,2024-02-16 16:00:00
214,129,3,2024-02-16 17:00:00
220,132,5,2024-02-16 18:00:00
393,100,4,2024-02-16 19:00:00
26,54,4,2024-02-16 20:00:00
9,122,2,2024-02-16 21:00:00
271,25,3,2024-02-16 22:00:00
10,131,5,2024-02-16 23:00:00
472,9,2,2024-02-17 00:00:00
378,34,2,2024-02-17 01:00:00
121,43,1,2024-02-17 02:00:00
125,74,4,2024-02-17 03:00:00
170,94,5,2024-02-17 04:00:00
72,22,4,2024-02-17 05:00:00
152,70,3,2024-02-17 06:00:00
208,130,1,2024-02-17 07:00:00
49,94,2,2024-02-17 08:00:00
154,194,1,2024-02-17 09:00:00
347,32,2,2024-02-17 10:00:00
293,106,1,2024-02-17 11:00:00
68,144,2,2024-02-17 12:00:00
50,1,4,2024-02-17 13:00:00
152,72,4,2024-02-17 14:00:00
19,176,4,2024-02-17 15:00:00
100,50,4,2024-02-17 16:00:00
60,141,1,2024-02-17 17:00:00
167,15,2,2024-02-17 18:00:00
202,53,4,2024-02-17 19:00:00
345,172,1,2024-02-17 20:00:00
146,8,2,2024-02-17 21:00:00
403,74,1,2024-02-17 22:00:00
164,46,4,2024-02-17 23:00:00
458,69,3,2024-02-18 00:00:00
481,114,1,2024-02-18 01:00:00
439,147,4,2024-02-18 02:00:00
242,166,5,2024-02-18 03:00:00
69,123,2,2024-02-18 04:00:00
175,139,4,2024-02-18 05:00:00
49,117,5,2024-02-18 06:00:00
483,43,1,2024-02-18 07:00:00
108,20,1,2024-02-18 08:00:00
226,148,5,2024-02-18 09:00:00
161,21,5,2024-02-18 10:00:00
119,82,2,2024-02-18 11:00:00
149,57,1,2024-02-18 12:00:00
465,178,5,2024-02-18 13:00:00
150,74,3,2024-02-18 14:00:00
432,98,3,2024-02-18 15:00:00
293,154,5,2024-02-18 16:00:00
143,158,2,2024-02-18 17:00:00
419,110,1,2024-02-18 18:00:00
476,115,3,2024-02-18 19:00:00
455,159,5,2024-02-18 20:00:00
160,42,5,2024-02-18 21:00:00
11,68,4,2024-02-18 22:00:00
138,189,5,2024-02-18 23:00:00
457,189,2,2024-02-19 00:00:00
78,70,3,2024-02-19 01:00:00
77,78,4,2024-02-19 02:00:00
441,196,3,2024-02-19 03:00:00
254,90,3,2024-02-19 04:00:00
409,111,2,2024-02-19 05:00:00
258,112,5,2024-02-19 06:00:00
320,103,2,2024-02-19 07:00:00
291,145,5,2024-02-19 08:00:00
263,19,4,2024-02-19 09:00:00
85,179,2,2024-02-19 10:00:00
146,70,2,2024-02-19 11:00:00
323,63,1,2024-02-19 12:00:00
42,75,2,2024-02-19 13:00:00
374,158,1,2024-02-19 14:00:00
125,153,5,2024-02-19 15:00:00
167,104,5,2024-02-19 16:00:00
425,75,5,2024-02-19 17:00:00
241,128,1,2024-02-19 18:00:00
459,199,5,2024-02-19 19:00:00
487,154,3,2024-02-19 20:00:00
280,56,2,2024-02-19 21:00:00
188,22,1,2024-02-19 22:00:00
302,89,5,2024-02-19 23:00:00
19,19,3,2024-02-20 00:00:00
68,159,2,2024-02-20 01:00:00
218,26,2,2024-02-20 02:00:00
102,170,5,2024-02-20 03:00:00
42,169,3,2024-02-20 04:00:00
288,23,1,2024-02-20 05:00:00
167,47,5,2024-02-20 06:00:00
109,13,2,2024-02-20 07:00:00
494,66,2,2024-02-20 08:00:00
36,194,2,2024-02-20 09:00:00
232,144,5,2024-02-20 10:00:00
229,73,4,2024-02-20 11:00:00
353,156,4,2024-02-20 12:00:00
164,77,4,2024-02-20 13:00:00
387,163,3,2024-02-20 14:00:00
73,169,5,2024-02-20 15:00:00
136,31,2,2024-02-20 16:00:00
353,85,3,2024-02-20 17:00:00
379,160,4,2024-02-20 18:00:00
70,182,1,2024-02-20 19:00:00
425,200,3,2024-02-20 20:00:00
487,59,3,2024-02-20 21:00:00
196,41,5,2024-02-20 22:00:00
269,112,3,2024-02-20 23:00:00
49,194,5,2024-02-21 00:00:00
316,96,1,2024-02-21 01:00:00
130,182,2,2024-02-21 02:00:00
444,168,2,2024-02-21 03:00:00
5,122,4,2024-02-21 04:00:00
428,156,4,2024-02-21 05:00:00
27,165,1,2024-02-21 06:00:00
160,105,2,2024-02-21 07:00:00
149,193,4,2024-02-21 08:00:00
264,74,3,2024-02-21 09:00:00
230,183,5,2024-02-21 10:00:00
200,132,4,2024-02-21 11:00:00
50,99,1,2024-02-21 12:00:00
67,126,2,2024-02-21 13:00:00
300,138,1,2024-02-21 14:00:00
381,175,5,2024-02-21 15:00:00
58,75,5,2024-02-21 16:00:00
259,14,1,2024-02-21 17:00:00
342,38,4,2024-02-21 18:00:00
326,140,4,2024-02-21 19:00:00
130,45,2,2024-02-21 20:00:00
215,145,2,2024-02-21 21:00:00
172,163,3,2024-02-21 22:00:00
258,194,3,2024-02-21 23:00:00
102,75,2,2024-02-22 00:00:00
209,169,3,2024-02-22 01:00:00
291,195,1,2024-02-22 02:00:00
354,29,4,2024-02-22 03:00:00
471,18,3,2024-02-22 04:00:00
286,20,3,2024-02-22 05:00:00
116,14,1,2024-02-22 06:00:00
264,162,5,2024-02-22 07:00:00
150,177,2,2024-02-22 08:00:00
300,54,1,2024-02-22 09:00:00
442,31,5,2024-02-22 10:00:00
36,58,1,2024-02-22 11:00:00
453,104,4,2024-02-22 12:00:00
333,170,1,2024-02-22 13:00:00
477,186,1,2024-02-22 14:00:00
287,128,4,2024-02-22 15:00:00
303,158,2,2024-02-22 16:00:00
311,25,5,2024-02-22 17:00:00
208,191,3,2024-02-22 18:00:00
106,19,2,2024-02-22 19:00:00
446,200,1,2024-02-22 20:00:00
158,136,3,2024-02-22 21:00:00
121,3,4,2024-02-22 22:00:00
55,195,2,2024-02-22 23:00:00
400,86,5,2024-02-23 00:00:00
12,145,2,2024-02-23 01:00:00
145,142,2,2024-02-23 02:00:00
400,9,3,2024-02-23 03:00:00
396,190,4,2024-02-23 04:00:00
136,94,4,2024-02-23 05:00:00
468,149,2,2024-02-23 06:00:00
3,165,4,2024-02-23 07:00:00
144,139,3,2024-02-23 08:00:00
30,20,3,2024-02-23 09:00:00
237,35,5,2024-02-23 10:00:00
279,53,4,2024-02-23 11:00:00
348,175,5,2024-02-23 12:00:00
115,110,1,2024-02-23 13:00:00
104,180,3,2024-02-23 14:00:00
118,136,2,2024-02-23 15:00:00
5,4,3,2024-02-23 16:00:00
468,155,1,2024-02-23 17:00:00
360,172,2,2024-02-23 18:00:00
248,168,4,2024-02-23 19:00:00
364,102,4,2024-02-23 20:00:00
321,47,3,2024-02-23 21:00:00
121,94,2,2024-02-23 22:00:00
286,172,2,2024-02-23 23:00:00
149,48,5,2024-02-24 00:00:00
84,91,1,2024-02-24 01:00:00
454,180,4,2024-02-24 02:00:00
406,84,3,2024-02-24 03:00:00
466,68,2,2024-02-24 04:00:00
456,139,4,2024-02-24 05:00:00
231,125,3,2024-02-24 06:00:00
288,73,4,2024-02-24 07:00:00
161,4,3,2024-02-24 08:00:00
272,76,4,2024-02-24 09:00:00
460,73,5,2024-02-24 10:00:00
38,77,1,2024-02-24 11:00:00
500,48,4,2024-02-24 12:00:00
226,154,1,2024-02-24 13:00:00
142,102,4,2024-02-24 14:00:00
292,106,2,2024-02-24 15:00:00
481,77,5,2024-02-24 16:00:00
151,39,5,2024-02-24 17:00:00
114,58,1,2024-02-24 18:00:00
237,19,2,2024-02-24 19:00:00
66,88,3,2024-02-24 20:00:00
361,113,5,2024-02-24 21:00:00
341,77,2,2024-02-24 22:00:00
258,77,2,2024-02-24 23:00:00
475,186,1,2024-02-25 00:00:00
249,28,2,2024-02-25 01:00:00
457,66,2,2024-02-25 02:00:00
449,10,3,2024-02-25 03:00:00
331,126,1,2024-02-25 04:00:00
323,58,1,2024-02-25 05:00:00
180,142,2,2024-02-25 06:00:00
190,125,3,2024-02-25 07:00:00
407,112,4,2024-02-25 08:00:00
154,84,5,2024-02-25 09:00:00
196,143,1,2024-02-25 10:00:00
466,96,3,2024-02-25 11:00:00
311,33,3,2024-02-25 12:00:00
262,145,2,2024-02-25 13:00:00
419,152,5,2024-02-25 14:00:00
406,158,1,2024-02-25 15:00:00
427,190,4,2024-02-25 16:00:00
143,141,2,2024-02-25 17:00:00
342,190,1,2024-02-25 18:00:00
316,47,1,2024-02-25 19:00:00
101,112,3,2024-02-25 20:00:00
244,144,5,2024-02-25 21:00:00
490,194,4,2024-02-25 22:00:00
12,43,5,2024-02-25 23:00:00
239,8,3,2024-02-26 00:00:00
49,3,4,2024-02-26 01:00:00
42,125,4,2024-02-26 02:00:00
166,12,2,2024-02-26 03:00:00
82,84,4,2024-02-26 04:00:00
429,16,1,2024-02-26 05:00:00
291,78,5,2024-02-26 06:00:00
158,59,5,2024-02-26 07:00:00
216,177,2,2024-02-26 08:00:00
490,63,4,2024-02-26 09:00:00
158,190,3,2024-02-26 10:00:00
462,49,1,2024-02-26 11:00:00
134,51,2,2024-02-26 12:00:00
67,33,4,2024-02-26 13:00:00
336,30,3,2024-02-26 14:00:00
7,187,4,2024-02-26 15:00:00
436,76,2,2024-02-26 16:00:00
14,15,3,2024-02-26 17:00:00
73,82,3,2024-02-26 18:00:00
399,92,3,2024-02-26 19:00:00
405,23,3,2024-02-26 20:00:00
163,94,4,2024-02-26 21:00:00
66,45,3,2024-02-26 22:00:00
347,62,4,2024-02-26 23:00:00
130,199,3,2024-02-27 00:00:00
419,15,3,2024-02-27 01:00:00
466,46,2,2024-02-27 02:00:00
206,64,4,2024-02-27 03:00:00
276,174,4,2024-02-27 04:00:00
466,184,5,2024-02-27 05:00:00
256,172,2,2024-02-27 06:00:00
266,75,4,2024-02-27 07:00:00
25,157,2,2024-02-27 08:00:00
450,190,2,2024-02-27 09:00:00
281,52,2,2024-02-27 10:00:00
253,182,1,2024-02-27 11:00:00
310,88,4,2024-02-27 12:00:00
289,57,2,2024-02-27 13:00:00
164,83,1,2024-02-27 14:00:00
95,66,1,2024-02-27 15:00:00
270,150,3,2024-02-27 16:00:00
321,20,3,2024-02-27 17:00:00
110,33,4,2024-02-27 18:00:00
336,72,3,2024-02-27 19:00:00
310,25,4,2024-02-27 20:00:00
238,46,1,2024-02-27 21:00:00
381,73,1,2024-02-27 22:00:00
436,98,4,2024-02-27 23:00:00
387,57,3,2024-02-28 00:00:00
483,87,3,2024-02-28 01:00:00
425,133,4,2024-02-28 02:00:00
390,55,5,2024-02-28 03:00:00
25,61,3,2024-02-28 04:00:00
141,89,2,2024-02-28 05:00:00
117,8,3,2024-02-28 06:00:00
482,16,5,2024-02-28 07:00:00
392,176,1,2024-02-28 08:00:00
405,116,1,2024-02-28 09:00:00
482,61,1,2024-02-28 10:00:00
452,15,3,2024-02-28 11:00:00
25,193,1,2024-02-28 12:00:00
79,150,5,2024-02-28 13:00:00
68,131,5,2024-02-28 14:00:00
173,102,3,2024-02-28 15:00:00
444,54,2,2024-02-28 16:00:00
12,14,3,2024-02-28 17:00:00
288,36,1,2024-02-28 18:00:00
128,105,3,2024-02-28 19:00:00
96,82,5,2024-02-28 20:00:00
92,67,3,2024-02-28 21:00:00
141,10,3,2024-02-28 22:00:00
31,49,2,2024-02-28 23:00:00
334,111,5,2024-02-29 00:00:00
20,65,4,2024-02-29 01:00:00
146,57,4,2024-02-29 02:00:00
477,27,5,2024-02-29 03:00:00
316,113,4,2024-02-29 04:00:00
447,133,1,2024-02-29 05:00:00
390,71,4,2024-02-29 06:00:00
160,83,1,2024-02-29 07:00:00
349,57,5,2024-02-29 08:00:00
43,120,4,2024-02-29 09:00:00
254,93,4,2024-02-29 10:00:00
130,15,1,2024-02-29 11:00:00
60,111,1,2024-02-29 12:00:00
151,101,3,2024-02-29 13:00:00
467,119,2,2024-02-29 14:00:00
287,76,4,2024-02-29 15:00:00
499,158,2,2024-02-29 16:00:00
5,20,2,2024-02-29 17:00:00
467,165,4,2024-02-29 18:00:00
418,131,1,2024-02-29 19:00:00
266,73,3,2024-02-29 20:00:00
345,122,5,2024-02-29 21:00:00
130,41,4,2024-02-29 22:00:00
382,167,4,2024-02-29 23:00:00
267,154,5,2024-03-01 00:00:00
178,130,2,2024-03-01 01:00:00
253,23,3,2024-03-01 02:00:00
415,23,2,2024-03-01 03:00:00
56,144,5,2024-03-01 04:00:00
463,9,5,2024-03-01 05:00:00
457,13,3,2024-03-01 06:00:00
471,156,5,2024-03-01 07:00:00
83,155,5,2024-03-01 08:00:00
393,51,3,2024-03-01 09:00:00
99,64,4,2024-03-01 10:00:00
149,52,2,2024-03-01 11:00:00
329,38,4,2024-03-01 12:00:00
156,100,4,2024-03-01 13:00:00
190,193,2,2024-03-01 14:00:00
494,146,4,2024-03-01 15:00:00
371,191,3,2024-03-01 16:00:00
263,51,2,2024-03-01 17:00:00
80,137,1,2024-03-01 18:00:00
400,141,4,2024-03-01 19:00:00
252,168,5,2024-03-01 20:00:00
97,55,2,2024-03-01 21:00:00
260,109,1,2024-03-01 22:00:00
260,171,5,2024-03-01 23:00:00
103,44,1,2024-03-02 00:00:00
40,110,4,2024-03-02 01:00:00
273,196,5,2024-03-02 02:00:00
101,161,4,2024-03-02 03:00:00
359,152,5,2024-03-02 04:00:00
380,164,2,2024-03-02 05:00:00
308,128,3,2024-03-02 06:00:00
221,105,3,2024-03-02 07:00:00
308,10,1,2024-03-02 08:00:00
420,100,5,2024-03-02 09:00:00
124,148,4,2024-03-02 10:00:00
422,109,2,2024-03-02 11:00:00
231,108,2,2024-03-02 12:00:00
178,140,2,2024-03-02 13:00:00
63,190,3,2024-03-02 14:00:00
485,146,4,2024-03-02 15:00:00
116,94,2,2024-03-02 16:00:00
191,63,2,2024-03-02 17:00:00
62,84,1,2024-03-02 18:00:00
256,25,5,2024-03-02 19:00:00
483,12,5,2024-03-02 20:00:00
7,149,5,2024-03-02 21:00:00
155,25,1,2024-03-02 22:00:00
92,11,3,2024-03-02 23:00:00
470,64,1,2024-03-03 00:00:00
14,126,2,2024-03-03 01:00:00
455,50,4,2024-03-03 02:00:00
229,190,2,2024-03-03 03:00:00
86,89,2,2024-03-03 04:00:00
133,99,4,2024-03-03 05:00:00
183,116,5,2024-03-03 06:00:00
386,96,1,2024-03-03 07:00:00
62,177,3,2024-03-03 08:00:00
219,14,2,2024-03-03 09:00:00
405,1,2,2024-03-03 10:00:00
246,25,3,2024-03-03 11:00:00
230,187,1,2024-03-03 12:00:00
79,72,2,2024-03-03 13:00:00
149,69,3,2024-03-03 14:00:00
138,133,2,2024-03-03 15:00:00
471,105,5,2024-03-03 16:00:00
314,147,5,2024-03-03 17:00:00
376,23,2,2024-03-03 18:00:00
423,9,2,2024-03-03 19:00:00
389,118,5,2024-03-03 20:00:00
65,94,2,2024-03-03 21:00:00
13,178,1,2024-03-03 22:00:00
213,144,1,2024-03-03 23:00:00
474,33,4,2024-03-04 00:00:00
242,130,1,2024-03-04 01:00:00
493,14,2,2024-03-04 02:00:00
213,1,2,2024-03-04 03:00:00
181,90,3,2024-03-04 04:00:00
338,186,1,2024-03-04 05:00:00
485,89,5,2024-03-04 06:00:00
173,144,5,2024-03-04 07:00:00
160,90,4,2024-03-04 08:00:00
164,175,3,2024-03-04 09:00:00
465,172,5,2024-03-04 10:00:00
483,14,4,2024-03-04 11:00:00
497,152,1,2024-03-04 12:00:00
188,111,3,2024-03-04 13:00:00
395,183,3,2024-03-04 14:00:00
191,143,2,2024-03-04 15:00:00
405,83,1,2024-03-04 16:00:00
308,72,3,2024-03-04 17:00:00
256,162,4,2024-03-04 18:00:00
183,130,5,2024-03-04 19:00:00
117,27,1,2024-03-04 20:00:00
282,74,1,2024-03-04 21:00:00
196,99,3,2024-03-04 22:00:00
34,72,3,2024-03-04 23:00:00
52,23,3,2024-03-05 00:00:00
112,68,4,2024-03-05 01:00:00
252,142,2,2024-03-05 02:00:00
82,191,3,2024-03-05 03:00:00
232,117,2,2024-03-05 04:00:00
227,106,2,2024-03-05 05:00:00
233,93,1,2024-03-05 06:00:00
221,65,5,2024-03-05 07:00:00
436,68,5,2024-03-05 08:00:00
413,128,4,2024-03-05 09:00:00
422,63,4,2024-03-05 10:00:00
42,113,5,2024-03-05 11:00:00
21,90,5,2024-03-05 12:00:00
42,81,1,2024-03-05 13:00:00
397,103,1,2024-03-05 14:00:00
113,192,5,2024-03-05 15:00:00
105,160,3,2024-03-05 16:00:00
192,116,3,2024-03-05 17:00:00
17,13,1,2024-03-05 18:00:00
120,194,2,2024-03-05 19:00:00
393,124,5,2024-03-05 20:00:00
425,147,4,2024-03-05 21:00:00
129,152,3,2024-03-05 22:00:00
130,88,2,2024-03-05 23:00:00
60,11,3,2024-03-06 00:00:00
48,187,2,2024-03-06 01:00:00
29,15,5,2024-03-06 02:00:00
97,10,5,2024-03-06 03:00:00
10,41,5,2024-03-06 04:00:00
242,155,1,2024-03-06 05:00:00
314,188,2,2024-03-06 06:00:00
444,73,4,2024-03-06 07:00:00
232,52,4,2024-03-06 08:00:00
277,128,5,2024-03-06 09:00:00
284,28,4,2024-03-06 10:00:00
203,65,3,2024-03-06 11:00:00
247,17,2,2024-03-06 12:00:00
290,95,2,2024-03-06 13:00:00
264,172,2,2024-03-06 14:00:00
443,138,3,2024-03-06 15:00:00
214,63,1,2024-03-06 16:00:00
200,175,3,2024-03-06 17:00:00
433,38,2,2024-03-06 18:00:00
79,70,2,2024-03-06 19:00:00
401,104,2,2024-03-06 20:00:00
444,53,4,2024-03-06 21:00:00
343,172,1,2024-03-06 22:00:00
344,119,3,2024-03-06 23:00:00
173,74,2,2024-03-07 00:00:00
467,54,5,2024-03-07 01:00:00
69,20,1,2024-03-07 02:00:00
416,79,5,2024-03-07 03:00:00
428,31,1,2024-03-07 04:00:00
449,135,2,2024-03-07 05:00:00
87,58,1,2024-03-07 06:00:00
101,105,1,2024-03-07 07:00:00
8,10,2,2024-03-07 08:00:00
333,10,5,2024-03-07 09:00:00
200,39,5,2024-03-07 10:00:00
87,156,4,2024-03-07 11:00:00
43,158,5,2024-03-07 12:00:00
385,37,5,2024-03-07 13:00:00
109,119,1,2024-03-07 14:00:00
435,67,4,2024-03-07 15:00:00
408,43,2,2024-03-07 16:00:00
483,52,2,2024-03-07 17:00:00
152,101,3,2024-03-07 18:00:00
17,56,4,2024-03-07 19:00:00
133,76,1,2024-03-07 20:00:00
148,68,3,2024-03-07 21:00:00
277,137,3,2024-03-07 22:00:00
232,106,2,2024-03-07 23:00:00
314,125,5,2024-03-08 00:00:00
415,92,1,2024-03-08 01:00:00
366,23,4,2024-03-08 02:00:00
228,191,3,2024-03-08 03:00:00
139,109,1,2024-03-08 04:00:00
436,61,2,2024-03-08 05:00:00
399,168,3,2024-03-08 06:00:00
211,44,3,2024-03-08 07:00:00
391,152,2,2024-03-08 08:00:00
499,179,2,2024-03-08 09:00:00
28,186,2,2024-03-08 10:00:00
51,161,1,2024-03-08 11:00:00
491,16,1,2024-03-08 12:00:00
442,22,1,2024-03-08 13:00:00
261,57,5,2024-03-08 14:00:00
261,62,3,2024-03-08 15:00:00
350,107,1,2024-03-08 16:00:00
352,71,5,2024-03-08 17:00:00
8,90,3,2024-03-08 18:00:00
320,72,1,2024-03-08 19:00:00
138,70,2,2024-03-08 20:00:00
38,30,4,2024-03-08 21:00:00
111,103,1,2024-03-08 22:00:00
480,151,4,2024-03-08 23:00:00
368,32,1,2024-03-09 00:00:00
220,86,2,2024-03-09 01:00:00
337,57,4,2024-03-09 02:00:00
223,109,5,2024-03-09 03:00:00
136,9,2,2024-03-09 04:00:00
256,31,4,2024-03-09 05:00:00
360,71,4,2024-03-09 06:00:00
409,137,2,2024-03-09 07:00:00
329,13,2,2024-03-09 08:00:00
450,186,2,2024-03-09 09:00:00
463,131,3,2024-03-09 10:00:00
434,35,5,2024-03-09 11:00:00
451,21,1,2024-03-09 12:00:00
49,64,4,2024-03-09 13:00:00
292,95,1,2024-03-09 14:00:00
382,180,2,2024-03-09 15:00:00
324,34,5,2024-03-09 16:00:00
78,121,5,2024-03-09 17:00:00
105,163,3,2024-03-09 18:00:00
169,15,2,2024-03-09 19:00:00
217,120,4,2024-03-09 20:00:00
378,96,3,2024-03-09 21:00:00
119,6,2,2024-03-09 22:00:00
190,109,3,2024-03-09 23:00:00
255,97,1,2024-03-10 00:00:00
370,32,2,2024-03-10 01:00:00
266,180,4,2024-03-10 02:00:00
149,83,4,2024-03-10 03:00:00
164,156,2,2024-03-10 04:00:00
140,118,3,2024-03-10 05:00:00
347,192,5,2024-03-10 06:00:00
488,79,2,2024-03-10 07:00:00
258,78,4,2024-03-10 08:00:00
374,147,1,2024-03-10 09:00:00
269,107,4,2024-03-10 10:00:00
181,126,5,2024-03-10 11:00:00
160,15,4,2024-03-10 12:00:00
351,134,5,2024-03-10 13:00:00
400,73,2,2024-03-10 14:00:00
288,101,4,2024-03-10 15:00:00
288,98,3,2024-03-10 16:00:00
380,166,3,2024-03-10 17:00:00
226,26,4,2024-03-10 18:00:00
11,92,4,2024-03-10 19:00:00
10,125,1,2024-03-10 20:00:00
271,179,4,2024-03-10 21:00:00
273,73,1,2024-03-10 22:00:00
424,123,1,2024-03-10 23:00:00
402,53,1,2024-03-11 00:00:00
183,184,1,2024-03-11 01:00:00
457,187,2,2024-03-11 02:00:00
153,198,3,2024-03-11 03:00:00
488,78,1,2024-03-11 04:00:00
315,92,3,2024-03-11 05:00:00
334,186,1,2024-03-11 06:00:00
124,88,3,2024-03-11 07:00:00
473,13,4,2024-03-11 08:00:00
114,43,4,2024-03-11 09:00:00
278,76,3,2024-03-11 10:00:00
500,51,1,2024-03-11 11:00:00
414,19,2,2024-03-11 12:00:00
468,149,3,2024-03-11 13:00:00
213,122,5,2024-03-11 14:00:00
172,24,2,2024-03-11 15:00:00
288,26,5,2024-03-11 16:00:00
435,173,3,2024-03-11 17:00:00
174,156,1,2024-03-11 18:00:00
113,120,5,2024-03-11 19:00:00
376,82,3,2024-03-11 20:00:00
405,100,2,2024-03-11 21:00:00
483,157,1,2024-03-11 22:00:00
122,17,5,2024-03-11 23:00:00
32,68,3,2024-03-12 00:00:00
222,44,1,2024-03-12 01:00:00
119,61,1,2024-03-12 02:00:00
39,123,4,2024-03-12 03:00:00
497,93,1,2024-03-12 04:00:00
268,196,3,2024-03-12 05:00:00
233,74,2,2024-03-12 06:00:00
431,153,4,2024-03-12 07:00:00
18,67,3,2024-03-12 08:00:00
149,111,3,2024-03-12 09:00:00
397,2,3,2024-03-12 10:00:00
149,89,5,2024-03-12 11:00:00
126,177,5,2024-03-12 12:00:00
392,198,2,2024-03-12 13:00:00
302,26,3,2024-03-12 14:00:00
360,200,5,2024-03-12 15:00:00
238,99,5,2024-03-12 16:00:00
135,27,5,2024-03-12 17:00:00
151,89,2,2024-03-12 18:00:00
236,146,2,2024-03-12 19:00:00
224,182,3,2024-03-12 20:00:00
203,1,4,2024-03-12 21:00:00
256,189,3,2024-03-12 22:00:00
86,103,5,2024-03-12 23:00:00
150,131,5,2024-03-13 00:00:00
235,196,1,2024-03-13 01:00:00
345,41,3,2024-03-13 02:00:00
22,165,5,2024-03-13 03:00:00
348,51,5,2024-03-13 04:00:00
285,15,4,2024-03-13 05:00:00
269,8,1,2024-03-13 06:00:00
466,38,3,2024-03-13 07:00:00
258,114,2,2024-03-13 08:00:00
29,83,3,2024-03-13 09:00:00
213,56,3,2024-03-13 10:00:00
463,175,4,2024-03-13 11:00:00
436,103,3,2024-03-13 12:00:00
283,138,4,2024-03-13 13:00:00
50,102,4,2024-03-13 14:00:00
95,78,5,2024-03-13 15:00:00
463,177,2,2024-03-13 16:00:00
499,169,4,2024-03-13 17:00:00
407,83,1,2024-03-13 18:00:00
88,30,1,2024-03-13 19:00:00
44,5,2,2024-03-13 20:00:00
461,119,4,2024-03-13 21:00:00
278,199,2,2024-03-13 22:00:00
171,31,5,2024-03-13 23:00:00
421,180,1,2024-03-14 00:00:00
189,23,3,2024-03-14 01:00:00
353,48,1,2024-03-14 02:00:00
184,109,4,2024-03-14 03:00:00
3,40,2,2024-03-14 04:00:00
191,6,1,2024-03-14 05:00:00
118,38,3,2024-03-14 06:00:00
19,169,3,2024-03-14 07:00:00
23,100,2,2024-03-14 08:00:00
413,27,2,2024-03-14 09:00:00
30,69,1,2024-03-14 10:00:00
295,57,4,2024-03-14 11:00:00
108,17,5,2024-03-14 12:00:00
367,71,3,2024-03-14 13:00:00
281,47,2,2024-03-14 14:00:00
128,79,5,2024-03-14 15:00:00
229,110,5,2024-03-14 16:00:00
111,13,5,2024-03-14 17:00:00
136,139,4,2024-03-14 18:00:00
362,124,2,2024-03-14 19:00:00
186,109,3,2024-03-14 20:00:00
144,90,2,2024-03-14 21:00:00
72,86,1,2024-03-14 22:00:00
129,92,3,2024-03-14 23:00:00
364,24,2,2024-03-15 00:00:00
261,73,3,2024-03-15 01:00:00
3,4,1,2024-03-15 02:00:00
449,113,3,2024-03-15 03:00:00
388,46,5,2024-03-15 04:00:00
104,18,4,2024-03-15 05:00:00
483,43,1,2024-03-15 06:00:00
224,161,3,2024-03-15 07:00:00
320,93,1,2024-03-15 08:00:00
362,103,5,2024-03-15 09:00:00
354,124,4,2024-03-15 10:00:00
491,10,1,2024-03-15 11:00:00
473,73,5,2024-03-15 12:00:00
10,187,5,2024-03-15 13:00:00
405,31,5,2024-03-15 14:00:00
384,156,3,2024-03-15 15:00:00
302,60,2,2024-03-15 16:00:00
231,131,1,2024-03-15 17:00:00
219,118,2,2024-03-15 18:00:00
411,183,5,2024-03-15 19:00:00
66,14,2,2024-03-15 20:00:00
425,186,5,2024-03-15 21:00:00
112,143,5,2024-03-15 22:00:00
13,2,4,2024-03-15 23:00:00
393,24,4,2024-03-16 00:00:00
500,64,2,2024-03-16 01:00:00
420,199,1,2024-03-16 02:00:00
86,100,2,2024-03-16 03:00:00
234,114,1,2024-03-16 04:00:00
90,24,2,2024-03-16 05:00:00
314,155,3,2024-03-16 06:00:00
54,165,3,2024-03-16 07:00:00
12,91,1,2024-03-16 08:00:00
209,167,4,2024-03-16 09:00:00
462,191,1,2024-03-16 10:00:00
14,26,2,2024-03-16 11:00:00
121,65,5,2024-03-16 12:00:00
418,120,3,2024-03-16 13:00:00
437,4,5,2024-03-16 14:00:00
377,157,3,2024-03-16 15:00:00
20,1,2,2024-03-16 16:00:00
75,50,3,2024-03-16 17:00:00
400,110,1,2024-03-16 18:00:00
243,139,5,2024-03-16 19:00:00
223,74,5,2024-03-16 20:00:00
70,187,2,2024-03-16 21:00:00
312,62,5,2024-03-16 22:00:00
211,81,2,2024-03-16 23:00:00
101,164,4,2024-03-17 00:00:00
186,56,1,2024-03-17 01:00:00
132,111,3,2024-03-17 02:00:00
111,21,3,2024-03-17 03:00:00
381,141,3,2024-03-17 04:00:00
132,9,4,2024-03-17 05:00:00
20,139,1,2024-03-17 06:00:00
394,70,5,2024-03-17 07:00:00
24,129,5,2024-03-17 08:00:00
227,118,1,2024-03-17 09:00:00
154,198,1,2024-03-17 10:00:00
293,56,3,2024-03-17 11:00:00
230,31,5,2024-03-17 12:00:00
469,37,1,2024-03-17 13:00:00
310,175,5,2024-03-17 14:00:00
488,91,1,2024-03-17 15:00:00
359,114,2,2024-03-17 16:00:00
405,128,3,2024-03-17 17:00:00
202,175,1,2024-03-17 18:00:00
38,122,4,2024-03-17 19:00:00
430,69,1,2024-03-17 20:00:00
260,186,2,2024-03-17 21:00:00
188,36,4,2024-03-17 22:00:00
57,32,4,2024-03-17 23:00:00
429,64,1,2024-03-18 00:00:00
20,199,2,2024-03-18 01:00:00
273,170,4,2024-03-18 02:00:00
119,48,3,2024-03-18 03:00:00
71,81,3,2024-03-18 04:00:00
4,158,5,2024-03-18 05:00:00
221,149,5,2024-03-18 06:00:00
14,60,2,2024-03-18 07:00:00
3,141,4,2024-03-18 08:00:00
216,1,3,2024-03-18 09:00:00
229,65,3,2024-03-18 10:00:00
336,33,2,2024-03-18 11:00:00
186,38,4,2024-03-18 12:00:00
55,25,2,2024-03-18 13:00:00
500,154,1,2024-03-18 14:00:00
388,59,3,2024-03-18 15:00:00
376,161,2,2024-03-18 16:00:00
254,101,2,2024-03-18 17:00:00
24,127,1,2024-03-18 18:00:00
162,41,5,2024-03-18 19:00:00
158,158,3,2024-03-18 20:00:00
82,57,2,2024-03-18 21:00:00
403,177,3,2024-03-18 22:00:00
159,48,5,2024-03-18 23:00:00
188,72,2,2024-03-19 00:00:00
60,177,1,2024-03-19 01:00:00
403,175,3,2024-03-19 02:00:00
305,56,1,2024-03-19 03:00:00
319,65,5,2024-03-19 04:00:00
366,12,5,2024-03-19 05:00:00
211,69,3,2024-03-19 06:00:00
406,134,5,2024-03-19 07:00:00
152,89,4,2024-03-19 08:00:00
109,193,3,2024-03-19 09:00:00
76,25,4,2024-03-19 10:00:00
30,1,5,2024-03-19 11:00:00
314,160,3,2024-03-19 12:00:00
486,131,4,2024-03-19 13:00:00
117,49,5,2024-03-19 14:00:00
415,147,2,2024-03-19 15:00:00
356,60,2,2024-03-19 16:00:00
192,157,1,2024-03-19 17:00:00
19,178,2,2024-03-19 18:00:00
432,2,4,2024-03-19 19:00:00
173,73,2,2024-03-19 20:00:00
228,184,3,2024-03-19 21:00:00
350,145,3,2024-03-19 22:00:00
183,188,3,2024-03-19 23:00:00
113,110,2,2024-03-20 00:00:00
183,164,2,2024-03-20 01:00:00
481,61,1,2024-03-20 02:00:00
146,17,5,2024-03-20 03:00:00
319,49,1,2024-03-20 04:00:00
116,76,4,2024-03-20 05:00:00
113,188,3,2024-03-20 06:00:00
251,148,2,2024-03-20 07:00:00
476,178,5,2024-03-20 08:00:00
251,131,5,2024-03-20 09:00:00
303,43,2,2024-03-20 10:00:00
459,57,1,2024-03-20 11:00:00
313,50,5,2024-03-20 12:00:00
118,196,1,2024-03-20 13:00:00
301,178,2,2024-03-20 14:00:00
161,37,1,2024-03-20 15:00:00
401,46,3,2024-03-20 16:00:00
198,170,2,2024-03-20 17:00:00
260,15,2,2024-03-20 18:00:00
148,161,5,2024-03-20 19:00:00
240,80,5,2024-03-20 20:00:00
47,139,5,2024-03-20 21:00:00
475,148,3,2024-03-20 22:00:00
399,24,3,2024-03-20 23:00:00
198,125,4,2024-03-21 00:00:00
47,192,2,2024-03-21 01:00:00
78,118,5,2024-03-21 02:00:00
124,80,2,2024-03-21 03:00:00
75,94,1,2024-03-21 04:00:00
359,65,3,2024-03-21 05:00:00
137,88,4,2024-03-21 06:00:00
90,88,1,2024-03-21 07:00:00
400,145,2,2024-03-21 08:00:00
325,126,3,2024-03-21 09:00:00
500,89,5,2024-03-21 10:00:00
61,61,1,2024-03-21 11:00:00
138,15,3,2024-03-21 12:00:00
50,94,2,2024-03-21 13:00:00
259,51,2,2024-03-21 14:00:00
461,27,1,2024-03-21 15:00:00
107,74,1,2024-03-21 16:00:00
113,61,1,2024-03-21 17:00:00
350,186,4,2024-03-21 18:00:00
254,31,5,2024-03-21 19:00:00
118,12,3,2024-03-21 20:00:00
493,46,2,2024-03-21 21:00:00
198,159,2,2024-03-21 22:00:00
337,32,5,2024-03-21 23:00:00
365,160,1,2024-03-22 00:00:00
51,181,1,2024-03-22 01:00:00
245,61,2,2024-03-22 02:00:00
403,46,5,2024-03-22 03:00:00
426,85,2,2024-03-22 04:00:00
35,80,1,2024-03-22 05:00:00
302,135,3,2024-03-22 06:00:00
410,4,1,2024-03-22 07:00:00
499,52,3,2024-03-22 08:00:00
69,159,4,2024-03-22 09:00:00
349,112,5,2024-03-22 10:00:00
320,36,4,2024-03-22 11:00:00
421,182,1,2024-03-22 12:00:00
468,54,5,2024-03-22 13:00:00
49,119,1,2024-03-22 14:00:00
405,127,5,2024-03-22 15:00:00
74,17,5,2024-03-22 16:00:00
192,75,1,2024-03-22 17:00:00
261,158,1,2024-03-22 18:00:00
356,105,5,2024-03-22 19:00:00
70,150,5,2024-03-22 20:00:00
90,117,1,2024-03-22 21:00:00
260,43,1,2024-03-22 22:00:00
126,112,2,2024-03-22 23:00:00
231,115,2,2024-03-23 00:00:00
295,27,2,2024-03-23 01:00:00
498,37,4,2024-03-23 02:00:00
419,46,5,2024-03-23 03:00:00
129,113,3,2024-03-23 04:00:00
280,35,4,2024-03-23 05:00:00
313,132,5,2024-03-23 06:00:00
100,80,3,2024-03-23 07:00:00
326,80,2,2024-03-23 08:00:00
297,154,3,2024-03-23 09:00:00
182,121,1,2024-03-23 10:00:00
174,147,1,2024-03-23 11:00:00
316,122,5,2024-03-23 12:00:00
364,81,4,2024-03-23 13:00:00
188,173,2,2024-03-23 14:00:00
57,154,5,2024-03-23 15:00:00
31,150,2,2024-03-23 16:00:00
84,119,1,2024-03-23 17:00:00
152,58,4,2024-03-23 18:00:00
473,63,4,2024-03-23 19:00:00
36,156,1,2024-03-23 20:00:00
213,193,3,2024-03-23 21:00:00
414,172,4,2024-03-23 22:00:00
408,100,3,2024-03-23 23:00:00
364,171,2,2024-03-24 00:00:00
106,165,4,2024-03-24 01:00:00
414,66,1,2024-03-24 02:00:00
342,145,3,2024-03-24 03:00:00
220,168,2,2024-03-24 04:00:00
391,166,2,2024-03-24 05:00:00
163,85,4,2024-03-24 06:00:00
439,189,4,2024-03-24 07:00:00
220,137,5,2024-03-24 08:00:00
270,189,5,2024-03-24 09:00:00
120,144,4,2024-03-24 10:00:00
394,123,5,2024-03-24 11:00:00
336,2,1,2024-03-24 12:00:00
400,106,1,2024-03-24 13:00:00
182,108,5,2024-03-24 14:00:00
479,72,4,2024-03-24 15:00:00
106,171,1,2024-03-24 16:00:00
217,126,2,2024-03-24 17:00:00
205,170,4,2024-03-24 18:00:00
70,57,3,2024-03-24 19:00:00
44,81,3,2024-03-24 20:00:00
329,195,4,2024-03-24 21:00:00
301,158,5,2024-03-24 22:00:00
228,141,1,2024-03-24 23:00:00
184,19,1,2024-03-25 00:00:00
107,7,4,2024-03-25 01:00:00
84,137,2,2024-03-25 02:00:00
338,54,5,2024-03-25 03:00:00
250,104,2,2024-03-25 04:00:00
363,86,4,2024-03-25 05:00:00
441,82,4,2024-03-25 06:00:00
21,61,2,2024-03-25 07:00:00
196,87,3,2024-03-25 08:00:00
178,2,4,2024-03-25 09:00:00
417,178,5,2024-03-25 10:00:00
475,31,2,2024-03-25 11:00:00
7,33,3,2024-03-25 12:00:00
70,80,2,2024-03-25 13:00:00
127,11,3,2024-03-25 14:00:00
399,161,3,2024-03-25 15:00:00
466,128,5,2024-03-25 16:00:00
160,135,4,2024-03-25 17:00:00
248,128,3,2024-03-25 18:00:00
203,31,4,2024-03-25 19:00:00
148,176,5,2024-03-25 20:00:00
472,126,4,2024-03-25 21:00:00
143,47,1,2024-03-25 22:00:00
432,181,3,2024-03-25 23:00:00
199,107,5,2024-03-26 00:00:00
405,19,2,2024-03-26 01:00:00
426,81,5,2024-03-26 02:00:00
154,123,3,2024-03-26 03:00:00
492,134,5,2024-03-26 04:00:00
376,107,2,2024-03-26 05:00:00
384,49,1,2024-03-26 06:00:00
142,73,3,2024-03-26 07:00:00
313,50,3,2024-03-26 08:00:00
165,81,5,2024-03-26 09:00:00
314,95,4,2024-03-26 10:00:00
21,12,4,2024-03-26 11:00:00
82,23,2,2024-03-26 12:00:00
69,54,1,2024-03-26 13:00:00
131,118,1,2024-03-26 14:00:00
87,197,5,2024-03-26 15:00:00
218,59,5,2024-03-26 16:00:00
421,164,4,2024-03-26 17:00:00
472,3,1,2024-03-26 18:00:00
305,58,1,2024-03-26 19:00:00
403,183,1,2024-03-26 20:00:00
371,57,2,2024-03-26 21:00:00
345,145,2,2024-03-26 22:00:00
341,167,5,2024-03-26 23:00:00
384,90,4,2024-03-27 00:00:00
396,196,3,2024-03-27 01:00:00
445,55,4,2024-03-27 02:00:00
425,45,2,2024-03-27 03:00:00
161,1,2,2024-03-27 04:00:00
178,21,5,2024-03-27 05:00:00
117,21,3,2024-03-27 06:00:00
196,52,1,2024-03-27 07:00:00
383,82,3,2024-03-27 08:00:00
490,171,3,2024-03-27 09:00:00
327,180,3,2024-03-27 10:00:00
86,67,5,2024-03-27 11:00:00
289,113,2,2024-03-27 12:00:00
81,44,1,2024-03-27 13:00:00
152,160,3,2024-03-27 14:00:00
61,10,1,2024-03-27 15:00:00
61,64,3,2024-03-27 16:00:00
354,69,2,2024-03-27 17:00:00
28,68,1,2024-03-27 18:00:00
442,28,4,2024-03-27 19:00:00
43,181,2,2024-03-27 20:00:00
169,116,1,2024-03-27 21:00:00
423,51,3,2024-03-27 22:00:00
86,181,3,2024-03-27 23:00:00
177,4,2,2024-03-28 00:00:00
17,79,2,2024-03-28 01:00:00
98,17,3,2024-03-28 02:00:00
454,108,1,2024-03-28 03:00:00
494,195,4,2024-03-28 04:00:00
198,74,5,2024-03-28 05:00:00
98,175,2,2024-03-28 06:00:00
65,184,3,2024-03-28 07:00:00
330,23,1,2024-03-28 08:00:00
341,18,2,2024-03-28 09:00:00
5,129,1,2024-03-28 10:00:00
2,35,2,2024-03-28 11:00:00
22,64,3,2024-03-28 12:00:00
112,186,1,2024-03-28 13:00:00
57,59,3,2024-03-28 14:00:00
66,1,1,2024-03-28 15:00:00
330,131,2,2024-03-28 16:00:00
98,67,5,2024-03-28 17:00:00
144,37,5,2024-03-28 18:00:00
368,29,4,2024-03-28 19:00:00
435,89,4,2024-03-28 20:00:00
125,161,3,2024-03-28 21:00:00
167,100,1,2024-03-28 22:00:00
86,189,4,2024-03-28 23:00:00
76,122,2,2024-03-29 00:00:00
344,90,5,2024-03-29 01:00:00
495,132,1,2024-03-29 02:00:00
424,14,5,2024-03-29 03:00:00
294,161,1,2024-03-29 04:00:00
444,150,4,2024-03-29 05:00:00
59,176,4,2024-03-29 06:00:00
138,131,3,2024-03-29 07:00:00
99,85,1,2024-03-29 08:00:00
192,151,2,2024-03-29 09:00:00
243,196,4,2024-03-29 10:00:00
319,21,3,2024-03-29 11:00:00
49,171,4,2024-03-29 12:00:00
448,26,5,2024-03-29 13:00:00
32,41,4,2024-03-29 14:00:00
391,122,1,2024-03-29 15:00:00
277,38,3,2024-03-29 16:00:00
20,88,1,2024-03-29 17:00:00
154,11,2,2024-03-29 18:00:00
383,29,2,2024-03-29 19:00:00
68,60,4,2024-03-29 20:00:00
366,195,3,2024-03-29 21:00:00
372,193,3,2024-03-29 22:00:00
214,61,3,2024-03-29 23:00:00
143,147,3,2024-03-30 00:00:00
376,174,4,2024-03-30 01:00:00
232,177,1,2024-03-30 02:00:00
213,22,4,2024-03-30 03:00:00
79,78,1,2024-03-30 04:00:00
214,113,5,2024-03-30 05:00:00
116,185,5,2024-03-30 06:00:00
92,123,1,2024-03-30 07:00:00
270,142,4,2024-03-30 08:00:00
411,44,2,2024-03-30 09:00:00
381,144,4,2024-03-30 10:00:00
489,97,2,2024-03-30 11:00:00
168,77,4,2024-03-30 12:00:00
58,140,3,2024-03-30 13:00:00
284,55,3,2024-03-30 14:00:00
26,51,5,2024-03-30 15:00:00
369,102,5,2024-03-30 16:00:00
447,167,1,2024-03-30 17:00:00
66,161,2,2024-03-30 18:00:00
409,161,3,2024-03-30 19:00:00
248,29,4,2024-03-30 20:00:00
254,69,1,2024-03-30 21:00:00
387,198,4,2024-03-30 22:00:00
456,159,3,2024-03-30 23:00:00
44,80,3,2024-03-31 00:00:00
97,31,3,2024-03-31 01:00:00
42,112,3,2024-03-31 02:00:00
500,46,4,2024-03-31 03:00:00
227,97,1,2024-03-31 04:00:00
262,52,3,2024-03-31 05:00:00
167,138,5,2024-03-31 06:00:00
436,74,1,2024-03-31 07:00:00
279,41,5,2024-03-31 08:00:00
89,77,4,2024-03-31 09:00:00
379,131,3,2024-03-31 10:00:00
178,187,1,2024-03-31 11:00:00
427,114,3,2024-03-31 12:00:00
403,52,3,2024-03-31 13:00:00
197,162,1,2024-03-31 14:00:00
307,177,3,2024-03-31 15:00:00
267,156,3,2024-03-31 16:00:00
268,87,2,2024-03-31 17:00:00
74,109,2,2024-03-31 18:00:00
8,141,1,2024-03-31 19:00:00
408,69,1,2024-03-31 20:00:00
476,120,3,2024-03-31 21:00:00
297,67,5,2024-03-31 22:00:00
164,61,1,2024-03-31 23:00:00
485,188,3,2024-04-01 00:00:00
85,71,5,2024-04-01 01:00:00
72,152,2,2024-04-01 02:00:00
55,191,1,2024-04-01 03:00:00
393,189,3,2024-04-01 04:00:00
47,151,2,2024-04-01 05:00:00
399,30,4,2024-04-01 06:00:00
432,188,2,2024-04-01 07:00:00
238,146,3,2024-04-01 08:00:00
104,96,5,2024-04-01 09:00:00
210,56,4,2024-04-01 10:00:00
42,53,4,2024-04-01 11:00:00
316,7,4,2024-04-01 12:00:00
468,97,1,2024-04-01 13:00:00
454,197,3,2024-04-01 14:00:00
268,113,4,2024-04-01 15:00:00
386,125,2,2024-04-01 16:00:00
263,200,5,2024-04-01 17:00:00
336,180,3,2024-04-01 18:00:00
387,132,2,2024-04-01 19:00:00
365,162,1,2024-04-01 20:00:00
259,197,4,2024-04-01 21:00:00
283,161,2,2024-04-01 22:00:00
114,121,3,2024-04-01 23:00:00
363,197,2,2024-04-02 00:00:00
40,38,1,2024-04-02 01:00:00
486,122,5,2024-04-02 02:00:00
417,26,4,2024-04-02 03:00:00
220,129,3,2024-04-02 04:00:00
129,4,4,2024-04-02 05:00:00
8,39,4,2024-04-02 06:00:00
101,54,4,2024-04-02 07:00:00
416,161,2,2024-04-02 08:00:00
380,33,2,2024-04-02 09:00:00
176,200,5,2024-04-02 10:00:00
107,20,1,2024-04-02 11:00:00
101,16,3,2024-04-02 12:00:00
260,149,2,2024-04-02 13:00:00
478,173,4,2024-04-02 14:00:00
454,127,1,2024-04-02 15:00:00
366,87,3,2024-04-02 16:00:00
246,82,3,2024-04-02 17:00:00
275,62,3,2024-04-02 18:00:00
32,31,3,2024-04-02 19:00:00
137,42,5,2024-04-02 20:00:00
12,12,3,2024-04-02 21:00:00
395,65,1,2024-04-02 22:00:00
302,73,2,2024-04-02 23:00:00
375,131,1,2024-04-03 00:00:00
16,115,4,2024-04-03 01:00:00
129,137,5,2024-04-03 02:00:00
63,106,5,2024-04-03 03:00:00
109,179,4,2024-04-03 04:00:00
375,16,1,2024-04-03 05:00:00
21,78,1,2024-04-03 06:00:00
158,125,4,2024-04-03 07:00:00
269,131,3,2024-04-03 08:00:00
162,152,3,2024-04-03 09:00:00
260,141,2,2024-04-03 10:00:00
412,130,1,2024-04-03 11:00:00
102,199,1,2024-04-03 12:00:00
223,112,4,2024-04-03 13:00:00
59,127,4,2024-04-03 14:00:00
247,21,3,2024-04-03 15:00:00
128,147,1,2024-04-03 16:00:00
283,89,1,2024-04-03 17:00:00
325,47,5,2024-04-03 18:00:00
25,150,2,2024-04-03 19:00:00
131,161,2,2024-04-03 20:00:00
353,160,3,2024-04-03 21:00:00
196,192,1,2024-04-03 22:00:00
281,85,5,2024-04-03 23:00:00
404,167,1,2024-04-04 00:00:00
418,128,4,2024-04-04 01:00:00
154,72,3,2024-04-04 02:00:00
382,42,2,2024-04-04 03:00:00
133,9,1,2024-04-04 04:00:00
227,25,3,2024-04-04 05:00:00
189,2,2,2024-04-04 06:00:00
476,19,1,2024-04-04 07:00:00
477,20,5,2024-04-04 08:00:00
265,70,3,2024-04-04 09:00:00
372,17,1,2024-04-04 10:00:00
486,124,2,2024-04-04 11:00:00
434,89,2,2024-04-04 12:00:00
134,196,5,2024-04-04 13:00:00
211,94,3,2024-04-04 14:00:00
60,84,3,2024-04-04 15:00:00
428,131,1,2024-04-04 16:00:00
377,87,2,2024-04-04 17:00:00
395,51,2,2024-04-04 18:00:00
450,82,5,2024-04-04 19:00:00
431,154,5,2024-04-04 20:00:00
364,184,3,2024-04-04 21:00:00
364,192,2,2024-04-04 22:00:00
457,8,1,2024-04-04 23:00:00
213,165,4,2024-04-05 00:00:00
216,121,1,2024-04-05 01:00:00
226,155,5,2024-04-05 02:00:00
470,173,1,2024-04-05 03:00:00
131,4,2,2024-04-05 04:00:00
76,86,3,2024-04-05 05:00:00
476,128,4,2024-04-05 06:00:00
286,110,3,2024-04-05 07:00:00
474,99,4,2024-04-05 08:00:00
496,37,4,2024-04-05 09:00:00
277,71,2,2024-04-05 10:00:00
156,33,2,2024-04-05 11:00:00
248,31,5,2024-04-05 12:00:00
218,183,5,2024-04-05 13:00:00
190,125,4,2024-04-05 14:00:00
417,12,5,2024-04-05 15:00:00
469,11,2,2024-04-05 16:00:00
163,88,5,2024-04-05 17:00:00
180,72,4,2024-04-05 18:00:00
34,32,3,2024-04-05 19:00:00
41,57,1,2024-04-05 20:00:00
307,166,5,2024-04-05 21:00:00
431,188,2,2024-04-05 22:00:00
338,86,3,2024-04-05 23:00:00
314,19,2,2024-04-06 00:00:00
75,116,5,2024-04-06 01:00:00
441,184,4,2024-04-06 02:00:00
279,14,1,2024-04-06 03:00:00
176,33,1,2024-04-06 04:00:00
384,10,3,2024-04-06 05:00:00
150,80,1,2024-04-06 06:00:00
273,192,4,2024-04-06 07:00:00
325,64,2,2024-04-06 08:00:00
108,190,4,2024-04-06 09:00:00
139,68,3,2024-04-06 10:00:00
350,92,3,2024-04-06 11:00:00
271,125,1,2024-04-06 12:00:00
347,171,4,2024-04-06 13:00:00
419,80,2,2024-04-06 14:00:00
289,59,4,2024-04-06 15:00:00
212,180,2,2024-04-06 16:00:00
381,97,2,2024-04-06 17:00:00
272,19,4,2024-04-06 18:00:00
418,149,5,2024-04-06 19:00:00
66,22,4,2024-04-06 20:00:00
483,9,2,2024-04-06 21:00:00
424,9,3,2024-04-06 22:00:00
248,27,3,2024-04-06 23:00:00
156,17,1,2024-04-07 00:00:00
47,172,3,2024-04-07 01:00:00
423,45,5,2024-04-07 02:00:00
454,8,2,2024-04-07 03:00:00
201,146,4,2024-04-07 04:00:00
148,125,4,2024-04-07 05:00:00
124,123,5,2024-04-07 06:00:00
1,33,3,2024-04-07 07:00:00
456,1,2,2024-04-07 08:00:00
247,6,3,2024-04-07 09:00:00
343,41,1,2024-04-07 10:00:00
128,183,3,2024-04-07 11:00:00
191,5,1,2024-04-07 12:00:00
67,187,4,2024-04-07 13:00:00
4,80,2,2024-04-07 14:00:00
442,18,1,2024-04-07 15:00:00
409,177,3,2024-04-07 16:00:00
303,82,3,2024-04-07 17:00:00
294,65,4,2024-04-07 18:00:00
143,83,5,2024-04-07 19:00:00
191,182,5,2024-04-07 20:00:00
21,189,3,2024-04-07 21:00:00
227,136,5,2024-04-07 22:00:00
313,131,2,2024-04-07 23:00:00
117,25,5,2024-04-08 00:00:00
437,69,2,2024-04-08 01:00:00
302,183,3,2024-04-08 02:00:00
500,168,3,2024-04-08 03:00:00
142,82,3,2024-04-08 04:00:00
484,178,4,2024-04-08 05:00:00
460,117,5,2024-04-08 06:00:00
401,95,1,2024-04-08 07:00:00
39,33,1,2024-04-08 08:00:00
393,111,3,2024-04-08 09:00:00
355,146,5,2024-04-08 10:00:00
252,125,2,2024-04-08 11:00:00
333,185,1,2024-04-08 12:00:00
207,16,3,2024-04-08 13:00:00
210,80,1,2024-04-08 14:00:00
115,38,1,2024-04-08 15:00:00
225,169,1,2024-04-08 16:00:00
134,135,3,2024-04-08 17:00:00
251,78,3,2024-04-08 18:00:00
219,181,4,2024-04-08 19:00:00
407,63,4,2024-04-08 20:00:00
443,112,4,2024-04-08 21:00:00
91,89,1,2024-04-08 22:00:00
354,160,5,2024-04-08 23:00:00
376,38,3,2024-04-09 00:00:00
46,150,4,2024-04-09 01:00:00
38,144,5,2024-04-09 02:00:00
142,52,4,2024-04-09 03:00:00
100,29,4,2024-04-09 04:00:00
328,144,5,2024-04-09 05:00:00
190,76,4,2024-04-09 06:00:00
35,145,1,2024-04-09 07:00:00
147,64,1,2024-04-09 08:00:00
30,91,1,2024-04-09 09:00:00
334,89,2,2024-04-09 10:00:00
84,13,4,2024-04-09 11:00:00
369,72,2,2024-04-09 12:00:00
281,184,3,2024-04-09 13:00:00
424,5,5,2024-04-09 14:00:00
344,12,3,2024-04-09 15:00:00
270,169,2,2024-04-09 16:00:00
154,3,1,2024-04-09 17:00:00
102,33,4,2024-04-09 18:00:00
215,121,4,2024-04-09 19:00:00
150,50,1,2024-04-09 20:00:00
432,184,4,2024-04-09 21:00:00
83,137,5,2024-04-09 22:00:00
110,178,5,2024-04-09 23:00:00
435,29,5,2024-04-10 00:00:00
387,39,3,2024-04-10 01:00:00
426,91,1,2024-04-10 02:00:00
275,100,5,2024-04-10 03:00:00
201,173,2,2024-04-10 04:00:00
284,17,5,2024-04-10 05:00:00
468,56,3,2024-04-10 06:00:00
173,46,2,2024-04-10 07:00:00
327,67,1,2024-04-10 08:00:00
206,197,1,2024-04-10 09:00:00
63,142,5,2024-04-10 10:00:00
73,67,2,2024-04-10 11:00:00
251,23,2,2024-04-10 12:00:00
124,94,5,2024-04-10 13:00:00
375,189,5,2024-04-10 14:00:00
121,151,4,2024-04-10 15:00:00
275,155,4,2024-04-10 16:00:00
431,54,5,2024-04-10 17:00:00
500,138,3,2024-04-10 18:00:00
398,77,4,2024-04-10 19:00:00
120,16,5,2024-04-10 20:00:00
422,41,2,2024-04-10 21:00:00
437,98,4,2024-04-10 22:00:00
317,183,3,2024-04-10 23:00:00
164,128,1,2024-04-11 00:00:00
424,61,2,2024-04-11 01:00:00
465,86,3,2024-04-11 02:00:00
286,118,3,2024-04-11 03:00:00
265,100,3,2024-04-11 04:00:00
320,49,2,2024-04-11 05:00:00
161,180,3,2024-04-11 06:00:00
376,2,1,2024-04-11 07:00:00
308,120,4,2024-04-11 08:00:00
89,178,2,2024-04-11 09:00:00
142,123,3,2024-04-11 10:00:00
203,86,5,2024-04-11 11:00:00
309,171,4,2024-04-11 12:00:00
227,77,2,2024-04-11 13:00:00
489,136,5,2024-04-11 14:00:00
443,59,5,2024-04-11 15:00:00
334,193,3,2024-04-11 16:00:00
222,12,2,2024-04-11 17:00:00
41,4,3,2024-04-11 18:00:00
196,117,1,2024-04-11 19:00:00
68,95,5,2024-04-11 20:00:00
476,125,1,2024-04-11 21:00:00
264,41,3,2024-04-11 22:00:00
2,123,4,2024-04-11 23:00:00
361,7,5,2024-04-12 00:00:00
125,69,4,2024-04-12 01:00:00
110,69,2,2024-04-12 02:00:00
86,81,5,2024-04-12 03:00:00
425,30,1,2024-04-12 04:00:00
120,73,4,2024-04-12 05:00:00
127,6,2,2024-04-12 06:00:00
255,89,5,2024-04-12 07:00:00
183,147,2,2024-04-12 08:00:00
16,66,1,2024-04-12 09:00:00
477,10,5,2024-04-12 10:00:00
62,144,2,2024-04-12 11:00:00
369,37,3,2024-04-12 12:00:00
432,77,5,2024-04-12 13:00:00
158,77,5,2024-04-12 14:00:00
268,32,5,2024-04-12 15:00:00
35,47,5,2024-04-12 16:00:00
267,110,3,2024-04-12 17:00:00
64,200,1,2024-04-12 18:00:00
494,171,3,2024-04-12 19:00:00
50,120,3,2024-04-12 20:00:00
469,164,2,2024-04-12 21:00:00
255,154,4,2024-04-12 22:00:00
149,10,4,2024-04-12 23:00:00
325,159,2,2024-04-13 00:00:00
304,97,3,2024-04-13 01:00:00
276,157,2,2024-04-13 02:00:00
357,5,5,2024-04-13 03:00:00
451,77,2,2024-04-13 04:00:00
172,1,2,2024-04-13 05:00:00
417,131,5,2024-04-13 06:00:00
201,67,4,2024-04-13 07:00:00
445,199,5,2024-04-13 08:00:00
393,163,1,2024-04-13 09:00:00
324,15,2,2024-04-13 10:00:00
35,195,2,2024-04-13 11:00:00
465,93,4,2024-04-13 12:00:00
482,30,3,2024-04-13 13:00:00
216,103,5,2024-04-13 14:00:00
480,82,3,2024-04-13 15:00:00
65,75,1,2024-04-13 16:00:00
8,171,5,2024-04-13 17:00:00
301,60,1,2024-04-13 18:00:00
343,40,1,2024-04-13 19:00:00
431,193,1,2024-04-13 20:00:00
424,157,5,2024-04-13 21:00:00
332,74,5,2024-04-13 22:00:00
438,121,4,2024-04-13 23:00:00
76,147,2,2024-04-14 00:00:00
174,3,3,2024-04-14 01:00:00
47,36,3,2024-04-14 02:00:00
15,43,1,2024-04-14 03:00:00
361,143,5,2024-04-14 04:00:00
147,169,5,2024-04-14 05:00:00
26,115,1,2024-04-14 06:00:00
308,109,2,2024-04-14 07:00:00
93,90,3,2024-04-14 08:00:00
406,164,4,2024-04-14 09:00:00
232,84,2,2024-04-14 10:00:00
21,77,5,2024-04-14 11:00:00
307,161,1,2024-04-14 12:00:00
38,5,3,2024-04-14 13:00:00
276,78,1,2024-04-14 14:00:00
157,91,5,2024-04-14 15:00:00
179,87,1,2024-04-14 16:00:00
132,14,3,2024-04-14 17:00:00
311,104,1,2024-04-14 18:00:00
455,196,3,2024-04-14 19:00:00
348,83,1,2024-04-14 20:00:00
28,175,1,2024-04-14 21:00:00
260,54,3,2024-04-14 22:00:00
406,132,1,2024-04-14 23:00:00
76,95,2,2024-04-15 00:00:00
429,9,4,2024-04-15 01:00:00
67,53,2,2024-04-15 02:00:00
342,77,4,2024-04-15 03:00:00
492,60,2,2024-04-15 04:00:00
194,46,4,2024-04-15 05:00:00
472,54,1,2024-04-15 06:00:00
162,74,3,2024-04-15 07:00:00
347,112,3,2024-04-15 08:00:00
439,95,5,2024-04-15 09:00:00
361,165,4,2024-04-15 10:00:00
257,23,5,2024-04-15 11:00:00
72,27,5,2024-04-15 12:00:00
87,70,4,2024-04-15 13:00:00
422,194,3,2024-04-15 14:00:00
262,109,4,2024-04-15 15:00:00
214,189,1,2024-04-15 16:00:00
153,77,5,2024-04-15 17:00:00
210,179,5,2024-04-15 18:00:00
401,50,4,2024-04-15 19:00:00
61,124,5,2024-04-15 20:00:00
268,19,3,2024-04-15 21:00:00
262,1,5,2024-04-15 22:00:00
218,40,4,2024-04-15 23:00:00
283,160,3,2024-04-16 00:00:00
136,22,3,2024-04-16 01:00:00
467,112,5,2024-04-16 02:00:00
380,194,4,2024-04-16 03:00:00
362,40,5,2024-04-16 04:00:00
449,38,1,2024-04-16 05:00:00
441,48,1,2024-04-16 06:00:00
93,183,3,2024-04-16 07:00:00
109,75,5,2024-04-16 08:00:00
241,183,1,2024-04-16 09:00:00
355,179,2,2024-04-16 10:00:00
424,107,1,2024-04-16 11:00:00
142,188,5,2024-04-16 12:00:00
291,8,5,2024-04-16 13:00:00
432,86,1,2024-04-16 14:00:00
237,68,5,2024-04-16 15:00:00
340,75,5,2024-04-16 16:00:00
312,200,2,2024-04-16 17:00:00
177,137,3,2024-04-16 18:00:00
141,90,5,2024-04-16 19:00:00
189,130,4,2024-04-16 20:00:00
486,80,3,2024-04-16 21:00:00
49,95,3,2024-04-16 22:00:00
302,70,4,2024-04-16 23:00:00
369,90,1,2024-04-17 00:00:00
190,59,2,2024-04-17 01:00:00
136,147,5,2024-04-17 02:00:00
43,28,1,2024-04-17 03:00:00
404,72,4,2024-04-17 04:00:00
380,14,2,2024-04-17 05:00:00
353,24,2,2024-04-17 06:00:00
90,112,2,2024-04-17 07:00:00
295,44,4,2024-04-17 08:00:00
341,56,1,2024-04-17 09:00:00
245,120,5,2024-04-17 10:00:00
433,179,2,2024-04-17 11:00:00
192,32,2,2024-04-17 12:00:00
318,178,1,2024-04-17 13:00:00
106,169,2,2024-04-17 14:00:00
363,194,2,2024-04-17 15:00:00
310,25,4,2024-04-17 16:00:00
382,116,3,2024-04-17 17:00:00
233,189,1,2024-04-17 18:00:00
265,66,1,2024-04-17 19:00:00
344,42,1,2024-04-17 20:00:00
37,193,4,2024-04-17 21:00:00
305,164,4,2024-04-17 22:00:00
41,76,5,2024-04-17 23:00:00
17,137,4,2024-04-18 00:00:00
344,164,1,2024-04-18 01:00:00
277,38,5,2024-04-18 02:00:00
307,161,3,2024-04-18 03:00:00
59,170,2,2024-04-18 04:00:00
423,61,2,2024-04-18 05:00:00
183,174,5,2024-04-18 06:00:00
41,89,3,2024-04-18 07:00:00
39,189,2,2024-04-18 08:00:00
397,18,5,2024-04-18 09:00:00
192,70,4,2024-04-18 10:00:00
267,82,1,2024-04-18 11:00:00
494,116,3,2024-04-18 12:00:00
147,80,2,2024-04-18 13:00:00
395,15,1,2024-04-18 14:00:00
333,176,5,2024-04-18 15:00:00
127,200,2,2024-04-18 16:00:00
46,13,1,2024-04-18 17:00:00
45,119,4,2024-04-18 18:00:00
1,43,3,2024-04-18 19:00:00
168,188,5,2024-04-18 20:00:00
108,57,2,2024-04-18 21:00:00
19,199,4,2024-04-18 22:00:00
332,17,3,2024-04-18 23:00:00
72,178,3,2024-04-19 00:00:00
456,32,4,2024-04-19 01:00:00
445,150,2,2024-04-19 02:00:00
109,55,3,2024-04-19 03:00:00
268,185,5,2024-04-19 04:00:00
445,13,1,2024-04-19 05:00:00
240,47,5,2024-04-19 06:00:00
417,87,3,2024-04-19 07:00:00
301,62,1,2024-04-19 08:00:00
90,182,4,2024-04-19 09:00:00
103,29,1,2024-04-19 10:00:00
476,22,1,2024-04-19 11:00:00
250,65,1,2024-04-19 12:00:00
453,29,3,2024-04-19 13:00:00
8,48,2,2024-04-19 14:00:00
153,5,3,2024-04-19 15:00:00
347,163,2,2024-04-19 16:00:00
174,101,4,2024-04-19 17:00:00
343,71,4,2024-04-19 18:00:00
158,174,4,2024-04-19 19:00:00
493,163,4,2024-04-19 20:00:00
431,173,4,2024-04-19 21:00:00
215,141,5,2024-04-19 22:00:00
177,138,3,2024-04-19 23:00:00
175,66,2,2024-04-20 00:00:00
340,198,4,2024-04-20 01:00:00
338,72,5,2024-04-20 02:00:00
146,25,5,2024-04-20 03:00:00
450,172,5,2024-04-20 04:00:00
324,60,3,2024-04-20 05:00:00
478,175,4,2024-04-20 06:00:00
161,40,5,2024-04-20 07:00:00
127,7,5,2024-04-20 08:00:00
420,174,4,2024-04-20 09:00:00
82,151,3,2024-04-20 10:00:00
485,46,5,2024-04-20 11:00:00
147,86,2,2024-04-20 12:00:00
239,141,1,2024-04-20 13:00:00
412,21,1,2024-04-20 14:00:00
424,1,1,2024-04-20 15:00:00
84,123,3,2024-04-20 16:00:00
113,147,5,2024-04-20 17:00:00
225,125,1,2024-04-20 18:00:00
332,188,1,2024-04-20 19:00:00
378,33,4,2024-04-20 20:00:00
243,4,5,2024-04-20 21:00:00
143,3,5,2024-04-20 22:00:00
41,91,4,2024-04-20 23:00:00
423,52,5,2024-04-21 00:00:00
258,28,2,2024-04-21 01:00:00
447,70,3,2024-04-21 02:00:00
285,198,4,2024-04-21 03:00:00
105,183,1,2024-04-21 04:00:00
202,57,5,2024-04-21 05:00:00
450,108,2,2024-04-21 06:00:00
307,144,2,2024-04-21 07:00:00
331,24,3,2024-04-21 08:00:00
461,197,2,2024-04-21 09:00:00
266,169,5,2024-04-21 10:00:00
398,77,5,2024-04-21 11:00:00
210,175,2,2024-04-21 12:00:00
51,76,5,2024-04-21 13:00:00
118,69,5,2024-04-21 14:00:00
201,101,1,2024-04-21 15:00:00
377,159,4,2024-04-21 16:00:00
39,92,5,2024-04-21 17:00:00
28,92,5,2024-04-21 18:00:00
259,30,3,2024-04-21 19:00:00
84,18,4,2024-04-21 20:00:00
454,44,4,2024-04-21 21:00:00
155,155,4,2024-04-21 22:00:00
117,99,2,2024-04-21 23:00:00
2,154,1,2024-04-22 00:00:00
93,121,1,2024-04-22 01:00:00
166,115,3,2024-04-22 02:00:00
387,60,4,2024-04-22 03:00:00
400,146,4,2024-04-22 04:00:00
350,56,5,2024-04-22 05:00:00
296,31,2,2024-04-22 06:00:00
258,101,2,2024-04-22 07:00:00
81,59,3,2024-04-22 08:00:00
425,124,1,2024-04-22 09:00:00
268,130,4,2024-04-22 10:00:00
419,97,3,2024-04-22 11:00:00
235,167,2,2024-04-22 12:00:00
321,189,2,2024-04-22 13:00:00
311,107,2,2024-04-22 14:00:00
301,191,4,2024-04-22 15:00:00
463,18,4,2024-04-22 16:00:00
474,145,4,2024-04-22 17:00:00
357,167,5,2024-04-22 18:00:00
213,71,1,2024-04-22 19:00:00
62,106,2,2024-04-22 20:00:00
49,54,2,2024-04-22 21:00:00
127,94,5,2024-04-22 22:00:00
223,76,2,2024-04-22 23:00:00
409,35,2,2024-04-23 00:00:00
279,11,4,2024-04-23 01:00:00
408,61,4,2024-04-23 02:00:00
294,44,1,2024-04-23 03:00:00
284,121,2,2024-04-23 04:00:00
277,68,3,2024-04-23 05:00:00
438,25,2,2024-04-23 06:00:00
107,176,2,2024-04-23 07:00:00
146,160,1,2024-04-23 08:00:00
420,84,3,2024-04-23 09:00:00
99,114,2,2024-04-23 10:00:00
429,132,3,2024-04-23 11:00:00
375,166,4,2024-04-23 12:00:00
73,191,4,2024-04-23 13:00:00
437,175,3,2024-04-23 14:00:00
486,1,2,2024-04-23 15:00:00
122,131,3,2024-04-23 16:00:00
30,86,3,2024-04-23 17:00:00
188,62,4,2024-04-23 18:00:00
364,64,3,2024-04-23 19:00:00
354,145,5,2024-04-23 20:00:00
288,126,5,2024-04-23 21:00:00
451,105,4,2024-04-23 22:00:00
195,62,2,2024-04-23 23:00:00
156,35,2,2024-04-24 00:00:00
172,13,4,2024-04-24 01:00:00
335,163,2,2024-04-24 02:00:00
41,43,1,2024-04-24 03:00:00
63,130,5,2024-04-24 04:00:00
23,184,1,2024-04-24 05:00:00
360,111,1,2024-04-24 06:00:00
75,128,1,2024-04-24 07:00:00
48,51,4,2024-04-24 08:00:00
160,182,1,2024-04-24 09:00:00
313,144,3,2024-04-24 10:00:00
118,146,2,2024-04-24 11:00:00
100,135,4,2024-04-24 12:00:00
380,45,3,2024-04-24 13:00:00
417,164,3,2024-04-24 14:00:00
408,169,5,2024-04-24 15:00:00
167,42,5,2024-04-24 16:00:00
290,135,3,2024-04-24 17:00:00
440,15,5,2024-04-24 18:00:00
156,60,2,2024-04-24 19:00:00
421,40,2,2024-04-24 20:00:00
7,165,5,2024-04-24 21:00:00
196,194,1,2024-04-24 22:00:00
421,112,3,2024-04-24 23:00:00
56,183,2,2024-04-25 00:00:00
321,77,5,2024-04-25 01:00:00
193,105,5,2024-04-25 02:00:00
47,107,2,2024-04-25 03:00:00
148,122,2,2024-04-25 04:00:00
275,80,1,2024-04-25 05:00:00
157,125,5,2024-04-25 06:00:00
202,184,5,2024-04-25 07:00:00
444,172,4,2024-04-25 08:00:00
402,185,1,2024-04-25 09:00:00
476,134,2,2024-04-25 10:00:00
419,32,2,2024-04-25 11:00:00
427,108,3,2024-04-25 12:00:00
495,114,2,2024-04-25 13:00:00
479,146,5,2024-04-25 14:00:00
475,68,2,2024-04-25 15:00:00
126,127,5,2024-04-25 16:00:00
395,135,5,2024-04-25 17:00:00
305,114,1,2024-04-25 18:00:00
369,8,2,2024-04-25 19:00:00
294,64,1,2024-04-25 20:00:00
64,135,5,2024-04-25 21:00:00
325,41,2,2024-04-25 22:00:00
392,40,2,2024-04-25 23:00:00
418,3,1,2024-04-26 00:00:00
176,145,1,2024-04-26 01:00:00
116,194,5,2024-04-26 02:00:00
440,110,5,2024-04-26 03:00:00
204,114,2,2024-04-26 04:00:00
486,112,2,2024-04-26 05:00:00
321,180,4,2024-04-26 06:00:00
31,150,4,2024-04-26 07:00:00
388,4,3,2024-04-26 08:00:00
113,134,5,2024-04-26 09:00:00
365,166,3,2024-04-26 10:00:00
434,26,3,2024-04-26 11:00:00
325,139,1,2024-04-26 12:00:00
414,17,1,2024-04-26 13:00:00
376,92,4,2024-04-26 14:00:00
344,31,3,2024-04-26 15:00:00
443,163,4,2024-04-26 16:00:00
67,144,5,2024-04-26 17:00:00
75,107,2,2024-04-26 18:00:00
45,146,1,2024-04-26 19:00:00
260,111,5,2024-04-26 20:00:00
154,101,5,2024-04-26 21:00:00
155,112,1,2024-04-26 22:00:00
430,62,1,2024-04-26 23:00:00
363,112,3,2024-04-27 00:00:00
448,155,4,2024-04-27 01:00:00
475,163,5,2024-04-27 02:00:00
234,116,3,2024-04-27 03:00:00
51,173,3,2024-04-27 04:00:00
306,35,5,2024-04-27 05:00:00
262,28,5,2024-04-27 06:00:00
315,103,2,2024-04-27 07:00:00
125,125,4,2024-04-27 08:00:00
399,102,5,2024-04-27 09:00:00
245,137,1,2024-04-27 10:00:00
30,143,2,2024-04-27 11:00:00
426,21,4,2024-04-27 12:00:00
485,52,1,2024-04-27 13:00:00
122,163,1,2024-04-27 14:00:00
125,97,4,2024-04-27 15:00:00
37,51,2,2024-04-27 16:00:00
170,83,1,2024-04-27 17:00:00
124,55,3,2024-04-27 18:00:00
357,77,4,2024-04-27 19:00:00
35,127,4,2024-04-27 20:00:00
87,172,5,2024-04-27 21:00:00
134,193,2,2024-04-27 22:00:00
196,93,3,2024-04-27 23:00:00
274,88,3,2024-04-28 00:00:00
201,80,5,2024-04-28 01:00:00
369,153,1,2024-04-28 02:00:00
285,92,1,2024-04-28 03:00:00
77,47,3,2024-04-28 04:00:00
59,184,2,2024-04-28 05:00:00
431,38,1,2024-04-28 06:00:00
126,139,4,2024-04-28 07:00:00
500,195,5,2024-04-28 08:00:00
401,15,2,2024-04-28 09:00:00
109,1,1,2024-04-28 10:00:00
224,135,3,2024-04-28 11:00:00
496,1,5,2024-04-28 12:00:00
278,49,1,2024-04-28 13:00:00
68,96,3,2024-04-28 14:00:00
69,157,1,2024-04-28 15:00:00
165,26,5,2024-04-28 16:00:00
489,87,4,2024-04-28 17:00:00
305,173,4,2024-04-28 18:00:00
397,93,3,2024-04-28 19:00:00
162,102,4,2024-04-28 20:00:00
365,71,5,2024-04-28 21:00:00
342,140,3,2024-04-28 22:00:00
309,95,1,2024-04-28 23:00:00
379,160,2,2024-04-29 00:00:00
343,118,1,2024-04-29 01:00:00
435,148,5,2024-04-29 02:00:00
387,119,3,2024-04-29 03:00:00
42,51,1,2024-04-29 04:00:00
354,81,3,2024-04-29 05:00:00
416,36,4,2024-04-29 06:00:00
109,67,2,2024-04-29 07:00:00
51,129,5,2024-04-29 08:00:00
250,114,1,2024-04-29 09:00:00
497,155,2,2024-04-29 10:00:00
341,111,5,2024-04-29 11:00:00
430,168,5,2024-04-29 12:00:00
383,142,4,2024-04-29 13:00:00
492,100,3,2024-04-29 14:00:00
21,197,3,2024-04-29 15:00:00
300,109,2,2024-04-29 16:00:00
139,120,4,2024-04-29 17:00:00
359,79,5,2024-04-29 18:00:00
324,134,4,2024-04-29 19:00:00
499,161,4,2024-04-29 20:00:00
385,183,2,2024-04-29 21:00:00
92,19,3,2024-04-29 22:00:00
447,127,4,2024-04-29 23:00:00
280,29,4,2024-04-30 00:00:00
125,189,4,2024-04-30 01:00:00
483,198,1,2024-04-30 02:00:00
397,24,4,2024-04-30 03:00:00
111,151,4,2024-04-30 04:00:00
354,10,5,2024-04-30 05:00:00
139,182,1,2024-04-30 06:00:00
484,105,4,2024-04-30 07:00:00
435,169,4,2024-04-30 08:00:00
273,177,2,2024-04-30 09:00:00
99,145,2,2024-04-30 10:00:00
252,184,1,2024-04-30 11:00:00
338,173,5,2024-04-30 12:00:00
104,158,1,2024-04-30 13:00:00
214,172,1,2024-04-30 14:00:00
249,55,2,2024-04-30 15:00:00
152,147,2,2024-04-30 16:00:00
250,157,5,2024-04-30 17:00:00
275,2,4,2024-04-30 18:00:00
165,164,5,2024-04-30 19:00:00
487,147,4,2024-04-30 20:00:00
341,135,3,2024-04-30 21:00:00
8,154,2,2024-04-30 22:00:00
284,111,3,2024-04-30 23:00:00
5,38,3,2024-05-01 00:00:00
145,131,2,2024-05-01 01:00:00
101,102,3,2024-05-01 02:00:00
164,194,1,2024-05-01 03:00:00
374,95,4,2024-05-01 04:00:00
147,92,5,2024-05-01 05:00:00
64,71,2,2024-05-01 06:00:00
91,171,1,2024-05-01 07:00:00
117,190,5,2024-05-01 08:00:00
354,199,5,2024-05-01 09:00:00
267,24,5,2024-05-01 10:00:00
310,167,3,2024-05-01 11:00:00
173,68,3,2024-05-01 12:00:00
47,128,3,2024-05-01 13:00:00
140,93,3,2024-05-01 14:00:00
246,44,1,2024-05-01 15:00:00
149,133,3,2024-05-01 16:00:00
246,55,2,2024-05-01 17:00:00
395,158,5,2024-05-01 18:00:00
487,29,1,2024-05-01 19:00:00
476,154,3,2024-05-01 20:00:00
5,154,5,2024-05-01 21:00:00
465,37,1,2024-05-01 22:00:00
184,115,5,2024-05-01 23:00:00
20,181,1,2024-05-02 00:00:00
425,158,4,2024-05-02 01:00:00
46,3,1,2024-05-02 02:00:00
12,122,3,2024-05-02 03:00:00
70,43,5,2024-05-02 04:00:00
17,7,5,2024-05-02 05:00:00
371,125,5,2024-05-02 06:00:00
147,49,2,2024-05-02 07:00:00
154,121,2,2024-05-02 08:00:00
304,73,3,2024-05-02 09:00:00
108,41,4,2024-05-02 10:00:00
236,106,2,2024-05-02 11:00:00
308,77,1,2024-05-02 12:00:00
352,182,3,2024-05-02 13:00:00
70,127,4,2024-05-02 14:00:00
183,197,1,2024-05-02 15:00:00
250,91,5,2024-05-02 16:00:00
228,155,2,2024-05-02 17:00:00
102,8,1,2024-05-02 18:00:00
75,32,4,2024-05-02 19:00:00
417,64,3,2024-05-02 20:00:00
446,138,1,2024-05-02 21:00:00
216,13,3,2024-05-02 22:00:00
407,191,5,2024-05-02 23:00:00
399,93,4,2024-05-03 00:00:00
411,163,4,2024-05-03 01:00:00
203,61,2,2024-05-03 02:00:00
192,182,4,2024-05-03 03:00:00
249,8,1,2024-05-03 04:00:00
499,29,1,2024-05-03 05:00:00
242,95,1,2024-05-03 06:00:00
465,41,5,2024-05-03 07:00:00
179,158,4,2024-05-03 08:00:00
437,149,4,2024-05-03 09:00:00
462,11,1,2024-05-03 10:00:00
219,2,2,2024-05-03 11:00:00
82,178,2,2024-05-03 12:00:00
92,169,4,2024-05-03 13:00:00
435,194,4,2024-05-03 14:00:00
175,131,3,2024-05-03 15:00:00
239,80,4,2024-05-03 16:00:00
260,179,1,2024-05-03 17:00:00
391,196,5,2024-05-03 18:00:00
365,87,4,2024-05-03 19:00:00
163,153,4,2024-05-03 20:00:00
48,158,1,2024-05-03 21:00:00
329,106,3,2024-05-03 22:00:00
328,139,4,2024-05-03 23:00:00
116,17,2,2024-05-04 00:00:00
429,154,2,2024-05-04 01:00:00
337,23,2,2024-05-04 02:00:00
337,184,5,2024-05-04 03:00:00
369,180,5,2024-05-04 04:00:00
225,48,4,2024-05-04 05:00:00
352,20,4,2024-05-04 06:00:00
328,2,4,2024-05-04 07:00:00
147,88,5,2024-05-04 08:00:00
63,31,4,2024-05-04 09:00:00
294,155,1,2024-05-04 10:00:00
323,130,3,2024-05-04 11:00:00
443,78,2,2024-05-04 12:00:00
325,4,2,2024-05-04 13:00:00
13,141,1,2024-05-04 14:00:00
431,163,4,2024-05-04 15:00:00
494,128,5,2024-05-04 16:00:00
189,200,4,2024-05-04 17:00:00
287,194,4,2024-05-04 18:00:00
208,134,2,2024-05-04 19:00:00
114,31,2,2024-05-04 20:00:00
480,138,5,2024-05-04 21:00:00
22,21,2,2024-05-04 22:00:00
349,23,4,2024-05-04 23:00:00
214,131,1,2024-05-05 00:00:00
171,160,5,2024-05-05 01:00:00
323,148,1,2024-05-05 02:00:00
54,29,4,2024-05-05 03:00:00
394,105,5,2024-05-05 04:00:00
298,52,1,2024-05-05 05:00:00
320,115,5,2024-05-05 06:00:00
126,174,4,2024-05-05 07:00:00
277,162,5,2024-05-05 08:00:00
464,101,4,2024-05-05 09:00:00
204,84,5,2024-05-05 10:00:00
194,61,5,2024-05-05 11:00:00
169,125,2,2024-05-05 12:00:00
152,200,4,2024-05-05 13:00:00
35,71,3,2024-05-05 14:00:00
184,70,5,2024-05-05 15:00:00
286,139,1,2024-05-05 16:00:00
57,108,2,2024-05-05 17:00:00
222,191,2,2024-05-05 18:00:00
303,21,5,2024-05-05 19:00:00
163,131,3,2024-05-05 20:00:00
19,82,2,2024-05-05 21:00:00
370,88,4,2024-05-05 22:00:00
264,111,5,2024-05-05 23:00:00
282,10,5,2024-05-06 00:00:00
113,155,3,2024-05-06 01:00:00
488,12,4,2024-05-06 02:00:00
327,7,4,2024-05-06 03:00:00
30,145,3,2024-05-06 04:00:00
135,193,1,2024-05-06 05:00:00
67,192,4,2024-05-06 06:00:00
65,114,1,2024-05-06 07:00:00
292,26,1,2024-05-06 08:00:00
25,15,5,2024-05-06 09:00:00
37,33,5,2024-05-06 10:00:00
1,62,2,2024-05-06 11:00:00
399,47,5,2024-05-06 12:00:00
37,95,4,2024-05-06 13:00:00
141,35,4,2024-05-06 14:00:00
232,193,1,2024-05-06 15:00:00
136,200,4,2024-05-06 16:00:00
389,76,5,2024-05-06 17:00:00
188,123,5,2024-05-06 18:00:00
128,83,5,2024-05-06 19:00:00
201,25,3,2024-05-06 20:00:00
127,57,4,2024-05-06 21:00:00
257,32,2,2024-05-06 22:00:00
164,63,4,2024-05-06 23:00:00
35,12,4,2024-05-07 00:00:00
194,63,3,2024-05-07 01:00:00
191,77,4,2024-05-07 02:00:00
104,92,1,2024-05-07 03:00:00
23,1,5,2024-05-07 04:00:00
265,179,5,2024-05-07 05:00:00
290,70,3,2024-05-07 06:00:00
430,136,5,2024-05-07 07:00:00
462,196,1,2024-05-07 08:00:00
384,133,3,2024-05-07 09:00:00
260,86,2,2024-05-07 10:00:00
414,39,5,2024-05-07 11:00:00
479,23,4,2024-05-07 12:00:00
358,68,1,2024-05-07 13:00:00
75,180,1,2024-05-07 14:00:00
355,4,5,2024-05-07 15:00:00
72,126,2,2024-05-07 16:00:00
259,175,4,2024-05-07 17:00:00
398,21,2,2024-05-07 18:00:00
188,184,2,2024-05-07 19:00:00
461,105,5,2024-05-07 20:00:00
173,66,4,2024-05-07 21:00:00
480,187,5,2024-05-07 22:00:00
290,7,5,2024-05-07 23:00:00
45,49,1,2024-05-08 00:00:00
61,16,5,2024-05-08 01:00:00
83,145,3,2024-05-08 02:00:00
123,84,4,2024-05-08 03:00:00
358,87,1,2024-05-08 04:00:00
16,98,4,2024-05-08 05:00:00
66,75,1,2024-05-08 06:00:00
424,34,3,2024-05-08 07:00:00
145,161,5,2024-05-08 08:00:00
375,26,1,2024-05-08 09:00:00
162,66,1,2024-05-08 10:00:00
234,125,1,2024-05-08 11:00:00
380,63,3,2024-05-08 12:00:00
144,87,4,2024-05-08 13:00:00
358,41,3,2024-05-08 14:00:00
188,186,1,2024-05-08 15:00:00
322,98,1,2024-05-08 16:00:00
450,124,5,2024-05-08 17:00:00
474,79,3,2024-05-08 18:00:00
13,10,3,2024-05-08 19:00:00
184,15,2,2024-05-08 20:00:00
111,42,4,2024-05-08 21:00:00
415,93,2,2024-05-08 22:00:00
290,185,2,2024-05-08 23:00:00
295,17,4,2024-05-09 00:00:00
451,188,5,2024-05-09 01:00:00
392,9,5,2024-05-09 02:00:00
215,114,4,2024-05-09 03:00:00
462,36,4,2024-05-09 04:00:00
120,36,3,2024-05-09 05:00:00
382,48,3,2024-05-09 06:00:00
55,51,3,2024-05-09 07:00:00
27,97,3,2024-05-09 08:00:00
118,119,1,2024-05-09 09:00:00
221,95,1,2024-05-09 10:00:00
231,70,5,2024-05-09 11:00:00
53,74,1,2024-05-09 12:00:00
295,80,1,2024-05-09 13:00:00
321,68,3,2024-05-09 14:00:00
401,150,3,2024-05-09 15:00:00
233,77,4,2024-05-09 16:00:00
158,116,3,2024-05-09 17:00:00
437,6,4,2024-05-09 18:00:00
269,154,4,2024-05-09 19:00:00
21,75,1,2024-05-09 20:00:00
403,88,3,2024-05-09 21:00:00
53,3,1,2024-05-09 22:00:00
275,52,3,2024-05-09 23:00:00
313,74,1,2024-05-10 00:00:00
281,125,1,2024-05-10 01:00:00
214,188,1,2024-05-10 02:00:00
31,191,5,2024-05-10 03:00:00
337,65,1,2024-05-10 04:00:00
183,52,2,2024-05-10 05:00:00
23,76,2,2024-05-10 06:00:00
32,142,2,2024-05-10 07:00:00
446,89,4,2024-05-10 08:00:00
74,72,1,2024-05-10 09:00:00
10,68,2,2024-05-10 10:00:00
484,156,4,2024-05-10 11:00:00
456,199,2,2024-05-10 12:00:00
54,138,3,2024-05-10 13:00:00
52,115,5,2024-05-10 14:00:00
148,57,1,2024-05-10 15:00:00
160,66,5,2024-05-10 16:00:00
370,90,5,2024-05-10 17:00:00
14,50,3,2024-05-10 18:00:00
178,14,3,2024-05-10 19:00:00
412,16,3,2024-05-10 20:00:00
366,182,4,2024-05-10 21:00:00
500,171,2,2024-05-10 22:00:00
53,42,1,2024-05-10 23:00:00
408,110,3,2024-05-11 00:00:00
335,22,1,2024-05-11 01:00:00
22,68,1,2024-05-11 02:00:00
30,19,1,2024-05-11 03:00:00
191,66,3,2024-05-11 04:00:00
260,167,3,2024-05-11 05:00:00
205,73,2,2024-05-11 06:00:00
59,147,3,2024-05-11 07:00:00
471,144,3,2024-05-11 08:00:00
264,54,1,2024-05-11 09:00:00
466,153,2,2024-05-11 10:00:00
12,112,5,2024-05-11 11:00:00
119,18,3,2024-05-11 12:00:00
415,151,3,2024-05-11 13:00:00
462,117,5,2024-05-11 14:00:00
290,85,1,2024-05-11 15:00:00
338,139,2,2024-05-11 16:00:00
248,39,1,2024-05-11 17:00:00
354,105,4,2024-05-11 18:00:00
127,68,3,2024-05-11 19:00:00
75,25,4,2024-05-11 20:00:00
361,191,3,2024-05-11 21:00:00
204,158,4,2024-05-11 22:00:00
49,173,5,2024-05-11 23:00:00
79,123,3,2024-05-12 00:00:00
441,121,3,2024-05-12 01:00:00
479,61,4,2024-05-12 02:00:00
241,100,2,2024-05-12 03:00:00
349,51,4,2024-05-12 04:00:00
154,98,3,2024-05-12 05:00:00
274,137,3,2024-05-12 06:00:00
96,2,2,2024-05-12 07:00:00
214,5,1,2024-05-12 08:00:00
294,190,2,2024-05-12 09:00:00
209,197,1,2024-05-12 10:00:00
343,180,3,2024-05-12 11:00:00
88,86,5,2024-05-12 12:00:00
306,133,5,2024-05-12 13:00:00
264,187,4,2024-05-12 14:00:00
425,68,2,2024-05-12 15:00:00
390,9,2,2024-05-12 16:00:00
325,93,5,2024-05-12 17:00:00
428,150,1,2024-05-12 18:00:00
377,155,2,2024-05-12 19:00:00
320,138,1,2024-05-12 20:00:00
157,125,1,2024-05-12 21:00:00
156,61,1,2024-05-12 22:00:00
139,51,1,2024-05-12 23:00:00
121,10,4,2024-05-13 00:00:00
65,134,4,2024-05-13 01:00:00
107,62,5,2024-05-13 02:00:00
147,113,4,2024-05-13 03:00:00
137,133,2,2024-05-13 04:00:00
411,122,4,2024-05-13 05:00:00
162,198,2,2024-05-13 06:00:00
428,191,2,2024-05-13 07:00:00
452,123,1,2024-05-13 08:00:00
100,184,5,2024-05-13 09:00:00
338,187,1,2024-05-13 10:00:00
399,63,1,2024-05-13 11:00:00
307,111,4,2024-05-13 12:00:00
141,89,4,2024-05-13 13:00:00
83,187,2,2024-05-13 14:00:00
177,51,4,2024-05-13 15:00:00
198,178,4,2024-05-13 16:00:00
112,132,3,2024-05-13 17:00:00
56,104,2,2024-05-13 18:00:00
460,123,2,2024-05-13 19:00:00
179,48,3,2024-05-13 20:00:00
421,32,2,2024-05-13 21:00:00
401,120,5,2024-05-13 22:00:00
186,179,5,2024-05-13 23:00:00
471,180,3,2024-05-14 00:00:00
218,99,4,2024-05-14 01:00:00
413,74,5,2024-05-14 02:00:00
417,34,3,2024-05-14 03:00:00
316,164,5,2024-05-14 04:00:00
475,70,1,2024-05-14 05:00:00
217,171,3,2024-05-14 06:00:00
120,110,2,2024-05-14 07:00:00
439,16,5,2024-05-14 08:00:00
394,59,2,2024-05-14 09:00:00
175,181,3,2024-05-14 10:00:00
23,19,5,2024-05-14 11:00:00
213,95,2,2024-05-14 12:00:00
405,113,4,2024-05-14 13:00:00
235,41,4,2024-05-14 14:00:00
13,81,1,2024-05-14 15:00:00
101,175,3,2024-05-14 16:00:00
417,103,2,2024-05-14 17:00:00
24,54,1,2024-05-14 18:00:00
364,183,3,2024-05-14 19:00:00
11,95,4,2024-05-14 20:00:00
273,147,2,2024-05-14 21:00:00
452,62,5,2024-05-14 22:00:00
431,99,4,2024-05-14 23:00:00
281,93,5,2024-05-15 00:00:00
94,187,5,2024-05-15 01:00:00
201,65,2,2024-05-15 02:00:00
21,68,2,2024-05-15 03:00:00
340,28,5,2024-05-15 04:00:00
467,18,1,2024-05-15 05:00:00
211,26,5,2024-05-15 06:00:00
140,104,5,2024-05-15 07:00:00
293,147,2,2024-05-15 08:00:00
298,55,3,2024-05-15 09:00:00
401,119,4,2024-05-15 10:00:00
101,124,2,2024-05-15 11:00:00
304,185,1,2024-05-15 12:00:00
359,134,4,2024-05-15 13:00:00
28,129,2,2024-05-15 14:00:00
41,8,2,2024-05-15 15:00:00
355,51,3,2024-05-15 16:00:00
303,85,1,2024-05-15 17:00:00
496,25,1,2024-05-15 18:00:00
146,175,2,2024-05-15 19:00:00
256,183,3,2024-05-15 20:00:00
462,192,2,2024-05-15 21:00:00
227,83,5,2024-05-15 22:00:00
236,93,5,2024-05-15 23:00:00
361,117,3,2024-05-16 00:00:00
380,138,2,2024-05-16 01:00:00
455,56,3,2024-05-16 02:00:00
489,12,2,2024-05-16 03:00:00
13,161,2,2024-05-16 04:00:00
210,120,5,2024-05-16 05:00:00
229,71,4,2024-05-16 06:00:00
397,17,1,2024-05-16 07:00:00
100,189,1,2024-05-16 08:00:00
31,122,3,2024-05-16 09:00:00
386,124,1,2024-05-16 10:00:00
16,10,5,2024-05-16 11:00:00
137,31,4,2024-05-16 12:00:00
329,60,2,2024-05-16 13:00:00
166,70,2,2024-05-16 14:00:00
459,17,5,2024-05-16 15:00:00
310,50,1,2024-05-16 16:00:00
440,37,2,2024-05-16 17:00:00
470,190,1,2024-05-16 18:00:00
481,118,5,2024-05-16 19:00:00
100,200,2,2024-05-16 20:00:00
109,157,3,2024-05-16 21:00:00
343,160,4,2024-05-16 22:00:00
173,80,1,2024-05-16 23:00:00
237,11,1,2024-05-17 00:00:00
162,134,1,2024-05-17 01:00:00
393,123,1,2024-05-17 02:00:00
216,35,5,2024-05-17 03:00:00
264,33,5,2024-05-17 04:00:00
263,18,5,2024-05-17 05:00:00
292,165,5,2024-05-17 06:00:00
274,13,2,2024-05-17 07:00:00
3,90,5,2024-05-17 08:00:00
28,110,2,2024-05-17 09:00:00
326,192,3,2024-05-17 10:00:00
492,1,5,2024-05-17 11:00:00
428,63,3,2024-05-17 12:00:00
149,34,5,2024-05-17 13:00:00
28,103,3,2024-05-17 14:00:00
488,10,4,2024-05-17 15:00:00
310,128,3,2024-05-17 16:00:00
438,7,2,2024-05-17 17:00:00
65,56,1,2024-05-17 18:00:00
356,80,3,2024-05-17 19:00:00
21,165,1,2024-05-17 20:00:00
252,157,4,2024-05-17 21:00:00
235,12,4,2024-05-17 22:00:00
227,145,2,2024-05-17 23:00:00
13,48,2,2024-05-18 00:00:00
313,26,3,2024-05-18 01:00:00
49,112,5,2024-05-18 02:00:00
118,122,4,2024-05-18 03:00:00
54,12,1,2024-05-18 04:00:00
138,149,5,2024-05-18 05:00:00
53,42,4,2024-05-18 06:00:00
44,61,3,2024-05-18 07:00:00
303,58,4,2024-05-18 08:00:00
53,182,2,2024-05-18 09:00:00
74,34,1,2024-05-18 10:00:00
46,7,1,2024-05-18 11:00:00
13,109,2,2024-05-18 12:00:00
165,35,5,2024-05-18 13:00:00
102,15,2,2024-05-18 14:00:00
280,193,1,2024-05-18 15:00:00
258,25,3,2024-05-18 16:00:00
470,59,5,2024-05-18 17:00:00
337,79,4,2024-05-18 18:00:00
356,86,3,2024-05-18 19:00:00
398,134,5,2024-05-18 20:00:00
138,180,1,2024-05-18 21:00:00
163,88,1,2024-05-18 22:00:00
409,149,3,2024-05-18 23:00:00
387,71,5,2024-05-19 00:00:00
111,121,4,2024-05-19 01:00:00
102,93,4,2024-05-19 02:00:00
17,96,2,2024-05-19 03:00:00
268,32,3,2024-05-19 04:00:00
182,53,5,2024-05-19 05:00:00
372,59,3,2024-05-19 06:00:00
24,69,4,2024-05-19 07:00:00
29,190,5,2024-05-19 08:00:00
171,132,1,2024-05-19 09:00:00
409,86,1,2024-05-19 10:00:00
228,18,5,2024-05-19 11:00:00
378,81,3,2024-05-19 12:00:00
188,114,3,2024-05-19 13:00:00
346,184,1,2024-05-19 14:00:00
230,24,1,2024-05-19 15:00:00
321,66,4,2024-05-19 16:00:00
340,141,5,2024-05-19 17:00:00
119,62,3,2024-05-19 18:00:00
156,54,4,2024-05-19 19:00:00
272,143,3,2024-05-19 20:00:00
175,197,1,2024-05-19 21:00:00
465,131,5,2024-05-19 22:00:00
104,37,2,2024-05-19 23:00:00
92,37,5,2024-05-20 00:00:00
186,131,2,2024-05-20 01:00:00
460,191,4,2024-05-20 02:00:00
283,35,2,2024-05-20 03:00:00
181,180,2,2024-05-20 04:00:00
170,124,4,2024-05-20 05:00:00
187,156,5,2024-05-20 06:00:00
175,18,4,2024-05-20 07:00:00
222,122,1,2024-05-20 08:00:00
233,164,1,2024-05-20 09:00:00
162,161,2,2024-05-20 10:00:00
421,192,4,2024-05-20 11:00:00
134,154,4,2024-05-20 12:00:00
391,48,4,2024-05-20 13:00:00
480,168,5,2024-05-20 14:00:00
224,17,3,2024-05-20 15:00:00
153,168,3,2024-05-20 16:00:00
33,135,3,2024-05-20 17:00:00
55,57,5,2024-05-20 18:00:00
442,8,4,2024-05-20 19:00:00
7,128,3,2024-05-20 20:00:00
244,117,4,2024-05-20 21:00:00
313,56,2,2024-05-20 22:00:00
126,126,3,2024-05-20 23:00:00
12,159,2,2024-05-21 00:00:00
16,59,5,2024-05-21 01:00:00
208,58,1,2024-05-21 02:00:00
43,140,5,2024-05-21 03:00:00
373,176,5,2024-05-21 04:00:00
484,159,5,2024-05-21 05:00:00
461,108,3,2024-05-21 06:00:00
135,191,2,2024-05-21 07:00:00
228,74,3,2024-05-21 08:00:00
111,167,1,2024-05-21 09:00:00
307,148,5,2024-05-21 10:00:00
457,101,4,2024-05-21 11:00:00
160,48,1,2024-05-21 12:00:00
331,71,2,2024-05-21 13:00:00
264,116,1,2024-05-21 14:00:00
225,182,3,2024-05-21 15:00:00
471,122,4,2024-05-21 16:00:00
217,78,3,2024-05-21 17:00:00
456,199,5,2024-05-21 18:00:00
45,29,5,2024-05-21 19:00:00
214,93,1,2024-05-21 20:00:00
59,73,5,2024-05-21 21:00:00
132,100,5,2024-05-21 22:00:00
104,176,2,2024-05-21 23:00:00
195,74,2,2024-05-22 00:00:00
413,184,3,2024-05-22 01:00:00
489,95,3,2024-05-22 02:00:00
157,17,2,2024-05-22 03:00:00
98,137,1,2024-05-22 04:00:00
226,97,2,2024-05-22 05:00:00
412,162,3,2024-05-22 06:00:00
205,173,4,2024-05-22 07:00:00
79,9,5,2024-05-22 08:00:00
124,135,4,2024-05-22 09:00:00
471,144,4,2024-05-22 10:00:00
428,19,5,2024-05-22 11:00:00
218,134,2,2024-05-22 12:00:00
4,114,1,2024-05-22 13:00:00
90,139,4,2024-05-22 14:00:00
104,125,1,2024-05-22 15:00:00
393,61,3,2024-05-22 16:00:00
119,42,4,2024-05-22 17:00:00
133,13,3,2024-05-22 18:00:00
312,140,2,2024-05-22 19:00:00
96,85,4,2024-05-22 20:00:00
468,20,3,2024-05-22 21:00:00
434,50,3,2024-05-22 22:00:00
331,164,2,2024-05-22 23:00:00
143,92,1,2024-05-23 00:00:00
288,88,1,2024-05-23 01:00:00
28,69,4,2024-05-23 02:00:00
278,37,2,2024-05-23 03:00:00
233,140,4,2024-05-23 04:00:00
17,99,1,2024-05-23 05:00:00
59,125,2,2024-05-23 06:00:00
90,168,5,2024-05-23 07:00:00
492,54,2,2024-05-23 08:00:00
199,130,2,2024-05-23 09:00:00
362,178,5,2024-05-23 10:00:00
441,41,3,2024-05-23 11:00:00
26,45,3,2024-05-23 12:00:00
25,103,3,2024-05-23 13:00:00
394,106,1,2024-05-23 14:00:00
301,137,2,2024-05-23 15:00:00
339,190,5,2024-05-23 16:00:00
267,128,1,2024-05-23 17:00:00
461,86,5,2024-05-23 18:00:00
181,47,1,2024-05-23 19:00:00
456,5,1,2024-05-23 20:00:00
360,1,1,2024-05-23 21:00:00
68,44,5,2024-05-23 22:00:00
495,150,4,2024-05-23 23:00:00
351,38,1,2024-05-24 00:00:00
412,19,3,2024-05-24 01:00:00
459,159,2,2024-05-24 02:00:00
491,115,4,2024-05-24 03:00:00
321,195,4,2024-05-24 04:00:00
49,87,5,2024-05-24 05:00:00
175,170,4,2024-05-24 06:00:00
52,123,5,2024-05-24 07:00:00
102,82,5,2024-05-24 08:00:00
216,154,3,2024-05-24 09:00:00
438,141,1,2024-05-24 10:00:00
188,58,4,2024-05-24 11:00:00
57,146,1,2024-05-24 12:00:00
47,67,1,2024-05-24 13:00:00
159,122,1,2024-05-24 14:00:00
489,87,5,2024-05-24 15:00:00
174,131,1,2024-05-24 16:00:00
242,55,4,2024-05-24 17:00:00
282,89,5,2024-05-24 18:00:00
241,58,4,2024-05-24 19:00:00
370,63,5,2024-05-24 20:00:00
5,91,2,2024-05-24 21:00:00
84,52,2,2024-05-24 22:00:00
308,126,2,2024-05-24 23:00:00
361,24,2,2024-05-25 00:00:00
459,72,5,2024-05-25 01:00:00
248,9,1,2024-05-25 02:00:00
54,110,3,2024-05-25 03:00:00
161,165,3,2024-05-25 04:00:00
434,94,2,2024-05-25 05:00:00
422,117,1,2024-05-25 06:00:00
411,83,4,2024-05-25 07:00:00
226,181,1,2024-05-25 08:00:00
15,80,4,2024-05-25 09:00:00
224,152,3,2024-05-25 10:00:00
61,149,1,2024-05-25 11:00:00
122,100,1,2024-05-25 12:00:00
277,40,3,2024-05-25 13:00:00
46,103,1,2024-05-25 14:00:00
453,62,4,2024-05-25 15:00:00
390,198,1,2024-05-25 16:00:00
294,69,4,2024-05-25 17:00:00
62,142,2,2024-05-25 18:00:00
86,109,1,2024-05-25 19:00:00
446,170,4,2024-05-25 20:00:00
210,178,3,2024-05-25 21:00:00
78,189,2,2024-05-25 22:00:00
202,4,1,2024-05-25 23:00:00
302,72,4,2024-05-26 00:00:00
397,17,1,2024-05-26 01:00:00
223,114,4,2024-05-26 02:00:00
222,85,1,2024-05-26 03:00:00
3,57,2,2024-05-26 04:00:00
478,107,2,2024-05-26 05:00:00
6,48,1,2024-05-26 06:00:00
93,172,1,2024-05-26 07:00:00
8,173,5,2024-05-26 08:00:00
428,117,1,2024-05-26 09:00:00
493,161,1,2024-05-26 10:00:00
235,31,2,2024-05-26 11:00:00
108,112,1,2024-05-26 12:00:00
161,47,3,2024-05-26 13:00:00
209,134,1,2024-05-26 14:00:00
240,108,5,2024-05-26 15:00:00
331,72,4,2024-05-26 16:00:00
333,71,2,2024-05-26 17:00:00
50,162,3,2024-05-26 18:00:00
11,108,4,2024-05-26 19:00:00
351,53,3,2024-05-26 20:00:00
156,142,2,2024-05-26 21:00:00
492,16,5,2024-05-26 22:00:00
70,171,2,2024-05-26 23:00:00
169,116,3,2024-05-27 00:00:00
272,73,3,2024-05-27 01:00:00
68,74,2,2024-05-27 02:00:00
355,81,1,2024-05-27 03:00:00
252,12,2,2024-05-27 04:00:00
48,128,5,2024-05-27 05:00:00
184,70,2,2024-05-27 06:00:00
320,147,4,2024-05-27 07:00:00
187,41,1,2024-05-27 08:00:00
90,181,4,2024-05-27 09:00:00
446,157,2,2024-05-27 10:00:00
332,198,1,2024-05-27 11:00:00
139,59,4,2024-05-27 12:00:00
357,89,4,2024-05-27 13:00:00
89,192,1,2024-05-27 14:00:00
274,24,1,2024-05-27 15:00:00
19,144,3,2024-05-27 16:00:00
471,180,1,2024-05-27 17:00:00
311,80,2,2024-05-27 18:00:00
358,134,5,2024-05-27 19:00:00
374,165,3,2024-05-27 20:00:00
466,132,1,2024-05-27 21:00:00
154,92,5,2024-05-27 22:00:00
390,166,3,2024-05-27 23:00:00
260,169,2,2024-05-28 00:00:00
108,92,5,2024-05-28 01:00:00
371,81,1,2024-05-28 02:00:00
285,142,1,2024-05-28 03:00:00
59,71,2,2024-05-28 04:00:00
125,179,3,2024-05-28 05:00:00
354,65,5,2024-05-28 06:00:00
273,52,2,2024-05-28 07:00:00
107,30,3,2024-05-28 08:00:00
299,185,4,2024-05-28 09:00:00
245,99,4,2024-05-28 10:00:00
336,158,3,2024-05-28 11:00:00
450,98,1,2024-05-28 12:00:00
418,42,1,2024-05-28 13:00:00
247,139,4,2024-05-28 14:00:00
8,27,1,2024-05-28 15:00:00
141,152,1,2024-05-28 16:00:00
362,167,3,2024-05-28 17:00:00
8,72,3,2024-05-28 18:00:00
478,18,1,2024-05-28 19:00:00
352,77,3,2024-05-28 20:00:00
484,45,5,2024-05-28 21:00:00
495,115,4,2024-05-28 22:00:00
94,87,5,2024-05-28 23:00:00
321,140,5,2024-05-29 00:00:00
427,177,1,2024-05-29 01:00:00
39,159,1,2024-05-29 02:00:00
81,92,5,2024-05-29 03:00:00
187,22,5,2024-05-29 04:00:00
84,172,2,2024-05-29 05:00:00
88,92,2,2024-05-29 06:00:00
242,192,4,2024-05-29 07:00:00
342,77,5,2024-05-29 08:00:00
93,25,3,2024-05-29 09:00:00
86,108,2,2024-05-29 10:00:00
44,179,1,2024-05-29 11:00:00
137,135,5,2024-05-29 12:00:00
421,109,3,2024-05-29 13:00:00
74,134,3,2024-05-29 14:00:00
36,24,3,2024-05-29 15:00:00
101,19,1,2024-05-29 16:00:00
476,83,2,2024-05-29 17:00:00
156,115,3,2024-05-29 18:00:00
426,9,2,2024-05-29 19:00:00
255,112,4,2024-05-29 20:00:00
171,164,1,2024-05-29 21:00:00
469,102,2,2024-05-29 22:00:00
216,168,2,2024-05-29 23:00:00
170,152,3,2024-05-30 00:00:00
252,48,3,2024-05-30 01:00:00
360,191,1,2024-05-30 02:00:00
322,69,2,2024-05-30 03:00:00
55,181,5,2024-05-30 04:00:00
456,182,3,2024-05-30 05:00:00
432,170,3,2024-05-30 06:00:00
91,119,4,2024-05-30 07:00:00
278,45,1,2024-05-30 08:00:00
101,125,2,2024-05-30 09:00:00
155,14,2,2024-05-30 10:00:00
377,157,2,2024-05-30 11:00:00
349,134,3,2024-05-30 12:00:00
451,135,1,2024-05-30 13:00:00
364,37,2,2024-05-30 14:00:00
141,53,5,2024-05-30 15:00:00
173,18,4,2024-05-30 16:00:00
10,38,4,2024-05-30 17:00:00
228,187,2,2024-05-30 18:00:00
265,129,3,2024-05-30 19:00:00
438,196,4,2024-05-30 20:00:00
248,44,4,2024-05-30 21:00:00
247,47,4,2024-05-30 22:00:00
155,35,4,2024-05-30 23:00:00
34,60,2,2024-05-31 00:00:00
499,90,1,2024-05-31 01:00:00
129,52,1,2024-05-31 02:00:00
160,8,3,2024-05-31 03:00:00
89,107,5,2024-05-31 04:00:00
93,169,1,2024-05-31 05:00:00
327,131,5,2024-05-31 06:00:00
241,197,1,2024-05-31 07:00:00
323,142,1,2024-05-31 08:00:00
468,96,3,2024-05-31 09:00:00
404,26,4,2024-05-31 10:00:00
117,111,3,2024-05-31 11:00:00
94,198,1,2024-05-31 12:00:00
163,123,4,2024-05-31 13:00:00
99,186,4,2024-05-31 14:00:00
113,168,4,2024-05-31 15:00:00
359,51,5,2024-05-31 16:00:00
91,123,1,2024-05-31 17:00:00
346,5,2,2024-05-31 18:00:00
206,77,3,2024-05-31 19:00:00
17,160,5,2024-05-31 20:00:00
274,1,3,2024-05-31 21:00:00
173,182,2,2024-05-31 22:00:00
116,11,4,2024-05-31 23:00:00
349,181,2,2024-06-01 00:00:00
468,8,3,2024-06-01 01:00:00
181,153,2,2024-06-01 02:00:00
91,168,1,2024-06-01 03:00:00
82,32,2,2024-06-01 04:00:00
324,28,1,2024-06-01 05:00:00
449,131,2,2024-06-01 06:00:00
114,128,1,2024-06-01 07:00:00
257,62,1,2024-06-01 08:00:00
58,27,2,2024-06-01 09:00:00
154,45,5,2024-06-01 10:00:00
365,105,4,2024-06-01 11:00:00
404,92,4,2024-06-01 12:00:00
116,25,4,2024-06-01 13:00:00
343,189,1,2024-06-01 14:00:00
266,44,4,2024-06-01 15:00:00
315,174,1,2024-06-01 16:00:00
203,142,5,2024-06-01 17:00:00
41,136,2,2024-06-01 18:00:00
105,176,2,2024-06-01 19:00:00
389,142,1,2024-06-01 20:00:00
378,193,1,2024-06-01 21:00:00
193,80,5,2024-06-01 22:00:00
401,82,4,2024-06-01 23:00:00
278,135,5,2024-06-02 00:00:00
354,88,2,2024-06-02 01:00:00
237,177,2,2024-06-02 02:00:00
425,127,4,2024-06-02 03:00:00
221,55,2,2024-06-02 04:00:00
68,141,1,2024-06-02 05:00:00
197,184,2,2024-06-02 06:00:00
256,56,3,2024-06-02 07:00:00
139,15,4,2024-06-02 08:00:00
312,185,4,2024-06-02 09:00:00
435,58,4,2024-06-02 10:00:00
149,163,3,2024-06-02 11:00:00
99,88,5,2024-06-02 12:00:00
76,97,1,2024-06-02 13:00:00
282,144,4,2024-06-02 14:00:00
371,8,2,2024-06-02 15:00:00
403,173,1,2024-06-02 16:00:00
109,40,2,2024-06-02 17:00:00
188,182,1,2024-06-02 18:00:00
199,14,1,2024-06-02 19:00:00
303,187,2,2024-06-02 20:00:00
327,53,2,2024-06-02 21:00:00
154,127,1,2024-06-02 22:00:00
40,155,4,2024-06-02 23:00:00
133,175,2,2024-06-03 00:00:00
405,80,3,2024-06-03 01:00:00
462,115,3,2024-06-03 02:00:00
132,134,1,2024-06-03 03:00:00
279,55,5,2024-06-03 04:00:00
362,44,1,2024-06-03 05:00:00
84,18,1,2024-06-03 06:00:00
399,16,4,2024-06-03 07:00:00
242,12,4,2024-06-03 08:00:00
116,148,5,2024-06-03 09:00:00
109,45,5,2024-06-03 10:00:00
221,192,5,2024-06-03 11:00:00
392,187,5,2024-06-03 12:00:00
41,93,5,2024-06-03 13:00:00
368,22,1,2024-06-03 14:00:00
147,97,1,2024-06-03 15:00:00
112,47,3,2024-06-03 16:00:00
103,29,3,2024-06-03 17:00:00
46,45,2,2024-06-03 18:00:00
412,77,1,2024-06-03 19:00:00
494,9,5,2024-06-03 20:00:00
475,24,2,2024-06-03 21:00:00
324,15,4,2024-06-03 22:00:00
378,164,1,2024-06-03 23:00:00
271,13,3,2024-06-04 00:00:00
483,91,1,2024-06-04 01:00:00
421,172,1,2024-06-04 02:00:00
385,101,1,2024-06-04 03:00:00
195,71,1,2024-06-04 04:00:00
367,200,4,2024-06-04 05:00:00
280,122,3,2024-06-04 06:00:00
283,76,1,2024-06-04 07:00:00
40,164,4,2024-06-04 08:00:00
447,116,2,2024-06-04 09:00:00
189,61,1,2024-06-04 10:00:00
164,168,4,2024-06-04 11:00:00
482,126,5,2024-06-04 12:00:00
477,155,2,2024-06-04 13:00:00
24,1,3,2024-06-04 14:00:00
24,162,1,2024-06-04 15:00:00
490,68,1,2024-06-04 16:00:00
4,88,4,2024-06-04 17:00:00
323,21,3,2024-06-04 18:00:00
290,161,5,2024-06-04 19:00:00
441,135,2,2024-06-04 20:00:00
433,193,3,2024-06-04 21:00:00
471,3,1,2024-06-04 22:00:00
181,51,4,2024-06-04 23:00:00
248,79,5,2024-06-05 00:00:00
116,95,4,2024-06-05 01:00:00
279,182,2,2024-06-05 02:00:00
365,123,3,2024-06-05 03:00:00
69,187,4,2024-06-05 04:00:00
351,6,4,2024-06-05 05:00:00
254,157,1,2024-06-05 06:00:00
181,17,4,2024-06-05 07:00:00
318,117,5,2024-06-05 08:00:00
169,60,3,2024-06-05 09:00:00
313,150,2,2024-06-05 10:00:00
249,152,4,2024-06-05 11:00:00
188,125,5,2024-06-05 12:00:00
54,81,2,2024-06-05 13:00:00
326,85,5,2024-06-05 14:00:00
357,51,4,2024-06-05 15:00:00
313,178,4,2024-06-05 16:00:00
138,139,3,2024-06-05 17:00:00
168,184,1,2024-06-05 18:00:00
391,71,5,2024-06-05 19:00:00
103,170,1,2024-06-05 20:00:00
422,39,1,2024-06-05 21:00:00
85,69,2,2024-06-05 22:00:00
317,48,2,2024-06-05 23:00:00
212,125,5,2024-06-06 00:00:00
3,57,1,2024-06-06 01:00:00
384,21,3,2024-06-06 02:00:00
179,82,1,2024-06-06 03:00:00
342,99,2,2024-06-06 04:00:00
303,148,1,2024-06-06 05:00:00
452,15,4,2024-06-06 06:00:00
476,69,4,2024-06-06 07:00:00
332,179,3,2024-06-06 08:00:00
38,76,5,2024-06-06 09:00:00
499,62,1,2024-06-06 10:00:00
420,119,4,2024-06-06 11:00:00
239,37,5,2024-06-06 12:00:00
169,134,4,2024-06-06 13:00:00
453,199,5,2024-06-06 14:00:00
397,26,5,2024-06-06 15:00:00
343,8,4,2024-06-06 16:00:00
314,4,2,2024-06-06 17:00:00
306,21,5,2024-06-06 18:00:00
30,159,1,2024-06-06 19:00:00
190,149,4,2024-06-06 20:00:00
357,25,2,2024-06-06 21:00:00
25,143,4,2024-06-06 22:00:00
112,163,3,2024-06-06 23:00:00
411,177,1,2024-06-07 00:00:00
435,43,3,2024-06-07 01:00:00
206,169,5,2024-06-07 02:00:00
185,37,5,2024-06-07 03:00:00
382,185,3,2024-06-07 04:00:00
496,42,3,2024-06-07 05:00:00
379,175,5,2024-06-07 06:00:00
47,92,2,2024-06-07 07:00:00
374,61,1,2024-06-07 08:00:00
228,142,4,2024-06-07 09:00:00
39,68,3,2024-06-07 10:00:00
16,53,1,2024-06-07 11:00:00
22,84,4,2024-06-07 12:00:00
213,34,4,2024-06-07 13:00:00
310,76,3,2024-06-07 14:00:00
149,97,2,2024-06-07 15:00:00
456,152,2,2024-06-07 16:00:00
241,148,1,2024-06-07 17:00:00
272,197,1,2024-06-07 18:00:00
59,30,5,2024-06-07 19:00:00
287,88,2,2024-06-07 20:00:00
426,7,1,2024-06-07 21:00:00
202,36,5,2024-06-07 22:00:00
32,38,4,2024-06-07 23:00:00
443,52,1,2024-06-08 00:00:00
162,143,5,2024-06-08 01:00:00
255,174,2,2024-06-08 02:00:00
254,151,4,2024-06-08 03:00:00
9,140,1,2024-06-08 04:00:00
465,172,2,2024-06-08 05:00:00
139,143,4,2024-06-08 06:00:00
480,93,3,2024-06-08 07:00:00
10,107,2,2024-06-08 08:00:00
214,126,3,2024-06-08 09:00:00
273,49,1,2024-06-08 10:00:00
324,21,5,2024-06-08 11:00:00
48,15,1,2024-06-08 12:00:00
436,14,2,2024-06-08 13:00:00
111,42,3,2024-06-08 14:00:00
153,15,3,2024-06-08 15:00:00
123,63,4,2024-06-08 16:00:00
405,196,1,2024-06-08 17:00:00
357,27,1,2024-06-08 18:00:00
102,93,2,2024-06-08 19:00:00
241,105,3,2024-06-08 20:00:00
321,53,2,2024-06-08 21:00:00
191,52,2,2024-06-08 22:00:00
217,63,3,2024-06-08 23:00:00
51,181,2,2024-06-09 00:00:00
292,57,3,2024-06-09 01:00:00
81,120,2,2024-06-09 02:00:00
489,52,5,2024-06-09 03:00:00
383,107,2,2024-06-09 04:00:00
88,43,2,2024-06-09 05:00:00
194,135,5,2024-06-09 06:00:00
104,117,1,2024-06-09 07:00:00
271,170,3,2024-06-09 08:00:00
96,4,4,2024-06-09 09:00:00
423,197,5,2024-06-09 10:00:00
379,133,1,2024-06-09 11:00:00
198,80,2,2024-06-09 12:00:00
1,41,1,2024-06-09 13:00:00
495,132,5,2024-06-09 14:00:00
407,2,2,2024-06-09 15:00:00
378,195,1,2024-06-09 16:00:00
167,149,4,2024-06-09 17:00:00
126,198,3,2024-06-09 18:00:00
313,43,3,2024-06-09 19:00:00
81,82,5,2024-06-09 20:00:00
418,108,2,2024-06-09 21:00:00
251,197,2,2024-06-09 22:00:00
169,137,3,2024-06-09 23:00:00
477,156,1,2024-06-10 00:00:00
73,26,2,2024-06-10 01:00:00
141,82,4,2024-06-10 02:00:00
70,83,4,2024-06-10 03:00:00
262,131,2,2024-06-10 04:00:00
340,73,2,2024-06-10 05:00:00
308,100,3,2024-06-10 06:00:00
245,49,5,2024-06-10 07:00:00
3,145,3,2024-06-10 08:00:00
337,63,5,2024-06-10 09:00:00
63,55,4,2024-06-10 10:00:00
49,151,5,2024-06-10 11:00:00
76,34,3,2024-06-10 12:00:00
368,105,2,2024-06-10 13:00:00
175,105,5,2024-06-10 14:00:00
109,69,3,2024-06-10 15:00:00
183,15,4,2024-06-10 16:00:00
192,175,5,2024-06-10 17:00:00
65,3,4,2024-06-10 18:00:00
337,156,4,2024-06-10 19:00:00
451,3,1,2024-06-10 20:00:00
474,102,5,2024-06-10 21:00:00
271,4,3,2024-06-10 22:00:00
100,88,5,2024-06-10 23:00:00
32,159,5,2024-06-11 00:00:00
352,45,4,2024-06-11 01:00:00
128,187,4,2024-06-11 02:00:00
452,45,4,2024-06-11 03:00:00
402,75,4,2024-06-11 04:00:00
369,165,3,2024-06-11 05:00:00
339,193,2,2024-06-11 06:00:00
43,9,1,2024-06-11 07:00:00
372,145,4,2024-06-11 08:00:00
419,118,4,2024-06-11 09:00:00
488,65,1,2024-06-11 10:00:00
78,131,4,2024-06-11 11:00:00
314,26,2,2024-06-11 12:00:00
289,181,5,2024-06-11 13:00:00
270,159,1,2024-06-11 14:00:00
162,26,3,2024-06-11 15:00:00
189,23,1,2024-06-11 16:00:00
247,30,2,2024-06-11 17:00:00
388,10,3,2024-06-11 18:00:00
216,72,5,2024-06-11 19:00:00
315,64,4,2024-06-11 20:00:00
413,150,1,2024-06-11 21:00:00
339,143,3,2024-06-11 22:00:00
390,123,1,2024-06-11 23:00:00
377,105,5,2024-06-12 00:00:00
481,184,1,2024-06-12 01:00:00
433,74,3,2024-06-12 02:00:00
168,148,2,2024-06-12 03:00:00
339,105,3,2024-06-12 04:00:00
193,47,1,2024-06-12 05:00:00
453,87,5,2024-06-12 06:00:00
283,53,4,2024-06-12 07:00:00
336,181,4,2024-06-12 08:00:00
390,129,5,2024-06-12 09:00:00
488,2,1,2024-06-12 10:00:00
13,58,5,2024-06-12 11:00:00
240,147,1,2024-06-12 12:00:00
320,190,3,2024-06-12 13:00:00
446,72,2,2024-06-12 14:00:00
483,140,1,2024-06-12 15:00:00
147,154,4,2024-06-12 16:00:00
204,27,4,2024-06-12 17:00:00
80,29,2,2024-06-12 18:00:00
379,15,1,2024-06-12 19:00:00
43,174,2,2024-06-12 20:00:00
458,129,3,2024-06-12 21:00:00
89,60,2,2024-06-12 22:00:00
148,107,3,2024-06-12 23:00:00
95,185,4,2024-06-13 00:00:00
452,3,3,2024-06-13 01:00:00
428,115,1,2024-06-13 02:00:00
151,146,1,2024-06-13 03:00:00
2,52,1,2024-06-13 04:00:00
376,60,1,2024-06-13 05:00:00
22,34,5,2024-06-13 06:00:00
371,96,3,2024-06-13 07:00:00
313,89,1,2024-06-13 08:00:00
485,60,2,2024-06-13 09:00:00
328,154,2,2024-06-13 10:00:00
7,200,5,2024-06-13 11:00:00
206,19,3,2024-06-13 12:00:00
440,111,3,2024-06-13 13:00:00
375,22,3,2024-06-13 14:00:00
451,161,5,2024-06-13 15:00:00
114,166,3,2024-06-13 16:00:00
272,128,3,2024-06-13 17:00:00
83,35,1,2024-06-13 18:00:00
179,107,3,2024-06-13 19:00:00
210,128,1,2024-06-13 20:00:00
500,195,1,2024-06-13 21:00:00
464,83,3,2024-06-13 22:00:00
328,138,2,2024-06-13 23:00:00
124,143,4,2024-06-14 00:00:00
481,139,2,2024-06-14 01:00:00
113,111,3,2024-06-14 02:00:00
12,90,3,2024-06-14 03:00:00
126,24,2,2024-06-14 04:00:00
53,77,3,2024-06-14 05:00:00
331,101,1,2024-06-14 06:00:00
389,132,5,2024-06-14 07:00:00
283,13,3,2024-06-14 08:00:00
140,185,3,2024-06-14 09:00:00
401,98,2,2024-06-14 10:00:00
390,120,1,2024-06-14 11:00:00
97,37,2,2024-06-14 12:00:00
5,48,2,2024-06-14 13:00:00
57,199,3,2024-06-14 14:00:00
412,1,1,2024-06-14 15:00:00
334,60,3,2024-06-14 16:00:00
69,140,3,2024-06-14 17:00:00
118,149,3,2024-06-14 18:00:00
376,139,3,2024-06-14 19:00:00
59,44,5,2024-06-14 20:00:00
33,115,4,2024-06-14 21:00:00
318,186,1,2024-06-14 22:00:00
50,108,5,2024-06-14 23:00:00
368,44,4,2024-06-15 00:00:00
489,78,4,2024-06-15 01:00:00
19,162,4,2024-06-15 02:00:00
214,25,5,2024-06-15 03:00:00
197,132,1,2024-06-15 04:00:00
379,192,2,2024-06-15 05:00:00
450,116,4,2024-06-15 06:00:00
478,119,2,2024-06-15 07:00:00
47,144,2,2024-06-15 08:00:00
167,10,3,2024-06-15 09:00:00
452,109,2,2024-06-15 10:00:00
289,194,3,2024-06-15 11:00:00
141,35,1,2024-06-15 12:00:00
84,134,1,2024-06-15 13:00:00
182,19,3,2024-06-15 14:00:00
391,187,1,2024-06-15 15:00:00
79,181,4,2024-06-15 16:00:00
215,8,1,2024-06-15 17:00:00
14,10,3,2024-06-15 18:00:00
215,195,4,2024-06-15 19:00:00
403,166,2,2024-06-15 20:00:00
128,29,2,2024-06-15 21:00:00
310,15,2,2024-06-15 22:00:00
477,87,3,2024-06-15 23:00:00
248,23,2,2024-06-16 00:00:00
404,46,1,2024-06-16 01:00:00
29,28,2,2024-06-16 02:00:00
280,26,5,2024-06-16 03:00:00
338,10,5,2024-06-16 04:00:00
319,175,2,2024-06-16 05:00:00
202,4,2,2024-06-16 06:00:00
361,55,5,2024-06-16 07:00:00
57,66,2,2024-06-16 08:00:00
392,67,4,2024-06-16 09:00:00
218,135,5,2024-06-16 10:00:00
62,55,3,2024-06-16 11:00:00
157,31,5,2024-06-16 12:00:00
202,74,1,2024-06-16 13:00:00
17,19,4,2024-06-16 14:00:00
322,156,3,2024-06-16 15:00:00
6,81,2,2024-06-16 16:00:00
58,156,1,2024-06-16 17:00:00
325,147,1,2024-06-16 18:00:00
412,87,4,2024-06-16 19:00:00
318,20,3,2024-06-16 20:00:00
169,13,1,2024-06-16 21:00:00
453,77,3,2024-06-16 22:00:00
82,43,3,2024-06-16 23:00:00
474,139,1,2024-06-17 00:00:00
468,176,3,2024-06-17 01:00:00
425,143,4,2024-06-17 02:00:00
433,145,1,2024-06-17 03:00:00
219,182,4,2024-06-17 04:00:00
177,50,4,2024-06-17 05:00:00
204,28,3,2024-06-17 06:00:00
71,4,3,2024-06-17 07:00:00
387,22,1,2024-06-17 08:00:00
266,119,2,2024-06-17 09:00:00
98,101,1,2024-06-17 10:00:00
345,39,4,2024-06-17 11:00:00
291,34,3,2024-06-17 12:00:00
208,97,4,2024-06-17 13:00:00
2,44,5,2024-06-17 14:00:00
124,170,5,2024-06-17 15:00:00
280,40,4,2024-06-17 16:00:00
74,97,2,2024-06-17 17:00:00
166,140,2,2024-06-17 18:00:00
22,130,1,2024-06-17 19:00:00
154,156,1,2024-06-17 20:00:00
427,74,1,2024-06-17 21:00:00
439,86,3,2024-06-17 22:00:00
295,90,2,2024-06-17 23:00:00
219,67,4,2024-06-18 00:00:00
157,199,5,2024-06-18 01:00:00
495,200,2,2024-06-18 02:00:00
230,76,2,2024-06-18 03:00:00
20,92,2,2024-06-18 04:00:00
475,10,1,2024-06-18 05:00:00
41,86,3,2024-06-18 06:00:00
438,102,4,2024-06-18 07:00:00
148,185,1,2024-06-18 08:00:00
108,108,3,2024-06-18 09:00:00
403,165,2,2024-06-18 10:00:00
84,91,3,2024-06-18 11:00:00
483,192,1,2024-06-18 12:00:00
367,79,2,2024-06-18 13:00:00
322,86,1,2024-06-18 14:00:00
414,107,4,2024-06-18 15:00:00
309,168,2,2024-06-18 16:00:00
290,101,3,2024-06-18 17:00:00
406,108,1,2024-06-18 18:00:00
323,60,5,2024-06-18 19:00:00
134,48,3,2024-06-18 20:00:00
207,117,3,2024-06-18 21:00:00
283,106,2,2024-06-18 22:00:00
266,147,3,2024-06-18 23:00:00
73,200,1,2024-06-19 00:00:00
481,33,5,2024-06-19 01:00:00
352,44,4,2024-06-19 02:00:00
48,165,5,2024-06-19 03:00:00
326,112,1,2024-06-19 04:00:00
233,89,2,2024-06-19 05:00:00
443,36,1,2024-06-19 06:00:00
100,81,3,2024-06-19 07:00:00
59,88,2,2024-06-19 08:00:00
258,149,4,2024-06-19 09:00:00
413,130,4,2024-06-19 10:00:00
452,31,1,2024-06-19 11:00:00
65,108,3,2024-06-19 12:00:00
83,30,4,2024-06-19 13:00:00
154,172,5,2024-06-19 14:00:00
473,12,2,2024-06-19 15:00:00
266,51,5,2024-06-19 16:00:00
309,121,4,2024-06-19 17:00:00
79,177,4,2024-06-19 18:00:00
315,152,1,2024-06-19 19:00:00
150,152,1,2024-06-19 20:00:00
435,188,2,2024-06-19 21:00:00
48,139,1,2024-06-19 22:00:00
405,13,3,2024-06-19 23:00:00
379,91,2,2024-06-20 00:00:00
248,200,3,2024-06-20 01:00:00
278,74,1,2024-06-20 02:00:00
356,200,2,2024-06-20 03:00:00
98,192,4,2024-06-20 04:00:00
414,20,5,2024-06-20 05:00:00
25,72,4,2024-06-20 06:00:00
493,73,3,2024-06-20 07:00:00
284,71,4,2024-06-20 08:00:00
449,78,4,2024-06-20 09:00:00
369,28,5,2024-06-20 10:00:00
301,130,5,2024-06-20 11:00:00
68,121,4,2024-06-20 12:00:00
7,43,5,2024-06-20 13:00:00
305,8,4,2024-06-20 14:00:00
137,13,2,2024-06-20 15:00:00
164,111,4,2024-06-20 16:00:00
83,35,1,2024-06-20 17:00:00
385,23,5,2024-06-20 18:00:00
138,46,5,2024-06-20 19:00:00
420,15,3,2024-06-20 20:00:00
73,130,3,2024-06-20 21:00:00
237,61,1,2024-06-20 22:00:00
46,115,5,2024-06-20 23:00:00
106,64,5,2024-06-21 00:00:00
416,52,3,2024-06-21 01:00:00
288,164,3,2024-06-21 02:00:00
262,195,4,2024-06-21 03:00:00
176,69,5,2024-06-21 04:00:00
166,67,5,2024-06-21 05:00:00
145,175,4,2024-06-21 06:00:00
330,83,5,2024-06-21 07:00:00
370,2,1,2024-06-21 08:00:00
283,172,3,2024-06-21 09:00:00
54,192,3,2024-06-21 10:00:00
178,78,3,2024-06-21 11:00:00
419,28,2,2024-06-21 12:00:00
244,54,1,2024-06-21 13:00:00
341,67,1,2024-06-21 14:00:00
127,164,4,2024-06-21 15:00:00
409,102,2,2024-06-21 16:00:00
412,120,5,2024-06-21 17:00:00
367,191,1,2024-06-21 18:00:00
271,153,2,2024-06-21 19:00:00
132,48,2,2024-06-21 20:00:00
93,167,1,2024-06-21 21:00:00
379,47,4,2024-06-21 22:00:00
73,21,2,2024-06-21 23:00:00
411,158,3,2024-06-22 00:00:00
410,92,2,2024-06-22 01:00:00
403,159,5,2024-06-22 02:00:00
248,121,1,2024-06-22 03:00:00
348,116,5,2024-06-22 04:00:00
273,154,4,2024-06-22 05:00:00
43,150,3,2024-06-22 06:00:00
377,149,1,2024-06-22 07:00:00
41,1,2,2024-06-22 08:00:00
170,165,3,2024-06-22 09:00:00
434,77,2,2024-06-22 10:00:00
212,85,4,2024-06-22 11:00:00
493,46,1,2024-06-22 12:00:00
168,137,4,2024-06-22 13:00:00
39,145,4,2024-06-22 14:00:00
369,47,4,2024-06-22 15:00:00
245,59,4,2024-06-22 16:00:00
151,54,2,2024-06-22 17:00:00
111,86,5,2024-06-22 18:00:00
480,12,2,2024-06-22 19:00:00
436,192,3,2024-06-22 20:00:00
47,6,4,2024-06-22 21:00:00
63,53,3,2024-06-22 22:00:00
225,144,2,2024-06-22 23:00:00
366,90,4,2024-06-23 00:00:00
69,5,2,2024-06-23 01:00:00
299,73,4,2024-06-23 02:00:00
432,174,2,2024-06-23 03:00:00
290,14,1,2024-06-23 04:00:00
296,172,5,2024-06-23 05:00:00
203,191,5,2024-06-23 06:00:00
61,106,4,2024-06-23 07:00:00
434,52,1,2024-06-23 08:00:00
451,116,3,2024-06-23 09:00:00
318,26,1,2024-06-23 10:00:00
314,53,4,2024-06-23 11:00:00
161,109,1,2024-06-23 12:00:00
331,29,3,2024-06-23 13:00:00
16,19,4,2024-06-23 14:00:00
338,47,5,2024-06-23 15:00:00
94,136,1,2024-06-23 16:00:00
304,23,5,2024-06-23 17:00:00
138,117,5,2024-06-23 18:00:00
338,106,2,2024-06-23 19:00:00
38,163,3,2024-06-23 20:00:00
127,53,1,2024-06-23 21:00:00
275,96,5,2024-06-23 22:00:00
164,186,5,2024-06-23 23:00:00
443,5,3,2024-06-24 00:00:00
319,16,5,2024-06-24 01:00:00
77,17,5,2024-06-24 02:00:00
174,160,5,2024-06-24 03:00:00
387,102,5,2024-06-24 04:00:00
458,180,2,2024-06-24 05:00:00
358,20,2,2024-06-24 06:00:00
321,112,4,2024-06-24 07:00:00
376,120,1,2024-06-24 08:00:00
91,194,3,2024-06-24 09:00:00
238,111,4,2024-06-24 10:00:00
264,1,2,2024-06-24 11:00:00
179,58,2,2024-06-24 12:00:00
494,93,2,2024-06-24 13:00:00
490,172,4,2024-06-24 14:00:00
209,6,2,2024-06-24 15:00:00
73,108,4,2024-06-24 16:00:00
390,103,2,2024-06-24 17:00:00
107,50,5,2024-06-24 18:00:00
345,118,5,2024-06-24 19:00:00
295,110,1,2024-06-24 20:00:00
369,200,2,2024-06-24 21:00:00
444,88,1,2024-06-24 22:00:00
284,20,4,2024-06-24 23:00:00
353,14,1,2024-06-25 00:00:00
182,133,2,2024-06-25 01:00:00
37,169,4,2024-06-25 02:00:00
137,40,4,2024-06-25 03:00:00
338,34,5,2024-06-25 04:00:00
56,124,4,2024-06-25 05:00:00
187,45,4,2024-06-25 06:00:00
341,199,1,2024-06-25 07:00:00
258,80,4,2024-06-25 08:00:00
445,71,3,2024-06-25 09:00:00
58,155,5,2024-06-25 10:00:00
363,78,5,2024-06-25 11:00:00
123,78,4,2024-06-25 12:00:00
188,172,1,2024-06-25 13:00:00
230,33,5,2024-06-25 14:00:00
168,33,5,2024-06-25 15:00:00
420,44,3,2024-06-25 16:00:00
114,20,4,2024-06-25 17:00:00
252,111,5,2024-06-25 18:00:00
107,164,5,2024-06-25 19:00:00
37,7,5,2024-06-25 20:00:00
335,160,5,2024-06-25 21:00:00
92,195,1,2024-06-25 22:00:00
18,167,2,2024-06-25 23:00:00
354,24,3,2024-06-26 00:00:00
63,70,1,2024-06-26 01:00:00
150,112,3,2024-06-26 02:00:00
139,104,5,2024-06-26 03:00:00
186,54,3,2024-06-26 04:00:00
185,38,4,2024-06-26 05:00:00
205,74,4,2024-06-26 06:00:00
260,80,2,2024-06-26 07:00:00
214,32,2,2024-06-26 08:00:00
256,45,3,2024-06-26 09:00:00
135,61,1,2024-06-26 10:00:00
61,198,1,2024-06-26 11:00:00
363,53,5,2024-06-26 12:00:00
310,128,1,2024-06-26 13:00:00
88,179,2,2024-06-26 14:00:00
324,76,1,2024-06-26 15:00:00
476,184,5,2024-06-26 16:00:00
207,27,4,2024-06-26 17:00:00
129,166,1,2024-06-26 18:00:00
311,62,1,2024-06-26 19:00:00
3,18,2,2024-06-26 20:00:00
462,127,3,2024-06-26 21:00:00
422,109,4,2024-06-26 22:00:00
242,103,3,2024-06-26 23:00:00
121,192,5,2024-06-27 00:00:00
385,77,5,2024-06-27 01:00:00
102,117,3,2024-06-27 02:00:00
38,104,2,2024-06-27 03:00:00
341,158,2,2024-06-27 04:00:00
496,49,2,2024-06-27 05:00:00
413,169,4,2024-06-27 06:00:00
133,116,5,2024-06-27 07:00:00
497,141,5,2024-06-27 08:00:00
202,162,5,2024-06-27 09:00:00
348,100,4,2024-06-27 10:00:00
21,125,5,2024-06-27 11:00:00
242,25,3,2024-06-27 12:00:00
455,194,1,2024-06-27 13:00:00
451,128,4,2024-06-27 14:00:00
109,100,1,2024-06-27 15:00:00
303,146,3,2024-06-27 16:00:00
84,5,2,2024-06-27 17:00:00
83,19,2,2024-06-27 18:00:00
291,170,2,2024-06-27 19:00:00
452,18,4,2024-06-27 20:00:00
69,121,2,2024-06-27 21:00:00
129,32,4,2024-06-27 22:00:00
196,149,4,2024-06-27 23:00:00
140,10,1,2024-06-28 00:00:00
444,37,2,2024-06-28 01:00:00
283,177,5,2024-06-28 02:00:00
312,86,2,2024-06-28 03:00:00
234,13,2,2024-06-28 04:00:00
23,183,2,2024-06-28 05:00:00
153,145,5,2024-06-28 06:00:00
277,9,5,2024-06-28 07:00:00
61,88,4,2024-06-28 08:00:00
319,172,5,2024-06-28 09:00:00
378,46,4,2024-06-28 10:00:00
52,136,1,2024-06-28 11:00:00
344,119,4,2024-06-28 12:00:00
153,165,2,2024-06-28 13:00:00
237,19,3,2024-06-28 14:00:00
311,191,3,2024-06-28 15:00:00
302,174,2,2024-06-28 16:00:00
32,94,4,2024-06-28 17:00:00
55,199,2,2024-06-28 18:00:00
352,26,5,2024-06-28 19:00:00
389,46,4,2024-06-28 20:00:00
36,118,2,2024-06-28 21:00:00
110,46,5,2024-06-28 22:00:00
490,14,5,2024-06-28 23:00:00
177,85,4,2024-06-29 00:00:00
362,63,1,2024-06-29 01:00:00
314,72,1,2024-06-29 02:00:00
295,3,5,2024-06-29 03:00:00
336,28,1,2024-06-29 04:00:00
97,125,5,2024-06-29 05:00:00
369,157,1,2024-06-29 06:00:00
213,87,5,2024-06-29 07:00:00
317,146,5,2024-06-29 08:00:00
137,163,5,2024-06-29 09:00:00
6,77,5,2024-06-29 10:00:00
499,76,3,2024-06-29 11:00:00
109,175,1,2024-06-29 12:00:00
35,114,5,2024-06-29 13:00:00
39,133,2,2024-06-29 14:00:00
150,75,4,2024-06-29 15:00:00
425,59,2,2024-06-29 16:00:00
118,59,2,2024-06-29 17:00:00
261,47,3,2024-06-29 18:00:00
426,95,1,2024-06-29 19:00:00
87,141,3,2024-06-29 20:00:00
465,78,1,2024-06-29 21:00:00
76,113,5,2024-06-29 22:00:00
471,109,3,2024-06-29 23:00:00
464,106,4,2024-06-30 00:00:00
451,89,1,2024-06-30 01:00:00
414,33,3,2024-06-30 02:00:00
313,97,4,2024-06-30 03:00:00
383,190,2,2024-06-30 04:00:00
214,79,5,2024-06-30 05:00:00
457,16,5,2024-06-30 06:00:00
285,44,2,2024-06-30 07:00:00
239,186,3,2024-06-30 08:00:00
165,120,2,2024-06-30 09:00:00
87,134,4,2024-06-30 10:00:00
141,108,1,2024-06-30 11:00:00
160,143,3,2024-06-30 12:00:00
46,4,1,2024-06-30 13:00:00
372,56,2,2024-06-30 14:00:00
495,64,5,2024-06-30 15:00:00
112,196,1,2024-06-30 16:00:00
407,162,1,2024-06-30 17:00:00
45,95,5,2024-06-30 18:00:00
401,56,1,2024-06-30 19:00:00
247,32,1,2024-06-30 20:00:00
104,116,5,2024-06-30 21:00:00
85,9,5,2024-06-30 22:00:00
450,191,2,2024-06-30 23:00:00
485,105,2,2024-07-01 00:00:00
134,200,1,2024-07-01 01:00:00
108,78,3,2024-07-01 02:00:00
18,161,2,2024-07-01 03:00:00
94,87,2,2024-07-01 04:00:00
150,21,3,2024-07-01 05:00:00
246,55,3,2024-07-01 06:00:00
289,76,5,2024-07-01 07:00:00
414,185,2,2024-07-01 08:00:00
209,130,4,2024-07-01 09:00:00
126,141,4,2024-07-01 10:00:00
235,126,1,2024-07-01 11:00:00
416,132,2,2024-07-01 12:00:00
426,84,4,2024-07-01 13:00:00
499,178,2,2024-07-01 14:00:00
462,115,2,2024-07-01 15:00:00
122,48,4,2024-07-01 16:00:00
138,123,2,2024-07-01 17:00:00
495,78,3,2024-07-01 18:00:00
115,30,1,2024-07-01 19:00:00
420,29,5,2024-07-01 20:00:00
162,136,4,2024-07-01 21:00:00
201,140,5,2024-07-01 22:00:00
234,41,1,2024-07-01 23:00:00
28,26,3,2024-07-02 00:00:00
11,50,3,2024-07-02 01:00:00
206,2,3,2024-07-02 02:00:00
167,55,3,2024-07-02 03:00:00
247,104,4,2024-07-02 04:00:00
47,184,4,2024-07-02 05:00:00
246,14,2,2024-07-02 06:00:00
127,134,2,2024-07-02 07:00:00
147,128,1,2024-07-02 08:00:00
118,104,2,2024-07-02 09:00:00
399,95,1,2024-07-02 10:00:00
382,81,1,2024-07-02 11:00:00
412,61,1,2024-07-02 12:00:00
152,12,3,2024-07-02 13:00:00
72,13,5,2024-07-02 14:00:00
363,147,5,2024-07-02 15:00:00
137,172,4,2024-07-02 16:00:00
175,89,1,2024-07-02 17:00:00
289,95,3,2024-07-02 18:00:00
446,59,2,2024-07-02 19:00:00
481,37,2,2024-07-02 20:00:00
19,25,4,2024-07-02 21:00:00
195,16,4,2024-07-02 22:00:00
330,166,1,2024-07-02 23:00:00
424,171,1,2024-07-03 00:00:00
175,87,2,2024-07-03 01:00:00
490,142,2,2024-07-03 02:00:00
449,134,2,2024-07-03 03:00:00
413,23,2,2024-07-03 04:00:00
434,126,5,2024-07-03 05:00:00
354,60,1,2024-07-03 06:00:00
499,140,1,2024-07-03 07:00:00
141,141,2,2024-07-03 08:00:00
246,100,3,2024-07-03 09:00:00
385,103,2,2024-07-03 10:00:00
418,134,4,2024-07-03 11:00:00
93,63,3,2024-07-03 12:00:00
432,38,4,2024-07-03 13:00:00
239,128,3,2024-07-03 14:00:00
205,50,4,2024-07-03 15:00:00
48,180,2,2024-07-03 16:00:00
433,40,2,2024-07-03 17:00:00
245,8,3,2024-07-03 18:00:00
320,189,4,2024-07-03 19:00:00
317,8,5,2024-07-03 20:00:00
413,104,3,2024-07-03 21:00:00
295,34,3,2024-07-03 22:00:00
128,188,1,2024-07-03 23:00:00
344,57,3,2024-07-04 00:00:00
282,174,5,2024-07-04 01:00:00
17,22,2,2024-07-04 02:00:00
71,87,4,2024-07-04 03:00:00
269,40,1,2024-07-04 04:00:00
325,173,4,2024-07-04 05:00:00
282,183,2,2024-07-04 06:00:00
305,179,3,2024-07-04 07:00:00
451,86,5,2024-07-04 08:00:00
7,133,1,2024-07-04 09:00:00
314,95,5,2024-07-04 10:00:00
305,13,5,2024-07-04 11:00:00
103,28,5,2024-07-04 12:00:00
309,84,5,2024-07-04 13:00:00
193,62,2,2024-07-04 14:00:00
241,93,5,2024-07-04 15:00:00
62,87,5,2024-07-04 16:00:00
17,24,2,2024-07-04 17:00:00
171,98,4,2024-07-04 18:00:00
25,7,2,2024-07-04 19:00:00
251,166,3,2024-07-04 20:00:00
253,37,2,2024-07-04 21:00:00
387,68,4,2024-07-04 22:00:00
207,170,3,2024-07-04 23:00:00
29,86,3,2024-07-05 00:00:00
117,133,1,2024-07-05 01:00:00
491,192,5,2024-07-05 02:00:00
416,178,3,2024-07-05 03:00:00
282,87,3,2024-07-05 04:00:00
380,15,4,2024-07-05 05:00:00
144,123,3,2024-07-05 06:00:00
25,107,4,2024-07-05 07:00:00
310,181,5,2024-07-05 08:00:00
156,153,1,2024-07-05 09:00:00
73,89,1,2024-07-05 10:00:00
120,125,5,2024-07-05 11:00:00
312,113,5,2024-07-05 12:00:00
321,137,2,2024-07-05 13:00:00
93,166,3,2024-07-05 14:00:00
86,150,3,2024-07-05 15:00:00
336,107,3,2024-07-05 16:00:00
425,87,4,2024-07-05 17:00:00
499,177,2,2024-07-05 18:00:00
364,68,3,2024-07-05 19:00:00
435,15,4,2024-07-05 20:00:00
118,65,4,2024-07-05 21:00:00
233,54,1,2024-07-05 22:00:00
199,158,4,2024-07-05 23:00:00
206,93,5,2024-07-06 00:00:00
413,20,4,2024-07-06 01:00:00
339,33,5,2024-07-06 02:00:00
147,100,5,2024-07-06 03:00:00
450,77,1,2024-07-06 04:00:00
425,135,1,2024-07-06 05:00:00
429,136,4,2024-07-06 06:00:00
271,156,1,2024-07-06 07:00:00
387,173,1,2024-07-06 08:00:00
139,107,3,2024-07-06 09:00:00
181,120,4,2024-07-06 10:00:00
430,74,4,2024-07-06 11:00:00
30,11,4,2024-07-06 12:00:00
57,31,1,2024-07-06 13:00:00
232,12,1,2024-07-06 14:00:00
146,124,5,2024-07-06 15:00:00
435,78,2,2024-07-06 16:00:00
384,179,2,2024-07-06 17:00:00
48,172,2,2024-07-06 18:00:00
194,96,3,2024-07-06 19:00:00
224,50,1,2024-07-06 20:00:00
136,117,5,2024-07-06 21:00:00
22,17,5,2024-07-06 22:00:00
6,163,2,2024-07-06 23:00:00
204,129,3,2024-07-07 00:00:00
239,157,3,2024-07-07 01:00:00
185,179,2,2024-07-07 02:00:00
360,64,2,2024-07-07 03:00:00
292,132,1,2024-07-07 04:00:00
335,87,3,2024-07-07 05:00:00
220,156,5,2024-07-07 06:00:00
116,16,2,2024-07-07 07:00:00
313,63,1,2024-07-07 08:00:00
49,76,5,2024-07-07 09:00:00
173,181,3,2024-07-07 10:00:00
82,85,2,2024-07-07 11:00:00
322,109,2,2024-07-07 12:00:00
333,17,1,2024-07-07 13:00:00
45,168,1,2024-07-07 14:00:00
335,141,3,2024-07-07 15:00:00
20,180,2,2024-07-07 16:00:00
448,58,1,2024-07-07 17:00:00
221,165,2,2024-07-07 18:00:00
123,79,3,2024-07-07 19:00:00
234,61,2,2024-07-07 20:00:00
221,113,5,2024-07-07 21:00:00
323,121,2,2024-07-07 22:00:00
339,34,4,2024-07-07 23:00:00
3,70,4,2024-07-08 00:00:00
182,17,3,2024-07-08 01:00:00
206,20,3,2024-07-08 02:00:00
320,59,3,2024-07-08 03:00:00
40,69,5,2024-07-08 04:00:00
59,161,5,2024-07-08 05:00:00
439,102,2,2024-07-08 06:00:00
62,120,1,2024-07-08 07:00:00
132,145,4,2024-07-08 08:00:00
60,57,4,2024-07-08 09:00:00
372,83,4,2024-07-08 10:00:00
331,129,2,2024-07-08 11:00:00
122,13,2,2024-07-08 12:00:00
479,155,3,2024-07-08 13:00:00
107,198,1,2024-07-08 14:00:00
96,187,3,2024-07-08 15:00:00
347,6,2,2024-07-08 16:00:00
414,97,5,2024-07-08 17:00:00
235,94,3,2024-07-08 18:00:00
386,110,2,2024-07-08 19:00:00
62,151,2,2024-07-08 20:00:00
256,138,5,2024-07-08 21:00:00
49,51,5,2024-07-08 22:00:00
393,147,5,2024-07-08 23:00:00
348,51,1,2024-07-09 00:00:00
159,87,2,2024-07-09 01:00:00
124,68,5,2024-07-09 02:00:00
482,84,1,2024-07-09 03:00:00
317,42,4,2024-07-09 04:00:00
207,57,4,2024-07-09 05:00:00
48,196,4,2024-07-09 06:00:00
409,166,2,2024-07-09 07:00:00
420,62,1,2024-07-09 08:00:00
136,7,1,2024-07-09 09:00:00
201,112,4,2024-07-09 10:00:00
250,199,3,2024-07-09 11:00:00
314,178,4,2024-07-09 12:00:00
357,180,2,2024-07-09 13:00:00
368,26,4,2024-07-09 14:00:00
429,154,4,2024-07-09 15:00:00
318,19,1,2024-07-09 16:00:00
295,9,4,2024-07-09 17:00:00
480,61,5,2024-07-09 18:00:00
314,20,5,2024-07-09 19:00:00
500,106,3,2024-07-09 20:00:00
209,50,2,2024-07-09 21:00:00
355,81,2,2024-07-09 22:00:00
485,150,1,2024-07-09 23:00:00
211,141,2,2024-07-10 00:00:00
192,140,3,2024-07-10 01:00:00
44,10,5,2024-07-10 02:00:00
29,65,1,2024-07-10 03:00:00
59,158,5,2024-07-10 04:00:00
71,8,3,2024-07-10 05:00:00
92,149,1,2024-07-10 06:00:00
265,22,4,2024-07-10 07:00:00
383,18,2,2024-07-10 08:00:00
220,194,3,2024-07-10 09:00:00
390,176,1,2024-07-10 10:00:00
413,172,5,2024-07-10 11:00:00
442,9,1,2024-07-10 12:00:00
401,195,4,2024-07-10 13:00:00
400,54,3,2024-07-10 14:00:00
215,26,1,2024-07-10 15:00:00
479,94,3,2024-07-10 16:00:00
387,100,3,2024-07-10 17:00:00
277,26,5,2024-07-10 18:00:00
64,34,2,2024-07-10 19:00:00
346,8,4,2024-07-10 20:00:00
292,138,1,2024-07-10 21:00:00
490,48,2,2024-07-10 22:00:00
485,183,5,2024-07-10 23:00:00
245,107,2,2024-07-11 00:00:00
470,54,3,2024-07-11 01:00:00
62,168,3,2024-07-11 02:00:00
426,119,4,2024-07-11 03:00:00
332,143,1,2024-07-11 04:00:00
170,81,1,2024-07-11 05:00:00
445,146,5,2024-07-11 06:00:00
269,96,4,2024-07-11 07:00:00
267,102,1,2024-07-11 08:00:00
54,151,3,2024-07-11 09:00:00
16,62,4,2024-07-11 10:00:00
8,46,2,2024-07-11 11:00:00
104,87,4,2024-07-11 12:00:00
59,99,4,2024-07-11 13:00:00
313,39,1,2024-07-11 14:00:00
40,143,5,2024-07-11 15:00:00
237,53,5,2024-07-11 16:00:00
443,192,1,2024-07-11 17:00:00
386,191,1,2024-07-11 18:00:00
94,80,1,2024-07-11 19:00:00
222,16,5,2024-07-11 20:00:00
204,104,1,2024-07-11 21:00:00
138,70,2,2024-07-11 22:00:00
300,194,2,2024-07-11 23:00:00
395,141,3,2024-07-12 00:00:00
207,108,2,2024-07-12 01:00:00
336,47,4,2024-07-12 02:00:00
81,9,3,2024-07-12 03:00:00
218,191,2,2024-07-12 04:00:00
2,34,4,2024-07-12 05:00:00
178,157,2,2024-07-12 06:00:00
396,165,4,2024-07-12 07:00:00
371,171,1,2024-07-12 08:00:00
346,86,4,2024-07-12 09:00:00
279,115,1,2024-07-12 10:00:00
146,64,4,2024-07-12 11:00:00
318,152,4,2024-07-12 12:00:00
224,199,2,2024-07-12 13:00:00
369,34,4,2024-07-12 14:00:00
384,176,2,2024-07-12 15:00:00
62,12,4,2024-07-12 16:00:00
294,151,5,2024-07-12 17:00:00
239,97,3,2024-07-12 18:00:00
195,121,2,2024-07-12 19:00:00
166,141,2,2024-07-12 20:00:00
451,87,1,2024-07-12 21:00:00
222,102,5,2024-07-12 22:00:00
61,96,1,2024-07-12 23:00:00
129,173,5,2024-07-13 00:00:00
478,114,5,2024-07-13 01:00:00
173,193,4,2024-07-13 02:00:00
480,47,1,2024-07-13 03:00:00
156,58,3,2024-07-13 04:00:00
405,133,5,2024-07-13 05:00:00
378,121,5,2024-07-13 06:00:00
110,118,2,2024-07-13 07:00:00
269,5,4,2024-07-13 08:00:00
411,188,3,2024-07-13 09:00:00
356,96,5,2024-07-13 10:00:00
391,21,2,2024-07-13 11:00:00
278,152,1,2024-07-13 12:00:00
74,128,5,2024-07-13 13:00:00
487,124,2,2024-07-13 14:00:00
437,146,1,2024-07-13 15:00:00
463,21,4,2024-07-13 16:00:00
207,54,1,2024-07-13 17:00:00
388,138,5,2024-07-13 18:00:00
480,152,3,2024-07-13 19:00:00
279,104,1,2024-07-13 20:00:00
375,111,3,2024-07-13 21:00:00
326,116,3,2024-07-13 22:00:00
472,188,1,2024-07-13 23:00:00
340,57,4,2024-07-14 00:00:00
357,128,1,2024-07-14 01:00:00
340,151,2,2024-07-14 02:00:00
204,150,3,2024-07-14 03:00:00
161,196,5,2024-07-14 04:00:00
28,162,3,2024-07-14 05:00:00
392,120,5,2024-07-14 06:00:00
257,70,2,2024-07-14 07:00:00
165,156,2,2024-07-14 08:00:00
63,95,2,2024-07-14 09:00:00
22,99,1,2024-07-14 10:00:00
70,167,3,2024-07-14 11:00:00
381,42,5,2024-07-14 12:00:00
405,151,2,2024-07-14 13:00:00
96,70,2,2024-07-14 14:00:00
163,2,5,2024-07-14 15:00:00
79,152,3,2024-07-14 16:00:00
5,145,3,2024-07-14 17:00:00
316,109,5,2024-07-14 18:00:00
120,65,4,2024-07-14 19:00:00
302,70,3,2024-07-14 20:00:00
178,69,5,2024-07-14 21:00:00
176,121,5,2024-07-14 22:00:00
390,109,2,2024-07-14 23:00:00
217,60,5,2024-07-15 00:00:00
56,178,1,2024-07-15 01:00:00
366,93,2,2024-07-15 02:00:00
187,12,2,2024-07-15 03:00:00
232,103,3,2024-07-15 04:00:00
255,175,4,2024-07-15 05:00:00
413,195,3,2024-07-15 06:00:00
455,112,1,2024-07-15 07:00:00
104,65,2,2024-07-15 08:00:00
77,155,2,2024-07-15 09:00:00
230,48,5,2024-07-15 10:00:00
402,88,4,2024-07-15 11:00:00
258,62,4,2024-07-15 12:00:00
264,44,5,2024-07-15 13:00:00
331,147,1,2024-07-15 14:00:00
481,187,4,2024-07-15 15:00:00
182,136,2,2024-07-15 16:00:00
381,55,1,2024-07-15 17:00:00
256,108,3,2024-07-15 18:00:00
38,47,3,2024-07-15 19:00:00
176,2,1,2024-07-15 20:00:00
27,113,2,2024-07-15 21:00:00
276,167,3,2024-07-15 22:00:00
140,173,2,2024-07-15 23:00:00
299,160,5,2024-07-16 00:00:00
445,193,4,2024-07-16 01:00:00
287,166,1,2024-07-16 02:00:00
91,11,4,2024-07-16 03:00:00
480,138,5,2024-07-16 04:00:00
61,112,3,2024-07-16 05:00:00
458,187,2,2024-07-16 06:00:00
451,90,2,2024-07-16 07:00:00
365,55,5,2024-07-16 08:00:00
347,148,1,2024-07-16 09:00:00
163,17,4,2024-07-16 10:00:00
351,68,3,2024-07-16 11:00:00
143,133,1,2024-07-16 12:00:00
400,188,5,2024-07-16 13:00:00
253,151,5,2024-07-16 14:00:00
269,174,2,2024-07-16 15:00:00
369,52,3,2024-07-16 16:00:00
291,138,1,2024-07-16 17:00:00
500,174,2,2024-07-16 18:00:00
459,156,3,2024-07-16 19:00:00
187,97,4,2024-07-16 20:00:00
405,171,4,2024-07-16 21:00:00
499,154,2,2024-07-16 22:00:00
438,183,1,2024-07-16 23:00:00
459,48,3,2024-07-17 00:00:00
414,29,4,2024-07-17 01:00:00
304,27,4,2024-07-17 02:00:00
291,146,1,2024-07-17 03:00:00
86,104,2,2024-07-17 04:00:00
166,60,5,2024-07-17 05:00:00
415,106,3,2024-07-17 06:00:00
462,69,4,2024-07-17 07:00:00
408,114,5,2024-07-17 08:00:00
114,21,1,2024-07-17 09:00:00
433,152,2,2024-07-17 10:00:00
480,102,3,2024-07-17 11:00:00
356,131,1,2024-07-17 12:00:00
416,95,2,2024-07-17 13:00:00
183,190,1,2024-07-17 14:00:00
207,105,4,2024-07-17 15:00:00
256,125,4,2024-07-17 16:00:00
235,2,5,2024-07-17 17:00:00
442,66,1,2024-07-17 18:00:00
355,113,4,2024-07-17 19:00:00
3,170,2,2024-07-17 20:00:00
208,162,5,2024-07-17 21:00:00
197,42,3,2024-07-17 22:00:00
341,20,1,2024-07-17 23:00:00
125,97,4,2024-07-18 00:00:00
138,68,2,2024-07-18 01:00:00
339,173,1,2024-07-18 02:00:00
25,75,2,2024-07-18 03:00:00
68,125,5,2024-07-18 04:00:00
61,170,4,2024-07-18 05:00:00
29,47,4,2024-07-18 06:00:00
383,5,5,2024-07-18 07:00:00
19,49,2,2024-07-18 08:00:00
171,124,1,2024-07-18 09:00:00
450,37,2,2024-07-18 10:00:00
74,162,1,2024-07-18 11:00:00
61,198,5,2024-07-18 12:00:00
427,146,3,2024-07-18 13:00:00
153,19,1,2024-07-18 14:00:00
276,40,4,2024-07-18 15:00:00
48,17,4,2024-07-18 16:00:00
211,188,4,2024-07-18 17:00:00
343,99,2,2024-07-18 18:00:00
408,93,2,2024-07-18 19:00:00
139,42,2,2024-07-18 20:00:00
110,123,4,2024-07-18 21:00:00
482,107,1,2024-07-18 22:00:00
183,72,4,2024-07-18 23:00:00
28,65,1,2024-07-19 00:00:00
197,109,2,2024-07-19 01:00:00
191,53,3,2024-07-19 02:00:00
315,135,2,2024-07-19 03:00:00
389,133,5,2024-07-19 04:00:00
51,24,1,2024-07-19 05:00:00
149,28,3,2024-07-19 06:00:00
268,62,2,2024-07-19 07:00:00
50,17,3,2024-07-19 08:00:00
388,20,4,2024-07-19 09:00:00
246,3,1,2024-07-19 10:00:00
113,165,5,2024-07-19 11:00:00
170,143,4,2024-07-19 12:00:00
468,51,3,2024-07-19 13:00:00
166,176,2,2024-07-19 14:00:00
409,136,1,2024-07-19 15:00:00
14,141,5,2024-07-19 16:00:00
203,176,2,2024-07-19 17:00:00
288,3,5,2024-07-19 18:00:00
395,193,1,2024-07-19 19:00:00
189,73,3,2024-07-19 20:00:00
402,159,5,2024-07-19 21:00:00
155,105,1,2024-07-19 22:00:00
55,118,5,2024-07-19 23:00:00
182,154,2,2024-07-20 00:00:00
210,184,5,2024-07-20 01:00:00
376,34,2,2024-07-20 02:00:00
471,137,2,2024-07-20 03:00:00
75,62,1,2024-07-20 04:00:00
277,120,4,2024-07-20 05:00:00
428,115,5,2024-07-20 06:00:00
133,13,3,2024-07-20 07:00:00
343,69,2,2024-07-20 08:00:00
425,169,4,2024-07-20 09:00:00
59,77,2,2024-07-20 10:00:00
345,1,4,2024-07-20 11:00:00
489,89,4,2024-07-20 12:00:00
182,47,3,2024-07-20 13:00:00
458,4,4,2024-07-20 14:00:00
406,191,3,2024-07-20 15:00:00
339,180,1,2024-07-20 16:00:00
321,10,2,2024-07-20 17:00:00
64,28,3,2024-07-20 18:00:00
327,121,2,2024-07-20 19:00:00
260,126,5,2024-07-20 20:00:00
193,134,1,2024-07-20 21:00:00
143,155,5,2024-07-20 22:00:00
104,140,5,2024-07-20 23:00:00
460,62,4,2024-07-21 00:00:00
406,180,4,2024-07-21 01:00:00
214,176,5,2024-07-21 02:00:00
242,67,4,2024-07-21 03:00:00
431,174,2,2024-07-21 04:00:00
209,74,4,2024-07-21 05:00:00
93,95,5,2024-07-21 06:00:00
430,143,4,2024-07-21 07:00:00
142,199,4,2024-07-21 08:00:00
434,36,3,2024-07-21 09:00:00
404,142,3,2024-07-21 10:00:00
434,112,5,2024-07-21 11:00:00
112,131,2,2024-07-21 12:00:00
417,113,1,2024-07-21 13:00:00
375,110,1,2024-07-21 14:00:00
59,114,5,2024-07-21 15:00:00
43,67,2,2024-07-21 16:00:00
207,126,2,2024-07-21 17:00:00
268,86,2,2024-07-21 18:00:00
296,19,3,2024-07-21 19:00:00
118,182,5,2024-07-21 20:00:00
20,69,1,2024-07-21 21:00:00
222,10,2,2024-07-21 22:00:00
166,161,5,2024-07-21 23:00:00
131,141,1,2024-07-22 00:00:00
156,128,3,2024-07-22 01:00:00
184,99,4,2024-07-22 02:00:00
90,179,1,2024-07-22 03:00:00
94,32,1,2024-07-22 04:00:00
13,112,1,2024-07-22 05:00:00
461,24,4,2024-07-22 06:00:00
322,35,2,2024-07-22 07:00:00
293,83,4,2024-07-22 08:00:00
433,70,1,2024-07-22 09:00:00
230,168,3,2024-07-22 10:00:00
322,182,1,2024-07-22 11:00:00
292,109,3,2024-07-22 12:00:00
438,172,5,2024-07-22 13:00:00
26,190,3,2024-07-22 14:00:00
75,99,1,2024-07-22 15:00:00
456,196,4,2024-07-22 16:00:00
364,33,1,2024-07-22 17:00:00
424,56,1,2024-07-22 18:00:00
299,164,5,2024-07-22 19:00:00
150,182,2,2024-07-22 20:00:00
148,147,1,2024-07-22 21:00:00
8,171,5,2024-07-22 22:00:00
29,12,4,2024-07-22 23:00:00
296,11,5,2024-07-23 00:00:00
474,70,5,2024-07-23 01:00:00
414,140,3,2024-07-23 02:00:00
209,41,2,2024-07-23 03:00:00
128,153,2,2024-07-23 04:00:00
340,106,4,2024-07-23 05:00:00
116,3,5,2024-07-23 06:00:00
439,3,4,2024-07-23 07:00:00
144,84,4,2024-07-23 08:00:00
430,156,2,2024-07-23 09:00:00
318,151,2,2024-07-23 10:00:00
235,176,2,2024-07-23 11:00:00
7,195,1,2024-07-23 12:00:00
464,170,5,2024-07-23 13:00:00
45,107,4,2024-07-23 14:00:00
443,168,5,2024-07-23 15:00:00
239,134,4,2024-07-23 16:00:00
440,20,4,2024-07-23 17:00:00
432,139,4,2024-07-23 18:00:00
155,96,4,2024-07-23 19:00:00
181,124,3,2024-07-23 20:00:00
215,155,3,2024-07-23 21:00:00
88,21,1,2024-07-23 22:00:00
256,114,2,2024-07-23 23:00:00
73,13,4,2024-07-24 00:00:00
419,86,5,2024-07-24 01:00:00
179,35,3,2024-07-24 02:00:00
212,47,2,2024-07-24 03:00:00
293,156,1,2024-07-24 04:00:00
234,149,2,2024-07-24 05:00:00
465,146,4,2024-07-24 06:00:00
239,159,2,2024-07-24 07:00:00
223,188,4,2024-07-24 08:00:00
119,125,3,2024-07-24 09:00:00
313,110,3,2024-07-24 10:00:00
264,37,4,2024-07-24 11:00:00
207,21,5,2024-07-24 12:00:00
95,14,3,2024-07-24 13:00:00
373,91,5,2024-07-24 14:00:00
222,60,4,2024-07-24 15:00:00
366,124,4,2024-07-24 16:00:00
276,23,3,2024-07-24 17:00:00
380,111,5,2024-07-24 18:00:00
231,124,4,2024-07-24 19:00:00
309,157,3,2024-07-24 20:00:00
119,175,4,2024-07-24 21:00:00
268,30,2,2024-07-24 22:00:00
433,115,2,2024-07-24 23:00:00
273,90,3,2024-07-25 00:00:00
64,38,4,2024-07-25 01:00:00
298,83,3,2024-07-25 02:00:00
350,27,1,2024-07-25 03:00:00
413,104,3,2024-07-25 04:00:00
403,116,3,2024-07-25 05:00:00
494,15,2,2024-07-25 06:00:00
11,187,2,2024-07-25 07:00:00
98,3,4,2024-07-25 08:00:00
434,10,3,2024-07-25 09:00:00
71,120,3,2024-07-25 10:00:00
364,145,4,2024-07-25 11:00:00
58,128,5,2024-07-25 12:00:00
290,11,4,2024-07-25 13:00:00
251,176,2,2024-07-25 14:00:00
276,133,2,2024-07-25 15:00:00
50,69,3,2024-07-25 16:00:00
358,64,2,2024-07-25 17:00:00
216,14,4,2024-07-25 18:00:00
394,50,3,2024-07-25 19:00:00
416,154,4,2024-07-25 20:00:00
52,72,4,2024-07-25 21:00:00
271,69,3,2024-07-25 22:00:00
485,135,5,2024-07-25 23:00:00
84,127,2,2024-07-26 00:00:00
387,16,1,2024-07-26 01:00:00
293,183,1,2024-07-26 02:00:00
126,78,1,2024-07-26 03:00:00
296,101,2,2024-07-26 04:00:00
72,56,5,2024-07-26 05:00:00
296,105,4,2024-07-26 06:00:00
236,132,3,2024-07-26 07:00:00
56,48,5,2024-07-26 08:00:00
407,17,1,2024-07-26 09:00:00
360,111,2,2024-07-26 10:00:00
395,164,2,2024-07-26 11:00:00
110,70,3,2024-07-26 12:00:00
192,80,4,2024-07-26 13:00:00
392,93,5,2024-07-26 14:00:00
93,38,5,2024-07-26 15:00:00
350,101,5,2024-07-26 16:00:00
56,62,4,2024-07-26 17:00:00
60,121,4,2024-07-26 18:00:00
138,48,4,2024-07-26 19:00:00
39,10,3,2024-07-26 20:00:00
28,36,2,2024-07-26 21:00:00
49,157,1,2024-07-26 22:00:00
420,4,4,2024-07-26 23:00:00
125,44,2,2024-07-27 00:00:00
13,56,4,2024-07-27 01:00:00
480,42,1,2024-07-27 02:00:00
36,114,4,2024-07-27 03:00:00
101,141,2,2024-07-27 04:00:00
282,174,3,2024-07-27 05:00:00
86,161,1,2024-07-27 06:00:00
4,21,2,2024-07-27 07:00:00
223,79,5,2024-07-27 08:00:00
338,185,5,2024-07-27 09:00:00
448,69,5,2024-07-27 10:00:00
166,70,3,2024-07-27 11:00:00
383,67,4,2024-07-27 12:00:00
344,48,4,2024-07-27 13:00:00
383,161,4,2024-07-27 14:00:00
376,36,3,2024-07-27 15:00:00
471,161,5,2024-07-27 16:00:00
278,159,4,2024-07-27 17:00:00
130,149,3,2024-07-27 18:00:00
31,27,3,2024-07-27 19:00:00
375,72,2,2024-07-27 20:00:00
11,101,4,2024-07-27 21:00:00
476,190,5,2024-07-27 22:00:00
302,96,1,2024-07-27 23:00:00
96,128,3,2024-07-28 00:00:00
190,26,2,2024-07-28 01:00:00
453,66,1,2024-07-28 02:00:00
192,140,3,2024-07-28 03:00:00
486,22,2,2024-07-28 04:00:00
266,17,4,2024-07-28 05:00:00
424,7,2,2024-07-28 06:00:00
128,107,3,2024-07-28 07:00:00
238,68,4,2024-07-28 08:00:00
408,128,5,2024-07-28 09:00:00
355,37,2,2024-07-28 10:00:00
428,38,1,2024-07-28 11:00:00
112,96,4,2024-07-28 12:00:00
316,139,4,2024-07-28 13:00:00
446,1,5,2024-07-28 14:00:00
343,153,2,2024-07-28 15:00:00
145,42,1,2024-07-28 16:00:00
65,180,5,2024-07-28 17:00:00
247,152,2,2024-07-28 18:00:00
223,181,1,2024-07-28 19:00:00
479,184,1,2024-07-28 20:00:00
490,63,3,2024-07-28 21:00:00
313,81,1,2024-07-28 22:00:00
439,8,2,2024-07-28 23:00:00
106,187,5,2024-07-29 00:00:00
181,173,5,2024-07-29 01:00:00
184,27,3,2024-07-29 02:00:00
226,52,2,2024-07-29 03:00:00
265,146,1,2024-07-29 04:00:00
278,91,3,2024-07-29 05:00:00
397,86,4,2024-07-29 06:00:00
89,16,2,2024-07-29 07:00:00
176,66,3,2024-07-29 08:00:00
18,5,5,2024-07-29 09:00:00
371,82,3,2024-07-29 10:00:00
460,131,4,2024-07-29 11:00:00
424,118,2,2024-07-29 12:00:00
401,81,3,2024-07-29 13:00:00
399,70,1,2024-07-29 14:00:00
106,115,2,2024-07-29 15:00:00
271,7,3,2024-07-29 16:00:00
463,50,3,2024-07-29 17:00:00
319,142,2,2024-07-29 18:00:00
167,166,5,2024-07-29 19:00:00
13,111,1,2024-07-29 20:00:00
337,47,2,2024-07-29 21:00:00
32,112,1,2024-07-29 22:00:00
393,161,1,2024-07-29 23:00:00
40,43,2,2024-07-30 00:00:00
148,91,3,2024-07-30 01:00:00
218,29,5,2024-07-30 02:00:00
219,128,1,2024-07-30 03:00:00
469,185,1,2024-07-30 04:00:00
82,133,3,2024-07-30 05:00:00
333,96,2,2024-07-30 06:00:00
208,188,5,2024-07-30 07:00:00
201,117,1,2024-07-30 08:00:00
447,70,1,2024-07-30 09:00:00
332,130,2,2024-07-30 10:00:00
428,70,3,2024-07-30 11:00:00
38,110,4,2024-07-30 12:00:00
211,171,3,2024-07-30 13:00:00
444,132,1,2024-07-30 14:00:00
327,56,1,2024-07-30 15:00:00
249,187,5,2024-07-30 16:00:00
227,89,3,2024-07-30 17:00:00
48,137,4,2024-07-30 18:00:00
18,131,5,2024-07-30 19:00:00
400,176,4,2024-07-30 20:00:00
439,171,5,2024-07-30 21:00:00
295,100,3,2024-07-30 22:00:00
196,129,1,2024-07-30 23:00:00
187,57,4,2024-07-31 00:00:00
345,181,3,2024-07-31 01:00:00
224,144,4,2024-07-31 02:00:00
318,51,3,2024-07-31 03:00:00
488,112,5,2024-07-31 04:00:00
397,104,3,2024-07-31 05:00:00
365,127,5,2024-07-31 06:00:00
337,55,1,2024-07-31 07:00:00
497,1,5,2024-07-31 08:00:00
229,90,2,2024-07-31 09:00:00
390,156,1,2024-07-31 10:00:00
467,53,3,2024-07-31 11:00:00
77,186,3,2024-07-31 12:00:00
188,73,2,2024-07-31 13:00:00
346,188,3,2024-07-31 14:00:00
270,187,1,2024-07-31 15:00:00
95,108,1,2024-07-31 16:00:00
310,150,5,2024-07-31 17:00:00
132,8,4,2024-07-31 18:00:00
39,177,3,2024-07-31 19:00:00
72,42,2,2024-07-31 20:00:00
281,155,1,2024-07-31 21:00:00
333,167,1,2024-07-31 22:00:00
160,25,1,2024-07-31 23:00:00
187,38,4,2024-08-01 00:00:00
486,85,4,2024-08-01 01:00:00
191,152,3,2024-08-01 02:00:00
422,24,2,2024-08-01 03:00:00
120,60,4,2024-08-01 04:00:00
220,178,5,2024-08-01 05:00:00
53,111,4,2024-08-01 06:00:00
222,66,1,2024-08-01 07:00:00
451,142,2,2024-08-01 08:00:00
412,53,3,2024-08-01 09:00:00
131,160,4,2024-08-01 10:00:00
237,106,1,2024-08-01 11:00:00
246,96,5,2024-08-01 12:00:00
226,176,5,2024-08-01 13:00:00
208,39,3,2024-08-01 14:00:00
406,168,3,2024-08-01 15:00:00
96,42,4,2024-08-01 16:00:00
422,111,3,2024-08-01 17:00:00
200,104,1,2024-08-01 18:00:00
247,77,1,2024-08-01 19:00:00
72,8,1,2024-08-01 20:00:00
318,26,4,2024-08-01 21:00:00
185,140,4,2024-08-01 22:00:00
6,43,3,2024-08-01 23:00:00
206,179,4,2024-08-02 00:00:00
32,110,1,2024-08-02 01:00:00
99,100,2,2024-08-02 02:00:00
394,63,1,2024-08-02 03:00:00
387,49,2,2024-08-02 04:00:00
256,115,3,2024-08-02 05:00:00
187,155,5,2024-08-02 06:00:00
76,137,4,2024-08-02 07:00:00
177,167,4,2024-08-02 08:00:00
315,65,1,2024-08-02 09:00:00
287,199,1,2024-08-02 10:00:00
349,71,2,2024-08-02 11:00:00
255,7,4,2024-08-02 12:00:00
325,200,3,2024-08-02 13:00:00
190,80,1,2024-08-02 14:00:00
308,67,4,2024-08-02 15:00:00
345,138,5,2024-08-02 16:00:00
127,199,2,2024-08-02 17:00:00
425,181,1,2024-08-02 18:00:00
287,101,1,2024-08-02 19:00:00
254,95,3,2024-08-02 20:00:00
213,87,1,2024-08-02 21:00:00
250,185,4,2024-08-02 22:00:00
84,91,4,2024-08-02 23:00:00
487,103,4,2024-08-03 00:00:00
383,126,5,2024-08-03 01:00:00
406,155,5,2024-08-03 02:00:00
388,182,1,2024-08-03 03:00:00
13,113,5,2024-08-03 04:00:00
45,4,5,2024-08-03 05:00:00
127,88,3,2024-08-03 06:00:00
426,151,5,2024-08-03 07:00:00
114,176,2,2024-08-03 08:00:00
433,170,2,2024-08-03 09:00:00
276,3,2,2024-08-03 10:00:00
500,91,1,2024-08-03 11:00:00
205,3,4,2024-08-03 12:00:00
337,156,3,2024-08-03 13:00:00
438,191,1,2024-08-03 14:00:00
420,81,4,2024-08-03 15:00:00
481,159,3,2024-08-03 16:00:00
385,138,3,2024-08-03 17:00:00
399,177,3,2024-08-03 18:00:00
461,94,2,2024-08-03 19:00:00
273,126,2,2024-08-03 20:00:00
408,113,2,2024-08-03 21:00:00
58,149,3,2024-08-03 22:00:00
328,100,3,2024-08-03 23:00:00
498,53,2,2024-08-04 00:00:00
219,87,3,2024-08-04 01:00:00
109,89,2,2024-08-04 02:00:00
279,54,2,2024-08-04 03:00:00
174,185,2,2024-08-04 04:00:00
328,20,4,2024-08-04 05:00:00
264,113,3,2024-08-04 06:00:00
315,49,1,2024-08-04 07:00:00
474,135,2,2024-08-04 08:00:00
111,29,1,2024-08-04 09:00:00
187,48,4,2024-08-04 10:00:00
269,13,3,2024-08-04 11:00:00
423,3,2,2024-08-04 12:00:00
229,2,2,2024-08-04 13:00:00
497,16,2,2024-08-04 14:00:00
156,94,1,2024-08-04 15:00:00
473,102,4,2024-08-04 16:00:00
189,134,3,2024-08-04 17:00:00
272,45,4,2024-08-04 18:00:00
375,71,2,2024-08-04 19:00:00
2,133,4,2024-08-04 20:00:00
246,56,1,2024-08-04 21:00:00
210,199,5,2024-08-04 22:00:00
401,127,5,2024-08-04 23:00:00
286,32,3,2024-08-05 00:00:00
359,49,3,2024-08-05 01:00:00
13,13,4,2024-08-05 02:00:00
96,158,3,2024-08-05 03:00:00
498,25,1,2024-08-05 04:00:00
221,60,2,2024-08-05 05:00:00
238,59,2,2024-08-05 06:00:00
94,156,4,2024-08-05 07:00:00
338,58,2,2024-08-05 08:00:00
269,20,4,2024-08-05 09:00:00
171,162,3,2024-08-05 10:00:00
469,133,3,2024-08-05 11:00:00
94,188,1,2024-08-05 12:00:00
149,171,2,2024-08-05 13:00:00
112,57,1,2024-08-05 14:00:00
55,185,5,2024-08-05 15:00:00
337,54,1,2024-08-05 16:00:00
424,112,4,2024-08-05 17:00:00
467,173,4,2024-08-05 18:00:00
116,86,1,2024-08-05 19:00:00
143,37,3,2024-08-05 20:00:00
201,84,5,2024-08-05 21:00:00
180,48,1,2024-08-05 22:00:00
202,118,3,2024-08-05 23:00:00
364,182,1,2024-08-06 00:00:00
479,48,2,2024-08-06 01:00:00
53,112,4,2024-08-06 02:00:00
471,110,2,2024-08-06 03:00:00
384,6,2,2024-08-06 04:00:00
180,162,5,2024-08-06 05:00:00
414,191,3,2024-08-06 06:00:00
417,78,4,2024-08-06 07:00:00
313,176,2,2024-08-06 08:00:00
308,23,4,2024-08-06 09:00:00
137,126,3,2024-08-06 10:00:00
182,84,1,2024-08-06 11:00:00
367,13,2,2024-08-06 12:00:00
1,47,3,2024-08-06 13:00:00
44,44,4,2024-08-06 14:00:00
227,105,3,2024-08-06 15:00:00
331,160,1,2024-08-06 16:00:00
98,154,3,2024-08-06 17:00:00
208,181,4,2024-08-06 18:00:00
265,14,2,2024-08-06 19:00:00
288,180,2,2024-08-06 20:00:00
271,121,5,2024-08-06 21:00:00
140,36,4,2024-08-06 22:00:00
481,8,5,2024-08-06 23:00:00
237,168,5,2024-08-07 00:00:00
462,150,1,2024-08-07 01:00:00
441,16,4,2024-08-07 02:00:00
392,91,2,2024-08-07 03:00:00
72,120,4,2024-08-07 04:00:00
155,188,1,2024-08-07 05:00:00
190,60,4,2024-08-07 06:00:00
268,10,4,2024-08-07 07:00:00
321,153,5,2024-08-07 08:00:00
107,31,4,2024-08-07 09:00:00
232,21,5,2024-08-07 10:00:00
42,81,5,2024-08-07 11:00:00
190,33,3,2024-08-07 12:00:00
371,31,1,2024-08-07 13:00:00
139,149,5,2024-08-07 14:00:00
103,36,4,2024-08-07 15:00:00
171,193,5,2024-08-07 16:00:00
351,132,5,2024-08-07 17:00:00
273,68,5,2024-08-07 18:00:00
481,90,2,2024-08-07 19:00:00
416,132,2,2024-08-07 20:00:00
221,9,2,2024-08-07 21:00:00
213,30,2,2024-08-07 22:00:00
341,115,3,2024-08-07 23:00:00
424,45,5,2024-08-08 00:00:00
407,4,3,2024-08-08 01:00:00
56,69,4,2024-08-08 02:00:00
390,23,1,2024-08-08 03:00:00
342,16,3,2024-08-08 04:00:00
434,22,2,2024-08-08 05:00:00
102,72,2,2024-08-08 06:00:00
421,48,4,2024-08-08 07:00:00
493,190,5,2024-08-08 08:00:00
192,188,1,2024-08-08 09:00:00
499,107,3,2024-08-08 10:00:00
310,133,5,2024-08-08 11:00:00
200,7,5,2024-08-08 12:00:00
233,51,3,2024-08-08 13:00:00
433,65,3,2024-08-08 14:00:00
227,9,3,2024-08-08 15:00:00
371,82,3,2024-08-08 16:00:00
139,45,2,2024-08-08 17:00:00
344,122,5,2024-08-08 18:00:00
305,175,5,2024-08-08 19:00:00
149,195,2,2024-08-08 20:00:00
115,152,5,2024-08-08 21:00:00
450,10,3,2024-08-08 22:00:00
63,73,1,2024-08-08 23:00:00
104,48,5,2024-08-09 00:00:00
339,163,1,2024-08-09 01:00:00
359,182,1,2024-08-09 02:00:00
156,87,2,2024-08-09 03:00:00
273,111,4,2024-08-09 04:00:00
6,199,5,2024-08-09 05:00:00
147,16,2,2024-08-09 06:00:00
184,53,2,2024-08-09 07:00:00
486,40,1,2024-08-09 08:00:00
28,100,5,2024-08-09 09:00:00
450,20,2,2024-08-09 10:00:00
38,69,3,2024-08-09 11:00:00
119,45,2,2024-08-09 12:00:00
293,6,3,2024-08-09 13:00:00
371,197,4,2024-08-09 14:00:00
244,177,3,2024-08-09 15:00:00
68,39,3,2024-08-09 16:00:00
214,102,1,2024-08-09 17:00:00
218,130,2,2024-08-09 18:00:00
177,107,4,2024-08-09 19:00:00
299,39,2,2024-08-09 20:00:00
164,118,3,2024-08-09 21:00:00
58,149,3,2024-08-09 22:00:00
269,168,2,2024-08-09 23:00:00
308,82,4,2024-08-10 00:00:00
58,54,4,2024-08-10 01:00:00
288,110,1,2024-08-10 02:00:00
465,12,3,2024-08-10 03:00:00
105,165,3,2024-08-10 04:00:00
228,110,1,2024-08-10 05:00:00
247,38,2,2024-08-10 06:00:00
188,143,3,2024-08-10 07:00:00
494,7,2,2024-08-10 08:00:00
83,78,4,2024-08-10 09:00:00
186,178,5,2024-08-10 10:00:00
252,65,1,2024-08-10 11:00:00
355,102,3,2024-08-10 12:00:00
238,195,1,2024-08-10 13:00:00
360,101,4,2024-08-10 14:00:00
184,44,4,2024-08-10 15:00:00
284,31,4,2024-08-10 16:00:00
385,171,4,2024-08-10 17:00:00
426,77,5,2024-08-10 18:00:00
210,48,2,2024-08-10 19:00:00
304,82,2,2024-08-10 20:00:00
296,127,5,2024-08-10 21:00:00
97,189,2,2024-08-10 22:00:00
447,84,4,2024-08-10 23:00:00
460,10,2,2024-08-11 00:00:00
456,29,1,2024-08-11 01:00:00
472,48,2,2024-08-11 02:00:00
208,190,1,2024-08-11 03:00:00
370,116,3,2024-08-11 04:00:00
388,13,1,2024-08-11 05:00:00
422,172,1,2024-08-11 06:00:00
492,47,4,2024-08-11 07:00:00
411,103,4,2024-08-11 08:00:00
137,192,4,2024-08-11 09:00:00
367,91,1,2024-08-11 10:00:00
400,53,5,2024-08-11 11:00:00
184,92,4,2024-08-11 12:00:00
76,77,4,2024-08-11 13:00:00
287,44,1,2024-08-11 14:00:00
472,156,3,2024-08-11 15:00:00
375,2,3,2024-08-11 16:00:00
142,101,2,2024-08-11 17:00:00
237,57,3,2024-08-11 18:00:00
25,57,4,2024-08-11 19:00:00
290,34,5,2024-08-11 20:00:00
67,58,2,2024-08-11 21:00:00
250,180,5,2024-08-11 22:00:00
408,157,5,2024-08-11 23:00:00
118,35,4,2024-08-12 00:00:00
490,75,1,2024-08-12 01:00:00
73,176,1,2024-08-12 02:00:00
282,33,1,2024-08-12 03:00:00
404,115,3,2024-08-12 04:00:00
448,75,1,2024-08-12 05:00:00
360,73,4,2024-08-12 06:00:00
10,78,3,2024-08-12 07:00:00
211,9,1,2024-08-12 08:00:00
323,48,5,2024-08-12 09:00:00
152,67,4,2024-08-12 10:00:00
5,164,4,2024-08-12 11:00:00
195,199,2,2024-08-12 12:00:00
442,119,4,2024-08-12 13:00:00
283,172,5,2024-08-12 14:00:00
464,188,4,2024-08-12 15:00:00
113,191,2,2024-08-12 16:00:00
271,133,4,2024-08-12 17:00:00
163,119,4,2024-08-12 18:00:00
460,86,2,2024-08-12 19:00:00
105,106,4,2024-08-12 20:00:00
181,76,3,2024-08-12 21:00:00
44,40,4,2024-08-12 22:00:00
282,19,1,2024-08-12 23:00:00
175,47,1,2024-08-13 00:00:00
162,65,3,2024-08-13 01:00:00
471,195,4,2024-08-13 02:00:00
351,146,5,2024-08-13 03:00:00
434,178,4,2024-08-13 04:00:00
340,30,1,2024-08-13 05:00:00
140,126,2,2024-08-13 06:00:00
471,66,3,2024-08-13 07:00:00
132,5,2,2024-08-13 08:00:00
87,93,5,2024-08-13 09:00:00
176,97,4,2024-08-13 10:00:00
183,170,5,2024-08-13 11:00:00
368,94,2,2024-08-13 12:00:00
129,106,4,2024-08-13 13:00:00
246,133,5,2024-08-13 14:00:00
89,178,1,2024-08-13 15:00:00
66,85,1,2024-08-13 16:00:00
158,58,3,2024-08-13 17:00:00
387,79,1,2024-08-13 18:00:00
378,8,1,2024-08-13 19:00:00
149,159,2,2024-08-13 20:00:00
473,12,1,2024-08-13 21:00:00
340,149,1,2024-08-13 22:00:00
433,94,2,2024-08-13 23:00:00
116,190,1,2024-08-14 00:00:00
214,91,1,2024-08-14 01:00:00
469,33,3,2024-08-14 02:00:00
446,154,1,2024-08-14 03:00:00
481,100,1,2024-08-14 04:00:00
372,168,3,2024-08-14 05:00:00
294,193,2,2024-08-14 06:00:00
253,187,1,2024-08-14 07:00:00
143,15,5,2024-08-14 08:00:00
250,114,2,2024-08-14 09:00:00
366,129,2,2024-08-14 10:00:00
436,11,1,2024-08-14 11:00:00
463,55,3,2024-08-14 12:00:00
302,2,2,2024-08-14 13:00:00
25,65,3,2024-08-14 14:00:00
277,172,5,2024-08-14 15:00:00
472,16,3,2024-08-14 16:00:00
377,150,4,2024-08-14 17:00:00
378,106,3,2024-08-14 18:00:00
389,146,2,2024-08-14 19:00:00
70,175,3,2024-08-14 20:00:00
113,30,3,2024-08-14 21:00:00
363,10,4,2024-08-14 22:00:00
112,186,4,2024-08-14 23:00:00
364,62,1,2024-08-15 00:00:00
303,85,2,2024-08-15 01:00:00
471,134,1,2024-08-15 02:00:00
452,67,4,2024-08-15 03:00:00
91,41,3,2024-08-15 04:00:00
18,171,4,2024-08-15 05:00:00
149,18,5,2024-08-15 06:00:00
476,58,3,2024-08-15 07:00:00
227,60,1,2024-08-15 08:00:00
214,88,3,2024-08-15 09:00:00
360,27,5,2024-08-15 10:00:00
151,68,4,2024-08-15 11:00:00
192,22,2,2024-08-15 12:00:00
451,152,2,2024-08-15 13:00:00
40,40,2,2024-08-15 14:00:00
242,109,4,2024-08-15 15:00:00
138,74,2,2024-08-15 16:00:00
345,66,5,2024-08-15 17:00:00
180,168,4,2024-08-15 18:00:00
497,6,2,2024-08-15 19:00:00
200,112,1,2024-08-15 20:00:00
203,18,4,2024-08-15 21:00:00
61,81,4,2024-08-15 22:00:00
192,102,3,2024-08-15 23:00:00
5,110,2,2024-08-16 00:00:00
378,30,1,2024-08-16 01:00:00
237,122,5,2024-08-16 02:00:00
181,149,4,2024-08-16 03:00:00
311,62,5,2024-08-16 04:00:00
37,138,5,2024-08-16 05:00:00
56,120,5,2024-08-16 06:00:00
443,107,3,2024-08-16 07:00:00
237,141,5,2024-08-16 08:00:00
358,76,2,2024-08-16 09:00:00
349,9,2,2024-08-16 10:00:00
197,196,1,2024-08-16 11:00:00
73,39,1,2024-08-16 12:00:00
59,24,5,2024-08-16 13:00:00
240,125,5,2024-08-16 14:00:00
2,118,3,2024-08-16 15:00:00
449,34,5,2024-08-16 16:00:00
360,61,5,2024-08-16 17:00:00
188,169,5,2024-08-16 18:00:00
307,133,4,2024-08-16 19:00:00
30,79,4,2024-08-16 20:00:00
267,50,3,2024-08-16 21:00:00
476,132,3,2024-08-16 22:00:00
108,51,2,2024-08-16 23:00:00
332,52,3,2024-08-17 00:00:00
423,122,2,2024-08-17 01:00:00
90,167,5,2024-08-17 02:00:00
205,8,3,2024-08-17 03:00:00
379,113,3,2024-08-17 04:00:00
456,45,3,2024-08-17 05:00:00
447,88,2,2024-08-17 06:00:00
448,28,2,2024-08-17 07:00:00
445,119,1,2024-08-17 08:00:00
381,107,2,2024-08-17 09:00:00
438,27,2,2024-08-17 10:00:00
220,193,4,2024-08-17 11:00:00
378,162,3,2024-08-17 12:00:00
94,81,2,2024-08-17 13:00:00
457,101,3,2024-08-17 14:00:00
103,62,3,2024-08-17 15:00:00
223,62,4,2024-08-17 16:00:00
186,166,3,2024-08-17 17:00:00
469,26,2,2024-08-17 18:00:00
184,121,3,2024-08-17 19:00:00
495,24,1,2024-08-17 20:00:00
162,39,1,2024-08-17 21:00:00
247,124,4,2024-08-17 22:00:00
31,21,2,2024-08-17 23:00:00
52,94,4,2024-08-18 00:00:00
345,175,1,2024-08-18 01:00:00
76,115,2,2024-08-18 02:00:00
385,176,3,2024-08-18 03:00:00
439,121,2,2024-08-18 04:00:00
278,13,5,2024-08-18 05:00:00
40,131,2,2024-08-18 06:00:00
101,160,3,2024-08-18 07:00:00
111,163,5,2024-08-18 08:00:00
385,19,4,2024-08-18 09:00:00
321,142,2,2024-08-18 10:00:00
249,176,4,2024-08-18 11:00:00
191,81,2,2024-08-18 12:00:00
490,123,1,2024-08-18 13:00:00
182,68,1,2024-08-18 14:00:00
426,173,3,2024-08-18 15:00:00
405,19,1,2024-08-18 16:00:00
335,64,5,2024-08-18 17:00:00
209,101,5,2024-08-18 18:00:00
22,66,2,2024-08-18 19:00:00
166,66,4,2024-08-18 20:00:00
99,75,5,2024-08-18 21:00:00
493,45,2,2024-08-18 22:00:00
208,87,4,2024-08-18 23:00:00
8,67,1,2024-08-19 00:00:00
190,197,2,2024-08-19 01:00:00
175,3,4,2024-08-19 02:00:00
273,166,3,2024-08-19 03:00:00
17,170,3,2024-08-19 04:00:00
90,168,5,2024-08-19 05:00:00
141,178,4,2024-08-19 06:00:00
145,163,3,2024-08-19 07:00:00
166,24,5,2024-08-19 08:00:00
337,88,2,2024-08-19 09:00:00
496,17,2,2024-08-19 10:00:00
78,40,4,2024-08-19 11:00:00
429,194,4,2024-08-19 12:00:00
262,172,4,2024-08-19 13:00:00
163,151,4,2024-08-19 14:00:00
366,6,3,2024-08-19 15:00:00
14,194,3,2024-08-19 16:00:00
239,149,5,2024-08-19 17:00:00
72,119,3,2024-08-19 18:00:00
445,120,2,2024-08-19 19:00:00
143,35,5,2024-08-19 20:00:00
310,113,3,2024-08-19 21:00:00
283,29,4,2024-08-19 22:00:00
269,7,3,2024-08-19 23:00:00
241,53,1,2024-08-20 00:00:00
415,165,5,2024-08-20 01:00:00
245,23,3,2024-08-20 02:00:00
163,97,3,2024-08-20 03:00:00
60,136,2,2024-08-20 04:00:00
6,76,4,2024-08-20 05:00:00
197,176,4,2024-08-20 06:00:00
470,10,2,2024-08-20 07:00:00
58,117,2,2024-08-20 08:00:00
305,24,1,2024-08-20 09:00:00
407,175,5,2024-08-20 10:00:00
217,181,4,2024-08-20 11:00:00
418,39,2,2024-08-20 12:00:00
26,195,2,2024-08-20 13:00:00
303,66,5,2024-08-20 14:00:00
5,6,2,2024-08-20 15:00:00
474,21,1,2024-08-20 16:00:00
20,73,5,2024-08-20 17:00:00
390,74,1,2024-08-20 18:00:00
198,36,3,2024-08-20 19:00:00
59,131,4,2024-08-20 20:00:00
448,170,2,2024-08-20 21:00:00
242,173,5,2024-08-20 22:00:00
146,44,1,2024-08-20 23:00:00
388,91,4,2024-08-21 00:00:00
273,161,4,2024-08-21 01:00:00
249,60,2,2024-08-21 02:00:00
14,93,4,2024-08-21 03:00:00
462,83,2,2024-08-21 04:00:00
13,198,3,2024-08-21 05:00:00
391,83,2,2024-08-21 06:00:00
384,77,1,2024-08-21 07:00:00
44,26,4,2024-08-21 08:00:00
375,21,4,2024-08-21 09:00:00
399,120,4,2024-08-21 10:00:00
19,130,2,2024-08-21 11:00:00
63,175,5,2024-08-21 12:00:00
491,108,2,2024-08-21 13:00:00
239,158,1,2024-08-21 14:00:00
492,27,2,2024-08-21 15:00:00
419,71,4,2024-08-21 16:00:00
337,148,3,2024-08-21 17:00:00
419,50,1,2024-08-21 18:00:00
403,95,3,2024-08-21 19:00:00
404,23,1,2024-08-21 20:00:00
100,141,1,2024-08-21 21:00:00
163,81,4,2024-08-21 22:00:00
416,132,2,2024-08-21 23:00:00
122,142,4,2024-08-22 00:00:00
432,20,4,2024-08-22 01:00:00
44,124,4,2024-08-22 02:00:00
360,13,3,2024-08-22 03:00:00
408,3,1,2024-08-22 04:00:00
317,175,5,2024-08-22 05:00:00
381,131,2,2024-08-22 06:00:00
145,129,4,2024-08-22 07:00:00
327,90,1,2024-08-22 08:00:00
363,152,2,2024-08-22 09:00:00
50,35,5,2024-08-22 10:00:00
65,14,5,2024-08-22 11:00:00
355,195,4,2024-08-22 12:00:00
288,141,5,2024-08-22 13:00:00
164,175,5,2024-08-22 14:00:00
141,50,2,2024-08-22 15:00:00
454,78,2,2024-08-22 16:00:00
314,154,4,2024-08-22 17:00:00
128,3,1,2024-08-22 18:00:00
398,179,4,2024-08-22 19:00:00
421,40,3,2024-08-22 20:00:00
368,196,5,2024-08-22 21:00:00
463,164,1,2024-08-22 22:00:00
239,51,2,2024-08-22 23:00:00
324,1,3,2024-08-23 00:00:00
296,104,3,2024-08-23 01:00:00
187,161,5,2024-08-23 02:00:00
208,135,2,2024-08-23 03:00:00
220,117,1,2024-08-23 04:00:00
400,116,2,2024-08-23 05:00:00
190,52,5,2024-08-23 06:00:00
388,120,3,2024-08-23 07:00:00
429,139,5,2024-08-23 08:00:00
346,155,4,2024-08-23 09:00:00
284,142,3,2024-08-23 10:00:00
352,86,5,2024-08-23 11:00:00
237,46,1,2024-08-23 12:00:00
194,76,1,2024-08-23 13:00:00
287,10,1,2024-08-23 14:00:00
259,152,4,2024-08-23 15:00:00
246,61,2,2024-08-23 16:00:00
136,18,1,2024-08-23 17:00:00
280,86,4,2024-08-23 18:00:00
271,137,1,2024-08-23 19:00:00
171,145,4,2024-08-23 20:00:00
159,128,1,2024-08-23 21:00:00
201,104,2,2024-08-23 22:00:00
487,186,5,2024-08-23 23:00:00
45,141,1,2024-08-24 00:00:00
450,178,5,2024-08-24 01:00:00
264,101,1,2024-08-24 02:00:00
71,6,2,2024-08-24 03:00:00
364,85,5,2024-08-24 04:00:00
371,51,4,2024-08-24 05:00:00
103,36,1,2024-08-24 06:00:00
490,71,1,2024-08-24 07:00:00
125,100,4,2024-08-24 08:00:00
313,25,2,2024-08-24 09:00:00
464,139,3,2024-08-24 10:00:00
483,44,1,2024-08-24 11:00:00
286,14,4,2024-08-24 12:00:00
458,29,3,2024-08-24 13:00:00
230,74,1,2024-08-24 14:00:00
146,50,5,2024-08-24 15:00:00
370,5,4,2024-08-24 16:00:00
197,200,5,2024-08-24 17:00:00
373,110,2,2024-08-24 18:00:00
221,197,3,2024-08-24 19:00:00
423,122,4,2024-08-24 20:00:00
60,88,1,2024-08-24 21:00:00
98,57,1,2024-08-24 22:00:00
171,26,3,2024-08-24 23:00:00
382,6,5,2024-08-25 00:00:00
173,144,5,2024-08-25 01:00:00
151,60,4,2024-08-25 02:00:00
453,100,4,2024-08-25 03:00:00
350,12,5,2024-08-25 04:00:00
390,75,4,2024-08-25 05:00:00
440,3,5,2024-08-25 06:00:00
122,63,3,2024-08-25 07:00:00
494,192,4,2024-08-25 08:00:00
108,190,5,2024-08-25 09:00:00
4,134,4,2024-08-25 10:00:00
93,19,1,2024-08-25 11:00:00
407,18,1,2024-08-25 12:00:00
6,80,2,2024-08-25 13:00:00
288,171,5,2024-08-25 14:00:00
106,73,2,2024-08-25 15:00:00
146,131,5,2024-08-25 16:00:00
271,126,4,2024-08-25 17:00:00
424,72,5,2024-08-25 18:00:00
378,38,1,2024-08-25 19:00:00
96,68,4,2024-08-25 20:00:00
457,172,1,2024-08-25 21:00:00
229,80,4,2024-08-25 22:00:00
202,191,5,2024-08-25 23:00:00
212,42,5,2024-08-26 00:00:00
6,64,1,2024-08-26 01:00:00
112,182,3,2024-08-26 02:00:00
376,78,5,2024-08-26 03:00:00
379,127,3,2024-08-26 04:00:00
447,105,4,2024-08-26 05:00:00
323,199,3,2024-08-26 06:00:00
106,76,1,2024-08-26 07:00:00
139,165,2,2024-08-26 08:00:00
299,132,2,2024-08-26 09:00:00
401,130,1,2024-08-26 10:00:00
96,122,2,2024-08-26 11:00:00
388,44,1,2024-08-26 12:00:00
447,195,5,2024-08-26 13:00:00
452,196,3,2024-08-26 14:00:00
337,102,2,2024-08-26 15:00:00
297,62,5,2024-08-26 16:00:00
467,1,2,2024-08-26 17:00:00
389,17,4,2024-08-26 18:00:00
416,16,1,2024-08-26 19:00:00
214,9,1,2024-08-26 20:00:00
454,181,5,2024-08-26 21:00:00
291,59,4,2024-08-26 22:00:00
22,119,3,2024-08-26 23:00:00
193,137,4,2024-08-27 00:00:00
468,140,4,2024-08-27 01:00:00
150,119,3,2024-08-27 02:00:00
368,41,3,2024-08-27 03:00:00
247,143,4,2024-08-27 04:00:00
267,66,2,2024-08-27 05:00:00
461,75,2,2024-08-27 06:00:00
251,11,4,2024-08-27 07:00:00
490,8,2,2024-08-27 08:00:00
3,183,3,2024-08-27 09:00:00
393,134,3,2024-08-27 10:00:00
316,181,2,2024-08-27 11:00:00
76,148,3,2024-08-27 12:00:00
87,167,1,2024-08-27 13:00:00
270,99,3,2024-08-27 14:00:00
225,72,4,2024-08-27 15:00:00
18,113,5,2024-08-27 16:00:00
113,107,2,2024-08-27 17:00:00
251,34,2,2024-08-27 18:00:00
233,57,3,2024-08-27 19:00:00
329,117,3,2024-08-27 20:00:00
279,120,5,2024-08-27 21:00:00
202,147,5,2024-08-27 22:00:00
83,71,4,2024-08-27 23:00:00
125,159,1,2024-08-28 00:00:00
175,40,4,2024-08-28 01:00:00
69,142,2,2024-08-28 02:00:00
47,103,3,2024-08-28 03:00:00
372,124,4,2024-08-28 04:00:00
256,123,3,2024-08-28 05:00:00
215,100,3,2024-08-28 06:00:00
30,165,4,2024-08-28 07:00:00
281,172,4,2024-08-28 08:00:00
412,137,5,2024-08-28 09:00:00
482,58,1,2024-08-28 10:00:00
237,148,5,2024-08-28 11:00:00
248,109,1,2024-08-28 12:00:00
368,121,4,2024-08-28 13:00:00
495,92,1,2024-08-28 14:00:00
25,50,2,2024-08-28 15:00:00
74,148,5,2024-08-28 16:00:00
206,105,5,2024-08-28 17:00:00
490,164,5,2024-08-28 18:00:00
494,117,3,2024-08-28 19:00:00
314,27,3,2024-08-28 20:00:00
94,200,4,2024-08-28 21:00:00
375,32,4,2024-08-28 22:00:00
127,1,3,2024-08-28 23:00:00
425,17,5,2024-08-29 00:00:00
25,137,3,2024-08-29 01:00:00
334,84,1,2024-08-29 02:00:00
355,45,5,2024-08-29 03:00:00
116,66,3,2024-08-29 04:00:00
48,32,4,2024-08-29 05:00:00
226,45,3,2024-08-29 06:00:00
266,9,2,2024-08-29 07:00:00
99,30,3,2024-08-29 08:00:00
459,84,5,2024-08-29 09:00:00
11,166,3,2024-08-29 10:00:00
85,60,4,2024-08-29 11:00:00
405,1,1,2024-08-29 12:00:00
214,5,2,2024-08-29 13:00:00
173,63,5,2024-08-29 14:00:00
391,164,4,2024-08-29 15:00:00
209,65,2,2024-08-29 16:00:00
448,78,3,2024-08-29 17:00:00
382,152,2,2024-08-29 18:00:00
64,132,1,2024-08-29 19:00:00
258,114,2,2024-08-29 20:00:00
332,196,2,2024-08-29 21:00:00
121,25,3,2024-08-29 22:00:00
298,135,3,2024-08-29 23:00:00
466,141,5,2024-08-30 00:00:00
54,196,3,2024-08-30 01:00:00
331,43,2,2024-08-30 02:00:00
272,57,1,2024-08-30 03:00:00
241,164,3,2024-08-30 04:00:00
243,142,5,2024-08-30 05:00:00
18,72,5,2024-08-30 06:00:00
483,27,2,2024-08-30 07:00:00
187,128,3,2024-08-30 08:00:00
346,106,3,2024-08-30 09:00:00
144,165,5,2024-08-30 10:00:00
262,71,3,2024-08-30 11:00:00
441,153,2,2024-08-30 12:00:00
364,67,1,2024-08-30 13:00:00
491,90,2,2024-08-30 14:00:00
431,4,3,2024-08-30 15:00:00
239,106,2,2024-08-30 16:00:00
304,79,4,2024-08-30 17:00:00
298,96,4,2024-08-30 18:00:00
76,93,3,2024-08-30 19:00:00
188,74,3,2024-08-30 20:00:00
333,126,1,2024-08-30 21:00:00
388,16,2,2024-08-30 22:00:00
487,147,1,2024-08-30 23:00:00
246,157,3,2024-08-31 00:00:00
130,116,3,2024-08-31 01:00:00
474,179,5,2024-08-31 02:00:00
315,18,1,2024-08-31 03:00:00
411,186,3,2024-08-31 04:00:00
283,172,4,2024-08-31 05:00:00
79,16,5,2024-08-31 06:00:00
72,193,2,2024-08-31 07:00:00
263,130,5,2024-08-31 08:00:00
191,56,2,2024-08-31 09:00:00
367,79,4,2024-08-31 10:00:00
375,103,2,2024-08-31 11:00:00
430,28,1,2024-08-31 12:00:00
63,193,2,2024-08-31 13:00:00
488,5,2,2024-08-31 14:00:00
380,106,5,2024-08-31 15:00:00
12,22,4,2024-08-31 16:00:00
141,117,2,2024-08-31 17:00:00
254,100,1,2024-08-31 18:00:00
43,13,5,2024-08-31 19:00:00
17,65,4,2024-08-31 20:00:00
63,144,4,2024-08-31 21:00:00
253,86,3,2024-08-31 22:00:00
465,64,1,2024-08-31 23:00:00
376,32,5,2024-09-01 00:00:00
292,80,5,2024-09-01 01:00:00
469,51,1,2024-09-01 02:00:00
8,79,4,2024-09-01 03:00:00
325,186,2,2024-09-01 04:00:00
90,174,1,2024-09-01 05:00:00
208,180,5,2024-09-01 06:00:00
292,106,1,2024-09-01 07:00:00
284,63,4,2024-09-01 08:00:00
118,76,3,2024-09-01 09:00:00
349,60,3,2024-09-01 10:00:00
175,65,2,2024-09-01 11:00:00
76,117,2,2024-09-01 12:00:00
101,81,4,2024-09-01 13:00:00
414,105,2,2024-09-01 14:00:00
151,128,3,2024-09-01 15:00:00
400,183,4,2024-09-01 16:00:00
270,185,4,2024-09-01 17:00:00
458,71,4,2024-09-01 18:00:00
71,86,1,2024-09-01 19:00:00
493,154,2,2024-09-01 20:00:00
180,140,5,2024-09-01 21:00:00
124,71,3,2024-09-01 22:00:00
381,46,2,2024-09-01 23:00:00
293,47,3,2024-09-02 00:00:00
285,79,2,2024-09-02 01:00:00
195,166,5,2024-09-02 02:00:00
399,149,3,2024-09-02 03:00:00
228,142,5,2024-09-02 04:00:00
431,130,3,2024-09-02 05:00:00
430,200,1,2024-09-02 06:00:00
436,127,1,2024-09-02 07:00:00
275,109,3,2024-09-02 08:00:00
461,119,3,2024-09-02 09:00:00
106,198,5,2024-09-02 10:00:00
21,101,4,2024-09-02 11:00:00
64,161,3,2024-09-02 12:00:00
165,6,2,2024-09-02 13:00:00
27,126,2,2024-09-02 14:00:00
311,103,2,2024-09-02 15:00:00
500,37,1,2024-09-02 16:00:00
285,142,5,2024-09-02 17:00:00
148,37,1,2024-09-02 18:00:00
281,8,2,2024-09-02 19:00:00
326,77,3,2024-09-02 20:00:00
319,141,2,2024-09-02 21:00:00
164,40,3,2024-09-02 22:00:00
386,107,5,2024-09-02 23:00:00
406,92,4,2024-09-03 00:00:00
224,186,3,2024-09-03 01:00:00
272,18,1,2024-09-03 02:00:00
146,57,2,2024-09-03 03:00:00
453,83,2,2024-09-03 04:00:00
438,166,2,2024-09-03 05:00:00
356,32,3,2024-09-03 06:00:00
30,194,5,2024-09-03 07:00:00
45,25,3,2024-09-03 08:00:00
275,186,1,2024-09-03 09:00:00
471,33,2,2024-09-03 10:00:00
34,88,3,2024-09-03 11:00:00
141,194,2,2024-09-03 12:00:00
427,158,1,2024-09-03 13:00:00
318,104,4,2024-09-03 14:00:00
374,34,4,2024-09-03 15:00:00
221,102,4,2024-09-03 16:00:00
356,127,2,2024-09-03 17:00:00
22,69,3,2024-09-03 18:00:00
180,176,2,2024-09-03 19:00:00
436,40,5,2024-09-03 20:00:00
367,179,3,2024-09-03 21:00:00
420,80,1,2024-09-03 22:00:00
329,141,4,2024-09-03 23:00:00
231,31,3,2024-09-04 00:00:00
499,116,3,2024-09-04 01:00:00
403,167,4,2024-09-04 02:00:00
38,63,1,2024-09-04 03:00:00
70,48,2,2024-09-04 04:00:00
116,87,2,2024-09-04 05:00:00
239,48,3,2024-09-04 06:00:00
335,61,4,2024-09-04 07:00:00
441,140,5,2024-09-04 08:00:00
148,78,1,2024-09-04 09:00:00
9,184,2,2024-09-04 10:00:00
288,18,1,2024-09-04 11:00:00
388,155,1,2024-09-04 12:00:00
50,28,1,2024-09-04 13:00:00
338,80,4,2024-09-04 14:00:00
5,180,4,2024-09-04 15:00:00
404,16,4,2024-09-04 16:00:00
343,77,3,2024-09-04 17:00:00
126,186,4,2024-09-04 18:00:00
75,137,3,2024-09-04 19:00:00
165,26,2,2024-09-04 20:00:00
278,28,2,2024-09-04 21:00:00
442,105,2,2024-09-04 22:00:00
324,77,2,2024-09-04 23:00:00
477,164,2,2024-09-05 00:00:00
300,9,4,2024-09-05 01:00:00
290,175,5,2024-09-05 02:00:00
77,51,4,2024-09-05 03:00:00
298,76,5,2024-09-05 04:00:00
137,122,4,2024-09-05 05:00:00
106,185,2,2024-09-05 06:00:00
95,32,1,2024-09-05 07:00:00
135,195,5,2024-09-05 08:00:00
68,57,1,2024-09-05 09:00:00
147,54,2,2024-09-05 10:00:00
490,116,5,2024-09-05 11:00:00
478,144,1,2024-09-05 12:00:00
159,62,4,2024-09-05 13:00:00
384,84,2,2024-09-05 14:00:00
163,56,4,2024-09-05 15:00:00
441,23,4,2024-09-05 16:00:00
341,17,2,2024-09-05 17:00:00
189,166,5,2024-09-05 18:00:00
415,200,3,2024-09-05 19:00:00
339,158,3,2024-09-05 20:00:00
95,186,2,2024-09-05 21:00:00
181,78,3,2024-09-05 22:00:00
288,22,1,2024-09-05 23:00:00
322,108,5,2024-09-06 00:00:00
187,17,4,2024-09-06 01:00:00
372,15,4,2024-09-06 02:00:00
138,114,2,2024-09-06 03:00:00
130,48,4,2024-09-06 04:00:00
194,160,1,2024-09-06 05:00:00
316,113,1,2024-09-06 06:00:00
472,168,2,2024-09-06 07:00:00
273,97,4,2024-09-06 08:00:00
352,185,3,2024-09-06 09:00:00
144,186,3,2024-09-06 10:00:00
16,91,5,2024-09-06 11:00:00
302,16,2,2024-09-06 12:00:00
423,156,5,2024-09-06 13:00:00
245,98,3,2024-09-06 14:00:00
415,111,3,2024-09-06 15:00:00
107,1,3,2024-09-06 16:00:00
88,41,5,2024-09-06 17:00:00
129,48,2,2024-09-06 18:00:00
395,159,1,2024-09-06 19:00:00
375,164,1,2024-09-06 20:00:00
341,108,3,2024-09-06 21:00:00
4,161,2,2024-09-06 22:00:00
327,161,2,2024-09-06 23:00:00
410,103,4,2024-09-07 00:00:00
367,128,4,2024-09-07 01:00:00
306,151,5,2024-09-07 02:00:00
396,188,4,2024-09-07 03:00:00
95,30,5,2024-09-07 04:00:00
209,45,1,2024-09-07 05:00:00
225,80,3,2024-09-07 06:00:00
459,39,2,2024-09-07 07:00:00
348,45,1,2024-09-07 08:00:00
480,78,1,2024-09-07 09:00:00
321,81,5,2024-09-07 10:00:00
47,140,3,2024-09-07 11:00:00
476,93,5,2024-09-07 12:00:00
181,32,1,2024-09-07 13:00:00
106,184,2,2024-09-07 14:00:00
199,24,4,2024-09-07 15:00:00
386,116,5,2024-09-07 16:00:00
106,13,1,2024-09-07 17:00:00
280,148,4,2024-09-07 18:00:00
260,79,4,2024-09-07 19:00:00
108,56,1,2024-09-07 20:00:00
19,53,3,2024-09-07 21:00:00
410,68,1,2024-09-07 22:00:00
459,182,2,2024-09-07 23:00:00
296,34,4,2024-09-08 00:00:00
306,28,2,2024-09-08 01:00:00
171,50,5,2024-09-08 02:00:00
331,130,4,2024-09-08 03:00:00
493,111,3,2024-09-08 04:00:00
195,94,1,2024-09-08 05:00:00
12,154,5,2024-09-08 06:00:00
195,179,2,2024-09-08 07:00:00
490,47,5,2024-09-08 08:00:00
283,26,3,2024-09-08 09:00:00
369,84,1,2024-09-08 10:00:00
182,106,5,2024-09-08 11:00:00
450,92,2,2024-09-08 12:00:00
305,120,5,2024-09-08 13:00:00
144,75,1,2024-09-08 14:00:00
386,122,5,2024-09-08 15:00:00
316,189,2,2024-09-08 16:00:00
182,151,1,2024-09-08 17:00:00
30,165,3,2024-09-08 18:00:00
84,41,3,2024-09-08 19:00:00
166,52,4,2024-09-08 20:00:00
284,82,5,2024-09-08 21:00:00
281,177,2,2024-09-08 22:00:00
96,155,5,2024-09-08 23:00:00
381,134,1,2024-09-09 00:00:00
266,74,4,2024-09-09 01:00:00
444,66,2,2024-09-09 02:00:00
298,24,5,2024-09-09 03:00:00
296,166,2,2024-09-09 04:00:00
225,28,1,2024-09-09 05:00:00
333,156,4,2024-09-09 06:00:00
361,117,2,2024-09-09 07:00:00
374,114,1,2024-09-09 08:00:00
42,194,3,2024-09-09 09:00:00
303,61,2,2024-09-09 10:00:00
421,174,4,2024-09-09 11:00:00
246,69,2,2024-09-09 12:00:00
208,114,2,2024-09-09 13:00:00
237,75,1,2024-09-09 14:00:00
22,171,5,2024-09-09 15:00:00
185,59,5,2024-09-09 16:00:00
468,130,2,2024-09-09 17:00:00
242,15,4,2024-09-09 18:00:00
363,105,4,2024-09-09 19:00:00
283,165,1,2024-09-09 20:00:00
41,199,2,2024-09-09 21:00:00
336,148,2,2024-09-09 22:00:00
162,98,5,2024-09-09 23:00:00
160,35,1,2024-09-10 00:00:00
474,162,3,2024-09-10 01:00:00
89,31,4,2024-09-10 02:00:00
322,127,4,2024-09-10 03:00:00
12,19,2,2024-09-10 04:00:00
424,196,1,2024-09-10 05:00:00
73,24,3,2024-09-10 06:00:00
76,84,4,2024-09-10 07:00:00
346,167,1,2024-09-10 08:00:00
201,92,3,2024-09-10 09:00:00
10,182,2,2024-09-10 10:00:00
352,167,5,2024-09-10 11:00:00
226,145,4,2024-09-10 12:00:00
176,147,4,2024-09-10 13:00:00
276,118,3,2024-09-10 14:00:00
39,176,5,2024-09-10 15:00:00
60,163,1,2024-09-10 16:00:00
66,160,2,2024-09-10 17:00:00
321,175,1,2024-09-10 18:00:00
435,47,3,2024-09-10 19:00:00
124,192,4,2024-09-10 20:00:00
164,174,4,2024-09-10 21:00:00
408,103,1,2024-09-10 22:00:00
411,121,2,2024-09-10 23:00:00
386,163,3,2024-09-11 00:00:00
159,94,2,2024-09-11 01:00:00
57,145,3,2024-09-11 02:00:00
78,42,2,2024-09-11 03:00:00
194,111,1,2024-09-11 04:00:00
285,29,5,2024-09-11 05:00:00
15,198,3,2024-09-11 06:00:00
12,124,1,2024-09-11 07:00:00
101,17,4,2024-09-11 08:00:00
156,14,4,2024-09-11 09:00:00
340,152,2,2024-09-11 10:00:00
125,185,4,2024-09-11 11:00:00
359,50,5,2024-09-11 12:00:00
280,57,3,2024-09-11 13:00:00
405,189,2,2024-09-11 14:00:00
394,104,3,2024-09-11 15:00:00
110,39,3,2024-09-11 16:00:00
334,183,1,2024-09-11 17:00:00
357,96,4,2024-09-11 18:00:00
146,36,3,2024-09-11 19:00:00
216,114,5,2024-09-11 20:00:00
398,37,5,2024-09-11 21:00:00
162,14,4,2024-09-11 22:00:00
128,155,4,2024-09-11 23:00:00
314,123,2,2024-09-12 00:00:00
332,83,2,2024-09-12 01:00:00
150,159,2,2024-09-12 02:00:00
454,73,4,2024-09-12 03:00:00
36,102,3,2024-09-12 04:00:00
173,81,1,2024-09-12 05:00:00
420,83,2,2024-09-12 06:00:00
22,44,1,2024-09-12 07:00:00
206,68,5,2024-09-12 08:00:00
127,48,4,2024-09-12 09:00:00
336,57,5,2024-09-12 10:00:00
445,75,2,2024-09-12 11:00:00
356,22,3,2024-09-12 12:00:00
440,132,2,2024-09-12 13:00:00
217,200,1,2024-09-12 14:00:00
96,46,2,2024-09-12 15:00:00
417,187,3,2024-09-12 16:00:00
429,162,3,2024-09-12 17:00:00
164,11,4,2024-09-12 18:00:00
148,31,4,2024-09-12 19:00:00
18,139,3,2024-09-12 20:00:00
294,120,3,2024-09-12 21:00:00
195,56,1,2024-09-12 22:00:00
151,38,2,2024-09-12 23:00:00
480,21,4,2024-09-13 00:00:00
365,110,1,2024-09-13 01:00:00
123,94,2,2024-09-13 02:00:00
400,138,4,2024-09-13 03:00:00
187,154,1,2024-09-13 04:00:00
453,136,5,2024-09-13 05:00:00
452,8,5,2024-09-13 06:00:00
149,188,4,2024-09-13 07:00:00
104,72,1,2024-09-13 08:00:00
243,119,2,2024-09-13 09:00:00
462,34,2,2024-09-13 10:00:00
231,144,1,2024-09-13 11:00:00
479,105,5,2024-09-13 12:00:00
206,141,1,2024-09-13 13:00:00
198,87,5,2024-09-13 14:00:00
396,150,5,2024-09-13 15:00:00
400,155,2,2024-09-13 16:00:00
337,64,4,2024-09-13 17:00:00
493,2,3,2024-09-13 18:00:00
87,109,1,2024-09-13 19:00:00
142,26,5,2024-09-13 20:00:00
317,83,1,2024-09-13 21:00:00
199,107,4,2024-09-13 22:00:00
46,69,4,2024-09-13 23:00:00
288,97,3,2024-09-14 00:00:00
15,30,3,2024-09-14 01:00:00
44,8,5,2024-09-14 02:00:00
401,38,3,2024-09-14 03:00:00
169,189,5,2024-09-14 04:00:00
310,81,2,2024-09-14 05:00:00
495,108,5,2024-09-14 06:00:00
44,65,3,2024-09-14 07:00:00
98,67,1,2024-09-14 08:00:00
261,174,3,2024-09-14 09:00:00
109,90,4,2024-09-14 10:00:00
283,95,3,2024-09-14 11:00:00
372,72,2,2024-09-14 12:00:00
343,43,5,2024-09-14 13:00:00
104,187,4,2024-09-14 14:00:00
256,46,5,2024-09-14 15:00:00
379,200,5,2024-09-14 16:00:00
206,125,3,2024-09-14 17:00:00
335,163,1,2024-09-14 18:00:00
43,39,4,2024-09-14 19:00:00
353,51,2,2024-09-14 20:00:00
245,4,2,2024-09-14 21:00:00
287,121,1,2024-09-14 22:00:00
355,80,1,2024-09-14 23:00:00
273,77,3,2024-09-15 00:00:00
476,179,2,2024-09-15 01:00:00
83,133,4,2024-09-15 02:00:00
110,55,1,2024-09-15 03:00:00
438,20,1,2024-09-15 04:00:00
190,152,1,2024-09-15 05:00:00
471,164,4,2024-09-15 06:00:00
288,34,2,2024-09-15 07:00:00
424,122,4,2024-09-15 08:00:00
397,109,4,2024-09-15 09:00:00
251,126,3,2024-09-15 10:00:00
212,54,1,2024-09-15 11:00:00
291,162,2,2024-09-15 12:00:00
133,145,3,2024-09-15 13:00:00
201,133,3,2024-09-15 14:00:00
285,89,5,2024-09-15 15:00:00
326,146,1,2024-09-15 16:00:00
409,183,2,2024-09-15 17:00:00
95,53,2,2024-09-15 18:00:00
278,50,2,2024-09-15 19:00:00
450,72,1,2024-09-15 20:00:00
429,173,2,2024-09-15 21:00:00
325,141,4,2024-09-15 22:00:00
219,16,4,2024-09-15 23:00:00
89,13,1,2024-09-16 00:00:00
72,20,2,2024-09-16 01:00:00
247,66,5,2024-09-16 02:00:00
129,47,5,2024-09-16 03:00:00
212,147,5,2024-09-16 04:00:00
428,173,4,2024-09-16 05:00:00
343,165,5,2024-09-16 06:00:00
96,122,2,2024-09-16 07:00:00
75,54,2,2024-09-16 08:00:00
423,6,5,2024-09-16 09:00:00
495,14,3,2024-09-16 10:00:00
54,132,5,2024-09-16 11:00:00
344,86,3,2024-09-16 12:00:00
459,183,1,2024-09-16 13:00:00
413,162,1,2024-09-16 14:00:00
54,27,2,2024-09-16 15:00:00
218,7,4,2024-09-16 16:00:00
16,131,2,2024-09-16 17:00:00
99,175,2,2024-09-16 18:00:00
20,2,4,2024-09-16 19:00:00
46,80,2,2024-09-16 20:00:00
451,153,4,2024-09-16 21:00:00
193,60,2,2024-09-16 22:00:00
383,24,1,2024-09-16 23:00:00
58,15,3,2024-09-17 00:00:00
437,95,2,2024-09-17 01:00:00
111,142,3,2024-09-17 02:00:00
129,182,5,2024-09-17 03:00:00
337,134,2,2024-09-17 04:00:00
194,81,1,2024-09-17 05:00:00
413,18,4,2024-09-17 06:00:00
340,20,1,2024-09-17 07:00:00
326,115,3,2024-09-17 08:00:00
8,190,4,2024-09-17 09:00:00
29,40,1,2024-09-17 10:00:00
112,39,1,2024-09-17 11:00:00
435,180,1,2024-09-17 12:00:00
161,32,4,2024-09-17 13:00:00
131,124,1,2024-09-17 14:00:00
188,108,1,2024-09-17 15:00:00
163,27,3,2024-09-17 16:00:00
197,110,1,2024-09-17 17:00:00
475,180,1,2024-09-17 18:00:00
364,97,5,2024-09-17 19:00:00
204,191,4,2024-09-17 20:00:00
212,74,5,2024-09-17 21:00:00
109,191,3,2024-09-17 22:00:00
276,17,5,2024-09-17 23:00:00
73,49,2,2024-09-18 00:00:00
167,81,4,2024-09-18 01:00:00
260,116,1,2024-09-18 02:00:00
243,23,5,2024-09-18 03:00:00
275,98,5,2024-09-18 04:00:00
102,72,1,2024-09-18 05:00:00
475,141,1,2024-09-18 06:00:00
173,151,3,2024-09-18 07:00:00
171,57,5,2024-09-18 08:00:00
141,190,5,2024-09-18 09:00:00
397,182,2,2024-09-18 10:00:00
188,148,2,2024-09-18 11:00:00
441,86,5,2024-09-18 12:00:00
86,180,2,2024-09-18 13:00:00
476,23,5,2024-09-18 14:00:00
52,105,4,2024-09-18 15:00:00
111,163,3,2024-09-18 16:00:00
437,67,2,2024-09-18 17:00:00
365,34,5,2024-09-18 18:00:00
342,33,2,2024-09-18 19:00:00
43,46,3,2024-09-18 20:00:00
211,81,4,2024-09-18 21:00:00
456,173,1,2024-09-18 22:00:00
500,147,1,2024-09-18 23:00:00
200,87,2,2024-09-19 00:00:00
298,15,5,2024-09-19 01:00:00
346,123,3,2024-09-19 02:00:00
240,121,4,2024-09-19 03:00:00
115,78,4,2024-09-19 04:00:00
26,66,4,2024-09-19 05:00:00
407,39,1,2024-09-19 06:00:00
299,18,3,2024-09-19 07:00:00
77,198,1,2024-09-19 08:00:00
412,187,2,2024-09-19 09:00:00
137,160,4,2024-09-19 10:00:00
20,21,3,2024-09-19 11:00:00
440,168,4,2024-09-19 12:00:00
211,27,1,2024-09-19 13:00:00
240,2,1,2024-09-19 14:00:00
39,97,1,2024-09-19 15:00:00
435,39,4,2024-09-19 16:00:00
268,56,3,2024-09-19 17:00:00
207,107,3,2024-09-19 18:00:00
479,127,2,2024-09-19 19:00:00
439,13,4,2024-09-19 20:00:00
462,126,2,2024-09-19 21:00:00
267,184,2,2024-09-19 22:00:00
154,194,2,2024-09-19 23:00:00
42,56,2,2024-09-20 00:00:00
411,28,1,2024-09-20 01:00:00
11,64,2,2024-09-20 02:00:00
294,71,3,2024-09-20 03:00:00
98,192,2,2024-09-20 04:00:00
427,184,1,2024-09-20 05:00:00
275,169,5,2024-09-20 06:00:00
448,119,5,2024-09-20 07:00:00
390,100,5,2024-09-20 08:00:00
430,41,4,2024-09-20 09:00:00
372,4,3,2024-09-20 10:00:00
230,185,1,2024-09-20 11:00:00
369,158,5,2024-09-20 12:00:00
426,88,1,2024-09-20 13:00:00
220,84,1,2024-09-20 14:00:00
65,46,4,2024-09-20 15:00:00
355,184,5,2024-09-20 16:00:00
232,159,2,2024-09-20 17:00:00
328,88,1,2024-09-20 18:00:00
443,7,5,2024-09-20 19:00:00
52,77,1,2024-09-20 20:00:00
374,182,4,2024-09-20 21:00:00
431,136,4,2024-09-20 22:00:00
376,183,2,2024-09-20 23:00:00
263,197,4,2024-09-21 00:00:00
267,172,5,2024-09-21 01:00:00
359,141,4,2024-09-21 02:00:00
317,93,2,2024-09-21 03:00:00
324,20,3,2024-09-21 04:00:00
409,78,1,2024-09-21 05:00:00
396,160,1,2024-09-21 06:00:00
154,188,5,2024-09-21 07:00:00
358,178,2,2024-09-21 08:00:00
366,27,2,2024-09-21 09:00:00
140,120,2,2024-09-21 10:00:00
427,25,1,2024-09-21 11:00:00
51,52,4,2024-09-21 12:00:00
117,196,1,2024-09-21 13:00:00
421,21,1,2024-09-21 14:00:00
46,18,1,2024-09-21 15:00:00
309,39,4,2024-09-21 16:00:00
88,15,3,2024-09-21 17:00:00
208,53,5,2024-09-21 18:00:00
377,38,3,2024-09-21 19:00:00
269,176,3,2024-09-21 20:00:00
89,52,1,2024-09-21 21:00:00
381,72,3,2024-09-21 22:00:00
118,28,1,2024-09-21 23:00:00
54,144,1,2024-09-22 00:00:00
441,118,5,2024-09-22 01:00:00
116,144,2,2024-09-22 02:00:00
118,35,1,2024-09-22 03:00:00
260,145,3,2024-09-22 04:00:00
75,99,5,2024-09-22 05:00:00
480,52,3,2024-09-22 06:00:00
305,140,2,2024-09-22 07:00:00
7,83,4,2024-09-22 08:00:00
366,48,2,2024-09-22 09:00:00
122,22,5,2024-09-22 10:00:00
11,123,2,2024-09-22 11:00:00
348,127,2,2024-09-22 12:00:00
438,177,5,2024-09-22 13:00:00
489,52,5,2024-09-22 14:00:00
215,79,3,2024-09-22 15:00:00
429,129,1,2024-09-22 16:00:00
279,66,4,2024-09-22 17:00:00
498,64,4,2024-09-22 18:00:00
28,8,4,2024-09-22 19:00:00
235,25,2,2024-09-22 20:00:00
367,194,5,2024-09-22 21:00:00
313,198,5,2024-09-22 22:00:00
26,94,5,2024-09-22 23:00:00
409,179,1,2024-09-23 00:00:00
54,181,5,2024-09-23 01:00:00
29,15,5,2024-09-23 02:00:00
467,178,2,2024-09-23 03:00:00
353,199,3,2024-09-23 04:00:00
164,122,4,2024-09-23 05:00:00
270,75,2,2024-09-23 06:00:00
334,104,2,2024-09-23 07:00:00
35,38,2,2024-09-23 08:00:00
286,168,4,2024-09-23 09:00:00
348,194,2,2024-09-23 10:00:00
273,115,3,2024-09-23 11:00:00
451,39,5,2024-09-23 12:00:00
208,108,3,2024-09-23 13:00:00
238,17,5,2024-09-23 14:00:00
414,135,5,2024-09-23 15:00:00
500,118,2,2024-09-23 16:00:00
93,39,2,2024-09-23 17:00:00
173,196,4,2024-09-23 18:00:00
79,35,1,2024-09-23 19:00:00
110,51,3,2024-09-23 20:00:00
217,47,4,2024-09-23 21:00:00
435,36,4,2024-09-23 22:00:00
358,64,3,2024-09-23 23:00:00
106,95,3,2024-09-24 00:00:00
47,105,5,2024-09-24 01:00:00
181,13,1,2024-09-24 02:00:00
64,146,2,2024-09-24 03:00:00
246,149,1,2024-09-24 04:00:00
244,112,1,2024-09-24 05:00:00
422,65,2,2024-09-24 06:00:00
320,8,1,2024-09-24 07:00:00
87,48,4,2024-09-24 08:00:00
217,85,4,2024-09-24 09:00:00
490,43,2,2024-09-24 10:00:00
7,181,2,2024-09-24 11:00:00
278,85,3,2024-09-24 12:00:00
337,155,3,2024-09-24 13:00:00
210,19,1,2024-09-24 14:00:00
497,23,1,2024-09-24 15:00:00
169,115,2,2024-09-24 16:00:00
330,50,1,2024-09-24 17:00:00
138,179,5,2024-09-24 18:00:00
441,43,4,2024-09-24 19:00:00
391,99,1,2024-09-24 20:00:00
496,104,1,2024-09-24 21:00:00
381,116,3,2024-09-24 22:00:00
306,51,5,2024-09-24 23:00:00
230,106,1,2024-09-25 00:00:00
475,112,4,2024-09-25 01:00:00
308,197,1,2024-09-25 02:00:00
161,169,2,2024-09-25 03:00:00
1,72,5,2024-09-25 04:00:00
236,139,1,2024-09-25 05:00:00
437,80,5,2024-09-25 06:00:00
188,180,1,2024-09-25 07:00:00
418,151,4,2024-09-25 08:00:00
4,49,4,2024-09-25 09:00:00
401,166,5,2024-09-25 10:00:00
132,47,3,2024-09-25 11:00:00
427,72,3,2024-09-25 12:00:00
218,7,2,2024-09-25 13:00:00
260,66,3,2024-09-25 14:00:00
1,77,5,2024-09-25 15:00:00
71,62,3,2024-09-25 16:00:00
478,157,2,2024-09-25 17:00:00
178,38,1,2024-09-25 18:00:00
457,125,3,2024-09-25 19:00:00
189,84,5,2024-09-25 20:00:00
291,161,5,2024-09-25 21:00:00
8,29,2,2024-09-25 22:00:00
253,114,2,2024-09-25 23:00:00
408,79,4,2024-09-26 00:00:00
467,23,4,2024-09-26 01:00:00
292,106,4,2024-09-26 02:00:00
434,131,1,2024-09-26 03:00:00
244,101,5,2024-09-26 04:00:00
123,173,4,2024-09-26 05:00:00
299,8,5,2024-09-26 06:00:00
283,86,2,2024-09-26 07:00:00
32,117,1,2024-09-26 08:00:00
334,29,2,2024-09-26 09:00:00
377,2,5,2024-09-26 10:00:00
146,113,4,2024-09-26 11:00:00
156,178,2,2024-09-26 12:00:00
413,65,3,2024-09-26 13:00:00
16,108,1,2024-09-26 14:00:00
355,20,5,2024-09-26 15:00:00
47,180,4,2024-09-26 16:00:00
251,37,2,2024-09-26 17:00:00
187,72,1,2024-09-26 18:00:00
31,27,4,2024-09-26 19:00:00
260,175,2,2024-09-26 20:00:00
421,123,5,2024-09-26 21:00:00
17,134,3,2024-09-26 22:00:00
39,188,3,2024-09-26 23:00:00
304,45,5,2024-09-27 00:00:00
430,172,1,2024-09-27 01:00:00
474,83,5,2024-09-27 02:00:00
432,146,2,2024-09-27 03:00:00
39,120,1,2024-09-27 04:00:00
489,65,3,2024-09-27 05:00:00
132,25,2,2024-09-27 06:00:00
30,27,4,2024-09-27 07:00:00
158,135,4,2024-09-27 08:00:00
278,172,4,2024-09-27 09:00:00
203,106,3,2024-09-27 10:00:00
66,157,5,2024-09-27 11:00:00
108,44,1,2024-09-27 12:00:00
268,107,3,2024-09-27 13:00:00
222,36,2,2024-09-27 14:00:00
292,147,2,2024-09-27 15:00:00
18,6,4,2024-09-27 16:00:00
90,153,1,2024-09-27 17:00:00
181,159,4,2024-09-27 18:00:00
255,9,2,2024-09-27 19:00:00
455,165,2,2024-09-27 20:00:00
253,155,5,2024-09-27 21:00:00
257,13,5,2024-09-27 22:00:00
383,41,5,2024-09-27 23:00:00
442,128,4,2024-09-28 00:00:00
346,66,1,2024-09-28 01:00:00
87,85,5,2024-09-28 02:00:00
90,24,3,2024-09-28 03:00:00
237,44,5,2024-09-28 04:00:00
390,106,4,2024-09-28 05:00:00
70,98,1,2024-09-28 06:00:00
44,60,5,2024-09-28 07:00:00
200,9,1,2024-09-28 08:00:00
152,130,3,2024-09-28 09:00:00
86,56,2,2024-09-28 10:00:00
19,158,1,2024-09-28 11:00:00
101,22,5,2024-09-28 12:00:00
402,81,4,2024-09-28 13:00:00
95,100,4,2024-09-28 14:00:00
254,13,4,2024-09-28 15:00:00
357,71,4,2024-09-28 16:00:00
30,16,1,2024-09-28 17:00:00
249,45,4,2024-09-28 18:00:00
426,65,2,2024-09-28 19:00:00
33,139,3,2024-09-28 20:00:00
458,70,1,2024-09-28 21:00:00
229,148,1,2024-09-28 22:00:00
12,99,4,2024-09-28 23:00:00
118,191,4,2024-09-29 00:00:00
350,101,1,2024-09-29 01:00:00
155,105,4,2024-09-29 02:00:00
423,140,4,2024-09-29 03:00:00
393,190,4,2024-09-29 04:00:00
246,94,4,2024-09-29 05:00:00
405,42,4,2024-09-29 06:00:00
332,83,5,2024-09-29 07:00:00
247,197,5,2024-09-29 08:00:00
29,186,5,2024-09-29 09:00:00
161,133,1,2024-09-29 10:00:00
235,105,3,2024-09-29 11:00:00
190,155,1,2024-09-29 12:00:00
117,28,5,2024-09-29 13:00:00
271,26,1,2024-09-29 14:00:00
258,116,3,2024-09-29 15:00:00
180,49,4,2024-09-29 16:00:00
487,149,2,2024-09-29 17:00:00
373,1,5,2024-09-29 18:00:00
172,92,5,2024-09-29 19:00:00
438,58,3,2024-09-29 20:00:00
274,79,4,2024-09-29 21:00:00
259,183,4,2024-09-29 22:00:00
135,81,2,2024-09-29 23:00:00
171,26,4,2024-09-30 00:00:00
210,153,3,2024-09-30 01:00:00
236,77,4,2024-09-30 02:00:00
422,161,3,2024-09-30 03:00:00
421,72,5,2024-09-30 04:00:00
186,69,5,2024-09-30 05:00:00
417,6,5,2024-09-30 06:00:00
364,23,1,2024-09-30 07:00:00
443,158,5,2024-09-30 08:00:00
95,54,3,2024-09-30 09:00:00
378,87,2,2024-09-30 10:00:00
11,11,4,2024-09-30 11:00:00
68,159,5,2024-09-30 12:00:00
379,134,1,2024-09-30 13:00:00
210,11,1,2024-09-30 14:00:00
196,77,3,2024-09-30 15:00:00
369,12,2,2024-09-30 16:00:00
98,194,5,2024-09-30 17:00:00
93,53,5,2024-09-30 18:00:00
472,99,1,2024-09-30 19:00:00
22,36,3,2024-09-30 20:00:00
450,145,1,2024-09-30 21:00:00
172,28,1,2024-09-30 22:00:00
383,150,2,2024-09-30 23:00:00
134,102,3,2024-10-01 00:00:00
426,7,2,2024-10-01 01:00:00
25,15,3,2024-10-01 02:00:00
185,139,5,2024-10-01 03:00:00
85,24,4,2024-10-01 04:00:00
55,195,4,2024-10-01 05:00:00
251,30,3,2024-10-01 06:00:00
144,198,4,2024-10-01 07:00:00
351,66,1,2024-10-01 08:00:00
398,61,5,2024-10-01 09:00:00
167,78,5,2024-10-01 10:00:00
412,41,4,2024-10-01 11:00:00
224,82,3,2024-10-01 12:00:00
220,51,1,2024-10-01 13:00:00
179,172,3,2024-10-01 14:00:00
119,95,4,2024-10-01 15:00:00
433,13,5,2024-10-01 16:00:00
265,90,5,2024-10-01 17:00:00
442,140,3,2024-10-01 18:00:00
429,82,2,2024-10-01 19:00:00
150,9,3,2024-10-01 20:00:00
416,48,2,2024-10-01 21:00:00
453,49,3,2024-10-01 22:00:00
215,53,2,2024-10-01 23:00:00
197,184,2,2024-10-02 00:00:00
42,40,2,2024-10-02 01:00:00
53,107,2,2024-10-02 02:00:00
480,24,1,2024-10-02 03:00:00
443,200,2,2024-10-02 04:00:00
330,108,2,2024-10-02 05:00:00
251,33,5,2024-10-02 06:00:00
295,23,1,2024-10-02 07:00:00
378,77,2,2024-10-02 08:00:00
271,54,4,2024-10-02 09:00:00
455,53,1,2024-10-02 10:00:00
413,49,5,2024-10-02 11:00:00
123,78,3,2024-10-02 12:00:00
367,80,5,2024-10-02 13:00:00
387,177,5,2024-10-02 14:00:00
339,102,1,2024-10-02 15:00:00
266,122,1,2024-10-02 16:00:00
348,188,4,2024-10-02 17:00:00
29,103,4,2024-10-02 18:00:00
463,90,1,2024-10-02 19:00:00
35,90,1,2024-10-02 20:00:00
6,193,1,2024-10-02 21:00:00
396,160,3,2024-10-02 22:00:00
111,121,5,2024-10-02 23:00:00
294,149,4,2024-10-03 00:00:00
77,146,4,2024-10-03 01:00:00
349,60,2,2024-10-03 02:00:00
147,122,3,2024-10-03 03:00:00
67,141,1,2024-10-03 04:00:00
392,152,1,2024-10-03 05:00:00
8,30,3,2024-10-03 06:00:00
122,130,4,2024-10-03 07:00:00
340,83,1,2024-10-03 08:00:00
175,111,2,2024-10-03 09:00:00
388,108,4,2024-10-03 10:00:00
179,111,5,2024-10-03 11:00:00
85,25,3,2024-10-03 12:00:00
451,50,4,2024-10-03 13:00:00
45,14,5,2024-10-03 14:00:00
136,134,2,2024-10-03 15:00:00
343,76,3,2024-10-03 16:00:00
16,84,1,2024-10-03 17:00:00
333,87,1,2024-10-03 18:00:00
195,158,5,2024-10-03 19:00:00
496,30,4,2024-10-03 20:00:00
9,166,2,2024-10-03 21:00:00
316,58,5,2024-10-03 22:00:00
334,94,2,2024-10-03 23:00:00
333,41,2,2024-10-04 00:00:00
327,94,2,2024-10-04 01:00:00
15,57,3,2024-10-04 02:00:00
327,164,5,2024-10-04 03:00:00
102,64,3,2024-10-04 04:00:00
226,98,4,2024-10-04 05:00:00
425,16,4,2024-10-04 06:00:00
278,88,1,2024-10-04 07:00:00
408,78,1,2024-10-04 08:00:00
113,90,1,2024-10-04 09:00:00
485,72,4,2024-10-04 10:00:00
428,14,2,2024-10-04 11:00:00
1,31,2,2024-10-04 12:00:00
266,66,5,2024-10-04 13:00:00
491,112,4,2024-10-04 14:00:00
208,68,1,2024-10-04 15:00:00
110,193,4,2024-10-04 16:00:00
200,55,2,2024-10-04 17:00:00
440,123,2,2024-10-04 18:00:00
369,168,3,2024-10-04 19:00:00
473,153,3,2024-10-04 20:00:00
306,25,5,2024-10-04 21:00:00
12,131,4,2024-10-04 22:00:00
345,69,3,2024-10-04 23:00:00
465,102,3,2024-10-05 00:00:00
188,118,4,2024-10-05 01:00:00
154,26,2,2024-10-05 02:00:00
494,40,5,2024-10-05 03:00:00
368,38,5,2024-10-05 04:00:00
334,166,5,2024-10-05 05:00:00
425,196,3,2024-10-05 06:00:00
420,7,2,2024-10-05 07:00:00
377,158,5,2024-10-05 08:00:00
279,120,4,2024-10-05 09:00:00
171,147,5,2024-10-05 10:00:00
134,35,1,2024-10-05 11:00:00
495,161,2,2024-10-05 12:00:00
453,161,1,2024-10-05 13:00:00
427,78,2,2024-10-05 14:00:00
25,38,4,2024-10-05 15:00:00
18,138,3,2024-10-05 16:00:00
190,185,3,2024-10-05 17:00:00
141,28,2,2024-10-05 18:00:00
43,100,5,2024-10-05 19:00:00
334,38,1,2024-10-05 20:00:00
284,144,4,2024-10-05 21:00:00
146,124,5,2024-10-05 22:00:00
315,149,3,2024-10-05 23:00:00
444,92,5,2024-10-06 00:00:00
319,97,1,2024-10-06 01:00:00
441,6,3,2024-10-06 02:00:00
92,169,2,2024-10-06 03:00:00
179,127,4,2024-10-06 04:00:00
56,15,4,2024-10-06 05:00:00
155,108,3,2024-10-06 06:00:00
160,131,2,2024-10-06 07:00:00
111,43,1,2024-10-06 08:00:00
137,47,4,2024-10-06 09:00:00
232,99,3,2024-10-06 10:00:00
480,14,4,2024-10-06 11:00:00
468,194,2,2024-10-06 12:00:00
220,157,1,2024-10-06 13:00:00
481,132,2,2024-10-06 14:00:00
68,154,5,2024-10-06 15:00:00
302,115,2,2024-10-06 16:00:00
249,140,2,2024-10-06 17:00:00
482,2,4,2024-10-06 18:00:00
496,145,2,2024-10-06 19:00:00
323,35,3,2024-10-06 20:00:00
410,10,4,2024-10-06 21:00:00
392,112,4,2024-10-06 22:00:00
6,171,5,2024-10-06 23:00:00
464,21,3,2024-10-07 00:00:00
280,15,2,2024-10-07 01:00:00
432,163,5,2024-10-07 02:00:00
487,112,3,2024-10-07 03:00:00
94,126,5,2024-10-07 04:00:00
429,85,1,2024-10-07 05:00:00
269,85,2,2024-10-07 06:00:00
197,188,5,2024-10-07 07:00:00
25,172,1,2024-10-07 08:00:00
148,5,2,2024-10-07 09:00:00
118,117,5,2024-10-07 10:00:00
338,146,5,2024-10-07 11:00:00
367,149,5,2024-10-07 12:00:00
338,72,5,2024-10-07 13:00:00
66,74,4,2024-10-07 14:00:00
458,51,5,2024-10-07 15:00:00
301,169,4,2024-10-07 16:00:00
370,24,4,2024-10-07 17:00:00
175,152,1,2024-10-07 18:00:00
319,38,2,2024-10-07 19:00:00
76,44,4,2024-10-07 20:00:00
495,185,3,2024-10-07 21:00:00
461,187,4,2024-10-07 22:00:00
114,162,3,2024-10-07 23:00:00
111,75,1,2024-10-08 00:00:00
249,95,3,2024-10-08 01:00:00
439,23,1,2024-10-08 02:00:00
203,124,1,2024-10-08 03:00:00
147,86,1,2024-10-08 04:00:00
35,43,3,2024-10-08 05:00:00
487,40,3,2024-10-08 06:00:00
309,47,1,2024-10-08 07:00:00
26,169,1,2024-10-08 08:00:00
238,175,2,2024-10-08 09:00:00
14,20,1,2024-10-08 10:00:00
374,109,5,2024-10-08 11:00:00
45,193,2,2024-10-08 12:00:00
428,68,2,2024-10-08 13:00:00
216,24,2,2024-10-08 14:00:00
233,36,5,2024-10-08 15:00:00
193,45,2,2024-10-08 16:00:00
51,130,2,2024-10-08 17:00:00
427,28,3,2024-10-08 18:00:00
375,154,3,2024-10-08 19:00:00
214,23,1,2024-10-08 20:00:00
151,164,1,2024-10-08 21:00:00
440,91,4,2024-10-08 22:00:00
275,134,5,2024-10-08 23:00:00
338,163,3,2024-10-09 00:00:00
76,103,1,2024-10-09 01:00:00
439,38,5,2024-10-09 02:00:00
220,163,2,2024-10-09 03:00:00
348,94,5,2024-10-09 04:00:00
444,53,3,2024-10-09 05:00:00
187,38,4,2024-10-09 06:00:00
289,187,3,2024-10-09 07:00:00
403,43,1,2024-10-09 08:00:00
28,103,1,2024-10-09 09:00:00
379,114,5,2024-10-09 10:00:00
180,4,3,2024-10-09 11:00:00
253,5,1,2024-10-09 12:00:00
126,68,2,2024-10-09 13:00:00
177,123,2,2024-10-09 14:00:00
37,173,4,2024-10-09 15:00:00
410,80,5,2024-10-09 16:00:00
99,153,1,2024-10-09 17:00:00
98,11,4,2024-10-09 18:00:00
127,157,2,2024-10-09 19:00:00
483,162,4,2024-10-09 20:00:00
168,142,4,2024-10-09 21:00:00
80,120,1,2024-10-09 22:00:00
294,152,1,2024-10-09 23:00:00
333,187,1,2024-10-10 00:00:00
126,167,5,2024-10-10 01:00:00
343,26,4,2024-10-10 02:00:00
310,171,4,2024-10-10 03:00:00
150,36,5,2024-10-10 04:00:00
16,167,2,2024-10-10 05:00:00
28,189,3,2024-10-10 06:00:00
496,144,2,2024-10-10 07:00:00
419,122,5,2024-10-10 08:00:00
444,59,4,2024-10-10 09:00:00
173,96,4,2024-10-10 10:00:00
46,6,1,2024-10-10 11:00:00
328,98,1,2024-10-10 12:00:00
236,56,4,2024-10-10 13:00:00
439,136,4,2024-10-10 14:00:00
214,94,1,2024-10-10 15:00:00
85,27,1,2024-10-10 16:00:00
282,199,2,2024-10-10 17:00:00
232,155,4,2024-10-10 18:00:00
85,120,4,2024-10-10 19:00:00
409,174,5,2024-10-10 20:00:00
489,169,2,2024-10-10 21:00:00
65,25,3,2024-10-10 22:00:00
134,86,3,2024-10-10 23:00:00
151,146,3,2024-10-11 00:00:00
115,12,1,2024-10-11 01:00:00
64,87,3,2024-10-11 02:00:00
343,179,5,2024-10-11 03:00:00
427,109,1,2024-10-11 04:00:00
363,167,1,2024-10-11 05:00:00
407,89,3,2024-10-11 06:00:00
352,10,1,2024-10-11 07:00:00
158,74,2,2024-10-11 08:00:00
77,77,2,2024-10-11 09:00:00
491,54,3,2024-10-11 10:00:00
146,157,5,2024-10-11 11:00:00
343,102,1,2024-10-11 12:00:00
463,169,4,2024-10-11 13:00:00
225,137,3,2024-10-11 14:00:00
405,191,1,2024-10-11 15:00:00
313,165,3,2024-10-11 16:00:00
103,142,3,2024-10-11 17:00:00
407,101,5,2024-10-11 18:00:00
347,73,4,2024-10-11 19:00:00
301,72,1,2024-10-11 20:00:00
428,167,3,2024-10-11 21:00:00
466,168,3,2024-10-11 22:00:00
88,54,1,2024-10-11 23:00:00
371,3,3,2024-10-12 00:00:00
303,183,3,2024-10-12 01:00:00
168,111,3,2024-10-12 02:00:00
435,161,2,2024-10-12 03:00:00
170,96,2,2024-10-12 04:00:00
135,71,4,2024-10-12 05:00:00
50,19,5,2024-10-12 06:00:00
432,34,1,2024-10-12 07:00:00
340,50,5,2024-10-12 08:00:00
347,175,5,2024-10-12 09:00:00
134,46,2,2024-10-12 10:00:00
347,184,4,2024-10-12 11:00:00
137,185,5,2024-10-12 12:00:00
245,83,5,2024-10-12 13:00:00
109,51,3,2024-10-12 14:00:00
313,54,1,2024-10-12 15:00:00
287,90,4,2024-10-12 16:00:00
21,81,1,2024-10-12 17:00:00
90,118,2,2024-10-12 18:00:00
296,156,5,2024-10-12 19:00:00
112,19,5,2024-10-12 20:00:00
301,27,1,2024-10-12 21:00:00
77,176,2,2024-10-12 22:00:00
177,147,3,2024-10-12 23:00:00
343,179,3,2024-10-13 00:00:00
148,7,5,2024-10-13 01:00:00
101,157,5,2024-10-13 02:00:00
246,171,4,2024-10-13 03:00:00
117,69,1,2024-10-13 04:00:00
92,94,5,2024-10-13 05:00:00
401,113,2,2024-10-13 06:00:00
28,107,1,2024-10-13 07:00:00
425,120,4,2024-10-13 08:00:00
450,186,3,2024-10-13 09:00:00
25,136,4,2024-10-13 10:00:00
58,170,1,2024-10-13 11:00:00
498,42,3,2024-10-13 12:00:00
297,13,2,2024-10-13 13:00:00
134,154,3,2024-10-13 14:00:00
331,18,3,2024-10-13 15:00:00
249,42,2,2024-10-13 16:00:00
38,51,5,2024-10-13 17:00:00
390,113,5,2024-10-13 18:00:00
429,144,3,2024-10-13 19:00:00
75,101,3,2024-10-13 20:00:00
142,3,4,2024-10-13 21:00:00
322,79,5,2024-10-13 22:00:00
168,98,2,2024-10-13 23:00:00
259,173,3,2024-10-14 00:00:00
373,150,3,2024-10-14 01:00:00
355,23,4,2024-10-14 02:00:00
225,59,4,2024-10-14 03:00:00
152,190,4,2024-10-14 04:00:00
19,113,1,2024-10-14 05:00:00
146,68,2,2024-10-14 06:00:00
448,54,1,2024-10-14 07:00:00
241,57,3,2024-10-14 08:00:00
372,151,4,2024-10-14 09:00:00
381,111,4,2024-10-14 10:00:00
344,60,4,2024-10-14 11:00:00
237,73,5,2024-10-14 12:00:00
35,55,2,2024-10-14 13:00:00
190,117,1,2024-10-14 14:00:00
1,63,2,2024-10-14 15:00:00
484,184,4,2024-10-14 16:00:00
153,55,3,2024-10-14 17:00:00
429,25,5,2024-10-14 18:00:00
433,26,2,2024-10-14 19:00:00
126,177,3,2024-10-14 20:00:00
491,63,4,2024-10-14 21:00:00
482,173,4,2024-10-14 22:00:00
345,73,4,2024-10-14 23:00:00
400,79,4,2024-10-15 00:00:00
226,167,5,2024-10-15 01:00:00
221,65,5,2024-10-15 02:00:00
403,69,2,2024-10-15 03:00:00
407,184,4,2024-10-15 04:00:00
211,9,5,2024-10-15 05:00:00
25,198,3,2024-10-15 06:00:00
16,156,5,2024-10-15 07:00:00
182,173,5,2024-10-15 08:00:00
499,26,2,2024-10-15 09:00:00
329,28,5,2024-10-15 10:00:00
129,40,3,2024-10-15 11:00:00
42,143,4,2024-10-15 12:00:00
403,134,1,2024-10-15 13:00:00
481,27,2,2024-10-15 14:00:00
418,38,3,2024-10-15 15:00:00
336,196,2,2024-10-15 16:00:00
236,85,4,2024-10-15 17:00:00
360,64,5,2024-10-15 18:00:00
439,30,5,2024-10-15 19:00:00
402,99,3,2024-10-15 20:00:00
34,131,4,2024-10-15 21:00:00
345,190,1,2024-10-15 22:00:00
381,12,1,2024-10-15 23:00:00
45,91,5,2024-10-16 00:00:00
134,30,4,2024-10-16 01:00:00
21,38,4,2024-10-16 02:00:00
122,85,3,2024-10-16 03:00:00
70,60,1,2024-10-16 04:00:00
352,38,3,2024-10-16 05:00:00
361,104,2,2024-10-16 06:00:00
48,143,4,2024-10-16 07:00:00
491,146,1,2024-10-16 08:00:00
39,180,3,2024-10-16 09:00:00
287,29,5,2024-10-16 10:00:00
490,112,2,2024-10-16 11:00:00
10,188,3,2024-10-16 12:00:00
30,21,5,2024-10-16 13:00:00
244,145,1,2024-10-16 14:00:00
274,146,1,2024-10-16 15:00:00
444,185,2,2024-10-16 16:00:00
88,119,5,2024-10-16 17:00:00
244,165,4,2024-10-16 18:00:00
381,60,1,2024-10-16 19:00:00
329,166,4,2024-10-16 20:00:00
479,140,4,2024-10-16 21:00:00
15,113,3,2024-10-16 22:00:00
4,129,3,2024-10-16 23:00:00
191,58,1,2024-10-17 00:00:00
168,3,4,2024-10-17 01:00:00
9,191,3,2024-10-17 02:00:00
109,149,5,2024-10-17 03:00:00
137,23,5,2024-10-17 04:00:00
154,137,5,2024-10-17 05:00:00
388,83,5,2024-10-17 06:00:00
209,55,4,2024-10-17 07:00:00
272,110,5,2024-10-17 08:00:00
143,116,4,2024-10-17 09:00:00
99,147,1,2024-10-17 10:00:00
377,62,1,2024-10-17 11:00:00
308,87,5,2024-10-17 12:00:00
69,167,5,2024-10-17 13:00:00
247,100,5,2024-10-17 14:00:00
261,27,1,2024-10-17 15:00:00
276,174,3,2024-10-17 16:00:00
79,34,1,2024-10-17 17:00:00
146,33,5,2024-10-17 18:00:00
111,92,3,2024-10-17 19:00:00
258,96,3,2024-10-17 20:00:00
93,178,2,2024-10-17 21:00:00
13,148,4,2024-10-17 22:00:00
260,168,5,2024-10-17 23:00:00
426,95,4,2024-10-18 00:00:00
109,186,2,2024-10-18 01:00:00
330,159,4,2024-10-18 02:00:00
189,38,5,2024-10-18 03:00:00
95,173,2,2024-10-18 04:00:00
105,41,4,2024-10-18 05:00:00
8,137,1,2024-10-18 06:00:00
67,137,3,2024-10-18 07:00:00
496,191,2,2024-10-18 08:00:00
191,79,1,2024-10-18 09:00:00
366,128,5,2024-10-18 10:00:00
256,22,3,2024-10-18 11:00:00
9,16,2,2024-10-18 12:00:00
478,32,3,2024-10-18 13:00:00
117,194,2,2024-10-18 14:00:00
267,142,2,2024-10-18 15:00:00
99,38,4,2024-10-18 16:00:00
485,98,3,2024-10-18 17:00:00
298,136,3,2024-10-18 18:00:00
397,21,1,2024-10-18 19:00:00
164,56,5,2024-10-18 20:00:00
376,46,1,2024-10-18 21:00:00
141,43,4,2024-10-18 22:00:00
268,120,2,2024-10-18 23:00:00
37,46,4,2024-10-19 00:00:00
74,48,4,2024-10-19 01:00:00
73,198,1,2024-10-19 02:00:00
308,84,2,2024-10-19 03:00:00
199,31,5,2024-10-19 04:00:00
130,161,4,2024-10-19 05:00:00
246,172,5,2024-10-19 06:00:00
312,71,2,2024-10-19 07:00:00
60,8,2,2024-10-19 08:00:00
279,130,1,2024-10-19 09:00:00
103,145,3,2024-10-19 10:00:00
296,52,1,2024-10-19 11:00:00
320,45,5,2024-10-19 12:00:00
487,37,1,2024-10-19 13:00:00
341,170,2,2024-10-19 14:00:00
151,44,4,2024-10-19 15:00:00
157,117,3,2024-10-19 16:00:00
206,38,2,2024-10-19 17:00:00
474,99,4,2024-10-19 18:00:00
179,124,5,2024-10-19 19:00:00
197,6,5,2024-10-19 20:00:00
223,68,5,2024-10-19 21:00:00
89,179,1,2024-10-19 22:00:00
287,101,5,2024-10-19 23:00:00
434,163,5,2024-10-20 00:00:00
276,186,1,2024-10-20 01:00:00
236,185,4,2024-10-20 02:00:00
183,134,2,2024-10-20 03:00:00
209,13,3,2024-10-20 04:00:00
493,187,5,2024-10-20 05:00:00
130,30,5,2024-10-20 06:00:00
153,100,5,2024-10-20 07:00:00
13,2,1,2024-10-20 08:00:00
122,58,1,2024-10-20 09:00:00
359,36,1,2024-10-20 10:00:00
220,72,3,2024-10-20 11:00:00
106,173,2,2024-10-20 12:00:00
375,137,5,2024-10-20 13:00:00
70,126,4,2024-10-20 14:00:00
195,193,5,2024-10-20 15:00:00
186,77,5,2024-10-20 16:00:00
99,50,5,2024-10-20 17:00:00
82,32,5,2024-10-20 18:00:00
75,98,2,2024-10-20 19:00:00
374,43,4,2024-10-20 20:00:00
340,125,1,2024-10-20 21:00:00
192,95,4,2024-10-20 22:00:00
325,78,5,2024-10-20 23:00:00
467,54,4,2024-10-21 00:00:00
214,47,5,2024-10-21 01:00:00
315,14,4,2024-10-21 02:00:00
444,176,3,2024-10-21 03:00:00
467,55,4,2024-10-21 04:00:00
382,157,1,2024-10-21 05:00:00
367,175,1,2024-10-21 06:00:00
318,63,4,2024-10-21 07:00:00
144,19,4,2024-10-21 08:00:00
384,91,2,2024-10-21 09:00:00
216,137,4,2024-10-21 10:00:00
361,101,1,2024-10-21 11:00:00
324,37,3,2024-10-21 12:00:00
15,107,1,2024-10-21 13:00:00
217,92,2,2024-10-21 14:00:00
492,52,4,2024-10-21 15:00:00
439,185,3,2024-10-21 16:00:00
35,28,1,2024-10-21 17:00:00
183,36,3,2024-10-21 18:00:00
270,116,5,2024-10-21 19:00:00
433,64,1,2024-10-21 20:00:00
467,18,5,2024-10-21 21:00:00
358,89,3,2024-10-21 22:00:00
100,163,4,2024-10-21 23:00:00
7,196,4,2024-10-22 00:00:00
30,78,4,2024-10-22 01:00:00
467,167,5,2024-10-22 02:00:00
305,90,4,2024-10-22 03:00:00
473,8,2,2024-10-22 04:00:00
144,15,1,2024-10-22 05:00:00
111,7,1,2024-10-22 06:00:00
232,17,3,2024-10-22 07:00:00
179,86,5,2024-10-22 08:00:00
72,118,1,2024-10-22 09:00:00
210,64,5,2024-10-22 10:00:00
220,12,3,2024-10-22 11:00:00
80,56,4,2024-10-22 12:00:00
500,174,3,2024-10-22 13:00:00
83,175,2,2024-10-22 14:00:00
42,101,4,2024-10-22 15:00:00
273,16,4,2024-10-22 16:00:00
191,197,4,2024-10-22 17:00:00
173,2,3,2024-10-22 18:00:00
461,128,2,2024-10-22 19:00:00
7,92,5,2024-10-22 20:00:00
155,105,3,2024-10-22 21:00:00
10,182,1,2024-10-22 22:00:00
34,155,1,2024-10-22 23:00:00
36,31,3,2024-10-23 00:00:00
409,169,5,2024-10-23 01:00:00
6,164,1,2024-10-23 02:00:00
408,47,5,2024-10-23 03:00:00
402,43,4,2024-10-23 04:00:00
215,65,3,2024-10-23 05:00:00
134,50,4,2024-10-23 06:00:00
285,1,1,2024-10-23 07:00:00
126,200,5,2024-10-23 08:00:00
409,185,4,2024-10-23 09:00:00
439,144,1,2024-10-23 10:00:00
337,122,2,2024-10-23 11:00:00
174,28,4,2024-10-23 12:00:00
152,86,2,2024-10-23 13:00:00
331,82,2,2024-10-23 14:00:00
26,22,1,2024-10-23 15:00:00
383,41,3,2024-10-23 16:00:00
115,76,5,2024-10-23 17:00:00
382,147,1,2024-10-23 18:00:00
482,89,4,2024-10-23 19:00:00
284,178,5,2024-10-23 20:00:00
387,59,3,2024-10-23 21:00:00
75,69,1,2024-10-23 22:00:00
166,162,3,2024-10-23 23:00:00
189,167,4,2024-10-24 00:00:00
78,123,1,2024-10-24 01:00:00
435,74,4,2024-10-24 02:00:00
90,7,5,2024-10-24 03:00:00
176,101,5,2024-10-24 04:00:00
21,111,3,2024-10-24 05:00:00
54,180,3,2024-10-24 06:00:00
184,188,5,2024-10-24 07:00:00
359,52,2,2024-10-24 08:00:00
222,24,5,2024-10-24 09:00:00
315,26,1,2024-10-24 10:00:00
328,125,4,2024-10-24 11:00:00
179,90,5,2024-10-24 12:00:00
276,122,5,2024-10-24 13:00:00
112,10,4,2024-10-24 14:00:00
224,17,4,2024-10-24 15:00:00
214,2,1,2024-10-24 16:00:00
59,112,4,2024-10-24 17:00:00
327,27,3,2024-10-24 18:00:00
393,71,5,2024-10-24 19:00:00
109,176,4,2024-10-24 20:00:00
385,118,1,2024-10-24 21:00:00
157,9,4,2024-10-24 22:00:00
191,86,5,2024-10-24 23:00:00
200,23,2,2024-10-25 00:00:00
312,199,4,2024-10-25 01:00:00
196,73,3,2024-10-25 02:00:00
35,27,5,2024-10-25 03:00:00
379,93,1,2024-10-25 04:00:00
387,81,5,2024-10-25 05:00:00
246,84,2,2024-10-25 06:00:00
237,199,1,2024-10-25 07:00:00
104,43,2,2024-10-25 08:00:00
7,7,2,2024-10-25 09:00:00
283,92,3,2024-10-25 10:00:00
1,83,4,2024-10-25 11:00:00
219,191,3,2024-10-25 12:00:00
464,84,3,2024-10-25 13:00:00
230,44,3,2024-10-25 14:00:00
455,167,1,2024-10-25 15:00:00
172,40,4,2024-10-25 16:00:00
87,135,4,2024-10-25 17:00:00
41,198,1,2024-10-25 18:00:00
123,25,3,2024-10-25 19:00:00
331,59,3,2024-10-25 20:00:00
298,141,2,2024-10-25 21:00:00
373,103,2,2024-10-25 22:00:00
417,86,5,2024-10-25 23:00:00
178,112,2,2024-10-26 00:00:00
63,86,4,2024-10-26 01:00:00
484,98,1,2024-10-26 02:00:00
165,62,3,2024-10-26 03:00:00
489,8,5,2024-10-26 04:00:00
187,113,2,2024-10-26 05:00:00
383,173,5,2024-10-26 06:00:00
209,146,1,2024-10-26 07:00:00
227,60,1,2024-10-26 08:00:00
432,60,5,2024-10-26 09:00:00
389,106,5,2024-10-26 10:00:00
48,2,5,2024-10-26 11:00:00
224,194,3,2024-10-26 12:00:00
3,91,4,2024-10-26 13:00:00
372,14,2,2024-10-26 14:00:00
175,48,2,2024-10-26 15:00:00
446,103,2,2024-10-26 16:00:00
99,56,5,2024-10-26 17:00:00
116,12,5,2024-10-26 18:00:00
270,55,5,2024-10-26 19:00:00
447,156,3,2024-10-26 20:00:00
368,110,3,2024-10-26 21:00:00
253,4,3,2024-10-26 22:00:00
317,36,3,2024-10-26 23:00:00
415,178,1,2024-10-27 00:00:00
95,131,3,2024-10-27 01:00:00
273,1,3,2024-10-27 02:00:00
380,17,3,2024-10-27 03:00:00
24,199,2,2024-10-27 04:00:00
116,62,2,2024-10-27 05:00:00
151,48,2,2024-10-27 06:00:00
338,62,4,2024-10-27 07:00:00
50,69,1,2024-10-27 08:00:00
206,147,5,2024-10-27 09:00:00
498,103,3,2024-10-27 10:00:00
335,110,2,2024-10-27 11:00:00
79,162,1,2024-10-27 12:00:00
70,177,3,2024-10-27 13:00:00
27,175,4,2024-10-27 14:00:00
271,91,5,2024-10-27 15:00:00
50,114,3,2024-10-27 16:00:00
292,178,5,2024-10-27 17:00:00
247,89,3,2024-10-27 18:00:00
264,154,4,2024-10-27 19:00:00
79,56,1,2024-10-27 20:00:00
387,78,5,2024-10-27 21:00:00
190,14,5,2024-10-27 22:00:00
47,25,1,2024-10-27 23:00:00
461,132,5,2024-10-28 00:00:00
361,32,2,2024-10-28 01:00:00
354,82,1,2024-10-28 02:00:00
472,78,4,2024-10-28 03:00:00
488,193,3,2024-10-28 04:00:00
352,106,3,2024-10-28 05:00:00
189,189,1,2024-10-28 06:00:00
416,20,2,2024-10-28 07:00:00
256,74,4,2024-10-28 08:00:00
222,10,3,2024-10-28 09:00:00
372,123,3,2024-10-28 10:00:00
241,34,2,2024-10-28 11:00:00
269,189,5,2024-10-28 12:00:00
1,155,1,2024-10-28 13:00:00
34,40,2,2024-10-28 14:00:00
446,193,2,2024-10-28 15:00:00
79,127,2,2024-10-28 16:00:00
236,33,2,2024-10-28 17:00:00
334,196,5,2024-10-28 18:00:00
377,71,4,2024-10-28 19:00:00
349,137,2,2024-10-28 20:00:00
98,144,2,2024-10-28 21:00:00
82,133,1,2024-10-28 22:00:00
455,98,3,2024-10-28 23:00:00
477,124,5,2024-10-29 00:00:00
415,151,2,2024-10-29 01:00:00
192,43,4,2024-10-29 02:00:00
253,114,4,2024-10-29 03:00:00
409,89,4,2024-10-29 04:00:00
38,185,1,2024-10-29 05:00:00
14,179,4,2024-10-29 06:00:00
392,13,1,2024-10-29 07:00:00
347,128,5,2024-10-29 08:00:00
310,152,4,2024-10-29 09:00:00
386,139,3,2024-10-29 10:00:00
209,52,2,2024-10-29 11:00:00
357,17,5,2024-10-29 12:00:00
462,165,3,2024-10-29 13:00:00
89,13,5,2024-10-29 14:00:00
56,190,4,2024-10-29 15:00:00
94,84,5,2024-10-29 16:00:00
93,97,5,2024-10-29 17:00:00
340,106,5,2024-10-29 18:00:00
85,96,1,2024-10-29 19:00:00
445,8,3,2024-10-29 20:00:00
245,56,4,2024-10-29 21:00:00
22,104,2,2024-10-29 22:00:00
291,83,4,2024-10-29 23:00:00
485,198,4,2024-10-30 00:00:00
272,44,1,2024-10-30 01:00:00
306,188,1,2024-10-30 02:00:00
122,103,5,2024-10-30 03:00:00
128,112,4,2024-10-30 04:00:00
113,169,3,2024-10-30 05:00:00
427,149,1,2024-10-30 06:00:00
273,42,1,2024-10-30 07:00:00
336,157,3,2024-10-30 08:00:00
442,193,1,2024-10-30 09:00:00
130,145,3,2024-10-30 10:00:00
132,30,2,2024-10-30 11:00:00
85,26,3,2024-10-30 12:00:00
423,181,2,2024-10-30 13:00:00
482,125,5,2024-10-30 14:00:00
350,19,5,2024-10-30 15:00:00
390,53,1,2024-10-30 16:00:00
81,85,3,2024-10-30 17:00:00
487,17,1,2024-10-30 18:00:00
473,174,3,2024-10-30 19:00:00
325,104,1,2024-10-30 20:00:00
69,181,5,2024-10-30 21:00:00
148,105,5,2024-10-30 22:00:00
448,104,1,2024-10-30 23:00:00
16,192,3,2024-10-31 00:00:00
307,173,4,2024-10-31 01:00:00
105,177,3,2024-10-31 02:00:00
165,147,1,2024-10-31 03:00:00
488,124,3,2024-10-31 04:00:00
201,199,2,2024-10-31 05:00:00
197,81,3,2024-10-31 06:00:00
426,193,5,2024-10-31 07:00:00
185,37,5,2024-10-31 08:00:00
322,121,2,2024-10-31 09:00:00
265,70,3,2024-10-31 10:00:00
363,154,4,2024-10-31 11:00:00
100,130,3,2024-10-31 12:00:00
342,59,5,2024-10-31 13:00:00
320,118,5,2024-10-31 14:00:00
214,133,1,2024-10-31 15:00:00
278,37,5,2024-10-31 16:00:00
162,31,1,2024-10-31 17:00:00
439,99,5,2024-10-31 18:00:00
157,94,5,2024-10-31 19:00:00
422,176,4,2024-10-31 20:00:00
251,6,1,2024-10-31 21:00:00
366,15,1,2024-10-31 22:00:00
97,143,5,2024-10-31 23:00:00
18,189,1,2024-11-01 00:00:00
327,16,5,2024-11-01 01:00:00
449,20,5,2024-11-01 02:00:00
383,77,3,2024-11-01 03:00:00
97,44,1,2024-11-01 04:00:00
1,170,2,2024-11-01 05:00:00
216,46,1,2024-11-01 06:00:00
132,95,1,2024-11-01 07:00:00
260,162,4,2024-11-01 08:00:00
125,64,2,2024-11-01 09:00:00
82,157,2,2024-11-01 10:00:00
283,131,4,2024-11-01 11:00:00
171,9,4,2024-11-01 12:00:00
59,153,1,2024-11-01 13:00:00
32,42,3,2024-11-01 14:00:00
161,174,4,2024-11-01 15:00:00
284,73,2,2024-11-01 16:00:00
106,84,2,2024-11-01 17:00:00
105,59,1,2024-11-01 18:00:00
439,21,3,2024-11-01 19:00:00
228,150,5,2024-11-01 20:00:00
188,157,4,2024-11-01 21:00:00
70,63,4,2024-11-01 22:00:00
318,73,1,2024-11-01 23:00:00
464,61,3,2024-11-02 00:00:00
290,64,2,2024-11-02 01:00:00
87,69,2,2024-11-02 02:00:00
370,168,5,2024-11-02 03:00:00
362,129,2,2024-11-02 04:00:00
472,106,4,2024-11-02 05:00:00
56,65,5,2024-11-02 06:00:00
113,122,3,2024-11-02 07:00:00
13,62,5,2024-11-02 08:00:00
440,182,3,2024-11-02 09:00:00
18,103,2,2024-11-02 10:00:00
182,60,1,2024-11-02 11:00:00
461,46,5,2024-11-02 12:00:00
113,5,5,2024-11-02 13:00:00
229,113,4,2024-11-02 14:00:00
171,150,4,2024-11-02 15:00:00
295,181,3,2024-11-02 16:00:00
189,70,1,2024-11-02 17:00:00
426,160,4,2024-11-02 18:00:00
465,11,4,2024-11-02 19:00:00
79,138,2,2024-11-02 20:00:00
146,167,2,2024-11-02 21:00:00
407,98,4,2024-11-02 22:00:00
182,31,3,2024-11-02 23:00:00
499,12,1,2024-11-03 00:00:00
286,108,4,2024-11-03 01:00:00
250,80,3,2024-11-03 02:00:00
354,166,3,2024-11-03 03:00:00
314,67,4,2024-11-03 04:00:00
196,194,3,2024-11-03 05:00:00
323,52,5,2024-11-03 06:00:00
71,133,3,2024-11-03 07:00:00
248,139,4,2024-11-03 08:00:00
146,25,3,2024-11-03 09:00:00
106,35,4,2024-11-03 10:00:00
263,163,2,2024-11-03 11:00:00
296,22,4,2024-11-03 12:00:00
70,165,3,2024-11-03 13:00:00
470,183,4,2024-11-03 14:00:00
193,96,1,2024-11-03 15:00:00
68,117,4,2024-11-03 16:00:00
494,200,4,2024-11-03 17:00:00
305,192,1,2024-11-03 18:00:00
52,20,1,2024-11-03 19:00:00
370,106,1,2024-11-03 20:00:00
363,4,5,2024-11-03 21:00:00
285,18,4,2024-11-03 22:00:00
405,51,1,2024-11-03 23:00:00
474,196,1,2024-11-04 00:00:00
334,20,2,2024-11-04 01:00:00
9,122,5,2024-11-04 02:00:00
251,137,4,2024-11-04 03:00:00
431,80,3,2024-11-04 04:00:00
332,154,5,2024-11-04 05:00:00
298,102,5,2024-11-04 06:00:00
435,25,2,2024-11-04 07:00:00
184,196,4,2024-11-04 08:00:00
179,169,4,2024-11-04 09:00:00
198,59,1,2024-11-04 10:00:00
128,45,1,2024-11-04 11:00:00
20,41,5,2024-11-04 12:00:00
472,38,2,2024-11-04 13:00:00
411,117,4,2024-11-04 14:00:00
422,19,2,2024-11-04 15:00:00
328,14,3,2024-11-04 16:00:00
65,127,4,2024-11-04 17:00:00
182,149,1,2024-11-04 18:00:00
241,143,5,2024-11-04 19:00:00
369,3,2,2024-11-04 20:00:00
24,37,1,2024-11-04 21:00:00
384,117,5,2024-11-04 22:00:00
431,174,1,2024-11-04 23:00:00
455,16,4,2024-11-05 00:00:00
83,142,2,2024-11-05 01:00:00
470,9,3,2024-11-05 02:00:00
319,7,1,2024-11-05 03:00:00
185,142,2,2024-11-05 04:00:00
439,134,4,2024-11-05 05:00:00
316,15,1,2024-11-05 06:00:00
99,180,4,2024-11-05 07:00:00
62,72,3,2024-11-05 08:00:00
286,162,3,2024-11-05 09:00:00
477,104,5,2024-11-05 10:00:00
22,129,5,2024-11-05 11:00:00
459,96,5,2024-11-05 12:00:00
212,122,4,2024-11-05 13:00:00
126,115,5,2024-11-05 14:00:00
413,197,2,2024-11-05 15:00:00
499,148,4,2024-11-05 16:00:00
425,80,4,2024-11-05 17:00:00
42,7,5,2024-11-05 18:00:00
98,135,5,2024-11-05 19:00:00
449,50,4,2024-11-05 20:00:00
31,130,3,2024-11-05 21:00:00
158,47,3,2024-11-05 22:00:00
112,14,5,2024-11-05 23:00:00
402,31,3,2024-11-06 00:00:00
247,50,2,2024-11-06 01:00:00
122,189,2,2024-11-06 02:00:00
273,41,2,2024-11-06 03:00:00
294,14,4,2024-11-06 04:00:00
398,133,4,2024-11-06 05:00:00
471,5,4,2024-11-06 06:00:00
473,192,4,2024-11-06 07:00:00
207,157,4,2024-11-06 08:00:00
110,5,5,2024-11-06 09:00:00
440,113,3,2024-11-06 10:00:00
278,118,5,2024-11-06 11:00:00
451,96,3,2024-11-06 12:00:00
56,36,5,2024-11-06 13:00:00
375,79,2,2024-11-06 14:00:00
403,19,1,2024-11-06 15:00:00
57,192,4,2024-11-06 16:00:00
428,22,1,2024-11-06 17:00:00
482,162,1,2024-11-06 18:00:00
291,56,2,2024-11-06 19:00:00
114,17,1,2024-11-06 20:00:00
381,184,1,2024-11-06 21:00:00
385,17,2,2024-11-06 22:00:00
308,146,3,2024-11-06 23:00:00
341,173,5,2024-11-07 00:00:00
477,78,1,2024-11-07 01:00:00
198,56,4,2024-11-07 02:00:00
421,80,2,2024-11-07 03:00:00
321,50,1,2024-11-07 04:00:00
179,58,3,2024-11-07 05:00:00
385,18,3,2024-11-07 06:00:00
219,135,4,2024-11-07 07:00:00
277,76,1,2024-11-07 08:00:00
437,10,4,2024-11-07 09:00:00
16,69,3,2024-11-07 10:00:00
492,85,3,2024-11-07 11:00:00
379,131,5,2024-11-07 12:00:00
61,83,3,2024-11-07 13:00:00
54,109,2,2024-11-07 14:00:00
168,44,5,2024-11-07 15:00:00
26,198,4,2024-11-07 16:00:00
336,142,3,2024-11-07 17:00:00
476,132,2,2024-11-07 18:00:00
65,18,5,2024-11-07 19:00:00
100,93,2,2024-11-07 20:00:00
74,180,5,2024-11-07 21:00:00
192,38,5,2024-11-07 22:00:00
171,148,5,2024-11-07 23:00:00
273,172,4,2024-11-08 00:00:00
377,51,5,2024-11-08 01:00:00
187,19,5,2024-11-08 02:00:00
23,120,2,2024-11-08 03:00:00
391,68,5,2024-11-08 04:00:00
428,66,4,2024-11-08 05:00:00
181,141,2,2024-11-08 06:00:00
327,190,5,2024-11-08 07:00:00
108,189,2,2024-11-08 08:00:00
335,158,4,2024-11-08 09:00:00
162,98,2,2024-11-08 10:00:00
302,158,4,2024-11-08 11:00:00
493,179,3,2024-11-08 12:00:00
452,88,5,2024-11-08 13:00:00
206,176,4,2024-11-08 14:00:00
78,33,5,2024-11-08 15:00:00
16,105,4,2024-11-08 16:00:00
327,74,1,2024-11-08 17:00:00
96,82,1,2024-11-08 18:00:00
147,19,1,2024-11-08 19:00:00
2,71,4,2024-11-08 20:00:00
10,57,5,2024-11-08 21:00:00
434,147,1,2024-11-08 22:00:00
125,79,5,2024-11-08 23:00:00
81,169,4,2024-11-09 00:00:00
485,42,5,2024-11-09 01:00:00
140,180,5,2024-11-09 02:00:00
326,116,1,2024-11-09 03:00:00
150,4,2,2024-11-09 04:00:00
288,4,3,2024-11-09 05:00:00
361,5,4,2024-11-09 06:00:00
340,41,4,2024-11-09 07:00:00
129,108,4,2024-11-09 08:00:00
438,87,3,2024-11-09 09:00:00
239,104,2,2024-11-09 10:00:00
58,117,5,2024-11-09 11:00:00
198,101,4,2024-11-09 12:00:00
211,189,5,2024-11-09 13:00:00
402,75,1,2024-11-09 14:00:00
390,183,1,2024-11-09 15:00:00
45,75,1,2024-11-09 16:00:00
97,13,4,2024-11-09 17:00:00
279,142,3,2024-11-09 18:00:00
23,188,4,2024-11-09 19:00:00
410,200,1,2024-11-09 20:00:00
461,25,1,2024-11-09 21:00:00
391,115,4,2024-11-09 22:00:00
335,172,3,2024-11-09 23:00:00
44,82,3,2024-11-10 00:00:00
27,10,5,2024-11-10 01:00:00
282,199,2,2024-11-10 02:00:00
97,50,1,2024-11-10 03:00:00
463,172,3,2024-11-10 04:00:00
36,142,1,2024-11-10 05:00:00
109,15,2,2024-11-10 06:00:00
55,16,1,2024-11-10 07:00:00
192,2,3,2024-11-10 08:00:00
219,158,5,2024-11-10 09:00:00
185,30,4,2024-11-10 10:00:00
69,82,4,2024-11-10 11:00:00
317,31,3,2024-11-10 12:00:00
130,77,3,2024-11-10 13:00:00
55,148,2,2024-11-10 14:00:00
378,177,1,2024-11-10 15:00:00
97,114,2,2024-11-10 16:00:00
336,35,4,2024-11-10 17:00:00
87,23,1,2024-11-10 18:00:00
294,106,2,2024-11-10 19:00:00
119,97,4,2024-11-10 20:00:00
208,115,1,2024-11-10 21:00:00
334,100,5,2024-11-10 22:00:00
413,189,5,2024-11-10 23:00:00
154,55,2,2024-11-11 00:00:00
35,195,3,2024-11-11 01:00:00
79,8,1,2024-11-11 02:00:00
67,168,2,2024-11-11 03:00:00
343,59,3,2024-11-11 04:00:00
413,128,3,2024-11-11 05:00:00
34,32,1,2024-11-11 06:00:00
97,93,1,2024-11-11 07:00:00
169,7,3,2024-11-11 08:00:00
169,2,4,2024-11-11 09:00:00
151,85,2,2024-11-11 10:00:00
71,134,1,2024-11-11 11:00:00
3,106,3,2024-11-11 12:00:00
314,36,4,2024-11-11 13:00:00
32,160,5,2024-11-11 14:00:00
287,45,3,2024-11-11 15:00:00
82,42,4,2024-11-11 16:00:00
43,53,5,2024-11-11 17:00:00
391,110,4,2024-11-11 18:00:00
105,9,1,2024-11-11 19:00:00
1,87,3,2024-11-11 20:00:00
61,114,5,2024-11-11 21:00:00
270,75,4,2024-11-11 22:00:00
180,177,5,2024-11-11 23:00:00
224,130,2,2024-11-12 00:00:00
6,195,3,2024-11-12 01:00:00
103,11,1,2024-11-12 02:00:00
10,50,5,2024-11-12 03:00:00
71,163,4,2024-11-12 04:00:00
90,122,5,2024-11-12 05:00:00
226,143,4,2024-11-12 06:00:00
158,75,5,2024-11-12 07:00:00
228,31,1,2024-11-12 08:00:00
405,92,1,2024-11-12 09:00:00
126,190,3,2024-11-12 10:00:00
444,156,1,2024-11-12 11:00:00
209,153,5,2024-11-12 12:00:00
97,92,5,2024-11-12 13:00:00
74,153,1,2024-11-12 14:00:00
115,75,2,2024-11-12 15:00:00
191,92,5,2024-11-12 16:00:00
495,129,3,2024-11-12 17:00:00
170,187,2,2024-11-12 18:00:00
307,197,1,2024-11-12 19:00:00
448,42,4,2024-11-12 20:00:00
204,110,5,2024-11-12 21:00:00
56,162,4,2024-11-12 22:00:00
208,194,3,2024-11-12 23:00:00
41,18,2,2024-11-13 00:00:00
32,77,4,2024-11-13 01:00:00
15,133,3,2024-11-13 02:00:00
62,20,4,2024-11-13 03:00:00
155,194,4,2024-11-13 04:00:00
284,127,3,2024-11-13 05:00:00
209,75,5,2024-11-13 06:00:00
320,62,4,2024-11-13 07:00:00
494,32,3,2024-11-13 08:00:00
187,186,4,2024-11-13 09:00:00
498,178,5,2024-11-13 10:00:00
442,166,3,2024-11-13 11:00:00
130,183,4,2024-11-13 12:00:00
127,28,1,2024-11-13 13:00:00
292,74,5,2024-11-13 14:00:00
114,81,4,2024-11-13 15:00:00
199,22,2,2024-11-13 16:00:00
13,171,3,2024-11-13 17:00:00
271,164,4,2024-11-13 18:00:00
89,96,5,2024-11-13 19:00:00
215,122,5,2024-11-13 20:00:00
444,123,2,2024-11-13 21:00:00
278,52,2,2024-11-13 22:00:00
447,164,4,2024-11-13 23:00:00
474,156,1,2024-11-14 00:00:00
481,78,5,2024-11-14 01:00:00
203,186,1,2024-11-14 02:00:00
74,164,1,2024-11-14 03:00:00
25,70,4,2024-11-14 04:00:00
101,137,3,2024-11-14 05:00:00
176,21,3,2024-11-14 06:00:00
427,64,3,2024-11-14 07:00:00
117,76,2,2024-11-14 08:00:00
166,61,5,2024-11-14 09:00:00
41,95,2,2024-11-14 10:00:00
429,40,5,2024-11-14 11:00:00
344,184,5,2024-11-14 12:00:00
424,4,5,2024-11-14 13:00:00
366,31,4,2024-11-14 14:00:00
120,155,3,2024-11-14 15:00:00
97,186,2,2024-11-14 16:00:00
145,153,2,2024-11-14 17:00:00
216,69,4,2024-11-14 18:00:00
229,70,5,2024-11-14 19:00:00
313,5,3,2024-11-14 20:00:00
130,115,1,2024-11-14 21:00:00
352,91,1,2024-11-14 22:00:00
377,8,4,2024-11-14 23:00:00
318,9,3,2024-11-15 00:00:00
472,15,1,2024-11-15 01:00:00
137,105,1,2024-11-15 02:00:00
324,7,2,2024-11-15 03:00:00
337,72,3,2024-11-15 04:00:00
273,115,1,2024-11-15 05:00:00
117,15,2,2024-11-15 06:00:00
306,165,3,2024-11-15 07:00:00
368,83,5,2024-11-15 08:00:00
94,39,3,2024-11-15 09:00:00
168,134,4,2024-11-15 10:00:00
442,57,2,2024-11-15 11:00:00
203,92,5,2024-11-15 12:00:00
341,81,2,2024-11-15 13:00:00
149,147,2,2024-11-15 14:00:00
402,127,1,2024-11-15 15:00:00
183,191,3,2024-11-15 16:00:00
413,159,2,2024-11-15 17:00:00
152,75,2,2024-11-15 18:00:00
74,79,4,2024-11-15 19:00:00
365,10,4,2024-11-15 20:00:00
401,107,4,2024-11-15 21:00:00
274,87,2,2024-11-15 22:00:00
42,67,5,2024-11-15 23:00:00
496,62,3,2024-11-16 00:00:00
212,131,2,2024-11-16 01:00:00
101,146,1,2024-11-16 02:00:00
45,153,5,2024-11-16 03:00:00
82,107,5,2024-11-16 04:00:00
17,148,3,2024-11-16 05:00:00
73,186,5,2024-11-16 06:00:00
14,93,3,2024-11-16 07:00:00
433,86,5,2024-11-16 08:00:00
157,178,3,2024-11-16 09:00:00
223,121,4,2024-11-16 10:00:00
132,79,4,2024-11-16 11:00:00
338,10,5,2024-11-16 12:00:00
404,149,5,2024-11-16 13:00:00
376,29,3,2024-11-16 14:00:00
376,96,3,2024-11-16 15:00:00
47,10,2,2024-11-16 16:00:00
107,13,4,2024-11-16 17:00:00
108,47,2,2024-11-16 18:00:00
265,151,2,2024-11-16 19:00:00
205,50,1,2024-11-16 20:00:00
79,132,3,2024-11-16 21:00:00
155,116,1,2024-11-16 22:00:00
271,113,1,2024-11-16 23:00:00
476,195,2,2024-11-17 00:00:00
485,85,1,2024-11-17 01:00:00
247,53,3,2024-11-17 02:00:00
19,130,2,2024-11-17 03:00:00
346,68,3,2024-11-17 04:00:00
436,193,5,2024-11-17 05:00:00
26,79,1,2024-11-17 06:00:00
217,57,2,2024-11-17 07:00:00
154,97,4,2024-11-17 08:00:00
154,198,3,2024-11-17 09:00:00
174,135,1,2024-11-17 10:00:00
92,147,3,2024-11-17 11:00:00
433,172,3,2024-11-17 12:00:00
338,63,5,2024-11-17 13:00:00
480,65,3,2024-11-17 14:00:00
181,39,5,2024-11-17 15:00:00
131,109,5,2024-11-17 16:00:00
450,26,5,2024-11-17 17:00:00
481,172,1,2024-11-17 18:00:00
298,12,3,2024-11-17 19:00:00
275,150,3,2024-11-17 20:00:00
273,77,5,2024-11-17 21:00:00
492,142,3,2024-11-17 22:00:00
417,86,3,2024-11-17 23:00:00
76,30,5,2024-11-18 00:00:00
177,172,4,2024-11-18 01:00:00
184,166,4,2024-11-18 02:00:00
319,187,5,2024-11-18 03:00:00
131,170,1,2024-11-18 04:00:00
363,52,3,2024-11-18 05:00:00
49,63,3,2024-11-18 06:00:00
55,189,4,2024-11-18 07:00:00
154,120,5,2024-11-18 08:00:00
355,105,1,2024-11-18 09:00:00
200,162,5,2024-11-18 10:00:00
308,39,4,2024-11-18 11:00:00
356,41,4,2024-11-18 12:00:00
373,121,3,2024-11-18 13:00:00
118,108,2,2024-11-18 14:00:00
263,165,1,2024-11-18 15:00:00
46,65,1,2024-11-18 16:00:00
302,118,2,2024-11-18 17:00:00
356,79,4,2024-11-18 18:00:00
400,160,5,2024-11-18 19:00:00
408,8,1,2024-11-18 20:00:00
189,97,2,2024-11-18 21:00:00
310,18,3,2024-11-18 22:00:00
318,173,3,2024-11-18 23:00:00
129,96,4,2024-11-19 00:00:00
49,33,1,2024-11-19 01:00:00
25,5,5,2024-11-19 02:00:00
266,127,1,2024-11-19 03:00:00
118,74,3,2024-11-19 04:00:00
464,126,1,2024-11-19 05:00:00
144,164,3,2024-11-19 06:00:00
442,151,2,2024-11-19 07:00:00
200,168,2,2024-11-19 08:00:00
157,5,3,2024-11-19 09:00:00
487,34,5,2024-11-19 10:00:00
348,24,5,2024-11-19 11:00:00
134,145,1,2024-11-19 12:00:00
400,95,3,2024-11-19 13:00:00
148,71,4,2024-11-19 14:00:00
336,92,5,2024-11-19 15:00:00
71,125,5,2024-11-19 16:00:00
233,22,2,2024-11-19 17:00:00
334,15,5,2024-11-19 18:00:00
299,101,5,2024-11-19 19:00:00
154,15,5,2024-11-19 20:00:00
90,153,3,2024-11-19 21:00:00
334,53,3,2024-11-19 22:00:00
199,149,2,2024-11-19 23:00:00
161,102,1,2024-11-20 00:00:00
26,194,5,2024-11-20 01:00:00
121,113,1,2024-11-20 02:00:00
301,32,3,2024-11-20 03:00:00
212,21,5,2024-11-20 04:00:00
63,196,1,2024-11-20 05:00:00
451,172,1,2024-11-20 06:00:00
436,83,4,2024-11-20 07:00:00
68,194,3,2024-11-20 08:00:00
253,14,2,2024-11-20 09:00:00
410,15,2,2024-11-20 10:00:00
459,148,4,2024-11-20 11:00:00
2,34,1,2024-11-20 12:00:00
398,164,4,2024-11-20 13:00:00
108,83,4,2024-11-20 14:00:00
286,9,3,2024-11-20 15:00:00
49,199,5,2024-11-20 16:00:00
140,158,1,2024-11-20 17:00:00
218,77,2,2024-11-20 18:00:00
44,191,2,2024-11-20 19:00:00
417,163,4,2024-11-20 20:00:00
269,141,4,2024-11-20 21:00:00
78,174,4,2024-11-20 22:00:00
216,184,1,2024-11-20 23:00:00
382,9,4,2024-11-21 00:00:00
98,36,4,2024-11-21 01:00:00
236,117,5,2024-11-21 02:00:00
282,3,1,2024-11-21 03:00:00
149,19,3,2024-11-21 04:00:00
412,156,3,2024-11-21 05:00:00
304,23,5,2024-11-21 06:00:00
484,104,2,2024-11-21 07:00:00
424,135,3,2024-11-21 08:00:00
66,105,1,2024-11-21 09:00:00
234,142,2,2024-11-21 10:00:00
457,46,4,2024-11-21 11:00:00
87,143,1,2024-11-21 12:00:00
79,195,2,2024-11-21 13:00:00
205,15,3,2024-11-21 14:00:00
279,51,4,2024-11-21 15:00:00
337,110,4,2024-11-21 16:00:00
254,8,1,2024-11-21 17:00:00
304,69,4,2024-11-21 18:00:00
380,190,2,2024-11-21 19:00:00
130,179,5,2024-11-21 20:00:00
84,63,3,2024-11-21 21:00:00
276,68,1,2024-11-21 22:00:00
187,144,5,2024-11-21 23:00:00
46,152,5,2024-11-22 00:00:00
387,6,1,2024-11-22 01:00:00
183,119,2,2024-11-22 02:00:00
268,57,3,2024-11-22 03:00:00
296,31,1,2024-11-22 04:00:00
322,6,5,2024-11-22 05:00:00
100,157,5,2024-11-22 06:00:00
78,67,1,2024-11-22 07:00:00
272,131,5,2024-11-22 08:00:00
339,156,1,2024-11-22 09:00:00
162,74,1,2024-11-22 10:00:00
44,114,3,2024-11-22 11:00:00
238,97,1,2024-11-22 12:00:00
134,176,5,2024-11-22 13:00:00
461,80,4,2024-11-22 14:00:00
192,123,3,2024-11-22 15:00:00
356,138,5,2024-11-22 16:00:00
278,33,5,2024-11-22 17:00:00
18,195,3,2024-11-22 18:00:00
12,197,3,2024-11-22 19:00:00
180,140,5,2024-11-22 20:00:00
123,185,4,2024-11-22 21:00:00
246,44,2,2024-11-22 22:00:00
222,13,5,2024-11-22 23:00:00
373,152,3,2024-11-23 00:00:00
51,172,1,2024-11-23 01:00:00
488,57,1,2024-11-23 02:00:00
71,96,3,2024-11-23 03:00:00
480,144,3,2024-11-23 04:00:00
48,109,2,2024-11-23 05:00:00
19,120,3,2024-11-23 06:00:00
262,100,1,2024-11-23 07:00:00
84,149,4,2024-11-23 08:00:00
155,111,3,2024-11-23 09:00:00
53,51,2,2024-11-23 10:00:00
107,21,4,2024-11-23 11:00:00
357,60,2,2024-11-23 12:00:00
304,179,4,2024-11-23 13:00:00
135,21,3,2024-11-23 14:00:00
443,107,1,2024-11-23 15:00:00
69,126,4,2024-11-23 16:00:00
11,134,5,2024-11-23 17:00:00
143,73,2,2024-11-23 18:00:00
192,193,4,2024-11-23 19:00:00
387,76,2,2024-11-23 20:00:00
378,186,1,2024-11-23 21:00:00
69,78,2,2024-11-23 22:00:00
23,134,2,2024-11-23 23:00:00
181,65,5,2024-11-24 00:00:00
293,86,2,2024-11-24 01:00:00
9,34,4,2024-11-24 02:00:00
271,56,2,2024-11-24 03:00:00
387,75,3,2024-11-24 04:00:00
93,3,2,2024-11-24 05:00:00
454,170,3,2024-11-24 06:00:00
17,190,2,2024-11-24 07:00:00
154,6,2,2024-11-24 08:00:00
405,6,4,2024-11-24 09:00:00
328,191,3,2024-11-24 10:00:00
149,148,3,2024-11-24 11:00:00
377,149,5,2024-11-24 12:00:00
267,2,2,2024-11-24 13:00:00
422,90,2,2024-11-24 14:00:00
328,56,4,2024-11-24 15:00:00
106,96,5,2024-11-24 16:00:00
472,10,5,2024-11-24 17:00:00
381,87,4,2024-11-24 18:00:00
35,70,3,2024-11-24 19:00:00
119,151,1,2024-11-24 20:00:00
14,113,4,2024-11-24 21:00:00
14,30,3,2024-11-24 22:00:00
266,128,5,2024-11-24 23:00:00
140,78,4,2024-11-25 00:00:00
294,165,1,2024-11-25 01:00:00
364,55,2,2024-11-25 02:00:00
119,49,4,2024-11-25 03:00:00
238,34,1,2024-11-25 04:00:00
34,105,1,2024-11-25 05:00:00
169,172,4,2024-11-25 06:00:00
10,22,3,2024-11-25 07:00:00
122,31,4,2024-11-25 08:00:00
401,135,5,2024-11-25 09:00:00
145,105,1,2024-11-25 10:00:00
451,149,1,2024-11-25 11:00:00
446,16,2,2024-11-25 12:00:00
223,20,1,2024-11-25 13:00:00
371,43,2,2024-11-25 14:00:00
257,172,1,2024-11-25 15:00:00
268,47,1,2024-11-25 16:00:00
359,114,4,2024-11-25 17:00:00
4,19,4,2024-11-25 18:00:00
426,48,5,2024-11-25 19:00:00
397,197,3,2024-11-25 20:00:00
354,139,5,2024-11-25 21:00:00
106,157,1,2024-11-25 22:00:00
85,45,5,2024-11-25 23:00:00
214,196,4,2024-11-26 00:00:00
121,164,1,2024-11-26 01:00:00
132,176,1,2024-11-26 02:00:00
338,87,5,2024-11-26 03:00:00
197,15,2,2024-11-26 04:00:00
19,110,3,2024-11-26 05:00:00
130,172,5,2024-11-26 06:00:00
12,195,5,2024-11-26 07:00:00
81,96,3,2024-11-26 08:00:00
330,168,1,2024-11-26 09:00:00
354,102,1,2024-11-26 10:00:00
262,86,2,2024-11-26 11:00:00
392,142,5,2024-11-26 12:00:00
125,191,3,2024-11-26 13:00:00
307,81,5,2024-11-26 14:00:00
267,51,4,2024-11-26 15:00:00
447,112,5,2024-11-26 16:00:00
441,186,5,2024-11-26 17:00:00
383,15,4,2024-11-26 18:00:00
140,65,4,2024-11-26 19:00:00
329,88,3,2024-11-26 20:00:00
2,183,1,2024-11-26 21:00:00
8,76,2,2024-11-26 22:00:00
250,10,4,2024-11-26 23:00:00
139,42,1,2024-11-27 00:00:00
124,95,3,2024-11-27 01:00:00
309,11,5,2024-11-27 02:00:00
228,118,3,2024-11-27 03:00:00
10,144,3,2024-11-27 04:00:00
469,125,4,2024-11-27 05:00:00
212,78,2,2024-11-27 06:00:00
112,147,4,2024-11-27 07:00:00
8,159,5,2024-11-27 08:00:00
292,181,4,2024-11-27 09:00:00
477,90,5,2024-11-27 10:00:00
362,8,4,2024-11-27 11:00:00
460,152,2,2024-11-27 12:00:00
253,136,1,2024-11-27 13:00:00
14,111,2,2024-11-27 14:00:00
240,176,4,2024-11-27 15:00:00
438,158,3,2024-11-27 16:00:00
242,58,1,2024-11-27 17:00:00
469,86,3,2024-11-27 18:00:00
342,55,2,2024-11-27 19:00:00
149,122,1,2024-11-27 20:00:00
236,190,4,2024-11-27 21:00:00
306,108,3,2024-11-27 22:00:00
478,48,4,2024-11-27 23:00:00
167,132,5,2024-11-28 00:00:00
20,165,1,2024-11-28 01:00:00
216,136,3,2024-11-28 02:00:00
343,129,2,2024-11-28 03:00:00
135,198,2,2024-11-28 04:00:00
393,47,2,2024-11-28 05:00:00
129,5,2,2024-11-28 06:00:00
410,178,3,2024-11-28 07:00:00
422,24,5,2024-11-28 08:00:00
294,175,2,2024-11-28 09:00:00
246,18,2,2024-11-28 10:00:00
189,84,2,2024-11-28 11:00:00
44,156,5,2024-11-28 12:00:00
86,5,1,2024-11-28 13:00:00
44,30,2,2024-11-28 14:00:00
330,1,2,2024-11-28 15:00:00
375,86,2,2024-11-28 16:00:00
446,82,1,2024-11-28 17:00:00
378,174,2,2024-11-28 18:00:00
390,69,1,2024-11-28 19:00:00
145,31,1,2024-11-28 20:00:00
51,198,4,2024-11-28 21:00:00
242,91,4,2024-11-28 22:00:00
294,184,2,2024-11-28 23:00:00
408,93,3,2024-11-29 00:00:00
51,127,4,2024-11-29 01:00:00
266,156,4,2024-11-29 02:00:00
120,16,3,2024-11-29 03:00:00
200,54,5,2024-11-29 04:00:00
405,181,2,2024-11-29 05:00:00
248,140,5,2024-11-29 06:00:00
70,20,5,2024-11-29 07:00:00
341,82,1,2024-11-29 08:00:00
57,162,1,2024-11-29 09:00:00
382,181,2,2024-11-29 10:00:00
39,192,3,2024-11-29 11:00:00
472,151,1,2024-11-29 12:00:00
289,109,4,2024-11-29 13:00:00
443,155,2,2024-11-29 14:00:00
18,113,5,2024-11-29 15:00:00
440,17,2,2024-11-29 16:00:00
220,176,1,2024-11-29 17:00:00
313,149,3,2024-11-29 18:00:00
244,178,5,2024-11-29 19:00:00
352,168,3,2024-11-29 20:00:00
460,126,2,2024-11-29 21:00:00
304,3,3,2024-11-29 22:00:00
298,17,3,2024-11-29 23:00:00
283,189,2,2024-11-30 00:00:00
74,50,5,2024-11-30 01:00:00
110,122,3,2024-11-30 02:00:00
180,90,3,2024-11-30 03:00:00
426,87,2,2024-11-30 04:00:00
32,6,4,2024-11-30 05:00:00
234,156,3,2024-11-30 06:00:00
282,200,1,2024-11-30 07:00:00
25,55,5,2024-11-30 08:00:00
331,186,3,2024-11-30 09:00:00
279,173,2,2024-11-30 10:00:00
226,200,1,2024-11-30 11:00:00
57,147,2,2024-11-30 12:00:00
180,102,3,2024-11-30 13:00:00
232,29,1,2024-11-30 14:00:00
382,151,5,2024-11-30 15:00:00
343,111,5,2024-11-30 16:00:00
477,160,5,2024-11-30 17:00:00
287,10,4,2024-11-30 18:00:00
64,91,2,2024-11-30 19:00:00
455,177,3,2024-11-30 20:00:00
232,193,1,2024-11-30 21:00:00
289,29,2,2024-11-30 22:00:00
213,187,3,2024-11-30 23:00:00
258,45,4,2024-12-01 00:00:00
18,195,3,2024-12-01 01:00:00
175,51,2,2024-12-01 02:00:00
417,101,3,2024-12-01 03:00:00
229,128,1,2024-12-01 04:00:00
226,11,4,2024-12-01 05:00:00
84,82,1,2024-12-01 06:00:00
291,128,4,2024-12-01 07:00:00
435,6,4,2024-12-01 08:00:00
370,67,3,2024-12-01 09:00:00
246,62,1,2024-12-01 10:00:00
402,133,4,2024-12-01 11:00:00
110,137,4,2024-12-01 12:00:00
254,28,3,2024-12-01 13:00:00
88,38,2,2024-12-01 14:00:00
72,43,2,2024-12-01 15:00:00
381,117,5,2024-12-01 16:00:00
30,149,5,2024-12-01 17:00:00
172,190,4,2024-12-01 18:00:00
309,46,2,2024-12-01 19:00:00
394,198,4,2024-12-01 20:00:00
343,166,1,2024-12-01 21:00:00
436,49,2,2024-12-01 22:00:00
177,39,2,2024-12-01 23:00:00
139,71,2,2024-12-02 00:00:00
194,127,5,2024-12-02 01:00:00
186,158,3,2024-12-02 02:00:00
218,149,3,2024-12-02 03:00:00
164,1,5,2024-12-02 04:00:00
161,160,5,2024-12-02 05:00:00
431,136,5,2024-12-02 06:00:00
13,69,3,2024-12-02 07:00:00
296,30,4,2024-12-02 08:00:00
89,115,5,2024-12-02 09:00:00
324,8,4,2024-12-02 10:00:00
42,113,4,2024-12-02 11:00:00
403,19,1,2024-12-02 12:00:00
210,59,3,2024-12-02 13:00:00
229,183,4,2024-12-02 14:00:00
350,158,3,2024-12-02 15:00:00
275,79,3,2024-12-02 16:00:00
442,36,1,2024-12-02 17:00:00
279,55,3,2024-12-02 18:00:00
251,44,4,2024-12-02 19:00:00
310,155,2,2024-12-02 20:00:00
208,77,4,2024-12-02 21:00:00
321,78,4,2024-12-02 22:00:00
140,101,3,2024-12-02 23:00:00
280,182,4,2024-12-03 00:00:00
34,176,2,2024-12-03 01:00:00
309,30,3,2024-12-03 02:00:00
392,39,5,2024-12-03 03:00:00
18,13,4,2024-12-03 04:00:00
57,122,4,2024-12-03 05:00:00
112,144,1,2024-12-03 06:00:00
5,172,5,2024-12-03 07:00:00
410,199,5,2024-12-03 08:00:00
414,112,2,2024-12-03 09:00:00
182,155,5,2024-12-03 10:00:00
13,45,1,2024-12-03 11:00:00
339,119,2,2024-12-03 12:00:00
285,35,5,2024-12-03 13:00:00
259,156,2,2024-12-03 14:00:00
90,7,5,2024-12-03 15:00:00
104,190,5,2024-12-03 16:00:00
379,110,5,2024-12-03 17:00:00
186,114,4,2024-12-03 18:00:00
250,51,5,2024-12-03 19:00:00
255,46,4,2024-12-03 20:00:00
76,20,3,2024-12-03 21:00:00
386,96,1,2024-12-03 22:00:00
459,38,2,2024-12-03 23:00:00
108,189,2,2024-12-04 00:00:00
156,104,3,2024-12-04 01:00:00
82,32,5,2024-12-04 02:00:00
77,154,1,2024-12-04 03:00:00
485,58,3,2024-12-04 04:00:00
470,167,3,2024-12-04 05:00:00
460,148,2,2024-12-04 06:00:00
258,82,4,2024-12-04 07:00:00
127,50,4,2024-12-04 08:00:00
485,52,5,2024-12-04 09:00:00
391,86,5,2024-12-04 10:00:00
282,115,3,2024-12-04 11:00:00
474,150,5,2024-12-04 12:00:00
88,53,4,2024-12-04 13:00:00
204,66,1,2024-12-04 14:00:00
16,117,2,2024-12-04 15:00:00
151,43,4,2024-12-04 16:00:00
424,82,5,2024-12-04 17:00:00
254,151,2,2024-12-04 18:00:00
188,64,2,2024-12-04 19:00:00
329,137,3,2024-12-04 20:00:00
32,113,5,2024-12-04 21:00:00
271,135,3,2024-12-04 22:00:00
485,169,2,2024-12-04 23:00:00
397,54,3,2024-12-05 00:00:00
5,65,5,2024-12-05 01:00:00
459,2,4,2024-12-05 02:00:00
330,132,1,2024-12-05 03:00:00
308,78,4,2024-12-05 04:00:00
333,32,2,2024-12-05 05:00:00
169,100,4,2024-12-05 06:00:00
181,130,3,2024-12-05 07:00:00
366,104,5,2024-12-05 08:00:00
178,192,4,2024-12-05 09:00:00
143,142,4,2024-12-05 10:00:00
362,148,5,2024-12-05 11:00:00
248,89,3,2024-12-05 12:00:00
127,49,1,2024-12-05 13:00:00
263,136,4,2024-12-05 14:00:00
40,191,2,2024-12-05 15:00:00
412,174,3,2024-12-05 16:00:00
416,149,3,2024-12-05 17:00:00
355,87,4,2024-12-05 18:00:00
255,160,5,2024-12-05 19:00:00
143,8,4,2024-12-05 20:00:00
240,101,4,2024-12-05 21:00:00
228,16,5,2024-12-05 22:00:00
341,40,2,2024-12-05 23:00:00
198,106,5,2024-12-06 00:00:00
65,27,4,2024-12-06 01:00:00
388,104,1,2024-12-06 02:00:00
11,105,5,2024-12-06 03:00:00
108,146,2,2024-12-06 04:00:00
26,35,5,2024-12-06 05:00:00
445,113,5,2024-12-06 06:00:00
421,52,3,2024-12-06 07:00:00
151,143,3,2024-12-06 08:00:00
221,191,4,2024-12-06 09:00:00
341,53,4,2024-12-06 10:00:00
496,91,5,2024-12-06 11:00:00
237,81,1,2024-12-06 12:00:00
237,104,4,2024-12-06 13:00:00
497,66,5,2024-12-06 14:00:00
219,113,5,2024-12-06 15:00:00
487,31,5,2024-12-06 16:00:00
424,61,5,2024-12-06 17:00:00
461,192,5,2024-12-06 18:00:00
151,101,3,2024-12-06 19:00:00
123,105,2,2024-12-06 20:00:00
144,98,2,2024-12-06 21:00:00
478,34,5,2024-12-06 22:00:00
189,183,4,2024-12-06 23:00:00
255,59,1,2024-12-07 00:00:00
68,3,5,2024-12-07 01:00:00
104,17,1,2024-12-07 02:00:00
336,78,3,2024-12-07 03:00:00
159,46,2,2024-12-07 04:00:00
309,166,3,2024-12-07 05:00:00
362,35,4,2024-12-07 06:00:00
409,129,4,2024-12-07 07:00:00
300,112,5,2024-12-07 08:00:00
396,157,4,2024-12-07 09:00:00
90,132,4,2024-12-07 10:00:00
357,61,3,2024-12-07 11:00:00
256,97,1,2024-12-07 12:00:00
496,145,2,2024-12-07 13:00:00
353,156,4,2024-12-07 14:00:00
220,178,4,2024-12-07 15:00:00
9,90,3,2024-12-07 16:00:00
12,136,2,2024-12-07 17:00:00
325,162,3,2024-12-07 18:00:00
438,59,1,2024-12-07 19:00:00
244,18,3,2024-12-07 20:00:00
182,95,2,2024-12-07 21:00:00
284,187,2,2024-12-07 22:00:00
312,155,4,2024-12-07 23:00:00
99,16,1,2024-12-08 00:00:00
197,10,5,2024-12-08 01:00:00
482,104,4,2024-12-08 02:00:00
366,76,3,2024-12-08 03:00:00
226,150,3,2024-12-08 04:00:00
333,16,2,2024-12-08 05:00:00
103,12,2,2024-12-08 06:00:00
106,75,2,2024-12-08 07:00:00
365,179,5,2024-12-08 08:00:00
368,129,5,2024-12-08 09:00:00
58,27,4,2024-12-08 10:00:00
78,195,5,2024-12-08 11:00:00
75,12,2,2024-12-08 12:00:00
42,30,4,2024-12-08 13:00:00
422,9,4,2024-12-08 14:00:00
324,53,1,2024-12-08 15:00:00
181,189,5,2024-12-08 16:00:00
33,54,3,2024-12-08 17:00:00
71,165,3,2024-12-08 18:00:00
56,193,1,2024-12-08 19:00:00
105,170,2,2024-12-08 20:00:00
200,49,1,2024-12-08 21:00:00
101,4,2,2024-12-08 22:00:00
256,192,5,2024-12-08 23:00:00
307,79,5,2024-12-09 00:00:00
74,179,4,2024-12-09 01:00:00
171,91,4,2024-12-09 02:00:00
377,200,4,2024-12-09 03:00:00
143,188,4,2024-12-09 04:00:00
166,79,3,2024-12-09 05:00:00
399,159,4,2024-12-09 06:00:00
261,103,4,2024-12-09 07:00:00
221,111,4,2024-12-09 08:00:00
83,200,2,2024-12-09 09:00:00
182,58,4,2024-12-09 10:00:00
307,82,1,2024-12-09 11:00:00
10,132,4,2024-12-09 12:00:00
396,22,4,2024-12-09 13:00:00
4,131,3,2024-12-09 14:00:00
351,79,4,2024-12-09 15:00:00
402,99,2,2024-12-09 16:00:00
336,175,5,2024-12-09 17:00:00
488,38,4,2024-12-09 18:00:00
292,161,4,2024-12-09 19:00:00
281,176,4,2024-12-09 20:00:00
215,193,3,2024-12-09 21:00:00
460,117,5,2024-12-09 22:00:00
98,26,3,2024-12-09 23:00:00
420,136,3,2024-12-10 00:00:00
101,50,3,2024-12-10 01:00:00
451,38,2,2024-12-10 02:00:00
9,138,5,2024-12-10 03:00:00
61,42,2,2024-12-10 04:00:00
309,37,2,2024-12-10 05:00:00
146,154,5,2024-12-10 06:00:00
427,140,2,2024-12-10 07:00:00
419,49,5,2024-12-10 08:00:00
63,142,4,2024-12-10 09:00:00
121,46,3,2024-12-10 10:00:00
226,163,2,2024-12-10 11:00:00
105,29,5,2024-12-10 12:00:00
462,12,1,2024-12-10 13:00:00
260,116,2,2024-12-10 14:00:00
349,82,2,2024-12-10 15:00:00
425,44,5,2024-12-10 16:00:00
255,194,1,2024-12-10 17:00:00
429,2,1,2024-12-10 18:00:00
434,187,4,2024-12-10 19:00:00
207,17,2,2024-12-10 20:00:00
28,138,3,2024-12-10 21:00:00
170,18,2,2024-12-10 22:00:00
336,22,3,2024-12-10 23:00:00
76,83,3,2024-12-11 00:00:00
116,58,5,2024-12-11 01:00:00
69,53,2,2024-12-11 02:00:00
354,1,5,2024-12-11 03:00:00
234,61,4,2024-12-11 04:00:00
1,159,3,2024-12-11 05:00:00
167,31,1,2024-12-11 06:00:00
352,66,3,2024-12-11 07:00:00
218,147,4,2024-12-11 08:00:00
273,53,3,2024-12-11 09:00:00
368,95,5,2024-12-11 10:00:00
251,150,2,2024-12-11 11:00:00
347,23,1,2024-12-11 12:00:00
344,143,5,2024-12-11 13:00:00
419,154,2,2024-12-11 14:00:00
174,131,1,2024-12-11 15:00:00
170,87,4,2024-12-11 16:00:00
246,148,3,2024-12-11 17:00:00
423,125,1,2024-12-11 18:00:00
90,109,4,2024-12-11 19:00:00
49,40,2,2024-12-11 20:00:00
446,121,1,2024-12-11 21:00:00
294,39,4,2024-12-11 22:00:00
407,120,2,2024-12-11 23:00:00
150,200,5,2024-12-12 00:00:00
132,18,3,2024-12-12 01:00:00
433,169,4,2024-12-12 02:00:00
59,198,5,2024-12-12 03:00:00
457,155,2,2024-12-12 04:00:00
324,143,1,2024-12-12 05:00:00
199,37,3,2024-12-12 06:00:00
215,186,2,2024-12-12 07:00:00
386,5,4,2024-12-12 08:00:00
49,73,3,2024-12-12 09:00:00
472,135,5,2024-12-12 10:00:00
232,41,3,2024-12-12 11:00:00
247,10,5,2024-12-12 12:00:00
382,190,2,2024-12-12 13:00:00
479,154,1,2024-12-12 14:00:00
239,68,3,2024-12-12 15:00:00
415,24,1,2024-12-12 16:00:00
367,78,1,2024-12-12 17:00:00
168,169,3,2024-12-12 18:00:00
48,193,3,2024-12-12 19:00:00
51,145,1,2024-12-12 20:00:00
299,109,4,2024-12-12 21:00:00
98,24,4,2024-12-12 22:00:00
439,155,3,2024-12-12 23:00:00
216,7,1,2024-12-13 00:00:00
177,73,1,2024-12-13 01:00:00
380,107,2,2024-12-13 02:00:00
474,99,1,2024-12-13 03:00:00
80,122,4,2024-12-13 04:00:00
185,12,2,2024-12-13 05:00:00
367,85,4,2024-12-13 06:00:00
461,3,5,2024-12-13 07:00:00
399,79,3,2024-12-13 08:00:00
27,85,5,2024-12-13 09:00:00
452,10,3,2024-12-13 10:00:00
464,33,4,2024-12-13 11:00:00
448,46,4,2024-12-13 12:00:00
478,59,5,2024-12-13 13:00:00
492,52,3,2024-12-13 14:00:00
414,6,3,2024-12-13 15:00:00
420,130,2,2024-12-13 16:00:00
195,29,1,2024-12-13 17:00:00
214,119,2,2024-12-13 18:00:00
369,168,4,2024-12-13 19:00:00
342,97,5,2024-12-13 20:00:00
114,189,3,2024-12-13 21:00:00
242,196,2,2024-12-13 22:00:00
124,68,5,2024-12-13 23:00:00
305,157,5,2024-12-14 00:00:00
76,190,1,2024-12-14 01:00:00
311,60,3,2024-12-14 02:00:00
469,124,5,2024-12-14 03:00:00
312,84,3,2024-12-14 04:00:00
196,41,2,2024-12-14 05:00:00
351,113,5,2024-12-14 06:00:00
44,65,5,2024-12-14 07:00:00
415,192,2,2024-12-14 08:00:00
186,79,3,2024-12-14 09:00:00
343,63,3,2024-12-14 10:00:00
246,176,5,2024-12-14 11:00:00
437,148,2,2024-12-14 12:00:00
84,118,4,2024-12-14 13:00:00
207,37,3,2024-12-14 14:00:00
151,64,4,2024-12-14 15:00:00
156,86,5,2024-12-14 16:00:00
16,133,4,2024-12-14 17:00:00
165,34,4,2024-12-14 18:00:00
405,39,3,2024-12-14 19:00:00
463,67,5,2024-12-14 20:00:00
145,62,4,2024-12-14 21:00:00
498,88,3,2024-12-14 22:00:00
37,152,4,2024-12-14 23:00:00
333,131,3,2024-12-15 00:00:00
403,109,5,2024-12-15 01:00:00
414,199,2,2024-12-15 02:00:00
45,89,3,2024-12-15 03:00:00
402,67,3,2024-12-15 04:00:00
206,79,4,2024-12-15 05:00:00
62,178,5,2024-12-15 06:00:00
420,29,1,2024-12-15 07:00:00
356,74,1,2024-12-15 08:00:00
468,32,2,2024-12-15 09:00:00
308,87,5,2024-12-15 10:00:00
19,39,3,2024-12-15 11:00:00
365,137,1,2024-12-15 12:00:00
300,101,2,2024-12-15 13:00:00
7,142,5,2024-12-15 14:00:00
249,68,2,2024-12-15 15:00:00
428,192,1,2024-12-15 16:00:00
117,148,4,2024-12-15 17:00:00
68,28,4,2024-12-15 18:00:00
34,14,5,2024-12-15 19:00:00
194,172,2,2024-12-15 20:00:00
325,77,3,2024-12-15 21:00:00
55,116,1,2024-12-15 22:00:00
266,167,4,2024-12-15 23:00:00
480,28,4,2024-12-16 00:00:00
42,192,2,2024-12-16 01:00:00
297,89,4,2024-12-16 02:00:00
461,32,2,2024-12-16 03:00:00
231,137,1,2024-12-16 04:00:00
453,156,2,2024-12-16 05:00:00
378,95,4,2024-12-16 06:00:00
394,17,2,2024-12-16 07:00:00
10,117,4,2024-12-16 08:00:00
358,77,5,2024-12-16 09:00:00
475,55,4,2024-12-16 10:00:00
444,10,4,2024-12-16 11:00:00
128,80,4,2024-12-16 12:00:00
179,134,5,2024-12-16 13:00:00
405,176,3,2024-12-16 14:00:00
392,116,4,2024-12-16 15:00:00
193,195,3,2024-12-16 16:00:00
92,169,1,2024-12-16 17:00:00
369,79,2,2024-12-16 18:00:00
231,60,3,2024-12-16 19:00:00
78,42,1,2024-12-16 20:00:00
85,116,2,2024-12-16 21:00:00
30,109,4,2024-12-16 22:00:00
213,71,4,2024-12-16 23:00:00
49,156,4,2024-12-17 00:00:00
265,102,5,2024-12-17 01:00:00
145,13,5,2024-12-17 02:00:00
69,15,5,2024-12-17 03:00:00
58,36,5,2024-12-17 04:00:00
185,15,1,2024-12-17 05:00:00
62,117,1,2024-12-17 06:00:00
479,75,4,2024-12-17 07:00:00
308,56,2,2024-12-17 08:00:00
445,95,5,2024-12-17 09:00:00
296,132,2,2024-12-17 10:00:00
166,52,1,2024-12-17 11:00:00
171,138,5,2024-12-17 12:00:00
63,173,1,2024-12-17 13:00:00
147,84,1,2024-12-17 14:00:00
484,29,3,2024-12-17 15:00:00
306,53,1,2024-12-17 16:00:00
161,157,4,2024-12-17 17:00:00
141,151,1,2024-12-17 18:00:00
334,185,5,2024-12-17 19:00:00
97,178,4,2024-12-17 20:00:00
446,21,1,2024-12-17 21:00:00
221,112,4,2024-12-17 22:00:00
43,171,1,2024-12-17 23:00:00
433,138,4,2024-12-18 00:00:00
292,76,2,2024-12-18 01:00:00
378,30,3,2024-12-18 02:00:00
108,125,4,2024-12-18 03:00:00
266,51,5,2024-12-18 04:00:00
95,161,3,2024-12-18 05:00:00
262,146,3,2024-12-18 06:00:00
313,78,1,2024-12-18 07:00:00
385,22,4,2024-12-18 08:00:00
71,64,3,2024-12-18 09:00:00
442,21,5,2024-12-18 10:00:00
219,129,5,2024-12-18 11:00:00
21,107,5,2024-12-18 12:00:00
92,116,1,2024-12-18 13:00:00
127,124,2,2024-12-18 14:00:00
80,143,4,2024-12-18 15:00:00
312,36,3,2024-12-18 16:00:00
238,47,4,2024-12-18 17:00:00
471,182,3,2024-12-18 18:00:00
372,32,1,2024-12-18 19:00:00
404,186,4,2024-12-18 20:00:00
486,174,1,2024-12-18 21:00:00
182,54,1,2024-12-18 22:00:00
25,161,4,2024-12-18 23:00:00
156,167,4,2024-12-19 00:00:00
5,23,3,2024-12-19 01:00:00
120,171,5,2024-12-19 02:00:00
277,183,1,2024-12-19 03:00:00
18,2,2,2024-12-19 04:00:00
431,194,3,2024-12-19 05:00:00
198,166,3,2024-12-19 06:00:00
57,157,5,2024-12-19 07:00:00
93,110,5,2024-12-19 08:00:00
19,124,1,2024-12-19 09:00:00
384,67,3,2024-12-19 10:00:00
353,71,3,2024-12-19 11:00:00
193,164,2,2024-12-19 12:00:00
237,29,1,2024-12-19 13:00:00
387,119,1,2024-12-19 14:00:00
426,165,5,2024-12-19 15:00:00
277,113,1,2024-12-19 16:00:00
227,45,2,2024-12-19 17:00:00
233,16,1,2024-12-19 18:00:00
40,31,4,2024-12-19 19:00:00
323,162,4,2024-12-19 20:00:00
153,50,2,2024-12-19 21:00:00
127,193,5,2024-12-19 22:00:00
237,122,3,2024-12-19 23:00:00
486,190,1,2024-12-20 00:00:00
493,171,5,2024-12-20 01:00:00
55,184,5,2024-12-20 02:00:00
468,15,1,2024-12-20 03:00:00
436,176,3,2024-12-20 04:00:00
172,49,1,2024-12-20 05:00:00
109,172,3,2024-12-20 06:00:00
354,10,2,2024-12-20 07:00:00
469,20,3,2024-12-20 08:00:00
184,70,5,2024-12-20 09:00:00
439,8,2,2024-12-20 10:00:00
368,173,4,2024-12-20 11:00:00
471,34,2,2024-12-20 12:00:00
198,179,3,2024-12-20 13:00:00
371,4,2,2024-12-20 14:00:00
373,108,2,2024-12-20 15:00:00
461,167,4,2024-12-20 16:00:00
497,24,3,2024-12-20 17:00:00
87,55,5,2024-12-20 18:00:00
201,26,2,2024-12-20 19:00:00
337,25,1,2024-12-20 20:00:00
322,36,5,2024-12-20 21:00:00
275,71,2,2024-12-20 22:00:00
211,186,5,2024-12-20 23:00:00
391,12,1,2024-12-21 00:00:00
118,129,5,2024-12-21 01:00:00
191,116,5,2024-12-21 02:00:00
42,178,1,2024-12-21 03:00:00
42,153,1,2024-12-21 04:00:00
315,133,1,2024-12-21 05:00:00
276,83,4,2024-12-21 06:00:00
329,196,1,2024-12-21 07:00:00
17,6,5,2024-12-21 08:00:00
283,26,1,2024-12-21 09:00:00
431,113,2,2024-12-21 10:00:00
258,103,1,2024-12-21 11:00:00
63,120,1,2024-12-21 12:00:00
62,183,3,2024-12-21 13:00:00
100,167,5,2024-12-21 14:00:00
19,9,5,2024-12-21 15:00:00
17,45,2,2024-12-21 16:00:00
325,14,4,2024-12-21 17:00:00
423,112,3,2024-12-21 18:00:00
466,55,2,2024-12-21 19:00:00
373,137,2,2024-12-21 20:00:00
246,15,5,2024-12-21 21:00:00
251,37,3,2024-12-21 22:00:00
455,178,5,2024-12-21 23:00:00
81,127,4,2024-12-22 00:00:00
39,117,5,2024-12-22 01:00:00
36,84,1,2024-12-22 02:00:00
424,72,5,2024-12-22 03:00:00
429,96,1,2024-12-22 04:00:00
388,111,2,2024-12-22 05:00:00
486,149,4,2024-12-22 06:00:00
409,185,1,2024-12-22 07:00:00
197,105,4,2024-12-22 08:00:00
158,147,5,2024-12-22 09:00:00
204,58,5,2024-12-22 10:00:00
196,95,2,2024-12-22 11:00:00
216,118,5,2024-12-22 12:00:00
285,6,1,2024-12-22 13:00:00
457,4,2,2024-12-22 14:00:00
196,43,4,2024-12-22 15:00:00
307,93,2,2024-12-22 16:00:00
152,42,4,2024-12-22 17:00:00
14,3,3,2024-12-22 18:00:00
325,129,1,2024-12-22 19:00:00
146,183,1,2024-12-22 20:00:00
426,15,4,2024-12-22 21:00:00
57,47,5,2024-12-22 22:00:00
211,85,5,2024-12-22 23:00:00
268,174,3,2024-12-23 00:00:00
210,58,4,2024-12-23 01:00:00
17,199,3,2024-12-23 02:00:00
286,39,4,2024-12-23 03:00:00
344,131,3,2024-12-23 04:00:00
203,158,4,2024-12-23 05:00:00
99,35,1,2024-12-23 06:00:00
279,185,3,2024-12-23 07:00:00
209,157,3,2024-12-23 08:00:00
129,178,4,2024-12-23 09:00:00
335,190,2,2024-12-23 10:00:00
288,52,2,2024-12-23 11:00:00
252,118,1,2024-12-23 12:00:00
265,14,5,2024-12-23 13:00:00
271,163,5,2024-12-23 14:00:00
412,156,1,2024-12-23 15:00:00
408,186,5,2024-12-23 16:00:00
188,30,4,2024-12-23 17:00:00
419,90,2,2024-12-23 18:00:00
214,135,1,2024-12-23 19:00:00
283,167,4,2024-12-23 20:00:00
211,95,1,2024-12-23 21:00:00
365,69,2,2024-12-23 22:00:00
76,163,5,2024-12-23 23:00:00
148,127,4,2024-12-24 00:00:00
321,52,2,2024-12-24 01:00:00
213,142,1,2024-12-24 02:00:00
433,63,3,2024-12-24 03:00:00
109,36,4,2024-12-24 04:00:00
129,91,1,2024-12-24 05:00:00
10,152,1,2024-12-24 06:00:00
47,168,2,2024-12-24 07:00:00
379,157,1,2024-12-24 08:00:00
315,53,4,2024-12-24 09:00:00
96,109,4,2024-12-24 10:00:00
446,150,1,2024-12-24 11:00:00
103,72,2,2024-12-24 12:00:00
380,15,4,2024-12-24 13:00:00
342,113,3,2024-12-24 14:00:00
146,69,5,2024-12-24 15:00:00
368,116,2,2024-12-24 16:00:00
430,192,2,2024-12-24 17:00:00
416,4,5,2024-12-24 18:00:00
27,75,5,2024-12-24 19:00:00
220,146,4,2024-12-24 20:00:00
18,42,1,2024-12-24 21:00:00
167,30,1,2024-12-24 22:00:00
433,143,3,2024-12-24 23:00:00
477,70,1,2024-12-25 00:00:00
82,183,3,2024-12-25 01:00:00
428,181,3,2024-12-25 02:00:00
72,16,2,2024-12-25 03:00:00
310,111,2,2024-12-25 04:00:00
479,104,4,2024-12-25 05:00:00
254,107,5,2024-12-25 06:00:00
162,123,5,2024-12-25 07:00:00
327,162,3,2024-12-25 08:00:00
420,27,5,2024-12-25 09:00:00
402,13,3,2024-12-25 10:00:00
38,155,5,2024-12-25 11:00:00
443,73,4,2024-12-25 12:00:00
393,197,2,2024-12-25 13:00:00
201,86,2,2024-12-25 14:00:00
494,31,3,2024-12-25 15:00:00
200,3,5,2024-12-25 16:00:00
255,30,1,2024-12-25 17:00:00
179,149,4,2024-12-25 18:00:00
35,99,5,2024-12-25 19:00:00
82,134,1,2024-12-25 20:00:00
389,160,4,2024-12-25 21:00:00
398,170,4,2024-12-25 22:00:00
220,190,2,2024-12-25 23:00:00
158,160,3,2024-12-26 00:00:00
4,99,5,2024-12-26 01:00:00
167,86,4,2024-12-26 02:00:00
468,167,5,2024-12-26 03:00:00
448,64,4,2024-12-26 04:00:00
409,118,2,2024-12-26 05:00:00
412,158,3,2024-12-26 06:00:00
204,191,1,2024-12-26 07:00:00
194,114,1,2024-12-26 08:00:00
235,159,2,2024-12-26 09:00:00
206,87,4,2024-12-26 10:00:00
150,40,2,2024-12-26 11:00:00
159,161,3,2024-12-26 12:00:00
279,191,1,2024-12-26 13:00:00
304,25,5,2024-12-26 14:00:00
404,164,1,2024-12-26 15:00:00
381,152,3,2024-12-26 16:00:00
166,95,4,2024-12-26 17:00:00
311,186,2,2024-12-26 18:00:00
68,167,1,2024-12-26 19:00:00
463,46,1,2024-12-26 20:00:00
88,138,5,2024-12-26 21:00:00
217,32,2,2024-12-26 22:00:00
1,97,5,2024-12-26 23:00:00
135,164,5,2024-12-27 00:00:00
185,156,4,2024-12-27 01:00:00
351,144,1,2024-12-27 02:00:00
140,16,2,2024-12-27 03:00:00
106,18,4,2024-12-27 04:00:00
133,136,4,2024-12-27 05:00:00
108,75,4,2024-12-27 06:00:00
178,198,3,2024-12-27 07:00:00
298,1,3,2024-12-27 08:00:00
358,190,4,2024-12-27 09:00:00
380,125,3,2024-12-27 10:00:00
396,38,2,2024-12-27 11:00:00
359,45,1,2024-12-27 12:00:00
146,186,2,2024-12-27 13:00:00
450,81,1,2024-12-27 14:00:00
74,129,3,2024-12-27 15:00:00
463,32,2,2024-12-27 16:00:00
478,136,5,2024-12-27 17:00:00
108,118,4,2024-12-27 18:00:00
122,40,1,2024-12-27 19:00:00
17,184,1,2024-12-27 20:00:00
196,191,5,2024-12-27 21:00:00
327,74,5,2024-12-27 22:00:00
318,111,4,2024-12-27 23:00:00
297,103,3,2024-12-28 00:00:00
479,103,2,2024-12-28 01:00:00
499,74,2,2024-12-28 02:00:00
252,164,2,2024-12-28 03:00:00
487,114,3,2024-12-28 04:00:00
119,123,4,2024-12-28 05:00:00
162,57,2,2024-12-28 06:00:00
198,74,1,2024-12-28 07:00:00
498,83,1,2024-12-28 08:00:00
486,173,1,2024-12-28 09:00:00
45,79,5,2024-12-28 10:00:00
314,130,5,2024-12-28 11:00:00
179,93,3,2024-12-28 12:00:00
382,196,2,2024-12-28 13:00:00
418,50,5,2024-12-28 14:00:00
44,29,1,2024-12-28 15:00:00
271,81,5,2024-12-28 16:00:00
78,10,1,2024-12-28 17:00:00
326,155,2,2024-12-28 18:00:00
178,117,3,2024-12-28 19:00:00
357,143,4,2024-12-28 20:00:00
498,60,4,2024-12-28 21:00:00
416,159,1,2024-12-28 22:00:00
451,149,5,2024-12-28 23:00:00
3,60,5,2024-12-29 00:00:00
214,58,1,2024-12-29 01:00:00
342,169,2,2024-12-29 02:00:00
74,174,1,2024-12-29 03:00:00
51,45,2,2024-12-29 04:00:00
67,124,3,2024-12-29 05:00:00
332,26,3,2024-12-29 06:00:00
93,102,1,2024-12-29 07:00:00
176,51,3,2024-12-29 08:00:00
145,164,5,2024-12-29 09:00:00
7,52,2,2024-12-29 10:00:00
269,51,4,2024-12-29 11:00:00
376,131,4,2024-12-29 12:00:00
322,14,3,2024-12-29 13:00:00
4,177,2,2024-12-29 14:00:00
138,1,5,2024-12-29 15:00:00
231,185,4,2024-12-29 16:00:00
88,145,5,2024-12-29 17:00:00
17,178,5,2024-12-29 18:00:00
52,14,4,2024-12-29 19:00:00
134,187,4,2024-12-29 20:00:00
211,81,3,2024-12-29 21:00:00
325,3,2,2024-12-29 22:00:00
480,98,1,2024-12-29 23:00:00
458,40,2,2024-12-30 00:00:00
393,89,1,2024-12-30 01:00:00
219,125,4,2024-12-30 02:00:00
205,194,5,2024-12-30 03:00:00
211,162,2,2024-12-30 04:00:00
277,95,5,2024-12-30 05:00:00
24,9,2,2024-12-30 06:00:00
486,94,2,2024-12-30 07:00:00
4,84,5,2024-12-30 08:00:00
152,21,3,2024-12-30 09:00:00
443,25,4,2024-12-30 10:00:00
483,102,3,2024-12-30 11:00:00
259,122,3,2024-12-30 12:00:00
324,172,2,2024-12-30 13:00:00
357,25,4,2024-12-30 14:00:00
168,137,2,2024-12-30 15:00:00
176,103,1,2024-12-30 16:00:00
310,190,2,2024-12-30 17:00:00
291,154,5,2024-12-30 18:00:00
479,57,2,2024-12-30 19:00:00
56,37,1,2024-12-30 20:00:00
108,16,2,2024-12-30 21:00:00
473,37,1,2024-12-30 22:00:00
296,76,4,2024-12-30 23:00:00
461,152,2,2024-12-31 00:00:00
324,26,1,2024-12-31 01:00:00
302,20,4,2024-12-31 02:00:00
334,137,5,2024-12-31 03:00:00
141,103,3,2024-12-31 04:00:00
155,29,1,2024-12-31 05:00:00
262,31,5,2024-12-31 06:00:00
273,19,4,2024-12-31 07:00:00
420,148,5,2024-12-31 08:00:00
232,27,2,2024-12-31 09:00:00
241,94,3,2024-12-31 10:00:00
355,85,1,2024-12-31 11:00:00
337,44,4,2024-12-31 12:00:00
489,163,3,2024-12-31 13:00:00
258,113,4,2024-12-31 14:00:00
249,199,5,2024-12-31 15:00:00
77,150,4,2024-12-31 16:00:00
180,74,4,2024-12-31 17:00:00
66,87,5,2024-12-31 18:00:00
308,143,5,2024-12-31 19:00:00
348,94,3,2024-12-31 20:00:00
171,98,1,2024-12-31 21:00:00
474,141,5,2024-12-31 22:00:00
22,132,3,2024-12-31 23:00:00
367,56,4,2025-01-01 00:00:00
107,151,4,2025-01-01 01:00:00
439,97,2,2025-01-01 02:00:00
323,98,5,2025-01-01 03:00:00
227,34,3,2025-01-01 04:00:00
444,100,3,2025-01-01 05:00:00
442,145,1,2025-01-01 06:00:00
396,156,3,2025-01-01 07:00:00
216,14,5,2025-01-01 08:00:00
69,162,3,2025-01-01 09:00:00
84,112,2,2025-01-01 10:00:00
103,75,4,2025-01-01 11:00:00
39,185,4,2025-01-01 12:00:00
13,97,3,2025-01-01 13:00:00
297,121,3,2025-01-01 14:00:00
313,55,3,2025-01-01 15:00:00
181,194,3,2025-01-01 16:00:00
493,117,2,2025-01-01 17:00:00
268,93,5,2025-01-01 18:00:00
13,37,2,2025-01-01 19:00:00
120,196,2,2025-01-01 20:00:00
458,26,2,2025-01-01 21:00:00
353,189,4,2025-01-01 22:00:00
57,67,2,2025-01-01 23:00:00
40,84,3,2025-01-02 00:00:00
374,180,2,2025-01-02 01:00:00
336,18,3,2025-01-02 02:00:00
128,181,5,2025-01-02 03:00:00
173,191,4,2025-01-02 04:00:00
35,181,5,2025-01-02 05:00:00
259,27,5,2025-01-02 06:00:00
376,31,4,2025-01-02 07:00:00
5,106,3,2025-01-02 08:00:00
218,129,3,2025-01-02 09:00:00
11,6,3,2025-01-02 10:00:00
382,11,4,2025-01-02 11:00:00
327,162,2,2025-01-02 12:00:00
117,191,1,2025-01-02 13:00:00
184,181,2,2025-01-02 14:00:00
394,18,2,2025-01-02 15:00:00
362,21,5,2025-01-02 16:00:00
116,19,1,2025-01-02 17:00:00
162,4,3,2025-01-02 18:00:00
67,77,2,2025-01-02 19:00:00
200,116,4,2025-01-02 20:00:00
31,157,2,2025-01-02 21:00:00
75,25,3,2025-01-02 22:00:00
237,184,2,2025-01-02 23:00:00
327,77,5,2025-01-03 00:00:00
493,191,5,2025-01-03 01:00:00
66,155,2,2025-01-03 02:00:00
70,188,5,2025-01-03 03:00:00
297,49,4,2025-01-03 04:00:00
447,65,1,2025-01-03 05:00:00
416,166,2,2025-01-03 06:00:00
20,83,4,2025-01-03 07:00:00
441,180,4,2025-01-03 08:00:00
226,1,4,2025-01-03 09:00:00
434,168,3,2025-01-03 10:00:00
464,81,2,2025-01-03 11:00:00
409,21,2,2025-01-03 12:00:00
396,86,2,2025-01-03 13:00:00
199,15,1,2025-01-03 14:00:00
39,50,4,2025-01-03 15:00:00
145,48,2,2025-01-03 16:00:00
45,160,5,2025-01-03 17:00:00
395,49,3,2025-01-03 18:00:00
326,196,1,2025-01-03 19:00:00
381,108,3,2025-01-03 20:00:00
407,45,4,2025-01-03 21:00:00
91,32,5,2025-01-03 22:00:00
238,132,4,2025-01-03 23:00:00
70,193,2,2025-01-04 00:00:00
166,97,3,2025-01-04 01:00:00
130,199,5,2025-01-04 02:00:00
214,193,3,2025-01-04 03:00:00
340,80,1,2025-01-04 04:00:00
89,146,5,2025-01-04 05:00:00
335,54,1,2025-01-04 06:00:00
252,127,5,2025-01-04 07:00:00
369,175,2,2025-01-04 08:00:00
349,134,3,2025-01-04 09:00:00
72,66,3,2025-01-04 10:00:00
165,137,4,2025-01-04 11:00:00
49,196,5,2025-01-04 12:00:00
52,109,5,2025-01-04 13:00:00
289,23,1,2025-01-04 14:00:00
278,107,5,2025-01-04 15:00:00
114,171,3,2025-01-04 16:00:00
239,51,5,2025-01-04 17:00:00
133,72,4,2025-01-04 18:00:00
487,103,4,2025-01-04 19:00:00
274,153,3,2025-01-04 20:00:00
166,80,3,2025-01-04 21:00:00
374,163,3,2025-01-04 22:00:00
373,145,5,2025-01-04 23:00:00
293,18,5,2025-01-05 00:00:00
478,155,2,2025-01-05 01:00:00
243,143,1,2025-01-05 02:00:00
479,81,5,2025-01-05 03:00:00
320,107,2,2025-01-05 04:00:00
138,69,2,2025-01-05 05:00:00
79,80,4,2025-01-05 06:00:00
170,143,5,2025-01-05 07:00:00
123,42,2,2025-01-05 08:00:00
176,34,4,2025-01-05 09:00:00
300,48,1,2025-01-05 10:00:00
82,136,4,2025-01-05 11:00:00
87,138,1,2025-01-05 12:00:00
225,5,3,2025-01-05 13:00:00
16,116,3,2025-01-05 14:00:00
310,176,4,2025-01-05 15:00:00
358,117,3,2025-01-05 16:00:00
163,154,5,2025-01-05 17:00:00
98,108,4,2025-01-05 18:00:00
156,23,2,2025-01-05 19:00:00
2,62,5,2025-01-05 20:00:00
350,13,4,2025-01-05 21:00:00
397,137,1,2025-01-05 22:00:00
169,20,3,2025-01-05 23:00:00
464,92,3,2025-01-06 00:00:00
315,108,3,2025-01-06 01:00:00
325,185,4,2025-01-06 02:00:00
375,152,5,2025-01-06 03:00:00
92,108,1,2025-01-06 04:00:00
181,33,3,2025-01-06 05:00:00
231,148,5,2025-01-06 06:00:00
301,188,2,2025-01-06 07:00:00
148,176,2,2025-01-06 08:00:00
280,64,1,2025-01-06 09:00:00
189,30,3,2025-01-06 10:00:00
347,108,2,2025-01-06 11:00:00
350,73,5,2025-01-06 12:00:00
314,109,5,2025-01-06 13:00:00
493,145,2,2025-01-06 14:00:00
411,100,3,2025-01-06 15:00:00
410,14,1,2025-01-06 16:00:00
128,19,3,2025-01-06 17:00:00
7,71,4,2025-01-06 18:00:00
426,59,2,2025-01-06 19:00:00
47,195,4,2025-01-06 20:00:00
53,97,2,2025-01-06 21:00:00
187,44,1,2025-01-06 22:00:00
38,160,3,2025-01-06 23:00:00
453,111,3,2025-01-07 00:00:00
471,11,2,2025-01-07 01:00:00
476,106,5,2025-01-07 02:00:00
226,2,4,2025-01-07 03:00:00
53,125,3,2025-01-07 04:00:00
399,196,3,2025-01-07 05:00:00
224,145,2,2025-01-07 06:00:00
154,94,5,2025-01-07 07:00:00
48,168,4,2025-01-07 08:00:00
351,174,5,2025-01-07 09:00:00
147,93,5,2025-01-07 10:00:00
393,4,2,2025-01-07 11:00:00
64,166,5,2025-01-07 12:00:00
349,63,4,2025-01-07 13:00:00
182,29,1,2025-01-07 14:00:00
125,19,1,2025-01-07 15:00:00
179,91,4,2025-01-07 16:00:00
39,29,2,2025-01-07 17:00:00
260,163,3,2025-01-07 18:00:00
382,116,2,2025-01-07 19:00:00
3,70,4,2025-01-07 20:00:00
64,123,5,2025-01-07 21:00:00
29,23,1,2025-01-07 22:00:00
372,46,5,2025-01-07 23:00:00
11,172,2,2025-01-08 00:00:00
97,176,4,2025-01-08 01:00:00
358,180,1,2025-01-08 02:00:00
442,8,4,2025-01-08 03:00:00
203,183,1,2025-01-08 04:00:00
411,66,1,2025-01-08 05:00:00
481,168,1,2025-01-08 06:00:00
21,159,2,2025-01-08 07:00:00
39,176,4,2025-01-08 08:00:00
223,100,3,2025-01-08 09:00:00
102,61,3,2025-01-08 10:00:00
46,112,3,2025-01-08 11:00:00
66,52,4,2025-01-08 12:00:00
91,166,5,2025-01-08 13:00:00
164,36,4,2025-01-08 14:00:00
459,112,1,2025-01-08 15:00:00
111,87,5,2025-01-08 16:00:00
338,183,1,2025-01-08 17:00:00
123,85,1,2025-01-08 18:00:00
193,13,4,2025-01-08 19:00:00
447,165,3,2025-01-08 20:00:00
99,47,5,2025-01-08 21:00:00
291,90,2,2025-01-08 22:00:00
159,199,3,2025-01-08 23:00:00
412,22,2,2025-01-09 00:00:00
103,167,4,2025-01-09 01:00:00
385,58,5,2025-01-09 02:00:00
281,30,4,2025-01-09 03:00:00
43,146,2,2025-01-09 04:00:00
486,106,1,2025-01-09 05:00:00
84,146,4,2025-01-09 06:00:00
451,74,5,2025-01-09 07:00:00
191,167,4,2025-01-09 08:00:00
51,94,3,2025-01-09 09:00:00
386,154,4,2025-01-09 10:00:00
210,71,2,2025-01-09 11:00:00
126,7,4,2025-01-09 12:00:00
492,197,5,2025-01-09 13:00:00
448,65,4,2025-01-09 14:00:00
458,46,4,2025-01-09 15:00:00
69,18,5,2025-01-09 16:00:00
265,141,4,2025-01-09 17:00:00
258,153,5,2025-01-09 18:00:00
418,8,2,2025-01-09 19:00:00
188,74,5,2025-01-09 20:00:00
230,160,2,2025-01-09 21:00:00
189,145,2,2025-01-09 22:00:00
415,102,5,2025-01-09 23:00:00
10,79,4,2025-01-10 00:00:00
114,79,3,2025-01-10 01:00:00
76,121,5,2025-01-10 02:00:00
164,176,4,2025-01-10 03:00:00
85,63,2,2025-01-10 04:00:00
49,40,1,2025-01-10 05:00:00
495,84,3,2025-01-10 06:00:00
326,15,4,2025-01-10 07:00:00
496,99,3,2025-01-10 08:00:00
177,134,1,2025-01-10 09:00:00
387,121,1,2025-01-10 10:00:00
458,63,1,2025-01-10 11:00:00
389,136,5,2025-01-10 12:00:00
494,128,3,2025-01-10 13:00:00
218,112,5,2025-01-10 14:00:00
189,111,1,2025-01-10 15:00:00
469,32,4,2025-01-10 16:00:00
493,45,1,2025-01-10 17:00:00
346,122,5,2025-01-10 18:00:00
230,180,1,2025-01-10 19:00:00
255,82,1,2025-01-10 20:00:00
236,13,5,2025-01-10 21:00:00
26,24,5,2025-01-10 22:00:00
72,168,4,2025-01-10 23:00:00
261,14,5,2025-01-11 00:00:00
254,70,4,2025-01-11 01:00:00
271,62,2,2025-01-11 02:00:00
123,120,2,2025-01-11 03:00:00
144,89,5,2025-01-11 04:00:00
257,189,1,2025-01-11 05:00:00
144,1,3,2025-01-11 06:00:00
421,194,1,2025-01-11 07:00:00
259,126,5,2025-01-11 08:00:00
436,32,4,2025-01-11 09:00:00
47,141,1,2025-01-11 10:00:00
351,161,2,2025-01-11 11:00:00
13,32,5,2025-01-11 12:00:00
376,56,1,2025-01-11 13:00:00
208,152,1,2025-01-11 14:00:00
311,91,4,2025-01-11 15:00:00
235,4,4,2025-01-11 16:00:00
149,23,4,2025-01-11 17:00:00
322,29,3,2025-01-11 18:00:00
438,98,5,2025-01-11 19:00:00
155,149,5,2025-01-11 20:00:00
166,30,2,2025-01-11 21:00:00
90,90,2,2025-01-11 22:00:00
186,148,5,2025-01-11 23:00:00
318,144,1,2025-01-12 00:00:00
358,67,5,2025-01-12 01:00:00
174,177,3,2025-01-12 02:00:00
217,101,2,2025-01-12 03:00:00
395,58,2,2025-01-12 04:00:00
456,172,2,2025-01-12 05:00:00
264,25,5,2025-01-12 06:00:00
97,23,2,2025-01-12 07:00:00
117,187,2,2025-01-12 08:00:00
199,129,5,2025-01-12 09:00:00
320,97,1,2025-01-12 10:00:00
486,143,2,2025-01-12 11:00:00
21,128,2,2025-01-12 12:00:00
200,81,2,2025-01-12 13:00:00
371,180,3,2025-01-12 14:00:00
447,186,5,2025-01-12 15:00:00
341,169,2,2025-01-12 16:00:00
448,172,3,2025-01-12 17:00:00
248,4,1,2025-01-12 18:00:00
276,196,1,2025-01-12 19:00:00
264,135,3,2025-01-12 20:00:00
58,46,1,2025-01-12 21:00:00
302,9,4,2025-01-12 22:00:00
31,161,1,2025-01-12 23:00:00
498,33,4,2025-01-13 00:00:00
249,84,3,2025-01-13 01:00:00
93,132,4,2025-01-13 02:00:00
496,65,1,2025-01-13 03:00:00
265,106,2,2025-01-13 04:00:00
271,34,4,2025-01-13 05:00:00
94,85,1,2025-01-13 06:00:00
154,88,2,2025-01-13 07:00:00
394,192,3,2025-01-13 08:00:00
285,153,3,2025-01-13 09:00:00
80,55,5,2025-01-13 10:00:00
292,137,3,2025-01-13 11:00:00
84,17,5,2025-01-13 12:00:00
365,149,3,2025-01-13 13:00:00
374,188,3,2025-01-13 14:00:00
37,141,3,2025-01-13 15:00:00
342,131,5,2025-01-13 16:00:00
327,196,5,2025-01-13 17:00:00
407,4,4,2025-01-13 18:00:00
425,7,1,2025-01-13 19:00:00
232,26,1,2025-01-13 20:00:00
93,24,1,2025-01-13 21:00:00
336,10,3,2025-01-13 22:00:00
102,13,1,2025-01-13 23:00:00
412,125,5,2025-01-14 00:00:00
432,172,4,2025-01-14 01:00:00
166,39,2,2025-01-14 02:00:00
159,147,4,2025-01-14 03:00:00
14,179,1,2025-01-14 04:00:00
373,19,1,2025-01-14 05:00:00
225,76,5,2025-01-14 06:00:00
73,52,4,2025-01-14 07:00:00
249,175,5,2025-01-14 08:00:00
91,120,5,2025-01-14 09:00:00
216,158,2,2025-01-14 10:00:00
461,46,5,2025-01-14 11:00:00
90,149,5,2025-01-14 12:00:00
29,75,2,2025-01-14 13:00:00
435,124,3,2025-01-14 14:00:00
305,48,3,2025-01-14 15:00:00
427,62,2,2025-01-14 16:00:00
476,58,5,2025-01-14 17:00:00
220,18,1,2025-01-14 18:00:00
328,108,4,2025-01-14 19:00:00
215,187,1,2025-01-14 20:00:00
221,48,1,2025-01-14 21:00:00
389,63,5,2025-01-14 22:00:00
42,12,4,2025-01-14 23:00:00
135,34,4,2025-01-15 00:00:00
42,189,3,2025-01-15 01:00:00
164,102,2,2025-01-15 02:00:00
361,87,5,2025-01-15 03:00:00
283,181,4,2025-01-15 04:00:00
58,25,5,2025-01-15 05:00:00
302,190,3,2025-01-15 06:00:00
322,132,1,2025-01-15 07:00:00
25,141,4,2025-01-15 08:00:00
73,170,3,2025-01-15 09:00:00
373,49,5,2025-01-15 10:00:00
411,78,3,2025-01-15 11:00:00
129,184,3,2025-01-15 12:00:00
87,175,3,2025-01-15 13:00:00
330,136,3,2025-01-15 14:00:00
426,55,3,2025-01-15 15:00:00
436,18,3,2025-01-15 16:00:00
153,35,2,2025-01-15 17:00:00
182,160,5,2025-01-15 18:00:00
125,152,1,2025-01-15 19:00:00
67,7,5,2025-01-15 20:00:00
6,13,4,2025-01-15 21:00:00
125,126,4,2025-01-15 22:00:00
314,112,5,2025-01-15 23:00:00
326,69,3,2025-01-16 00:00:00
53,100,2,2025-01-16 01:00:00
66,90,1,2025-01-16 02:00:00
314,42,3,2025-01-16 03:00:00
82,109,5,2025-01-16 04:00:00
87,159,5,2025-01-16 05:00:00
2,110,2,2025-01-16 06:00:00
204,26,2,2025-01-16 07:00:00
150,76,5,2025-01-16 08:00:00
293,32,3,2025-01-16 09:00:00
404,91,3,2025-01-16 10:00:00
103,125,3,2025-01-16 11:00:00
24,126,1,2025-01-16 12:00:00
368,52,1,2025-01-16 13:00:00
212,148,3,2025-01-16 14:00:00
65,103,5,2025-01-16 15:00:00
449,105,2,2025-01-16 16:00:00
209,168,4,2025-01-16 17:00:00
251,187,2,2025-01-16 18:00:00
385,14,2,2025-01-16 19:00:00
117,172,4,2025-01-16 20:00:00
116,104,3,2025-01-16 21:00:00
237,117,2,2025-01-16 22:00:00
478,48,4,2025-01-16 23:00:00
105,93,5,2025-01-17 00:00:00
495,171,5,2025-01-17 01:00:00
259,144,5,2025-01-17 02:00:00
46,110,3,2025-01-17 03:00:00
311,163,2,2025-01-17 04:00:00
331,53,2,2025-01-17 05:00:00
216,162,1,2025-01-17 06:00:00
470,3,5,2025-01-17 07:00:00
448,68,3,2025-01-17 08:00:00
492,133,4,2025-01-17 09:00:00
301,138,3,2025-01-17 10:00:00
410,52,2,2025-01-17 11:00:00
333,157,5,2025-01-17 12:00:00
449,96,1,2025-01-17 13:00:00
24,31,3,2025-01-17 14:00:00
458,66,1,2025-01-17 15:00:00
35,91,2,2025-01-17 16:00:00
24,69,4,2025-01-17 17:00:00
28,165,3,2025-01-17 18:00:00
484,155,2,2025-01-17 19:00:00
464,87,5,2025-01-17 20:00:00
488,33,3,2025-01-17 21:00:00
16,68,1,2025-01-17 22:00:00
59,187,3,2025-01-17 23:00:00
465,192,2,2025-01-18 00:00:00
243,88,2,2025-01-18 01:00:00
438,172,1,2025-01-18 02:00:00
207,95,2,2025-01-18 03:00:00
400,108,3,2025-01-18 04:00:00
271,177,1,2025-01-18 05:00:00
249,53,2,2025-01-18 06:00:00
482,74,2,2025-01-18 07:00:00
267,49,3,2025-01-18 08:00:00
193,113,2,2025-01-18 09:00:00
335,114,3,2025-01-18 10:00:00
218,194,5,2025-01-18 11:00:00
115,95,3,2025-01-18 12:00:00
68,191,4,2025-01-18 13:00:00
299,25,2,2025-01-18 14:00:00
325,132,5,2025-01-18 15:00:00
483,179,1,2025-01-18 16:00:00
397,139,4,2025-01-18 17:00:00
394,145,1,2025-01-18 18:00:00
75,108,4,2025-01-18 19:00:00
466,194,5,2025-01-18 20:00:00
482,198,5,2025-01-18 21:00:00
103,69,5,2025-01-18 22:00:00
297,84,4,2025-01-18 23:00:00
490,157,3,2025-01-19 00:00:00
178,85,1,2025-01-19 01:00:00
215,119,3,2025-01-19 02:00:00
455,72,3,2025-01-19 03:00:00
315,20,2,2025-01-19 04:00:00
39,27,1,2025-01-19 05:00:00
259,8,4,2025-01-19 06:00:00
204,85,2,2025-01-19 07:00:00
7,61,2,2025-01-19 08:00:00
49,156,5,2025-01-19 09:00:00
26,198,4,2025-01-19 10:00:00
161,3,3,2025-01-19 11:00:00
357,197,3,2025-01-19 12:00:00
176,7,3,2025-01-19 13:00:00
79,188,5,2025-01-19 14:00:00
2,4,3,2025-01-19 15:00:00
489,133,1,2025-01-19 16:00:00
383,139,3,2025-01-19 17:00:00
455,125,3,2025-01-19 18:00:00
416,15,1,2025-01-19 19:00:00
132,192,5,2025-01-19 20:00:00
276,13,2,2025-01-19 21:00:00
498,118,4,2025-01-19 22:00:00
117,7,5,2025-01-19 23:00:00
164,104,3,2025-01-20 00:00:00
288,6,2,2025-01-20 01:00:00
28,184,4,2025-01-20 02:00:00
333,64,4,2025-01-20 03:00:00
1,178,4,2025-01-20 04:00:00
188,30,1,2025-01-20 05:00:00
56,22,1,2025-01-20 06:00:00
35,153,2,2025-01-20 07:00:00
112,156,3,2025-01-20 08:00:00
286,118,2,2025-01-20 09:00:00
310,84,3,2025-01-20 10:00:00
36,167,5,2025-01-20 11:00:00
439,195,4,2025-01-20 12:00:00
217,133,4,2025-01-20 13:00:00
80,193,1,2025-01-20 14:00:00
314,143,5,2025-01-20 15:00:00
83,90,5,2025-01-20 16:00:00
65,195,3,2025-01-20 17:00:00
325,168,5,2025-01-20 18:00:00
128,121,1,2025-01-20 19:00:00
307,106,3,2025-01-20 20:00:00
22,69,2,2025-01-20 21:00:00
216,95,3,2025-01-20 22:00:00
107,77,2,2025-01-20 23:00:00
109,171,3,2025-01-21 00:00:00
372,1,4,2025-01-21 01:00:00
357,150,2,2025-01-21 02:00:00
181,62,1,2025-01-21 03:00:00
356,154,2,2025-01-21 04:00:00
164,18,2,2025-01-21 05:00:00
68,48,3,2025-01-21 06:00:00
292,137,4,2025-01-21 07:00:00
180,1,3,2025-01-21 08:00:00
181,137,3,2025-01-21 09:00:00
466,151,4,2025-01-21 10:00:00
434,107,3,2025-01-21 11:00:00
464,173,4,2025-01-21 12:00:00
169,130,1,2025-01-21 13:00:00
402,142,4,2025-01-21 14:00:00
22,38,5,2025-01-21 15:00:00
66,40,4,2025-01-21 16:00:00
21,191,4,2025-01-21 17:00:00
100,82,5,2025-01-21 18:00:00
384,16,4,2025-01-21 19:00:00
300,127,2,2025-01-21 20:00:00
103,117,3,2025-01-21 21:00:00
47,93,3,2025-01-21 22:00:00
39,134,1,2025-01-21 23:00:00
285,3,1,2025-01-22 00:00:00
310,14,5,2025-01-22 01:00:00
90,66,2,2025-01-22 02:00:00
85,95,1,2025-01-22 03:00:00
273,86,3,2025-01-22 04:00:00
336,195,1,2025-01-22 05:00:00
188,114,1,2025-01-22 06:00:00
159,159,4,2025-01-22 07:00:00
243,161,1,2025-01-22 08:00:00
73,129,5,2025-01-22 09:00:00
479,172,3,2025-01-22 10:00:00
462,15,5,2025-01-22 11:00:00
49,37,5,2025-01-22 12:00:00
101,155,2,2025-01-22 13:00:00
2,176,4,2025-01-22 14:00:00
244,27,5,2025-01-22 15:00:00
176,12,2,2025-01-22 16:00:00
238,67,3,2025-01-22 17:00:00
398,30,3,2025-01-22 18:00:00
59,96,2,2025-01-22 19:00:00
353,194,5,2025-01-22 20:00:00
99,135,5,2025-01-22 21:00:00
442,34,4,2025-01-22 22:00:00
359,32,4,2025-01-22 23:00:00
442,117,3,2025-01-23 00:00:00
495,39,4,2025-01-23 01:00:00
435,96,2,2025-01-23 02:00:00
468,171,3,2025-01-23 03:00:00
2,171,5,2025-01-23 04:00:00
243,131,3,2025-01-23 05:00:00
297,174,1,2025-01-23 06:00:00
211,160,3,2025-01-23 07:00:00
123,43,4,2025-01-23 08:00:00
229,81,2,2025-01-23 09:00:00
82,3,5,2025-01-23 10:00:00
144,74,5,2025-01-23 11:00:00
388,117,4,2025-01-23 12:00:00
140,63,4,2025-01-23 13:00:00
29,111,4,2025-01-23 14:00:00
391,40,1,2025-01-23 15:00:00
270,18,2,2025-01-23 16:00:00
247,67,1,2025-01-23 17:00:00
12,103,4,2025-01-23 18:00:00
355,190,2,2025-01-23 19:00:00
389,138,4,2025-01-23 20:00:00
337,180,2,2025-01-23 21:00:00
106,46,5,2025-01-23 22:00:00
32,55,1,2025-01-23 23:00:00
74,174,4,2025-01-24 00:00:00
171,75,4,2025-01-24 01:00:00
337,188,3,2025-01-24 02:00:00
69,97,5,2025-01-24 03:00:00
301,26,4,2025-01-24 04:00:00
362,155,1,2025-01-24 05:00:00
137,166,5,2025-01-24 06:00:00
433,22,4,2025-01-24 07:00:00
417,26,1,2025-01-24 08:00:00
484,197,3,2025-01-24 09:00:00
100,163,3,2025-01-24 10:00:00
146,194,1,2025-01-24 11:00:00
9,73,5,2025-01-24 12:00:00
62,115,1,2025-01-24 13:00:00
185,51,1,2025-01-24 14:00:00
29,113,3,2025-01-24 15:00:00
381,146,3,2025-01-24 16:00:00
114,171,3,2025-01-24 17:00:00
462,12,4,2025-01-24 18:00:00
409,3,4,2025-01-24 19:00:00
143,120,2,2025-01-24 20:00:00
390,135,4,2025-01-24 21:00:00
120,134,5,2025-01-24 22:00:00
170,82,5,2025-01-24 23:00:00
157,45,3,2025-01-25 00:00:00
335,127,1,2025-01-25 01:00:00
349,86,3,2025-01-25 02:00:00
260,115,1,2025-01-25 03:00:00
82,167,3,2025-01-25 04:00:00
242,179,3,2025-01-25 05:00:00
441,9,5,2025-01-25 06:00:00
433,151,1,2025-01-25 07:00:00
172,12,2,2025-01-25 08:00:00
231,116,2,2025-01-25 09:00:00
208,88,3,2025-01-25 10:00:00
75,62,3,2025-01-25 11:00:00
270,104,5,2025-01-25 12:00:00
387,73,1,2025-01-25 13:00:00
499,77,3,2025-01-25 14:00:00
114,40,2,2025-01-25 15:00:00
62,182,1,2025-01-25 16:00:00
362,135,3,2025-01-25 17:00:00
320,17,1,2025-01-25 18:00:00
102,119,5,2025-01-25 19:00:00
429,126,2,2025-01-25 20:00:00
362,178,1,2025-01-25 21:00:00
210,24,2,2025-01-25 22:00:00
442,2,3,2025-01-25 23:00:00
255,92,4,2025-01-26 00:00:00
20,161,1,2025-01-26 01:00:00
58,149,2,2025-01-26 02:00:00
112,117,1,2025-01-26 03:00:00
473,53,3,2025-01-26 04:00:00
313,46,3,2025-01-26 05:00:00
486,45,2,2025-01-26 06:00:00
461,9,5,2025-01-26 07:00:00
196,6,1,2025-01-26 08:00:00
375,51,1,2025-01-26 09:00:00
462,119,3,2025-01-26 10:00:00
353,35,1,2025-01-26 11:00:00
92,82,2,2025-01-26 12:00:00
52,181,4,2025-01-26 13:00:00
293,147,3,2025-01-26 14:00:00
8,197,4,2025-01-26 15:00:00
300,25,1,2025-01-26 16:00:00
98,139,5,2025-01-26 17:00:00
236,17,2,2025-01-26 18:00:00
389,36,1,2025-01-26 19:00:00
374,96,2,2025-01-26 20:00:00
69,21,1,2025-01-26 21:00:00
415,18,1,2025-01-26 22:00:00
45,188,1,2025-01-26 23:00:00
137,146,3,2025-01-27 00:00:00
234,1,4,2025-01-27 01:00:00
32,142,5,2025-01-27 02:00:00
289,136,4,2025-01-27 03:00:00
126,194,4,2025-01-27 04:00:00
67,51,2,2025-01-27 05:00:00
30,79,3,2025-01-27 06:00:00
114,188,3,2025-01-27 07:00:00
204,162,1,2025-01-27 08:00:00
29,36,4,2025-01-27 09:00:00
131,62,5,2025-01-27 10:00:00
474,129,2,2025-01-27 11:00:00
185,85,3,2025-01-27 12:00:00
253,42,1,2025-01-27 13:00:00
286,1,5,2025-01-27 14:00:00
393,54,4,2025-01-27 15:00:00
410,175,5,2025-01-27 16:00:00
386,100,3,2025-01-27 17:00:00
62,39,2,2025-01-27 18:00:00
3,158,4,2025-01-27 19:00:00
430,7,2,2025-01-27 20:00:00
68,150,5,2025-01-27 21:00:00
25,121,5,2025-01-27 22:00:00
179,178,1,2025-01-27 23:00:00
141,45,4,2025-01-28 00:00:00
231,74,5,2025-01-28 01:00:00
300,120,3,2025-01-28 02:00:00
163,72,3,2025-01-28 03:00:00
311,138,2,2025-01-28 04:00:00
471,142,3,2025-01-28 05:00:00
393,46,5,2025-01-28 06:00:00
130,123,3,2025-01-28 07:00:00
445,118,4,2025-01-28 08:00:00
246,75,2,2025-01-28 09:00:00
297,6,4,2025-01-28 10:00:00
172,21,5,2025-01-28 11:00:00
64,190,5,2025-01-28 12:00:00
31,147,3,2025-01-28 13:00:00
492,103,1,2025-01-28 14:00:00
47,88,1,2025-01-28 15:00:00
130,99,5,2025-01-28 16:00:00
352,62,5,2025-01-28 17:00:00
466,107,2,2025-01-28 18:00:00
333,83,5,2025-01-28 19:00:00
110,181,5,2025-01-28 20:00:00
69,152,2,2025-01-28 21:00:00
58,56,4,2025-01-28 22:00:00
106,190,4,2025-01-28 23:00:00
300,162,2,2025-01-29 00:00:00
330,22,2,2025-01-29 01:00:00
256,68,4,2025-01-29 02:00:00
312,185,4,2025-01-29 03:00:00
171,10,4,2025-01-29 04:00:00
383,66,4,2025-01-29 05:00:00
473,8,3,2025-01-29 06:00:00
162,123,2,2025-01-29 07:00:00
485,38,1,2025-01-29 08:00:00
286,123,3,2025-01-29 09:00:00
71,62,1,2025-01-29 10:00:00
255,156,1,2025-01-29 11:00:00
454,138,5,2025-01-29 12:00:00
374,45,2,2025-01-29 13:00:00
55,65,3,2025-01-29 14:00:00
323,67,2,2025-01-29 15:00:00
397,137,4,2025-01-29 16:00:00
3,133,2,2025-01-29 17:00:00
26,106,1,2025-01-29 18:00:00
313,138,4,2025-01-29 19:00:00
126,140,2,2025-01-29 20:00:00
408,82,2,2025-01-29 21:00:00
53,58,1,2025-01-29 22:00:00
198,149,4,2025-01-29 23:00:00
299,149,1,2025-01-30 00:00:00
188,193,2,2025-01-30 01:00:00
186,131,3,2025-01-30 02:00:00
305,69,3,2025-01-30 03:00:00
298,89,5,2025-01-30 04:00:00
204,64,3,2025-01-30 05:00:00
497,177,4,2025-01-30 06:00:00
484,72,5,2025-01-30 07:00:00
450,17,4,2025-01-30 08:00:00
11,73,3,2025-01-30 09:00:00
359,160,3,2025-01-30 10:00:00
354,70,2,2025-01-30 11:00:00
474,113,4,2025-01-30 12:00:00
146,21,1,2025-01-30 13:00:00
85,135,2,2025-01-30 14:00:00
100,7,4,2025-01-30 15:00:00
104,111,5,2025-01-30 16:00:00
436,27,4,2025-01-30 17:00:00
46,8,5,2025-01-30 18:00:00
44,28,5,2025-01-30 19:00:00
278,194,3,2025-01-30 20:00:00
181,199,1,2025-01-30 21:00:00
187,47,4,2025-01-30 22:00:00
478,86,1,2025-01-30 23:00:00
114,10,5,2025-01-31 00:00:00
491,114,3,2025-01-31 01:00:00
255,33,1,2025-01-31 02:00:00
381,135,2,2025-01-31 03:00:00
380,131,5,2025-01-31 04:00:00
30,14,2,2025-01-31 05:00:00
264,172,1,2025-01-31 06:00:00
98,46,1,2025-01-31 07:00:00
313,61,1,2025-01-31 08:00:00
367,164,4,2025-01-31 09:00:00
329,13,5,2025-01-31 10:00:00
115,16,5,2025-01-31 11:00:00
276,133,5,2025-01-31 12:00:00
488,38,4,2025-01-31 13:00:00
281,178,1,2025-01-31 14:00:00
275,38,1,2025-01-31 15:00:00
261,103,2,2025-01-31 16:00:00
331,56,4,2025-01-31 17:00:00
207,63,3,2025-01-31 18:00:00
384,120,4,2025-01-31 19:00:00
328,48,2,2025-01-31 20:00:00
211,105,2,2025-01-31 21:00:00
215,59,2,2025-01-31 22:00:00
411,77,1,2025-01-31 23:00:00
40,172,3,2025-02-01 00:00:00
480,127,2,2025-02-01 01:00:00
26,55,5,2025-02-01 02:00:00
27,55,1,2025-02-01 03:00:00
190,129,3,2025-02-01 04:00:00
83,136,5,2025-02-01 05:00:00
384,127,3,2025-02-01 06:00:00
434,132,3,2025-02-01 07:00:00
170,85,5,2025-02-01 08:00:00
413,115,4,2025-02-01 09:00:00
167,181,3,2025-02-01 10:00:00
188,58,4,2025-02-01 11:00:00
169,37,3,2025-02-01 12:00:00
289,49,5,2025-02-01 13:00:00
467,67,3,2025-02-01 14:00:00
229,19,2,2025-02-01 15:00:00
467,129,2,2025-02-01 16:00:00
97,29,3,2025-02-01 17:00:00
367,87,5,2025-02-01 18:00:00
16,33,5,2025-02-01 19:00:00
279,119,1,2025-02-01 20:00:00
135,180,5,2025-02-01 21:00:00
26,169,4,2025-02-01 22:00:00
352,151,3,2025-02-01 23:00:00
12,133,2,2025-02-02 00:00:00
72,71,5,2025-02-02 01:00:00
133,185,2,2025-02-02 02:00:00
106,134,1,2025-02-02 03:00:00
220,177,3,2025-02-02 04:00:00
373,22,5,2025-02-02 05:00:00
453,77,2,2025-02-02 06:00:00
177,4,5,2025-02-02 07:00:00
282,72,1,2025-02-02 08:00:00
133,192,2,2025-02-02 09:00:00
22,165,2,2025-02-02 10:00:00
463,159,3,2025-02-02 11:00:00
269,165,3,2025-02-02 12:00:00
412,128,2,2025-02-02 13:00:00
161,45,3,2025-02-02 14:00:00
107,136,2,2025-02-02 15:00:00
279,168,4,2025-02-02 16:00:00
353,93,5,2025-02-02 17:00:00
235,5,4,2025-02-02 18:00:00
18,156,4,2025-02-02 19:00:00
242,104,5,2025-02-02 20:00:00
117,81,2,2025-02-02 21:00:00
286,87,2,2025-02-02 22:00:00
282,137,3,2025-02-02 23:00:00
144,130,1,2025-02-03 00:00:00
205,63,2,2025-02-03 01:00:00
39,51,5,2025-02-03 02:00:00
417,116,1,2025-02-03 03:00:00
154,113,5,2025-02-03 04:00:00
176,31,5,2025-02-03 05:00:00
449,7,5,2025-02-03 06:00:00
241,158,1,2025-02-03 07:00:00
422,186,4,2025-02-03 08:00:00
386,3,5,2025-02-03 09:00:00
369,51,3,2025-02-03 10:00:00
134,56,2,2025-02-03 11:00:00
46,73,2,2025-02-03 12:00:00
50,10,2,2025-02-03 13:00:00
166,61,1,2025-02-03 14:00:00
106,50,3,2025-02-03 15:00:00
216,122,3,2025-02-03 16:00:00
146,175,3,2025-02-03 17:00:00
411,1,3,2025-02-03 18:00:00
425,185,3,2025-02-03 19:00:00
72,38,4,2025-02-03 20:00:00
476,190,3,2025-02-03 21:00:00
330,79,3,2025-02-03 22:00:00
273,89,1,2025-02-03 23:00:00
247,198,1,2025-02-04 00:00:00
446,82,3,2025-02-04 01:00:00
413,193,4,2025-02-04 02:00:00
186,190,3,2025-02-04 03:00:00
70,184,3,2025-02-04 04:00:00
462,67,3,2025-02-04 05:00:00
150,17,5,2025-02-04 06:00:00
246,127,4,2025-02-04 07:00:00
262,112,2,2025-02-04 08:00:00
26,136,3,2025-02-04 09:00:00
423,60,2,2025-02-04 10:00:00
140,40,4,2025-02-04 11:00:00
99,89,3,2025-02-04 12:00:00
398,190,2,2025-02-04 13:00:00
278,41,2,2025-02-04 14:00:00
51,140,4,2025-02-04 15:00:00
151,115,3,2025-02-04 16:00:00
432,100,5,2025-02-04 17:00:00
455,117,4,2025-02-04 18:00:00
104,182,5,2025-02-04 19:00:00
434,89,3,2025-02-04 20:00:00
89,93,2,2025-02-04 21:00:00
141,139,4,2025-02-04 22:00:00
213,60,4,2025-02-04 23:00:00
233,68,4,2025-02-05 00:00:00
394,78,1,2025-02-05 01:00:00
183,46,3,2025-02-05 02:00:00
251,38,1,2025-02-05 03:00:00
9,189,4,2025-02-05 04:00:00
79,17,4,2025-02-05 05:00:00
52,66,5,2025-02-05 06:00:00
386,200,1,2025-02-05 07:00:00
409,36,2,2025-02-05 08:00:00
269,74,3,2025-02-05 09:00:00
226,7,2,2025-02-05 10:00:00
51,16,2,2025-02-05 11:00:00
186,14,3,2025-02-05 12:00:00
34,80,4,2025-02-05 13:00:00
291,25,5,2025-02-05 14:00:00
230,105,4,2025-02-05 15:00:00
131,4,4,2025-02-05 16:00:00
490,157,1,2025-02-05 17:00:00
120,127,2,2025-02-05 18:00:00
443,56,2,2025-02-05 19:00:00
326,6,2,2025-02-05 20:00:00
247,129,5,2025-02-05 21:00:00
432,167,5,2025-02-05 22:00:00
192,129,5,2025-02-05 23:00:00
497,115,3,2025-02-06 00:00:00
403,191,5,2025-02-06 01:00:00
323,57,1,2025-02-06 02:00:00
210,195,1,2025-02-06 03:00:00
103,65,4,2025-02-06 04:00:00
329,65,4,2025-02-06 05:00:00
372,103,4,2025-02-06 06:00:00
460,21,4,2025-02-06 07:00:00
133,158,1,2025-02-06 08:00:00
323,33,4,2025-02-06 09:00:00
139,176,1,2025-02-06 10:00:00
121,22,5,2025-02-06 11:00:00
94,182,5,2025-02-06 12:00:00
452,110,3,2025-02-06 13:00:00
453,4,4,2025-02-06 14:00:00
129,183,5,2025-02-06 15:00:00
91,172,5,2025-02-06 16:00:00
92,140,2,2025-02-06 17:00:00
63,74,2,2025-02-06 18:00:00
29,119,1,2025-02-06 19:00:00
210,180,3,2025-02-06 20:00:00
12,93,2,2025-02-06 21:00:00
333,65,3,2025-02-06 22:00:00
297,65,5,2025-02-06 23:00:00
130,10,1,2025-02-07 00:00:00
293,146,3,2025-02-07 01:00:00
173,47,2,2025-02-07 02:00:00
208,66,5,2025-02-07 03:00:00
432,49,4,2025-02-07 04:00:00
24,200,5,2025-02-07 05:00:00
99,22,2,2025-02-07 06:00:00
406,86,2,2025-02-07 07:00:00
356,26,4,2025-02-07 08:00:00
139,137,5,2025-02-07 09:00:00
314,149,3,2025-02-07 10:00:00
174,95,3,2025-02-07 11:00:00
29,191,5,2025-02-07 12:00:00
419,107,3,2025-02-07 13:00:00
496,134,5,2025-02-07 14:00:00
143,14,5,2025-02-07 15:00:00
316,161,2,2025-02-07 16:00:00
351,71,1,2025-02-07 17:00:00
42,152,2,2025-02-07 18:00:00
489,75,3,2025-02-07 19:00:00
299,120,1,2025-02-07 20:00:00
208,112,5,2025-02-07 21:00:00
330,51,3,2025-02-07 22:00:00
433,130,4,2025-02-07 23:00:00
192,143,3,2025-02-08 00:00:00
160,163,1,2025-02-08 01:00:00
64,36,1,2025-02-08 02:00:00
243,118,5,2025-02-08 03:00:00
258,167,4,2025-02-08 04:00:00
152,4,5,2025-02-08 05:00:00
215,192,4,2025-02-08 06:00:00
322,6,4,2025-02-08 07:00:00
166,185,5,2025-02-08 08:00:00
31,158,3,2025-02-08 09:00:00
371,110,2,2025-02-08 10:00:00
232,99,4,2025-02-08 11:00:00
282,122,1,2025-02-08 12:00:00
29,117,5,2025-02-08 13:00:00
195,96,3,2025-02-08 14:00:00
334,67,4,2025-02-08 15:00:00
256,120,3,2025-02-08 16:00:00
281,15,5,2025-02-08 17:00:00
304,17,1,2025-02-08 18:00:00
321,18,4,2025-02-08 19:00:00
437,115,4,2025-02-08 20:00:00
323,147,3,2025-02-08 21:00:00
346,76,5,2025-02-08 22:00:00
402,88,2,2025-02-08 23:00:00
393,197,4,2025-02-09 00:00:00
294,152,1,2025-02-09 01:00:00
87,91,4,2025-02-09 02:00:00
149,48,4,2025-02-09 03:00:00
249,158,2,2025-02-09 04:00:00
321,15,2,2025-02-09 05:00:00
405,175,5,2025-02-09 06:00:00
283,123,4,2025-02-09 07:00:00
362,127,4,2025-02-09 08:00:00
379,172,3,2025-02-09 09:00:00
198,98,3,2025-02-09 10:00:00
44,155,1,2025-02-09 11:00:00
356,84,1,2025-02-09 12:00:00
28,192,3,2025-02-09 13:00:00
429,41,1,2025-02-09 14:00:00
17,96,4,2025-02-09 15:00:00
127,68,2,2025-02-09 16:00:00
379,5,4,2025-02-09 17:00:00
168,53,3,2025-02-09 18:00:00
244,122,5,2025-02-09 19:00:00
387,136,5,2025-02-09 20:00:00
76,22,3,2025-02-09 21:00:00
231,106,4,2025-02-09 22:00:00
204,7,1,2025-02-09 23:00:00
450,150,1,2025-02-10 00:00:00
248,46,5,2025-02-10 01:00:00
302,30,3,2025-02-10 02:00:00
214,126,3,2025-02-10 03:00:00
215,101,2,2025-02-10 04:00:00
158,144,5,2025-02-10 05:00:00
69,79,3,2025-02-10 06:00:00
393,133,2,2025-02-10 07:00:00
85,67,1,2025-02-10 08:00:00
267,23,5,2025-02-10 09:00:00
69,189,5,2025-02-10 10:00:00
99,74,3,2025-02-10 11:00:00
347,5,3,2025-02-10 12:00:00
497,151,4,2025-02-10 13:00:00
450,82,1,2025-02-10 14:00:00
216,25,1,2025-02-10 15:00:00
415,8,2,2025-02-10 16:00:00
161,149,2,2025-02-10 17:00:00
423,2,4,2025-02-10 18:00:00
94,22,1,2025-02-10 19:00:00
174,72,2,2025-02-10 20:00:00
165,87,1,2025-02-10 21:00:00
115,72,1,2025-02-10 22:00:00
220,68,2,2025-02-10 23:00:00
444,64,3,2025-02-11 00:00:00
31,94,3,2025-02-11 01:00:00
11,19,2,2025-02-11 02:00:00
343,128,4,2025-02-11 03:00:00
377,87,5,2025-02-11 04:00:00
130,82,1,2025-02-11 05:00:00
488,181,5,2025-02-11 06:00:00
105,87,2,2025-02-11 07:00:00
27,97,1,2025-02-11 08:00:00
227,52,5,2025-02-11 09:00:00
2,175,3,2025-02-11 10:00:00
359,82,4,2025-02-11 11:00:00
101,182,5,2025-02-11 12:00:00
21,172,4,2025-02-11 13:00:00
58,97,3,2025-02-11 14:00:00
389,135,5,2025-02-11 15:00:00
180,115,2,2025-02-11 16:00:00
429,92,1,2025-02-11 17:00:00
341,1,3,2025-02-11 18:00:00
349,63,4,2025-02-11 19:00:00
20,167,4,2025-02-11 20:00:00
255,19,3,2025-02-11 21:00:00
317,31,2,2025-02-11 22:00:00
38,77,2,2025-02-11 23:00:00
148,121,4,2025-02-12 00:00:00
498,24,3,2025-02-12 01:00:00
25,69,3,2025-02-12 02:00:00
386,193,1,2025-02-12 03:00:00
121,161,4,2025-02-12 04:00:00
416,59,2,2025-02-12 05:00:00
26,114,5,2025-02-12 06:00:00
454,161,2,2025-02-12 07:00:00
169,160,2,2025-02-12 08:00:00
323,187,5,2025-02-12 09:00:00
225,101,4,2025-02-12 10:00:00
1,169,1,2025-02-12 11:00:00
307,12,2,2025-02-12 12:00:00
261,119,2,2025-02-12 13:00:00
13,139,4,2025-02-12 14:00:00
403,97,4,2025-02-12 15:00:00
396,147,3,2025-02-12 16:00:00
48,182,4,2025-02-12 17:00:00
409,57,4,2025-02-12 18:00:00
313,42,2,2025-02-12 19:00:00
371,98,1,2025-02-12 20:00:00
291,199,2,2025-02-12 21:00:00
332,31,4,2025-02-12 22:00:00
94,180,3,2025-02-12 23:00:00
261,2,1,2025-02-13 00:00:00
482,166,3,2025-02-13 01:00:00
278,32,5,2025-02-13 02:00:00
359,138,3,2025-02-13 03:00:00
205,105,3,2025-02-13 04:00:00
185,136,4,2025-02-13 05:00:00
175,75,4,2025-02-13 06:00:00
438,105,4,2025-02-13 07:00:00
387,148,4,2025-02-13 08:00:00
380,148,4,2025-02-13 09:00:00
309,127,3,2025-02-13 10:00:00
468,9,5,2025-02-13 11:00:00
415,200,4,2025-02-13 12:00:00
69,15,5,2025-02-13 13:00:00
472,97,5,2025-02-13 14:00:00
104,105,2,2025-02-13 15:00:00
246,63,2,2025-02-13 16:00:00
161,21,1,2025-02-13 17:00:00
200,5,2,2025-02-13 18:00:00
216,125,4,2025-02-13 19:00:00
434,163,5,2025-02-13 20:00:00
212,85,1,2025-02-13 21:00:00
16,196,2,2025-02-13 22:00:00
498,113,3,2025-02-13 23:00:00
372,176,1,2025-02-14 00:00:00
332,80,4,2025-02-14 01:00:00
205,190,5,2025-02-14 02:00:00
365,116,4,2025-02-14 03:00:00
490,163,4,2025-02-14 04:00:00
39,198,3,2025-02-14 05:00:00
89,97,3,2025-02-14 06:00:00
430,21,5,2025-02-14 07:00:00
256,80,2,2025-02-14 08:00:00
480,39,4,2025-02-14 09:00:00
254,162,2,2025-02-14 10:00:00
216,121,5,2025-02-14 11:00:00
368,124,4,2025-02-14 12:00:00
303,143,2,2025-02-14 13:00:00
172,6,4,2025-02-14 14:00:00
137,194,3,2025-02-14 15:00:00
488,56,3,2025-02-14 16:00:00
498,49,1,2025-02-14 17:00:00
471,92,5,2025-02-14 18:00:00
384,129,2,2025-02-14 19:00:00
178,65,4,2025-02-14 20:00:00
77,28,1,2025-02-14 21:00:00
188,100,5,2025-02-14 22:00:00
480,148,5,2025-02-14 23:00:00
498,176,5,2025-02-15 00:00:00
15,72,2,2025-02-15 01:00:00
292,65,3,2025-02-15 02:00:00
497,51,1,2025-02-15 03:00:00
319,171,2,2025-02-15 04:00:00
325,49,4,2025-02-15 05:00:00
214,153,2,2025-02-15 06:00:00
208,74,4,2025-02-15 07:00:00
169,169,4,2025-02-15 08:00:00
330,199,5,2025-02-15 09:00:00
280,192,2,2025-02-15 10:00:00
466,189,3,2025-02-15 11:00:00
305,12,4,2025-02-15 12:00:00
146,104,5,2025-02-15 13:00:00
263,81,3,2025-02-15 14:00:00
4,197,2,2025-02-15 15:00:00
90,127,3,2025-02-15 16:00:00
453,14,2,2025-02-15 17:00:00
60,34,4,2025-02-15 18:00:00
311,48,1,2025-02-15 19:00:00
16,61,1,2025-02-15 20:00:00
227,35,4,2025-02-15 21:00:00
474,119,3,2025-02-15 22:00:00
466,65,2,2025-02-15 23:00:00
29,59,1,2025-02-16 00:00:00
151,36,2,2025-02-16 01:00:00
245,147,4,2025-02-16 02:00:00
270,42,3,2025-02-16 03:00:00
79,69,2,2025-02-16 04:00:00
433,147,3,2025-02-16 05:00:00
289,107,1,2025-02-16 06:00:00
153,39,2,2025-02-16 07:00:00
277,69,5,2025-02-16 08:00:00
401,180,1,2025-02-16 09:00:00
279,12,3,2025-02-16 10:00:00
57,83,4,2025-02-16 11:00:00
491,175,5,2025-02-16 12:00:00
465,36,2,2025-02-16 13:00:00
186,126,1,2025-02-16 14:00:00
398,63,2,2025-02-16 15:00:00
93,76,2,2025-02-16 16:00:00
276,82,5,2025-02-16 17:00:00
158,51,5,2025-02-16 18:00:00
275,43,5,2025-02-16 19:00:00
181,34,5,2025-02-16 20:00:00
359,97,4,2025-02-16 21:00:00
440,49,3,2025-02-16 22:00:00
77,146,5,2025-02-16 23:00:00
466,125,1,2025-02-17 00:00:00
151,189,2,2025-02-17 01:00:00
446,57,5,2025-02-17 02:00:00
238,93,1,2025-02-17 03:00:00
289,109,4,2025-02-17 04:00:00
231,5,1,2025-02-17 05:00:00
488,24,1,2025-02-17 06:00:00
18,192,4,2025-02-17 07:00:00
73,59,4,2025-02-17 08:00:00
417,38,2,2025-02-17 09:00:00
416,161,5,2025-02-17 10:00:00
189,10,1,2025-02-17 11:00:00
438,165,3,2025-02-17 12:00:00
17,126,3,2025-02-17 13:00:00
19,11,2,2025-02-17 14:00:00
219,24,3,2025-02-17 15:00:00
326,88,2,2025-02-17 16:00:00
483,199,5,2025-02-17 17:00:00
120,114,2,2025-02-17 18:00:00
101,21,4,2025-02-17 19:00:00
34,148,4,2025-02-17 20:00:00
84,10,4,2025-02-17 21:00:00
409,175,4,2025-02-17 22:00:00
196,175,4,2025-02-17 23:00:00
330,143,4,2025-02-18 00:00:00
202,172,4,2025-02-18 01:00:00
344,190,4,2025-02-18 02:00:00
341,134,4,2025-02-18 03:00:00
11,66,5,2025-02-18 04:00:00
347,122,4,2025-02-18 05:00:00
400,132,2,2025-02-18 06:00:00
218,23,5,2025-02-18 07:00:00
445,13,3,2025-02-18 08:00:00
253,159,1,2025-02-18 09:00:00
222,16,5,2025-02-18 10:00:00
383,41,4,2025-02-18 11:00:00
369,1,5,2025-02-18 12:00:00
80,111,1,2025-02-18 13:00:00
7,12,1,2025-02-18 14:00:00
272,119,4,2025-02-18 15:00:00
227,184,4,2025-02-18 16:00:00
16,178,2,2025-02-18 17:00:00
424,20,1,2025-02-18 18:00:00
12,194,4,2025-02-18 19:00:00
291,36,1,2025-02-18 20:00:00
241,79,2,2025-02-18 21:00:00
21,166,3,2025-02-18 22:00:00
178,150,1,2025-02-18 23:00:00
427,108,2,2025-02-19 00:00:00
228,189,2,2025-02-19 01:00:00
496,178,2,2025-02-19 02:00:00
273,96,5,2025-02-19 03:00:00
288,59,4,2025-02-19 04:00:00
297,20,1,2025-02-19 05:00:00
134,164,5,2025-02-19 06:00:00
472,126,1,2025-02-19 07:00:00
283,97,5,2025-02-19 08:00:00
404,143,4,2025-02-19 09:00:00
153,62,2,2025-02-19 10:00:00
66,131,1,2025-02-19 11:00:00
137,93,2,2025-02-19 12:00:00
92,91,4,2025-02-19 13:00:00
437,133,1,2025-02-19 14:00:00
317,123,3,2025-02-19 15:00:00
422,184,3,2025-02-19 16:00:00
259,159,3,2025-02-19 17:00:00
468,86,4,2025-02-19 18:00:00
454,163,3,2025-02-19 19:00:00
103,118,1,2025-02-19 20:00:00
481,199,3,2025-02-19 21:00:00
55,198,1,2025-02-19 22:00:00
257,26,4,2025-02-19 23:00:00
101,118,2,2025-02-20 00:00:00
198,1,5,2025-02-20 01:00:00
301,7,3,2025-02-20 02:00:00
226,164,5,2025-02-20 03:00:00
431,76,2,2025-02-20 04:00:00
463,87,4,2025-02-20 05:00:00
237,153,4,2025-02-20 06:00:00
26,94,2,2025-02-20 07:00:00
121,187,5,2025-02-20 08:00:00
398,61,3,2025-02-20 09:00:00
182,29,1,2025-02-20 10:00:00
199,95,4,2025-02-20 11:00:00
302,18,2,2025-02-20 12:00:00
255,41,5,2025-02-20 13:00:00
122,147,3,2025-02-20 14:00:00
31,132,5,2025-02-20 15:00:00
